time,zone,T_model,T_ep
2017-08-01 00:15:00,1,301.26132627052124,298.99835892826786
2017-08-01 00:30:00,1,301.1891027735093,298.92947968824234
2017-08-01 00:45:00,1,301.11994330954883,298.8637063608523
2017-08-01 01:00:00,1,301.05231488509844,298.79962980130796
2017-08-01 01:15:00,1,300.9851024046186,298.73587937462827
2017-08-01 01:30:00,1,300.9177145422801,298.6715928962256
2017-08-01 01:45:00,1,300.8501135781943,298.6065709301641
2017-08-01 02:00:00,1,300.7825102220432,298.54102996539297
2017-08-01 02:15:00,1,300.7150938286179,298.47526392398555
2017-08-01 02:30:00,1,300.6481461771806,298.409693679531
2017-08-01 02:45:00,1,300.5824215197096,298.3451969831565
2017-08-01 03:00:00,1,300.518860990229,298.2830051234132
2017-08-01 03:15:00,1,300.4581571359596,298.22421449119116
2017-08-01 03:30:00,1,300.40058098326256,298.1692850432114
2017-08-01 03:45:00,1,300.345830874551,298.1177992265056
2017-08-01 04:00:00,1,300.29330821239864,298.0687675247065
2017-08-01 04:15:00,1,300.24248997579576,298.02122486106975
2017-08-01 04:30:00,1,300.1930771473487,297.97464971924836
2017-08-01 04:45:00,1,300.14497606020007,297.92900383770046
2017-08-01 05:00:00,1,300.09817794966824,297.88449223176576
2017-08-01 05:15:00,1,300.0526913145285,297.8413353493437
2017-08-01 05:30:00,1,300.00913717263836,297.8003526620832
2017-08-01 05:45:00,1,299.96993258612747,297.7638155952024
2017-08-01 06:00:00,1,299.93759058288543,297.734328478767
2017-08-01 06:15:00,1,299.91384813591975,297.7140049681892
2017-08-01 06:30:00,1,299.9000541067139,297.70410920857813
2017-08-01 06:45:00,1,299.8980929573259,297.7058564775482
2017-08-01 07:00:00,1,299.9097824068792,297.7203298584556
2017-08-01 07:15:00,1,299.9355501874562,297.7475049623813
2017-08-01 07:30:00,1,299.9748147367107,297.78564708555143
2017-08-01 07:45:00,1,300.0269102041951,297.83299812582413
2017-08-01 08:00:00,1,300.09105572648457,297.88806580599874
2017-08-01 08:15:00,1,300.1668482530226,297.948766160971
2017-08-01 08:30:00,1,300.25465730893,298.0128713564
2017-08-01 08:45:00,1,300.35549261613676,298.0871094083599
2017-08-01 09:00:00,1,300.47006095795814,298.17524268482657
2017-08-01 09:15:00,1,300.5980864683159,298.2758585147061
2017-08-01 09:30:00,1,300.7380628187456,298.38614754915966
2017-08-01 09:45:00,1,300.88761118378363,298.5106129566209
2017-08-01 10:00:00,1,301.04423779883274,298.65076218311657
2017-08-01 10:15:00,1,301.20561663674937,298.8100281121578
2017-08-01 10:30:00,1,301.3698578467896,298.9795926183897
2017-08-01 10:45:00,1,301.53586949915723,299.14965129087796
2017-08-01 11:00:00,1,301.7029731023848,299.31671053889255
2017-08-01 11:15:00,1,301.87033276177294,299.4813392871498
2017-08-01 11:30:00,1,302.0368394992018,299.644387335203
2017-08-01 11:45:00,1,302.2009962109516,299.805617077002
2017-08-01 12:00:00,1,302.36123194979723,299.9634718069191
2017-08-01 12:15:00,1,302.51627314099414,300.11633894581274
2017-08-01 12:30:00,1,302.6666005988831,300.2642300339767
2017-08-01 12:45:00,1,302.81645236315023,300.4100336251434
2017-08-01 13:00:00,1,302.97051278073803,300.55840440785494
2017-08-01 13:15:00,1,303.1310304247194,300.71311341337145
2017-08-01 13:30:00,1,303.2974799328524,300.87473945992446
2017-08-01 13:45:00,1,303.46609650914655,301.0399573488577
2017-08-01 14:00:00,1,303.63196222738554,301.20346997539167
2017-08-01 14:15:00,1,303.7909156577628,301.36059634576577
2017-08-01 14:30:00,1,303.9400551109385,301.5084094357521
2017-08-01 14:45:00,1,304.07768411650534,301.64550654267197
2017-08-01 15:00:00,1,304.2027728634035,301.7715243163942
2017-08-01 15:15:00,1,304.3143592636248,301.8865026392082
2017-08-01 15:30:00,1,304.4116748649213,301.99009385185616
2017-08-01 15:45:00,1,304.4945199331052,302.0817516012094
2017-08-01 16:00:00,1,304.56301563832346,302.160995785492
2017-08-01 16:15:00,1,304.6164455941119,302.2264262388555
2017-08-01 16:30:00,1,304.65399947984656,302.2761446995463
2017-08-01 16:45:00,1,304.67599449783665,302.3100884390055
2017-08-01 17:00:00,1,304.68364712613135,302.3300339691049
2017-08-01 17:15:00,1,304.6776512903447,302.33755377161674
2017-08-01 17:30:00,1,304.6581718727615,302.3331097915717
2017-08-01 17:45:00,1,304.62525716636827,302.31647595429524
2017-08-01 18:00:00,1,304.57820283313515,302.2864008708764
2017-08-01 18:15:00,1,304.51406384072294,302.23997307627616
2017-08-01 18:30:00,1,304.429752971571,302.1738871307289
2017-08-01 18:45:00,1,304.3234643340551,302.08592802180414
2017-08-01 19:00:00,1,304.1915808522289,301.97160284300844
2017-08-01 19:15:00,1,304.0272282334898,301.82576218809015
2017-08-01 19:30:00,1,303.8363540230124,301.6526454082953
2017-08-01 19:45:00,1,303.63378475221697,301.4655444871762
2017-08-01 20:00:00,1,303.4314992054967,301.27808057822944
2017-08-01 20:15:00,1,303.23618581385284,301.09835633289237
2017-08-01 20:30:00,1,303.05076009544996,300.93040237115906
2017-08-01 20:45:00,1,302.8759620711632,300.7742893230883
2017-08-01 21:00:00,1,302.7114389876862,300.6276710258663
2017-08-01 21:15:00,1,302.55639522372553,300.48922637275876
2017-08-01 21:30:00,1,302.410041796849,300.35821784515133
2017-08-01 21:45:00,1,302.27201386452543,300.23088878499806
2017-08-01 22:00:00,1,302.1421108753108,300.10624117119437
2017-08-01 22:15:00,1,302.01997380826356,299.9852533451923
2017-08-01 22:30:00,1,301.90508773223564,299.8688980950586
2017-08-01 22:45:00,1,301.7968776894735,299.75725575220997
2017-08-01 23:00:00,1,301.69475510231405,299.64958562001226
2017-08-01 23:15:00,1,301.5981420134726,299.5447321779069
2017-08-01 23:30:00,1,301.5065983465039,299.4492626033938
2017-08-01 23:45:00,1,301.42004971988246,299.3636494247601
2017-08-02 00:00:00,1,301.3385302174201,299.2852435880654
2017-08-02 00:15:00,1,301.26192052017274,299.21193510338094
2017-08-02 00:30:00,1,301.18992709663513,299.1429687303856
2017-08-02 00:45:00,1,301.1220998332439,299.0781405632129
2017-08-02 01:00:00,1,301.05794503444463,299.01713285343845
2017-08-02 01:15:00,1,300.99701407596416,298.9594406265452
2017-08-02 01:30:00,1,300.9387323316836,298.9043651850082
2017-08-02 01:45:00,1,300.8820021475524,298.8508841351942
2017-08-02 02:00:00,1,300.82563137716375,298.79782377815184
2017-08-02 02:15:00,1,300.7687981353657,298.74423561063065
2017-08-02 02:30:00,1,300.71128320239063,298.6898396076355
2017-08-02 02:45:00,1,300.6538494327207,298.635308638418
2017-08-02 03:00:00,1,300.5976125513648,298.5818757608529
2017-08-02 03:15:00,1,300.54336291649497,298.53061350382796
2017-08-02 03:30:00,1,300.4913864663312,298.48192114821546
2017-08-02 03:45:00,1,300.44133140815,298.4353407443998
2017-08-02 04:00:00,1,300.3925328121505,298.3898738232612
2017-08-02 04:15:00,1,300.34442502432177,298.3445601227517
2017-08-02 04:30:00,1,300.29666462549477,298.29884144811615
2017-08-02 04:45:00,1,300.24898261717,298.25257465925984
2017-08-02 05:00:00,1,300.20115202495884,298.2058459488588
2017-08-02 05:15:00,1,300.15305458253727,298.15881767153945
2017-08-02 05:30:00,1,300.1054601039022,298.1124987561818
2017-08-02 05:45:00,1,300.061577534914,298.0697964977688
2017-08-02 06:00:00,1,300.0250121645962,298.03421779123687
2017-08-02 06:15:00,1,299.9985605416022,298.0089782091674
2017-08-02 06:30:00,1,299.9844412173898,297.9967904914112
2017-08-02 06:45:00,1,299.98482064202545,297.9997075956909
2017-08-02 07:00:00,1,300.00154266942224,298.0192237447806
2017-08-02 07:15:00,1,300.03515996625396,298.05538368195835
2017-08-02 07:30:00,1,300.08532849097685,298.1056099141743
2017-08-02 07:45:00,1,300.1520391864883,298.167552150271
2017-08-02 08:00:00,1,300.23585160066284,298.2391086698061
2017-08-02 08:15:00,1,300.33720808485083,298.31540521468787
2017-08-02 08:30:00,1,300.4560825320914,298.40391605204877
2017-08-02 08:45:00,1,300.5910406034089,298.50797628018535
2017-08-02 09:00:00,1,300.7390896623562,298.6221667225584
2017-08-02 09:15:00,1,300.89652326185876,298.75038528682813
2017-08-02 09:30:00,1,301.06027898715877,298.8934362757263
2017-08-02 09:45:00,1,301.2289725524157,299.05251235781026
2017-08-02 10:00:00,1,301.40212802447456,299.2287241293003
2017-08-02 10:15:00,1,301.57899335971643,299.4112769175858
2017-08-02 10:30:00,1,301.7584826469939,299.5929774260385
2017-08-02 10:45:00,1,301.93958127102195,299.77272688196103
2017-08-02 11:00:00,1,302.1213952671738,299.95170615332756
2017-08-02 11:15:00,1,302.30291613220544,300.1302351687655
2017-08-02 11:30:00,1,302.48280320000515,300.3071298576848
2017-08-02 11:45:00,1,302.6589213555591,300.48022018331636
2017-08-02 12:00:00,1,302.8289670886577,300.64724554591425
2017-08-02 12:15:00,1,302.99119536658,300.80657376551125
2017-08-02 12:30:00,1,303.14495345633026,300.95740041658865
2017-08-02 12:45:00,1,303.29056926542165,301.09937046663396
2017-08-02 13:00:00,1,303.4280866854476,301.23227298795507
2017-08-02 13:15:00,1,303.5568019808011,301.3559611343077
2017-08-02 13:30:00,1,303.67628441485374,301.4708759025451
2017-08-02 13:45:00,1,303.7878907024051,301.5787018567461
2017-08-02 14:00:00,1,303.89341019441684,301.6814903437956
2017-08-02 14:15:00,1,303.99345884026457,301.77974279503366
2017-08-02 14:30:00,1,304.08788602743556,301.87233670169906
2017-08-02 14:45:00,1,304.17692636885334,301.9589130409068
2017-08-02 15:00:00,1,304.26101145998433,302.0404161833302
2017-08-02 15:15:00,1,304.33928554295215,302.11733526251203
2017-08-02 15:30:00,1,304.4101610371828,302.18946001017315
2017-08-02 15:45:00,1,304.4722504313719,302.2564945702217
2017-08-02 16:00:00,1,304.52434922455257,302.31729549825445
2017-08-02 16:15:00,1,304.5650109916423,302.3696891418719
2017-08-02 16:30:00,1,304.59303818099323,302.41157056419036
2017-08-02 16:45:00,1,304.60796823229276,302.4418628123242
2017-08-02 17:00:00,1,304.6100850905523,302.46026881194376
2017-08-02 17:15:00,1,304.5992041149892,302.46584924501815
2017-08-02 17:30:00,1,304.5744194639584,302.45655019794054
2017-08-02 17:45:00,1,304.534066819838,302.43037052517343
2017-08-02 18:00:00,1,304.47603060410415,302.38556589843654
2017-08-02 18:15:00,1,304.39718453607486,302.32015612466535
2017-08-02 18:30:00,1,304.2959014696258,302.23310899016275
2017-08-02 18:45:00,1,304.17263249694213,302.1249807117979
2017-08-02 19:00:00,1,304.02624524260125,301.9948434886722
2017-08-02 19:15:00,1,303.8532285062772,301.84011818586947
2017-08-02 19:30:00,1,303.65948437486935,301.66522676305067
2017-08-02 19:45:00,1,303.457482094102,301.4809646727539
2017-08-02 20:00:00,1,303.2572285160271,301.2978245041099
2017-08-02 20:15:00,1,303.0642040561066,301.1222699126971
2017-08-02 20:30:00,1,302.8808723086585,300.9558990464076
2017-08-02 20:45:00,1,302.708490917821,300.7999667277471
2017-08-02 21:00:00,1,302.54761402361584,300.65581527038216
2017-08-02 21:15:00,1,302.3981077079721,300.51871281399696
2017-08-02 21:30:00,1,302.25932315851077,300.386841044966
2017-08-02 21:45:00,1,302.1302309795231,300.26057809326664
2017-08-02 22:00:00,1,302.00967483758865,300.14027575421886
2017-08-02 22:15:00,1,301.896590485395,300.025381563178
2017-08-02 22:30:00,1,301.7901771929079,299.9147884201498
2017-08-02 22:45:00,1,301.6901214037151,299.80688124883517
2017-08-02 23:00:00,1,301.5962936270707,299.7096314375453
2017-08-02 23:15:00,1,301.5084401297086,299.6234657604797
2017-08-02 23:30:00,1,301.42605791322677,299.54499647567974
2017-08-02 23:45:00,1,301.34823168859896,299.4712370960067
2017-08-03 00:00:00,1,301.27396365811177,299.40072760541625
2017-08-03 00:15:00,1,301.2024803813206,299.33289330271447
2017-08-03 00:30:00,1,301.13325483285155,299.2673791907916
2017-08-03 00:45:00,1,301.06596689564276,299.20385080327475
2017-08-03 01:00:00,1,301.00040655960004,299.14202760055235
2017-08-03 01:15:00,1,300.936397860203,299.08170970068284
2017-08-03 01:30:00,1,300.8738153604662,299.0227512351567
2017-08-03 01:45:00,1,300.8126213814913,298.9649651301119
2017-08-03 02:00:00,1,300.7527187780046,298.9080067727957
2017-08-03 02:15:00,1,300.6939101290568,298.85143279351155
2017-08-03 02:30:00,1,300.63612951899614,298.79507371267323
2017-08-03 02:45:00,1,300.57980600180525,298.739448439921
2017-08-03 03:00:00,1,300.52563012960127,298.6856440106278
2017-08-03 03:15:00,1,300.4741544698191,298.6347693083378
2017-08-03 03:30:00,1,300.425575278918,298.5873577575515
2017-08-03 03:45:00,1,300.37951842726136,298.54304055529343
2017-08-03 04:00:00,1,300.3353221961965,298.5008466476252
2017-08-03 04:15:00,1,300.29243224466774,298.4598445020185
2017-08-03 04:30:00,1,300.2505514539154,298.4195586832065
2017-08-03 04:45:00,1,300.20962033628905,298.37997573944125
2017-08-03 05:00:00,1,300.1696736044146,298.3414360033904
2017-08-03 05:15:00,1,300.130753884747,298.30411426083606
2017-08-03 05:30:00,1,300.0935020085698,298.2686700186539
2017-08-03 05:45:00,1,300.06033864892447,298.2370658163535
2017-08-03 06:00:00,1,300.0337623399425,298.21178647921863
2017-08-03 06:15:00,1,300.0156266271218,298.1951728977116
2017-08-03 06:30:00,1,300.0080334177063,298.1895720316635
2017-08-03 06:45:00,1,300.0141837301764,298.1976398832678
2017-08-03 07:00:00,1,300.0365784963829,298.22127803678603
2017-08-03 07:15:00,1,300.07535406604046,298.25977737941
2017-08-03 07:30:00,1,300.1290498766931,298.31019187029085
2017-08-03 07:45:00,1,300.1960713030364,298.3696867306253
2017-08-03 08:00:00,1,300.2756094959371,298.4361136189885
2017-08-03 08:15:00,1,300.36798420469563,298.5042164303664
2017-08-03 08:30:00,1,300.4739686874341,298.58133056070415
2017-08-03 08:45:00,1,300.5925892991198,298.6714807714528
2017-08-03 09:00:00,1,300.72056586107567,298.77213999345423
2017-08-03 09:15:00,1,300.85388326748796,298.8781464988108
2017-08-03 09:30:00,1,300.98999096206165,298.99175861469166
2017-08-03 09:45:00,1,301.130162504146,299.1160763878202
2017-08-03 10:00:00,1,301.27752720042406,299.25775642985064
2017-08-03 10:15:00,1,301.4342666355158,299.41634658349165
2017-08-03 10:30:00,1,301.60066544563495,299.5848438875413
2017-08-03 10:45:00,1,301.77422601814334,299.75750475555236
2017-08-03 11:00:00,1,301.95113631021724,299.9307729506687
2017-08-03 11:15:00,1,302.1279093972206,300.10294091061223
2017-08-03 11:30:00,1,302.3014002025275,300.2718429791539
2017-08-03 11:45:00,1,302.4677890305773,300.4342430950164
2017-08-03 12:00:00,1,302.6235410051883,300.5866608659127
2017-08-03 12:15:00,1,302.7665051624429,300.7266768285959
2017-08-03 12:30:00,1,302.8975756565378,300.8547762245718
2017-08-03 12:45:00,1,303.02302213692803,300.97567597849263
2017-08-03 13:00:00,1,303.14985451180974,301.0963773405073
2017-08-03 13:15:00,1,303.28185008820327,301.2225214021031
2017-08-03 13:30:00,1,303.4198642924495,301.35632056304405
2017-08-03 13:45:00,1,303.56303263658117,301.49702742682905
2017-08-03 14:00:00,1,303.70977518539365,301.6424876329328
2017-08-03 14:15:00,1,303.8581330798932,301.7902565346227
2017-08-03 14:30:00,1,304.0059056576735,301.9378967131371
2017-08-03 14:45:00,1,304.15015885273476,302.08260570561004
2017-08-03 15:00:00,1,304.2871663064488,302.22103463814693
2017-08-03 15:15:00,1,304.41333427372155,302.3498803547065
2017-08-03 15:30:00,1,304.5258769184748,302.46651003538983
2017-08-03 15:45:00,1,304.6225050573965,302.56895753599395
2017-08-03 16:00:00,1,304.7015001090018,302.6557526710489
2017-08-03 16:15:00,1,304.7615187628395,302.7253608286814
2017-08-03 16:30:00,1,304.80193094933935,302.77644850284236
2017-08-03 16:45:00,1,304.82346878215264,302.80932081668044
2017-08-03 17:00:00,1,304.8277174579501,302.82560758575175
2017-08-03 17:15:00,1,304.81541768293465,302.8264512705765
2017-08-03 17:30:00,1,304.7865796236887,302.8118898724136
2017-08-03 17:45:00,1,304.74094358738665,302.78131972812434
2017-08-03 18:00:00,1,304.67762360528747,302.73360029106175
2017-08-03 18:15:00,1,304.5948490047545,302.667110130817
2017-08-03 18:30:00,1,304.4913586227877,302.58083339096885
2017-08-03 18:45:00,1,304.3666551984937,302.4744049039234
2017-08-03 19:00:00,1,304.2190987165645,302.3459199125499
2017-08-03 19:15:00,1,304.0474632789532,302.1943336298562
2017-08-03 19:30:00,1,303.8588061354441,302.0249668864848
2017-08-03 19:45:00,1,303.664194470913,301.8478181666186
2017-08-03 20:00:00,1,303.47170206697893,301.6717018815337
2017-08-03 20:15:00,1,303.28546351564063,301.5018913238807
2017-08-03 20:30:00,1,303.1072794151628,301.3414174587566
2017-08-03 20:45:00,1,302.93830619586674,301.1928458673165
2017-08-03 21:00:00,1,302.7792317211712,301.0523079103519
2017-08-03 21:15:00,1,302.63008528015564,300.9187753904486
2017-08-03 21:30:00,1,302.49050885219617,300.79028331306745
2017-08-03 21:45:00,1,302.3601974892623,300.66586333447407
2017-08-03 22:00:00,1,302.2388552609449,300.5463708891444
2017-08-03 22:15:00,1,302.1260062423492,300.4329430941181
2017-08-03 22:30:00,1,302.02093607796354,300.3258695372452
2017-08-03 22:45:00,1,301.92262175257866,300.2243928097883
2017-08-03 23:00:00,1,301.8299616770635,300.1270851281026
2017-08-03 23:15:00,1,301.74201870502156,300.0318294314171
2017-08-03 23:30:00,1,301.6581447925058,299.9433995188872
2017-08-03 23:45:00,1,301.57810311978875,299.86281793645884
2017-08-04 00:00:00,1,301.50177372339397,299.78806936672913
2017-08-04 00:15:00,1,301.42891193223517,299.7169982355652
2017-08-04 00:30:00,1,301.3591922663435,299.64850780168064
2017-08-04 00:45:00,1,301.2923623147967,299.582302287093
2017-08-04 01:00:00,1,301.2282466535871,299.5183258508426
2017-08-04 01:15:00,1,301.1667031684294,299.4565017521988
2017-08-04 01:30:00,1,301.10767315037407,299.3968205718035
2017-08-04 01:45:00,1,301.0512151550217,299.3394537994925
2017-08-04 02:00:00,1,300.9973934685838,299.2846726340085
2017-08-04 02:15:00,1,300.94619602735327,299.2326771905524
2017-08-04 02:30:00,1,300.8975284028153,299.1834915366463
2017-08-04 02:45:00,1,300.85122415154336,299.1369833679407
2017-08-04 03:00:00,1,300.80708188239396,299.09294060506863
2017-08-04 03:15:00,1,300.7649011735522,299.0511379752261
2017-08-04 03:30:00,1,300.72449757440677,299.01137142410283
2017-08-04 03:45:00,1,300.6857116112158,298.97360470979527
2017-08-04 04:00:00,1,300.6484102845534,298.93767753198875
2017-08-04 04:15:00,1,300.6124808185598,298.9033822186713
2017-08-04 04:30:00,1,300.57787195450896,298.87056443897103
2017-08-04 04:45:00,1,300.54472319052945,298.8393891059432
2017-08-04 05:00:00,1,300.5132914662387,298.8102479820939
2017-08-04 05:15:00,1,300.4837861578152,298.78351982396833
2017-08-04 05:30:00,1,300.4563739585512,298.75941687914906
2017-08-04 05:45:00,1,300.43123364584415,298.73784899161444
2017-08-04 06:00:00,1,300.4085785344363,298.71871183604895
2017-08-04 06:15:00,1,300.38973594230725,298.7027339834573
2017-08-04 06:30:00,1,300.3768857011432,298.6917363305917
2017-08-04 06:45:00,1,300.3722014118567,298.6880596947543
2017-08-04 07:00:00,1,300.3777475618851,298.69425561524906
2017-08-04 07:15:00,1,300.3965217604569,298.71311913365446
2017-08-04 07:30:00,1,300.4319275425319,298.7477888599615
2017-08-04 07:45:00,1,300.48702698168734,298.8004319865835
2017-08-04 08:00:00,1,300.5635251428348,298.8707188732235
2017-08-04 08:15:00,1,300.66082885830366,298.95498232461654
2017-08-04 08:30:00,1,300.777291900404,299.03980340093415
2017-08-04 08:45:00,1,300.91095516968693,299.1360823049857
2017-08-04 09:00:00,1,301.0593024024526,299.255220493877
2017-08-04 09:15:00,1,301.21788408451397,299.39682516413814
2017-08-04 09:30:00,1,301.38120508229304,299.55559064175674
2017-08-04 09:45:00,1,301.54450778507874,299.7264796326873
2017-08-04 10:00:00,1,301.7043900710439,299.89501549326275
2017-08-04 10:15:00,1,301.8591360160424,300.0538711435776
2017-08-04 10:30:00,1,302.00813054150893,300.20335836809954
2017-08-04 10:45:00,1,302.1511040125287,300.3458989129408
2017-08-04 11:00:00,1,302.2875012234242,300.482332407359
2017-08-04 11:15:00,1,302.4158716933626,300.61156226145664
2017-08-04 11:30:00,1,302.53496874700295,300.7320878137314
2017-08-04 11:45:00,1,302.6442531033729,300.8431036696195
2017-08-04 12:00:00,1,302.7439530694631,300.94477727141634
2017-08-04 12:15:00,1,302.83551528931804,301.0383594381355
2017-08-04 12:30:00,1,302.92089119429556,301.1256043893587
2017-08-04 12:45:00,1,303.0016564904745,301.2079737579289
2017-08-04 13:00:00,1,303.08013391586184,301.28729406369024
2017-08-04 13:15:00,1,303.1611141062198,301.36694387727556
2017-08-04 13:30:00,1,303.25005416948534,301.45170636723316
2017-08-04 13:45:00,1,303.3518961696519,301.5466284019735
2017-08-04 14:00:00,1,303.4684008238527,301.65429145982904
2017-08-04 14:15:00,1,303.5954691216584,301.7724972633081
2017-08-04 14:30:00,1,303.7263394652357,301.89535673751243
2017-08-04 14:45:00,1,303.8545704899838,302.0162856010843
2017-08-04 15:00:00,1,303.975220631385,302.130238464501
2017-08-04 15:15:00,1,304.0848684767167,302.2341892956884
2017-08-04 15:30:00,1,304.18162551648163,302.32685551622916
2017-08-04 15:45:00,1,304.2649645778057,302.4081406606597
2017-08-04 16:00:00,1,304.3347320341846,302.4781524593694
2017-08-04 16:15:00,1,304.3901654654829,302.53642076177306
2017-08-04 16:30:00,1,304.4303840463233,302.5819688667859
2017-08-04 16:45:00,1,304.455128983955,302.614408651133
2017-08-04 17:00:00,1,304.46488351694535,302.63391324135813
2017-08-04 17:15:00,1,304.4596846909725,302.64022468656543
2017-08-04 17:30:00,1,304.43903463414523,302.6324656251031
2017-08-04 17:45:00,1,304.40244358908063,302.6098827649726
2017-08-04 18:00:00,1,304.3498886376085,302.57200976676353
2017-08-04 18:15:00,1,304.2802240763329,302.51785185752334
2017-08-04 18:30:00,1,304.1920482545309,302.44605878773893
2017-08-04 18:45:00,1,304.08427680323666,302.3551405247454
2017-08-04 19:00:00,1,303.9546599689149,302.2425423773682
2017-08-04 19:15:00,1,303.8018534962062,302.1074278973576
2017-08-04 19:30:00,1,303.6327658362882,301.9554256133077
2017-08-04 19:45:00,1,303.45799987036,301.79649870279195
2017-08-04 20:00:00,1,303.28515806983245,301.63936815388587
2017-08-04 20:15:00,1,303.1180833268827,301.48910001604884
2017-08-04 20:30:00,1,302.95837533585313,301.3464574252247
2017-08-04 20:45:00,1,302.80693307588166,301.21045407360185
2017-08-04 21:00:00,1,302.66426734380104,301.0806147389609
2017-08-04 21:15:00,1,302.53038550165456,300.95789396219317
2017-08-04 21:30:00,1,302.40486578138587,300.84084491953564
2017-08-04 21:45:00,1,302.286940312171,300.7277889690842
2017-08-04 22:00:00,1,302.1757317486916,300.61824416838664
2017-08-04 22:15:00,1,302.07043093739964,300.5122674691578
2017-08-04 22:30:00,1,301.97052602444614,300.4098904991245
2017-08-04 22:45:00,1,301.87619706458446,300.3111475983056
2017-08-04 23:00:00,1,301.7878268290699,300.21572867731027
2017-08-04 23:15:00,1,301.7055046577257,300.1284874439987
2017-08-04 23:30:00,1,301.62889806274507,300.0512875805613
2017-08-04 23:45:00,1,301.5571120758009,299.9819802199119
2017-08-05 00:00:00,1,301.4890926623589,299.91752767689877
2017-08-05 00:15:00,1,301.42400751118356,299.8559895213268
2017-08-05 00:30:00,1,301.36136446033646,299.7966949584919
2017-08-05 00:45:00,1,301.30110645367375,299.7396519873003
2017-08-05 01:00:00,1,301.2433120628494,299.684980232318
2017-08-05 01:15:00,1,301.18794632910686,299.6326422529102
2017-08-05 01:30:00,1,301.1348141964655,299.58236723380844
2017-08-05 01:45:00,1,301.0835098365781,299.53364312366494
2017-08-05 02:00:00,1,301.03354163661004,299.4858080921875
2017-08-05 02:15:00,1,300.9844963765878,299.43823170744696
2017-08-05 02:30:00,1,300.93614897421486,299.39059411745086
2017-08-05 02:45:00,1,300.88856324582025,299.34317094596247
2017-08-05 03:00:00,1,300.84201472075324,299.2967477626073
2017-08-05 03:15:00,1,300.7967762186373,299.25217817237274
2017-08-05 03:30:00,1,300.753007272176,299.2099680442536
2017-08-05 03:45:00,1,300.71075354573014,299.1702449681985
2017-08-05 04:00:00,1,300.669935699778,299.1326102022181
2017-08-05 04:15:00,1,300.6303963338832,299.0964912085742
2017-08-05 04:30:00,1,300.59193743476845,299.0614021763871
2017-08-05 04:45:00,1,300.55429282623896,299.0268757228769
2017-08-05 05:00:00,1,300.51719182447744,298.9924404178629
2017-08-05 05:15:00,1,300.4804714264563,298.957774772494
2017-08-05 05:30:00,1,300.44476243235715,298.92347675360503
2017-08-05 05:45:00,1,300.41265439365407,298.8917657364142
2017-08-05 06:00:00,1,300.3868777655026,298.86565614429884
2017-08-05 06:15:00,1,300.36957272430794,298.8478669068566
2017-08-05 06:30:00,1,300.3628327641244,298.84085031784906
2017-08-05 06:45:00,1,300.3691083764408,298.8472603181892
2017-08-05 07:00:00,1,300.39077635131866,298.8694787738373
2017-08-05 07:15:00,1,300.4285414881216,298.9071818987815
2017-08-05 07:30:00,1,300.4817940701784,298.95821808642427
2017-08-05 07:45:00,1,300.54972443737853,299.0196911632708
2017-08-05 08:00:00,1,300.6314869733923,299.0875184624738
2017-08-05 08:15:00,1,300.72636189205815,299.15826069641633
2017-08-05 08:30:00,1,300.83410014325926,299.2380822729925
2017-08-05 08:45:00,1,300.9548194533794,299.3291520641584
2017-08-05 09:00:00,1,301.08786509780623,299.4337108084863
2017-08-05 09:15:00,1,301.23151950308863,299.5545777730283
2017-08-05 09:30:00,1,301.3837228299822,299.6942127082468
2017-08-05 09:45:00,1,301.5426202419297,299.85474982077665
2017-08-05 10:00:00,1,301.70654769802184,300.02418251997904
2017-08-05 10:15:00,1,301.8737158655073,300.19341963833386
2017-08-05 10:30:00,1,302.0422158382619,300.359865983339
2017-08-05 10:45:00,1,302.21006402371154,300.5237517117875
2017-08-05 11:00:00,1,302.37545176693754,300.68485370828955
2017-08-05 11:15:00,1,302.5367870273592,300.84191170645937
2017-08-05 11:30:00,1,302.692714758045,300.99335678864486
2017-08-05 11:45:00,1,302.8420506106489,301.13792051226363
2017-08-05 12:00:00,1,302.9838155536185,301.2748080247835
2017-08-05 12:15:00,1,303.1173347477463,301.4036704050464
2017-08-05 12:30:00,1,303.24330698395175,301.5252103449577
2017-08-05 12:45:00,1,303.36513868969246,301.6418577865844
2017-08-05 13:00:00,1,303.4863219783289,301.75689593207454
2017-08-05 13:15:00,1,303.60835385128144,301.8727802268375
2017-08-05 13:30:00,1,303.73119366720925,301.99034895140886
2017-08-05 13:45:00,1,303.8541715012943,302.10923587818405
2017-08-05 14:00:00,1,303.9762274020575,302.22841809489813
2017-08-05 14:15:00,1,304.0958419098762,302.3460361834987
2017-08-05 14:30:00,1,304.210970138823,302.45960609268974
2017-08-05 14:45:00,1,304.3185727121642,302.56679544949174
2017-08-05 15:00:00,1,304.4156062461817,302.6653369616105
2017-08-05 15:15:00,1,304.49987948914685,302.7531876785323
2017-08-05 15:30:00,1,304.57090057421505,302.8295876801063
2017-08-05 15:45:00,1,304.6301159539688,302.8947999183644
2017-08-05 16:00:00,1,304.67911631976307,302.9489842747107
2017-08-05 16:15:00,1,304.71815353654705,302.99245843108986
2017-08-05 16:30:00,1,304.746463624029,303.0259146111358
2017-08-05 16:45:00,1,304.7628208336538,303.049443293208
2017-08-05 17:00:00,1,304.7665979371884,303.06308926142117
2017-08-05 17:15:00,1,304.7571944495117,303.066949322627
2017-08-05 17:30:00,1,304.7340397499909,303.0601842327429
2017-08-05 17:45:00,1,304.69695567977107,303.04127551614465
2017-08-05 18:00:00,1,304.6453996554005,303.00824235898307
2017-08-05 18:15:00,1,304.57697965827793,302.9583071930615
2017-08-05 18:30:00,1,304.4891422289236,302.8886657212039
2017-08-05 18:45:00,1,304.3800891904579,302.79726086546304
2017-08-05 19:00:00,1,304.24688451128,302.6806750015741
2017-08-05 19:15:00,1,304.08536756275794,302.53614359225077
2017-08-05 19:30:00,1,303.9019573760577,302.3686886325044
2017-08-05 19:45:00,1,303.7100909780996,302.1906209794154
2017-08-05 20:00:00,1,303.52049901333345,302.014003256375
2017-08-05 20:15:00,1,303.33902567904266,301.8460217045315
2017-08-05 20:30:00,1,303.16803433250124,301.6884853658681
2017-08-05 20:45:00,1,303.00785751992396,301.5413563937104
2017-08-05 21:00:00,1,302.8579066479532,301.4038126774505
2017-08-05 21:15:00,1,302.7173006896843,301.27594855087165
2017-08-05 21:30:00,1,302.5851573559182,301.15392312862605
2017-08-05 21:45:00,1,302.460758772248,301.03524224360774
2017-08-05 22:00:00,1,302.34341897377294,300.9195698621903
2017-08-05 22:15:00,1,302.2324043483487,300.80723550569616
2017-08-05 22:30:00,1,302.12715099320684,300.69832574925823
2017-08-05 22:45:00,1,302.02770030167943,300.5927818387235
2017-08-05 23:00:00,1,301.93434020632515,300.4902119268454
2017-08-05 23:15:00,1,301.84714077951793,300.3958465597847
2017-08-05 23:30:00,1,301.7658013502341,300.31193063042826
2017-08-05 23:45:00,1,301.68951299556426,300.236360397596
2017-08-06 00:00:00,1,301.61730769055464,300.1660512573924
2017-08-06 00:15:00,1,301.5483974219619,300.0990877657
2017-08-06 00:30:00,1,301.48229815625507,300.0348455803698
2017-08-06 00:45:00,1,301.4189523749947,299.9733580585292
2017-08-06 01:00:00,1,301.35845694652454,299.91475873346633
2017-08-06 01:15:00,1,301.30080614363436,299.85902662012955
2017-08-06 01:30:00,1,301.2457302009133,299.8058193303645
2017-08-06 01:45:00,1,301.192425311138,299.7543365885163
2017-08-06 02:00:00,1,301.1399197169888,299.7035046732146
2017-08-06 02:15:00,1,301.0874998461175,299.6523328332539
2017-08-06 02:30:00,1,301.034937712988,299.6004107457019
2017-08-06 02:45:00,1,300.9827786964968,299.5483300690466
2017-08-06 03:00:00,1,300.9319200678663,299.497395003498
2017-08-06 03:15:00,1,300.8830771296216,299.44887342077845
2017-08-06 03:30:00,1,300.8364459312952,299.40324499697516
2017-08-06 03:45:00,1,300.79127579194886,299.3597758944383
2017-08-06 04:00:00,1,300.74641037397276,299.31694013371913
2017-08-06 04:15:00,1,300.7009696634587,299.27328707699934
2017-08-06 04:30:00,1,300.654655321671,299.22819684631236
2017-08-06 04:45:00,1,300.60798193496646,299.18216417533347
2017-08-06 05:00:00,1,300.56178594627477,299.13631744093175
2017-08-06 05:15:00,1,300.5167362699418,299.0917123103709
2017-08-06 05:30:00,1,300.4739979523249,299.04977895017635
2017-08-06 05:45:00,1,300.43677871440315,299.01338045500256
2017-08-06 06:00:00,1,300.4083770878199,298.9857151530202
2017-08-06 06:15:00,1,300.39107849552454,298.9695503602038
2017-08-06 06:30:00,1,300.3868474400517,298.96670024918103
2017-08-06 06:45:00,1,300.3975053746316,298.9787039537919
2017-08-06 07:00:00,1,300.4245207645048,299.0071543383167
2017-08-06 07:15:00,1,300.4683964446386,299.05126481817894
2017-08-06 07:30:00,1,300.52878568388434,299.1092717469385
2017-08-06 07:45:00,1,300.60473056229824,299.17859515994945
2017-08-06 08:00:00,1,300.69510025420107,299.2552698417791
2017-08-06 08:15:00,1,300.799337906436,299.3345220132143
2017-08-06 08:30:00,1,300.9170299509116,299.4226897678153
2017-08-06 08:45:00,1,301.047738128165,299.5217900217438
2017-08-06 09:00:00,1,301.19083856254696,299.6349309035233
2017-08-06 09:15:00,1,301.34509883542125,299.7656938218738
2017-08-06 09:30:00,1,301.50890763173726,299.9165572748385
2017-08-06 09:45:00,1,301.6805883706364,300.09046819607994
2017-08-06 10:00:00,1,301.8582019482249,300.2743047413184
2017-08-06 10:15:00,1,302.0395420401829,300.45801394583276
2017-08-06 10:30:00,1,302.22272907722646,300.63903794492103
2017-08-06 10:45:00,1,302.4068660385376,300.8186986241894
2017-08-06 11:00:00,1,302.59157906158964,300.99826692397494
2017-08-06 11:15:00,1,302.77625923752083,301.17757317675864
2017-08-06 11:30:00,1,302.959763908736,301.3553140159643
2017-08-06 11:45:00,1,303.1400169219296,301.5295451301443
2017-08-06 12:00:00,1,303.31467911975056,301.6982509773866
2017-08-06 12:15:00,1,303.48192886213656,301.8599009774797
2017-08-06 12:30:00,1,303.641209048043,302.0139062826521
2017-08-06 12:45:00,1,303.79347482145585,302.160565725302
2017-08-06 13:00:00,1,303.93949342997297,302.30047606230477
2017-08-06 13:15:00,1,304.07891444389736,302.43393539233784
2017-08-06 13:30:00,1,304.2109804501568,302.5609343888725
2017-08-06 13:45:00,1,304.3355151079121,302.6815954200908
2017-08-06 14:00:00,1,304.4525291237009,302.7960638667628
2017-08-06 14:15:00,1,304.56156239962894,302.9040532975678
2017-08-06 14:30:00,1,304.6619000224379,303.00482904325366
2017-08-06 14:45:00,1,304.7529837210597,303.0975492946095
2017-08-06 15:00:00,1,304.83429678537595,303.18142045061734
2017-08-06 15:15:00,1,304.90499658697365,303.2556167117157
2017-08-06 15:30:00,1,304.96465494015393,303.31988910495767
2017-08-06 15:45:00,1,305.01457352936114,303.3754728058835
2017-08-06 16:00:00,1,305.056483269141,303.4241418902087
2017-08-06 16:15:00,1,305.0904201110826,303.46637327667446
2017-08-06 16:30:00,1,305.115288911954,303.5011361333868
2017-08-06 16:45:00,1,305.1299861195453,303.52711783301476
2017-08-06 17:00:00,1,305.13416343246126,303.54355018374935
2017-08-06 17:15:00,1,305.12740138951557,303.54980706499134
2017-08-06 17:30:00,1,305.10903190002,303.54506505950155
2017-08-06 17:45:00,1,305.07847923740195,303.52852140160286
2017-08-06 18:00:00,1,305.03465829635417,303.4987387696885
2017-08-06 18:15:00,1,304.974458251466,303.45279255572973
2017-08-06 18:30:00,1,304.8945835664891,303.387259949787
2017-08-06 18:45:00,1,304.79252022471456,303.2993194225284
2017-08-06 19:00:00,1,304.6645405367835,303.18465573145124
2017-08-06 19:15:00,1,304.506025071955,303.04000231775456
2017-08-06 19:30:00,1,304.3241111497261,302.8712111027225
2017-08-06 19:45:00,1,304.1331219475811,302.69166557047384
2017-08-06 20:00:00,1,303.94422196235263,302.5140120164253
2017-08-06 20:15:00,1,303.7634448735326,302.3452927492078
2017-08-06 20:30:00,1,303.5931668067497,302.1883307850514
2017-08-06 20:45:00,1,303.43344577987824,302.0437176835082
2017-08-06 21:00:00,1,303.28331524196307,301.9089070509373
2017-08-06 21:15:00,1,303.14162983379606,301.7812536003506
2017-08-06 21:30:00,1,303.0073323691522,301.6591546291897
2017-08-06 21:45:00,1,302.879501319423,301.5416143152609
2017-08-06 22:00:00,1,302.7573292837488,301.4256185342226
2017-08-06 22:15:00,1,302.6401035142626,301.30992183514616
2017-08-06 22:30:00,1,302.527343535012,301.1948185484033
2017-08-06 22:45:00,1,302.419117143337,301.08116830098504
2017-08-06 23:00:00,1,302.31569999391115,300.9696784710195
2017-08-06 23:15:00,1,302.2171779052062,300.86035880056806
2017-08-06 23:30:00,1,302.1234654733831,300.75602810356395
2017-08-06 23:45:00,1,302.03448279179634,300.66082861971853
2017-08-07 00:00:00,1,301.9500968502798,300.5741353987725
2017-08-07 00:15:00,1,301.8700695019552,300.4932541766653
2017-08-07 00:30:00,1,301.79413058401076,300.416370914337
2017-08-07 00:45:00,1,301.7221087299,300.3432335945202
2017-08-07 01:00:00,1,301.653968023621,300.27440851174657
2017-08-07 01:15:00,1,301.589669139997,300.210411874437
2017-08-07 01:30:00,1,301.5291028855158,300.1513281153392
2017-08-07 01:45:00,1,301.4721611533175,300.09686590483443
2017-08-07 02:00:00,1,301.4186892549241,300.0465478621613
2017-08-07 02:15:00,1,301.36845248894366,299.99986540905905
2017-08-07 02:30:00,1,301.32104109808466,299.95621835659216
2017-08-07 02:45:00,1,301.2756210324291,299.91473743473733
2017-08-07 03:00:00,1,301.2312607387436,299.8744045118591
2017-08-07 03:15:00,1,301.1872848429117,299.8343653652386
2017-08-07 03:30:00,1,301.1433291514342,299.7941118335862
2017-08-07 03:45:00,1,301.0993042213931,299.7533697143744
2017-08-07 04:00:00,1,301.05517900029747,299.71190750246217
2017-08-07 04:15:00,1,301.01090204309406,299.6695042718323
2017-08-07 04:30:00,1,300.9665882628504,299.62618523062395
2017-08-07 04:45:00,1,300.92269092043676,299.5824744757433
2017-08-07 05:00:00,1,300.87974723791615,299.5392288050427
2017-08-07 05:15:00,1,300.83815657275983,299.49726157258294
2017-08-07 05:30:00,1,300.79884735518004,299.45794308972677
2017-08-07 05:45:00,1,300.7646849799645,299.4236820894419
2017-08-07 06:00:00,1,300.73866793842126,299.39722630923393
2017-08-07 06:15:00,1,300.72304319622816,299.3811526481498
2017-08-07 06:30:00,1,300.7199280712389,299.37770001500894
2017-08-07 06:45:00,1,300.7311027490863,299.3888270216684
2017-08-07 07:00:00,1,300.75774403222414,299.4159591007375
2017-08-07 07:15:00,1,300.799977556223,299.4580904263865
2017-08-07 07:30:00,1,300.8572607867568,299.5130576067394
2017-08-07 07:45:00,1,300.9291754138113,299.5783835699356
2017-08-07 08:00:00,1,301.0155518595354,299.6505851595493
2017-08-07 08:15:00,1,301.11674899829075,299.72634991691194
2017-08-07 08:30:00,1,301.2335951848349,299.8127408113658
2017-08-07 08:45:00,1,301.3654967764794,299.9108030494328
2017-08-07 09:00:00,1,301.5100001501111,300.0242683563484
2017-08-07 09:15:00,1,301.6636631315199,300.1558042568138
2017-08-07 09:30:00,1,301.82337751600454,300.30557079853855
2017-08-07 09:45:00,1,301.9878006407022,300.4734944302166
2017-08-07 10:00:00,1,302.1566752815593,300.6480149077919
2017-08-07 10:15:00,1,302.32934054163786,300.82207744859477
2017-08-07 10:30:00,1,302.5046448009775,300.994877050454
2017-08-07 10:45:00,1,302.68127429781026,301.1675511248051
2017-08-07 11:00:00,1,302.85787587779487,301.34018601030357
2017-08-07 11:15:00,1,303.03301372965325,301.51157918642144
2017-08-07 11:30:00,1,303.2049152986491,301.6797092737138
2017-08-07 11:45:00,1,303.37078501365204,301.84182245250804
2017-08-07 12:00:00,1,303.52779890997056,301.9950681771506
2017-08-07 12:15:00,1,303.67408681338856,302.1374801562866
2017-08-07 12:30:00,1,303.8098048953856,302.26906445387266
2017-08-07 12:45:00,1,303.93823795327467,302.3922316928222
2017-08-07 13:00:00,1,304.06285054943515,302.51037104623936
2017-08-07 13:15:00,1,304.18509703521397,302.6257334275364
2017-08-07 13:30:00,1,304.3052149283253,302.73928806653527
2017-08-07 13:45:00,1,304.423788098651,302.8521792815132
2017-08-07 14:00:00,1,304.5412901541097,302.965521344168
2017-08-07 14:15:00,1,304.65725971835917,303.07929138401056
2017-08-07 14:30:00,1,304.7706675512928,303.19228524621303
2017-08-07 14:45:00,1,304.8805319940223,303.3029608121622
2017-08-07 15:00:00,1,304.9858850808236,303.4099023037614
2017-08-07 15:15:00,1,305.08539754860794,303.51145845079964
2017-08-07 15:30:00,1,305.1771503174071,303.6055223644577
2017-08-07 15:45:00,1,305.2581362982231,303.6899236943848
2017-08-07 16:00:00,1,305.3255259481889,303.76254466244757
2017-08-07 16:15:00,1,305.3768232729525,303.82122984775674
2017-08-07 16:30:00,1,305.41065763978014,303.864626173727
2017-08-07 16:45:00,1,305.4278785368415,303.89318493169355
2017-08-07 17:00:00,1,305.43056751460267,303.9084990058159
2017-08-07 17:15:00,1,305.4199457020208,303.91160965263373
2017-08-07 17:30:00,1,305.3963157131521,303.90254674544525
2017-08-07 17:45:00,1,305.35988876789287,303.8810440399939
2017-08-07 18:00:00,1,305.31015875613485,303.84610259357515
2017-08-07 18:15:00,1,305.244281826868,303.79506057276296
2017-08-07 18:30:00,1,305.15893219240843,303.7245110931969
2017-08-07 18:45:00,1,305.05135376865894,303.6314764639594
2017-08-07 19:00:00,1,304.91783958444825,303.51167537035667
2017-08-07 19:15:00,1,304.75417786028487,303.362175893003
2017-08-07 19:30:00,1,304.5675117302668,303.1889201418706
2017-08-07 19:45:00,1,304.371617488281,303.00487121051435
2017-08-07 20:00:00,1,304.1770914904568,302.822102226693
2017-08-07 20:15:00,1,303.9896406843434,302.6472747116086
2017-08-07 20:30:00,1,303.81164744235633,302.4842205692836
2017-08-07 20:45:00,1,303.64368787794746,302.3322421796251
2017-08-07 21:00:00,1,303.48545033703687,302.18877944952754
2017-08-07 21:15:00,1,303.33623569779314,302.05272321620964
2017-08-07 21:30:00,1,303.195346447806,301.92364683718574
2017-08-07 21:45:00,1,303.0624864264068,301.79834759175
2017-08-07 22:00:00,1,302.9374997983256,301.67599544592997
2017-08-07 22:15:00,1,302.82005746591494,301.55747940146017
2017-08-07 22:30:00,1,302.70966100243606,301.44364063429106
2017-08-07 22:45:00,1,302.6057310563174,301.33449797083614
2017-08-07 23:00:00,1,302.50767243956443,301.22932628855915
2017-08-07 23:15:00,1,302.4149096128615,301.12650086636535
2017-08-07 23:30:00,1,302.326943051898,301.0330005158336
2017-08-07 23:45:00,1,302.2434441942798,300.9490558565796
2017-08-08 00:00:00,1,302.16416568258654,300.8716980310234
2017-08-08 00:15:00,1,302.08882410577274,300.79863909982447
2017-08-08 00:30:00,1,302.01702172840464,300.7290256833562
2017-08-08 00:45:00,1,301.94810996163795,300.66245079223734
2017-08-08 01:00:00,1,301.881342213102,300.5982502104743
2017-08-08 01:15:00,1,301.8160841604613,300.5355673587313
2017-08-08 01:30:00,1,301.75203103624216,300.4738484676513
2017-08-08 01:45:00,1,301.689542168147,300.4131962914576
2017-08-08 02:00:00,1,301.6291556966495,300.3540383217277
2017-08-08 02:15:00,1,301.5711403853018,300.2966011328297
2017-08-08 02:30:00,1,301.5155071708932,300.2408666943584
2017-08-08 02:45:00,1,301.462086442803,300.18689285076755
2017-08-08 03:00:00,1,301.41073481350384,300.13500328466864
2017-08-08 03:15:00,1,301.36138082343683,300.08563229950914
2017-08-08 03:30:00,1,301.31390572186933,300.03894334601404
2017-08-08 03:45:00,1,301.2679815364274,299.9944957164306
2017-08-08 04:00:00,1,301.22312819942965,299.9513502995305
2017-08-08 04:15:00,1,301.1789292941654,299.9085542117344
2017-08-08 04:30:00,1,301.135232302314,299.86563785121166
2017-08-08 04:45:00,1,301.09222829357435,299.8228117465514
2017-08-08 05:00:00,1,301.05023322310853,299.7807016791104
2017-08-08 05:15:00,1,301.0095101234925,299.73992560803686
2017-08-08 05:30:00,1,300.97088011883324,299.7016988732201
2017-08-08 05:45:00,1,300.9370248041641,299.66833491741903
2017-08-08 06:00:00,1,300.9107200158544,299.64253535993157
2017-08-08 06:15:00,1,300.8938605553029,299.6265999803916
2017-08-08 06:30:00,1,300.8880445560022,299.62210690483965
2017-08-08 06:45:00,1,300.89480137289064,299.6302396777725
2017-08-08 07:00:00,1,300.9155753783065,299.6521698399937
2017-08-08 07:15:00,1,300.95115408170443,299.6875807784931
2017-08-08 07:30:00,1,301.0017585252392,299.73557570865376
2017-08-08 07:45:00,1,301.06759972973026,299.7948542924208
2017-08-08 08:00:00,1,301.14915276749247,299.86317346447447
2017-08-08 08:15:00,1,301.2467572808349,299.935658487919
2017-08-08 08:30:00,1,301.36051163353187,300.01911295201006
2017-08-08 08:45:00,1,301.48969304097017,300.11687383644863
2017-08-08 09:00:00,1,301.6324334235155,300.22634285213786
2017-08-08 09:15:00,1,301.78602303635455,300.3511850417942
2017-08-08 09:30:00,1,301.9478788236135,300.492361645662
2017-08-08 09:45:00,1,302.1162910335078,300.6571729394124
2017-08-08 10:00:00,1,302.2901186141314,300.8337498644348
2017-08-08 10:15:00,1,302.4680949446049,301.0123169197288
2017-08-08 10:30:00,1,302.6485438401472,301.18936510755447
2017-08-08 10:45:00,1,302.8289984545275,301.36442255106533
2017-08-08 11:00:00,1,303.0067705446591,301.53671997555983
2017-08-08 11:15:00,1,303.1795652396892,301.70452031919586
2017-08-08 11:30:00,1,303.34562851294584,301.86587109255487
2017-08-08 11:45:00,1,303.5035910935806,302.01924480170146
2017-08-08 12:00:00,1,303.65245243359334,302.16365421101375
2017-08-08 12:15:00,1,303.7916020825338,302.2985648688094
2017-08-08 12:30:00,1,303.92173214180536,302.42442022830375
2017-08-08 12:45:00,1,304.0459199356193,302.54316583560495
2017-08-08 13:00:00,1,304.16724163526374,302.6574809000939
2017-08-08 13:15:00,1,304.286959576223,302.7694042798183
2017-08-08 13:30:00,1,304.4053954655791,302.88042001157123
2017-08-08 13:45:00,1,304.523631952024,302.9924687631739
2017-08-08 14:00:00,1,304.6427147391129,303.10721460328665
2017-08-08 14:15:00,1,304.76252345328567,303.2247473287458
2017-08-08 14:30:00,1,304.88140916506774,303.342966532872
2017-08-08 14:45:00,1,304.9954369704378,303.4577386676806
2017-08-08 15:00:00,1,305.1002248942102,303.5644857291047
2017-08-08 15:15:00,1,305.19247692288695,303.6598320510281
2017-08-08 15:30:00,1,305.2704993991923,303.7423001830607
2017-08-08 15:45:00,1,305.3344424165504,303.8120970585785
2017-08-08 16:00:00,1,305.38509918938325,303.8700636701677
2017-08-08 16:15:00,1,305.42269245690755,303.9159362500117
2017-08-08 16:30:00,1,305.44654611908777,303.94797594786377
2017-08-08 16:45:00,1,305.45577476513233,303.9650824188017
2017-08-08 17:00:00,1,305.4502714539734,303.9676910631029
2017-08-08 17:15:00,1,305.42997780381006,303.95658518632956
2017-08-08 17:30:00,1,305.3948302466344,303.93215678771134
2017-08-08 17:45:00,1,305.3450674195672,303.8945957950389
2017-08-08 18:00:00,1,305.2803558124953,303.8433061749265
2017-08-08 18:15:00,1,305.1981570844722,303.7767536316111
2017-08-08 18:30:00,1,305.09599418470856,303.6900228227393
2017-08-08 18:45:00,1,304.97295259305037,303.5814447775184
2017-08-08 19:00:00,1,304.82680269569147,303.4491526897606
2017-08-08 19:15:00,1,304.6540175740515,303.29186163337687
2017-08-08 19:30:00,1,304.4616783191153,303.11544751293616
2017-08-08 19:45:00,1,304.2623162644284,302.9312959613411
2017-08-08 20:00:00,1,304.0649127720395,302.74899275420137
2017-08-08 20:15:00,1,303.8740060932616,302.57292258381614
2017-08-08 20:30:00,1,303.69152921297285,302.4055570315153
2017-08-08 20:45:00,1,303.5185634908319,302.2479311184919
2017-08-08 21:00:00,1,303.3556105856323,302.10016618457865
2017-08-08 21:15:00,1,303.20251443557856,301.9573225048317
2017-08-08 21:30:00,1,303.058652565773,301.8175377650621
2017-08-08 21:45:00,1,302.923120663687,301.68139083103387
2017-08-08 22:00:00,1,302.79497664489537,301.54954662908773
2017-08-08 22:15:00,1,302.67337569121406,301.4216357762374
2017-08-08 22:30:00,1,302.5577603538167,301.295579488406
2017-08-08 22:45:00,1,302.4481923501595,301.18069089329055
2017-08-08 23:00:00,1,302.34487161373556,301.07801266988014
2017-08-08 23:15:00,1,302.2477085838229,300.9840255966308
2017-08-08 23:30:00,1,302.1564020485913,300.89582322737675
2017-08-08 23:45:00,1,302.0706831397506,300.8125526423376
2017-08-09 00:00:00,1,301.99032124712176,300.7343938198834
2017-08-09 00:15:00,1,301.91503427427654,300.66144481582245
2017-08-09 00:30:00,1,301.8444715273993,300.59342579088644
2017-08-09 00:45:00,1,301.7782216149982,300.52985657604853
2017-08-09 01:00:00,1,301.71586756886205,300.4702655258086
2017-08-09 01:15:00,1,301.6570207489948,300.41424624493254
2017-08-09 01:30:00,1,301.6010826088431,300.36117649502825
2017-08-09 01:45:00,1,301.5467265475189,300.3098247380556
2017-08-09 02:00:00,1,301.4924578805619,300.25859768760273
2017-08-09 02:15:00,1,301.43723750306884,300.20616748118675
2017-08-09 02:30:00,1,301.38073847662866,300.15206418624786
2017-08-09 02:45:00,1,301.32371597366307,300.09699359604275
2017-08-09 03:00:00,1,301.2673342036311,300.0423443291028
2017-08-09 03:15:00,1,301.21244636013006,299.98930066971303
2017-08-09 03:30:00,1,301.1594903989532,299.9383887434171
2017-08-09 03:45:00,1,301.10857281923035,299.8896239391153
2017-08-09 04:00:00,1,301.05961269419777,299.84282670975233
2017-08-09 04:15:00,1,301.01246058340257,299.7977993127499
2017-08-09 04:30:00,1,300.96691304473126,299.75430327838757
2017-08-09 04:45:00,1,300.9226361295482,299.7119293199933
2017-08-09 05:00:00,1,300.879254971004,299.67014306837495
2017-08-09 05:15:00,1,300.8365149075855,299.62853080447354
2017-08-09 05:30:00,1,300.7949738252937,299.5876713088139
2017-08-09 05:45:00,1,300.75721753241913,299.5500123250134
2017-08-09 06:00:00,1,300.72621597018855,299.5186501552577
2017-08-09 06:15:00,1,300.70440431333805,299.49645034546245
2017-08-09 06:30:00,1,300.6939493356104,299.4858903793374
2017-08-09 06:45:00,1,300.69735513554457,299.4895029596666
2017-08-09 07:00:00,1,300.7169486057081,299.50952614058906
2017-08-09 07:15:00,1,300.75365428252314,299.54675760458264
2017-08-09 07:30:00,1,300.8072661799398,299.59890550821376
2017-08-09 07:45:00,1,300.87716369915626,299.66309427968486
2017-08-09 08:00:00,1,300.962128073893,299.73631146978755
2017-08-09 08:15:00,1,301.06098045543786,299.8109299116935
2017-08-09 08:30:00,1,301.1729539825468,299.8940953121307
2017-08-09 08:45:00,1,301.2973584971917,299.98982263419475
2017-08-09 09:00:00,1,301.4333534803882,300.0967824975803
2017-08-09 09:15:00,1,301.57922295790644,300.2108284157808
2017-08-09 09:30:00,1,301.7328084852323,300.3367114662639
2017-08-09 09:45:00,1,301.8923448189232,300.4766664614061
2017-08-09 10:00:00,1,302.05629807206583,300.633056242084
2017-08-09 10:15:00,1,302.22296822770494,300.80238437545455
2017-08-09 10:30:00,1,302.390574099318,300.9733247218654
2017-08-09 10:45:00,1,302.55739103502276,301.13942979540764
2017-08-09 11:00:00,1,302.7219482413009,301.2997048921763
2017-08-09 11:15:00,1,302.8829698487856,301.4552609310895
2017-08-09 11:30:00,1,303.03951263562914,301.6065488347073
2017-08-09 11:45:00,1,303.19129722624325,301.75329725993726
2017-08-09 12:00:00,1,303.33831848636794,301.89522036005656
2017-08-09 12:15:00,1,303.48043084967026,302.0321958576723
2017-08-09 12:30:00,1,303.6181787978718,302.16449227924284
2017-08-09 12:45:00,1,303.75369496686693,302.2931308963797
2017-08-09 13:00:00,1,303.8886909306657,302.4197586522206
2017-08-09 13:15:00,1,304.0232306653407,302.5458130606833
2017-08-09 13:30:00,1,304.15629374663985,302.67163492108966
2017-08-09 13:45:00,1,304.2864725307505,302.7963686154591
2017-08-09 14:00:00,1,304.41233186333585,302.91847277393333
2017-08-09 14:15:00,1,304.53233962906285,303.03621598425116
2017-08-09 14:30:00,1,304.6449278402222,303.1478657937066
2017-08-09 14:45:00,1,304.74846828736486,303.2516671139824
2017-08-09 15:00:00,1,304.84147027823997,303.3459713040567
2017-08-09 15:15:00,1,304.9225540696498,303.42940557619164
2017-08-09 15:30:00,1,304.9908500672836,303.50129583393226
2017-08-09 15:45:00,1,305.04656060698704,303.5620016034399
2017-08-09 16:00:00,1,305.09022503723816,303.61234524104464
2017-08-09 16:15:00,1,305.1218408008972,303.6518920515673
2017-08-09 16:30:00,1,305.1408517430801,303.67889846144425
2017-08-09 16:45:00,1,305.14723939573537,303.69306202434836
2017-08-09 17:00:00,1,305.1417997744202,303.6960220299815
2017-08-09 17:15:00,1,305.12480912490264,303.68926668825816
2017-08-09 17:30:00,1,305.09616257206324,303.6733514365545
2017-08-09 17:45:00,1,305.05620934540906,303.6494105554451
2017-08-09 18:00:00,1,305.0045346007089,303.6133125054916
2017-08-09 18:15:00,1,304.9379479087848,303.5616571579294
2017-08-09 18:30:00,1,304.8528476942098,303.49169579233467
2017-08-09 18:45:00,1,304.7465679629821,303.4010432852692
2017-08-09 19:00:00,1,304.6145896253397,303.28476269954547
2017-08-09 19:15:00,1,304.4511183712854,303.1388730013366
2017-08-09 19:30:00,1,304.26403756783935,302.96826777646766
2017-08-09 19:45:00,1,304.0677150843644,302.7852383706486
2017-08-09 20:00:00,1,303.8720744871707,302.60170064837837
2017-08-09 20:15:00,1,303.68211950870364,302.4237452403326
2017-08-09 20:30:00,1,303.50012821088114,302.2539749936913
2017-08-09 20:45:00,1,303.3276597246526,302.0936498102058
2017-08-09 21:00:00,1,303.1657747507116,301.944534091895
2017-08-09 21:15:00,1,303.0147612798677,301.8021111385277
2017-08-09 21:30:00,1,302.8742362321661,301.66467920032414
2017-08-09 21:45:00,1,302.7432616141044,301.53265601937306
2017-08-09 22:00:00,1,302.6206715998405,301.40623095455453
2017-08-09 22:15:00,1,302.505371047913,301.28435261547975
2017-08-09 22:30:00,1,302.3964868806298,301.1682821896034
2017-08-09 22:45:00,1,302.293520850027,301.0625922495452
2017-08-09 23:00:00,1,302.1961799473173,300.9668402135369
2017-08-09 23:15:00,1,302.1041532693195,300.8782332645118
2017-08-09 23:30:00,1,302.01709877112523,300.79476345970284
2017-08-09 23:45:00,1,301.9347096280517,300.71571720173415
2017-08-10 00:00:00,1,301.8566344418405,300.6408212405455
2017-08-10 00:15:00,1,301.7824462753823,300.56962390952583
2017-08-10 00:30:00,1,301.71160676308546,300.50139334117836
2017-08-10 00:45:00,1,301.64333449586894,300.4352309572078
2017-08-10 01:00:00,1,301.5768354507846,300.37028692832234
2017-08-10 01:15:00,1,301.51153526175716,300.30594872252675
2017-08-10 01:30:00,1,301.44723738734837,300.2421105684375
2017-08-10 01:45:00,1,301.3844061823776,300.17940864556897
2017-08-10 02:00:00,1,301.3238095963158,300.11895691944295
2017-08-10 02:15:00,1,301.2660393529938,300.06177183995226
2017-08-10 02:30:00,1,301.21119030943936,300.0081311172743
2017-08-10 02:45:00,1,301.15843882833536,299.95717565460507
2017-08-10 03:00:00,1,301.1065795074817,299.9073375586461
2017-08-10 03:15:00,1,301.0546934593422,299.85719966184035
2017-08-10 03:30:00,1,301.0023159327546,299.80605123398385
2017-08-10 03:45:00,1,300.9493680564069,299.75389060811113
2017-08-10 04:00:00,1,300.8959391047386,299.7010602422997
2017-08-10 04:15:00,1,300.8421366603339,299.6479040464246
2017-08-10 04:30:00,1,300.78818447388903,299.5947814577979
2017-08-10 04:45:00,1,300.7347425271432,299.5423093451926
2017-08-10 05:00:00,1,300.68261396363295,299.49127422977904
2017-08-10 05:15:00,1,300.63237800617924,299.44232557917326
2017-08-10 05:30:00,1,300.5849104073903,299.3964173012617
2017-08-10 05:45:00,1,300.542585348713,299.3556582027566
2017-08-10 06:00:00,1,300.50797283969877,299.3224010953717
2017-08-10 06:15:00,1,300.48317438801416,299.29893996661633
2017-08-10 06:30:00,1,300.4701509696232,299.2876609278003
2017-08-10 06:45:00,1,300.4713369996504,299.2908221796854
2017-08-10 07:00:00,1,300.489079421854,299.31050760152505
2017-08-10 07:15:00,1,300.52446354213373,299.34752741854936
2017-08-10 07:30:00,1,300.57760371578337,299.4003557256641
2017-08-10 07:45:00,1,300.64781053542885,299.46587236569127
2017-08-10 08:00:00,1,300.7341533575108,299.5411074612392
2017-08-10 08:15:00,1,300.8363657956975,299.6211067808872
2017-08-10 08:30:00,1,300.9547998126384,299.70834592074795
2017-08-10 08:45:00,1,301.08954580465723,299.809301438382
2017-08-10 09:00:00,1,301.23951050054933,299.9245542964486
2017-08-10 09:15:00,1,301.40253780082327,300.04805865661984
2017-08-10 09:30:00,1,301.5763350261055,300.1859606743645
2017-08-10 09:45:00,1,301.75929775279496,300.34098987878247
2017-08-10 10:00:00,1,301.95012771182724,300.51565008901866
2017-08-10 10:15:00,1,302.14717503112735,300.7083678521807
2017-08-10 10:30:00,1,302.3483841993186,300.90611433148564
2017-08-10 10:45:00,1,302.55124106179755,301.10057656539215
2017-08-10 11:00:00,1,302.7532619436518,301.289861748433
2017-08-10 11:15:00,1,302.95231045085654,301.4741733236198
2017-08-10 11:30:00,1,303.1467118115749,301.65329961290473
2017-08-10 11:45:00,1,303.3353289516043,301.82651099641504
2017-08-10 12:00:00,1,303.5173367886912,301.99321006287585
2017-08-10 12:15:00,1,303.6920249052495,302.1528295700169
2017-08-10 12:30:00,1,303.86011811097165,302.3057394502056
2017-08-10 12:45:00,1,304.0256641639595,302.45443359394903
2017-08-10 13:00:00,1,304.1929269915364,302.6029192745058
2017-08-10 13:15:00,1,304.36367056955953,302.75443057700505
2017-08-10 13:30:00,1,304.5373438946177,302.9097707328432
2017-08-10 13:45:00,1,304.7117333363275,303.0672126046117
2017-08-10 14:00:00,1,304.8840053210586,303.2237054647756
2017-08-10 14:15:00,1,305.0513100168577,303.37616712438455
2017-08-10 14:30:00,1,305.2109444194868,303.5218665219165
2017-08-10 14:45:00,1,305.3601682982714,303.65819360099374
2017-08-10 15:00:00,1,305.49644832794087,303.78270492139313
2017-08-10 15:15:00,1,305.61749107732066,303.89336007269316
2017-08-10 15:30:00,1,305.7215651973761,303.98891036109825
2017-08-10 15:45:00,1,305.8078460504599,304.06907682461656
2017-08-10 16:00:00,1,305.87583683674217,304.1339038158984
2017-08-10 16:15:00,1,305.9246839267182,304.18319158124996
2017-08-10 16:30:00,1,305.9538580190583,304.21681182469047
2017-08-10 16:45:00,1,305.9635557461521,304.2352478093385
2017-08-10 17:00:00,1,305.95484532607946,304.23940612661005
2017-08-10 17:15:00,1,305.92847799404313,304.2297897162791
2017-08-10 17:30:00,1,305.8848098891214,304.20689401026357
2017-08-10 17:45:00,1,305.82436932604423,304.1693902925524
2017-08-10 18:00:00,1,305.74677575397646,304.11371329432916
2017-08-10 18:15:00,1,305.6487173072373,304.03690399194267
2017-08-10 18:30:00,1,305.52661017723415,303.9365728990907
2017-08-10 18:45:00,1,305.37827666233477,303.81080674318076
2017-08-10 19:00:00,1,305.19977494709985,303.65527164383536
2017-08-10 19:15:00,1,304.9858133514426,303.46677603195377
2017-08-10 19:30:00,1,304.74551273100786,303.25195800587403
2017-08-10 19:45:00,1,304.49524475815275,303.0234387086916
2017-08-10 20:00:00,1,304.2468103353951,302.7940169394998
2017-08-10 20:15:00,1,304.00652316381337,302.5720191640379
2017-08-10 20:30:00,1,303.77735619393593,302.36220154223696
2017-08-10 20:45:00,1,303.56098577627193,302.16769957804013
2017-08-10 21:00:00,1,303.3582654249431,301.98407533547004
2017-08-10 21:15:00,1,303.16920461915333,301.80621700060925
2017-08-10 21:30:00,1,302.9932115611014,301.6337226925838
2017-08-10 21:45:00,1,302.829340876329,301.4678640375855
2017-08-10 22:00:00,1,302.6765070673765,301.30813868000007
2017-08-10 22:15:00,1,302.5336318005558,301.16167651166614
2017-08-10 22:30:00,1,302.3998362484198,301.0312721451561
2017-08-10 22:45:00,1,302.27474163730534,300.9135094449288
2017-08-10 23:00:00,1,302.1581748836214,300.80466494598824
2017-08-10 23:15:00,1,302.0498249241729,300.70326890302096
2017-08-10 23:30:00,1,301.9492255413942,300.6091825177335
2017-08-10 23:45:00,1,301.8558465250672,300.5222689744676
2017-08-11 00:00:00,1,301.7691406286828,300.44201687596086
2017-08-11 00:15:00,1,301.6885570036167,300.3677550801565
2017-08-11 00:30:00,1,301.6135114141475,300.29879454952726
2017-08-11 00:45:00,1,301.54329319620456,300.2343767940186
2017-08-11 01:00:00,1,301.47716957619286,300.17371798424267
2017-08-11 01:15:00,1,301.41451785365143,300.1161363141597
2017-08-11 01:30:00,1,301.35477135224215,300.0610499789368
2017-08-11 01:45:00,1,301.29725066779275,300.00788889422444
2017-08-11 02:00:00,1,301.24130884537493,299.95612304391614
2017-08-11 02:15:00,1,301.18647835508983,299.905346965744
2017-08-11 02:30:00,1,301.13238311408503,299.85518850295784
2017-08-11 02:45:00,1,301.07850939907433,299.8050619021578
2017-08-11 03:00:00,1,301.0242940529091,299.7541785364308
2017-08-11 03:15:00,1,300.96934066001876,299.7018578821004
2017-08-11 03:30:00,1,300.9136444737535,299.64799249493126
2017-08-11 03:45:00,1,300.85782275365983,299.59329512393526
2017-08-11 04:00:00,1,300.802695940186,299.5389132155587
2017-08-11 04:15:00,1,300.74886800507886,299.4858186363815
2017-08-11 04:30:00,1,300.6966720805926,299.43452965069474
2017-08-11 04:45:00,1,300.6462426023447,299.3851978035958
2017-08-11 05:00:00,1,300.59759032146894,299.3377967696048
2017-08-11 05:15:00,1,300.55065552496546,299.2922395406303
2017-08-11 05:30:00,1,300.50535892590403,299.24844597094364
2017-08-11 05:45:00,1,300.4625686639647,299.2075502490954
2017-08-11 06:00:00,1,300.4260226173306,299.1725358301197
2017-08-11 06:15:00,1,300.399511275671,299.14724612454404
2017-08-11 06:30:00,1,300.3852865262894,299.1347006912448
2017-08-11 06:45:00,1,300.38539407049046,299.1370484492941
2017-08-11 07:00:00,1,300.40173273341185,299.1558102791518
2017-08-11 07:15:00,1,300.435106561945,299.19123193039013
2017-08-11 07:30:00,1,300.4855353364823,299.2416994480368
2017-08-11 07:45:00,1,300.55232719046217,299.3041517246803
2017-08-11 08:00:00,1,300.63430568549717,299.3758818990956
2017-08-11 08:15:00,1,300.73059186491787,299.4540642709498
2017-08-11 08:30:00,1,300.8408433537575,299.5350940257024
2017-08-11 08:45:00,1,300.964994432994,299.62669756449486
2017-08-11 09:00:00,1,301.10224906462633,299.73227294954876
2017-08-11 09:15:00,1,301.2508055807542,299.8490846958812
2017-08-11 09:30:00,1,301.4085143457398,299.9715903118669
2017-08-11 09:45:00,1,301.57345656008374,300.10566673449654
2017-08-11 10:00:00,1,301.7438989838883,300.2538119502311
2017-08-11 10:15:00,1,301.91797627848615,300.4165318075415
2017-08-11 10:30:00,1,302.0938129467375,300.5942187735739
2017-08-11 10:45:00,1,302.26969490500466,300.7742361024948
2017-08-11 11:00:00,1,302.4440874674178,300.9486264512531
2017-08-11 11:15:00,1,302.6155595102973,301.1163184899082
2017-08-11 11:30:00,1,302.782900600798,301.2786114257885
2017-08-11 11:45:00,1,302.9453491195956,301.43612938927345
2017-08-11 12:00:00,1,303.1025354162975,301.588555170831
2017-08-11 12:15:00,1,303.2542159259722,301.73529892702504
2017-08-11 12:30:00,1,303.4009298925894,301.87577655296707
2017-08-11 12:45:00,1,303.5446005088741,302.01105788878715
2017-08-11 13:00:00,1,303.6865829396296,302.1424842726426
2017-08-11 13:15:00,1,303.82660822615566,302.2710960764242
2017-08-11 13:30:00,1,303.9637318640594,302.3973446352252
2017-08-11 13:45:00,1,304.09764228412774,302.5215337079147
2017-08-11 14:00:00,1,304.22820394348093,302.64379970583883
2017-08-11 14:15:00,1,304.35463943099,302.76364234792777
2017-08-11 14:30:00,1,304.47582403938367,302.87999379015486
2017-08-11 14:45:00,1,304.5908448873349,302.9917749627657
2017-08-11 15:00:00,1,304.6988510829679,303.09804345213917
2017-08-11 15:15:00,1,304.7986169241815,303.1977369954652
2017-08-11 15:30:00,1,304.88873968608675,303.28999177263046
2017-08-11 15:45:00,1,304.9678020007232,303.37423450895113
2017-08-11 16:00:00,1,305.0345929887454,303.44948779647126
2017-08-11 16:15:00,1,305.0879857768653,303.5141460925594
2017-08-11 16:30:00,1,305.1266340812327,303.56633535991745
2017-08-11 16:45:00,1,305.1494998996934,303.60471196375363
2017-08-11 17:00:00,1,305.15653228741206,303.62872440173754
2017-08-11 17:15:00,1,305.14770642149676,303.63760798243845
2017-08-11 17:30:00,1,305.1229976936018,303.6303788901746
2017-08-11 17:45:00,1,305.082694824875,303.6072195367508
2017-08-11 18:00:00,1,305.02642510020127,303.5677134928793
2017-08-11 18:15:00,1,304.9512911126012,303.5085658027753
2017-08-11 18:30:00,1,304.8541020957011,303.4271423433311
2017-08-11 18:45:00,1,304.73243149673846,303.32178484700455
2017-08-11 19:00:00,1,304.58232623662013,303.18869344425497
2017-08-11 19:15:00,1,304.39971543216575,303.0252365662404
2017-08-11 19:30:00,1,304.1934728289727,302.8380984285203
2017-08-11 19:45:00,1,303.97849950950825,302.6394745171841
2017-08-11 20:00:00,1,303.7653320237937,302.4406410195845
2017-08-11 20:15:00,1,303.55938033745036,302.2481305475707
2017-08-11 20:30:00,1,303.3630353821756,302.0659484424896
2017-08-11 20:45:00,1,303.17762898246207,301.8981606887388
2017-08-11 21:00:00,1,303.00379998591336,301.7382237297513
2017-08-11 21:15:00,1,302.8414422494952,301.5826802463431
2017-08-11 21:30:00,1,302.6899182898348,301.4320484098458
2017-08-11 21:45:00,1,302.5482293752733,301.2874295349818
2017-08-11 22:00:00,1,302.41524770286145,301.14842848938036
2017-08-11 22:15:00,1,302.28990649657914,301.0133893506334
2017-08-11 22:30:00,1,302.17129977731275,300.89066930459694
2017-08-11 22:45:00,1,302.05878976801785,300.7799455136606
2017-08-11 23:00:00,1,301.9519139694288,300.67701869817273
2017-08-11 23:15:00,1,301.85024214250967,300.5790246677527
2017-08-11 23:30:00,1,301.7533529496656,300.4852793865715
2017-08-11 23:45:00,1,301.6608753375283,300.39591041243574
2017-08-12 00:00:00,1,301.5724675312595,300.3108362650417
2017-08-12 00:15:00,1,301.4877889055657,300.229663482514
2017-08-12 00:30:00,1,301.4066013278215,300.15202844370833
2017-08-12 00:45:00,1,301.32898829610394,300.0778901739643
2017-08-12 01:00:00,1,301.2551333644601,300.00742231273597
2017-08-12 01:15:00,1,301.18506916256393,299.9407217518568
2017-08-12 01:30:00,1,301.1185649553415,299.8775721597797
2017-08-12 01:45:00,1,301.05496370920594,299.8173423715177
2017-08-12 02:00:00,1,300.9934771219365,299.75920480351226
2017-08-12 02:15:00,1,300.9334902366789,299.702458436976
2017-08-12 02:30:00,1,300.8746208060337,299.6466590093958
2017-08-12 02:45:00,1,300.8166996824401,299.5915212203275
2017-08-12 03:00:00,1,300.7596115623991,299.5367585529944
2017-08-12 03:15:00,1,300.7032403328262,299.48208859231863
2017-08-12 03:30:00,1,300.64751275711313,299.4273509226485
2017-08-12 03:45:00,1,300.59231230553445,299.37256358904716
2017-08-12 04:00:00,1,300.53749431574454,299.31785953842865
2017-08-12 04:15:00,1,300.4829618374919,299.26339040958493
2017-08-12 04:30:00,1,300.428988148241,299.2096585353474
2017-08-12 04:45:00,1,300.3769924852305,299.1580696863989
2017-08-12 05:00:00,1,300.328894900614,299.1106242966452
2017-08-12 05:15:00,1,300.28610831658824,299.0691556626697
2017-08-12 05:30:00,1,300.2491651761661,299.0342481621436
2017-08-12 05:45:00,1,300.2178366661884,299.00554117208685
2017-08-12 06:00:00,1,300.1927210369473,298.98322627914473
2017-08-12 06:15:00,1,300.1758705218149,298.9686970430715
2017-08-12 06:30:00,1,300.16986039170183,298.9643246095447
2017-08-12 06:45:00,1,300.1771475986724,298.9726717477006
2017-08-12 07:00:00,1,300.1993416312089,298.99518347348555
2017-08-12 07:15:00,1,300.2361173211274,299.0314354628289
2017-08-12 07:30:00,1,300.2864364642589,299.0790096131296
2017-08-12 07:45:00,1,300.3502915969459,299.13592687634
2017-08-12 08:00:00,1,300.4281673900533,299.20103683359486
2017-08-12 08:15:00,1,300.5207455031577,299.2718679623068
2017-08-12 08:30:00,1,300.6290636799677,299.3482626025939
2017-08-12 08:45:00,1,300.75444822458365,299.4383413464888
2017-08-12 09:00:00,1,300.89709890931283,299.54530828162865
2017-08-12 09:15:00,1,301.0555253287597,299.6662352989711
2017-08-12 09:30:00,1,301.22684846011964,299.79583086087507
2017-08-12 09:45:00,1,301.40618103482365,299.9390372176227
2017-08-12 10:00:00,1,301.58765925972693,300.0960675761051
2017-08-12 10:15:00,1,301.7662004108966,300.26698671775694
2017-08-12 10:30:00,1,301.9389713934615,300.4429001348736
2017-08-12 10:45:00,1,302.1068125694135,300.61331354234164
2017-08-12 11:00:00,1,302.272103001472,300.77667146363797
2017-08-12 11:15:00,1,302.43633139869485,300.93657072126575
2017-08-12 11:30:00,1,302.59978028679245,301.09580933684924
2017-08-12 11:45:00,1,302.7618612692358,301.25444365288195
2017-08-12 12:00:00,1,302.9216136915931,301.4109536714592
2017-08-12 12:15:00,1,303.0780382164324,301.56374862893006
2017-08-12 12:30:00,1,303.23094791489166,301.7113444522355
2017-08-12 12:45:00,1,303.3815005595445,301.8547150266819
2017-08-12 13:00:00,1,303.53046721552136,301.9952549164801
2017-08-12 13:15:00,1,303.67732159274937,302.13375408581976
2017-08-12 13:30:00,1,303.8211381950498,302.27048657795797
2017-08-12 13:45:00,1,303.9618929548196,302.4055857982446
2017-08-12 14:00:00,1,304.099764287409,302.53875075480687
2017-08-12 14:15:00,1,304.23414766060915,302.66921117949414
2017-08-12 14:30:00,1,304.36374738718393,302.7957863935943
2017-08-12 14:45:00,1,304.4867432693051,302.9168669930928
2017-08-12 15:00:00,1,304.60084626173204,303.03075318671205
2017-08-12 15:15:00,1,304.70243473582127,303.13523907767205
2017-08-12 15:30:00,1,304.78755098250383,303.2269788146879
2017-08-12 15:45:00,1,304.85353561829055,303.30245952080566
2017-08-12 16:00:00,1,304.89939515462515,303.3597107177336
2017-08-12 16:15:00,1,304.9258984885868,303.3984343664167
2017-08-12 16:30:00,1,304.9344728599896,303.41909413248663
2017-08-12 16:45:00,1,304.92644521436586,303.42311755221397
2017-08-12 17:00:00,1,304.90377792984907,303.4132581906828
2017-08-12 17:15:00,1,304.8696464097171,303.3930977967261
2017-08-12 17:30:00,1,304.8269900409267,303.3658452741837
2017-08-12 17:45:00,1,304.7777493834538,303.3335708994835
2017-08-12 18:00:00,1,304.7213468316308,303.2953568789806
2017-08-12 18:15:00,1,304.65218362816296,303.2461658817656
2017-08-12 18:30:00,1,304.5640447804507,303.178643848854
2017-08-12 18:45:00,1,304.4527920063436,303.0865572912506
2017-08-12 19:00:00,1,304.31382100413197,302.96509388978217
2017-08-12 19:15:00,1,304.1432090409145,302.81266224802755
2017-08-12 19:30:00,1,303.9497808810992,302.63693927631726
2017-08-12 19:45:00,1,303.7479310635287,302.450084931833
2017-08-12 20:00:00,1,303.5477785887675,302.26324183719294
2017-08-12 20:15:00,1,303.35455146139907,302.08253601196736
2017-08-12 20:30:00,1,303.17042028649377,301.9115248418439
2017-08-12 20:45:00,1,302.996049574706,301.7525084634459
2017-08-12 21:00:00,1,302.831288344922,301.60338500935444
2017-08-12 21:15:00,1,302.675523009102,301.4580076331669
2017-08-12 21:30:00,1,302.52808651727463,301.31438603716424
2017-08-12 21:45:00,1,302.38870275359983,301.17371462869886
2017-08-12 22:00:00,1,302.25722576637105,301.0374122996313
2017-08-12 22:15:00,1,302.1333214170751,300.9053854768605
2017-08-12 22:30:00,1,302.01643812976533,300.7811965497936
2017-08-12 22:45:00,1,301.9057937926815,300.6686688183311
2017-08-12 23:00:00,1,301.8005060442846,300.5657363653398
2017-08-12 23:15:00,1,301.6997487088019,300.4684515128729
2017-08-12 23:30:00,1,301.60297699682746,300.3745460952947
2017-08-12 23:45:00,1,301.5103472470431,300.2839846290957
2017-08-13 00:00:00,1,301.4223407308788,300.1977358857086
2017-08-13 00:15:00,1,301.33924420421357,300.1165484376603
2017-08-13 00:30:00,1,301.2609339815763,300.0404255506074
2017-08-13 00:45:00,1,301.1866668499435,299.9686135334864
2017-08-13 01:00:00,1,301.1154639171904,299.90001341447646
2017-08-13 01:15:00,1,301.0465243225537,299.8336284875564
2017-08-13 01:30:00,1,300.97935627854497,299.7688221701864
2017-08-13 01:45:00,1,300.91386022490263,299.70534421901453
2017-08-13 02:00:00,1,300.8501016245071,299.64313928331285
2017-08-13 02:15:00,1,300.7881219639651,299.582178593925
2017-08-13 02:30:00,1,300.7278932269398,299.52241063768145
2017-08-13 02:45:00,1,300.6691865832961,299.4637681101679
2017-08-13 03:00:00,1,300.6116790582708,299.4061754483821
2017-08-13 03:15:00,1,300.55511539130794,299.3495692917205
2017-08-13 03:30:00,1,300.4995591306141,299.2941999478505
2017-08-13 03:45:00,1,300.445939539681,299.2410781007027
2017-08-13 04:00:00,1,300.3955692805203,299.19171021934096
2017-08-13 04:15:00,1,300.3493935318319,299.1473319280738
2017-08-13 04:30:00,1,300.3077770253884,299.1085274113488
2017-08-13 04:45:00,1,300.27053749373755,299.07486093571583
2017-08-13 05:00:00,1,300.23722779015867,299.0454121998591
2017-08-13 05:15:00,1,300.2073828734822,299.01940976873635
2017-08-13 05:30:00,1,300.18029214241557,298.9958047396232
2017-08-13 05:45:00,1,300.15510393859614,298.97386562706004
2017-08-13 06:00:00,1,300.1331381653789,298.9542758637208
2017-08-13 06:15:00,1,300.1163922946516,298.9390642497733
2017-08-13 06:30:00,1,300.1069763123333,298.93105485494095
2017-08-13 06:45:00,1,300.10813835232955,298.9336288665301
2017-08-13 07:00:00,1,300.12342132052277,298.9499322914239
2017-08-13 07:15:00,1,300.15501935676065,298.98153625287665
2017-08-13 07:30:00,1,300.2028585619191,299.0273585569772
2017-08-13 07:45:00,1,300.2654250772773,299.0843767678695
2017-08-13 08:00:00,1,300.34116340320946,299.14996424193544
2017-08-13 08:15:00,1,300.4299212986499,299.2224833459809
2017-08-13 08:30:00,1,300.5322014241412,299.2993160605445
2017-08-13 08:45:00,1,300.64820227700665,299.38574253568476
2017-08-13 09:00:00,1,300.7775903645205,299.48405597951916
2017-08-13 09:15:00,1,300.91960607438324,299.5913999372685
2017-08-13 09:30:00,1,301.0735900662563,299.70852776877973
2017-08-13 09:45:00,1,301.23918117582645,299.83880031804165
2017-08-13 10:00:00,1,301.4156168255462,299.9898638188999
2017-08-13 10:15:00,1,301.60132937759244,300.1698096481374
2017-08-13 10:30:00,1,301.79369463809627,300.36283244438914
2017-08-13 10:45:00,1,301.9875379679022,300.5550749998946
2017-08-13 11:00:00,1,302.1764351456917,300.73944164520736
2017-08-13 11:15:00,1,302.35442672752635,300.91250170039996
2017-08-13 11:30:00,1,302.51777048477646,301.0721926551758
2017-08-13 11:45:00,1,302.66659775644877,301.21832343921625
2017-08-13 12:00:00,1,302.80298325178126,301.35251068280525
2017-08-13 12:15:00,1,302.92892511595056,301.4769616195098
2017-08-13 12:30:00,1,303.0469378083503,301.59421372046916
2017-08-13 12:45:00,1,303.16156222992856,301.70779617175185
2017-08-13 13:00:00,1,303.2772651525016,301.821720518007
2017-08-13 13:15:00,1,303.39688815095303,301.93920549371563
2017-08-13 13:30:00,1,303.5218711239926,302.0620714814034
2017-08-13 13:45:00,1,303.652826423017,302.1909999521412
2017-08-13 14:00:00,1,303.7895915980221,302.3257842202263
2017-08-13 14:15:00,1,303.9311511099172,302.4654375809606
2017-08-13 14:30:00,1,304.07509010181343,302.6074285598292
2017-08-13 14:45:00,1,304.21553323540144,302.74666249370654
2017-08-13 15:00:00,1,304.34562256136167,302.8768661654786
2017-08-13 15:15:00,1,304.46019576387306,302.99250028367624
2017-08-13 15:30:00,1,304.557512223866,303.09125007437433
2017-08-13 15:45:00,1,304.64081050487397,303.17618401639817
2017-08-13 16:00:00,1,304.71397807194495,303.252429607171
2017-08-13 16:15:00,1,304.77743518876787,303.3221405520421
2017-08-13 16:30:00,1,304.82901845234306,303.38317691672205
2017-08-13 16:45:00,1,304.86504530501367,303.4307238108762
2017-08-13 17:00:00,1,304.8811288055159,303.4592681211723
2017-08-13 17:15:00,1,304.8710673788164,303.462360685619
2017-08-13 17:30:00,1,304.82866905522525,303.434151876539
2017-08-13 17:45:00,1,304.7512757431673,303.371636397592
2017-08-13 18:00:00,1,304.63990925458086,303.276867731732
2017-08-13 18:15:00,1,304.5035377098197,303.15855518728637
2017-08-13 18:30:00,1,304.35334446216916,303.0275291170092
2017-08-13 18:45:00,1,304.19596516491407,302.8907889077873
2017-08-13 19:00:00,1,304.0340962132676,302.75079570517386
2017-08-13 19:15:00,1,303.87080352182215,302.6090270825425
2017-08-13 19:30:00,1,303.71020465996173,302.4679192909485
2017-08-13 19:45:00,1,303.5548030457408,302.3297795162233
2017-08-13 20:00:00,1,303.4051832397027,302.19595763756274
2017-08-13 20:15:00,1,303.26106929214944,302.06711995285735
2017-08-13 20:30:00,1,303.12189307656223,301.94351240138786
2017-08-13 20:45:00,1,302.9870340894713,301.8252090754894
2017-08-13 21:00:00,1,302.8558816530259,301.70981481901674
2017-08-13 21:15:00,1,302.72786749320363,301.59812930009787
2017-08-13 21:30:00,1,302.602828874482,301.486604398364
2017-08-13 21:45:00,1,302.4816786993265,301.372768981433
2017-08-13 22:00:00,1,302.3655453237383,301.25796069183457
2017-08-13 22:15:00,1,302.25497239629203,301.1448900417686
2017-08-13 22:30:00,1,302.1499516936681,301.03527183876156
2017-08-13 22:45:00,1,302.0501067228837,300.92923315257747
2017-08-13 23:00:00,1,301.95488564859113,300.825755566573
2017-08-13 23:15:00,1,301.863711490913,300.7254329236829
2017-08-13 23:30:00,1,301.7762037786951,300.6324895291582
2017-08-13 23:45:00,1,301.69255710062396,300.5471910141146
2017-08-14 00:00:00,1,301.6131922352831,300.4678432052976
2017-08-14 00:15:00,1,301.5383129855104,300.39324336707665
2017-08-14 00:30:00,1,301.4675672671107,300.32276727393185
2017-08-14 00:45:00,1,301.3994970112164,300.2552609243607
2017-08-14 01:00:00,1,301.3322919562846,300.18882754615873
2017-08-14 01:15:00,1,301.26462624467996,300.12157357880534
2017-08-14 01:30:00,1,301.1960849553568,300.0526954003067
2017-08-14 01:45:00,1,301.127759838468,299.98325170622985
2017-08-14 02:00:00,1,301.0614396414024,299.91559240739934
2017-08-14 02:15:00,1,300.9985383921983,299.8519733710938
2017-08-14 02:30:00,1,300.9398327511608,299.79362686021625
2017-08-14 02:45:00,1,300.88560732042197,299.7407259012696
2017-08-14 03:00:00,1,300.83585734217564,299.692865662106
2017-08-14 03:15:00,1,300.79040317438586,299.6495034270832
2017-08-14 03:30:00,1,300.74879255431296,299.61013263207195
2017-08-14 03:45:00,1,300.7099437384436,299.57371082831935
2017-08-14 04:00:00,1,300.67252464791363,299.5388468373945
2017-08-14 04:15:00,1,300.6354848729149,299.50434691127003
2017-08-14 04:30:00,1,300.59812709771194,299.46941446435034
2017-08-14 04:45:00,1,300.5599448416936,299.433461422753
2017-08-14 05:00:00,1,300.5205222746022,299.39590709543313
2017-08-14 05:15:00,1,300.4795536260974,299.35606862700223
2017-08-14 05:30:00,1,300.43708321039924,299.31387321436665
2017-08-14 05:45:00,1,300.3946024763628,299.2710169025004
2017-08-14 06:00:00,1,300.35626663053296,299.2316313968877
2017-08-14 06:15:00,1,300.32643759263084,299.2003230973513
2017-08-14 06:30:00,1,300.3082552675022,299.18096419012517
2017-08-14 06:45:00,1,300.30452513173856,299.17676258871376
2017-08-14 07:00:00,1,300.3175315495869,299.18976701745987
2017-08-14 07:15:00,1,300.34823784185,299.2205784517358
2017-08-14 07:30:00,1,300.39681658138346,299.26863400613104
2017-08-14 07:45:00,1,300.4628270130157,299.3305374405352
2017-08-14 08:00:00,1,300.54561742741964,299.40328219060206
2017-08-14 08:15:00,1,300.6449601280268,299.48235903916367
2017-08-14 08:30:00,1,300.7608926860585,299.56801533226917
2017-08-14 08:45:00,1,300.8931412782063,299.66571679417075
2017-08-14 09:00:00,1,301.04078249264154,299.7743115005494
2017-08-14 09:15:00,1,301.20205012857673,299.90051430111015
2017-08-14 09:30:00,1,301.37468587201226,300.0455870838679
2017-08-14 09:45:00,1,301.55600182581304,300.2112624746433
2017-08-14 10:00:00,1,301.7425624991295,300.3964259183518
2017-08-14 10:15:00,1,301.9305824473663,300.5861962157444
2017-08-14 10:30:00,1,302.116949050203,300.7707827488252
2017-08-14 10:45:00,1,302.29999842687107,300.9485595632548
2017-08-14 11:00:00,1,302.47897093333876,301.12123539310323
2017-08-14 11:15:00,1,302.6531163801231,301.289720009484
2017-08-14 11:30:00,1,302.82135393497816,301.45313532122304
2017-08-14 11:45:00,1,302.9819244673927,301.6094941418971
2017-08-14 12:00:00,1,303.13302718126624,301.75676708577697
2017-08-14 12:15:00,1,303.27349709960026,301.89366817526087
2017-08-14 12:30:00,1,303.40435203094484,302.0210099836854
2017-08-14 12:45:00,1,303.5308266940314,302.1428291530216
2017-08-14 13:00:00,1,303.65845770104403,302.2645763937759
2017-08-14 13:15:00,1,303.7893736603126,302.38991943696175
2017-08-14 13:30:00,1,303.9227609155268,302.5191291429434
2017-08-14 13:45:00,1,304.05579577495206,302.64949354591386
2017-08-14 14:00:00,1,304.18402018712834,302.77624444903466
2017-08-14 14:15:00,1,304.30084252119394,302.89318342889175
2017-08-14 14:30:00,1,304.4000432925153,302.9946432589497
2017-08-14 14:45:00,1,304.4785998278396,303.0777705927281
2017-08-14 15:00:00,1,304.53820433951114,303.1447909088034
2017-08-14 15:15:00,1,304.58766275012556,303.20342874897517
2017-08-14 15:30:00,1,304.6352597479393,303.26137421000783
2017-08-14 15:45:00,1,304.6832399628803,303.3213323604436
2017-08-14 16:00:00,1,304.7307936933834,303.38147408780935
2017-08-14 16:15:00,1,304.7748513211452,303.43779040237973
2017-08-14 16:30:00,1,304.8118185025918,303.48667709080195
2017-08-14 16:45:00,1,304.83952281885445,303.52650220589373
2017-08-14 17:00:00,1,304.8559520811351,303.5553680451954
2017-08-14 17:15:00,1,304.8547038042572,303.5677091579893
2017-08-14 17:30:00,1,304.8290653311216,303.5561928970079
2017-08-14 17:45:00,1,304.7751075563345,303.5160318422994
2017-08-14 18:00:00,1,304.6930665429901,303.44735752201444
2017-08-14 18:15:00,1,304.5863691656449,303.3542576513112
2017-08-14 18:30:00,1,304.45950831346033,303.241806756977
2017-08-14 18:45:00,1,304.314965359809,303.11285656117946
2017-08-14 19:00:00,1,304.153550507765,302.968541313537
2017-08-14 19:15:00,1,303.97946152431996,302.8118045492107
2017-08-14 19:30:00,1,303.7996960965016,302.6480781732923
2017-08-14 19:45:00,1,303.6202783596504,302.48253270921043
2017-08-14 20:00:00,1,303.44480914221293,302.3209534281036
2017-08-14 20:15:00,1,303.2749012132033,302.167788904098
2017-08-14 20:30:00,1,303.111294820989,302.02540186120365
2017-08-14 20:45:00,1,302.9550208848283,301.8901163219979
2017-08-14 21:00:00,1,302.8068872695532,301.7558046390618
2017-08-14 21:15:00,1,302.66696466222083,301.6212806788784
2017-08-14 21:30:00,1,302.5349631849664,301.4889199258232
2017-08-14 21:45:00,1,302.4109247331062,301.36125384208174
2017-08-14 22:00:00,1,302.29500615327436,301.23952339560145
2017-08-14 22:15:00,1,302.1870921134837,301.12380497958935
2017-08-14 22:30:00,1,302.0868794147525,301.0136064558548
2017-08-14 22:45:00,1,301.99418290212793,300.90840416626463
2017-08-14 23:00:00,1,301.90885611848216,300.81520258462876
2017-08-14 23:15:00,1,301.8306021789613,300.734413640388
2017-08-14 23:30:00,1,301.75886685324474,300.66286834378576
2017-08-14 23:45:00,1,301.69267550731587,300.59756529151394
2017-08-15 00:00:00,1,301.6309249601857,300.536754030378
2017-08-15 00:15:00,1,301.57270100108224,300.47948187607005
2017-08-15 00:30:00,1,301.5172347776882,300.42498290120136
2017-08-15 00:45:00,1,301.4636898168704,300.3724206810264
2017-08-15 01:00:00,1,301.41131677856924,300.32099583650313
2017-08-15 01:15:00,1,301.3596048625592,300.27011693510826
2017-08-15 01:30:00,1,301.30819087527794,300.21937451085296
2017-08-15 01:45:00,1,301.25665477910223,300.1683204818151
2017-08-15 02:00:00,1,301.2045602219255,300.11639268352945
2017-08-15 02:15:00,1,301.1516101644885,300.0630975824868
2017-08-15 02:30:00,1,301.09787432535575,300.0084087799208
2017-08-15 02:45:00,1,301.04405447429104,299.9530654500497
2017-08-15 03:00:00,1,300.99105347613136,299.89826631846404
2017-08-15 03:15:00,1,300.9395351840139,299.8450746801477
2017-08-15 03:30:00,1,300.88993362239586,299.79419354320606
2017-08-15 03:45:00,1,300.84271066160795,299.74618773198296
2017-08-15 04:00:00,1,300.7983407746357,299.7016336147043
2017-08-15 04:15:00,1,300.7571371387613,299.661146338437
2017-08-15 04:30:00,1,300.7191218620932,299.62478886232344
2017-08-15 04:45:00,1,300.6838806452378,299.59198974844867
2017-08-15 05:00:00,1,300.65079885414747,299.56189200065165
2017-08-15 05:15:00,1,300.6193432005941,299.5337193253169
2017-08-15 05:30:00,1,300.5889816747003,299.5067133754051
2017-08-15 05:45:00,1,300.5594862470289,299.4804844389821
2017-08-15 06:00:00,1,300.53273515191717,299.45614599383265
2017-08-15 06:15:00,1,300.51154170725357,299.43608788553144
2017-08-15 06:30:00,1,300.49855860914005,299.42340177844034
2017-08-15 06:45:00,1,300.49679453777776,299.42147464812064
2017-08-15 07:00:00,1,300.5088448310266,299.43307111498234
2017-08-15 07:15:00,1,300.5356432275379,299.4591397554457
2017-08-15 07:30:00,1,300.5771837448119,299.4989099249849
2017-08-15 07:45:00,1,300.63415667258835,299.5508720556527
2017-08-15 08:00:00,1,300.7074931978794,299.6139146756286
2017-08-15 08:15:00,1,300.79811696326783,299.6843558931818
2017-08-15 08:30:00,1,300.9065594806346,299.76375904260385
2017-08-15 08:45:00,1,301.03160595916887,299.85619426907033
2017-08-15 09:00:00,1,301.1702191063052,299.95955562778386
2017-08-15 09:15:00,1,301.3184480947299,300.0778292521226
2017-08-15 09:30:00,1,301.4727026829556,300.2104040623099
2017-08-15 09:45:00,1,301.6309368145541,300.3584921940805
2017-08-15 10:00:00,1,301.79231263424373,300.52185368984516
2017-08-15 10:15:00,1,301.9557981308585,300.6892096673249
2017-08-15 10:30:00,1,302.1198127161298,300.8530897632681
2017-08-15 10:45:00,1,302.2820076796357,301.0114585331776
2017-08-15 11:00:00,1,302.43988781981943,301.164033794929
2017-08-15 11:15:00,1,302.5913375937488,301.30994293325887
2017-08-15 11:30:00,1,302.7348651745136,301.4478325958498
2017-08-15 11:45:00,1,302.86971085270324,301.57675105938245
2017-08-15 12:00:00,1,302.9955673676192,301.6963985944827
2017-08-15 12:15:00,1,303.11228925217534,301.80678176458576
2017-08-15 12:30:00,1,303.2212021394358,301.9089158816788
2017-08-15 12:45:00,1,303.32706927194846,302.0060557337702
2017-08-15 13:00:00,1,303.4347667975335,302.1028416375004
2017-08-15 13:15:00,1,303.5465370191875,302.20309631404274
2017-08-15 13:30:00,1,303.6623001139113,302.3081866098509
2017-08-15 13:45:00,1,303.78026844635735,302.4169113029571
2017-08-15 14:00:00,1,303.8979891303077,302.52667617245555
2017-08-15 14:15:00,1,304.0129303137187,302.6347349895964
2017-08-15 14:30:00,1,304.1229133726443,302.73892260787136
2017-08-15 14:45:00,1,304.22638706979336,302.83780551968465
2017-08-15 15:00:00,1,304.3220836660701,302.9302749849636
2017-08-15 15:15:00,1,304.4084532683037,303.01506889440236
2017-08-15 15:30:00,1,304.4841424532986,303.0910149685362
2017-08-15 15:45:00,1,304.54852745328844,303.1574655575735
2017-08-15 16:00:00,1,304.6009140857627,303.21379082142863
2017-08-15 16:15:00,1,304.6396703952019,303.2585807143588
2017-08-15 16:30:00,1,304.6631157497916,303.29033008806977
2017-08-15 16:45:00,1,304.6703234388143,303.307968167067
2017-08-15 17:00:00,1,304.6610387635673,303.31074084144325
2017-08-15 17:15:00,1,304.63448432701017,303.29777226708404
2017-08-15 17:30:00,1,304.59048580599455,303.2686115020826
2017-08-15 17:45:00,1,304.52980285516986,303.22368231371513
2017-08-15 18:00:00,1,304.4530967400129,303.16352665843607
2017-08-15 18:15:00,1,304.3594498809186,303.08749214899626
2017-08-15 18:30:00,1,304.24718620370754,302.9944833153128
2017-08-15 18:45:00,1,304.115881886058,302.882614538904
2017-08-15 19:00:00,1,303.9652944539404,302.75158019072836
2017-08-15 19:15:00,1,303.79761068626635,302.6040918476658
2017-08-15 19:30:00,1,303.6210496683796,302.4471362486653
2017-08-15 19:45:00,1,303.44486244715085,302.2895751879093
2017-08-15 20:00:00,1,303.2749956018229,302.1353892077478
2017-08-15 20:15:00,1,303.1142725625623,301.987744968539
2017-08-15 20:30:00,1,302.96352494019504,301.84914292263346
2017-08-15 20:45:00,1,302.82235255198714,301.720524021236
2017-08-15 21:00:00,1,302.6898424322086,301.60059527080597
2017-08-15 21:15:00,1,302.565030477224,301.4849851769067
2017-08-15 21:30:00,1,302.4470999315877,301.3717391396009
2017-08-15 21:45:00,1,302.33551800062907,301.2610484026738
2017-08-15 22:00:00,1,302.22985512521865,301.1535273675877
2017-08-15 22:15:00,1,302.12963438001486,301.0491563629792
2017-08-15 22:30:00,1,302.03436425078246,300.9469581073203
2017-08-15 22:45:00,1,301.94362606980127,300.85071936611297
2017-08-15 23:00:00,1,301.8570547031126,300.7627056076529
2017-08-15 23:15:00,1,301.7742912221517,300.6814333433625
2017-08-15 23:30:00,1,301.6949867211891,300.6045206171467
2017-08-15 23:45:00,1,301.61882905494707,300.5306193914978
2017-08-16 00:00:00,1,301.5455321699512,300.459393576807
2017-08-16 00:15:00,1,301.47482300423667,300.39081057273063
2017-08-16 00:30:00,1,301.4065430114923,300.3248127780373
2017-08-16 00:45:00,1,301.3408598441431,300.26144032982734
2017-08-16 01:00:00,1,301.27803165643445,300.20085549495724
2017-08-16 01:15:00,1,301.21815518993714,300.1431694658763
2017-08-16 01:30:00,1,301.16107143746,300.08825774813107
2017-08-16 01:45:00,1,301.1062409519066,300.0356684309968
2017-08-16 02:00:00,1,301.05301806619997,299.98479004945705
2017-08-16 02:15:00,1,301.0009094371559,299.93510336168475
2017-08-16 02:30:00,1,300.9495801697439,299.88624632196394
2017-08-16 02:45:00,1,300.8987760383118,299.83794032445087
2017-08-16 03:00:00,1,300.8482914276627,299.78992945224354
2017-08-16 03:15:00,1,300.7979743514693,299.7419906842281
2017-08-16 03:30:00,1,300.7477871901839,299.6940273434378
2017-08-16 03:45:00,1,300.69791712429446,299.6461056666176
2017-08-16 04:00:00,1,300.64858553929224,299.5983333697239
2017-08-16 04:15:00,1,300.59990386475647,299.5507438165847
2017-08-16 04:30:00,1,300.5521697099883,299.5036752562542
2017-08-16 04:45:00,1,300.50657082433196,299.45843826032666
2017-08-16 05:00:00,1,300.46465946468277,299.4171628246096
2017-08-16 05:15:00,1,300.42745884728475,299.3813962453108
2017-08-16 05:30:00,1,300.3950676049689,299.3513066518148
2017-08-16 05:45:00,1,300.36700269573464,299.32624786893786
2017-08-16 06:00:00,1,300.34432788670614,299.3063833217262
2017-08-16 06:15:00,1,300.32906820007963,299.2928119801343
2017-08-16 06:30:00,1,300.3232856092089,299.28757598413614
2017-08-16 06:45:00,1,300.32896317137363,299.29289909936875
2017-08-16 07:00:00,1,300.34768736021107,299.31043906616316
2017-08-16 07:15:00,1,300.38010415952596,299.34082977180447
2017-08-16 07:30:00,1,300.4261226895924,299.38299279104075
2017-08-16 07:45:00,1,300.4851488622264,299.43485029343265
2017-08-16 08:00:00,1,300.55650601746373,299.4942085019061
2017-08-16 08:15:00,1,300.63933793346075,299.55606754955994
2017-08-16 08:30:00,1,300.7328977371929,299.6233754171838
2017-08-16 08:45:00,1,300.8372281028411,299.70031065129234
2017-08-16 09:00:00,1,300.95241830004096,299.7876006336996
2017-08-16 09:15:00,1,301.0775512397871,299.88173748388897
2017-08-16 09:30:00,1,301.21123031309355,299.9862126909864
2017-08-16 09:45:00,1,301.35278499953046,300.1044715475531
2017-08-16 10:00:00,1,301.5020011655332,300.2383282379258
2017-08-16 10:15:00,1,301.6578765227953,300.39146879502476
2017-08-16 10:30:00,1,301.8184349177084,300.55340399950967
2017-08-16 10:45:00,1,301.98040710232135,300.7145494608145
2017-08-16 11:00:00,1,302.14026275418945,300.87040550751897
2017-08-16 11:15:00,1,302.29511079791826,301.0194550533169
2017-08-16 11:30:00,1,302.4430673922121,301.16104431748255
2017-08-16 11:45:00,1,302.58420998112473,301.2951545441681
2017-08-16 12:00:00,1,302.7195923713824,301.4235263479279
2017-08-16 12:15:00,1,302.8499493890479,301.54760074077876
2017-08-16 12:30:00,1,302.97650073095633,301.6683686791585
2017-08-16 12:45:00,1,303.10229016582525,301.7873882187372
2017-08-16 13:00:00,1,303.23001218376254,301.90682020974947
2017-08-16 13:15:00,1,303.36039308756256,302.02825678963245
2017-08-16 13:30:00,1,303.49285132214914,302.15207318064245
2017-08-16 13:45:00,1,303.6261958403455,302.2775012468515
2017-08-16 14:00:00,1,303.75820384452385,302.40268140971756
2017-08-16 14:15:00,1,303.88612011788524,302.5250922088116
2017-08-16 14:30:00,1,304.0076027828459,302.64235082157245
2017-08-16 14:45:00,1,304.12102660150885,302.7532620737397
2017-08-16 15:00:00,1,304.2252143212359,302.85768280276085
2017-08-16 15:15:00,1,304.3188639628992,302.954776868682
2017-08-16 15:30:00,1,304.40067170585064,303.04259796721976
2017-08-16 15:45:00,1,304.4695042353285,303.11919322182627
2017-08-16 16:00:00,1,304.5243777845355,303.1831567908009
2017-08-16 16:15:00,1,304.5638366713921,303.2325051833273
2017-08-16 16:30:00,1,304.5867688984765,303.26498566762314
2017-08-16 16:45:00,1,304.5933772282257,303.280494801073
2017-08-16 17:00:00,1,304.5846632965573,303.28092845355394
2017-08-16 17:15:00,1,304.5609100070399,303.2678055524368
2017-08-16 17:30:00,1,304.5217255028875,303.2411935678849
2017-08-16 17:45:00,1,304.4667758904048,303.2006250856154
2017-08-16 18:00:00,1,304.3960478912115,303.145574722515
2017-08-16 18:15:00,1,304.3079970632541,303.07484455141844
2017-08-16 18:30:00,1,304.2004471773492,302.9858992992651
2017-08-16 18:45:00,1,304.07089878977837,302.87524325144904
2017-08-16 19:00:00,1,303.9169551311762,302.7405549227799
2017-08-16 19:15:00,1,303.7414025644734,302.5844382509954
2017-08-16 19:30:00,1,303.55408996376565,302.41551835199886
2017-08-16 19:45:00,1,303.3648709375522,302.24277189055704
2017-08-16 20:00:00,1,303.1795019910843,302.0717880648233
2017-08-16 20:15:00,1,303.00051514124254,301.9057081985297
2017-08-16 20:30:00,1,302.82892935697174,301.7474627646741
2017-08-16 20:45:00,1,302.66572672494215,301.598542346099
2017-08-16 21:00:00,1,302.51172092943233,301.4539462551704
2017-08-16 21:15:00,1,302.36712598984224,301.31216807852496
2017-08-16 21:30:00,1,302.2317540176099,301.17460078491297
2017-08-16 21:45:00,1,302.1054459961134,301.04280289561854
2017-08-16 22:00:00,1,301.9880018309117,300.91703516253864
2017-08-16 22:15:00,1,301.87902016154425,300.7984734681764
2017-08-16 22:30:00,1,301.77790430003944,300.69263610663637
2017-08-16 22:45:00,1,301.6838843871854,300.5988927895054
2017-08-16 23:00:00,1,301.59616417107964,300.5137407921387
2017-08-16 23:15:00,1,301.51401085692055,300.4345923628935
2017-08-16 23:30:00,1,301.436675647347,300.3603435001707
2017-08-16 23:45:00,1,301.36320117748824,300.2902613627458
2017-08-17 00:00:00,1,301.29260486738525,300.22334452662136
2017-08-17 00:15:00,1,301.22411077121274,300.15850653802164
2017-08-17 00:30:00,1,301.1571339708634,300.0948673316138
2017-08-17 00:45:00,1,301.09114237132826,300.03174540088514
2017-08-17 01:00:00,1,301.0256542705263,299.9685458920075
2017-08-17 01:15:00,1,300.96030943522413,299.90475077521967
2017-08-17 01:30:00,1,300.8949998784874,299.8401641854422
2017-08-17 01:45:00,1,300.83007897179084,299.77526303760885
2017-08-17 02:00:00,1,300.7661403215759,299.71108155496876
2017-08-17 02:15:00,1,300.70368704921145,299.64869774176486
2017-08-17 02:30:00,1,300.6432979005201,299.58907535130373
2017-08-17 02:45:00,1,300.5862700412372,299.53334192683246
2017-08-17 03:00:00,1,300.53408098685554,299.48269516614783
2017-08-17 03:15:00,1,300.48767972759225,299.4379819872819
2017-08-17 03:30:00,1,300.44723890311246,299.3994089470677
2017-08-17 03:45:00,1,300.41185916141296,299.365995714915
2017-08-17 04:00:00,1,300.38017668974965,299.33611663466087
2017-08-17 04:15:00,1,300.3510773127217,299.30838608511044
2017-08-17 04:30:00,1,300.32390306160545,299.282119998847
2017-08-17 04:45:00,1,300.2984723655403,299.25708019327396
2017-08-17 05:00:00,1,300.274842520653,299.2335098690979
2017-08-17 05:15:00,1,300.2530750741883,299.2117309861046
2017-08-17 05:30:00,1,300.2330403857979,299.19178929821743
2017-08-17 05:45:00,1,300.2147797986307,299.17396517036394
2017-08-17 06:00:00,1,300.2002714644682,299.1598507152436
2017-08-17 06:15:00,1,300.19204999192647,299.15185794094805
2017-08-17 06:30:00,1,300.19196422109667,299.1521753125373
2017-08-17 06:45:00,1,300.20177915892674,299.16247663063143
2017-08-17 07:00:00,1,300.22332789431414,299.1840292221138
2017-08-17 07:15:00,1,300.25779371693943,299.2170953166961
2017-08-17 07:30:00,1,300.30528286885664,299.26045800162336
2017-08-17 07:45:00,1,300.3654832830109,299.3124282551862
2017-08-17 08:00:00,1,300.43826828374887,299.3708948867345
2017-08-17 08:15:00,1,300.5240392297154,299.43241543395266
2017-08-17 08:30:00,1,300.623509484161,299.5035721499809
2017-08-17 08:45:00,1,300.73744434497524,299.58875086262816
2017-08-17 09:00:00,1,300.8659042471452,299.6874173948524
2017-08-17 09:15:00,1,301.00709830821864,299.79527022351067
2017-08-17 09:30:00,1,301.1582457280835,299.9175993617318
2017-08-17 09:45:00,1,301.31707694966934,300.0567078277622
2017-08-17 10:00:00,1,301.4819132730838,300.21817603829646
2017-08-17 10:15:00,1,301.6510153450572,300.3895438196704
2017-08-17 10:30:00,1,301.82277897570395,300.5611838264535
2017-08-17 10:45:00,1,301.99635795976104,300.73050166390067
2017-08-17 11:00:00,1,302.17129814420355,300.89865982628885
2017-08-17 11:15:00,1,302.34683615534624,301.0665836537094
2017-08-17 11:30:00,1,302.52142714951043,301.2332943738443
2017-08-17 11:45:00,1,302.69189631207684,301.3965113269441
2017-08-17 12:00:00,1,302.8546758741481,301.55289230481327
2017-08-17 12:15:00,1,303.0072649503239,301.6996594013819
2017-08-17 12:30:00,1,303.14942091020043,301.83597035246595
2017-08-17 12:45:00,1,303.2840298166452,301.9633858918143
2017-08-17 13:00:00,1,303.4142072015131,302.0847915917799
2017-08-17 13:15:00,1,303.5411811611253,302.2025460091066
2017-08-17 13:30:00,1,303.66486228214137,302.31790820044915
2017-08-17 13:45:00,1,303.78497692658385,302.43161640289605
2017-08-17 14:00:00,1,303.9011138270724,302.54371712307153
2017-08-17 14:15:00,1,304.0123487103879,302.6532155642938
2017-08-17 14:30:00,1,304.1176092937133,302.7585548491692
2017-08-17 14:45:00,1,304.2162399135745,302.8579303799392
2017-08-17 15:00:00,1,304.3076909347493,302.9494265557761
2017-08-17 15:15:00,1,304.39095762798667,303.0319009392151
2017-08-17 15:30:00,1,304.46514600476814,303.1055663086676
2017-08-17 15:45:00,1,304.53048863554596,303.17223222859224
2017-08-17 16:00:00,1,304.58757215163615,303.23386117778267
2017-08-17 16:15:00,1,304.63545388779187,303.29004814193956
2017-08-17 16:30:00,1,304.6720767747205,303.33790703539904
2017-08-17 16:45:00,1,304.69493089052025,303.3740552506437
2017-08-17 17:00:00,1,304.7023627463943,303.3961761083546
2017-08-17 17:15:00,1,304.6932149650272,303.4024877742685
2017-08-17 17:30:00,1,304.6667392683286,303.3914147102722
2017-08-17 17:45:00,1,304.622735836743,303.36245027917283
2017-08-17 18:00:00,1,304.5605295268513,303.3153522360435
2017-08-17 18:15:00,1,304.47700504434164,303.2474398983333
2017-08-17 18:30:00,1,304.3688858026975,303.15502598551666
2017-08-17 18:45:00,1,304.23391737511696,303.0359556965701
2017-08-17 19:00:00,1,304.0707653354368,302.8894346348253
2017-08-17 19:15:00,1,303.8822205531188,302.71866119197773
2017-08-17 19:30:00,1,303.6789300408961,302.53278342909255
2017-08-17 19:45:00,1,303.47289127737116,302.34317674648656
2017-08-17 20:00:00,1,303.27182607186006,302.15624635292244
2017-08-17 20:15:00,1,303.0794063909765,301.97646326668075
2017-08-17 20:30:00,1,302.8971259285704,301.80724638229003
2017-08-17 20:45:00,1,302.7260450633336,301.65213050279715
2017-08-17 21:00:00,1,302.56689051652694,301.50361968712355
2017-08-17 21:15:00,1,302.41973238890307,301.3601767496246
2017-08-17 21:30:00,1,302.28400910335597,301.22344247342045
2017-08-17 21:45:00,1,302.15854294233486,301.09446568005467
2017-08-17 22:00:00,1,302.0419580986904,300.9725537374195
2017-08-17 22:15:00,1,301.933044174947,300.85574310014624
2017-08-17 22:30:00,1,301.8308331329293,300.7466985735794
2017-08-17 22:45:00,1,301.7346079466939,300.64830630693984
2017-08-17 23:00:00,1,301.64380891965067,300.5591178401635
2017-08-17 23:15:00,1,301.55792679353095,300.4763060830099
2017-08-17 23:30:00,1,301.4763516592643,300.39795072690976
2017-08-17 23:45:00,1,301.3981262702731,300.3230028818602
2017-08-18 00:00:00,1,301.3222329766216,300.25062597616954
2017-08-18 00:15:00,1,301.24790972917884,300.18001467806664
2017-08-18 00:30:00,1,301.1749119922857,300.1107813558335
2017-08-18 00:45:00,1,301.1039618061613,300.04336782121294
2017-08-18 01:00:00,1,301.03607873130125,299.97873062791786
2017-08-18 01:15:00,1,300.97189542578417,299.91766361107415
2017-08-18 01:30:00,1,300.9116374235238,299.86045503553055
2017-08-18 01:45:00,1,300.8553212696999,299.806993239952
2017-08-18 02:00:00,1,300.80289298744503,299.75703661443765
2017-08-18 02:15:00,1,300.75426843495126,299.710386452457
2017-08-18 02:30:00,1,300.70916004538157,299.6667423515416
2017-08-18 02:45:00,1,300.66660131231777,299.62536214035526
2017-08-18 03:00:00,1,300.62529261395895,299.5851176672254
2017-08-18 03:15:00,1,300.58416973100236,299.544903845676
2017-08-18 03:30:00,1,300.54280029587926,299.50426000981037
2017-08-18 03:45:00,1,300.5019877246626,299.4639121400078
2017-08-18 04:00:00,1,300.463110232288,299.425536785325
2017-08-18 04:15:00,1,300.42720030319316,299.3905122023496
2017-08-18 04:30:00,1,300.39466298254814,299.3593110805674
2017-08-18 04:45:00,1,300.36521351756807,299.3315261185854
2017-08-18 05:00:00,1,300.33827165158954,299.3062304092061
2017-08-18 05:15:00,1,300.31335201589985,299.2826169784031
2017-08-18 05:30:00,1,300.29012222197736,299.2602399540431
2017-08-18 05:45:00,1,300.26898060079014,299.23968752561717
2017-08-18 06:00:00,1,300.25258310577766,299.2232560492041
2017-08-18 06:15:00,1,300.24379012832907,299.2139476054649
2017-08-18 06:30:00,1,300.24413810219767,299.2138061201719
2017-08-18 06:45:00,1,300.25437215700117,299.2235407119512
2017-08-18 07:00:00,1,300.2749281728109,299.2430799354142
2017-08-18 07:15:00,1,300.30620356169163,299.2721155195427
2017-08-18 07:30:00,1,300.3492452318774,299.3101844207217
2017-08-18 07:45:00,1,300.40565246639886,299.3572029040255
2017-08-18 08:00:00,1,300.47735945965167,299.4120992012896
2017-08-18 08:15:00,1,300.5656222097088,299.4724175219633
2017-08-18 08:30:00,1,300.6704053253805,299.5449079427907
2017-08-18 08:45:00,1,300.78974416562556,299.63235071434354
2017-08-18 09:00:00,1,300.919934547627,299.7316639096117
2017-08-18 09:15:00,1,301.0566998374449,299.83583181376616
2017-08-18 09:30:00,1,301.1964236421321,299.9483885486036
2017-08-18 09:45:00,1,301.33775015408446,300.07106981728754
2017-08-18 10:00:00,1,301.48065375665874,300.2092840616781
2017-08-18 10:15:00,1,301.62480040132647,300.35361456137605
2017-08-18 10:30:00,1,301.7698504059933,300.49734144669566
2017-08-18 10:45:00,1,301.91682594933854,300.6399540103229
2017-08-18 11:00:00,1,302.06719179772176,300.78422157775356
2017-08-18 11:15:00,1,302.22147594414866,300.9323230125798
2017-08-18 11:30:00,1,302.3786786555776,301.08377825447053
2017-08-18 11:45:00,1,302.5353681756521,301.23522667608165
2017-08-18 12:00:00,1,302.68739662843166,301.3821453961671
2017-08-18 12:15:00,1,302.83173997235434,301.5209479442377
2017-08-18 12:30:00,1,302.96791464107565,301.6503366456488
2017-08-18 12:45:00,1,303.09924224769617,301.7714132944097
2017-08-18 13:00:00,1,303.2294647752687,301.88926018282274
2017-08-18 13:15:00,1,303.36010408279225,302.0080314532683
2017-08-18 13:30:00,1,303.49062028000174,302.1288472664276
2017-08-18 13:45:00,1,303.6188570749883,302.2499202863681
2017-08-18 14:00:00,1,303.7421751722257,302.3681894640644
2017-08-18 14:15:00,1,303.8581949144244,302.4808533238349
2017-08-18 14:30:00,1,303.96512548762746,302.5860033609022
2017-08-18 14:45:00,1,304.0619023745198,302.68255430886313
2017-08-18 15:00:00,1,304.14779238309984,302.76974473617486
2017-08-18 15:15:00,1,304.22188770476606,302.8458926745157
2017-08-18 15:30:00,1,304.28378613009653,302.909931958251
2017-08-18 15:45:00,1,304.3347247830626,302.96417551641844
2017-08-18 16:00:00,1,304.3762825432314,303.011925050819
2017-08-18 16:15:00,1,304.40890700136606,303.05421803946297
2017-08-18 16:30:00,1,304.43154752728003,303.0894423902296
2017-08-18 16:45:00,1,304.44225521671285,303.1150604256034
2017-08-18 17:00:00,1,304.4396570650297,303.1291401463582
2017-08-18 17:15:00,1,304.4227377544191,303.1306010021565
2017-08-18 17:30:00,1,304.39089547390626,303.1192684615412
2017-08-18 17:45:00,1,304.3440472379917,303.09147980328436
2017-08-18 18:00:00,1,304.28137331265714,303.04547965297246
2017-08-18 18:15:00,1,304.1990842151424,302.97903281568944
2017-08-18 18:30:00,1,304.0930709638404,302.8888618243645
2017-08-18 18:45:00,1,303.9603120252678,302.77176866533927
2017-08-18 19:00:00,1,303.79881920266047,302.6259661149219
2017-08-18 19:15:00,1,303.61076085422246,302.45467083949075
2017-08-18 19:30:00,1,303.40677391910333,302.2648396267072
2017-08-18 19:45:00,1,303.19966253036847,302.06901454797736
2017-08-18 20:00:00,1,302.9981672823448,301.8770783948342
2017-08-18 20:15:00,1,302.80671366388526,301.6948912136685
2017-08-18 20:30:00,1,302.62697277065035,301.5273253073061
2017-08-18 20:45:00,1,302.4591472234485,301.3721262771339
2017-08-18 21:00:00,1,302.30272266286653,301.2231570054709
2017-08-18 21:15:00,1,302.1568710573834,301.07840746070104
2017-08-18 21:30:00,1,302.020779195063,300.93866822269644
2017-08-18 21:45:00,1,301.894012315457,300.8047003374083
2017-08-18 22:00:00,1,301.77629777301934,300.67841089448757
2017-08-18 22:15:00,1,301.66722515384924,300.56619544176704
2017-08-18 22:30:00,1,301.5660358471988,300.46723028687995
2017-08-18 22:45:00,1,301.47129098058235,300.3769945808963
2017-08-18 23:00:00,1,301.3813907183473,300.29174331448706
2017-08-18 23:15:00,1,301.29510273913326,300.2097242476213
2017-08-18 23:30:00,1,301.21179007151835,300.13055253266793
2017-08-18 23:45:00,1,301.1317103887957,300.05456936512405
2017-08-19 00:00:00,1,301.05542716017123,299.98233051101334
2017-08-19 00:15:00,1,300.9832386797174,299.9141945466251
2017-08-19 00:30:00,1,300.91498905711444,299.8500098032008
2017-08-19 00:45:00,1,300.8498552342208,299.7889743812286
2017-08-19 01:00:00,1,300.7868014065165,299.72995261479775
2017-08-19 01:15:00,1,300.7250294870974,299.6719565810472
2017-08-19 01:30:00,1,300.6640453245431,299.61440010100705
2017-08-19 01:45:00,1,300.60363798122586,299.5570827328064
2017-08-19 02:00:00,1,300.54374597070785,299.5000110709379
2017-08-19 02:15:00,1,300.4843347227396,299.44322406377137
2017-08-19 02:30:00,1,300.42542105055685,299.3867594952308
2017-08-19 02:45:00,1,300.36717639878896,299.330667639411
2017-08-19 03:00:00,1,300.3097656837528,299.27494404087327
2017-08-19 03:15:00,1,300.25325853540926,299.2195237006767
2017-08-19 03:30:00,1,300.19786327755367,299.16457376422665
2017-08-19 03:45:00,1,300.14427176048935,299.1108249200884
2017-08-19 04:00:00,1,300.09333424024607,299.05936126349656
2017-08-19 04:15:00,1,300.0456558694036,299.01110622550846
2017-08-19 04:30:00,1,300.0016170613969,298.9666344169121
2017-08-19 04:45:00,1,299.9616467754739,298.9265201469039
2017-08-19 05:00:00,1,299.9261510322165,298.8910984997891
2017-08-19 05:15:00,1,299.89533073430647,298.86049143694
2017-08-19 05:30:00,1,299.86903568001304,298.8345831739452
2017-08-19 05:45:00,1,299.8472130014178,298.81357028658044
2017-08-19 06:00:00,1,299.83182461346877,298.7987756893091
2017-08-19 06:15:00,1,299.8252321279669,298.7923993330387
2017-08-19 06:30:00,1,299.8287823227833,298.7961574133526
2017-08-19 06:45:00,1,299.8434552937647,298.8108935634922
2017-08-19 07:00:00,1,299.8701297616759,298.8368041460119
2017-08-19 07:15:00,1,299.90899629674914,298.87327663898793
2017-08-19 07:30:00,1,299.9600446154652,298.9188957448322
2017-08-19 07:45:00,1,300.0234666150691,298.9725593398987
2017-08-19 08:00:00,1,300.0997858179081,299.03306011403396
2017-08-19 08:15:00,1,300.19020379524216,299.09654443876707
2017-08-19 08:30:00,1,300.29587422438243,299.1707491820396
2017-08-19 08:45:00,1,300.4161668944586,299.2598913423659
2017-08-19 09:00:00,1,300.54804754897634,299.36190541919467
2017-08-19 09:15:00,1,300.6873716691733,299.47140959561386
2017-08-19 09:30:00,1,300.8308743316105,299.58371187168166
2017-08-19 09:45:00,1,300.97799927856653,299.7042168457391
2017-08-19 10:00:00,1,301.1296466261603,299.83714190663017
2017-08-19 10:15:00,1,301.2862426259032,299.9887354894268
2017-08-19 10:30:00,1,301.4477253701078,300.1521151153269
2017-08-19 10:45:00,1,301.6145562042946,300.3196547937935
2017-08-19 11:00:00,1,301.78729145757484,300.48931135122234
2017-08-19 11:15:00,1,301.96575311604096,300.6622181486346
2017-08-19 11:30:00,1,302.14820941045735,300.8381990366792
2017-08-19 11:45:00,1,302.3296319591693,301.0134266646653
2017-08-19 12:00:00,1,302.5040158691893,301.1820500247968
2017-08-19 12:15:00,1,302.667146658531,301.3392158005137
2017-08-19 12:30:00,1,302.8182408981985,301.4831647435007
2017-08-19 12:45:00,1,302.96119304890107,301.61719656428085
2017-08-19 13:00:00,1,303.10071246220417,301.74650041331347
2017-08-19 13:15:00,1,303.2392108878427,301.875101522236
2017-08-19 13:30:00,1,303.3769725416348,302.0043940370684
2017-08-19 13:45:00,1,303.51292518985605,302.1335520798598
2017-08-19 14:00:00,1,303.64536791540104,302.2606888828617
2017-08-19 14:15:00,1,303.77233106609236,302.38342096834833
2017-08-19 14:30:00,1,303.89205659397754,302.4993778253257
2017-08-19 14:45:00,1,304.00342907144045,302.60715425188477
2017-08-19 15:00:00,1,304.10560570100085,302.7062815927961
2017-08-19 15:15:00,1,304.1974470787928,302.7963649002693
2017-08-19 15:30:00,1,304.2776349834938,302.8770094140466
2017-08-19 15:45:00,1,304.3447324196512,302.9478865986899
2017-08-19 16:00:00,1,304.3974999329145,303.00810974408967
2017-08-19 16:15:00,1,304.4348221600547,303.05610944606565
2017-08-19 16:30:00,1,304.4556772589416,303.0903528104124
2017-08-19 16:45:00,1,304.4600586302219,303.11037525002433
2017-08-19 17:00:00,1,304.4488651355545,303.11659030113117
2017-08-19 17:15:00,1,304.42244585799136,303.109233948007
2017-08-19 17:30:00,1,304.3808298678964,303.08854633866423
2017-08-19 17:45:00,1,304.32430996452393,303.05325978691184
2017-08-19 18:00:00,1,304.2523702629119,303.0003387407619
2017-08-19 18:15:00,1,304.1615280680011,302.9268479164617
2017-08-19 18:30:00,1,304.0478057833846,302.8298044610185
2017-08-19 18:45:00,1,303.90809512185257,302.70644424414957
2017-08-19 19:00:00,1,303.740628000792,302.5553762974308
2017-08-19 19:15:00,1,303.548275104235,302.3801978220539
2017-08-19 19:30:00,1,303.3418418470246,302.1895522532783
2017-08-19 19:45:00,1,303.1333139947401,301.9942819058727
2017-08-19 20:00:00,1,302.9304082630712,301.80274042442124
2017-08-19 20:15:00,1,302.7368675768189,301.61999198955976
2017-08-19 20:30:00,1,302.55413161250124,301.45041317639595
2017-08-19 20:45:00,1,302.38273186905616,301.29404869240255
2017-08-19 21:00:00,1,302.22267684390494,301.144265541285
2017-08-19 21:15:00,1,302.07351237868323,300.99866896063753
2017-08-19 21:30:00,1,301.9344983170903,300.8581701599706
2017-08-19 21:45:00,1,301.8047671952535,300.7236930822419
2017-08-19 22:00:00,1,301.68343198388584,300.5944224130688
2017-08-19 22:15:00,1,301.569645279492,300.4747024491103
2017-08-19 22:30:00,1,301.4625907148015,300.36716167591004
2017-08-19 22:45:00,1,301.36140646373394,300.2692473199081
2017-08-19 23:00:00,1,301.26524255648206,300.17727237561303
2017-08-19 23:15:00,1,301.1733576177662,300.08908413586914
2017-08-19 23:30:00,1,301.085269183038,300.0041423721461
2017-08-19 23:45:00,1,301.0010370752351,299.9227431228664
2017-08-20 00:00:00,1,300.9209441199324,299.84534148361234
2017-08-20 00:15:00,1,300.84511262718473,299.772184806562
2017-08-20 00:30:00,1,300.7733721264705,299.7031370292269
2017-08-20 00:45:00,1,300.7051432138308,299.6376638417424
2017-08-20 01:00:00,1,300.6397129160636,299.5750469239787
2017-08-20 01:15:00,1,300.5765045433708,299.5146543785319
2017-08-20 01:30:00,1,300.51522477561787,299.4561855351836
2017-08-20 01:45:00,1,300.456073649213,299.3998045473436
2017-08-20 02:00:00,1,300.399428905602,299.3459346383192
2017-08-20 02:15:00,1,300.3455054061344,299.2949050830105
2017-08-20 02:30:00,1,300.294170033538,299.24660083078834
2017-08-20 02:45:00,1,300.244676150486,299.2002834526746
2017-08-20 03:00:00,1,300.19608028133314,299.15489770232773
2017-08-20 03:15:00,1,300.1476858071186,299.1095561931617
2017-08-20 03:30:00,1,300.09925272384953,299.06391795413333
2017-08-20 03:45:00,1,300.0512822750225,299.0183021806465
2017-08-20 04:00:00,1,300.00456014773096,298.97334137531607
2017-08-20 04:15:00,1,299.9597006470376,298.9295631328491
2017-08-20 04:30:00,1,299.9170289533364,298.88721301531984
2017-08-20 04:45:00,1,299.87631128583934,298.846211286111
2017-08-20 05:00:00,1,299.8369658843885,298.8062556885016
2017-08-20 05:15:00,1,299.7984533443268,298.7671526482238
2017-08-20 05:30:00,1,299.7603660529264,298.72859776662267
2017-08-20 05:45:00,1,299.72301348651865,298.6909758721344
2017-08-20 06:00:00,1,299.68891980264465,298.6564079732329
2017-08-20 06:15:00,1,299.66123285822266,298.62805697512226
2017-08-20 06:30:00,1,299.6429225471848,298.60938644408054
2017-08-20 06:45:00,1,299.63727805383246,298.6037951826279
2017-08-20 07:00:00,1,299.6470066270833,298.6136842536314
2017-08-20 07:15:00,1,299.6727634311933,298.6391467122019
2017-08-20 07:30:00,1,299.71383462796507,298.67860025262564
2017-08-20 07:45:00,1,299.77015510896797,298.7301723337815
2017-08-20 08:00:00,1,299.842876418827,298.7929149091354
2017-08-20 08:15:00,1,299.93416358502844,298.866280724886
2017-08-20 08:30:00,1,300.0452799401259,298.94641689716923
2017-08-20 08:45:00,1,300.17526427438565,299.04032625479607
2017-08-20 09:00:00,1,300.32174628341073,299.1500888676385
2017-08-20 09:15:00,1,300.4817995128755,299.2711263758854
2017-08-20 09:30:00,1,300.65258222965105,299.40162201973243
2017-08-20 09:45:00,1,300.8312287122099,299.5457246615267
2017-08-20 10:00:00,1,301.0146378679102,299.7047594559787
2017-08-20 10:15:00,1,301.19961176793504,299.88335350997045
2017-08-20 10:30:00,1,301.38355910665297,300.0677322576639
2017-08-20 10:45:00,1,301.56534790969744,300.24786956575605
2017-08-20 11:00:00,1,301.744640718792,300.4219844327542
2017-08-20 11:15:00,1,301.9208579802674,300.5918535546967
2017-08-20 11:30:00,1,302.09287050483647,300.7581436655613
2017-08-20 11:45:00,1,302.258723220315,300.91927317533026
2017-08-20 12:00:00,1,302.41636195829216,301.07274149660464
2017-08-20 12:15:00,1,302.56434089672524,301.2165731560075
2017-08-20 12:30:00,1,302.7031843756584,301.3502843270852
2017-08-20 12:45:00,1,302.83703629540554,301.4771252069949
2017-08-20 13:00:00,1,302.97033763519215,301.6016703859126
2017-08-20 13:15:00,1,303.1050813766957,301.7274791203664
2017-08-20 13:30:00,1,303.2408087891665,301.8552961207019
2017-08-20 13:45:00,1,303.3747601477536,301.98277440570547
2017-08-20 14:00:00,1,303.5034313044687,302.10604558691387
2017-08-20 14:15:00,1,303.6237783613717,302.2215937405271
2017-08-20 14:30:00,1,303.73393824959453,302.3275604220495
2017-08-20 14:45:00,1,303.83389428104977,302.4240924573155
2017-08-20 15:00:00,1,303.92422252444015,302.51216166670486
2017-08-20 15:15:00,1,304.00488518433224,302.5923263626894
2017-08-20 15:30:00,1,304.0756581975156,302.66491161343293
2017-08-20 15:45:00,1,304.1358984290678,302.7301013589142
2017-08-20 16:00:00,1,304.1845265601462,302.787034873631
2017-08-20 16:15:00,1,304.21996833033336,302.8336931242148
2017-08-20 16:30:00,1,304.2409274792966,302.8681543540804
2017-08-20 16:45:00,1,304.2471320161778,302.88973546661094
2017-08-20 17:00:00,1,304.23897420262665,302.8985098824671
2017-08-20 17:15:00,1,304.2162297952971,302.89378052556043
2017-08-20 17:30:00,1,304.17838219410834,302.8742539644413
2017-08-20 17:45:00,1,304.12534380032844,302.8398258286805
2017-08-20 18:00:00,1,304.0566476632486,302.7879523401974
2017-08-20 18:15:00,1,303.9695984502238,302.7166741398617
2017-08-20 18:30:00,1,303.8610192805901,302.6240334487368
2017-08-20 18:45:00,1,303.7284451439708,302.507924777437
2017-08-20 19:00:00,1,303.5706580847616,302.3673112051559
2017-08-20 19:15:00,1,303.3910958759701,302.20569334373505
2017-08-20 19:30:00,1,303.1999913597804,302.0322581280877
2017-08-20 19:45:00,1,303.0075934753236,301.8558636234449
2017-08-20 20:00:00,1,302.8199360314246,301.68266728065765
2017-08-20 20:15:00,1,302.63973161059994,301.5156238974769
2017-08-20 20:30:00,1,302.46818152486645,301.3572032441176
2017-08-20 20:45:00,1,302.30664595436224,301.21006091411255
2017-08-20 21:00:00,1,302.15633852456705,301.07150752149255
2017-08-20 21:15:00,1,302.0176854949154,300.9392873761739
2017-08-20 21:30:00,1,301.8902797858558,300.81367340843184
2017-08-20 21:45:00,1,301.7728644458079,300.69526625405393
2017-08-20 22:00:00,1,301.6639014287389,300.5835154071839
2017-08-20 22:15:00,1,301.5620717690362,300.4767860415069
2017-08-20 22:30:00,1,301.4663365333005,300.3754601206071
2017-08-20 22:45:00,1,301.37585022919035,300.28311229121005
2017-08-20 23:00:00,1,301.2899117985399,300.1990737216155
2017-08-20 23:15:00,1,301.2079418102805,300.12060152225274
2017-08-20 23:30:00,1,301.1294325490531,300.04561999175115
2017-08-20 23:45:00,1,301.0538693270986,299.97325638586426
2017-08-21 00:00:00,1,300.98075979546763,299.9031936733625
2017-08-21 00:15:00,1,300.9096894086569,299.8351459427373
2017-08-21 00:30:00,1,300.8403703395739,299.7687944666347
2017-08-21 00:45:00,1,300.7727340912652,299.7039698756532
2017-08-21 01:00:00,1,300.7068167894018,299.640693951741
2017-08-21 01:15:00,1,300.6426162347951,299.5790459473488
2017-08-21 01:30:00,1,300.5801141714094,299.5190734878408
2017-08-21 01:45:00,1,300.5193729342537,299.4607858944251
2017-08-21 02:00:00,1,300.46042171762315,299.40412160168194
2017-08-21 02:15:00,1,300.40317418967373,299.34891331769825
2017-08-21 02:30:00,1,300.34738025521955,299.29481552573964
2017-08-21 02:45:00,1,300.2925015348637,299.2412453574383
2017-08-21 03:00:00,1,300.2379491277062,299.1875386608271
2017-08-21 03:15:00,1,300.1833354248909,299.1332239159922
2017-08-21 03:30:00,1,300.1286281735558,299.07831624277804
2017-08-21 03:45:00,1,300.0743153616069,299.02343740228196
2017-08-21 04:00:00,1,300.02105260561075,298.969497300635
2017-08-21 04:15:00,1,299.9693184167158,298.9172471909429
2017-08-21 04:30:00,1,299.91953640137143,298.8673055792339
2017-08-21 04:45:00,1,299.8725651595051,298.82058567855535
2017-08-21 05:00:00,1,299.8294499676555,298.77826927397075
2017-08-21 05:15:00,1,299.790891311118,298.74143510666204
2017-08-21 05:30:00,1,299.7571468449963,298.7103711156305
2017-08-21 05:45:00,1,299.72877836170784,298.6853038297571
2017-08-21 06:00:00,1,299.7080124930985,298.66757807974744
2017-08-21 06:15:00,1,299.6973790058158,298.6589722825744
2017-08-21 06:30:00,1,299.6984010962915,298.6610685226853
2017-08-21 06:45:00,1,299.71136530262015,298.6744870804565
2017-08-21 07:00:00,1,299.7359149096889,298.698946312914
2017-08-21 07:15:00,1,299.7716307644841,298.7338707503471
2017-08-21 07:30:00,1,299.8190631357811,298.7784397086982
2017-08-21 07:45:00,1,299.87996734364685,298.83287785954224
2017-08-21 08:00:00,1,299.9562513897685,298.8974905024588
2017-08-21 08:15:00,1,300.0482174634743,298.97018223720795
2017-08-21 08:30:00,1,300.1547619104667,299.0470969222512
2017-08-21 08:45:00,1,300.27630700759954,299.1328709918458
2017-08-21 09:00:00,1,300.41429411911474,299.23040315258515
2017-08-21 09:15:00,1,300.5690860891437,299.3488240010189
2017-08-21 09:30:00,1,300.7392158290875,299.48982366551024
2017-08-21 09:45:00,1,300.92036530765216,299.64968049033223
2017-08-21 10:00:00,1,301.1064907770313,299.83061622629583
2017-08-21 10:15:00,1,301.2919434088596,300.0162420583215
2017-08-21 10:30:00,1,301.4731889848255,300.19528747276877
2017-08-21 10:45:00,1,301.650229996328,300.3663564911918
2017-08-21 11:00:00,1,301.8247021937019,300.5330506929178
2017-08-21 11:15:00,1,301.9975895791531,300.6983375830613
2017-08-21 11:30:00,1,302.1685986268345,300.8623647418392
2017-08-21 11:45:00,1,302.33577945995575,301.02299163345265
2017-08-21 12:00:00,1,302.4966177112595,301.17741502524973
2017-08-21 12:15:00,1,302.6493471305875,301.3234917435478
2017-08-21 12:30:00,1,302.7942673857517,301.4604094805331
2017-08-21 12:45:00,1,302.9336756417259,301.5903394859356
2017-08-21 13:00:00,1,303.0695163323846,301.71584445837385
2017-08-21 13:15:00,1,303.2021485538762,301.8385017290902
2017-08-21 13:30:00,1,303.3308495121836,301.95850021135016
2017-08-21 13:45:00,1,303.45448572931895,302.07506694692336
2017-08-21 14:00:00,1,303.5717502653129,302.1869626334344
2017-08-21 14:15:00,1,303.68108236470147,302.29271378870624
2017-08-21 14:30:00,1,303.78117055403527,302.39106257223676
2017-08-21 14:45:00,1,303.87154116685315,302.4813979023931
2017-08-21 15:00:00,1,303.9519906143387,302.5634595147419
2017-08-21 15:15:00,1,304.0220212690425,302.63694911171626
2017-08-21 15:30:00,1,304.08145384865503,302.7016579208739
2017-08-21 15:45:00,1,304.13033967190734,302.7574883694964
2017-08-21 16:00:00,1,304.1683631719126,302.8039545086913
2017-08-21 16:15:00,1,304.19423388647334,302.83903846083047
2017-08-21 16:30:00,1,304.2064823816702,302.8606113663927
2017-08-21 16:45:00,1,304.2040318782409,302.8688377423526
2017-08-21 17:00:00,1,304.18577734408666,302.86416398308734
2017-08-21 17:15:00,1,304.1499361292279,302.84531580328695
2017-08-21 17:30:00,1,304.0958913123339,302.81073577734986
2017-08-21 17:45:00,1,304.02482262294126,302.7603446168999
2017-08-21 18:00:00,1,303.93762338048657,302.6949222489727
2017-08-21 18:15:00,1,303.8328163388255,302.6112167043908
2017-08-21 18:30:00,1,303.70856274664663,302.5061678778386
2017-08-21 18:45:00,1,303.56158604615797,302.3765166040183
2017-08-21 19:00:00,1,303.3883642913372,302.22087182564184
2017-08-21 19:15:00,1,303.1960726831105,302.04524406494016
2017-08-21 19:30:00,1,302.99735086685797,301.8604520257001
2017-08-21 19:45:00,1,302.80147251701794,301.67702540291737
2017-08-21 20:00:00,1,302.61321548224527,301.50069660524554
2017-08-21 20:15:00,1,302.43442117995835,301.33355325479255
2017-08-21 20:30:00,1,302.26562799090334,301.1784417934934
2017-08-21 20:45:00,1,302.10739968239295,301.03165398046565
2017-08-21 21:00:00,1,301.96018151051396,300.89002583015343
2017-08-21 21:15:00,1,301.82389631133316,300.7538418807556
2017-08-21 21:30:00,1,301.697953208329,300.6244124012929
2017-08-21 21:45:00,1,301.58128478948237,300.50188026405243
2017-08-21 22:00:00,1,301.47269243330175,300.3844422926153
2017-08-21 22:15:00,1,301.37112711997923,300.2776074794956
2017-08-21 22:30:00,1,301.2757929615951,300.18234396279496
2017-08-21 22:45:00,1,301.18623896544995,300.0957398240339
2017-08-21 23:00:00,1,301.102143327581,300.01499289627856
2017-08-21 23:15:00,1,301.0231301205233,299.93888536227416
2017-08-21 23:30:00,1,300.9486945070179,299.8670569143699
2017-08-21 23:45:00,1,300.8780971862435,299.7990874295135
2017-08-22 00:00:00,1,300.81058037248755,299.7343167959877
2017-08-22 00:15:00,1,300.7455558924375,299.6720871855677
2017-08-22 00:30:00,1,300.6825967830508,299.6119214191518
2017-08-22 00:45:00,1,300.62137725651706,299.55348232655706
2017-08-22 01:00:00,1,300.5616311971077,299.49648448999403
2017-08-22 01:15:00,1,300.50314113044703,299.44066864404516
2017-08-22 01:30:00,1,300.4458431448564,299.3859538903984
2017-08-22 01:45:00,1,300.39005881960276,299.3326106792394
2017-08-22 02:00:00,1,300.3362282194005,299.28112352263514
2017-08-22 02:15:00,1,300.2846180611137,299.2318945399904
2017-08-22 02:30:00,1,300.2354963339336,299.1852465784639
2017-08-22 02:45:00,1,300.18966717776647,299.1417580160969
2017-08-22 03:00:00,1,300.14815725628785,299.10240516836075
2017-08-22 03:15:00,1,300.11167073310304,299.06791172001147
2017-08-22 03:30:00,1,300.08031147401425,299.0382095401436
2017-08-22 03:45:00,1,300.05321772362123,299.01250723689486
2017-08-22 04:00:00,1,300.02906227857727,298.98959053692624
2017-08-22 04:15:00,1,300.00672278374816,298.9683147985606
2017-08-22 04:30:00,1,299.9853746157888,298.94783523463093
2017-08-22 04:45:00,1,299.96425913517976,298.9274691297322
2017-08-22 05:00:00,1,299.94269486712966,298.90656726762364
2017-08-22 05:15:00,1,299.9201931492654,298.88455576701114
2017-08-22 05:30:00,1,299.8965496530587,298.86114554036334
2017-08-22 05:45:00,1,299.8725542181684,298.837145783255
2017-08-22 06:00:00,1,299.8510669037978,298.8151562079946
2017-08-22 06:15:00,1,299.8353913093725,298.7987036805955
2017-08-22 06:30:00,1,299.8284024755192,298.7912713245092
2017-08-22 06:45:00,1,299.8330806480123,298.79568346946064
2017-08-22 07:00:00,1,299.85155145688356,298.81337643733343
2017-08-22 07:15:00,1,299.8840607045543,298.8440895661678
2017-08-22 07:30:00,1,299.9300868553437,298.88573067427524
2017-08-22 07:45:00,1,299.9902391739031,298.93699339553217
2017-08-22 08:00:00,1,300.06568579581426,298.9967673358309
2017-08-22 08:15:00,1,300.15668638400695,299.06156245654023
2017-08-22 08:30:00,1,300.2626305782386,299.1360714942588
2017-08-22 08:45:00,1,300.381790210388,299.2210746496311
2017-08-22 09:00:00,1,300.51164280060385,299.3170167778897
2017-08-22 09:15:00,1,300.6493621517154,299.4267868642309
2017-08-22 09:30:00,1,300.79263462962535,299.5499120366912
2017-08-22 09:45:00,1,300.9407083218278,299.6856476907288
2017-08-22 10:00:00,1,301.09367621094293,299.83746509464373
2017-08-22 10:15:00,1,301.251133074061,299.99639337704934
2017-08-22 10:30:00,1,301.41172230835843,300.1551714156021
2017-08-22 10:45:00,1,301.5725855436857,300.31076076713146
2017-08-22 11:00:00,1,301.73038477800714,300.46174439431985
2017-08-22 11:15:00,1,301.8823565193163,300.6065501121273
2017-08-22 11:30:00,1,302.02692098717284,300.7438789723547
2017-08-22 11:45:00,1,302.16426151196333,300.87373079727536
2017-08-22 12:00:00,1,302.2952448267147,300.9971040204522
2017-08-22 12:15:00,1,302.4205810415157,301.1150384211234
2017-08-22 12:30:00,1,302.54186687376966,301.2285070107374
2017-08-22 12:45:00,1,302.66193943454726,301.33810894987164
2017-08-22 13:00:00,1,302.7828642828859,301.44526982240313
2017-08-22 13:15:00,1,302.90491697138384,301.55420929943347
2017-08-22 13:30:00,1,303.02773255401115,301.66672775891857
2017-08-22 13:45:00,1,303.15216188738316,301.78303110774436
2017-08-22 14:00:00,1,303.2793981056482,301.9030144772352
2017-08-22 14:15:00,1,303.40952411354965,302.0265173270757
2017-08-22 14:30:00,1,303.5409770830365,302.15221996931007
2017-08-22 14:45:00,1,303.6695474068071,302.27639795089226
2017-08-22 15:00:00,1,303.79027118772586,302.3940146715697
2017-08-22 15:15:00,1,303.89930349274346,302.50101981726345
2017-08-22 15:30:00,1,303.9947427572839,302.59560701465836
2017-08-22 15:45:00,1,304.0760428855903,302.6776827717949
2017-08-22 16:00:00,1,304.1428522455381,302.74733613578036
2017-08-22 16:15:00,1,304.1940544739057,302.80383064245706
2017-08-22 16:30:00,1,304.22841655909065,302.846217316039
2017-08-22 16:45:00,1,304.24514888495594,302.8739879189756
2017-08-22 17:00:00,1,304.2433665586453,302.8861656721897
2017-08-22 17:15:00,1,304.2213421130929,302.8808725743547
2017-08-22 17:30:00,1,304.17844473196357,302.8568090880794
2017-08-22 17:45:00,1,304.1157803640702,302.81430009161005
2017-08-22 18:00:00,1,304.0341775114129,302.75394873396664
2017-08-22 18:15:00,1,303.93206057129646,302.67413334733493
2017-08-22 18:30:00,1,303.8074367220476,302.57054111823936
2017-08-22 18:45:00,1,303.65652230415395,302.43872998150187
2017-08-22 19:00:00,1,303.47539509865504,302.2772383091606
2017-08-22 19:15:00,1,303.2728725531683,302.09403137619154
2017-08-22 19:30:00,1,303.06363828227154,301.90102558614853
2017-08-22 19:45:00,1,302.85831251883735,301.7101778086867
2017-08-22 20:00:00,1,302.6625119859898,301.5282689568701
2017-08-22 20:15:00,1,302.47849012578496,301.35719592819237
2017-08-22 20:30:00,1,302.30665762037864,301.1990848460998
2017-08-22 20:45:00,1,302.14650430357227,301.0531531067338
2017-08-22 21:00:00,1,301.99710847677346,300.9136049938413
2017-08-22 21:15:00,1,301.8574224881748,300.7777611818035
2017-08-22 21:30:00,1,301.72660458150915,300.6458608004825
2017-08-22 21:45:00,1,301.60452306112893,300.5190705576265
2017-08-22 22:00:00,1,301.49136231885234,300.3980429856976
2017-08-22 22:15:00,1,301.3870794833221,300.285641829512
2017-08-22 22:30:00,1,301.2912704191632,300.1867671729281
2017-08-22 22:45:00,1,301.2031268580255,300.10032512408543
2017-08-22 23:00:00,1,301.12167944573815,300.02253692234643
2017-08-22 23:15:00,1,301.04604560881506,299.9505461727748
2017-08-22 23:30:00,1,300.97539427102237,299.8830695470003
2017-08-22 23:45:00,1,300.90873620423804,299.81943367727774
2017-08-23 00:00:00,1,300.8451181691519,299.7589138960314
2017-08-23 00:15:00,1,300.78382826750294,299.7007490312229
2017-08-23 00:30:00,1,300.7243713048069,299.6443385757818
2017-08-23 00:45:00,1,300.6663817155769,299.58929233649286
2017-08-23 01:00:00,1,300.6095793997315,299.5353606147848
2017-08-23 01:15:00,1,300.5537514808203,299.48236083992964
2017-08-23 01:30:00,1,300.49873298828595,299.43014017175335
2017-08-23 01:45:00,1,300.4443891167147,299.37855970736786
2017-08-23 02:00:00,1,300.39060584571223,299.3274929361816
2017-08-23 02:15:00,1,300.3372852178303,299.27682884234775
2017-08-23 02:30:00,1,300.284286981735,299.2263882043704
2017-08-23 02:45:00,1,300.2312841054002,299.1757606016408
2017-08-23 03:00:00,1,300.1778624131517,299.1243324878538
2017-08-23 03:15:00,1,300.1237196845517,299.0715494701637
2017-08-23 03:30:00,1,300.0688988228601,299.01736423265885
2017-08-23 03:45:00,1,300.0140397075075,298.9625098424384
2017-08-23 04:00:00,1,299.95997727470757,298.9081441209962
2017-08-23 04:15:00,1,299.90732868721364,298.855262598739
2017-08-23 04:30:00,1,299.85650191692287,298.8045086777348
2017-08-23 04:45:00,1,299.80794236606005,298.7564129945407
2017-08-23 05:00:00,1,299.76211151409933,298.7115334713835
2017-08-23 05:15:00,1,299.719315380034,298.67033359654926
2017-08-23 05:30:00,1,299.67976746988495,298.6332383646488
2017-08-23 05:45:00,1,299.64449784853986,298.6008944585084
2017-08-23 06:00:00,1,299.61650991260706,298.57529195839453
2017-08-23 06:15:00,1,299.5989711563624,298.5593146825353
2017-08-23 06:30:00,1,299.5939800536335,298.5555310774321
2017-08-23 06:45:00,1,299.60239834838467,298.5650194649115
2017-08-23 07:00:00,1,299.6242932978398,298.58742856109717
2017-08-23 07:15:00,1,299.65938434471514,298.62174439817835
2017-08-23 07:30:00,1,299.7062756350804,298.6651497430723
2017-08-23 07:45:00,1,299.7626419112205,298.7149640435983
2017-08-23 08:00:00,1,299.826298997727,298.7693451398168
2017-08-23 08:15:00,1,299.89767050713044,298.8282516253442
2017-08-23 08:30:00,1,299.97995680649876,298.89320555520067
2017-08-23 08:45:00,1,300.0777026674752,298.96329133936257
2017-08-23 09:00:00,1,300.1946085553071,299.0438187817866
2017-08-23 09:15:00,1,300.3300564716074,299.13774054377114
2017-08-23 09:30:00,1,300.4807167944727,299.2525123230446
2017-08-23 09:45:00,1,300.6429411126546,299.38809374173366
2017-08-23 10:00:00,1,300.8134996795512,299.54047037966666
2017-08-23 10:15:00,1,300.9891148300281,299.7132585136789
2017-08-23 10:30:00,1,301.1676427962518,299.89309660014646
2017-08-23 10:45:00,1,301.3507937583012,300.07363870441225
2017-08-23 11:00:00,1,301.54205851993316,300.2570389892737
2017-08-23 11:15:00,1,301.7434271093136,300.446734642316
2017-08-23 11:30:00,1,301.9537138862858,300.6422436050325
2017-08-23 11:45:00,1,302.16815442223157,300.83925537857834
2017-08-23 12:00:00,1,302.38114958319113,301.03263055861396
2017-08-23 12:15:00,1,302.5885740944854,301.21854292298343
2017-08-23 12:30:00,1,302.78868988506656,301.3968165245415
2017-08-23 12:45:00,1,302.98033019448815,301.56768794327917
2017-08-23 13:00:00,1,303.1612382387985,301.7306649340713
2017-08-23 13:15:00,1,303.32878566199486,301.8844314501517
2017-08-23 13:30:00,1,303.48204927149743,302.02843309566646
2017-08-23 13:45:00,1,303.6241036253865,302.1646888759711
2017-08-23 14:00:00,1,303.75913785354237,302.2965018975833
2017-08-23 14:15:00,1,303.8893899597339,302.4258460830014
2017-08-23 14:30:00,1,304.0154327115752,302.5528462686227
2017-08-23 14:45:00,1,304.13736907228235,302.676940915865
2017-08-23 15:00:00,1,304.254820800986,302.79742926228613
2017-08-23 15:15:00,1,304.36654328442376,302.91320008043147
2017-08-23 15:30:00,1,304.4707433565435,303.0225192102597
2017-08-23 15:45:00,1,304.5649663046078,303.12292847009365
2017-08-23 16:00:00,1,304.64611276165095,303.2113816177642
2017-08-23 16:15:00,1,304.71095233512364,303.2848552986696
2017-08-23 16:30:00,1,304.7569969481634,303.3410565627657
2017-08-23 16:45:00,1,304.78255737404436,303.37866286075354
2017-08-23 17:00:00,1,304.786410331094,303.3966843513164
2017-08-23 17:15:00,1,304.76696359380855,303.3939063471339
2017-08-23 17:30:00,1,304.7241030377093,303.36991122131747
2017-08-23 17:45:00,1,304.65971970475556,303.325769890716
2017-08-23 18:00:00,1,304.5753365045286,303.2622726862407
2017-08-23 18:15:00,1,304.4695801073923,303.17802653153444
2017-08-23 18:30:00,1,304.3402478300925,303.07023738726656
2017-08-23 18:45:00,1,304.18393807327556,302.9343340468564
2017-08-23 19:00:00,1,303.9972445664836,302.76813612104684
2017-08-23 19:15:00,1,303.7896628574776,302.579254665372
2017-08-23 19:30:00,1,303.5760672211669,302.38175593533987
2017-08-23 19:45:00,1,303.3657619131411,302.1873980190987
2017-08-23 20:00:00,1,303.1626327081284,302.00203694082296
2017-08-23 20:15:00,1,302.967830670163,301.8269415095278
2017-08-23 20:30:00,1,302.7815465015964,301.659085728954
2017-08-23 20:45:00,1,302.6042125471668,301.4983400089219
2017-08-23 21:00:00,1,302.43625839650167,301.3470033773897
2017-08-23 21:15:00,1,302.27765248439033,301.20018576827596
2017-08-23 21:30:00,1,302.12806365453866,301.05613239756605
2017-08-23 21:45:00,1,301.9872626470282,300.9158849131962
2017-08-23 22:00:00,1,301.8550075945893,300.78088399935785
2017-08-23 22:15:00,1,301.7308591993776,300.65154343287105
2017-08-23 22:30:00,1,301.61409969158404,300.52696619549437
2017-08-23 22:45:00,1,301.5035629434532,300.4074009009877
2017-08-23 23:00:00,1,301.3979854994327,300.2977307239335
2017-08-23 23:15:00,1,301.2963585680134,300.19700270275683
2017-08-23 23:30:00,1,301.1981578786231,300.10175247687823
2017-08-23 23:45:00,1,301.10368606726365,300.0100624636327
2017-08-24 00:00:00,1,301.01348796667025,299.92205008253023
2017-08-24 00:15:00,1,300.92779744300236,299.8383790599747
2017-08-24 00:30:00,1,300.84649082266793,299.75915141809014
2017-08-24 00:45:00,1,300.76912470124245,299.68377207778417
2017-08-24 01:00:00,1,300.69511860697605,299.61134424660685
2017-08-24 01:15:00,1,300.62395698176965,299.54108835684065
2017-08-24 01:30:00,1,300.55526930334076,299.47254670240943
2017-08-24 01:45:00,1,300.48871751308457,299.405551305765
2017-08-24 02:00:00,1,300.4239813241759,299.34008228512323
2017-08-24 02:15:00,1,300.36081053679465,299.2761386085311
2017-08-24 02:30:00,1,300.2991025970192,299.21378667393105
2017-08-24 02:45:00,1,300.23907320043867,299.1532764326616
2017-08-24 03:00:00,1,300.1810493186577,299.0949591620384
2017-08-24 03:15:00,1,300.1252278994219,299.03909081693325
2017-08-24 03:30:00,1,300.0715588025587,298.9856217640744
2017-08-24 03:45:00,1,300.01958385736685,298.9341068117608
2017-08-24 04:00:00,1,299.96868784616305,298.883896199717
2017-08-24 04:15:00,1,299.91838258786225,298.8344212462761
2017-08-24 04:30:00,1,299.86844315448855,298.7853835437078
2017-08-24 04:45:00,1,299.8190742385256,298.73695549470904
2017-08-24 05:00:00,1,299.77065628137046,298.68955591325096
2017-08-24 05:15:00,1,299.7234632969278,298.64353083157516
2017-08-24 05:30:00,1,299.6776357993263,298.59904244529474
2017-08-24 05:45:00,1,299.6337405482433,298.5566819941193
2017-08-24 06:00:00,1,299.59395341371084,298.5184146456919
2017-08-24 06:15:00,1,299.5611316574276,298.48688244327013
2017-08-24 06:30:00,1,299.5383130148109,298.46524576917636
2017-08-24 06:45:00,1,299.52889752000385,298.4570636385631
2017-08-24 07:00:00,1,299.5358915267637,298.4654934721934
2017-08-24 07:15:00,1,299.56054876011586,298.4918623591511
2017-08-24 07:30:00,1,299.60347408180365,298.5362376030045
2017-08-24 07:45:00,1,299.66711202785604,298.59768353936886
2017-08-24 08:00:00,1,299.7539202024399,298.6759734413074
2017-08-24 08:15:00,1,299.8642742160219,298.7694293171289
2017-08-24 08:30:00,1,299.9969251586306,298.8697277439765
2017-08-24 08:45:00,1,300.15000452930343,298.98070899494536
2017-08-24 09:00:00,1,300.32140615865325,299.1048094681362
2017-08-24 09:15:00,1,300.508680255618,299.25082328221225
2017-08-24 09:30:00,1,300.708898598579,299.4190611577401
2017-08-24 09:45:00,1,300.9187884206392,299.60586280087125
2017-08-24 10:00:00,1,301.1348874263269,299.8177465405431
2017-08-24 10:15:00,1,301.35371854369015,300.03788174204163
2017-08-24 10:30:00,1,301.5725229548414,300.2548046944424
2017-08-24 10:45:00,1,301.790211715046,300.4669083914304
2017-08-24 11:00:00,1,302.00661130582796,300.67650559449083
2017-08-24 11:15:00,1,302.2213210742415,300.8845883041287
2017-08-24 11:30:00,1,302.43338759891736,301.09015072781943
2017-08-24 11:45:00,1,302.6410899065892,301.2913225101759
2017-08-24 12:00:00,1,302.8425718220186,301.4865469651049
2017-08-24 12:15:00,1,303.0366351431621,301.67503719437383
2017-08-24 12:30:00,1,303.2239534908051,301.85733930719977
2017-08-24 12:45:00,1,303.407063972453,302.0351449843264
2017-08-24 13:00:00,1,303.58799433610545,302.2102893111915
2017-08-24 13:15:00,1,303.7669919109318,302.3836980421499
2017-08-24 13:30:00,1,303.9429600676315,302.55490522779763
2017-08-24 13:45:00,1,304.1139290835838,302.7223085648449
2017-08-24 14:00:00,1,304.2776731672019,302.8838135045683
2017-08-24 14:15:00,1,304.4320115321679,303.0373498499479
2017-08-24 14:30:00,1,304.5753197649637,303.18138355513634
2017-08-24 14:45:00,1,304.7070517520204,303.3151423700447
2017-08-24 15:00:00,1,304.8272512431118,303.43841126222975
2017-08-24 15:15:00,1,304.93580865673187,303.5510011287479
2017-08-24 15:30:00,1,305.0318283538642,303.6521895853935
2017-08-24 15:45:00,1,305.11419650979263,303.7409879605806
2017-08-24 16:00:00,1,305.1819085992403,303.8164154131069
2017-08-24 16:15:00,1,305.2335859204514,303.8772844162589
2017-08-24 16:30:00,1,305.2679241420153,303.92236531370156
2017-08-24 16:45:00,1,305.2839413761924,303.95069166695504
2017-08-24 17:00:00,1,305.2805545154036,303.96109124836005
2017-08-24 17:15:00,1,305.2559303253118,303.95191794647764
2017-08-24 17:30:00,1,305.2095704930677,303.9223883006572
2017-08-24 17:45:00,1,305.142991265854,303.8733988078447
2017-08-24 18:00:00,1,305.05764031016383,303.80597738685606
2017-08-24 18:15:00,1,304.9528664891945,303.7195839349441
2017-08-24 18:30:00,1,304.8270191938159,303.61209343631447
2017-08-24 18:45:00,1,304.6764175647026,303.47910776921265
2017-08-24 19:00:00,1,304.4979193579946,303.318493950046
2017-08-24 19:15:00,1,304.3002711388312,303.1374118278688
2017-08-24 19:30:00,1,304.09693386789417,302.94868738038036
2017-08-24 19:45:00,1,303.8967990085952,302.7627932147433
2017-08-24 20:00:00,1,303.7039924951001,302.58460914979764
2017-08-24 20:15:00,1,303.5198894342324,302.4148737827088
2017-08-24 20:30:00,1,303.34444447573134,302.25290620611867
2017-08-24 20:45:00,1,303.17676490941915,302.09908477421897
2017-08-24 21:00:00,1,303.015676078752,301.95328910899326
2017-08-24 21:15:00,1,302.8601120033966,301.81540386083844
2017-08-24 21:30:00,1,302.7095671787792,301.68275717500836
2017-08-24 21:45:00,1,302.5648634740979,301.5499959654648
2017-08-24 22:00:00,1,302.4272400371501,301.41587373616676
2017-08-24 22:15:00,1,302.29736598820233,301.28321945052653
2017-08-24 22:30:00,1,302.17528425037455,301.1551671953545
2017-08-24 22:45:00,1,302.0606127300316,301.03299590674226
2017-08-24 23:00:00,1,301.95276424772806,300.91626597612685
2017-08-24 23:15:00,1,301.85110125403105,300.8036174695729
2017-08-24 23:30:00,1,301.75499743215954,300.6967110257309
2017-08-24 23:45:00,1,301.6638410786983,300.5994142783994
2017-08-25 00:00:00,1,301.5770539972083,300.51088522823136
2017-08-25 00:15:00,1,301.49411933579745,300.4281749093591
2017-08-25 00:30:00,1,301.41464297075987,300.34918639115614
2017-08-25 00:45:00,1,301.338424016287,300.2731766289774
2017-08-25 01:00:00,1,301.26525354378515,300.1998808966737
2017-08-25 01:15:00,1,301.19482214116385,300.12889841839404
2017-08-25 01:30:00,1,301.1270358239185,300.060006688724
2017-08-25 01:45:00,1,301.0625849756238,299.9938269202457
2017-08-25 02:00:00,1,301.00252925993277,299.93174778476435
2017-08-25 02:15:00,1,300.9476568123069,299.875187374847
2017-08-25 02:30:00,1,300.8981669965613,299.8247957605753
2017-08-25 02:45:00,1,300.8533771565932,299.7801133870348
2017-08-25 03:00:00,1,300.8122184736597,299.7399234250678
2017-08-25 03:15:00,1,300.77378775708434,299.7029933661718
2017-08-25 03:30:00,1,300.73735928744753,299.66832409372967
2017-08-25 03:45:00,1,300.7021319135197,299.63504316508624
2017-08-25 04:00:00,1,300.66736576453854,299.60241668472486
2017-08-25 04:15:00,1,300.63256234963734,299.5699187924861
2017-08-25 04:30:00,1,300.5975061617233,299.5372999060859
2017-08-25 04:45:00,1,300.562313272152,299.50456811765304
2017-08-25 05:00:00,1,300.5272016148643,299.4718370147578
2017-08-25 05:15:00,1,300.4923054905392,299.43918027250055
2017-08-25 05:30:00,1,300.4576703201203,299.40657589398967
2017-08-25 05:45:00,1,300.42368866446395,299.37432929842186
2017-08-25 06:00:00,1,300.3922283671223,299.3438598624828
2017-08-25 06:15:00,1,300.3661665631664,299.31768040573763
2017-08-25 06:30:00,1,300.3486004905957,299.2991521007153
2017-08-25 06:45:00,1,300.3429911338201,299.29216030592687
2017-08-25 07:00:00,1,300.3526035091063,299.30029899288627
2017-08-25 07:15:00,1,300.3787701709878,299.32537619191515
2017-08-25 07:30:00,1,300.42174332124983,299.3665228520364
2017-08-25 07:45:00,1,300.4828043587812,299.42252915254096
2017-08-25 08:00:00,1,300.5632197164149,299.4920120169415
2017-08-25 08:15:00,1,300.6625111727632,299.570746513144
2017-08-25 08:30:00,1,300.7790172180896,299.6545790793165
2017-08-25 08:45:00,1,300.91150418413923,299.748960936377
2017-08-25 09:00:00,1,301.0591860213994,299.8640157659274
2017-08-25 09:15:00,1,301.2208933282462,300.0016258172668
2017-08-25 09:30:00,1,301.39464088727914,300.1595284568795
2017-08-25 09:45:00,1,301.5779673486984,300.34233044398974
2017-08-25 10:00:00,1,301.7684634902635,300.5369564350449
2017-08-25 10:15:00,1,301.96376423220755,300.73263841387313
2017-08-25 10:30:00,1,302.16159060020817,300.92581859970346
2017-08-25 10:45:00,1,302.3596426911509,301.11653971009247
2017-08-25 11:00:00,1,302.55591531560265,301.3046063825225
2017-08-25 11:15:00,1,302.74862092078246,301.48895896899705
2017-08-25 11:30:00,1,302.9352820979096,301.66731995162985
2017-08-25 11:45:00,1,303.11095936575185,301.8354047344651
2017-08-25 12:00:00,1,303.27053157932573,301.9881588855357
2017-08-25 12:15:00,1,303.411299314075,302.12224409908094
2017-08-25 12:30:00,1,303.5348998228548,302.23871319127073
2017-08-25 12:45:00,1,303.64844716142306,302.34386027483555
2017-08-25 13:00:00,1,303.75944315778594,302.44582867230076
2017-08-25 13:15:00,1,303.87199203216187,302.55035248508443
2017-08-25 13:30:00,1,303.9869752214901,302.6590255939727
2017-08-25 13:45:00,1,304.1028489195355,302.77028987011425
2017-08-25 14:00:00,1,304.21740747553713,302.8814630170386
2017-08-25 14:15:00,1,304.3279189467854,302.9898092107432
2017-08-25 14:30:00,1,304.4324652026654,303.0936991146409
2017-08-25 14:45:00,1,304.5318954940085,303.1936789789694
2017-08-25 15:00:00,1,304.6278700738957,303.29130857242586
2017-08-25 15:15:00,1,304.7206997951173,303.3871789855129
2017-08-25 15:30:00,1,304.8092750967166,303.4800592670637
2017-08-25 15:45:00,1,304.89110083668476,303.56734035185633
2017-08-25 16:00:00,1,304.96338357989765,303.6460622612628
2017-08-25 16:15:00,1,305.02329387996036,303.7132313497941
2017-08-25 16:30:00,1,305.0683060053805,303.76596041654517
2017-08-25 16:45:00,1,305.096029725889,303.8022513383685
2017-08-25 17:00:00,1,305.1043098653191,303.8211157757828
2017-08-25 17:15:00,1,305.09082665809643,303.82111224720546
2017-08-25 17:30:00,1,305.054792730525,303.80091536896754
2017-08-25 17:45:00,1,304.9971148547076,303.76026271824935
2017-08-25 18:00:00,1,304.91860621214505,303.69933762784103
2017-08-25 18:15:00,1,304.81921049137503,303.61799406093513
2017-08-25 18:30:00,1,304.6982566224617,303.51500587623923
2017-08-25 18:45:00,1,304.55200961507666,303.3863144025572
2017-08-25 19:00:00,1,304.37672008092136,303.2292619692743
2017-08-25 19:15:00,1,304.1797892386516,303.04960040318974
2017-08-25 19:30:00,1,303.9736241858681,302.85892320595883
2017-08-25 19:45:00,1,303.76779863751983,302.6681801219643
2017-08-25 20:00:00,1,303.56795427341046,302.4843741054101
2017-08-25 20:15:00,1,303.37668516052696,302.3106795827545
2017-08-25 20:30:00,1,303.19510138592847,302.1447220368161
2017-08-25 20:45:00,1,303.02439842460143,301.9875402043053
2017-08-25 21:00:00,1,302.86557070938613,301.83938426535957
2017-08-25 21:15:00,1,302.71884793541193,301.6982502459327
2017-08-25 21:30:00,1,302.5837085253633,301.56391976237995
2017-08-25 21:45:00,1,302.45891568128354,301.43685246512354
2017-08-25 22:00:00,1,302.3430106794047,301.3168224339094
2017-08-25 22:15:00,1,302.234727050657,301.2027873136474
2017-08-25 22:30:00,1,302.13303419173866,301.09323893441973
2017-08-25 22:45:00,1,302.0370479918081,300.988082501602
2017-08-25 23:00:00,1,301.94599483386327,300.89191633078104
2017-08-25 23:15:00,1,301.8592183531365,300.8044321533237
2017-08-25 23:30:00,1,301.7762793210221,300.7227881469556
2017-08-25 23:45:00,1,301.69716853609003,300.64502279087594
2017-08-26 00:00:00,1,301.62202349573647,300.57078876196823
2017-08-26 00:15:00,1,301.5508330331962,300.50039266327894
2017-08-26 00:30:00,1,301.4833784307146,300.43389298254664
2017-08-26 00:45:00,1,301.4191813187891,300.3707779889402
2017-08-26 01:00:00,1,301.3576495859607,300.31015986713567
2017-08-26 01:15:00,1,301.29828641470596,300.2511592660233
2017-08-26 01:30:00,1,301.24083672801777,300.19328834954507
2017-08-26 01:45:00,1,301.185297555759,300.1366111758231
2017-08-26 02:00:00,1,301.1317393644671,300.0815383754289
2017-08-26 02:15:00,1,301.0801839254403,300.0284174413549
2017-08-26 02:30:00,1,301.03051709757415,299.9773462154162
2017-08-26 02:45:00,1,300.9823610153599,299.9280716436568
2017-08-26 03:00:00,1,300.9352522375829,299.8801429438245
2017-08-26 03:15:00,1,300.88883373997925,299.8331468461674
2017-08-26 03:30:00,1,300.8429625772975,299.78691795754133
2017-08-26 03:45:00,1,300.79787352328225,299.74164621046583
2017-08-26 04:00:00,1,300.75394837816174,299.6977198515222
2017-08-26 04:15:00,1,300.71145745192285,299.6554691448635
2017-08-26 04:30:00,1,300.67056121008426,299.61524991231835
2017-08-26 04:45:00,1,300.6314542535373,299.57725503525353
2017-08-26 05:00:00,1,300.59436324117974,299.54165948419814
2017-08-26 05:15:00,1,300.5594468876208,299.5086820458469
2017-08-26 05:30:00,1,300.5266863485686,299.4783419503664
2017-08-26 05:45:00,1,300.4961642278026,299.4506285268705
2017-08-26 06:00:00,1,300.46935611721796,299.42633485785285
2017-08-26 06:15:00,1,300.4486560866332,299.4072601988132
2017-08-26 06:30:00,1,300.436825646746,299.39623523256995
2017-08-26 06:45:00,1,300.4371878155501,299.3967868543584
2017-08-26 07:00:00,1,300.45236469939925,299.41207929711885
2017-08-26 07:15:00,1,300.48302081336954,299.4424446760288
2017-08-26 07:30:00,1,300.52902465788907,299.48689547765173
2017-08-26 07:45:00,1,300.5917354355476,299.5448717774782
2017-08-26 08:00:00,1,300.6732057249705,299.61606183289666
2017-08-26 08:15:00,1,300.77430704581695,299.69775738958225
2017-08-26 08:30:00,1,300.8947176311752,299.78514926409395
2017-08-26 08:45:00,1,301.03327077844557,299.8821443535299
2017-08-26 09:00:00,1,301.18742737482285,299.999614725098
2017-08-26 09:15:00,1,301.3534551217453,300.1386793651216
2017-08-26 09:30:00,1,301.52784509550196,300.29528051641046
2017-08-26 09:45:00,1,301.7087626095005,300.47413835553783
2017-08-26 10:00:00,1,301.895331827526,300.6623911352697
2017-08-26 10:15:00,1,302.0863340431909,300.8518558829617
2017-08-26 10:30:00,1,302.2797062457664,301.0399894547008
2017-08-26 10:45:00,1,302.4716696232235,301.22535106899323
2017-08-26 11:00:00,1,302.65809662400443,301.405412673852
2017-08-26 11:15:00,1,302.8359397098635,301.5772470852165
2017-08-26 11:30:00,1,303.0034368262961,301.73876260035576
2017-08-26 11:45:00,1,303.15979463303574,301.8891128564178
2017-08-26 12:00:00,1,303.3047846943818,302.0282194122488
2017-08-26 12:15:00,1,303.43860179733576,302.1562835544491
2017-08-26 12:30:00,1,303.5631819821626,302.2745750339031
2017-08-26 12:45:00,1,303.6830547860702,302.3863444966024
2017-08-26 13:00:00,1,303.802327627904,302.49570191540414
2017-08-26 13:15:00,1,303.9227151680063,302.6056400364978
2017-08-26 13:30:00,1,304.04444215701307,302.7178194055839
2017-08-26 13:45:00,1,304.16775221248486,302.83354481339535
2017-08-26 14:00:00,1,304.2926341006612,302.9533239440581
2017-08-26 14:15:00,1,304.41812764611535,303.07608916819845
2017-08-26 14:30:00,1,304.5420787773131,303.1989680802631
2017-08-26 14:45:00,1,304.6604040283967,303.3170128940315
2017-08-26 15:00:00,1,304.7689588423548,303.42476348983627
2017-08-26 15:15:00,1,304.86496086616904,303.5187764561898
2017-08-26 15:30:00,1,304.94639416113404,303.59791622968277
2017-08-26 15:45:00,1,305.0120668379071,303.662237140495
2017-08-26 16:00:00,1,305.06130827996975,303.7127103875971
2017-08-26 16:15:00,1,305.09310175319484,303.7505437028454
2017-08-26 16:30:00,1,305.1068225768485,303.77567851812137
2017-08-26 16:45:00,1,305.10302032097337,303.7871521373789
2017-08-26 17:00:00,1,305.082088778365,303.78363752400054
2017-08-26 17:15:00,1,305.042957171901,303.763481861545
2017-08-26 17:30:00,1,304.98518029963805,303.72569010599744
2017-08-26 17:45:00,1,304.90983672084724,303.67056560148325
2017-08-26 18:00:00,1,304.81768199443,303.5984110062917
2017-08-26 18:15:00,1,304.70746081309704,303.5083282959177
2017-08-26 18:30:00,1,304.5774487725646,303.3984152613775
2017-08-26 18:45:00,1,304.42408619726297,303.26453123127607
2017-08-26 19:00:00,1,304.2445045218226,303.1038667794953
2017-08-26 19:15:00,1,304.04720985798747,302.9233338448832
2017-08-26 19:30:00,1,303.84515546071714,302.735814922285
2017-08-26 19:45:00,1,303.6470854986597,302.55175743030844
2017-08-26 20:00:00,1,303.45726162490706,302.3755783455308
2017-08-26 20:15:00,1,303.2772188146097,302.20798417553567
2017-08-26 20:30:00,1,303.1072538438962,302.04982113001455
2017-08-26 20:45:00,1,302.9475211349198,301.9025502486934
2017-08-26 21:00:00,1,302.7980567960124,301.76146931058963
2017-08-26 21:15:00,1,302.6585482122584,301.62481795390926
2017-08-26 21:30:00,1,302.52839260233964,301.493271047786
2017-08-26 21:45:00,1,302.4068153210924,301.367618333673
2017-08-26 22:00:00,1,302.29298522201935,301.2476107361662
2017-08-26 22:15:00,1,302.1861025977619,301.1317413159918
2017-08-26 22:30:00,1,302.0855485251302,301.02440394510904
2017-08-26 22:45:00,1,301.9911281743287,300.9281673568714
2017-08-26 23:00:00,1,301.9027981957154,300.8414349952115
2017-08-26 23:15:00,1,301.8203723179282,300.7616826380738
2017-08-26 23:30:00,1,301.74339458153116,300.6873436784184
2017-08-26 23:45:00,1,301.67096550815427,300.6175516120585
2017-08-27 00:00:00,1,301.6020809438408,300.5515185363407
2017-08-27 00:15:00,1,301.53595658749015,300.4884271643919
2017-08-27 00:30:00,1,301.47199649583473,300.4275380988689
2017-08-27 00:45:00,1,301.4096114928327,300.3681744098652
2017-08-27 01:00:00,1,301.34824796829423,300.3097007152479
2017-08-27 01:15:00,1,301.2874789154545,300.2515765840869
2017-08-27 01:30:00,1,301.22704517835035,300.1934611631096
2017-08-27 01:45:00,1,301.1669289601466,300.13530291781734
2017-08-27 02:00:00,1,301.1072352778389,300.0772635429137
2017-08-27 02:15:00,1,301.0480469175399,300.0195471735078
2017-08-27 02:30:00,1,300.989517252839,299.96242025982286
2017-08-27 02:45:00,1,300.9321586155606,299.9063969961525
2017-08-27 03:00:00,1,300.87658150567046,299.85215101926246
2017-08-27 03:15:00,1,300.8231750707036,299.800216639369
2017-08-27 03:30:00,1,300.77208076984004,299.7508153897201
2017-08-27 03:45:00,1,300.7232515038278,299.7039046439702
2017-08-27 04:00:00,1,300.67654555847736,299.65931942995275
2017-08-27 04:15:00,1,300.6317954961112,299.61687524797486
2017-08-27 04:30:00,1,300.58884443280317,299.57638016121047
2017-08-27 04:45:00,1,300.5476002256631,299.5377889352942
2017-08-27 05:00:00,1,300.50804176729804,299.5009193681644
2017-08-27 05:15:00,1,300.4701695167161,299.46555759516707
2017-08-27 05:30:00,1,300.43418596084996,299.43183895264303
2017-08-27 05:45:00,1,300.4013835568917,299.4009591276009
2017-08-27 06:00:00,1,300.37467740739766,299.3754727042569
2017-08-27 06:15:00,1,300.35712534003574,299.358365365562
2017-08-27 06:30:00,1,300.35060871632464,299.35163407685513
2017-08-27 06:45:00,1,300.3552838806886,299.3556045524662
2017-08-27 07:00:00,1,300.37044437164434,299.36947467166647
2017-08-27 07:15:00,1,300.3956684672475,299.392243223989
2017-08-27 07:30:00,1,300.4317803268026,299.4237180604189
2017-08-27 07:45:00,1,300.4820159042639,299.4657421195292
2017-08-27 08:00:00,1,300.54967780480297,299.52032164271407
2017-08-27 08:15:00,1,300.6353622191823,299.58676959743303
2017-08-27 08:30:00,1,300.7380507163663,299.6591748589023
2017-08-27 08:45:00,1,300.85705701608475,299.7417652925952
2017-08-27 09:00:00,1,300.99151002786294,299.8321638847417
2017-08-27 09:15:00,1,301.13955945237876,299.9431261038224
2017-08-27 09:30:00,1,301.29867873171014,300.07470090828065
2017-08-27 09:45:00,1,301.4655143416213,300.2214899345005
2017-08-27 10:00:00,1,301.6365018291313,300.3801423004099
2017-08-27 10:15:00,1,301.80850383308234,300.55185079593105
2017-08-27 10:30:00,1,301.9794732913594,300.7248887630226
2017-08-27 10:45:00,1,302.14936014518753,300.89270624732126
2017-08-27 11:00:00,1,302.31894775950906,301.0561992377118
2017-08-27 11:15:00,1,302.4884149973145,301.21831377970676
2017-08-27 11:30:00,1,302.6572031350613,301.3801211181613
2017-08-27 11:45:00,1,302.8241502969068,301.5405707499405
2017-08-27 12:00:00,1,302.9878683693309,301.6978640975183
2017-08-27 12:15:00,1,303.14732062613484,301.85059644548437
2017-08-27 12:30:00,1,303.3033567229083,301.99796100468296
2017-08-27 12:45:00,1,303.45942142418124,302.14360350327024
2017-08-27 13:00:00,1,303.6188537448653,302.29154447098824
2017-08-27 13:15:00,1,303.7829685974968,302.4440502352451
2017-08-27 13:30:00,1,303.9512785323104,302.60111577751684
2017-08-27 13:45:00,1,304.12182070638556,302.7610939363311
2017-08-27 14:00:00,1,304.29188764761483,302.92159701414585
2017-08-27 14:15:00,1,304.4585912560351,303.08007100182556
2017-08-27 14:30:00,1,304.6187323893031,303.23349119794966
2017-08-27 14:45:00,1,304.76785230438776,303.37785990071205
2017-08-27 15:00:00,1,304.9016018724081,303.5090504932922
2017-08-27 15:15:00,1,305.01683960768634,303.62402516418683
2017-08-27 15:30:00,1,305.1123918095268,303.7218732466244
2017-08-27 15:45:00,1,305.1896026774085,303.8037330706439
2017-08-27 16:00:00,1,305.24977580341476,303.8708093439953
2017-08-27 16:15:00,1,305.29260898556174,303.92267355153047
2017-08-27 16:30:00,1,305.31720028255927,303.95798573571227
2017-08-27 16:45:00,1,305.3227260998548,303.9761075804667
2017-08-27 17:00:00,1,305.3083538194526,303.9765265454784
2017-08-27 17:15:00,1,305.2723487532885,303.9578521187114
2017-08-27 17:30:00,1,305.2141152811091,303.9189941384355
2017-08-27 17:45:00,1,305.13500700182027,303.86030769798316
2017-08-27 18:00:00,1,305.03629268894775,303.7824023905483
2017-08-27 18:15:00,1,304.9171912341303,303.68464683471234
2017-08-27 18:30:00,1,304.7761130378202,303.56517040098055
2017-08-27 18:45:00,1,304.60993305037647,303.4204974191028
2017-08-27 19:00:00,1,304.41661537831436,303.2481885125758
2017-08-27 19:15:00,1,304.20554102857693,303.0557222278176
2017-08-27 19:30:00,1,303.990336809264,302.85663432987155
2017-08-27 19:45:00,1,303.7801524393175,302.6623128682988
2017-08-27 20:00:00,1,303.5794470286459,302.47776928215103
2017-08-27 20:15:00,1,303.3898136154337,302.30316025887
2017-08-27 20:30:00,1,303.21137921771236,302.1392922332749
2017-08-27 20:45:00,1,303.0436280098637,301.9883737145408
2017-08-27 21:00:00,1,302.8857733278883,301.8425150002281
2017-08-27 21:15:00,1,302.7369239042208,301.6991030482462
2017-08-27 21:30:00,1,302.59630916087144,301.55893032223577
2017-08-27 21:45:00,1,302.4635917591551,301.4233192371097
2017-08-27 22:00:00,1,302.33857763044057,301.2927221749157
2017-08-27 22:15:00,1,302.22091194636164,301.16636263560764
2017-08-27 22:30:00,1,302.1101384803496,301.0475128149883
2017-08-27 22:45:00,1,302.0058607819629,300.94028894907746
2017-08-27 23:00:00,1,301.90764258645254,300.84333523879377
2017-08-27 23:15:00,1,301.81493621116294,300.7532219484611
2017-08-27 23:30:00,1,301.7271212456591,300.6675794085311
2017-08-27 23:45:00,1,301.64356792063217,300.58556428957513
2017-08-28 00:00:00,1,301.5637433171513,300.5070352992903
2017-08-28 00:15:00,1,301.4872290227432,300.4318799327367
2017-08-28 00:30:00,1,301.4137826863062,300.35995715322497
2017-08-28 00:45:00,1,301.3435269268976,300.29133305857465
2017-08-28 01:00:00,1,301.2767068085656,300.2262591906034
2017-08-28 01:15:00,1,301.21341684766355,300.1649270252586
2017-08-28 01:30:00,1,301.15345768835857,300.10717082441346
2017-08-28 01:45:00,1,301.09612453465695,300.05229400112734
2017-08-28 02:00:00,1,301.0405442936514,299.9993074654676
2017-08-28 02:15:00,1,300.98604194742654,299.9473288334116
2017-08-28 02:30:00,1,300.93227838461166,299.8958329714992
2017-08-28 02:45:00,1,300.87939719833787,299.8449191424734
2017-08-28 03:00:00,1,300.82773530648285,299.79505000337383
2017-08-28 03:15:00,1,300.7775191411979,299.7466539298269
2017-08-28 03:30:00,1,300.7286978656846,299.69970464041944
2017-08-28 03:45:00,1,300.68070766985284,299.6535301899249
2017-08-28 04:00:00,1,300.6328025868944,299.60716366463197
2017-08-28 04:15:00,1,300.5844430701655,299.55985527602627
2017-08-28 04:30:00,1,300.5356561128902,299.51164418487986
2017-08-28 04:45:00,1,300.4876728044383,299.4637936561698
2017-08-28 05:00:00,1,300.44222550540127,299.41829117168686
2017-08-28 05:15:00,1,300.40061532369043,299.37700846019015
2017-08-28 05:30:00,1,300.36349137292797,299.340775452146
2017-08-28 05:45:00,1,300.3312848118749,299.3099536809106
2017-08-28 06:00:00,1,300.3054043092638,299.2855036424976
2017-08-28 06:15:00,1,300.2875329924885,299.26881076869154
2017-08-28 06:30:00,1,300.2787589989747,299.26092221841833
2017-08-28 06:45:00,1,300.27978672946597,299.26239212856404
2017-08-28 07:00:00,1,300.29114383587955,299.27351468994715
2017-08-28 07:15:00,1,300.31375226874763,299.29491917203603
2017-08-28 07:30:00,1,300.3493444259243,299.3271403467781
2017-08-28 07:45:00,1,300.4000480203197,299.3712455749751
2017-08-28 08:00:00,1,300.4675377616414,299.42770982157356
2017-08-28 08:15:00,1,300.5509689840674,299.4948476928289
2017-08-28 08:30:00,1,300.64822776429355,299.5683060565551
2017-08-28 08:45:00,1,300.7584059639966,299.64514671580207
2017-08-28 09:00:00,1,300.8814706380874,299.7293547074558
2017-08-28 09:15:00,1,301.0161995922987,299.8235532914915
2017-08-28 09:30:00,1,301.160590721982,299.93363809530683
2017-08-28 09:45:00,1,301.3134228586817,300.05998983756734
2017-08-28 10:00:00,1,301.4739483285637,300.20059900212715
2017-08-28 10:15:00,1,301.64095141629775,300.355569940634
2017-08-28 10:30:00,1,301.8122479657419,300.52641854798026
2017-08-28 10:45:00,1,301.984090907123,300.700343653288
2017-08-28 11:00:00,1,302.15245561984636,300.86743716651534
2017-08-28 11:15:00,1,302.314265756173,301.0244132005527
2017-08-28 11:30:00,1,302.4679768665225,301.1717983017194
2017-08-28 11:45:00,1,302.6141065075877,301.31144314356106
2017-08-28 12:00:00,1,302.75392556070824,301.4451094280429
2017-08-28 12:15:00,1,302.8884000955557,301.5739332810278
2017-08-28 12:30:00,1,303.01923068123534,301.69874249667726
2017-08-28 12:45:00,1,303.14926003963194,301.8193499132588
2017-08-28 13:00:00,1,303.2805268767279,301.93945503862363
2017-08-28 13:15:00,1,303.4132362220397,302.0618253921376
2017-08-28 13:30:00,1,303.54667310941653,302.1863780092686
2017-08-28 13:45:00,1,303.68052708482145,302.31220339858453
2017-08-28 14:00:00,1,303.8145965843285,302.43894223386343
2017-08-28 14:15:00,1,303.94823668150934,302.5665136992869
2017-08-28 14:30:00,1,304.080700220465,302.69439000242545
2017-08-28 14:45:00,1,304.2102324079387,302.8209647358113
2017-08-28 15:00:00,1,304.3343984366356,302.9437609210349
2017-08-28 15:15:00,1,304.45061784830204,303.06011000196105
2017-08-28 15:30:00,1,304.5563783728047,303.16742383458325
2017-08-28 15:45:00,1,304.6489522764252,303.26310358495454
2017-08-28 16:00:00,1,304.7258483005319,303.3447472917167
2017-08-28 16:15:00,1,304.78452765106465,303.4102213102212
2017-08-28 16:30:00,1,304.8229027349782,303.4575914840479
2017-08-28 16:45:00,1,304.8395454966817,303.48566416089267
2017-08-28 17:00:00,1,304.8332810052123,303.49322870190025
2017-08-28 17:15:00,1,304.8022261065259,303.4783477410644
2017-08-28 17:30:00,1,304.74553228866836,303.4393653076909
2017-08-28 17:45:00,1,304.6641014126257,303.37649001087556
2017-08-28 18:00:00,1,304.56001199749915,303.2916705330913
2017-08-28 18:15:00,1,304.4347218152845,303.1873182364601
2017-08-28 18:30:00,1,304.2884887343507,303.0624203877796
2017-08-28 18:45:00,1,304.1193637220551,302.91439066529284
2017-08-28 19:00:00,1,303.9267548957599,302.74366722053435
2017-08-28 19:15:00,1,303.7199054488408,302.55785426829607
2017-08-28 19:30:00,1,303.51110735039356,302.3679941714484
2017-08-28 19:45:00,1,303.30823584244143,302.182217588984
2017-08-28 20:00:00,1,303.11482854749994,302.00452222352243
2017-08-28 20:15:00,1,302.9319176867261,301.83727173219535
2017-08-28 20:30:00,1,302.7593461043002,301.68138279765367
2017-08-28 20:45:00,1,302.59649543364714,301.5306672556123
2017-08-28 21:00:00,1,302.44256296886664,301.3822062654949
2017-08-28 21:15:00,1,302.2966766245603,301.23623880738086
2017-08-28 21:30:00,1,302.1581523771792,301.09358504435966
2017-08-28 21:45:00,1,302.0268605428552,300.9540403353701
2017-08-28 22:00:00,1,301.9027441744962,300.8218510832072
2017-08-28 22:15:00,1,301.78543384983334,300.70166802094775
2017-08-28 22:30:00,1,301.6745052376672,300.59175976637283
2017-08-28 22:45:00,1,301.5699602019878,300.488820787672
2017-08-28 23:00:00,1,301.4720583156282,300.39166096474133
2017-08-28 23:15:00,1,301.3809409488574,300.30090193114034
2017-08-28 23:30:00,1,301.2964200912219,300.2171795291389
2017-08-28 23:45:00,1,301.2177654132154,300.14006338083743
2017-08-29 00:00:00,1,301.14398728949544,300.0682547160198
2017-08-29 00:15:00,1,301.0742154053475,300.0003596955548
2017-08-29 00:30:00,1,301.0077790457455,299.9354222597118
2017-08-29 00:45:00,1,300.94414731977497,299.87304037572926
2017-08-29 01:00:00,1,300.88296173096023,299.8132043477824
2017-08-29 01:15:00,1,300.8240002661985,299.75602942682855
2017-08-29 01:30:00,1,300.767055908356,299.7014972231343
2017-08-29 01:45:00,1,300.71180841987376,299.64929991582846
2017-08-29 02:00:00,1,300.65788160530013,299.59891690578496
2017-08-29 02:15:00,1,300.60495491509687,299.5497360625506
2017-08-29 02:30:00,1,300.5528522033998,299.5014165428068
2017-08-29 02:45:00,1,300.50163970443487,299.45387229816515
2017-08-29 03:00:00,1,300.4514395756593,299.4070796610476
2017-08-29 03:15:00,1,300.40228901643735,299.3609717954495
2017-08-29 03:30:00,1,300.35451838438934,299.3159585007101
2017-08-29 03:45:00,1,300.30963010274843,299.273747443577
2017-08-29 04:00:00,1,300.2693755189847,299.2367605466099
2017-08-29 04:15:00,1,300.23453347766826,299.2062435415232
2017-08-29 04:30:00,1,300.2047347236568,299.18158397280325
2017-08-29 04:45:00,1,300.17860695241274,299.1608005534807
2017-08-29 05:00:00,1,300.15459192599945,299.14161412779833
2017-08-29 05:15:00,1,300.131541209702,299.1222665435249
2017-08-29 05:30:00,1,300.1087641572645,299.10172708042177
2017-08-29 05:45:00,1,300.08584574138774,299.07970828662087
2017-08-29 06:00:00,1,300.063124778666,299.0569707011966
2017-08-29 06:15:00,1,300.0423550084548,299.0355090920643
2017-08-29 06:30:00,1,300.0260265484558,299.01815652962046
2017-08-29 06:45:00,1,300.016870980741,299.007909201087
2017-08-29 07:00:00,1,300.017240007728,299.00726542599295
2017-08-29 07:15:00,1,300.02918932427843,299.01808195989673
2017-08-29 07:30:00,1,300.0551765696352,299.04230675522194
2017-08-29 07:45:00,1,300.0993528139412,299.08221582494684
2017-08-29 08:00:00,1,300.1655392742301,299.13990474984325
2017-08-29 08:15:00,1,300.25420992554865,299.21505615905664
2017-08-29 08:30:00,1,300.36373091709623,299.3042359011909
2017-08-29 08:45:00,1,300.4929641054907,299.3989753227842
2017-08-29 09:00:00,1,300.64128866437494,299.50198249181204
2017-08-29 09:15:00,1,300.80759524157224,299.6282098389906
2017-08-29 09:30:00,1,300.99023005590254,299.78150205507063
2017-08-29 09:45:00,1,301.1881306467175,299.958750430137
2017-08-29 10:00:00,1,301.40065194536226,300.1614560353105
2017-08-29 10:15:00,1,301.62658313457973,300.3904458441018
2017-08-29 10:30:00,1,301.86294645754776,300.62999666001053
2017-08-29 10:45:00,1,302.1025068376496,300.86699693012093
2017-08-29 11:00:00,1,302.33641310931466,301.09466392809753
2017-08-29 11:15:00,1,302.55816928962906,301.3097213191875
2017-08-29 11:30:00,1,302.7643300313001,301.51032649370336
2017-08-29 11:45:00,1,302.9546906787286,301.69614224090583
2017-08-29 12:00:00,1,303.1307218420412,301.86845219554897
2017-08-29 12:15:00,1,303.2938962534667,302.0289859396044
2017-08-29 12:30:00,1,303.44604334111074,302.1793584489215
2017-08-29 12:45:00,1,303.58923341487053,302.3209903169592
2017-08-29 13:00:00,1,303.72445731970396,302.45477931822586
2017-08-29 13:15:00,1,303.8516172113046,302.58059424637156
2017-08-29 13:30:00,1,303.9701016433321,302.69752070348966
2017-08-29 13:45:00,1,304.0787187599968,302.8046906479763
2017-08-29 14:00:00,1,304.1760126704922,302.90105292011856
2017-08-29 14:15:00,1,304.2601466840137,302.9849623324434
2017-08-29 14:30:00,1,304.32987678141126,303.05517468479354
2017-08-29 14:45:00,1,304.3858520754244,303.1120867948251
2017-08-29 15:00:00,1,304.4298678403542,303.1576127550852
2017-08-29 15:15:00,1,304.46442129513144,303.1943147187887
2017-08-29 15:30:00,1,304.4918626780318,303.224661925943
2017-08-29 15:45:00,1,304.5141108829138,303.2507227536234
2017-08-29 16:00:00,1,304.53187618357117,303.2733935688179
2017-08-29 16:15:00,1,304.54392171879493,303.2918156943357
2017-08-29 16:30:00,1,304.54847331150825,303.3042922487047
2017-08-29 16:45:00,1,304.5445408792721,303.30960567807455
2017-08-29 17:00:00,1,304.5309403906851,303.3064169509454
2017-08-29 17:15:00,1,304.5046166325048,303.29212774769087
2017-08-29 17:30:00,1,304.4629641003803,303.26394762945756
2017-08-29 17:45:00,1,304.4051945406239,303.2203799406035
2017-08-29 18:00:00,1,304.33139464881447,303.1611576794405
2017-08-29 18:15:00,1,304.24118510389957,303.08590149828257
2017-08-29 18:30:00,1,304.1329193174945,302.99297817988503
2017-08-29 18:45:00,1,304.00363089292745,302.87918149709117
2017-08-29 19:00:00,1,303.8518461164934,302.7435040676395
2017-08-29 19:15:00,1,303.68521762104433,302.59191481122235
2017-08-29 19:30:00,1,303.51490241870715,302.434713434227
2017-08-29 19:45:00,1,303.34850301858694,302.28078489023477
2017-08-29 20:00:00,1,303.18977232777434,302.1350348004119
2017-08-29 20:15:00,1,303.04011041930306,301.99736031090083
2017-08-29 20:30:00,1,302.8996654410368,301.86736375202014
2017-08-29 20:45:00,1,302.7679361897589,301.7448491243171
2017-08-29 21:00:00,1,302.64417474851996,301.6294365753456
2017-08-29 21:15:00,1,302.5275823074865,301.52086911403035
2017-08-29 21:30:00,1,302.4173509509005,301.41787422874233
2017-08-29 21:45:00,1,302.31264587799564,301.3179727650891
2017-08-29 22:00:00,1,302.21266931677724,301.21987038121443
2017-08-29 22:15:00,1,302.1167336971568,301.1232085029564
2017-08-29 22:30:00,1,302.0243626768808,301.02786823353586
2017-08-29 22:45:00,1,301.93544853863455,300.9335864308173
2017-08-29 23:00:00,1,301.84998714236707,300.83977205148153
2017-08-29 23:15:00,1,301.7678522763122,300.7514885883775
2017-08-29 23:30:00,1,301.688951406982,300.67065736736333
2017-08-29 23:45:00,1,301.613595220547,300.5959749422605
2017-08-30 00:00:00,1,301.5422092273639,300.525885105503
2017-08-30 00:15:00,1,301.47498165616133,300.4598385840801
2017-08-30 00:30:00,1,301.4118069995373,300.3978327282481
2017-08-30 00:45:00,1,301.352260995244,300.3396457666709
2017-08-30 01:00:00,1,301.2957799818303,300.28465695927827
2017-08-30 01:15:00,1,301.2418457796593,300.2321140624336
2017-08-30 01:30:00,1,301.18992776513653,300.18127585743815
2017-08-30 01:45:00,1,301.1392547497273,300.1313379992729
2017-08-30 02:00:00,1,301.0890452031891,300.0814017006521
2017-08-30 02:15:00,1,301.0387840219568,300.0308476118359
2017-08-30 02:30:00,1,300.98837492277056,299.9796096317603
2017-08-30 02:45:00,1,300.9383018863388,299.9282829632832
2017-08-30 03:00:00,1,300.88924556758127,299.8778096084448
2017-08-30 03:15:00,1,300.8417035117661,299.82900307347944
2017-08-30 03:30:00,1,300.79589671157714,299.78230028735305
2017-08-30 03:45:00,1,300.7517776676116,299.7378397626893
2017-08-30 04:00:00,1,300.7092306072841,299.69566823107897
2017-08-30 04:15:00,1,300.6681620045061,299.65596081169053
2017-08-30 04:30:00,1,300.62844380788965,299.6185925073783
2017-08-30 04:45:00,1,300.5898080068258,299.58298506879373
2017-08-30 05:00:00,1,300.55187356166914,299.5482347967508
2017-08-30 05:15:00,1,300.5142964738646,299.513424501382
2017-08-30 05:30:00,1,300.4769877018909,299.47816676921445
2017-08-30 05:45:00,1,300.4407868840105,299.4433898695567
2017-08-30 06:00:00,1,300.4082054554045,299.41171798468275
2017-08-30 06:15:00,1,300.38249135383336,299.3866495693265
2017-08-30 06:30:00,1,300.366440923504,299.3712556494778
2017-08-30 06:45:00,1,300.3623651267047,299.3678375321101
2017-08-30 07:00:00,1,300.37202938691155,299.3779084577304
2017-08-30 07:15:00,1,300.3959352109358,299.40210776380917
2017-08-30 07:30:00,1,300.4338598387916,299.4391140223478
2017-08-30 07:45:00,1,300.4854618114006,299.4870762087892
2017-08-30 08:00:00,1,300.54956231375866,299.543750698249
2017-08-30 08:15:00,1,300.6236217823804,299.60611967211236
2017-08-30 08:30:00,1,300.7045862632611,299.6703996521999
2017-08-30 08:45:00,1,300.79130909598956,299.7349871481587
2017-08-30 09:00:00,1,300.8856706358449,299.80240443369536
2017-08-30 09:15:00,1,300.99397607025804,299.88385854725163
2017-08-30 09:30:00,1,301.12393868776024,299.98758774913364
2017-08-30 09:45:00,1,301.28075206884466,300.1207153731817
2017-08-30 10:00:00,1,301.46534318310074,300.2892409062933
2017-08-30 10:15:00,1,301.6722492848446,300.4935283716605
2017-08-30 10:30:00,1,301.8923727063603,300.71317658333214
2017-08-30 10:45:00,1,302.11558815234923,300.9307284582429
2017-08-30 11:00:00,1,302.3328825251306,301.1380751320646
2017-08-30 11:15:00,1,302.5379735827444,301.3325122062827
2017-08-30 11:30:00,1,302.7278866827006,301.5129927074297
2017-08-30 11:45:00,1,302.90315337421924,301.68002348664754
2017-08-30 12:00:00,1,303.0657331363393,301.83528344098437
2017-08-30 12:15:00,1,303.2173567856504,301.98059855482177
2017-08-30 12:30:00,1,303.36054438886,302.11800565051294
2017-08-30 12:45:00,1,303.4992494266294,302.25029456668295
2017-08-30 13:00:00,1,303.63657885258635,302.3804135320936
2017-08-30 13:15:00,1,303.77346502472324,302.5102273295526
2017-08-30 13:30:00,1,303.90925130463324,302.6398810249567
2017-08-30 13:45:00,1,304.04232545282514,302.76805375439164
2017-08-30 14:00:00,1,304.17074623514515,302.8927096132708
2017-08-30 14:15:00,1,304.29243229213927,303.01128077619967
2017-08-30 14:30:00,1,304.4055064531259,303.12100090551303
2017-08-30 14:45:00,1,304.50850131881947,303.22006729542005
2017-08-30 15:00:00,1,304.60018137550026,303.30778632379713
2017-08-30 15:15:00,1,304.67918576653875,303.3838057479411
2017-08-30 15:30:00,1,304.74497127554173,303.44890360300326
2017-08-30 15:45:00,1,304.79875452520486,303.5054887891941
2017-08-30 16:00:00,1,304.8418618108205,303.55509055775417
2017-08-30 16:15:00,1,304.87396409347,303.5966785604299
2017-08-30 16:30:00,1,304.89370909668696,303.6277135730609
2017-08-30 16:45:00,1,304.8993145256613,303.64573823144013
2017-08-30 17:00:00,1,304.88876247048256,303.64852484301656
2017-08-30 17:15:00,1,304.8590338299184,303.63328359807133
2017-08-30 17:30:00,1,304.8079417014777,303.5977395460871
2017-08-30 17:45:00,1,304.73604791913465,303.5418963457533
2017-08-30 18:00:00,1,304.64519421716557,303.4674967648066
2017-08-30 18:15:00,1,304.53658664015796,303.3760355722473
2017-08-30 18:30:00,1,304.4100436790985,303.26726629441526
2017-08-30 18:45:00,1,304.26345166828537,303.1387262240751
2017-08-30 19:00:00,1,304.0958576464345,302.989719579747
2017-08-30 19:15:00,1,303.91500682153077,302.8262032302379
2017-08-30 19:30:00,1,303.7316655803924,302.65811198209207
2017-08-30 19:45:00,1,303.5528849004133,302.4938139768808
2017-08-30 20:00:00,1,303.38199253452166,302.3380073154418
2017-08-30 20:15:00,1,303.2201516441944,302.19061163408986
2017-08-30 20:30:00,1,303.0676348939679,302.05096611047634
2017-08-30 20:45:00,1,302.9248520020516,301.9189194725384
2017-08-30 21:00:00,1,302.79216674906354,301.7950301014369
2017-08-30 21:15:00,1,302.6695031259106,301.68021602260245
2017-08-30 21:30:00,1,302.5561654031817,301.5721307367844
2017-08-30 21:45:00,1,302.4505137490079,301.4690555648982
2017-08-30 22:00:00,1,302.35062836870384,301.3698401192205
2017-08-30 22:15:00,1,302.25496599193286,301.27340701025116
2017-08-30 22:30:00,1,302.1625648368413,301.17868227885964
2017-08-30 22:45:00,1,302.07320095121764,301.08475258368844
2017-08-30 23:00:00,1,301.98690255935503,300.990509856314
2017-08-30 23:15:00,1,301.9035644666675,300.9021142313908
2017-08-30 23:30:00,1,301.8229386423281,300.8207960648515
2017-08-30 23:45:00,1,301.74466902003405,300.74413450512503
2017-08-31 00:00:00,1,301.668316538305,300.6694718975642
2017-08-31 00:15:00,1,301.59344052304823,300.5953584378068
2017-08-31 00:30:00,1,301.5199941108739,300.52165813359136
2017-08-31 00:45:00,1,301.44901637942326,300.4495567736214
2017-08-31 01:00:00,1,301.3820194824456,300.3810546120942
2017-08-31 01:15:00,1,301.3201339471364,300.3180067308027
2017-08-31 01:30:00,1,301.26371725040985,300.26125804913045
2017-08-31 01:45:00,1,301.2120044189765,300.2103205519778
2017-08-31 02:00:00,1,301.16374918590003,300.16389067449774
2017-08-31 02:15:00,1,301.1179069384771,300.12067511643136
2017-08-31 02:30:00,1,301.0737324595278,300.0794607760222
2017-08-31 02:45:00,1,301.0306622833362,300.03950532939564
2017-08-31 03:00:00,1,300.9882733298654,300.00048880314347
2017-08-31 03:15:00,1,300.94627723429454,299.96206017308293
2017-08-31 03:30:00,1,300.904462467999,299.9238347065757
2017-08-31 03:45:00,1,300.86260950885446,299.88549903418993
2017-08-31 04:00:00,1,300.8205287307605,299.84683217994336
2017-08-31 04:15:00,1,300.7781038524829,299.8077014939615
2017-08-31 04:30:00,1,300.7352703575493,299.76789329383803
2017-08-31 04:45:00,1,300.69194757607136,299.7273546780042
2017-08-31 05:00:00,1,300.6480080837188,299.68607504161093
2017-08-31 05:15:00,1,300.60332531103194,299.6439660722308
2017-08-31 05:30:00,1,300.5580618482684,299.6011748049198
2017-08-31 05:45:00,1,300.5134572743699,299.55876206088476
2017-08-31 06:00:00,1,300.47202343841366,299.5191970371636
2017-08-31 06:15:00,1,300.43710335145704,299.48562821215216
2017-08-31 06:30:00,1,300.4118158782002,299.46106248721225
2017-08-31 06:45:00,1,300.39862300233773,299.44784342031414
2017-08-31 07:00:00,1,300.39912640980884,299.4473930521611
2017-08-31 07:15:00,1,300.4141761533259,299.4603017379751
2017-08-31 07:30:00,1,300.4442543908459,299.4869143558771
2017-08-31 07:45:00,1,300.4898126620465,299.5262021957174
2017-08-31 08:00:00,1,300.55090142841493,299.57728912216606
2017-08-31 08:15:00,1,300.6266362176702,299.63886544032613
2017-08-31 08:30:00,1,300.71624890630767,299.7087334153999
2017-08-31 08:45:00,1,300.8199280048546,299.7817475742308
2017-08-31 09:00:00,1,300.9371957216905,299.8588861943786
2017-08-31 09:15:00,1,301.0656995732627,299.95133205431165
2017-08-31 09:30:00,1,301.20265660726324,300.06065643864775
2017-08-31 09:45:00,1,301.3468362609634,300.1836006865331
2017-08-31 10:00:00,1,301.49807262072414,300.318728848411
2017-08-31 10:15:00,1,301.65592518664147,300.47200710491387
2017-08-31 10:30:00,1,301.8190691803142,300.634965964038
2017-08-31 10:45:00,1,301.9848135519154,300.7989765790872
2017-08-31 11:00:00,1,302.1500846140995,300.95948674668784
2017-08-31 11:15:00,1,302.3122431079366,301.1147644519902
2017-08-31 11:30:00,1,302.4691918843612,301.26406425130205
2017-08-31 11:45:00,1,302.61912814631586,301.4062850288406
2017-08-31 12:00:00,1,302.7606656781485,301.5401533517141
2017-08-31 12:15:00,1,302.8930952416715,301.66483771715514
2017-08-31 12:30:00,1,303.0174443049817,301.7806183718508
2017-08-31 12:45:00,1,303.1365972538346,301.8891161917249
2017-08-31 13:00:00,1,303.25289967278604,301.99263630867557
2017-08-31 13:15:00,1,303.3668793460856,302.0929420793184
2017-08-31 13:30:00,1,303.4782229700674,302.190938683339
2017-08-31 13:45:00,1,303.5872504183081,302.28745291077814
2017-08-31 14:00:00,1,303.6944112814975,302.38330598897875
2017-08-31 14:15:00,1,303.7993191432976,302.47864602961937
2017-08-31 14:30:00,1,303.9009886642419,302.57273953121876
2017-08-31 14:45:00,1,303.9982035862065,302.6643161685882
2017-08-31 15:00:00,1,304.08964259157847,302.7519478311308
2017-08-31 15:15:00,1,304.1737136321476,302.8340992649643
2017-08-31 15:30:00,1,304.2486174883026,302.9091124426493
2017-08-31 15:45:00,1,304.31275173800384,302.97542035975795
2017-08-31 16:00:00,1,304.36469266192705,303.0315370310705
2017-08-31 16:15:00,1,304.40259231580836,303.075712119731
2017-08-31 16:30:00,1,304.4247269945908,303.10646024382214
2017-08-31 16:45:00,1,304.4298789023369,303.12259447531954
2017-08-31 17:00:00,1,304.4168758976679,303.122758669758
2017-08-31 17:15:00,1,304.38337082884385,303.1048494382001
2017-08-31 17:30:00,1,304.32767037679486,303.06718397238376
2017-08-31 17:45:00,1,304.25070114029455,303.01006152607
2017-08-31 18:00:00,1,304.1545079726155,302.93570908211564
2017-08-31 18:15:00,1,304.04020037656414,302.8432690088414
2017-08-31 18:30:00,1,303.90707713696787,302.73108540517063
2017-08-31 18:45:00,1,303.7522865524055,302.59701256490786
2017-08-31 19:00:00,1,303.5748884361211,302.4415542562039
2017-08-31 19:15:00,1,303.3827847628001,302.270310504259
2017-08-31 19:30:00,1,303.1868834035205,302.09231068447446
2017-08-31 19:45:00,1,302.99518862161574,301.91627999850647
2017-08-31 20:00:00,1,302.81220699637436,301.74731091234355
2017-08-31 20:15:00,1,302.6398314007421,301.58997739645946
2017-08-31 20:30:00,1,302.4784115786267,301.4406105016261
2017-08-31 20:45:00,1,302.3274828171162,301.2960749829661
2017-08-31 21:00:00,1,302.18621799805965,301.1558729701489
2017-08-31 21:15:00,1,302.05368711980776,301.02030895539787
2017-08-31 21:30:00,1,301.9290262625208,300.8887520228475
2017-08-31 21:45:00,1,301.8116066862542,300.7652844264546
2017-08-31 22:00:00,1,301.7009456397042,300.65394728482454
2017-08-31 22:15:00,1,301.59655989335954,300.5531055789735
2017-08-31 22:30:00,1,301.4979654525013,300.45938560938043
2017-08-31 22:45:00,1,301.4047594158548,300.37084466761866
2017-08-31 23:00:00,1,301.31658322252133,300.28707736791125
2017-08-31 23:15:00,1,301.23305672123934,300.2080998676388
2017-08-31 23:30:00,1,301.1538466514407,300.1337248299361
2017-08-31 23:45:00,1,301.07881591370636,300.06361827332177
2017-09-01 00:00:00,1,301.00785020846905,299.99743762992847
2017-08-01 00:15:00,2,301.19259953372125,298.8635811186431
2017-08-01 00:30:00,2,301.13819489683374,298.80430623690023
2017-08-01 00:45:00,2,301.0855231280483,298.7491016722981
2017-08-01 01:00:00,2,301.03367970468275,298.69579619841164
2017-08-01 01:15:00,2,300.98197079473886,298.6427678764556
2017-08-01 01:30:00,2,300.9300020859095,298.58930594352165
2017-08-01 01:45:00,2,300.8777125150475,298.5353198465689
2017-08-01 02:00:00,2,300.82520777185664,298.4809569711705
2017-08-01 02:15:00,2,300.7725988206931,298.4263814849869
2017-08-01 02:30:00,2,300.72007019128336,298.37185089462383
2017-08-01 02:45:00,2,300.6681333079292,298.31796802526117
2017-08-01 03:00:00,2,300.6174635632638,298.2656531893667
2017-08-01 03:15:00,2,300.56860128889696,298.2158159193946
2017-08-01 03:30:00,2,300.521805722701,298.16894314902623
2017-08-01 03:45:00,2,300.47691447725134,298.1248254355601
2017-08-01 04:00:00,2,300.4335182685551,298.0827265262934
2017-08-01 04:15:00,2,300.3912423275579,298.0418625213989
2017-08-01 04:30:00,2,300.3498747005491,298.0017794562289
2017-08-01 04:45:00,2,300.30936899666966,297.962414318816
2017-08-01 05:00:00,2,300.2697534769242,297.92392129075347
2017-08-01 05:15:00,2,300.23106728278543,297.88648731521755
2017-08-01 05:30:00,2,300.19372270198045,297.850674316673
2017-08-01 05:45:00,2,300.15935106466804,297.8181581584231
2017-08-01 06:00:00,2,300.12993206457435,297.7911487171334
2017-08-01 06:15:00,2,300.1071609193311,297.7718895550419
2017-08-01 06:30:00,2,300.0926018112927,297.76221682960966
2017-08-01 06:45:00,2,300.0881724192116,297.76348061281226
2017-08-01 07:00:00,2,300.0956842045864,297.77688343489365
2017-08-01 07:15:00,2,300.11585385565945,297.80167106644825
2017-08-01 07:30:00,2,300.1484612129614,297.83645596073507
2017-08-01 07:45:00,2,300.19300244273893,297.8796622785294
2017-08-01 08:00:00,2,300.248928090843,297.9297693421562
2017-08-01 08:15:00,2,300.3161932500089,297.9833564045633
2017-08-01 08:30:00,2,300.3953574214368,298.04199890328
2017-08-01 08:45:00,2,300.4872054208476,298.11211744424145
2017-08-01 09:00:00,2,300.5920392961636,298.1963226005187
2017-08-01 09:15:00,2,300.7092373660198,298.29225119663346
2017-08-01 09:30:00,2,300.8373236193015,298.39997190748943
2017-08-01 09:45:00,2,300.97428835480633,298.52471541714294
2017-08-01 10:00:00,2,301.11802193747303,298.6702488517834
2017-08-01 10:15:00,2,301.2664704538728,298.82579141265904
2017-08-01 10:30:00,2,301.4178751448212,298.9822269100247
2017-08-01 10:45:00,2,301.5711231099349,299.13685725120763
2017-08-01 11:00:00,2,301.7254566144444,299.29054807955134
2017-08-01 11:15:00,2,301.8799880449737,299.4441196994204
2017-08-01 11:30:00,2,302.0335929171255,299.59702243344503
2017-08-01 11:45:00,2,302.1848020013322,299.74770416945967
2017-08-01 12:00:00,2,302.33206660500116,299.8944331481491
2017-08-01 12:15:00,2,302.47399567765507,300.03582742803883
2017-08-01 12:30:00,2,302.60969418597136,300.1712135817187
2017-08-01 12:45:00,2,302.739277050871,300.3007388416199
2017-08-01 13:00:00,2,302.86329987409204,300.4249660466991
2017-08-01 13:15:00,2,302.98201298221187,300.5444068931683
2017-08-01 13:30:00,2,303.09490535724126,300.6586924264474
2017-08-01 13:45:00,2,303.1999500695415,300.76598066658056
2017-08-01 14:00:00,2,303.2946895271501,300.86372419193293
2017-08-01 14:15:00,2,303.3773616964599,300.94992925738563
2017-08-01 14:30:00,2,303.44709424593646,301.02368888270877
2017-08-01 14:45:00,2,303.50375263923524,301.08496030937386
2017-08-01 15:00:00,2,303.547569676389,301.13403313602436
2017-08-01 15:15:00,2,303.57877965195394,301.1711053697593
2017-08-01 15:30:00,2,303.597630867859,301.1961424521113
2017-08-01 15:45:00,2,303.60445941625454,301.208970089799
2017-08-01 16:00:00,2,303.59954737525334,301.21083724166954
2017-08-01 16:15:00,2,303.5830886568334,301.2034697873165
2017-08-01 16:30:00,2,303.5553810888214,301.1873611172809
2017-08-01 16:45:00,2,303.5172031652036,301.1626732154598
2017-08-01 17:00:00,2,303.4701620875899,301.13019884072656
2017-08-01 17:15:00,2,303.4160360084271,301.09141133055846
2017-08-01 17:30:00,2,303.35596344977506,301.048547096589
2017-08-01 17:45:00,2,303.2906906434168,301.00251432151293
2017-08-01 18:00:00,2,303.2207095450043,300.9531704739629
2017-08-01 18:15:00,2,303.14602451044846,300.90001206738947
2017-08-01 18:30:00,2,303.0664890563421,300.8426011089397
2017-08-01 18:45:00,2,302.9821132960355,300.78069150292765
2017-08-01 19:00:00,2,302.8932196785211,300.71430359399795
2017-08-01 19:15:00,2,302.8004344481088,300.6436790012443
2017-08-01 19:30:00,2,302.7044105193138,300.5692773121713
2017-08-01 19:45:00,2,302.6065862006426,300.4920984450994
2017-08-01 20:00:00,2,302.50875487862004,300.41367959670606
2017-08-01 20:15:00,2,302.41222634392307,300.33620146628425
2017-08-01 20:30:00,2,302.3177212016021,300.2572299121458
2017-08-01 20:45:00,2,302.22549967878655,300.17449329785677
2017-08-01 21:00:00,2,302.13555651594464,300.0890707960848
2017-08-01 21:15:00,2,302.04778818184275,300.0029949579836
2017-08-01 21:30:00,2,301.96214627916936,299.917500984204
2017-08-01 21:45:00,2,301.8788411642915,299.83306014083877
2017-08-01 22:00:00,2,301.7981732463409,299.74994975774655
2017-08-01 22:15:00,2,301.7203153713504,299.66847722714135
2017-08-01 22:30:00,2,301.64529708139247,299.58889904965463
2017-08-01 22:45:00,2,301.5730580624297,299.51132199983596
2017-08-01 23:00:00,2,301.50348244604487,299.4356959914228
2017-08-01 23:15:00,2,301.43642148329013,299.36186177722544
2017-08-01 23:30:00,2,301.37177188127225,299.2896381767069
2017-08-01 23:45:00,2,301.3096161870941,299.2188521369702
2017-08-02 00:00:00,2,301.2500902395084,299.1497964428288
2017-08-02 00:15:00,2,301.1932315781918,299.08598437231075
2017-08-02 00:30:00,2,301.1389620236194,299.0277894828842
2017-08-02 00:45:00,2,301.08709452401376,298.97374638587127
2017-08-02 01:00:00,2,301.0373971623707,298.9225177394777
2017-08-02 01:15:00,2,300.989648388282,298.87349983043
2017-08-02 01:30:00,2,300.94354389728807,298.82640849551916
2017-08-02 01:45:00,2,300.8984596117672,298.7807480423428
2017-08-02 02:00:00,2,300.85368208562693,298.7357702378163
2017-08-02 02:15:00,2,300.80868929455613,298.69076493927054
2017-08-02 02:30:00,2,300.76330523843865,298.64542277767
2017-08-02 02:45:00,2,300.71795347165283,298.60008389372325
2017-08-02 03:00:00,2,300.67331415610386,298.555537009558
2017-08-02 03:15:00,2,300.62990303067096,298.51254773190635
2017-08-02 03:30:00,2,300.5879292799492,298.4714580664507
2017-08-02 03:45:00,2,300.54716587651467,298.4319656033757
2017-08-02 04:00:00,2,300.5071429149993,298.3932989171392
2017-08-02 04:15:00,2,300.4674438498082,298.35467499200496
2017-08-02 04:30:00,2,300.4278239410126,298.315638122078
2017-08-02 04:45:00,2,300.38814467451834,298.2761047423545
2017-08-02 05:00:00,2,300.3483185134455,298.2362060667242
2017-08-02 05:15:00,2,300.30831317271355,298.19612719469063
2017-08-02 05:30:00,2,300.26861849254914,298.15654825858365
2017-08-02 05:45:00,2,300.231308372165,298.1194999592569
2017-08-02 06:00:00,2,300.1990020251079,298.08770353092274
2017-08-02 06:15:00,2,300.174085009678,298.0640872237593
2017-08-02 06:30:00,2,300.1588057861481,298.0514923543069
2017-08-02 06:45:00,2,300.15549611740977,298.05250941951806
2017-08-02 07:00:00,2,300.16624623373997,298.0688179843287
2017-08-02 07:15:00,2,300.19208872748976,298.1002747233676
2017-08-02 07:30:00,2,300.2331532325645,298.1446709447324
2017-08-02 07:45:00,2,300.289493829738,298.19950122007043
2017-08-02 08:00:00,2,300.3614206408313,298.2614887167836
2017-08-02 08:15:00,2,300.4494373601211,298.3276121032143
2017-08-02 08:30:00,2,300.55390154659756,298.4062315493261
2017-08-02 08:45:00,2,300.67393243232243,298.5012164134233
2017-08-02 09:00:00,2,300.80709588018226,298.6097572381868
2017-08-02 09:15:00,2,300.9500470122504,298.73569555948575
2017-08-02 09:30:00,2,301.0996812377229,298.88551089496593
2017-08-02 09:45:00,2,301.25433481183904,299.0475806189647
2017-08-02 10:00:00,2,301.4132814124633,299.2126215996641
2017-08-02 10:15:00,2,301.5756537755839,299.3777278324336
2017-08-02 10:30:00,2,301.74036046449794,299.5433034056667
2017-08-02 10:45:00,2,301.90647349824854,299.70980710469433
2017-08-02 11:00:00,2,302.07320226305274,299.876740811368
2017-08-02 11:15:00,2,302.2396162452212,300.04298258180495
2017-08-02 11:30:00,2,302.40445924376263,300.2071259698297
2017-08-02 11:45:00,2,302.5657708037278,300.3673918930183
2017-08-02 12:00:00,2,302.7213995256761,300.52182250640357
2017-08-02 12:15:00,2,302.86954100910845,300.6687027776165
2017-08-02 12:30:00,2,303.00841227481015,300.80624643924
2017-08-02 12:45:00,2,303.1352226132313,300.931836288369
2017-08-02 13:00:00,2,303.24723250196877,301.0425541494919
2017-08-02 13:15:00,2,303.3428710847441,301.1364250658424
2017-08-02 13:30:00,2,303.4220997915754,301.21344405829615
2017-08-02 13:45:00,2,303.4867794313545,301.2757562377974
2017-08-02 14:00:00,2,303.5392948813916,301.3263275086441
2017-08-02 14:15:00,2,303.58122014263824,301.3673694698806
2017-08-02 14:30:00,2,303.6134557359907,301.3999950988077
2017-08-02 14:45:00,2,303.6368523694422,301.4248447632545
2017-08-02 15:00:00,2,303.65211832617945,301.4423804550948
2017-08-02 15:15:00,2,303.6594040376959,301.4525715008164
2017-08-02 15:30:00,2,303.65855774173554,301.45562872430304
2017-08-02 15:45:00,2,303.64948360758524,301.45229312469735
2017-08-02 16:00:00,2,303.63214243131256,301.44266101920016
2017-08-02 16:15:00,2,303.6063045267816,301.4263009113568
2017-08-02 16:30:00,2,303.5716499989965,301.4027135465319
2017-08-02 16:45:00,2,303.5284403441428,301.3718924432595
2017-08-02 17:00:00,2,303.4779096137789,301.3345459316903
2017-08-02 17:15:00,2,303.42153940131726,301.2929850200367
2017-08-02 17:30:00,2,303.3602402582495,301.2484961745314
2017-08-02 17:45:00,2,303.2941565578615,301.20096781858655
2017-08-02 18:00:00,2,303.2230591279667,301.14959702656324
2017-08-02 18:15:00,2,303.1465012936525,301.0935977722291
2017-08-02 18:30:00,2,303.0643418218505,301.0325792519975
2017-08-02 18:45:00,2,302.9767594498347,300.966531802821
2017-08-02 19:00:00,2,302.8842153273821,300.89574868696235
2017-08-02 19:15:00,2,302.78736818449477,300.8207063859276
2017-08-02 19:30:00,2,302.68682525398225,300.7422119388654
2017-08-02 19:45:00,2,302.5841079387363,300.66231288053535
2017-08-02 20:00:00,2,302.4811593331137,300.581113290321
2017-08-02 20:15:00,2,302.37938643934723,300.49499626076187
2017-08-02 20:30:00,2,302.27968227054436,300.4032458823319
2017-08-02 20:45:00,2,302.18288277617495,300.309009709684
2017-08-02 21:00:00,2,302.08971131170665,300.21580700683245
2017-08-02 21:15:00,2,302.0005717680116,300.1255819470804
2017-08-02 21:30:00,2,301.9155398646927,300.03879923288963
2017-08-02 21:45:00,2,301.834382598609,299.9551763333928
2017-08-02 22:00:00,2,301.7567123950441,299.8742241516251
2017-08-02 22:15:00,2,301.68215026582396,299.7954796951057
2017-08-02 22:30:00,2,301.61044194307493,299.7186407075611
2017-08-02 22:45:00,2,301.5416018650364,299.6436482049654
2017-08-02 23:00:00,2,301.47574666525423,299.5705863318707
2017-08-02 23:15:00,2,301.4129039673025,299.4994071604709
2017-08-02 23:30:00,2,301.3529310801259,299.430470146812
2017-08-02 23:45:00,2,301.29541360091895,299.36662086722674
2017-08-03 00:00:00,2,301.2398479986339,299.3076840972796
2017-08-03 00:15:00,2,301.18583019316395,299.2519144378071
2017-08-03 00:30:00,2,301.13308204478676,299.1979350613313
2017-08-03 00:45:00,2,301.0814375082536,299.1452408060916
2017-08-03 01:00:00,2,301.0307910002676,299.09379376105244
2017-08-03 01:15:00,2,300.98105270810265,299.04359628516676
2017-08-03 01:30:00,2,300.9321474496558,298.9945344011726
2017-08-03 01:45:00,2,300.88400893325127,298.9463640981709
2017-08-03 02:00:00,2,300.83650828812415,298.8987176362428
2017-08-03 02:15:00,2,300.78946275729686,298.85116939495896
2017-08-03 02:30:00,2,300.74280593677264,298.80350526401446
2017-08-03 02:45:00,2,300.69686327990024,298.75607749217534
2017-08-03 03:00:00,2,300.6522001308297,298.7097771287731
2017-08-03 03:15:00,2,300.60930946687586,298.66561267316376
2017-08-03 03:30:00,2,300.56842700773075,298.6241844702486
2017-08-03 03:45:00,2,300.52935180125985,298.58534099391767
2017-08-03 04:00:00,2,300.49162894518236,298.5483465543155
2017-08-03 04:15:00,2,300.45485142599637,298.5123965214091
2017-08-03 04:30:00,2,300.4187940369004,298.47701975600586
2017-08-03 04:45:00,2,300.3834184808417,298.4421575267
2017-08-03 05:00:00,2,300.3487690382409,298.408107321134
2017-08-03 05:15:00,2,300.31489627705963,298.37506356904555
2017-08-03 05:30:00,2,300.2822148262915,298.34347982606397
2017-08-03 05:45:00,2,300.25233541077307,298.3147753867294
2017-08-03 06:00:00,2,300.2271810494727,298.2909428534339
2017-08-03 06:15:00,2,300.20849765082,298.2742863600345
2017-08-03 06:30:00,2,300.1983307400111,298.2673151046568
2017-08-03 06:45:00,2,300.1994765799845,298.27288691676404
2017-08-03 07:00:00,2,300.2142891641626,298.2920665603496
2017-08-03 07:15:00,2,300.2433936143989,298.32425427837705
2017-08-03 07:30:00,2,300.2860568017157,298.36745471232626
2017-08-03 07:45:00,2,300.3412738902007,298.419264195688
2017-08-03 08:00:00,2,300.40858689389705,298.47695757530596
2017-08-03 08:15:00,2,300.48853994920097,298.5360698125516
2017-08-03 08:30:00,2,300.5820657958925,298.60478763483655
2017-08-03 08:45:00,2,300.6884404303265,298.68786946692944
2017-08-03 09:00:00,2,300.80487594597895,298.7827719830349
2017-08-03 09:15:00,2,300.92784043496795,298.88710683142915
2017-08-03 09:30:00,2,301.0548155354928,299.0027959774261
2017-08-03 09:45:00,2,301.18633221429536,299.1348768933237
2017-08-03 10:00:00,2,301.3246094388942,299.2776929652286
2017-08-03 10:15:00,2,301.47127783825795,299.4270564365214
2017-08-03 10:30:00,2,301.6264229062965,299.58208604563237
2017-08-03 10:45:00,2,301.78764928785046,299.74200649769364
2017-08-03 11:00:00,2,301.95147439430286,299.9044382521035
2017-08-03 11:15:00,2,302.1147607642496,300.06620627170537
2017-08-03 11:30:00,2,302.2747190931092,300.22427442462015
2017-08-03 11:45:00,2,302.4281344017126,300.3756351570107
2017-08-03 12:00:00,2,302.5720100559729,300.517418670612
2017-08-03 12:15:00,2,302.7043030689012,300.64745308145535
2017-08-03 12:30:00,2,302.8244670347141,300.765216759515
2017-08-03 12:45:00,2,302.9343156904955,300.8725257656046
2017-08-03 13:00:00,2,303.03645650117124,300.97244378884216
2017-08-03 13:15:00,2,303.13261454241774,301.0674724322149
2017-08-03 13:30:00,2,303.22354764545395,301.1587386431078
2017-08-03 13:45:00,2,303.30938554678596,301.24632130645665
2017-08-03 14:00:00,2,303.38991247790943,301.32984581328225
2017-08-03 14:15:00,2,303.4646294619887,301.4085628165066
2017-08-03 14:30:00,2,303.53276248179145,301.48148811954144
2017-08-03 14:45:00,2,303.5929808149095,301.5472564906382
2017-08-03 15:00:00,2,303.64371306744613,301.6042465965056
2017-08-03 15:15:00,2,303.6836669283155,301.65100349118234
2017-08-03 15:30:00,2,303.7120063442741,301.68639872535056
2017-08-03 15:45:00,2,303.72812617837377,301.7096576111271
2017-08-03 16:00:00,2,303.7316311928258,301.72029550493147
2017-08-03 16:15:00,2,303.7222500088921,301.71968857324146
2017-08-03 16:30:00,2,303.7002221745823,301.70864422688334
2017-08-03 16:45:00,2,303.66657574000095,301.68781264627495
2017-08-03 17:00:00,2,303.6231849140575,301.6584035138151
2017-08-03 17:15:00,2,303.5719957872442,301.62151268822504
2017-08-03 17:30:00,2,303.5143384250725,301.57997923418
2017-08-03 17:45:00,2,303.450887900033,301.5347572054259
2017-08-03 18:00:00,2,303.38185656400077,301.48541094273276
2017-08-03 18:15:00,2,303.30722852178485,301.4312525977943
2017-08-03 18:30:00,2,303.22707058523036,301.3719435839235
2017-08-03 18:45:00,2,303.14167123128465,301.30753331843687
2017-08-03 19:00:00,2,303.05166382663765,301.23840207225965
2017-08-03 19:15:00,2,302.95801319382184,301.16514116764176
2017-08-03 19:30:00,2,302.8615619984347,301.08841163506224
2017-08-03 19:45:00,2,302.7634632342642,301.00906457385963
2017-08-03 20:00:00,2,302.66496223758503,300.92819146586044
2017-08-03 20:15:00,2,302.56691477423715,300.84723949368095
2017-08-03 20:30:00,2,302.4699166956713,300.7662251331468
2017-08-03 20:45:00,2,302.3747365701019,300.6811074361112
2017-08-03 21:00:00,2,302.2821311128861,300.59227998867004
2017-08-03 21:15:00,2,302.1925619956343,300.5025788380686
2017-08-03 21:30:00,2,302.106274358663,300.41434516878564
2017-08-03 21:45:00,2,302.02355637332437,300.32872027640263
2017-08-03 22:00:00,2,301.9446861958258,300.2461990740956
2017-08-03 22:15:00,2,301.869767146594,300.16706383801807
2017-08-03 22:30:00,2,301.7986675491697,300.09139514384265
2017-08-03 22:45:00,2,301.73095788033356,300.01889351471254
2017-08-03 23:00:00,2,301.66607712437104,299.948918133849
2017-08-03 23:15:00,2,301.60353266720625,299.8807311130362
2017-08-03 23:30:00,2,301.5429929977115,299.81372981255606
2017-08-03 23:45:00,2,301.4843554236101,299.7474994412254
2017-08-04 00:00:00,2,301.42758359482855,299.6815062444018
2017-08-04 00:15:00,2,301.3725684249805,299.6179124469812
2017-08-04 00:30:00,2,301.319152424739,299.55808420278487
2017-08-04 00:45:00,2,301.2672325895407,299.50135737438666
2017-08-04 01:00:00,2,301.2167637964322,299.4465831774117
2017-08-04 01:15:00,2,301.16772258385333,299.39318136838574
2017-08-04 01:30:00,2,301.1201406844501,299.3412069185892
2017-08-04 01:45:00,2,301.0741349454389,299.29100051120804
2017-08-04 02:00:00,2,301.0298282094648,299.24288445364135
2017-08-04 02:15:00,2,300.9872823070293,299.19703643257884
2017-08-04 02:30:00,2,300.9464886935392,299.1534787791834
2017-08-04 02:45:00,2,300.90737502578133,299.1121247992664
2017-08-04 03:00:00,2,300.86983154500314,299.0728304404104
2017-08-04 03:15:00,2,300.8337388705381,299.0354334121354
2017-08-04 03:30:00,2,300.79898152682796,298.99977823476735
2017-08-04 03:45:00,2,300.7654566687858,298.96585201078244
2017-08-04 04:00:00,2,300.73307712341574,298.9335292479199
2017-08-04 04:15:00,2,300.7017679422367,298.90262540651366
2017-08-04 04:30:00,2,300.67149544013915,298.87306147489596
2017-08-04 04:45:00,2,300.64236434817576,298.84497615825137
2017-08-04 05:00:00,2,300.6145763502493,298.8186849377563
2017-08-04 05:15:00,2,300.58830757941035,298.7945224025274
2017-08-04 05:30:00,2,300.5636880609516,298.77271423734805
2017-08-04 05:45:00,2,300.54081587279614,298.7530853653815
2017-08-04 06:00:00,2,300.51978740327814,298.7354097544897
2017-08-04 06:15:00,2,300.50144020601317,298.7200573016967
2017-08-04 06:30:00,2,300.48726308181364,298.7082870153941
2017-08-04 06:45:00,2,300.47883227091785,298.70191617231194
2017-08-04 07:00:00,2,300.4777376223737,298.70310803778665
2017-08-04 07:15:00,2,300.48636864298913,298.7143101795633
2017-08-04 07:30:00,2,300.5076260124721,298.7380672051448
2017-08-04 07:45:00,2,300.5442660120738,298.7763146137025
2017-08-04 08:00:00,2,300.59820289994855,298.8290295802152
2017-08-04 08:15:00,2,300.6699603388518,298.89289965166085
2017-08-04 08:30:00,2,300.75941755213154,298.95870975122995
2017-08-04 08:45:00,2,300.8660204467623,299.03922203607766
2017-08-04 09:00:00,2,300.98815547469854,299.1427325097599
2017-08-04 09:15:00,2,301.12172845530364,299.26866634095
2017-08-04 09:30:00,2,301.2612967648774,299.4169408548194
2017-08-04 09:45:00,2,301.4020658303968,299.57242923133566
2017-08-04 10:00:00,2,301.5405115317746,299.72286906814014
2017-08-04 10:15:00,2,301.6748629722239,299.86437114033225
2017-08-04 10:30:00,2,301.80450267870924,299.9981031485021
2017-08-04 10:45:00,2,301.92912507393373,300.12581064716306
2017-08-04 11:00:00,2,302.0481970766078,300.2477794161577
2017-08-04 11:15:00,2,302.16034395286886,300.3628269636571
2017-08-04 11:30:00,2,302.26402299941043,300.46951716770445
2017-08-04 11:45:00,2,302.3585854991615,300.5670790318407
2017-08-04 12:00:00,2,302.44441594463524,300.6559267341077
2017-08-04 12:15:00,2,302.5231366645114,300.73760716990506
2017-08-04 12:30:00,2,302.5965861963115,300.8138781701138
2017-08-04 12:45:00,2,302.6655255187623,300.8855875408699
2017-08-04 13:00:00,2,302.73054776624446,300.9531440347137
2017-08-04 13:15:00,2,302.7941655403354,301.0179331308426
2017-08-04 13:30:00,2,302.8594228550997,301.08244806630455
2017-08-04 13:45:00,2,302.9287294060455,301.14937577461114
2017-08-04 14:00:00,2,303.0025175336342,301.2198774334619
2017-08-04 14:15:00,2,303.0777812942041,301.29224795796875
2017-08-04 14:30:00,2,303.15006197149467,301.36259552086557
2017-08-04 14:45:00,2,303.2154002100384,301.4266583984241
2017-08-04 15:00:00,2,303.2710121519293,301.4812084385445
2017-08-04 15:15:00,2,303.3151563684267,301.5243437020041
2017-08-04 15:30:00,2,303.34694282076066,301.55525009886986
2017-08-04 15:45:00,2,303.366468121728,301.5741186972012
2017-08-04 16:00:00,2,303.37427819098144,301.58282510273403
2017-08-04 16:15:00,2,303.37070551695336,301.5825120467146
2017-08-04 16:30:00,2,303.3559726536093,301.5734274942605
2017-08-04 16:45:00,2,303.33066360572155,301.5557595745463
2017-08-04 17:00:00,2,303.29614880042027,301.53001956231475
2017-08-04 17:15:00,2,303.2540041603195,301.49836129069695
2017-08-04 17:30:00,2,303.20533903768876,301.4624459904705
2017-08-04 17:45:00,2,303.15084989192894,301.4227993269928
2017-08-04 18:00:00,2,303.0911608598549,301.37939323232183
2017-08-04 18:15:00,2,303.0265882787823,301.3320978803964
2017-08-04 18:30:00,2,302.9572596732958,301.28080506696466
2017-08-04 18:45:00,2,302.88333869220395,301.22545364554855
2017-08-04 19:00:00,2,302.80530617235485,301.16619699715415
2017-08-04 19:15:00,2,302.72409069693293,301.1034795240602
2017-08-04 19:30:00,2,302.6405414312879,301.03791321981413
2017-08-04 19:45:00,2,302.5556422510298,300.9702777181057
2017-08-04 20:00:00,2,302.4703747486278,300.901611831934
2017-08-04 20:15:00,2,302.3853854722182,300.83388903320423
2017-08-04 20:30:00,2,302.30111204679315,300.7611647596415
2017-08-04 20:45:00,2,302.21816684716697,300.68316937194925
2017-08-04 21:00:00,2,302.13721727865425,300.6028818616842
2017-08-04 21:15:00,2,302.05872108851355,300.52304463709436
2017-08-04 21:30:00,2,301.98287897864765,300.44493074759356
2017-08-04 21:45:00,2,301.9096609278378,300.3687666284381
2017-08-04 22:00:00,2,301.8389206524521,300.2944375200746
2017-08-04 22:15:00,2,301.770483440281,300.22182644939437
2017-08-04 22:30:00,2,301.7042799115753,300.1509361316888
2017-08-04 22:45:00,2,301.64059147410313,300.08199002674525
2017-08-04 23:00:00,2,301.5798039034552,300.01535715224446
2017-08-04 23:15:00,2,301.5221255939609,299.95134219977854
2017-08-04 23:30:00,2,301.4675019073412,299.8899292989529
2017-08-04 23:45:00,2,301.41551367501353,299.8305218995063
2017-08-05 00:00:00,2,301.36560316844515,299.7741283541756
2017-08-05 00:15:00,2,301.31731541685093,299.7216578105907
2017-08-05 00:30:00,2,301.27037911575064,299.672453082114
2017-08-05 00:45:00,2,301.2247619448871,299.6254638013837
2017-08-05 01:00:00,2,301.18051173900875,299.5800944522763
2017-08-05 01:15:00,2,301.13761803664613,299.5361868897574
2017-08-05 01:30:00,2,301.09597678906295,299.49364457649546
2017-08-05 01:45:00,2,301.05534139858304,299.45216635809635
2017-08-05 02:00:00,2,301.0153927019322,299.4112533161954
2017-08-05 02:15:00,2,300.9758529843719,299.3703973426544
2017-08-05 02:30:00,2,300.93658477484774,299.3293409162726
2017-08-05 02:45:00,2,300.89771074598684,299.2883264434495
2017-08-05 03:00:00,2,300.8595463588208,299.24806675781616
2017-08-05 03:15:00,2,300.822396834858,299.20939566434436
2017-08-05 03:30:00,2,300.7864396170597,299.1728610044702
2017-08-05 03:45:00,2,300.7516861524559,299.13861221977197
2017-08-05 04:00:00,2,300.71801235852547,299.10626087978176
2017-08-05 04:15:00,2,300.6852468114966,299.07522995392645
2017-08-05 04:30:00,2,300.6532117459286,299.0450276156771
2017-08-05 04:45:00,2,300.62169584628464,299.0152376583774
2017-08-05 05:00:00,2,300.59048858681007,298.98547578207456
2017-08-05 05:15:00,2,300.55945801671766,298.95546191396886
2017-08-05 05:30:00,2,300.5289839242591,298.92553148985115
2017-08-05 05:45:00,2,300.5007672548369,298.8972250131361
2017-08-05 06:00:00,2,300.47684859968626,298.872931184865
2017-08-05 06:15:00,2,300.4591285107359,298.85518541246984
2017-08-05 06:30:00,2,300.4496646660292,298.8466367320857
2017-08-05 06:45:00,2,300.4508297041374,298.84978964633484
2017-08-05 07:00:00,2,300.4649116034167,298.86683741313215
2017-08-05 07:15:00,2,300.4930049190767,298.89835051628785
2017-08-05 07:30:00,2,300.5351365329835,298.94227752601336
2017-08-05 07:45:00,2,300.5909436679701,298.99547650516377
2017-08-05 08:00:00,2,300.6598981925887,299.05084703689886
2017-08-05 08:15:00,2,300.74165065194535,299.11246359364856
2017-08-05 08:30:00,2,300.8361942544574,299.1858522335439
2017-08-05 08:45:00,2,300.9435572231343,299.27157414489193
2017-08-05 09:00:00,2,301.06309464759727,299.3748411230966
2017-08-05 09:15:00,2,301.1932957193792,299.49885908331913
2017-08-05 09:30:00,2,301.3322802270588,299.643059585636
2017-08-05 09:45:00,2,301.47826403718256,299.7968792728664
2017-08-05 10:00:00,2,301.62954835408794,299.9528095191813
2017-08-05 10:15:00,2,301.7842461347386,300.10855977915884
2017-08-05 10:30:00,2,301.9405099734257,300.26398852620787
2017-08-05 10:45:00,2,302.09659817113806,300.41854479590796
2017-08-05 11:00:00,2,302.25090632635727,300.57083103080015
2017-08-05 11:15:00,2,302.40192009031415,300.71921403392446
2017-08-05 11:30:00,2,302.5482336533048,300.8622626535101
2017-08-05 11:45:00,2,302.688480458754,300.9987863160945
2017-08-05 12:00:00,2,302.82145155127864,301.127779473142
2017-08-05 12:15:00,2,302.94617800828763,301.24842406238594
2017-08-05 12:30:00,2,303.0620775567183,301.3602694623794
2017-08-05 12:45:00,2,303.1691502038804,301.46339464384675
2017-08-05 13:00:00,2,303.2676714378164,301.55822264798286
2017-08-05 13:15:00,2,303.35777618806196,301.6451444814113
2017-08-05 13:30:00,2,303.43949129662275,301.72437238475544
2017-08-05 13:45:00,2,303.5129032377257,301.7960610800023
2017-08-05 14:00:00,2,303.5780741515527,301.86033125239595
2017-08-05 14:15:00,2,303.6348735572432,301.91715346854255
2017-08-05 14:30:00,2,303.6828776805217,301.96608233358245
2017-08-05 14:45:00,2,303.72106811237796,302.0060218325247
2017-08-05 15:00:00,2,303.7483588255494,302.0356000764419
2017-08-05 15:15:00,2,303.7640139765365,302.053708659287
2017-08-05 15:30:00,2,303.7679736155824,302.0596916743816
2017-08-05 15:45:00,2,303.761337949401,302.05629388609407
2017-08-05 16:00:00,2,303.745521506065,302.04579941422946
2017-08-05 16:15:00,2,303.7213186754729,302.0292167264867
2017-08-05 16:30:00,2,303.68895403532696,302.00643828498534
2017-08-05 16:45:00,2,303.6484642743306,301.9770217025151
2017-08-05 17:00:00,2,303.60047816802285,301.9411650650041
2017-08-05 17:15:00,2,303.54624208173874,301.900640220665
2017-08-05 17:30:00,2,303.48685729954525,301.8567633797473
2017-08-05 17:45:00,2,303.4230173998422,301.80997812547565
2017-08-05 18:00:00,2,303.3551062757409,301.76021213073966
2017-08-05 18:15:00,2,303.28312013541404,301.70720065997523
2017-08-05 18:30:00,2,303.20686361216474,301.6505727117184
2017-08-05 18:45:00,2,303.1260008667353,301.58988087384444
2017-08-05 19:00:00,2,303.04057397141827,301.5248753707737
2017-08-05 19:15:00,2,302.9510657025191,301.4556394758849
2017-08-05 19:30:00,2,302.85811744154927,301.3827138341837
2017-08-05 19:45:00,2,302.7634162571239,301.3074292946974
2017-08-05 20:00:00,2,302.669054382374,301.23204067479185
2017-08-05 20:15:00,2,302.57651357605687,301.15612750352835
2017-08-05 20:30:00,2,302.4865719437602,301.0763671757822
2017-08-05 20:45:00,2,302.39949126949193,300.9935585653363
2017-08-05 21:00:00,2,302.31527392214224,300.91031427848816
2017-08-05 21:15:00,2,302.2338242402122,300.82845425572805
2017-08-05 21:30:00,2,302.1550216145218,300.74848167458464
2017-08-05 21:45:00,2,302.07875919524315,300.67019527408434
2017-08-05 22:00:00,2,302.00488492649356,300.593253752641
2017-08-05 22:15:00,2,301.9331912429232,300.51736081718406
2017-08-05 22:30:00,2,301.86355806952236,300.4423808021277
2017-08-05 22:45:00,2,301.79624313042723,300.36852173141557
2017-08-05 23:00:00,2,301.7316765776093,300.2962943306937
2017-08-05 23:15:00,2,301.6701457715559,300.2262192981895
2017-08-05 23:30:00,2,301.611680409026,300.15847925377574
2017-08-05 23:45:00,2,301.5559607177648,300.09253368915824
2017-08-06 00:00:00,2,301.50251730751734,300.0305376040884
2017-08-06 00:15:00,2,301.45094729567296,299.9732794424599
2017-08-06 00:30:00,2,301.40100194660727,299.9197192440083
2017-08-06 00:45:00,2,301.35266736586107,299.8686629594387
2017-08-06 01:00:00,2,301.30602183773414,299.81959577449027
2017-08-06 01:15:00,2,301.2610881683151,299.7724820744037
2017-08-06 01:30:00,2,301.21772918186974,299.7272373783946
2017-08-06 01:45:00,2,301.17545994085066,299.68338853640176
2017-08-06 02:00:00,2,301.13365297127837,299.6401622097059
2017-08-06 02:15:00,2,301.0918205017506,299.5967772811586
2017-08-06 02:30:00,2,301.04978479069604,299.55283790844436
2017-08-06 02:45:00,2,301.00789554236115,299.50868534377764
2017-08-06 03:00:00,2,300.96678274416064,299.4652633449993
2017-08-06 03:15:00,2,300.92698794686686,299.4235983218169
2017-08-06 03:30:00,2,300.888715372363,299.38420858770723
2017-08-06 03:45:00,2,300.8515154997962,299.34669322930375
2017-08-06 04:00:00,2,300.81460441493266,299.3099484039175
2017-08-06 04:15:00,2,300.7773407139627,299.2728112216637
2017-08-06 04:30:00,2,300.73946041266896,299.2346745973114
2017-08-06 04:45:00,2,300.70124560720717,299.19575716112087
2017-08-06 05:00:00,2,300.6632313730697,299.15682336512543
2017-08-06 05:15:00,2,300.6258787068049,299.118684798448
2017-08-06 05:30:00,2,300.58995730485975,299.08239097346546
2017-08-06 05:45:00,2,300.55758840065505,299.0500264592976
2017-08-06 06:00:00,2,300.5312125828422,299.02411971154123
2017-08-06 06:15:00,2,300.5128602803604,299.0071970153788
2017-08-06 06:30:00,2,300.504490021162,299.0016256827728
2017-08-06 06:45:00,2,300.5080669876632,299.0090036924869
2017-08-06 07:00:00,2,300.5253592817164,299.0309627113122
2017-08-06 07:15:00,2,300.55737442139656,299.06713775901983
2017-08-06 07:30:00,2,300.6043281329427,299.1159179228869
2017-08-06 07:45:00,2,300.66577773210133,299.17471601275105
2017-08-06 08:00:00,2,300.74097847858064,299.23773273528025
2017-08-06 08:15:00,2,300.82960256418477,299.3052097024687
2017-08-06 08:30:00,2,300.9315467878727,299.38366882816507
2017-08-06 08:45:00,2,301.046622421971,299.4749050082762
2017-08-06 09:00:00,2,301.17430668936026,299.5850684760773
2017-08-06 09:15:00,2,301.3134348821911,299.71687614046664
2017-08-06 09:30:00,2,301.46237325933845,299.8715466475512
2017-08-06 09:45:00,2,301.61926051526126,300.03754001574947
2017-08-06 10:00:00,2,301.7821399084215,300.2061041152113
2017-08-06 10:15:00,2,301.9489813695494,300.37450164690983
2017-08-06 10:30:00,2,302.11802983230314,300.5428951544507
2017-08-06 10:45:00,2,302.2883391388137,300.71164560519776
2017-08-06 11:00:00,2,302.4594042881157,300.88050839826866
2017-08-06 11:15:00,2,302.6305049051084,301.0487089430538
2017-08-06 11:30:00,2,302.8004547760127,301.21505125898545
2017-08-06 11:45:00,2,302.9672568298575,301.37783992435686
2017-08-06 12:00:00,2,303.12866500866596,301.5351560309968
2017-08-06 12:15:00,2,303.28277699484386,301.6853098938347
2017-08-06 12:30:00,2,303.42783298981703,301.82666891015106
2017-08-06 12:45:00,2,303.56139508192337,301.9570836247463
2017-08-06 13:00:00,2,303.6811284536079,302.0740959609874
2017-08-06 13:15:00,2,303.78563919409737,302.17603072756475
2017-08-06 13:30:00,2,303.8746502735614,302.2625598109579
2017-08-06 13:45:00,2,303.9490254676197,302.33465221389855
2017-08-06 14:00:00,2,304.0100276911485,302.39392220600246
2017-08-06 14:15:00,2,304.05861833520424,302.4416480622657
2017-08-06 14:30:00,2,304.09546763088304,302.47854871137235
2017-08-06 14:45:00,2,304.12116341196025,302.505023146757
2017-08-06 15:00:00,2,304.1361776056778,302.52129003375796
2017-08-06 15:15:00,2,304.14069452564564,302.52717740432087
2017-08-06 15:30:00,2,304.1349860180771,302.5235787823725
2017-08-06 15:45:00,2,304.12003882256556,302.5124955467015
2017-08-06 16:00:00,2,304.0969057130128,302.4952967065993
2017-08-06 16:15:00,2,304.066106571426,302.4724243005394
2017-08-06 16:30:00,2,304.027768898889,302.4437182308997
2017-08-06 16:45:00,2,303.9820871402259,302.4089254013084
2017-08-06 17:00:00,2,303.9299776151495,302.3690840925439
2017-08-06 17:15:00,2,303.8726264570711,302.32581293329713
2017-08-06 17:30:00,2,303.8109990881798,302.28006397413526
2017-08-06 17:45:00,2,303.7457246459503,302.2320740353812
2017-08-06 18:00:00,2,303.6770959562673,302.1816875005867
2017-08-06 18:15:00,2,303.60495933938347,302.1285393087114
2017-08-06 18:30:00,2,303.52901492216824,302.0721553188213
2017-08-06 18:45:00,2,303.44898451927645,302.0120382906609
2017-08-06 19:00:00,2,303.3649271460222,301.94791497765704
2017-08-06 19:15:00,2,303.2774186057604,301.8798838113351
2017-08-06 19:30:00,2,303.1872315019602,301.80843820649847
2017-08-06 19:45:00,2,303.0959018949079,301.7346099654548
2017-08-06 20:00:00,2,303.00521640208444,301.6597902590853
2017-08-06 20:15:00,2,302.91642315734674,301.58541472325237
2017-08-06 20:30:00,2,302.83011722408435,301.5118043258225
2017-08-06 20:45:00,2,302.7462676849415,301.4370127433088
2017-08-06 21:00:00,2,302.66455213390805,301.3601420899573
2017-08-06 21:15:00,2,302.5846571844386,301.2819142523974
2017-08-06 21:30:00,2,302.50634540484555,301.2032659642005
2017-08-06 21:45:00,2,302.4294387453969,301.12460094759535
2017-08-06 22:00:00,2,302.3537892126152,301.04586770346583
2017-08-06 22:15:00,2,302.27926439302627,300.966874467476
2017-08-06 22:30:00,2,302.20583215164794,300.8875585632768
2017-08-06 22:45:00,2,302.133769892085,300.80817763918446
2017-08-06 23:00:00,2,302.0634798003381,300.7292450737903
2017-08-06 23:15:00,2,301.9952356527381,300.65126840169944
2017-08-06 23:30:00,2,301.92917188405477,300.57454253816763
2017-08-06 23:45:00,2,301.865371172388,300.4990650079987
2017-08-07 00:00:00,2,301.80384882497697,300.42438118189534
2017-08-07 00:15:00,2,301.74454748679676,300.3527875766594
2017-08-07 00:30:00,2,301.6874045294658,300.28619149409593
2017-08-07 00:45:00,2,301.6324763995622,300.2242819031692
2017-08-07 01:00:00,2,301.57994187831906,300.1662733411237
2017-08-07 01:15:00,2,301.5299535552583,300.1119768045182
2017-08-07 01:30:00,2,301.48255570533286,300.0615731042816
2017-08-07 01:45:00,2,301.43770594431675,300.0150735038152
2017-08-07 02:00:00,2,301.3952833219558,299.97215050459425
2017-08-07 02:15:00,2,301.35511347309154,299.9323083680324
2017-08-07 02:30:00,2,301.3169256261484,299.89499805722704
2017-08-07 02:45:00,2,301.2801886100748,299.85954989416433
2017-08-07 03:00:00,2,301.2442905025401,299.82521348762003
2017-08-07 03:15:00,2,301.20876455839385,299.79133336357285
2017-08-07 03:30:00,2,301.17332603104165,299.75745742491307
2017-08-07 03:45:00,2,301.13782718366747,299.7232620010927
2017-08-07 04:00:00,2,301.10214371398814,299.6884295076423
2017-08-07 04:15:00,2,301.06616002329287,299.6526743270289
2017-08-07 04:30:00,2,301.0299094052007,299.6159607645934
2017-08-07 04:45:00,2,300.99370465280566,299.5786834112959
2017-08-07 05:00:00,2,300.9579597312774,299.54153436595715
2017-08-07 05:15:00,2,300.9230091232147,299.50520014273934
2017-08-07 05:30:00,2,300.8894945568807,299.4707063676955
2017-08-07 05:45:00,2,300.85931656324004,299.4397619535685
2017-08-07 06:00:00,2,300.8346917025361,299.4145316267436
2017-08-07 06:15:00,2,300.8175933014891,299.39744938413685
2017-08-07 06:30:00,2,300.8100873655706,299.39106232195223
2017-08-07 06:45:00,2,300.81417674707524,299.39738022961234
2017-08-07 07:00:00,2,300.8314967051362,299.41800769676195
2017-08-07 07:15:00,2,300.86280490681384,299.4529205833533
2017-08-07 07:30:00,2,300.9081300672918,299.4999913778074
2017-08-07 07:45:00,2,300.9673364357441,299.5563277989929
2017-08-07 08:00:00,2,301.04037828658466,299.61559119909435
2017-08-07 08:15:00,2,301.1277137226341,299.6812489367644
2017-08-07 08:30:00,2,301.23014577842986,299.7597519796138
2017-08-07 08:45:00,2,301.3472835844414,299.85278988722774
2017-08-07 09:00:00,2,301.47709475855055,299.9651962972441
2017-08-07 09:15:00,2,301.61654887390847,300.0996072490474
2017-08-07 09:30:00,2,301.7627350847287,300.2522606520952
2017-08-07 09:45:00,2,301.9140944724861,300.41175936086887
2017-08-07 10:00:00,2,302.06992474616453,300.5718379465437
2017-08-07 10:15:00,2,302.2293955665109,300.7319377326565
2017-08-07 10:30:00,2,302.3913977198075,300.8930726766941
2017-08-07 10:45:00,2,302.5546287719887,301.0551762756894
2017-08-07 11:00:00,2,302.7177028181878,301.2169915837069
2017-08-07 11:15:00,2,302.879161340872,301.3768936882128
2017-08-07 11:30:00,2,303.03736555736555,301.53314776325396
2017-08-07 11:45:00,2,303.1900769451171,301.6836036453257
2017-08-07 12:00:00,2,303.33505093215473,301.8259370888163
2017-08-07 12:15:00,2,303.47058744366956,301.958286405414
2017-08-07 12:30:00,2,303.5956122906401,302.07959228386153
2017-08-07 12:45:00,2,303.70961149981326,302.1895411297776
2017-08-07 13:00:00,2,303.81240299358694,302.2882349669412
2017-08-07 13:15:00,2,303.903900473263,302.37586995068784
2017-08-07 13:30:00,2,303.98434713667257,302.45293706915703
2017-08-07 13:45:00,2,304.05481926139134,302.52060739237555
2017-08-07 14:00:00,2,304.1165837265643,302.58036660240543
2017-08-07 14:15:00,2,304.17035460357795,302.6332791662077
2017-08-07 14:30:00,2,304.2164038530391,302.67974149823857
2017-08-07 14:45:00,2,304.25489747451223,302.71976388864607
2017-08-07 15:00:00,2,304.28590929353766,302.7531934344415
2017-08-07 15:15:00,2,304.3092416947584,302.77965075863693
2017-08-07 15:30:00,2,304.3243383926343,302.79809530192705
2017-08-07 15:45:00,2,304.3299861365632,302.80847712996086
2017-08-07 16:00:00,2,304.32484799758186,302.80980987433077
2017-08-07 16:15:00,2,304.3080882994896,302.80095119869395
2017-08-07 16:30:00,2,304.27958598529324,302.78151132809944
2017-08-07 16:45:00,2,304.2401910999459,302.7522403710384
2017-08-07 17:00:00,2,304.1917446613134,302.71452627093987
2017-08-07 17:15:00,2,304.13612752856466,302.6713854331377
2017-08-07 17:30:00,2,304.0747651779275,302.62483641563813
2017-08-07 17:45:00,2,304.0087060979199,302.5755156410736
2017-08-07 18:00:00,2,303.93859543288534,302.52335354761624
2017-08-07 18:15:00,2,303.86449775568695,302.4680263127038
2017-08-07 18:30:00,2,303.78619027461696,302.4090972270588
2017-08-07 18:45:00,2,303.70340520057255,302.34611758144024
2017-08-07 19:00:00,2,303.6163617732652,302.278926686087
2017-08-07 19:15:00,2,303.5257601702813,302.20774843669403
2017-08-07 19:30:00,2,303.4323400722795,302.1331179131916
2017-08-07 19:45:00,2,303.3374354488958,302.0560008372356
2017-08-07 20:00:00,2,303.2426082485362,301.9777497430974
2017-08-07 20:15:00,2,303.1489724963978,301.90021209554396
2017-08-07 20:30:00,2,303.05714778434856,301.8213232930574
2017-08-07 20:45:00,2,302.96741701637114,301.7388387855051
2017-08-07 21:00:00,2,302.8798639893332,301.65373674256307
2017-08-07 21:15:00,2,302.79446727939785,301.5680278247902
2017-08-07 21:30:00,2,302.71123147289114,301.4830224959889
2017-08-07 21:45:00,2,302.6303893046232,301.3992660859032
2017-08-07 22:00:00,2,302.55224139519015,301.3170506290358
2017-08-07 22:15:00,2,302.4769516160569,301.2366595790483
2017-08-07 22:30:00,2,302.40453630013616,301.15830939483794
2017-08-07 22:45:00,2,302.33491639867526,301.082080267683
2017-08-07 23:00:00,2,302.2679599579297,301.0079196637053
2017-08-07 23:15:00,2,302.2035078715808,300.93567691650645
2017-08-07 23:30:00,2,302.1414168547307,300.8651760480764
2017-08-07 23:45:00,2,302.08163559636927,300.79625014734046
2017-08-08 00:00:00,2,302.024151785078,300.72847178426906
2017-08-08 00:15:00,2,301.968906743659,300.66474450017904
2017-08-08 00:30:00,2,301.91573365098355,300.6061464290097
2017-08-08 00:45:00,2,301.8642450579686,300.5514346918329
2017-08-08 01:00:00,2,301.81394093667836,300.49882857956294
2017-08-08 01:15:00,2,301.76438142335115,300.4471225115155
2017-08-08 01:30:00,2,301.71533028913166,300.3958597679365
2017-08-08 01:45:00,2,301.6669563451983,300.34513957479
2017-08-08 02:00:00,2,301.61956534481163,300.2952383402777
2017-08-08 02:15:00,2,301.5733291513492,300.24628536618684
2017-08-08 02:30:00,2,301.52830396326516,300.1982850929581
2017-08-08 02:45:00,2,301.4845298091095,300.15140656758985
2017-08-08 03:00:00,2,301.44211669405297,300.1061114064949
2017-08-08 03:15:00,2,301.4011908680534,300.0629570020154
2017-08-08 03:30:00,2,301.36177101293094,300.02222648577674
2017-08-08 03:45:00,2,301.3236163283278,299.9836132337855
2017-08-08 04:00:00,2,301.286303304542,299.9462900693058
2017-08-08 04:15:00,2,301.24944688049095,299.9093325535228
2017-08-08 04:30:00,2,301.21287473442794,299.87219177217844
2017-08-08 04:45:00,2,301.17670000954473,299.83492963143215
2017-08-08 05:00:00,2,301.14116364634606,299.79803584250755
2017-08-08 05:15:00,2,301.10648535343046,299.762055678133
2017-08-08 05:30:00,2,301.07322830136667,299.7279204722226
2017-08-08 05:45:00,2,301.0432106089144,299.69735247397
2017-08-08 06:00:00,2,301.01855292827037,299.6726081879246
2017-08-08 06:15:00,2,301.0010037537946,299.65604470767767
2017-08-08 06:30:00,2,300.9922093594364,299.6495615964285
2017-08-08 06:45:00,2,300.9938320546339,299.6544521529787
2017-08-08 07:00:00,2,301.0075257051509,299.671968176534
2017-08-08 07:15:00,2,301.0344542501619,299.70213744439684
2017-08-08 07:30:00,2,301.07523512385154,299.7439833950599
2017-08-08 07:45:00,2,301.1302291350737,299.79584662713637
2017-08-08 08:00:00,2,301.1998204121949,299.8542564967702
2017-08-08 08:15:00,2,301.28452810619973,299.9171428983691
2017-08-08 08:30:00,2,301.384843584967,299.99199857024786
2017-08-08 08:45:00,2,301.50041129684445,300.081975464333
2017-08-08 09:00:00,2,301.6296599842316,300.1878731706369
2017-08-08 09:15:00,2,301.7700597033664,300.31324991950186
2017-08-08 09:30:00,2,301.9189413136534,300.46220221295835
2017-08-08 09:45:00,2,302.074471294341,300.6237102516425
2017-08-08 10:00:00,2,302.2354653040406,300.78844077288977
2017-08-08 10:15:00,2,302.40066978103005,300.9533438301896
2017-08-08 10:30:00,2,302.56846457566365,301.1184783475473
2017-08-08 10:45:00,2,302.73652032645145,301.2833325870854
2017-08-08 11:00:00,2,302.9022772948749,301.44597050799604
2017-08-08 11:15:00,2,303.06349306328383,301.604024293732
2017-08-08 11:30:00,2,303.2184014018717,301.7555656401923
2017-08-08 11:45:00,2,303.3656103522628,301.89926344706737
2017-08-08 12:00:00,2,303.50406759068136,302.03418979729713
2017-08-08 12:15:00,2,303.63297523549943,302.1596368591106
2017-08-08 12:30:00,2,303.7518067994031,302.2751087433756
2017-08-08 12:45:00,2,303.86034228412683,302.3803579230592
2017-08-08 13:00:00,2,303.9585626949016,302.4753566807032
2017-08-08 13:15:00,2,304.04645327277854,302.5601948203293
2017-08-08 13:30:00,2,304.12430242821614,302.63536389371274
2017-08-08 13:45:00,2,304.19336818618336,302.7022227524761
2017-08-08 14:00:00,2,304.2551145814855,302.7625263699765
2017-08-08 14:15:00,2,304.31032371798483,302.8174852574322
2017-08-08 14:30:00,2,304.3588265944634,302.86701152682423
2017-08-08 14:45:00,2,304.3990839997067,302.9094659243659
2017-08-08 15:00:00,2,304.4292161347576,302.94253679313044
2017-08-08 15:15:00,2,304.44794201137245,302.9643788814148
2017-08-08 15:30:00,2,304.45481539614997,302.97386969707384
2017-08-08 15:45:00,2,304.45024012880907,302.9726695065211
2017-08-08 16:00:00,2,304.4348594240865,302.96243440040996
2017-08-08 16:15:00,2,304.4089340751703,302.9437274568371
2017-08-08 16:30:00,2,304.37256901718354,302.9164085500121
2017-08-08 16:45:00,2,304.3260853226011,302.88040761360634
2017-08-08 17:00:00,2,304.27064355866906,302.83630417395955
2017-08-08 17:15:00,2,304.2077914640471,302.7865039906669
2017-08-08 17:30:00,2,304.13863649359564,302.73253652270984
2017-08-08 17:45:00,2,304.0640448583703,302.67487829613356
2017-08-08 18:00:00,2,303.9846938000355,302.6135744502794
2017-08-08 18:15:00,2,303.9007958878264,302.54857959856713
2017-08-08 18:30:00,2,303.8124925278074,302.47992775538484
2017-08-08 18:45:00,2,303.72029380069995,302.4078927328603
2017-08-08 19:00:00,2,303.62504808730023,302.3330588320082
2017-08-08 19:15:00,2,303.5277703834547,302.25623338221465
2017-08-08 19:30:00,2,303.4292068311407,302.1786077377882
2017-08-08 19:45:00,2,303.330124081345,302.1000274293167
2017-08-08 20:00:00,2,303.2312994451693,302.0198702680063
2017-08-08 20:15:00,2,303.1332633567681,301.9329193434475
2017-08-08 20:30:00,2,303.0364145857985,301.8403555294299
2017-08-08 20:45:00,2,302.9413433573508,301.7456776882512
2017-08-08 21:00:00,2,302.8486291535895,301.6513946523249
2017-08-08 21:15:00,2,302.758596127062,301.55841845877995
2017-08-08 21:30:00,2,302.671325534355,301.4668205055723
2017-08-08 21:45:00,2,302.58673727148715,301.37652931714575
2017-08-08 22:00:00,2,302.5046966707524,301.28755738751266
2017-08-08 22:15:00,2,302.42506089087374,301.1999288813968
2017-08-08 22:30:00,2,302.3477772992712,301.1136493281422
2017-08-08 22:45:00,2,302.273075373571,301.0287426648027
2017-08-08 23:00:00,2,302.20122956931334,300.9449845428792
2017-08-08 23:15:00,2,302.1323347070945,300.86504215272896
2017-08-08 23:30:00,2,302.066355490002,300.79127928766917
2017-08-08 23:45:00,2,302.00328637588837,300.72314397296105
2017-08-09 00:00:00,2,301.94315005298284,300.65922384594705
2017-08-09 00:15:00,2,301.88592012314353,300.59873412164376
2017-08-09 00:30:00,2,301.83150232974623,300.54153265524246
2017-08-09 00:45:00,2,301.7797446097484,300.4876129467731
2017-08-09 01:00:00,2,301.73047061879913,300.4368353487971
2017-08-09 01:15:00,2,301.68349949332855,300.38893922437467
2017-08-09 01:30:00,2,301.63850633180374,300.34347983771823
2017-08-09 01:45:00,2,301.5946929917724,300.2996089774651
2017-08-09 02:00:00,2,301.55110143078974,300.25619110654367
2017-08-09 02:15:00,2,301.5070167610461,300.21220128142437
2017-08-09 02:30:00,2,301.4621508623427,300.167146593197
2017-08-09 02:45:00,2,301.41689609745794,300.1213596145488
2017-08-09 03:00:00,2,301.3719522407619,300.0757531853331
2017-08-09 03:15:00,2,301.3278713334325,300.03122779650187
2017-08-09 03:30:00,2,301.28496349458493,299.98828165815996
2017-08-09 03:45:00,2,301.2433284830972,299.9470059452627
2017-08-09 04:00:00,2,301.20293897336273,299.90727335926243
2017-08-09 04:15:00,2,301.16371819628,299.86890433674057
2017-08-09 04:30:00,2,301.12554823228083,299.8316976145608
2017-08-09 04:45:00,2,301.0882082392198,299.7953321035158
2017-08-09 05:00:00,2,301.05143178266616,299.759369160471
2017-08-09 05:15:00,2,301.0150285766004,299.72342666282736
2017-08-09 05:30:00,2,300.97933426449373,299.6877961461288
2017-08-09 05:45:00,2,300.9460653048392,299.65418768384404
2017-08-09 06:00:00,2,300.91743918657556,299.6251153656308
2017-08-09 06:15:00,2,300.8955770146911,299.60334967687606
2017-08-09 06:30:00,2,300.8826612833657,299.5916430626594
2017-08-09 06:45:00,2,300.8812157468864,299.59295045640937
2017-08-09 07:00:00,2,300.8936385369081,299.60884980049303
2017-08-09 07:15:00,2,300.9212157749228,299.6396504678074
2017-08-09 07:30:00,2,300.9641697291062,299.6840880746763
2017-08-09 07:45:00,2,301.0221304866665,299.73974877929766
2017-08-09 08:00:00,2,301.0942494682154,299.8031194066838
2017-08-09 08:15:00,2,301.17988547808267,299.8678622643256
2017-08-09 08:30:00,2,301.27873209012927,299.9415432321415
2017-08-09 08:45:00,2,301.39031556626685,300.02918231830245
2017-08-09 09:00:00,2,301.5137186223651,300.12937693468575
2017-08-09 09:15:00,2,301.6472770389438,300.24039630496924
2017-08-09 09:30:00,2,301.78894281209404,300.3663497914123
2017-08-09 09:45:00,2,301.93680753772344,300.51313685137364
2017-08-09 10:00:00,2,302.08909033320754,300.6704988926163
2017-08-09 10:15:00,2,302.24394409162693,300.82884585063715
2017-08-09 10:30:00,2,302.39959546783695,300.9844443505777
2017-08-09 10:45:00,2,302.5545630265188,301.1371428678885
2017-08-09 11:00:00,2,302.70765072244467,301.28716900218063
2017-08-09 11:15:00,2,302.8577355270314,301.4339183373133
2017-08-09 11:30:00,2,303.0038813595448,301.5764221610635
2017-08-09 11:45:00,2,303.1456654047143,301.71412576194524
2017-08-09 12:00:00,2,303.2828933001764,301.8469419086822
2017-08-09 12:15:00,2,303.4151634259814,301.9747878970359
2017-08-09 12:30:00,2,303.54163280883864,302.0970345135781
2017-08-09 12:45:00,2,303.66058975231726,302.21220283350885
2017-08-09 13:00:00,2,303.7701718593577,302.3184773038787
2017-08-09 13:15:00,2,303.86911266536504,302.41450681793617
2017-08-09 13:30:00,2,303.9568567295977,302.49973037169985
2017-08-09 13:45:00,2,304.033415659399,302.57423233528425
2017-08-09 14:00:00,2,304.0990486487276,302.63836925419275
2017-08-09 14:15:00,2,304.15391737414035,302.69243142858255
2017-08-09 14:30:00,2,304.1980332212265,302.73647729902547
2017-08-09 14:45:00,2,304.2312306044768,302.77030275385505
2017-08-09 15:00:00,2,304.2533015848308,302.793567794417
2017-08-09 15:15:00,2,304.26402675559996,302.80590125706857
2017-08-09 15:30:00,2,304.2633968263333,302.80690226917795
2017-08-09 15:45:00,2,304.2519583925472,302.7979931603052
2017-08-09 16:00:00,2,304.2303702777237,302.7809568243878
2017-08-09 16:15:00,2,304.1988784524193,302.75643926388364
2017-08-09 16:30:00,2,304.15766440455184,302.72435299736225
2017-08-09 16:45:00,2,304.1073594413624,302.6847986390302
2017-08-09 17:00:00,2,304.04945769420215,302.63880654327085
2017-08-09 17:15:00,2,303.98571822622324,302.5887911551164
2017-08-09 17:30:00,2,303.91736800812504,302.5362347037899
2017-08-09 17:45:00,2,303.84515152085817,302.48152425334985
2017-08-09 18:00:00,2,303.7696180079793,302.4245993029209
2017-08-09 18:15:00,2,303.6908480452444,302.36528387648656
2017-08-09 18:30:00,2,303.60867106946387,302.3033537989723
2017-08-09 18:45:00,2,303.5229511217519,302.2385966256677
2017-08-09 19:00:00,2,303.43359549548177,302.1708944915448
2017-08-09 19:15:00,2,303.340588481891,302.1006800642037
2017-08-09 19:30:00,2,303.2451228631945,302.02838903573394
2017-08-09 19:45:00,2,303.1487702452648,301.9536042861375
2017-08-09 20:00:00,2,303.05250630326515,301.8725667673127
2017-08-09 20:15:00,2,302.95682465901973,301.78445750597194
2017-08-09 20:30:00,2,302.86212105749524,301.6919054470094
2017-08-09 20:45:00,2,302.7691909354749,301.5980783627069
2017-08-09 21:00:00,2,302.67895752736644,301.5051681727603
2017-08-09 21:15:00,2,302.59204996584185,301.41434191401953
2017-08-09 21:30:00,2,302.50871683224784,301.32608767899274
2017-08-09 21:45:00,2,302.42881030752375,301.24039352712737
2017-08-09 22:00:00,2,302.3519679210128,301.1568855010499
2017-08-09 22:15:00,2,302.27781926141944,301.0750302438837
2017-08-09 22:30:00,2,302.2060989221285,300.9943167255806
2017-08-09 22:45:00,2,302.1367662146234,300.91426568932934
2017-08-09 23:00:00,2,302.0699015189295,300.8372668148953
2017-08-09 23:15:00,2,302.00554374669395,300.7659458388718
2017-08-09 23:30:00,2,301.94365948549336,300.70000967017603
2017-08-09 23:45:00,2,301.88415885256245,300.6379210780314
2017-08-10 00:00:00,2,301.82687492586257,300.5784709448703
2017-08-10 00:15:00,2,301.7715846830748,300.52105817724765
2017-08-10 00:30:00,2,301.7180029643874,300.4653152434626
2017-08-10 00:45:00,2,301.66570560742923,300.4107975116542
2017-08-10 01:00:00,2,301.61425160990126,300.35699486088293
2017-08-10 01:15:00,2,301.5633192079484,300.3034968723088
2017-08-10 01:30:00,2,301.51281467413764,300.25022536960984
2017-08-10 01:45:00,2,301.46307804701746,300.19763069386346
2017-08-10 02:00:00,2,301.41468031498255,300.1465630003967
2017-08-10 02:15:00,2,301.3680981908986,300.09788659350045
2017-08-10 02:30:00,2,301.3234819460012,300.0519809067127
2017-08-10 02:45:00,2,301.28034719712286,300.00835493473085
2017-08-10 03:00:00,2,301.2378915228809,299.96587121520105
2017-08-10 03:15:00,2,301.1954605041282,299.92339196093906
2017-08-10 03:30:00,2,301.1526990664244,299.88027016634214
2017-08-10 03:45:00,2,301.10952794940164,299.8364147831577
2017-08-10 04:00:00,2,301.06599794718574,299.79204560436386
2017-08-10 04:15:00,2,301.02217906713946,299.7474268306571
2017-08-10 04:30:00,2,300.97821054649046,299.70282607598585
2017-08-10 04:45:00,2,300.934506652639,299.65867082349905
2017-08-10 05:00:00,2,300.8915969766151,299.6155281978581
2017-08-10 05:15:00,2,300.849890151788,299.5739104995475
2017-08-10 05:30:00,2,300.8099803824651,299.53452682920033
2017-08-10 05:45:00,2,300.7734698948022,299.4989718354896
2017-08-10 06:00:00,2,300.7423064335551,299.46925018730326
2017-08-10 06:15:00,2,300.71837905897416,299.44750887741196
2017-08-10 06:30:00,2,300.70373555695636,299.4361517013311
2017-08-10 06:45:00,2,300.7008687385617,299.4375958652951
2017-08-10 07:00:00,2,300.7122116871182,299.45363370651944
2017-08-10 07:15:00,2,300.7391519852626,299.4847742427283
2017-08-10 07:30:00,2,300.7820938774001,299.52988494528677
2017-08-10 07:45:00,2,300.84072415936663,299.5866726745562
2017-08-10 08:00:00,2,300.9145534030657,299.6522170788429
2017-08-10 08:15:00,2,301.00373613795966,299.7189146303176
2017-08-10 08:30:00,2,301.1088896118415,299.7955893977455
2017-08-10 08:45:00,2,301.23014832906193,299.888388328652
2017-08-10 09:00:00,2,301.3665859893291,299.9962913012197
2017-08-10 09:15:00,2,301.5163448293444,300.11520488748346
2017-08-10 09:30:00,2,301.677280419128,300.2505488905712
2017-08-10 09:45:00,2,301.84758971159175,300.409341420563
2017-08-10 10:00:00,2,302.02566416656487,300.5849278698008
2017-08-10 10:15:00,2,302.2096837441957,300.7661223510034
2017-08-10 10:30:00,2,302.3976212558094,300.9470826767798
2017-08-10 10:45:00,2,302.5872714925521,301.12651268597483
2017-08-10 11:00:00,2,302.7765091543434,301.3040728212839
2017-08-10 11:15:00,2,302.9634150735498,301.4785485725197
2017-08-10 11:30:00,2,303.14637363382246,301.64844562114826
2017-08-10 11:45:00,2,303.3241755288765,301.8126572763785
2017-08-10 12:00:00,2,303.49586178156954,301.97047119796116
2017-08-10 12:15:00,2,303.6604663107332,302.1212869783816
2017-08-10 12:30:00,2,303.81707102661255,302.2645543616709
2017-08-10 12:45:00,2,303.964938537085,302.39985940150484
2017-08-10 13:00:00,2,304.1034717524258,302.5266104653477
2017-08-10 13:15:00,2,304.23209141433483,302.6442213815797
2017-08-10 13:30:00,2,304.35021352330824,302.7522741691751
2017-08-10 13:45:00,2,304.4571198925541,302.8503602336398
2017-08-10 14:00:00,2,304.5521211424472,302.9379851679255
2017-08-10 14:15:00,2,304.63463861709135,303.01465070790323
2017-08-10 14:30:00,2,304.7041644467124,303.07983293672663
2017-08-10 14:45:00,2,304.76008596881167,303.13283797881195
2017-08-10 15:00:00,2,304.8017999250236,303.1728541453958
2017-08-10 15:15:00,2,304.82875762617914,303.1990578928572
2017-08-10 15:30:00,2,304.8406289143071,303.2108649895934
2017-08-10 15:45:00,2,304.83751429689227,303.20776769151263
2017-08-10 16:00:00,2,304.8196985336709,303.1929877094493
2017-08-10 16:15:00,2,304.78720988068466,303.16748807012976
2017-08-10 16:30:00,2,304.7399737748285,303.1308163450142
2017-08-10 16:45:00,2,304.67873476025056,303.0830209459678
2017-08-10 17:00:00,2,304.6055961724464,303.0252536726178
2017-08-10 17:15:00,2,304.52316370144996,302.96106666688945
2017-08-10 17:30:00,2,304.4334112946381,302.89306020679965
2017-08-10 17:45:00,2,304.33748563858114,302.82193502786305
2017-08-10 18:00:00,2,304.236160923153,302.74747696795845
2017-08-10 18:15:00,2,304.12971771352073,302.66936034125155
2017-08-10 18:30:00,2,304.01824695211997,302.58747769687716
2017-08-10 18:45:00,2,303.9020402734691,302.5022283831179
2017-08-10 19:00:00,2,303.7814972543184,302.4135472562873
2017-08-10 19:15:00,2,303.6570385940701,302.31932930677823
2017-08-10 19:30:00,2,303.53033345450564,302.2198474662968
2017-08-10 19:45:00,2,303.40347985088863,302.1176041895194
2017-08-10 20:00:00,2,303.2778873022795,302.00601175062036
2017-08-10 20:15:00,2,303.1543307457801,301.8870746520751
2017-08-10 20:30:00,2,303.0333185813499,301.76573690075793
2017-08-10 20:45:00,2,302.9155416588049,301.64538513412225
2017-08-10 21:00:00,2,302.80170868515813,301.52744573533687
2017-08-10 21:15:00,2,302.692261557914,301.41226877268105
2017-08-10 21:30:00,2,302.58735916607867,301.2999321957534
2017-08-10 21:45:00,2,302.48694002685124,301.1904390305881
2017-08-10 22:00:00,2,302.39081305019687,301.0835837958682
2017-08-10 22:15:00,2,302.2987363574903,300.9786588277713
2017-08-10 22:30:00,2,302.2105300002856,300.87879858816586
2017-08-10 22:45:00,2,302.1262637768885,300.7871972917089
2017-08-10 23:00:00,2,302.04610418197433,300.70322394426034
2017-08-10 23:15:00,2,301.970110012012,300.62503016798854
2017-08-10 23:30:00,2,301.8982158098945,300.5515373513062
2017-08-10 23:45:00,2,301.8302880468363,300.48250221255535
2017-08-11 00:00:00,2,301.7661547227369,300.4178912339259
2017-08-11 00:15:00,2,301.70561276599585,300.3575239952535
2017-08-11 00:30:00,2,301.6484087507493,300.3010221550367
2017-08-11 00:45:00,2,301.5941730966428,300.24784542958497
2017-08-11 01:00:00,2,301.54248724025507,300.1974123766135
2017-08-11 01:15:00,2,301.49298368665774,300.14922555931486
2017-08-11 01:30:00,2,301.44533184604137,300.10288682436897
2017-08-11 01:45:00,2,301.3991512998165,300.05804670270646
2017-08-11 02:00:00,2,301.35408106001506,300.01439922742844
2017-08-11 02:15:00,2,301.30985140409337,299.9717044320781
2017-08-11 02:30:00,2,301.26622193470666,299.9297009652115
2017-08-11 02:45:00,2,301.2228137500154,299.88790276548656
2017-08-11 03:00:00,2,301.17917404736056,299.8456048303624
2017-08-11 03:15:00,2,301.134955839268,299.80216049910314
2017-08-11 03:30:00,2,301.09008971187626,299.7573669765611
2017-08-11 03:45:00,2,301.04494510693263,299.71167487845173
2017-08-11 04:00:00,2,301.0000688471509,299.6659512263899
2017-08-11 04:15:00,2,300.9558962519597,299.62102903786416
2017-08-11 04:30:00,2,300.9126940914815,299.5774234439852
2017-08-11 04:45:00,2,300.87059642568596,299.5353341935857
2017-08-11 05:00:00,2,300.82964967107716,299.49479875347754
2017-08-11 05:15:00,2,300.7898466519247,299.4556797891203
2017-08-11 05:30:00,2,300.751158644735,299.41787374666603
2017-08-11 05:45:00,2,300.71416152095105,299.3821574402106
2017-08-11 06:00:00,2,300.68143681603584,299.3507767794471
2017-08-11 06:15:00,2,300.655985516292,299.3271059301727
2017-08-11 06:30:00,2,300.64012652402965,299.314030290676
2017-08-11 06:45:00,2,300.63617707316763,299.3140089106404
2017-08-11 07:00:00,2,300.64633500821236,299.32879374858317
2017-08-11 07:15:00,2,300.6718299756964,299.35861166064745
2017-08-11 07:30:00,2,300.71298676458866,299.4021097710135
2017-08-11 07:45:00,2,300.76938954942636,299.4570315378674
2017-08-11 08:00:00,2,300.8402117731992,299.5208636444697
2017-08-11 08:15:00,2,300.924986437292,299.58983136953464
2017-08-11 08:30:00,2,301.02362234889614,299.6619525856821
2017-08-11 08:45:00,2,301.1359419777458,299.7453442717673
2017-08-11 09:00:00,2,301.2611009195207,299.84362704108764
2017-08-11 09:15:00,2,301.3974327421645,299.95383718205045
2017-08-11 09:30:00,2,301.54290857841426,300.07226768869265
2017-08-11 09:45:00,2,301.6956208145712,300.2042790376708
2017-08-11 10:00:00,2,301.85380183367675,300.3558996961704
2017-08-11 10:15:00,2,302.0155909698816,300.5211176885488
2017-08-11 10:30:00,2,302.1791189228929,300.6885006035837
2017-08-11 10:45:00,2,302.34262228391907,300.8521316319988
2017-08-11 11:00:00,2,302.5044949284665,301.0112734810729
2017-08-11 11:15:00,2,302.6632614132989,301.16649399166323
2017-08-11 11:30:00,2,302.81777229062203,301.3176464937045
2017-08-11 11:45:00,2,302.9675834918573,301.4641689210346
2017-08-11 12:00:00,2,303.11265338686064,301.60569189338844
2017-08-11 12:15:00,2,303.2527730841832,301.7419895234624
2017-08-11 12:30:00,2,303.3871250668309,301.8723705051145
2017-08-11 12:45:00,2,303.51355775038735,301.99509864640754
2017-08-11 13:00:00,2,303.629561906351,302.10773032900596
2017-08-11 13:15:00,2,303.73336504718355,302.2082373889967
2017-08-11 13:30:00,2,303.82430720507494,302.2960356563701
2017-08-11 13:45:00,2,303.9030291030133,302.372026787176
2017-08-11 14:00:00,2,303.9706436399242,302.4377016684515
2017-08-11 14:15:00,2,304.0278932911844,302.49417820853176
2017-08-11 14:30:00,2,304.0751849771246,302.5419641597487
2017-08-11 14:45:00,2,304.11288491012573,302.58125481098415
2017-08-11 15:00:00,2,304.1412712822472,302.61208948622755
2017-08-11 15:15:00,2,304.16032491280146,302.6344540583438
2017-08-11 15:30:00,2,304.1698404993454,302.6481166914087
2017-08-11 15:45:00,2,304.16955708920545,302.65221975022683
2017-08-11 16:00:00,2,304.1591977319417,302.64771021294735
2017-08-11 16:15:00,2,304.1383801909333,302.6349911212313
2017-08-11 16:30:00,2,304.10687720518644,302.6137725064007
2017-08-11 16:45:00,2,304.06487851084273,302.5838977299401
2017-08-11 17:00:00,2,304.01354303403485,302.54601969829895
2017-08-11 17:15:00,2,303.95450380364855,302.5011969271548
2017-08-11 17:30:00,2,303.88895582015294,302.4517843846527
2017-08-11 17:45:00,2,303.8178265998129,302.3989783854015
2017-08-11 18:00:00,2,303.74182539595625,302.34290815528317
2017-08-11 18:15:00,2,303.66111774996574,302.2832578260506
2017-08-11 18:30:00,2,303.5755860194244,302.2196464179059
2017-08-11 18:45:00,2,303.48494016046686,302.1517359731389
2017-08-11 19:00:00,2,303.3888986814535,302.07937634229097
2017-08-11 19:15:00,2,303.28746050402935,302.0033211950048
2017-08-11 19:30:00,2,303.1820220445771,301.9235875617418
2017-08-11 19:45:00,2,303.074783045809,301.83958801033754
2017-08-11 20:00:00,2,302.96750177391345,301.7481953412332
2017-08-11 20:15:00,2,302.8612370657708,301.64934339695225
2017-08-11 20:30:00,2,302.75666228741704,301.54656804866886
2017-08-11 20:45:00,2,302.65453377548954,301.44337184251106
2017-08-11 21:00:00,2,302.55554588030714,301.34164886910264
2017-08-11 21:15:00,2,302.46009415152366,301.24205328642364
2017-08-11 21:30:00,2,302.36828058935475,301.14467995367573
2017-08-11 21:45:00,2,302.27994369499334,301.0493742115945
2017-08-11 22:00:00,2,302.19477833076235,300.955785652577
2017-08-11 22:15:00,2,302.11246209925457,300.8633621307401
2017-08-11 22:30:00,2,302.03273017564203,300.7711949655669
2017-08-11 22:45:00,2,301.95546432185665,300.6826561799455
2017-08-11 23:00:00,2,301.8806378801335,300.6001756179898
2017-08-11 23:15:00,2,301.80821036696875,300.5229657963134
2017-08-11 23:30:00,2,301.7381062626736,300.44938317956377
2017-08-11 23:45:00,2,301.67024469913287,300.37853030626206
2017-08-12 00:00:00,2,301.60453514718057,300.31024141073306
2017-08-12 00:15:00,2,301.54086514956316,300.2445328800678
2017-08-12 00:30:00,2,301.47916205738886,300.1813532671766
2017-08-12 00:45:00,2,301.4195304857205,300.1206920932248
2017-08-12 01:00:00,2,301.3621366366545,300.06263312180323
2017-08-12 01:15:00,2,301.30705784001447,300.00725079996687
2017-08-12 01:30:00,2,301.2542092356242,299.95445740432154
2017-08-12 01:45:00,2,301.2032368045406,299.9038893650644
2017-08-12 02:00:00,2,301.15368020304794,299.8550069562292
2017-08-12 02:15:00,2,301.10516226150816,299.8073065434627
2017-08-12 02:30:00,2,301.0574269167198,299.7604168588585
2017-08-12 02:45:00,2,301.0103077716546,299.71402865252423
2017-08-12 03:00:00,2,300.96365153524494,299.6678085615328
2017-08-12 03:15:00,2,300.91732080174495,299.6214609671233
2017-08-12 03:30:00,2,300.87124864404905,299.5748560204988
2017-08-12 03:45:00,2,300.8254045957816,299.528070411641
2017-08-12 04:00:00,2,300.7797664431638,299.481306256569
2017-08-12 04:15:00,2,300.73432850837713,299.43477850164896
2017-08-12 04:30:00,2,300.68930205084376,299.38888944419347
2017-08-12 04:45:00,2,300.6456636461159,299.34467590376545
2017-08-12 05:00:00,2,300.6047957563846,299.3036620097456
2017-08-12 05:15:00,2,300.56778930031766,299.26742271844813
2017-08-12 05:30:00,2,300.5351347224463,299.23664675705294
2017-08-12 05:45:00,2,300.5067336391185,299.21118978896084
2017-08-12 06:00:00,2,300.4829560177928,299.19070901185296
2017-08-12 06:15:00,2,300.4652580118172,299.17599322036733
2017-08-12 06:30:00,2,300.4557418925118,299.169157846384
2017-08-12 06:45:00,2,300.4566727086675,299.1727292233386
2017-08-12 07:00:00,2,300.4699563974812,299.18842456834125
2017-08-12 07:15:00,2,300.4962581748383,299.2162892326788
2017-08-12 07:30:00,2,300.5355489281643,299.2551515798108
2017-08-12 07:45:00,2,300.5882000247911,299.3037059772699
2017-08-12 08:00:00,2,300.65487395044414,299.3606356023073
2017-08-12 08:15:00,2,300.7365106390418,299.42132404933415
2017-08-12 08:30:00,2,300.83419097514627,299.49003940886047
2017-08-12 08:45:00,2,300.9487448912207,299.5733381122305
2017-08-12 09:00:00,2,301.07995554512604,299.67299065597786
2017-08-12 09:15:00,2,301.22628439467843,299.7862764315818
2017-08-12 09:30:00,2,301.3850407319209,299.9103097005865
2017-08-12 09:45:00,2,301.5518276542474,300.0505101060597
2017-08-12 10:00:00,2,301.7213382525924,300.2133434462261
2017-08-12 10:15:00,2,301.88884355577204,300.38366154108104
2017-08-12 10:30:00,2,302.05147407506325,300.54878247417304
2017-08-12 10:45:00,2,302.20949383033155,300.7056516304506
2017-08-12 11:00:00,2,302.364606798547,300.8573384631966
2017-08-12 11:15:00,2,302.5178856651589,301.0072318353119
2017-08-12 11:30:00,2,302.66947369527526,301.15643220819936
2017-08-12 11:45:00,2,302.81889277959976,301.3041960647511
2017-08-12 12:00:00,2,302.9653683504638,301.4492296226129
2017-08-12 12:15:00,2,303.1079334279446,301.59041393442794
2017-08-12 12:30:00,2,303.2452027797252,301.7264396657938
2017-08-12 12:45:00,2,303.3746647792009,301.85471294633527
2017-08-12 13:00:00,2,303.4936573870346,301.97248035094674
2017-08-12 13:15:00,2,303.60041347972833,302.0779301415456
2017-08-12 13:30:00,2,303.6943716989159,302.17075837002716
2017-08-12 13:45:00,2,303.7763684053459,302.25210865168026
2017-08-12 14:00:00,2,303.8477092154829,302.3236731809476
2017-08-12 14:15:00,2,303.9092512965537,302.38670156294023
2017-08-12 14:30:00,2,303.9613264831886,302.44158641248515
2017-08-12 14:45:00,2,304.0038018009288,302.48800249839564
2017-08-12 15:00:00,2,304.03617814281245,302.5251708823999
2017-08-12 15:15:00,2,304.0573063959542,302.55193226296103
2017-08-12 15:30:00,2,304.0660077634966,302.5669586396574
2017-08-12 15:45:00,2,304.06174576210833,302.56935115753816
2017-08-12 16:00:00,2,304.04478046657107,302.5598324371068
2017-08-12 16:15:00,2,304.0157515633609,302.54031805741204
2017-08-12 16:30:00,2,303.97537606261,302.5117676298944
2017-08-12 16:45:00,2,303.9244592683126,302.47450517557627
2017-08-12 17:00:00,2,303.86442956275846,302.4291907798754
2017-08-12 17:15:00,2,303.7973494441932,302.37715064515896
2017-08-12 17:30:00,2,303.7250492622061,302.3210678667683
2017-08-12 17:45:00,2,303.6488019621483,302.26252572768107
2017-08-12 18:00:00,2,303.56925480077086,302.20186033571315
2017-08-12 18:15:00,2,303.48633756387824,302.1387473370911
2017-08-12 18:30:00,2,303.39969748286404,302.07269499572294
2017-08-12 18:45:00,2,303.30898722571004,302.0032797476421
2017-08-12 19:00:00,2,303.21398265158604,301.93026328662523
2017-08-12 19:15:00,2,303.11473506078516,301.85395373806114
2017-08-12 19:30:00,2,303.0125769466245,301.77648130990264
2017-08-12 19:45:00,2,302.90950845546985,301.6961179805086
2017-08-12 20:00:00,2,302.80708623813473,301.61043601430976
2017-08-12 20:15:00,2,302.7062188049008,301.5185186634197
2017-08-12 20:30:00,2,302.6073621169554,301.4230182860982
2017-08-12 20:45:00,2,302.51075028379483,301.3268682419837
2017-08-12 21:00:00,2,302.41645636770335,301.23146693219763
2017-08-12 21:15:00,2,302.3244329440359,301.13693226249063
2017-08-12 21:30:00,2,302.234654294021,301.04306178186994
2017-08-12 21:45:00,2,302.1473372479574,300.94994635427776
2017-08-12 22:00:00,2,302.06277345610187,300.8579478351526
2017-08-12 22:15:00,2,301.98111496782695,300.7673692057256
2017-08-12 22:30:00,2,301.9023329999124,300.6780985466053
2017-08-12 22:45:00,2,301.8261842024335,300.58887014678953
2017-08-12 23:00:00,2,301.75229640650116,300.50567596988935
2017-08-12 23:15:00,2,301.6802925035113,300.4283373792677
2017-08-12 23:30:00,2,301.60994991825413,300.3542386860673
2017-08-12 23:45:00,2,301.54150072922727,300.2819961145204
2017-08-13 00:00:00,2,301.47541878978234,300.21198331022924
2017-08-13 00:15:00,2,301.4120616070837,300.1451273651449
2017-08-13 00:30:00,2,301.35150788050896,300.0818744034662
2017-08-13 00:45:00,2,301.29340867457927,300.02190436790784
2017-08-13 01:00:00,2,301.23721102180446,299.96445977006346
2017-08-13 01:15:00,2,301.1824336221732,299.90877118252934
2017-08-13 01:30:00,2,301.1287640888445,299.8543009907796
2017-08-13 01:45:00,2,301.0761107772264,299.8007790986812
2017-08-13 02:00:00,2,301.02448503801355,299.7480909381469
2017-08-13 02:15:00,2,300.9739023742749,299.6961866682155
2017-08-13 02:30:00,2,300.92436543789853,299.6450600787852
2017-08-13 02:45:00,2,300.87578941195414,299.59474312676866
2017-08-13 03:00:00,2,300.82803608486887,299.54527210429785
2017-08-13 03:15:00,2,300.7809898403195,299.496666616202
2017-08-13 03:30:00,2,300.73471776784714,299.4491173044365
2017-08-13 03:45:00,2,300.6898571306988,299.4033597505819
2017-08-13 04:00:00,2,300.6473468690123,299.360610418118
2017-08-13 04:15:00,2,300.6079113148539,299.32207931509896
2017-08-13 04:30:00,2,300.57187698044845,299.28841035026187
2017-08-13 04:45:00,2,300.53916793287556,299.259104367696
2017-08-13 05:00:00,2,300.5094938402836,299.2333229530566
2017-08-13 05:15:00,2,300.4825354588526,299.2103748937869
2017-08-13 05:30:00,2,300.45780896749324,299.1893004603924
2017-08-13 05:45:00,2,300.4346862304403,299.1694642883077
2017-08-13 06:00:00,2,300.4139819041409,299.1513219503711
2017-08-13 06:15:00,2,300.39726460976505,299.1365797295132
2017-08-13 06:30:00,2,300.3864481192632,299.12782456512656
2017-08-13 06:45:00,2,300.3843885056255,299.1281907562164
2017-08-13 07:00:00,2,300.39421665456763,299.1405064370561
2017-08-13 07:15:00,2,300.4179239545036,299.1659886017086
2017-08-13 07:30:00,2,300.45568614369057,299.2037377849796
2017-08-13 07:45:00,2,300.5064336520425,299.251431579537
2017-08-13 08:00:00,2,300.5689066542764,299.30659735766994
2017-08-13 08:15:00,2,300.6428988182494,299.3667758257776
2017-08-13 08:30:00,2,300.72870289360577,299.43008717202656
2017-08-13 08:45:00,2,300.826206101151,299.50139425004755
2017-08-13 09:00:00,2,300.93487617309177,299.5835327813862
2017-08-13 09:15:00,2,301.05420081293937,299.672280906897
2017-08-13 09:30:00,2,301.18398584000596,299.77524532369284
2017-08-13 09:45:00,2,301.3242859094943,299.8962979075635
2017-08-13 10:00:00,2,301.47466237770533,300.037610802097
2017-08-13 10:15:00,2,301.63391725203553,300.19868240177743
2017-08-13 10:30:00,2,301.79999874590004,300.368664957539
2017-08-13 10:45:00,2,301.96887772203945,300.5391086358141
2017-08-13 11:00:00,2,302.1352708502443,300.70554864657896
2017-08-13 11:15:00,2,302.2937113750744,300.8637107128909
2017-08-13 11:30:00,2,302.4402961761737,301.01018038402856
2017-08-13 11:45:00,2,302.5744210714548,301.14396713544977
2017-08-13 12:00:00,2,302.6973842205072,301.2663268110174
2017-08-13 12:15:00,2,302.81070609861854,301.37924804935665
2017-08-13 12:30:00,2,302.9157291969082,301.484422640824
2017-08-13 12:45:00,2,303.0138759786687,301.583246080481
2017-08-13 13:00:00,2,303.106504554202,301.6770013368559
2017-08-13 13:15:00,2,303.194815920128,301.76683990929547
2017-08-13 13:30:00,2,303.2797498703809,301.85368414569365
2017-08-13 13:45:00,2,303.36196550702687,301.9381724802952
2017-08-13 14:00:00,2,303.4417060440305,302.020531042454
2017-08-13 14:15:00,2,303.5186110120193,302.1004342826091
2017-08-13 14:30:00,2,303.59135587587434,302.17646214347593
2017-08-13 14:45:00,2,303.6566225547424,302.24548071375983
2017-08-13 15:00:00,2,303.7106375453499,302.3036214631914
2017-08-13 15:15:00,2,303.75093211065183,302.34799955909506
2017-08-13 15:30:00,2,303.77697747117935,302.37792252386276
2017-08-13 15:45:00,2,303.7906846390871,302.3950353167526
2017-08-13 16:00:00,2,303.79456872296396,302.4017567797645
2017-08-13 16:15:00,2,303.78966088954587,302.4021679760733
2017-08-13 16:30:00,2,303.7758934642313,302.39729032256594
2017-08-13 16:45:00,2,303.75278425391053,302.38596136919256
2017-08-13 17:00:00,2,303.72018858860747,302.36694413427597
2017-08-13 17:15:00,2,303.67803227129036,302.3394718948705
2017-08-13 17:30:00,2,303.6261653307206,302.30373500721254
2017-08-13 17:45:00,2,303.56507023884285,302.2607937276326
2017-08-13 18:00:00,2,303.49591034600604,302.21144852419854
2017-08-13 18:15:00,2,303.4204839019958,302.1564182053887
2017-08-13 18:30:00,2,303.34060714259397,302.09646514341244
2017-08-13 18:45:00,2,303.25734793164827,302.032197858981
2017-08-13 19:00:00,2,303.17131660662744,301.9640925291823
2017-08-13 19:15:00,2,303.0834343620157,301.8928882739151
2017-08-13 19:30:00,2,302.9952020333015,301.8197445109165
2017-08-13 19:45:00,2,302.90767819361054,301.7458006609365
2017-08-13 20:00:00,2,302.8211972244221,301.6718220629017
2017-08-13 20:15:00,2,302.7357629199139,301.5983816901096
2017-08-13 20:30:00,2,302.651255720019,301.5241334992031
2017-08-13 20:45:00,2,302.56750686520854,301.448499588014
2017-08-13 21:00:00,2,302.48432871690613,301.37278149155907
2017-08-13 21:15:00,2,302.4015471444906,301.2951547690038
2017-08-13 21:30:00,2,302.319208164661,301.21503183631165
2017-08-13 21:45:00,2,302.2379751279977,301.1332589973393
2017-08-13 22:00:00,2,302.15866760760196,301.0512615979291
2017-08-13 22:15:00,2,302.08178405492134,300.9701935435021
2017-08-13 22:30:00,2,302.00748935120197,300.8906184885494
2017-08-13 22:45:00,2,301.93569584316305,300.81257429352263
2017-08-13 23:00:00,2,301.8661762331249,300.7357823377687
2017-08-13 23:15:00,2,301.79866653635247,300.6598244201921
2017-08-13 23:30:00,2,301.73301083135397,300.58430540465133
2017-08-13 23:45:00,2,301.6694208239318,300.508751578828
2017-08-14 00:00:00,2,301.60827850422396,300.43740127009846
2017-08-14 00:15:00,2,301.5498362702992,300.372054658357
2017-08-14 00:30:00,2,301.493984934846,300.3116641934529
2017-08-14 00:45:00,2,301.4398762142214,300.2541046193669
2017-08-14 01:00:00,2,301.3863514030122,300.19737959369223
2017-08-14 01:15:00,2,301.332498858201,300.14005965706133
2017-08-14 01:30:00,2,301.27797653553426,300.0815764824963
2017-08-14 01:45:00,2,301.22345928172655,300.0226081745976
2017-08-14 02:00:00,2,301.1701727771491,299.9648397390562
2017-08-14 02:15:00,2,301.1191586283512,299.91008549490226
2017-08-14 02:30:00,2,301.0710511372507,299.85952222276694
2017-08-14 02:45:00,2,301.02616520017966,299.8135035624876
2017-08-14 03:00:00,2,300.98461403839445,299.771838796541
2017-08-14 03:15:00,2,300.9463632870098,299.73414202968695
2017-08-14 03:30:00,2,300.9111509390157,299.7000306558125
2017-08-14 03:45:00,2,300.87820314556086,299.66866955258627
2017-08-14 04:00:00,2,300.84649337017936,299.63889125509417
2017-08-14 04:15:00,2,300.81517099514804,299.6096450739224
2017-08-14 04:30:00,2,300.78364810264554,299.57998919858085
2017-08-14 04:45:00,2,300.7514863822423,299.5493065322303
2017-08-14 05:00:00,2,300.71832008700966,299.51710814292477
2017-08-14 05:15:00,2,300.68386940347347,299.4828531626572
2017-08-14 05:30:00,2,300.6481083044467,299.4464226227913
2017-08-14 05:45:00,2,300.6120056800368,299.4089578928961
2017-08-14 06:00:00,2,300.57842029011374,299.3735718214359
2017-08-14 06:15:00,2,300.5506553644154,299.3441761409643
2017-08-14 06:30:00,2,300.53145991851056,299.3244645761971
2017-08-14 06:45:00,2,300.52346008482147,299.3177123886935
2017-08-14 07:00:00,2,300.5289582244649,299.32581877616946
2017-08-14 07:15:00,2,300.54926162129885,299.3491857232416
2017-08-14 07:30:00,2,300.5849091530185,299.3867404418733
2017-08-14 07:45:00,2,300.6359205268569,299.43647947150737
2017-08-14 08:00:00,2,300.7021965147587,299.49587716438197
2017-08-14 08:15:00,2,300.78408759654917,299.5577138210566
2017-08-14 08:30:00,2,300.8821126661508,299.6284849352443
2017-08-14 08:45:00,2,300.99630835643654,299.71355622490364
2017-08-14 09:00:00,2,301.12594906831976,299.8130274427817
2017-08-14 09:15:00,2,301.2694557507032,299.93203690951896
2017-08-14 09:30:00,2,301.424661308271,300.0726013081051
2017-08-14 09:45:00,2,301.5888303702617,300.2362383476444
2017-08-14 10:00:00,2,301.75871148816555,300.4098035254744
2017-08-14 10:15:00,2,301.9308932807963,300.58302459466745
2017-08-14 10:30:00,2,302.1024961651274,300.7524313057122
2017-08-14 10:45:00,2,302.27181120897797,300.9181969876939
2017-08-14 11:00:00,2,302.4378822957926,301.0807614356996
2017-08-14 11:15:00,2,302.59975196687395,301.23959493650636
2017-08-14 11:30:00,2,302.75619201567247,301.39333445769364
2017-08-14 11:45:00,2,302.90542056428836,301.5401305405742
2017-08-14 12:00:00,2,303.04563121947825,301.6781190409228
2017-08-14 12:15:00,2,303.1754974366484,301.80587514108043
2017-08-14 12:30:00,2,303.29466656480423,301.92307184434617
2017-08-14 12:45:00,2,303.40449333678674,302.03102540754475
2017-08-14 13:00:00,2,303.50674809890177,302.1317893680934
2017-08-14 13:15:00,2,303.60195958718265,302.2265944407948
2017-08-14 13:30:00,2,303.6895863300651,302.3151827867091
2017-08-14 13:45:00,2,303.7683357259584,302.3960438846402
2017-08-14 14:00:00,2,303.8363428845523,302.4670205132266
2017-08-14 14:15:00,2,303.89092079476825,302.5256254537428
2017-08-14 14:30:00,2,303.930026487251,302.5700496662357
2017-08-14 14:45:00,2,303.9539453645505,302.6003987391287
2017-08-14 15:00:00,2,303.96519924838066,302.61942149157835
2017-08-14 15:15:00,2,303.96841129980703,302.63142367353527
2017-08-14 15:30:00,2,303.9675956421581,302.63989091976975
2017-08-14 15:45:00,2,303.9637408835115,302.6459929932714
2017-08-14 16:00:00,2,303.95594981106717,302.64927292720466
2017-08-14 16:15:00,2,303.94275235442393,302.64780036956074
2017-08-14 16:30:00,2,303.92273887812587,302.6395630980033
2017-08-14 16:45:00,2,303.8949440533456,302.62347629039357
2017-08-14 17:00:00,2,303.859226532,302.5995284027736
2017-08-14 17:15:00,2,303.8155835836667,302.5680094590804
2017-08-14 17:30:00,2,303.7639528615359,302.52927713827046
2017-08-14 17:45:00,2,303.70446520109067,302.48434283162527
2017-08-14 18:00:00,2,303.63763455095165,302.43365772181454
2017-08-14 18:15:00,2,303.564145895064,302.3772935154614
2017-08-14 18:30:00,2,303.4846239423304,302.31523002553456
2017-08-14 18:45:00,2,303.3991877472096,302.2473150206597
2017-08-14 19:00:00,2,303.30784393004416,302.17343582777056
2017-08-14 19:15:00,2,303.2112623033168,302.09400001992117
2017-08-14 19:30:00,2,303.11104889699305,302.01023217066813
2017-08-14 19:45:00,2,303.0091012969312,301.9239518319057
2017-08-14 20:00:00,2,302.9068794440705,301.8372726681825
2017-08-14 20:15:00,2,302.8052476792227,301.75217273980485
2017-08-14 20:30:00,2,302.7047993129985,301.66247234468216
2017-08-14 20:45:00,2,302.60635872362616,301.56770577082494
2017-08-14 21:00:00,2,302.5106586133245,301.4709873212196
2017-08-14 21:15:00,2,302.418021439945,301.37507093842186
2017-08-14 21:30:00,2,302.3285529263425,301.2810464073387
2017-08-14 21:45:00,2,302.2425660519573,301.18915313882115
2017-08-14 22:00:00,2,302.16045826902547,301.0996541941842
2017-08-14 22:15:00,2,302.08244415402953,301.0129487058905
2017-08-14 22:30:00,2,302.0085904679245,300.92942030371177
2017-08-14 22:45:00,2,301.9390274292935,300.8494332275404
2017-08-14 23:00:00,2,301.8738992600114,300.7733038290914
2017-08-14 23:15:00,2,301.81321702582534,300.70104963752266
2017-08-14 23:30:00,2,301.7567746516081,300.6340992704038
2017-08-14 23:45:00,2,301.7040263507695,300.5741604791645
2017-08-15 00:00:00,2,301.6542785431052,300.52016582138475
2017-08-15 00:15:00,2,301.60693129933594,300.4699926240815
2017-08-15 00:30:00,2,301.5614833244839,300.42206058394754
2017-08-15 00:45:00,2,301.51741709187405,300.375569645
2017-08-15 01:00:00,2,301.4742721666483,300.3301216412386
2017-08-15 01:15:00,2,301.4317220308324,300.28542429236654
2017-08-15 01:30:00,2,301.389514343936,300.2411704784904
2017-08-15 01:45:00,2,301.3473276545069,300.19693497335834
2017-08-15 02:00:00,2,301.3048018333325,300.1521848960874
2017-08-15 02:15:00,2,301.2616657143324,300.106459412504
2017-08-15 02:30:00,2,301.2179040639107,300.05966206875485
2017-08-15 02:45:00,2,301.1739430200044,300.01226769764673
2017-08-15 03:00:00,2,301.13038547091037,299.9651327815269
2017-08-15 03:15:00,2,301.0877094367836,299.9190832339035
2017-08-15 03:30:00,2,301.04625416206557,299.8747116499644
2017-08-15 03:45:00,2,301.00639374156657,299.8325086434775
2017-08-15 04:00:00,2,300.9685312206812,299.7929962916309
2017-08-15 04:15:00,2,300.9329636133171,299.7567858829836
2017-08-15 04:30:00,2,300.8997765388242,299.7240781835763
2017-08-15 04:45:00,2,300.86872936837057,299.6945439211368
2017-08-15 05:00:00,2,300.8394054989147,299.6675834973132
2017-08-15 05:15:00,2,300.81142092753186,299.64235757970766
2017-08-15 05:30:00,2,300.7843931981165,299.6181832564408
2017-08-15 05:45:00,2,300.75812401927993,299.5947401682463
2017-08-15 06:00:00,2,300.7338316740935,299.5727744417645
2017-08-15 06:15:00,2,300.71359335341396,299.55418366915325
2017-08-15 06:30:00,2,300.6996520523444,299.5416334040327
2017-08-15 06:45:00,2,300.694648814939,299.53812455045534
2017-08-15 07:00:00,2,300.70101605508876,299.54629071610276
2017-08-15 07:15:00,2,300.7199859254706,299.5671505738823
2017-08-15 07:30:00,2,300.75192091844013,299.60008239669907
2017-08-15 07:45:00,2,300.7974344917714,299.64389157182535
2017-08-15 08:00:00,2,300.85741238200103,299.69711847924947
2017-08-15 08:15:00,2,300.933061281303,299.753609079652
2017-08-15 08:30:00,2,301.02533891622005,299.8206064899013
2017-08-15 08:45:00,2,301.13355546950817,299.9020764186088
2017-08-15 09:00:00,2,301.2552229720247,299.99739644151333
2017-08-15 09:15:00,2,301.3868791369353,300.1098238960039
2017-08-15 09:30:00,2,301.52525830278444,300.2399347644481
2017-08-15 09:45:00,2,301.66841164597827,300.38754953652506
2017-08-15 10:00:00,2,301.81536127452887,300.54164301755003
2017-08-15 10:15:00,2,301.9651090603494,300.6948937403075
2017-08-15 10:30:00,2,302.1162760330839,300.8455712412492
2017-08-15 10:45:00,2,302.2667651918194,300.99361176913607
2017-08-15 11:00:00,2,302.4142351436411,301.13795087316026
2017-08-15 11:15:00,2,302.55656316330885,301.27657073925616
2017-08-15 11:30:00,2,302.6921504652516,301.4076332044371
2017-08-15 11:45:00,2,302.8201297712854,301.5301891056221
2017-08-15 12:00:00,2,302.9400781597306,301.6440140785185
2017-08-15 12:15:00,2,303.05161456563053,301.7490849124295
2017-08-15 12:30:00,2,303.15463635750535,301.84562059533346
2017-08-15 12:45:00,2,303.2499438081679,301.9345401353266
2017-08-15 13:00:00,2,303.33860090173397,302.01719572375447
2017-08-15 13:15:00,2,303.4211501618688,302.0946231754846
2017-08-15 13:30:00,2,303.4975523266632,302.16702789055824
2017-08-15 13:45:00,2,303.5671648874445,302.23376575328325
2017-08-15 14:00:00,2,303.62912853025585,302.2937876240236
2017-08-15 14:15:00,2,303.6826176640353,302.3461019807423
2017-08-15 14:30:00,2,303.7270363778953,302.3900665738275
2017-08-15 14:45:00,2,303.76215447303366,302.42545190961545
2017-08-15 15:00:00,2,303.7879164027988,302.4522390509615
2017-08-15 15:15:00,2,303.80412703482733,302.4703234589402
2017-08-15 15:30:00,2,303.81057022829094,302.47939053303196
2017-08-15 15:45:00,2,303.8072105968863,302.4791891747755
2017-08-15 16:00:00,2,303.7941828154901,302.47093303674956
2017-08-15 16:15:00,2,303.7714410341405,302.45519479182514
2017-08-15 16:30:00,2,303.73891788520393,302.43177339541035
2017-08-15 16:45:00,2,303.6969504197974,302.40058798805774
2017-08-15 17:00:00,2,303.6465875653445,302.36216927881827
2017-08-15 17:15:00,2,303.58903278757225,302.31753579594346
2017-08-15 17:30:00,2,303.52532631562025,302.26850363797195
2017-08-15 17:45:00,2,303.45633716603083,302.2160317512104
2017-08-15 18:00:00,2,303.38271931579027,302.1602774569561
2017-08-15 18:15:00,2,303.3047398096906,302.10106148008845
2017-08-15 18:30:00,2,303.2224973107206,302.0382186140573
2017-08-15 18:45:00,2,303.1362144465042,301.9717722693773
2017-08-15 19:00:00,2,303.0462935646031,301.9019999692066
2017-08-15 19:15:00,2,302.9534693724252,301.82965282358685
2017-08-15 19:30:00,2,302.8593382999084,301.75666253851085
2017-08-15 19:45:00,2,302.76580205621497,301.68322207989536
2017-08-15 20:00:00,2,302.67428003154726,301.6056611942456
2017-08-15 20:15:00,2,302.58558527384287,301.5239781083535
2017-08-15 20:30:00,2,302.50005070712126,301.441006114501
2017-08-15 20:45:00,2,302.41761882797687,301.35916322963595
2017-08-15 21:00:00,2,302.3380545591304,301.27927125747703
2017-08-15 21:15:00,2,302.2611124653426,301.20113387351154
2017-08-15 21:30:00,2,302.1866056286151,301.12436956779925
2017-08-15 21:45:00,2,302.1144584096268,301.0487995986321
2017-08-15 22:00:00,2,302.04461596225497,300.9744014722199
2017-08-15 22:15:00,2,301.97697578761046,300.9011266793278
2017-08-15 22:30:00,2,301.91141193702276,300.828847941354
2017-08-15 22:45:00,2,301.8478316854044,300.75734915652686
2017-08-15 23:00:00,2,301.7861624439779,300.6861361341088
2017-08-15 23:15:00,2,301.72631596198886,300.61769070222573
2017-08-15 23:30:00,2,301.6681878768982,300.55367778275405
2017-08-15 23:45:00,2,301.61167569199534,300.49346770011675
2017-08-16 00:00:00,2,301.55667661015616,300.43578939082477
2017-08-16 00:15:00,2,301.50308243385507,300.37989103470227
2017-08-16 00:30:00,2,301.45083956249215,300.32562393285286
2017-08-16 00:45:00,2,301.40007934805294,300.2731528513608
2017-08-16 01:00:00,2,301.3509933473455,300.2226834934056
2017-08-16 01:15:00,2,301.3036824242096,300.1743062578452
2017-08-16 01:30:00,2,301.2580971073941,300.1279479135708
2017-08-16 01:45:00,2,301.21396353601114,300.083352655483
2017-08-16 02:00:00,2,301.17092906047344,300.04016712531273
2017-08-16 02:15:00,2,301.12871021413844,299.9980717980814
2017-08-16 02:30:00,2,301.08710001833236,299.95680958740525
2017-08-16 02:45:00,2,301.0459186665012,299.916140977273
2017-08-16 03:00:00,2,301.0050027391091,299.8758195024073
2017-08-16 03:15:00,2,300.9642225173011,299.8356191632812
2017-08-16 03:30:00,2,300.9235170661526,299.7953992659516
2017-08-16 03:45:00,2,300.88294637514844,299.7551152292793
2017-08-16 04:00:00,2,300.8425919589316,299.71475100002243
2017-08-16 04:15:00,2,300.80248690893546,299.67427090374343
2017-08-16 04:30:00,2,300.7628212791036,299.6338975609707
2017-08-16 04:45:00,2,300.72446149462434,299.594664132382
2017-08-16 05:00:00,2,300.68861751818986,299.5584254631524
2017-08-16 05:15:00,2,300.6561645219688,299.5266948717769
2017-08-16 05:30:00,2,300.62731939339244,299.49989428602777
2017-08-16 05:45:00,2,300.60182567164037,299.4775944855198
2017-08-16 06:00:00,2,300.58039891485737,299.45981051923167
2017-08-16 06:15:00,2,300.5645607518658,299.44706550321274
2017-08-16 06:30:00,2,300.55604192381537,299.44081129992935
2017-08-16 06:45:00,2,300.556627293858,299.44306793290014
2017-08-16 07:00:00,2,300.5679199012293,299.4555249547129
2017-08-16 07:15:00,2,300.5909173508088,299.4788368776184
2017-08-16 07:30:00,2,300.6260423685395,299.5125126267437
2017-08-16 07:45:00,2,300.6731949256474,299.55520270932857
2017-08-16 08:00:00,2,300.7320681758171,299.60487171744774
2017-08-16 08:15:00,2,300.8024165229818,299.65614375901055
2017-08-16 08:30:00,2,300.8840692763631,299.71416620185283
2017-08-16 08:45:00,2,300.97711234305854,299.78347585438416
2017-08-16 09:00:00,2,301.08141891140275,299.86455781684424
2017-08-16 09:15:00,2,301.19598394254643,299.9536403758954
2017-08-16 09:30:00,2,301.31936417399794,300.05585523680406
2017-08-16 09:45:00,2,301.45062005695087,300.1745845730844
2017-08-16 10:00:00,2,301.5891213587018,300.3123915253125
2017-08-16 10:15:00,2,301.7338248174612,300.46010201550365
2017-08-16 10:30:00,2,301.883006593518,300.61006054299037
2017-08-16 10:45:00,2,302.03371950634215,300.7586919884661
2017-08-16 11:00:00,2,302.18262828549814,300.9041355446609
2017-08-16 11:15:00,2,302.32681367934623,301.04437432838273
2017-08-16 11:30:00,2,302.4642437150945,301.1775862131048
2017-08-16 11:45:00,2,302.5949548370724,301.3034928004935
2017-08-16 12:00:00,2,302.72001940002013,301.4232657605685
2017-08-16 12:15:00,2,302.84005811561997,301.53819683448256
2017-08-16 12:30:00,2,302.9550336316806,301.6487296299353
2017-08-16 12:45:00,2,303.06437703138636,301.75440688796425
2017-08-16 13:00:00,2,303.1673212384109,301.85439069402867
2017-08-16 13:15:00,2,303.2631168251836,301.94789794608755
2017-08-16 13:30:00,2,303.35120825244803,302.0342583081299
2017-08-16 13:45:00,2,303.4311635694313,302.1130514872434
2017-08-16 14:00:00,2,303.5022568054506,302.1837749739139
2017-08-16 14:15:00,2,303.5636679103315,302.24577795385164
2017-08-16 14:30:00,2,303.6148971274577,302.29850710112095
2017-08-16 14:45:00,2,303.6558401933918,302.3416855392068
2017-08-16 15:00:00,2,303.686593081324,302.37523128786637
2017-08-16 15:15:00,2,303.70712031615255,302.3989784950101
2017-08-16 15:30:00,2,303.7173008825509,302.41281697436847
2017-08-16 15:45:00,2,303.7169977498037,302.4164136603807
2017-08-16 16:00:00,2,303.7060416047898,302.41036634943464
2017-08-16 16:15:00,2,303.68429296014114,302.3955829126011
2017-08-16 16:30:00,2,303.6518530919176,302.3723323250619
2017-08-16 16:45:00,2,303.6093367164443,302.34083143678254
2017-08-16 17:00:00,2,303.5581024159662,302.30183759978524
2017-08-16 17:15:00,2,303.4997343757077,302.25656373460043
2017-08-16 17:30:00,2,303.43535753110183,302.2070329725205
2017-08-16 17:45:00,2,303.36566924938757,302.1541752021829
2017-08-16 18:00:00,2,303.2912409993303,302.0980260946442
2017-08-16 18:15:00,2,303.2122388210051,302.03829197718983
2017-08-16 18:30:00,2,303.12857241002496,301.9746662382282
2017-08-16 18:45:00,2,303.04015011660033,301.9069687489411
2017-08-16 19:00:00,2,302.94720238271594,301.8353756442727
2017-08-16 19:15:00,2,302.85062797983187,301.7608903076309
2017-08-16 19:30:00,2,302.75211279123045,301.68505542378466
2017-08-16 19:45:00,2,302.6531575380546,301.60758041129424
2017-08-16 20:00:00,2,302.5545680203007,301.52210453067363
2017-08-16 20:15:00,2,302.45669706391783,301.42938113796725
2017-08-16 20:30:00,2,302.3598329408492,301.33306977523284
2017-08-16 20:45:00,2,302.26467421987667,301.2360908964379
2017-08-16 21:00:00,2,302.1720455844236,301.1399166883777
2017-08-16 21:15:00,2,302.08249654643544,301.0451723244551
2017-08-16 21:30:00,2,301.9963318847364,300.9522438375897
2017-08-16 21:45:00,2,301.9138374619355,300.8615256787561
2017-08-16 22:00:00,2,301.8352409955454,300.7733590111682
2017-08-16 22:15:00,2,301.760612043539,300.6878398898373
2017-08-16 22:30:00,2,301.6898710976873,300.6044390273018
2017-08-16 22:45:00,2,301.6228309311852,300.52706100576137
2017-08-16 23:00:00,2,301.5592628401055,300.45714560209524
2017-08-16 23:15:00,2,301.4989157553198,300.3933764028289
2017-08-16 23:30:00,2,301.44145717816417,300.33395623565417
2017-08-16 23:45:00,2,301.3863385928135,300.277599679149
2017-08-17 00:00:00,2,301.33293033133975,300.223417295569
2017-08-17 00:15:00,2,301.28071474034914,300.17068873111975
2017-08-17 00:30:00,2,301.22929725258336,300.1187919594832
2017-08-17 00:45:00,2,301.17831134871875,300.0671582674784
2017-08-17 01:00:00,2,301.1274131290662,300.0152556982322
2017-08-17 01:15:00,2,301.07633725794267,299.96264642900195
2017-08-17 01:30:00,2,301.0249998033294,299.909180641857
2017-08-17 01:45:00,2,300.97366993244856,299.8552471077898
2017-08-17 02:00:00,2,300.9228277241808,299.80170664624427
2017-08-17 02:15:00,2,300.8729069540249,299.7495085709905
2017-08-17 02:30:00,2,300.82436629047015,299.6994942652482
2017-08-17 02:45:00,2,300.7781135406501,299.65255003655386
2017-08-17 03:00:00,2,300.7352085412006,299.60959634694905
2017-08-17 03:15:00,2,300.69639128482703,299.5713424224171
2017-08-17 03:30:00,2,300.6618819235122,299.53809422728705
2017-08-17 03:45:00,2,300.6311331556229,299.5092769722354
2017-08-17 04:00:00,2,300.6032079128492,299.4836112383793
2017-08-17 04:15:00,2,300.5773004475881,299.4598350120133
2017-08-17 04:30:00,2,300.55291732825486,299.43695187437294
2017-08-17 04:45:00,2,300.5299128085884,299.4148396701307
2017-08-17 05:00:00,2,300.50833062516364,299.39367611966145
2017-08-17 05:15:00,2,300.48822928821045,299.3737991183284
2017-08-17 05:30:00,2,300.4695373988075,299.35537469071534
2017-08-17 05:45:00,2,300.45225618811236,299.3386283385182
2017-08-17 06:00:00,2,300.4376838521195,299.32467474968803
2017-08-17 06:15:00,2,300.42772681699483,299.31541493929734
2017-08-17 06:30:00,2,300.42409395931446,299.3128834386231
2017-08-17 06:45:00,2,300.4285927152316,299.31884791756266
2017-08-17 07:00:00,2,300.44312981926333,299.334629112204
2017-08-17 07:15:00,2,300.4690885233271,299.36069554741215
2017-08-17 07:30:00,2,300.50701688579335,299.3964669292868
2017-08-17 07:45:00,2,300.55701304530453,299.4405421039205
2017-08-17 08:00:00,2,300.6192336074125,299.4902952372761
2017-08-17 08:15:00,2,300.69439226131345,299.5435100729873
2017-08-17 08:30:00,2,300.7834010651086,299.60648053878185
2017-08-17 08:45:00,2,300.88680577268786,299.6843154381394
2017-08-17 09:00:00,2,301.00420803990295,299.7763963593592
2017-08-17 09:15:00,2,301.1337656826748,299.87979376338586
2017-08-17 09:30:00,2,301.2729469973455,299.99943392134475
2017-08-17 09:45:00,2,301.419697840734,300.1424244836685
2017-08-17 10:00:00,2,301.57241250143227,300.2985598230511
2017-08-17 10:15:00,2,301.72930520144774,300.45801228099043
2017-08-17 10:30:00,2,301.88880468519335,300.616740174339
2017-08-17 10:45:00,2,302.05009103584274,300.77481950581716
2017-08-17 11:00:00,2,302.2126695752917,300.9331363408783
2017-08-17 11:15:00,2,302.37572478842077,301.0915909928711
2017-08-17 11:30:00,2,302.53773592091994,301.24874437569105
2017-08-17 11:45:00,2,302.6957528482327,301.4019606601645
2017-08-17 12:00:00,2,302.8464403343228,301.54821196173106
2017-08-17 12:15:00,2,302.98726999550735,301.6849645285812
2017-08-17 12:30:00,2,303.1167054289798,301.81049354939415
2017-08-17 12:45:00,2,303.2339434631394,301.9240309298817
2017-08-17 13:00:00,2,303.33866684179486,302.0254111749356
2017-08-17 13:15:00,2,303.4308142244048,302.11471286976797
2017-08-17 13:30:00,2,303.51064394351897,302.1922758787998
2017-08-17 13:45:00,2,303.57894057890593,302.258854133785
2017-08-17 14:00:00,2,303.63660431456583,302.315383967281
2017-08-17 14:15:00,2,303.68416614301225,302.3625373777931
2017-08-17 14:30:00,2,303.72192116028117,302.40073918187466
2017-08-17 14:45:00,2,303.75025458848035,302.43037332557117
2017-08-17 15:00:00,2,303.76951474722455,302.4517144105178
2017-08-17 15:15:00,2,303.7797319831079,302.4647600816177
2017-08-17 15:30:00,2,303.7808928645573,302.4692959869916
2017-08-17 15:45:00,2,303.77340504296546,302.4657760745624
2017-08-17 16:00:00,2,303.7577150067092,302.45577198437354
2017-08-17 16:15:00,2,303.73384728496706,302.4398598529573
2017-08-17 16:30:00,2,303.70148725833275,302.41755604498184
2017-08-17 16:45:00,2,303.6601418736146,302.38802385860134
2017-08-17 17:00:00,2,303.60998976871997,302.35096902510605
2017-08-17 17:15:00,2,303.5521648082077,302.3070495852603
2017-08-17 17:30:00,2,303.4878587022507,302.25824166603167
2017-08-17 17:45:00,2,303.41781601102264,302.20561186016977
2017-08-17 18:00:00,2,303.3424160860958,302.149168676821
2017-08-17 18:15:00,2,303.2615714918916,302.0884336330609
2017-08-17 18:30:00,2,303.1750854005256,302.0229482746366
2017-08-17 18:45:00,2,303.082912660198,301.95253340201265
2017-08-17 19:00:00,2,302.98544672194873,301.8774851353443
2017-08-17 19:15:00,2,302.8835843678511,301.798989100363
2017-08-17 19:30:00,2,302.7790580400259,301.71818363090176
2017-08-17 19:45:00,2,302.6738904117652,301.6344657091336
2017-08-17 20:00:00,2,302.569569219901,301.5440044020173
2017-08-17 20:15:00,2,302.4669249734355,301.4470123950149
2017-08-17 20:30:00,2,302.36649200683553,301.3469124874791
2017-08-17 20:45:00,2,302.269062442369,301.24701869344716
2017-08-17 21:00:00,2,302.1754879983989,301.1493046930457
2017-08-17 21:15:00,2,302.08631455798064,301.0546950734464
2017-08-17 21:30:00,2,302.00170341809286,300.963531576335
2017-08-17 21:45:00,2,301.92140057367754,300.87576651390344
2017-08-17 22:00:00,2,301.84495953411266,300.79106830886946
2017-08-17 22:15:00,2,301.7719595854187,300.7089461789068
2017-08-17 22:30:00,2,301.7020704387343,300.62884148849037
2017-08-17 22:45:00,2,301.6350832011721,300.5495539641385
2017-08-17 23:00:00,2,301.5708573711743,300.47668572054164
2017-08-17 23:15:00,2,301.5092455560499,300.41048506332777
2017-08-17 23:30:00,2,301.45000142760364,300.3487604799964
2017-08-17 23:45:00,2,301.3926261107554,300.28962904206884
2017-08-18 00:00:00,2,301.3365369597372,300.23213630561963
2017-08-18 00:15:00,2,301.281278239114,300.175847814628
2017-08-18 00:30:00,2,301.2266951451138,300.12061467174857
2017-08-18 00:45:00,2,301.1732297601227,300.0666985261716
2017-08-18 01:00:00,2,301.12155060160484,300.01467977486607
2017-08-18 01:15:00,2,301.0721192025453,299.9651098324867
2017-08-18 01:30:00,2,301.0251536060325,299.9182652514593
2017-08-18 01:45:00,2,300.98074978889804,299.8741548251516
2017-08-18 02:00:00,2,300.938961027721,299.83267117024826
2017-08-18 02:15:00,2,300.89981077283426,299.79371845249847
2017-08-18 02:30:00,2,300.8631657961862,299.7571272867635
2017-08-18 02:45:00,2,300.82837538250703,299.72238254435854
2017-08-18 03:00:00,2,300.7944875928862,299.6886189301745
2017-08-18 03:15:00,2,300.7606826754006,299.6548963228168
2017-08-18 03:30:00,2,300.7265805734321,299.6206148552617
2017-08-18 03:45:00,2,300.6927006331028,299.586209804484
2017-08-18 04:00:00,2,300.6600522166505,299.55306711830264
2017-08-18 04:15:00,2,300.6294560000074,299.5225146128903
2017-08-18 04:30:00,2,300.60129409317034,299.49512728735743
2017-08-18 04:45:00,2,300.5754297767457,299.4706257777293
2017-08-18 05:00:00,2,300.55146997777456,299.4482987463647
2017-08-18 05:15:00,2,300.5290638019575,299.42741135561147
2017-08-18 05:30:00,2,300.50796961919656,299.4074029293438
2017-08-18 05:45:00,2,300.48843240999463,299.3885925693976
2017-08-18 06:00:00,2,300.4722662228936,299.3727171934117
2017-08-18 06:15:00,2,300.4616719855341,299.362324445793
2017-08-18 06:30:00,2,300.45814489323527,299.35944650578307
2017-08-18 06:45:00,2,300.46267993621746,299.36504145609655
2017-08-18 07:00:00,2,300.47607506196124,299.3792714317557
2017-08-18 07:15:00,2,300.49921882712533,299.40207390070196
2017-08-18 07:30:00,2,300.5334729978128,299.43350895932247
2017-08-18 07:45:00,2,300.5805214738791,299.4735247782807
2017-08-18 08:00:00,2,300.64221934122986,299.52003518281583
2017-08-18 08:15:00,2,300.72003128444567,299.57239998834245
2017-08-18 08:30:00,2,300.8143825184829,299.63727180356284
2017-08-18 08:45:00,2,300.9238693925781,299.7183833604982
2017-08-18 09:00:00,2,301.04526054242103,299.81323644855934
2017-08-18 09:15:00,2,301.17445133069197,299.9165718434416
2017-08-18 09:30:00,2,301.30781938490867,300.03137788586344
2017-08-18 09:45:00,2,301.44360347393064,300.1623802909469
2017-08-18 10:00:00,2,301.5812113279251,300.3010556108628
2017-08-18 10:15:00,2,301.71992847728023,300.43970614333824
2017-08-18 10:30:00,2,301.8591274925584,300.5759951722835
2017-08-18 10:45:00,2,301.9993967367117,300.71149283561215
2017-08-18 11:00:00,2,302.1418048782419,300.8486463106644
2017-08-18 11:15:00,2,302.28670419725563,300.9887297342436
2017-08-18 11:30:00,2,302.4332316327858,301.1310036298613
2017-08-18 11:45:00,2,302.57858338706546,301.27261244630614
2017-08-18 12:00:00,2,302.71929785444485,301.4097504502076
2017-08-18 12:15:00,2,302.85262826230286,301.5392176364836
2017-08-18 12:30:00,2,302.9768786587538,301.6592551959031
2017-08-18 12:45:00,2,303.09141739484414,301.76936945261997
2017-08-18 13:00:00,2,303.1961576213813,301.8697129883945
2017-08-18 13:15:00,2,303.2910134534034,301.9606081452572
2017-08-18 13:30:00,2,303.3757246666979,302.0420504680973
2017-08-18 13:45:00,2,303.44963963116925,302.11349597252996
2017-08-18 14:00:00,2,303.5120706948285,302.17417400153096
2017-08-18 14:15:00,2,303.5625746751708,302.22352151536114
2017-08-18 14:30:00,2,303.60104272893943,302.26138945244054
2017-08-18 14:45:00,2,303.6277166792339,302.28797987504464
2017-08-18 15:00:00,2,303.6429579364267,302.30358616806143
2017-08-18 15:15:00,2,303.64697036109595,302.30867810302755
2017-08-18 15:30:00,2,303.6401017235382,302.30350843483984
2017-08-18 15:45:00,2,303.62342312980525,302.2893512592268
2017-08-18 16:00:00,2,303.5980936061248,302.26858708016107
2017-08-18 16:15:00,2,303.5645819500544,302.2423099647247
2017-08-18 16:30:00,2,303.522865485579,302.2103105668167
2017-08-18 16:45:00,2,303.47279938366205,302.1720008268006
2017-08-18 17:00:00,2,303.4149479824362,302.1272247689406
2017-08-18 17:15:00,2,303.3504936066812,302.0773437759996
2017-08-18 17:30:00,2,303.280373154474,302.02383585356944
2017-08-18 17:45:00,2,303.20529656757043,301.9673483761981
2017-08-18 18:00:00,2,303.1257611206631,301.9079212303635
2017-08-18 18:15:00,2,303.0417055186779,301.8453345450733
2017-08-18 18:30:00,2,302.9528401317774,301.7793878479361
2017-08-18 18:45:00,2,302.85890092430515,301.7105199057144
2017-08-18 19:00:00,2,302.76000739434437,301.6373388598223
2017-08-18 19:15:00,2,302.6567878511266,301.5584165508964
2017-08-18 19:30:00,2,302.5508470304444,301.474644375273
2017-08-18 19:45:00,2,302.4444753484357,301.3839790982797
2017-08-18 20:00:00,2,302.3396341650274,301.2865016034068
2017-08-18 20:15:00,2,302.2375389674746,301.1858951242289
2017-08-18 20:30:00,2,302.1388049280253,301.0857053235172
2017-08-18 20:45:00,2,302.0436789572241,300.98758334153547
2017-08-18 21:00:00,2,301.95219686360025,300.8917748743547
2017-08-18 21:15:00,2,301.8642774265415,300.7980783082998
2017-08-18 21:30:00,2,301.77984973185374,300.70637475923917
2017-08-18 21:45:00,2,301.69905460811447,300.616778956176
2017-08-18 22:00:00,2,301.62211239713406,300.52938878022377
2017-08-18 22:15:00,2,301.54912263971,300.4455910836725
2017-08-18 22:30:00,2,301.4799304998044,300.3690306592953
2017-08-18 22:45:00,2,301.41392545870156,300.2993163540856
2017-08-18 23:00:00,2,301.35032858863696,300.23398627564285
2017-08-18 23:15:00,2,301.2885172904717,300.1710525117369
2017-08-18 23:30:00,2,301.22817891119337,300.1097890776354
2017-08-18 23:45:00,2,301.1695064872388,300.0504036844999
2017-08-19 00:00:00,2,301.1128873927375,299.99340328192693
2017-08-19 00:15:00,2,301.0585675746143,299.93913795432746
2017-08-19 00:30:00,2,301.0065226522907,299.8875722934566
2017-08-19 00:45:00,2,300.9563030757276,299.8381999672131
2017-08-19 01:00:00,2,300.90728877091414,299.7902402525266
2017-08-19 01:15:00,2,300.85897978363835,299.7429649867756
2017-08-19 01:30:00,2,300.8110568390351,299.6959045366663
2017-08-19 01:45:00,2,300.76338203918056,299.64887722511094
2017-08-19 02:00:00,2,300.7159203679382,299.6018838913839
2017-08-19 02:15:00,2,300.6686573283609,299.5549740515154
2017-08-19 02:30:00,2,300.621599751629,299.5081805168203
2017-08-19 02:45:00,2,300.5748180116487,299.46149061011243
2017-08-19 03:00:00,2,300.52836681359724,299.41482109142737
2017-08-19 03:15:00,2,300.4822583275345,299.36807574916213
2017-08-19 03:30:00,2,300.43663033517106,299.3213842118417
2017-08-19 03:45:00,2,300.3919993535098,299.2753505924757
2017-08-19 04:00:00,2,300.3490440630521,299.23092588217366
2017-08-19 04:15:00,2,300.30829427081676,299.1890136828837
2017-08-19 04:30:00,2,300.2701143931284,299.1502061690683
2017-08-19 04:45:00,2,300.2348889430596,299.1149041649179
2017-08-19 05:00:00,2,300.2029879590431,299.08338283998586
2017-08-19 05:15:00,2,300.17463553933146,299.0558104248668
2017-08-19 05:30:00,2,300.149800934685,299.03209311835525
2017-08-19 05:45:00,2,300.1284653597066,299.01212076924975
2017-08-19 06:00:00,2,300.1119724796065,298.9968954585658
2017-08-19 06:15:00,2,300.10220345170706,298.98838381601405
2017-08-19 06:30:00,2,300.1006575450935,298.988477815857
2017-08-19 06:45:00,2,300.10874253136456,298.9984644103819
2017-08-19 07:00:00,2,300.127803038604,299.01893395365073
2017-08-19 07:15:00,2,300.1585334746021,299.0496593820844
2017-08-19 07:30:00,2,300.2011854679461,299.0897941012107
2017-08-19 07:45:00,2,300.25599552521237,299.1381558497482
2017-08-19 08:00:00,2,300.3235009832941,299.1928374760396
2017-08-19 08:15:00,2,300.4050069775964,299.2503228089215
2017-08-19 08:30:00,2,300.5017373932947,299.31788983478395
2017-08-19 08:45:00,2,300.61300354166224,299.401047972301
2017-08-19 09:00:00,2,300.73591160886235,299.49846322848646
2017-08-19 09:15:00,2,300.8665858215247,299.60463315547685
2017-08-19 09:30:00,2,301.0018160177484,299.7158796362432
2017-08-19 09:45:00,2,301.14070433764323,299.8375206249932
2017-08-19 10:00:00,2,301.2837101553003,299.9766747642008
2017-08-19 10:15:00,2,301.4309741323948,300.12584562504907
2017-08-19 10:30:00,2,301.58224604109176,300.2779420271565
2017-08-19 10:45:00,2,301.73771523082814,300.43130117746443
2017-08-19 11:00:00,2,301.89771340017904,300.5874338016554
2017-08-19 11:15:00,2,302.0620358684665,300.7475456190331
2017-08-19 11:30:00,2,302.2292040525438,300.91052222942665
2017-08-19 11:45:00,2,302.39492617416056,301.0724365783367
2017-08-19 12:00:00,2,302.5539648356674,301.22817845307577
2017-08-19 12:15:00,2,302.70241067487166,301.37319361466757
2017-08-19 12:30:00,2,302.83827719197643,301.50511727926846
2017-08-19 12:45:00,2,302.9615896003385,301.6241542763271
2017-08-19 13:00:00,2,303.0732695180414,301.7317411312851
2017-08-19 13:15:00,2,303.17403201725404,301.8291095335779
2017-08-19 13:30:00,2,303.2641932201307,301.9167537012767
2017-08-19 13:45:00,2,303.3437156623176,301.9945971197248
2017-08-19 14:00:00,2,303.41239647841525,302.06235437511424
2017-08-19 14:15:00,2,303.4699565796602,302.1197441626828
2017-08-19 14:30:00,2,303.51623923206085,302.16665292230215
2017-08-19 14:45:00,2,303.5514234508881,302.20322806954067
2017-08-19 15:00:00,2,303.57581114932873,302.22971190906395
2017-08-19 15:15:00,2,303.5894989846196,302.24610893188907
2017-08-19 15:30:00,2,303.59241151775007,302.25233384792773
2017-08-19 15:45:00,2,303.5843406130529,302.2475368241959
2017-08-19 16:00:00,2,303.5650517715062,302.23337322849693
2017-08-19 16:15:00,2,303.53425116497476,302.2102032080172
2017-08-19 16:30:00,2,303.4919110900421,302.1777329088001
2017-08-19 16:45:00,2,303.4386618344651,302.1361396624172
2017-08-19 17:00:00,2,303.37605398616694,302.0864896598683
2017-08-19 17:15:00,2,303.3059901328157,302.03066652720645
2017-08-19 17:30:00,2,303.22985814953836,301.97102492497277
2017-08-19 17:45:00,2,303.1487400702597,301.9086885973731
2017-08-19 18:00:00,2,303.0634299911493,301.84380628055345
2017-08-19 18:15:00,2,302.9740347357641,301.7761116578144
2017-08-19 18:30:00,2,302.8803579851725,301.7053179576802
2017-08-19 18:45:00,2,302.7822635266631,301.63149295982566
2017-08-19 19:00:00,2,302.6800341005981,301.55513189354014
2017-08-19 19:15:00,2,302.5744733516875,301.47435967223527
2017-08-19 19:30:00,2,302.46718363928863,301.3893172459138
2017-08-19 19:45:00,2,302.3600341363522,301.29947026008455
2017-08-19 20:00:00,2,302.2544318545766,301.20327744935366
2017-08-19 20:15:00,2,302.1511987440632,301.1031895793669
2017-08-19 20:30:00,2,302.0508009968139,301.00253414118947
2017-08-19 20:45:00,2,301.9536663042585,300.9033565835809
2017-08-19 21:00:00,2,301.86014358832296,300.8064129710466
2017-08-19 21:15:00,2,301.77038872282594,300.71187376427645
2017-08-19 21:30:00,2,301.68438882108825,300.61974567547605
2017-08-19 21:45:00,2,301.602020123782,300.5299549933891
2017-08-19 22:00:00,2,301.52309908046243,300.44227774911707
2017-08-19 22:15:00,2,301.4474161775841,300.35611653983534
2017-08-19 22:30:00,2,301.37472849593775,300.273699901394
2017-08-19 22:45:00,2,301.30470008932315,300.1972999646027
2017-08-19 23:00:00,2,301.23694702663767,300.12599747466095
2017-08-19 23:15:00,2,301.1711228398084,300.0577739729651
2017-08-19 23:30:00,2,301.107024612427,299.9914109236746
2017-08-19 23:45:00,2,301.04478661884355,299.92684361974153
2017-08-20 00:00:00,2,300.98470125593474,299.86457674364254
2017-08-20 00:15:00,2,300.92696631899025,299.80506043150353
2017-08-20 00:30:00,2,300.8715902131231,299.74838944813956
2017-08-20 00:45:00,2,300.8183183427783,299.69430067758475
2017-08-20 01:00:00,2,300.7667854436311,299.64235728721644
2017-08-20 01:15:00,2,300.71667897335993,299.5921487100252
2017-08-20 01:30:00,2,300.6678362012289,299.54345800980934
2017-08-20 01:45:00,2,300.62038446730986,299.4963711494406
2017-08-20 02:00:00,2,300.57457161895593,299.4511790153759
2017-08-20 02:15:00,2,300.530557165183,299.4081515468116
2017-08-20 02:30:00,2,300.48828989499407,299.3672793883235
2017-08-20 02:45:00,2,300.44732835998565,299.3281068140215
2017-08-20 03:00:00,2,300.40707434119093,299.2899072510451
2017-08-20 03:15:00,2,300.3670579795683,299.251924032362
2017-08-20 03:30:00,2,300.3270817980571,299.2137433129974
2017-08-20 03:45:00,2,300.2874107124809,299.1753769667663
2017-08-20 04:00:00,2,300.24852135509724,299.13722548582297
2017-08-20 04:15:00,2,300.21082013060675,299.09973325987625
2017-08-20 04:30:00,2,300.17455737256813,299.06318719482385
2017-08-20 04:45:00,2,300.1396227527661,299.0276242735981
2017-08-20 05:00:00,2,300.1056453609275,298.99287051920925
2017-08-20 05:15:00,2,300.0722560176998,298.9588144991457
2017-08-20 05:30:00,2,300.0391633161059,298.9251368114469
2017-08-20 05:45:00,2,300.00653441905223,298.89200951133586
2017-08-20 06:00:00,2,299.97607919500246,298.8609814977726
2017-08-20 06:15:00,2,299.9502202917388,298.8346581234091
2017-08-20 06:30:00,2,299.9315350398764,298.816226860485
2017-08-20 06:45:00,2,299.92305489145593,298.80904859668453
2017-08-20 07:00:00,2,299.92753588100265,298.81569263296717
2017-08-20 07:15:00,2,299.9461693662817,298.83660991384545
2017-08-20 07:30:00,2,299.9788633039845,298.8703450598038
2017-08-20 07:45:00,2,300.02570998386454,298.91521191056046
2017-08-20 08:00:00,2,300.0876670042888,298.97034009048787
2017-08-20 08:15:00,2,300.1666787658456,299.03433356153084
2017-08-20 08:30:00,2,300.26420096262,299.1039485201721
2017-08-20 08:45:00,2,300.3798691923814,299.1862233279477
2017-08-20 09:00:00,2,300.5119196774944,299.2848800909917
2017-08-20 09:15:00,2,300.6578221882375,299.39540688307125
2017-08-20 09:30:00,2,300.81477639204235,299.5192407064122
2017-08-20 09:45:00,2,300.9799117096249,299.65979165199917
2017-08-20 10:00:00,2,301.1502275841006,299.82274210555255
2017-08-20 10:15:00,2,301.32266216879054,299.9953288011074
2017-08-20 10:30:00,2,301.4946472829305,300.1667136279837
2017-08-20 10:45:00,2,301.6648267456359,300.33346057073464
2017-08-20 11:00:00,2,301.83255385531305,300.4964118411875
2017-08-20 11:15:00,2,301.99702559348594,300.65651971086845
2017-08-20 11:30:00,2,302.15707326378174,300.8131442547071
2017-08-20 11:45:00,2,302.3110297601976,300.9643857269239
2017-08-20 12:00:00,2,302.45718334527817,301.10815468537925
2017-08-20 12:15:00,2,302.5941414594649,301.24270744171935
2017-08-20 12:30:00,2,302.7210801291515,301.36714210766087
2017-08-20 12:45:00,2,302.8380548856043,301.4816176252346
2017-08-20 13:00:00,2,302.94550906302516,301.58684073705746
2017-08-20 13:15:00,2,303.0436670368304,301.6833803960156
2017-08-20 13:30:00,2,303.13228424394293,301.77110765794004
2017-08-20 13:45:00,2,303.2102596480742,301.8489710251185
2017-08-20 14:00:00,2,303.2763042801656,301.9155403864101
2017-08-20 14:15:00,2,303.32955184292274,301.96974786513977
2017-08-20 14:30:00,2,303.36985975382424,302.0114162952545
2017-08-20 14:45:00,2,303.3980953250342,302.04137033143957
2017-08-20 15:00:00,2,303.41541174058824,302.06078769364586
2017-08-20 15:15:00,2,303.4224497987022,302.0704862217297
2017-08-20 15:30:00,2,303.41946647978614,302.07093852332315
2017-08-20 15:45:00,2,303.40667174896447,302.0620362846181
2017-08-20 16:00:00,2,303.38424022826746,302.04533099763074
2017-08-20 16:15:00,2,303.35213946595434,302.0214133157238
2017-08-20 16:30:00,2,303.3102916145278,301.99001010600017
2017-08-20 16:45:00,2,303.2589134990173,301.9509301260319
2017-08-20 17:00:00,2,303.1991546671685,301.90477794104453
2017-08-20 17:15:00,2,303.13271903192407,301.8529471653256
2017-08-20 17:30:00,2,303.0609771888824,301.7976564167722
2017-08-20 17:45:00,2,302.984860529617,301.7399952701158
2017-08-20 18:00:00,2,302.9049476265672,301.6800051044909
2017-08-20 18:15:00,2,302.82124270251114,301.61724834871563
2017-08-20 18:30:00,2,302.7335159842661,301.5512750804917
2017-08-20 18:45:00,2,302.6418085651825,301.48193262709384
2017-08-20 19:00:00,2,302.5465933208927,301.40958079534335
2017-08-20 19:15:00,2,302.4488200931418,301.3361247989431
2017-08-20 19:30:00,2,302.35005071526615,301.2598273289817
2017-08-20 19:45:00,2,302.25163293414874,301.1818009861984
2017-08-20 20:00:00,2,302.1542851669907,301.0970703479094
2017-08-20 20:15:00,2,302.05833540835783,301.00659866184895
2017-08-20 20:30:00,2,301.96412273085775,300.9137521756445
2017-08-20 20:45:00,2,301.8725579772756,300.8213954544935
2017-08-20 21:00:00,2,301.7847230242031,300.7313035148859
2017-08-20 21:15:00,2,301.70132843914524,300.644489317621
2017-08-20 21:30:00,2,301.622586092051,300.5614287532801
2017-08-20 21:45:00,2,301.54814304268604,300.4820270660518
2017-08-20 22:00:00,2,301.47739566583,300.405733606919
2017-08-20 22:15:00,2,301.4098059092237,300.3318263687849
2017-08-20 22:30:00,2,301.34495798719104,300.25958687811124
2017-08-20 22:45:00,2,301.2825145312254,300.1879551999159
2017-08-20 23:00:00,2,301.22219320082803,300.1205195594058
2017-08-20 23:15:00,2,301.1637604031777,300.05801358546796
2017-08-20 23:30:00,2,301.10700380951664,299.99903963163507
2017-08-20 23:45:00,2,301.0516787577146,299.94211586355937
2017-08-21 00:00:00,2,300.99752958685895,299.8864902365267
2017-08-21 00:15:00,2,300.94433614308565,299.83193392002704
2017-08-21 00:30:00,2,300.89195320387876,299.7783694944893
2017-08-21 00:45:00,2,300.8403813882765,299.72577448102135
2017-08-21 01:00:00,2,300.7896986117569,299.6741986759157
2017-08-21 01:15:00,2,300.7399574217243,299.6237250792924
2017-08-21 01:30:00,2,300.6911815802829,299.5744113081709
2017-08-21 01:45:00,2,300.6434056333463,299.52624914399394
2017-08-21 02:00:00,2,300.5966247633227,299.4791419092684
2017-08-21 02:15:00,2,300.5507690340286,299.432914795807
2017-08-21 02:30:00,2,300.50568166525517,299.3873006161506
2017-08-21 02:45:00,2,300.46104174985425,299.34190420444673
2017-08-21 03:00:00,2,300.4164922158993,299.2962829475646
2017-08-21 03:15:00,2,300.37179256294974,299.25012408069085
2017-08-21 03:30:00,2,300.3269249913376,299.2034463990532
2017-08-21 03:45:00,2,300.28220699624325,299.15669010510516
2017-08-21 04:00:00,2,300.2380826123803,299.1105282977756
2017-08-21 04:15:00,2,300.19489872569415,299.06556684311795
2017-08-21 04:30:00,2,300.15297847441406,299.02233079908603
2017-08-21 04:45:00,2,300.1129715764994,298.9816025582883
2017-08-21 05:00:00,2,300.0757065132302,298.9443963322468
2017-08-21 05:15:00,2,300.04179204994773,298.9117982504159
2017-08-21 05:30:00,2,300.0115057748481,298.884064879983
2017-08-21 05:45:00,2,299.9852496667687,298.86125683873024
2017-08-21 06:00:00,2,299.9645129394932,298.84418524175254
2017-08-21 06:15:00,2,299.9511974482874,298.8340722179008
2017-08-21 06:30:00,2,299.9467494442668,298.83236252669764
2017-08-21 06:45:00,2,299.95183601809185,298.8399591211574
2017-08-21 07:00:00,2,299.96667668751195,298.8569943925062
2017-08-21 07:15:00,2,299.99150919975057,298.88322914435173
2017-08-21 07:30:00,2,300.0273726560445,298.9188085441384
2017-08-21 07:45:00,2,300.0765619979864,298.964583730302
2017-08-21 08:00:00,2,300.1414938060514,299.02108477884735
2017-08-21 08:15:00,2,300.22277050370496,299.0854220526549
2017-08-21 08:30:00,2,300.3194264449934,299.15597234166313
2017-08-21 08:45:00,2,300.4313772048845,299.2360244985519
2017-08-21 09:00:00,2,300.55930045057875,299.3283754232741
2017-08-21 09:15:00,2,300.7031180290147,299.4420565306308
2017-08-21 09:30:00,2,300.86126913244823,299.5792976709438
2017-08-21 09:45:00,2,301.0297015097134,299.7408919058406
2017-08-21 10:00:00,2,301.2029999232755,299.91606981253346
2017-08-21 10:15:00,2,301.3761621811176,300.09099083661465
2017-08-21 10:30:00,2,301.5459383543005,300.259185153492
2017-08-21 10:45:00,2,301.7120954792248,300.4210098196293
2017-08-21 11:00:00,2,301.8758472323259,300.57927077786803
2017-08-21 11:15:00,2,302.0378611549766,300.73590201421075
2017-08-21 11:30:00,2,302.1977103039473,300.8907162338342
2017-08-21 11:45:00,2,302.3535414707952,301.0417370585722
2017-08-21 12:00:00,2,302.5029912721561,301.1864146159346
2017-08-21 12:15:00,2,302.6440584741721,301.32266952441773
2017-08-21 12:30:00,2,302.7752399248741,301.44911216596444
2017-08-21 12:45:00,2,302.89525646588555,301.56467718732875
2017-08-21 13:00:00,2,303.00315545866533,301.66850613915244
2017-08-21 13:15:00,2,303.09838612371857,301.76008660474486
2017-08-21 13:30:00,2,303.180774922665,301.83931728203567
2017-08-21 13:45:00,2,303.25045436447516,301.9064325671875
2017-08-21 14:00:00,2,303.30768017645596,301.9617835552479
2017-08-21 14:15:00,2,303.3526008812194,302.0056312246344
2017-08-21 14:30:00,2,303.3854597426207,302.03827687104507
2017-08-21 14:45:00,2,303.40690870171994,302.06029928445804
2017-08-21 15:00:00,2,303.41769256066345,302.0723901959541
2017-08-21 15:15:00,2,303.4182405270067,302.07496983512146
2017-08-21 15:30:00,2,303.40887139504883,302.0679566678157
2017-08-21 15:45:00,2,303.3900863383306,302.05228462538537
2017-08-21 16:00:00,2,303.3623487259925,302.0298275193377
2017-08-21 16:15:00,2,303.32570037331004,302.00112509318
2017-08-21 16:30:00,2,303.27994120168154,301.96564285600675
2017-08-21 16:45:00,2,303.22482302323846,301.92266901337086
2017-08-21 17:00:00,2,303.160349741623,301.8718629846661
2017-08-21 17:15:00,2,303.0868137945599,301.8133918412808
2017-08-21 17:30:00,2,303.0054531162206,301.74833571179227
2017-08-21 17:45:00,2,302.91831942491785,301.67922015041216
2017-08-21 18:00:00,2,302.82714670149574,301.60781671035375
2017-08-21 18:15:00,2,302.73267699406244,301.53466716165855
2017-08-21 18:30:00,2,302.6352607237515,301.4596874089656
2017-08-21 18:45:00,2,302.5351549216305,301.3828492276815
2017-08-21 19:00:00,2,302.43273689956465,301.3048766231349
2017-08-21 19:15:00,2,302.3287915708103,301.225566127914
2017-08-21 19:30:00,2,302.2246564278984,301.14414452719706
2017-08-21 19:45:00,2,302.1216443260366,301.0565509712293
2017-08-21 20:00:00,2,302.0205800438163,300.96313084449235
2017-08-21 20:15:00,2,301.92185040247233,300.8670058027415
2017-08-21 20:30:00,2,301.8257180753029,300.77085152990304
2017-08-21 20:45:00,2,301.73276790645866,300.67609795055836
2017-08-21 21:00:00,2,301.64366491545877,300.58350740165963
2017-08-21 21:15:00,2,301.5588053530986,300.4936198931674
2017-08-21 21:30:00,2,301.4782612658981,300.40675379941575
2017-08-21 21:45:00,2,301.40178208205265,300.32287603862426
2017-08-21 22:00:00,2,301.3289790144096,300.24160524059545
2017-08-21 22:15:00,2,301.25948786612037,300.16215798762926
2017-08-21 22:30:00,2,301.19303511362597,300.086842000385
2017-08-21 22:45:00,2,301.1294931929293,300.0175958861388
2017-08-21 23:00:00,2,301.0687778469415,299.95371890822395
2017-08-21 23:15:00,2,301.01075957876634,299.8936637526116
2017-08-21 23:30:00,2,300.9552287401393,299.8363870628778
2017-08-21 23:45:00,2,300.9018432000694,299.78144007790564
2017-08-22 00:00:00,2,300.8502385714854,299.7285992186141
2017-08-22 00:15:00,2,300.80012528330826,299.6776383336853
2017-08-22 00:30:00,2,300.7512838352124,299.6283074468908
2017-08-22 00:45:00,2,300.7035291804749,299.58034705341436
2017-08-22 01:00:00,2,300.6566954075678,299.53350457437494
2017-08-22 01:15:00,2,300.61064156895645,299.4875561693656
2017-08-22 01:30:00,2,300.5653181179233,299.442408826419
2017-08-22 01:45:00,2,300.520912557426,299.3982178477721
2017-08-22 02:00:00,2,300.4777037844596,299.355318101081
2017-08-22 02:15:00,2,300.4358809304566,299.31403388396257
2017-08-22 02:30:00,2,300.39566089782454,299.27468393893764
2017-08-22 02:45:00,2,300.35769137142887,299.2377450608231
2017-08-22 03:00:00,2,300.322842059728,299.20405942228
2017-08-22 03:15:00,2,300.29176745435524,299.17433974418367
2017-08-22 03:30:00,2,300.26466637919845,299.14884312751184
2017-08-22 03:45:00,2,300.24097701150225,299.126858835718
2017-08-22 04:00:00,2,300.2197141098703,299.10730847271026
2017-08-22 04:15:00,2,300.1999983675491,299.08921528888595
2017-08-22 04:30:00,2,300.1811661761522,299.07177729362405
2017-08-22 04:45:00,2,300.16260961432,299.0542759267659
2017-08-22 05:00:00,2,300.143773371723,299.0361687598052
2017-08-22 05:15:00,2,300.1242426899664,299.01704594559317
2017-08-22 05:30:00,2,300.10381529215755,298.99669727043465
2017-08-22 05:45:00,2,300.0829670176372,298.9756383922905
2017-08-22 06:00:00,2,300.0636122804252,298.95571795677756
2017-08-22 06:15:00,2,300.04823216463353,298.9397460983421
2017-08-22 06:30:00,2,300.03929593943195,298.93085482734045
2017-08-22 06:45:00,2,300.0394754567052,298.93182785837973
2017-08-22 07:00:00,2,300.05096801228603,298.94430232022376
2017-08-22 07:15:00,2,300.07464671124717,298.96824846059684
2017-08-22 07:30:00,2,300.11077461774437,299.0026892877539
2017-08-22 07:45:00,2,300.1605972471749,299.0468738332
2017-08-22 08:00:00,2,300.2257236844565,299.0993430435152
2017-08-22 08:15:00,2,300.3066949296584,299.15760370322323
2017-08-22 08:30:00,2,300.4029096918129,299.2257064388902
2017-08-22 08:45:00,2,300.51265624612546,299.30460332067713
2017-08-22 09:00:00,2,300.6335098974564,299.397528119119
2017-08-22 09:15:00,2,300.7627540398906,299.5067400362184
2017-08-22 09:30:00,2,300.89808558728504,299.6318462127901
2017-08-22 09:45:00,2,301.03852137160976,299.77352846365284
2017-08-22 10:00:00,2,301.18376153633506,299.9224059650917
2017-08-22 10:15:00,2,301.3332734024688,300.07223128589914
2017-08-22 10:30:00,2,301.48584173621646,300.22144700674386
2017-08-22 10:45:00,2,301.6389108211855,300.36946981001785
2017-08-22 11:00:00,2,301.7894087587151,300.5144800821695
2017-08-22 11:15:00,2,301.93468317761415,300.653891305355
2017-08-22 11:30:00,2,302.0730521884038,300.7858585859485
2017-08-22 11:45:00,2,302.204301565929,300.91008279015364
2017-08-22 12:00:00,2,302.3288536758684,301.0273020200009
2017-08-22 12:15:00,2,302.4468320108787,301.138246744408
2017-08-22 12:30:00,2,302.5579298247025,301.2429410196466
2017-08-22 12:45:00,2,302.66142302638167,301.3406869059135
2017-08-22 13:00:00,2,302.75652321705104,301.4305696670218
2017-08-22 13:15:00,2,302.84262151913913,301.51193986395515
2017-08-22 13:30:00,2,302.91972668476166,301.5849774294066
2017-08-22 13:45:00,2,302.9892144951853,301.651153064131
2017-08-22 14:00:00,2,303.05282861972614,301.71249380677534
2017-08-22 14:15:00,2,303.1114924461696,301.7703448029551
2017-08-22 14:30:00,2,303.16498544743916,301.8245096869822
2017-08-22 14:45:00,2,303.21146442177735,301.87306661989845
2017-08-22 15:00:00,2,303.2485963057269,301.9133667135278
2017-08-22 15:15:00,2,303.2746328856155,301.94328771728095
2017-08-22 15:30:00,2,303.2887470784563,301.96181058413674
2017-08-22 15:45:00,2,303.2909931309656,301.96881144370076
2017-08-22 16:00:00,2,303.2817601777278,301.96418299850643
2017-08-22 16:15:00,2,303.2611753657094,301.9497063895202
2017-08-22 16:30:00,2,303.22917146923896,301.9259137162027
2017-08-22 16:45:00,2,303.1856467062102,301.89299709887615
2017-08-22 17:00:00,2,303.13072859286876,301.8508143311004
2017-08-22 17:15:00,2,303.0647863305645,301.79948835712605
2017-08-22 17:30:00,2,302.9891623496062,301.7399179817574
2017-08-22 17:45:00,2,302.90604027216887,301.6738521006745
2017-08-22 18:00:00,2,302.81729218849785,301.60390817251084
2017-08-22 18:15:00,2,302.7237907271099,301.53127685125776
2017-08-22 18:30:00,2,302.62603263479485,301.45598047348784
2017-08-22 18:45:00,2,302.5243342785935,301.37779882577104
2017-08-22 19:00:00,2,302.4189999547006,301.29724691169804
2017-08-22 19:15:00,2,302.3115676071688,301.215379084934
2017-08-22 19:30:00,2,302.20421759398397,301.13122754616666
2017-08-22 19:45:00,2,302.09873063272136,301.0419947874627
2017-08-22 20:00:00,2,301.99622055517546,300.947627076575
2017-08-22 20:15:00,2,301.89722887090085,300.8512775585821
2017-08-22 20:30:00,2,301.8019266816819,300.75588272778623
2017-08-22 20:45:00,2,301.7102544174327,300.6626374557597
2017-08-22 21:00:00,2,301.6220234402946,300.5714592546591
2017-08-22 21:15:00,2,301.5369960670259,300.4818887133318
2017-08-22 21:30:00,2,301.4550492972592,300.3936996065935
2017-08-22 21:45:00,2,301.3764985617349,300.3072188556749
2017-08-22 22:00:00,2,301.3018641256303,300.2231688884423
2017-08-22 22:15:00,2,301.23149668978084,300.142136371783
2017-08-22 22:30:00,2,301.16546303916493,300.0651252699208
2017-08-22 22:45:00,2,301.1034993061151,299.9956177637698
2017-08-22 23:00:00,2,301.04516843818436,299.93334683791693
2017-08-22 23:15:00,2,300.9900445359634,299.8761668422556
2017-08-22 23:30:00,2,300.937717119705,299.8223235702046
2017-08-22 23:45:00,2,300.8876762643373,299.7709491676084
2017-08-23 00:00:00,2,300.83941368387474,299.72162804862523
2017-08-23 00:15:00,2,300.7925407799663,299.67402972899544
2017-08-23 00:30:00,2,300.746780719389,299.6278286039796
2017-08-23 00:45:00,2,300.70192125348353,299.5827425262928
2017-08-23 01:00:00,2,300.6577926007613,299.538558546382
2017-08-23 01:15:00,2,300.6142613297386,299.49512413029635
2017-08-23 01:30:00,2,300.57122119391437,299.4523221633451
2017-08-23 01:45:00,2,300.5285824550979,299.4100470042693
2017-08-23 02:00:00,2,300.48626710991937,299.3681981150001
2017-08-23 02:15:00,2,300.4442074055826,299.3266919616041
2017-08-23 02:30:00,2,300.4023033366587,299.2853526973591
2017-08-23 02:45:00,2,300.3603072265473,299.24381683522995
2017-08-23 03:00:00,2,300.3178877726768,299.2015586483123
2017-08-23 03:15:00,2,300.2747865464046,299.15809717883974
2017-08-23 03:30:00,2,300.23098840085646,299.11332632781205
2017-08-23 03:45:00,2,300.18689546553594,299.0677233548645
2017-08-23 04:00:00,2,300.14307887601467,299.0221480103588
2017-08-23 04:15:00,2,300.0999960655487,298.9774285543018
2017-08-23 04:30:00,2,300.0579801201982,298.93416434257097
2017-08-23 04:45:00,2,300.01741234230724,298.8928641548959
2017-08-23 05:00:00,2,299.9787084889416,298.85409832455707
2017-08-23 05:15:00,2,299.942177972516,298.8182620441316
2017-08-23 05:30:00,2,299.90804714238163,298.7857272016157
2017-08-23 05:45:00,2,299.87705651257465,298.7570435637112
2017-08-23 06:00:00,2,299.85129788722236,298.733714965112
2017-08-23 06:15:00,2,299.83322120147244,298.71814300736645
2017-08-23 06:30:00,2,299.82479357430043,298.7124351073362
2017-08-23 06:45:00,2,299.8271918340713,298.7178337184539
2017-08-23 07:00:00,2,299.84088656501945,298.7343326237703
2017-08-23 07:15:00,2,299.86572920018153,298.7608097777049
2017-08-23 07:30:00,2,299.9005834426541,298.7953692921811
2017-08-23 07:45:00,2,299.94364916847235,298.8358039157653
2017-08-23 08:00:00,2,299.99332136081483,298.88045455527356
2017-08-23 08:15:00,2,300.05058461520673,298.92939286697475
2017-08-23 08:30:00,2,300.1189823271546,298.9838492332381
2017-08-23 08:45:00,2,300.20293909434986,299.04379117107743
2017-08-23 09:00:00,2,300.30590587215437,299.1140553337336
2017-08-23 09:15:00,2,300.42747770818363,299.19966170993627
2017-08-23 09:30:00,2,300.5646483758987,299.3076895003279
2017-08-23 09:45:00,2,300.71406832555886,299.43855034742336
2017-08-23 10:00:00,2,300.87257354593066,299.59089846055025
2017-08-23 10:15:00,2,301.03683432928256,299.75953246188965
2017-08-23 10:30:00,2,301.20448577635267,299.93161372383656
2017-08-23 10:45:00,2,301.3765125266819,300.1024077029617
2017-08-23 11:00:00,2,301.55559891290494,300.27509711399387
2017-08-23 11:15:00,2,301.7432859116139,300.4531695785972
2017-08-23 11:30:00,2,301.9384501649174,300.6359386002545
2017-08-23 11:45:00,2,302.13691579927956,300.81931616801023
2017-08-23 12:00:00,2,302.3337286079388,300.9988142461398
2017-08-23 12:15:00,2,302.5248159091954,301.17127406023377
2017-08-23 12:30:00,2,302.7066009244874,301.33467678209763
2017-08-23 12:45:00,2,302.8741255312096,301.48655642363724
2017-08-23 13:00:00,2,303.0222749623966,301.62359273151213
2017-08-23 13:15:00,2,303.1479311298315,301.7427345855083
2017-08-23 13:30:00,2,303.25099870400584,301.84310725832074
2017-08-23 13:45:00,2,303.33507941281187,301.9271016539236
2017-08-23 14:00:00,2,303.4047600546889,301.998690282922
2017-08-23 14:15:00,2,303.4631298740732,302.0609472180879
2017-08-23 14:30:00,2,303.5118550498913,302.1153446351453
2017-08-23 14:45:00,2,303.55201311951896,302.1624966752181
2017-08-23 15:00:00,2,303.58423914020096,302.2027157679355
2017-08-23 15:15:00,2,303.60858163212197,302.235997329585
2017-08-23 15:30:00,2,303.62458453113686,302.2617449807329
2017-08-23 15:45:00,2,303.6311542763268,302.2785433681405
2017-08-23 16:00:00,2,303.6270456268095,302.28460909999734
2017-08-23 16:15:00,2,303.61121908440333,302.27999453285963
2017-08-23 16:30:00,2,303.58301733203973,302.26442286468193
2017-08-23 16:45:00,2,303.54206209308535,302.23711689473686
2017-08-23 17:00:00,2,303.4881804539934,302.19831079511886
2017-08-23 17:15:00,2,303.421736216368,302.1485791304231
2017-08-23 17:30:00,2,303.3444231026528,302.0892277980339
2017-08-23 17:45:00,2,303.2588330561137,302.02201853904296
2017-08-23 18:00:00,2,303.16720051549885,301.95030080961556
2017-08-23 18:15:00,2,303.070749599659,301.87566958791706
2017-08-23 18:30:00,2,302.9701842702895,301.7981641203949
2017-08-23 18:45:00,2,302.8660407245125,301.71737356664875
2017-08-23 19:00:00,2,302.75890323317515,301.6332972823534
2017-08-23 19:15:00,2,302.65046063964934,301.5467665476847
2017-08-23 19:30:00,2,302.5426771177792,301.4591668985143
2017-08-23 19:45:00,2,302.4363878308699,301.3717977171727
2017-08-23 20:00:00,2,302.3315831596068,301.286826754113
2017-08-23 20:15:00,2,302.2280589068315,301.1978714546619
2017-08-23 20:30:00,2,302.1257745221856,301.10293088972435
2017-08-23 20:45:00,2,302.02519169783767,301.0042609221071
2017-08-23 21:00:00,2,301.92695020670385,300.9048750093034
2017-08-23 21:15:00,2,301.83147468802093,300.8066027816275
2017-08-23 21:30:00,2,301.7389963140788,300.7100906785385
2017-08-23 21:45:00,2,301.64976500706325,300.61555173508197
2017-08-23 22:00:00,2,301.56398794618497,300.52319570155544
2017-08-23 22:15:00,2,301.4817174081947,300.4331994431999
2017-08-23 22:30:00,2,301.40279546561015,300.34549986074234
2017-08-23 22:45:00,2,301.3267377109699,300.25957786183835
2017-08-23 23:00:00,2,301.25293664502504,300.1743682203438
2017-08-23 23:15:00,2,301.1808947355335,300.09116694329873
2017-08-23 23:30:00,2,301.1103742483842,300.01263281699084
2017-08-23 23:45:00,2,301.0416085162977,299.93873788502407
2017-08-24 00:00:00,2,300.974988138903,299.86834884610045
2017-08-24 00:15:00,2,300.91073401959864,299.8007434186171
2017-08-24 00:30:00,2,300.8488508775706,299.7357146102468
2017-08-24 00:45:00,2,300.7891277126866,299.6730630517659
2017-08-24 01:00:00,2,300.7312431337973,299.6123526329499
2017-08-24 01:15:00,2,300.6749044513946,299.55307536066863
2017-08-24 01:30:00,2,300.61992565523116,299.4949103408285
2017-08-24 01:45:00,2,300.5661841191889,299.4377971495135
2017-08-24 02:00:00,2,300.5135797744157,299.3818309199598
2017-08-24 02:15:00,2,300.4620326651619,299.3271173250528
2017-08-24 02:30:00,2,300.41152157446066,299.2737613807015
2017-08-24 02:45:00,2,300.3621940014199,299.22194400798753
2017-08-24 03:00:00,2,300.3142621204793,299.1719046130095
2017-08-24 03:15:00,2,300.2678625687416,299.1238392748739
2017-08-24 03:30:00,2,300.22298351493964,299.07776871447027
2017-08-24 03:45:00,2,300.17936149636756,299.03343958848865
2017-08-24 04:00:00,2,300.13661822196883,298.9903432540635
2017-08-24 04:15:00,2,300.0944348028836,298.9479461051057
2017-08-24 04:30:00,2,300.0526411942261,298.90596462937907
2017-08-24 04:45:00,2,300.01132332917496,298.86448326955224
2017-08-24 05:00:00,2,299.9706880843455,298.8237823815942
2017-08-24 05:15:00,2,299.9308948667318,298.78411090025867
2017-08-24 05:30:00,2,299.8920302417233,298.7455944658758
2017-08-24 05:45:00,2,299.8544502431716,298.7086215470811
2017-08-24 06:00:00,2,299.81960884406044,298.67462603895626
2017-08-24 06:15:00,2,299.789660273578,298.6457780529314
2017-08-24 06:30:00,2,299.767177588914,298.6250722627029
2017-08-24 06:45:00,2,299.75524684268476,298.6156828310522
2017-08-24 07:00:00,2,299.75686215151995,298.6206791550976
2017-08-24 07:15:00,2,299.7737553830777,298.6415376211177
2017-08-24 07:30:00,2,299.8070607604453,298.67822513305487
2017-08-24 07:45:00,2,299.85927250741213,298.7307256471801
2017-08-24 08:00:00,2,299.93287442946837,298.7990035347189
2017-08-24 08:15:00,2,300.02852907789884,298.88092489198084
2017-08-24 08:30:00,2,300.1453273716787,298.96871764767604
2017-08-24 08:45:00,2,300.2816381137281,299.06581644235644
2017-08-24 09:00:00,2,300.4354363929602,299.17718575653555
2017-08-24 09:15:00,2,300.60419585688686,299.31215100134136
2017-08-24 09:30:00,2,300.78507326470367,299.47132207631785
2017-08-24 09:45:00,2,300.97497370560563,299.6538138055089
2017-08-24 10:00:00,2,301.17059398986555,299.85439374808675
2017-08-24 10:15:00,2,301.3686186533657,300.0589686498943
2017-08-24 10:30:00,2,301.5663862217303,300.2594023095514
2017-08-24 10:45:00,2,301.76276589644345,300.4549092400746
2017-08-24 11:00:00,2,301.957490027474,300.6473599273212
2017-08-24 11:15:00,2,302.1501134532161,300.83740783633846
2017-08-24 11:30:00,2,302.3397677406486,301.02414506840034
2017-08-24 11:45:00,2,302.5250890545666,301.20609358041384
2017-08-24 12:00:00,2,302.7045983583081,301.3821057905122
2017-08-24 12:15:00,2,302.8769631045007,301.55136373246023
2017-08-24 12:30:00,2,303.0409497376423,301.7130090917639
2017-08-24 12:45:00,2,303.195118345441,301.8657143735082
2017-08-24 13:00:00,2,303.3381283102856,302.0080313438286
2017-08-24 13:15:00,2,303.4690167895921,302.1389582417647
2017-08-24 13:30:00,2,303.5871741422591,302.2579943949749
2017-08-24 13:45:00,2,303.6921041958405,302.3648577171841
2017-08-24 14:00:00,2,303.7834535433841,302.4593077088115
2017-08-24 14:15:00,2,303.86101029154855,302.5411372381972
2017-08-24 14:30:00,2,303.92488512289606,302.61039423179653
2017-08-24 14:45:00,2,303.9757437178709,302.66755302147857
2017-08-24 15:00:00,2,304.0144227213554,302.71328123885775
2017-08-24 15:15:00,2,304.04142935230556,302.74799134270324
2017-08-24 15:30:00,2,304.05691747872567,302.7716315363564
2017-08-24 15:45:00,2,304.0609894919436,302.7836968814677
2017-08-24 16:00:00,2,304.05377209518133,302.78429330062744
2017-08-24 16:15:00,2,304.03520060259314,302.77496604751633
2017-08-24 16:30:00,2,304.0051131892652,302.75632862274267
2017-08-24 16:45:00,2,303.96331551985986,302.72786314622044
2017-08-24 17:00:00,2,303.9098866415276,302.68901011889983
2017-08-24 17:15:00,2,303.8452733406996,302.63994608293854
2017-08-24 17:30:00,2,303.77098947927504,302.58187549061245
2017-08-24 17:45:00,2,303.68941718180054,302.5170076139644
2017-08-24 18:00:00,2,303.60266123851267,302.44835114165414
2017-08-24 18:15:00,2,303.51187384367904,302.37718136685083
2017-08-24 18:30:00,2,303.4175653627154,302.3032951340969
2017-08-24 18:45:00,2,303.31989156841,302.22598537945584
2017-08-24 19:00:00,2,303.21902959028205,302.1448916418644
2017-08-24 19:15:00,2,303.11630380473537,302.0605954716574
2017-08-24 19:30:00,2,303.0135065781455,301.97429074432085
2017-08-24 19:45:00,2,302.91176741608933,301.8870675679012
2017-08-24 20:00:00,2,302.8115420376785,301.7996041540002
2017-08-24 20:15:00,2,302.712946275288,301.71229897668803
2017-08-24 20:30:00,2,302.61590158391044,301.62554577544955
2017-08-24 20:45:00,2,302.52010249329203,301.5396768405661
2017-08-24 21:00:00,2,302.4251643110745,301.45297983414133
2017-08-24 21:15:00,2,302.3307815074124,301.36340991283305
2017-08-24 21:30:00,2,302.23696720461294,301.2703164943088
2017-08-24 21:45:00,2,302.1445306535393,301.1750071075967
2017-08-24 22:00:00,2,302.05456948374365,301.0795923926981
2017-08-24 22:15:00,2,301.9678423082943,300.98582309212674
2017-08-24 22:30:00,2,301.8846932828696,300.894674305232
2017-08-24 22:45:00,2,301.8051550995125,300.8064467790741
2017-08-24 23:00:00,2,301.7290841518046,300.72105333498837
2017-08-24 23:15:00,2,301.6562658592746,300.6382565340559
2017-08-24 23:30:00,2,301.58645853866847,300.5577415812959
2017-08-24 23:45:00,2,301.51939394714583,300.47907953360055
2017-08-25 00:00:00,2,301.45479560601234,300.40148130574306
2017-08-25 00:15:00,2,301.3924074076073,300.32758791181914
2017-08-25 00:30:00,2,301.332025565821,300.25899437440853
2017-08-25 00:45:00,2,301.2735163398465,300.19472433856
2017-08-25 01:00:00,2,301.21671419647106,300.1330627578522
2017-08-25 01:15:00,2,301.1613970174528,300.07283938082014
2017-08-25 01:30:00,2,301.1075026063468,300.0137541458176
2017-08-25 01:45:00,2,301.0555292418391,299.95639534215985
2017-08-25 02:00:00,2,301.00628928322044,299.9019396397264
2017-08-25 02:15:00,2,300.9604517803066,299.8515950420692
2017-08-25 02:30:00,2,300.91829860414754,299.8060331304931
2017-08-25 02:45:00,2,300.87951285038906,299.7650867445764
2017-08-25 03:00:00,2,300.84346604218223,299.7279760442295
2017-08-25 03:15:00,2,300.8095844675208,299.6939279039706
2017-08-25 03:30:00,2,300.7773906861922,299.6622124465534
2017-08-25 03:45:00,2,300.7463655496058,299.6319317777961
2017-08-25 04:00:00,2,300.7160188775557,299.6024643152625
2017-08-25 04:15:00,2,300.6859958096708,299.57345331198053
2017-08-25 04:30:00,2,300.6561014975912,299.5447147377412
2017-08-25 04:45:00,2,300.6263203879825,299.5161635966373
2017-08-25 05:00:00,2,300.5966992458614,299.48774769804123
2017-08-25 05:15:00,2,300.5672556014583,299.4594108011999
2017-08-25 05:30:00,2,300.5379719155995,299.431074467577
2017-08-25 05:45:00,2,300.50905540791354,299.4028534361052
2017-08-25 06:00:00,2,300.4817120323057,299.37571148191597
2017-08-25 06:15:00,2,300.4580180227174,299.35161892621323
2017-08-25 06:30:00,2,300.44049937415866,299.33350700669354
2017-08-25 06:45:00,2,300.4321540647301,299.3249445200959
2017-08-25 07:00:00,2,300.4359462613944,299.3293783201386
2017-08-25 07:15:00,2,300.45355529141773,299.34874306000506
2017-08-25 07:30:00,2,300.4859162993503,299.3827233533285
2017-08-25 07:45:00,2,300.5348156531006,299.43048877887827
2017-08-25 08:00:00,2,300.60188783153336,299.49060732670614
2017-08-25 08:15:00,2,300.68707233701167,299.5552366024108
2017-08-25 08:30:00,2,300.7890406619148,299.6270547329507
2017-08-25 08:45:00,2,300.9065809269061,299.71520783217886
2017-08-25 09:00:00,2,301.03872115566213,299.8266180900738
2017-08-25 09:15:00,2,301.18407635552455,299.96170406541154
2017-08-25 09:30:00,2,301.34077172207714,300.1231040666241
2017-08-25 09:45:00,2,301.5067397608533,300.2981598314695
2017-08-25 10:00:00,2,301.67995732393086,300.4770818111125
2017-08-25 10:15:00,2,301.85837392941403,300.6566105025864
2017-08-25 10:30:00,2,302.03987011585,300.83650107441883
2017-08-25 10:45:00,2,302.22212313550267,301.01567930873114
2017-08-25 11:00:00,2,302.40313964115217,301.19231483160536
2017-08-25 11:15:00,2,302.58117458052607,301.3648317619156
2017-08-25 11:30:00,2,302.75391800325247,301.53131443752386
2017-08-25 11:45:00,2,302.9170629756221,301.68822392453416
2017-08-25 12:00:00,2,303.06610002002793,301.8311716947931
2017-08-25 12:15:00,2,303.19821976583387,301.9568604421927
2017-08-25 12:30:00,2,303.313058148231,302.0648314919939
2017-08-25 12:45:00,2,303.413466718599,302.1580719398033
2017-08-25 13:00:00,2,303.50319370751794,302.24105797402575
2017-08-25 13:15:00,2,303.5846913260771,302.3172088132923
2017-08-25 13:30:00,2,303.65888185800446,302.3877422636949
2017-08-25 13:45:00,2,303.72531572901937,302.4520174499054
2017-08-25 14:00:00,2,303.7832016698951,302.5086940996146
2017-08-25 14:15:00,2,303.83165485932057,302.55655648868225
2017-08-25 14:30:00,2,303.87039608012344,302.59533666632507
2017-08-25 14:45:00,2,303.9007274825878,302.62631171875506
2017-08-25 15:00:00,2,303.9243833853455,302.65149051835715
2017-08-25 15:15:00,2,303.9422479317029,302.6723299902302
2017-08-25 15:30:00,2,303.9542924015586,302.68855510218015
2017-08-25 15:45:00,2,303.9596061482733,302.6999770338276
2017-08-25 16:00:00,2,303.95694950962644,302.70542791141105
2017-08-25 16:15:00,2,303.94526572289794,302.70344248860425
2017-08-25 16:30:00,2,303.92380116102504,302.6929179019911
2017-08-25 16:45:00,2,303.8918846476651,302.67318319224665
2017-08-25 17:00:00,2,303.8490849484551,302.64372627123646
2017-08-25 17:15:00,2,303.7954184218233,302.60454863278113
2017-08-25 17:30:00,2,303.7320068015083,302.5565249983922
2017-08-25 17:45:00,2,303.66065214656174,302.5009092620838
2017-08-25 18:00:00,2,303.5828387630661,302.44019816524485
2017-08-25 18:15:00,2,303.4995406403281,302.3756240755531
2017-08-25 18:30:00,2,303.4113156701307,302.3071371019122
2017-08-25 18:45:00,2,303.3179063330915,302.23390513631034
2017-08-25 19:00:00,2,303.21883299481567,302.155147291877
2017-08-25 19:15:00,2,303.1149077969623,302.0710440480868
2017-08-25 19:30:00,2,303.00786262540583,301.98284524994943
2017-08-25 19:45:00,2,302.8996688332274,301.8927465755727
2017-08-25 20:00:00,2,302.79197170014595,301.8047112242152
2017-08-25 20:15:00,2,302.68579013279873,301.7118840280227
2017-08-25 20:30:00,2,302.58183305866527,301.6130552014292
2017-08-25 20:45:00,2,302.4811185786573,301.5118008004948
2017-08-25 21:00:00,2,302.3846807584998,301.41209146853856
2017-08-25 21:15:00,2,302.29313882400595,301.31611881429694
2017-08-25 21:30:00,2,302.20664129640505,301.2244459213508
2017-08-25 21:45:00,2,302.1248559186177,301.13680213531075
2017-08-25 22:00:00,2,302.04724096102615,301.05267338726594
2017-08-25 22:15:00,2,301.9732990223431,300.9715687842031
2017-08-25 22:30:00,2,301.90261653980593,300.89305316822634
2017-08-25 22:45:00,2,301.8348113220916,300.81666548027374
2017-08-25 23:00:00,2,301.7695242477413,300.74185204035473
2017-08-25 23:15:00,2,301.706443303408,300.6678554234672
2017-08-25 23:30:00,2,301.6453706480829,300.59615429040787
2017-08-25 23:45:00,2,301.5863573943233,300.52910364433717
2017-08-26 00:00:00,2,301.5295502892945,300.4667138786511
2017-08-26 00:15:00,2,301.4750108269798,300.407912066172
2017-08-26 00:30:00,2,301.4226645750642,300.35185417309367
2017-08-26 00:45:00,2,301.37224538677657,300.2980364627459
2017-08-26 01:00:00,2,301.3233837638951,300.2459652447241
2017-08-26 01:15:00,2,301.27576048016317,300.1950805648929
2017-08-26 01:30:00,2,301.2292261043417,300.1450055443995
2017-08-26 01:45:00,2,301.1838289415976,300.0957610730492
2017-08-26 02:00:00,2,301.1396850599162,300.0476732100963
2017-08-26 02:15:00,2,301.09687362310257,300.0011063506653
2017-08-26 02:30:00,2,301.05537716703725,299.9562287725124
2017-08-26 02:45:00,2,301.0150101552902,299.91293845406733
2017-08-26 03:00:00,2,300.97551674419935,299.8709656005854
2017-08-26 03:15:00,2,300.9366833461552,299.830029648441
2017-08-26 03:30:00,2,300.8984071636109,299.7899846622138
2017-08-26 03:45:00,2,300.8608011045603,299.7508812298431
2017-08-26 04:00:00,2,300.824075624787,299.7128823000097
2017-08-26 04:15:00,2,300.7883884610639,299.676185105163
2017-08-26 04:30:00,2,300.7538429034359,299.6410731335668
2017-08-26 04:45:00,2,300.72058500836596,299.60771453893625
2017-08-26 05:00:00,2,300.68880209252876,299.57627100876994
2017-08-26 05:15:00,2,300.6586425640148,299.54697020983997
2017-08-26 05:30:00,2,300.6301248055481,299.5199126145032
2017-08-26 05:45:00,2,300.6032756125244,299.49509446363714
2017-08-26 06:00:00,2,300.5790208852741,299.47300103044336
2017-08-26 06:15:00,2,300.5591041130042,299.45488428526005
2017-08-26 06:30:00,2,300.54580461063654,299.4431600188574
2017-08-26 06:45:00,2,300.54198576075225,299.4411355389784
2017-08-26 07:00:00,2,300.550209346097,299.4516718970981
2017-08-26 07:15:00,2,300.5716842670054,299.47574273656306
2017-08-26 07:30:00,2,300.60699358142085,299.51296341743483
2017-08-26 07:45:00,2,300.65797068370614,299.5630014327212
2017-08-26 08:00:00,2,300.7269377702965,299.62536754759896
2017-08-26 08:15:00,2,300.81505463093004,299.6948858797397
2017-08-26 08:30:00,2,300.9221756591071,299.77123214588585
2017-08-26 08:45:00,2,301.04701771351324,299.86154237363945
2017-08-26 09:00:00,2,301.1871152731873,299.97487351023284
2017-08-26 09:15:00,2,301.33909579646144,300.11160225436777
2017-08-26 09:30:00,2,301.4997082060643,300.27427059844194
2017-08-26 09:45:00,2,301.6669903829533,300.44844738519066
2017-08-26 10:00:00,2,301.83973222728645,300.62473459360467
2017-08-26 10:15:00,2,302.0163981506147,300.800973487183
2017-08-26 10:30:00,2,302.19494133786793,300.9772743741103
2017-08-26 10:45:00,2,302.3720006816305,301.1519472546866
2017-08-26 11:00:00,2,302.54386449160256,301.3214029515624
2017-08-26 11:15:00,2,302.7076683256231,301.4821424800973
2017-08-26 11:30:00,2,302.8617394770983,301.6322050368756
2017-08-26 11:45:00,2,303.0055817924944,301.77120316802086
2017-08-26 12:00:00,2,303.1392545952516,301.8994881049472
2017-08-26 12:15:00,2,303.2627385081984,302.0173505894031
2017-08-26 12:30:00,2,303.3760870694569,302.1250672385752
2017-08-26 12:45:00,2,303.4799464518051,302.223364037438
2017-08-26 13:00:00,2,303.57512278017674,302.31327061091
2017-08-26 13:15:00,2,303.66202712816477,302.3955771791756
2017-08-26 13:30:00,2,303.74094075117284,302.470825046337
2017-08-26 13:45:00,2,303.8125889266029,302.53976633371036
2017-08-26 14:00:00,2,303.87772090535935,302.603260085243
2017-08-26 14:15:00,2,303.9365257087958,302.6617432627933
2017-08-26 14:30:00,2,303.9884515185445,302.7146498682034
2017-08-26 14:45:00,2,304.0317936210894,302.76013393282824
2017-08-26 15:00:00,2,304.0646759719228,302.79588431729155
2017-08-26 15:15:00,2,304.0858694574925,302.820127224372
2017-08-26 15:30:00,2,304.0947709719255,302.831817463821
2017-08-26 15:45:00,2,304.0913283209939,302.83071501397296
2017-08-26 16:00:00,2,304.07578669085893,302.8189390902195
2017-08-26 16:15:00,2,304.0482888440939,302.79758662954407
2017-08-26 16:30:00,2,304.00902095264973,302.76673992738796
2017-08-26 16:45:00,2,303.95844113199865,302.7264435636624
2017-08-26 17:00:00,2,303.8972361063322,302.67711428174533
2017-08-26 17:15:00,2,303.82610118171146,302.61944272410096
2017-08-26 17:30:00,2,303.746422128516,302.5544124214487
2017-08-26 17:45:00,2,303.6602223344577,302.4847246004211
2017-08-26 18:00:00,2,303.5691493243673,302.41210716395204
2017-08-26 18:15:00,2,303.4739097393463,302.3369316616037
2017-08-26 18:30:00,2,303.37492189304874,302.25899959577526
2017-08-26 18:45:00,2,303.2726007248893,302.17817619071866
2017-08-26 19:00:00,2,303.1674042233032,302.09475085530715
2017-08-26 19:15:00,2,303.06074487567605,302.0098461878065
2017-08-26 19:30:00,2,302.9544212463185,301.9258588923735
2017-08-26 19:45:00,2,302.8497079981569,301.8419740855799
2017-08-26 20:00:00,2,302.74728079621167,301.75149390157856
2017-08-26 20:15:00,2,302.6474165699231,301.65582465436023
2017-08-26 20:30:00,2,302.5502678383316,301.55883747400935
2017-08-26 20:45:00,2,302.45619960342134,301.4631297465041
2017-08-26 21:00:00,2,302.36564172541273,301.36968252243724
2017-08-26 21:15:00,2,302.27884089311556,301.27875773504456
2017-08-26 21:30:00,2,302.1958355367038,301.1904643379798
2017-08-26 21:45:00,2,302.11650017573004,301.104841586135
2017-08-26 22:00:00,2,302.0406160477587,301.02179090751775
2017-08-26 22:15:00,2,301.9679371808638,300.94106279528603
2017-08-26 22:30:00,2,301.89828722031467,300.8623690394383
2017-08-26 22:45:00,2,301.8317163622588,300.7853959651709
2017-08-26 23:00:00,2,301.76835652481014,300.7119080616973
2017-08-26 23:15:00,2,301.7082419013024,300.6446536281648
2017-08-26 23:30:00,2,301.65122759897287,300.5834422193223
2017-08-26 23:45:00,2,301.5968803632057,300.52655980522223
2017-08-27 00:00:00,2,301.5446661572201,300.4725004688605
2017-08-27 00:15:00,2,301.49415035323403,300.42048111829524
2017-08-27 00:30:00,2,301.4449876008415,300.3701331882993
2017-08-27 00:45:00,2,301.3968025821598,300.32108195168377
2017-08-27 01:00:00,2,301.3492142120748,300.2728278141788
2017-08-27 01:15:00,2,301.30191454218505,300.2248670921397
2017-08-27 01:30:00,2,301.25470821700844,300.17685531542963
2017-08-27 01:45:00,2,301.20757203787576,300.1287095145874
2017-08-27 02:00:00,2,301.1605825439897,300.0805527113942
2017-08-27 02:15:00,2,301.11381016726983,300.0325620707224
2017-08-27 02:30:00,2,301.0673638323182,299.98494477312084
2017-08-27 02:45:00,2,301.0215731509297,299.93806270277406
2017-08-27 03:00:00,2,300.9768472039102,299.89240709276163
2017-08-27 03:15:00,2,300.93347166559846,299.8484143924962
2017-08-27 03:30:00,2,300.8915799781551,299.8063449881903
2017-08-27 03:45:00,2,300.8511854103248,299.76618553580744
2017-08-27 04:00:00,2,300.81223466117024,299.72784522237777
2017-08-27 04:15:00,2,300.7746484115207,299.6912262229778
2017-08-27 04:30:00,2,300.7383537729344,299.65622303343497
2017-08-27 04:45:00,2,300.703345657525,299.622859406527
2017-08-27 05:00:00,2,300.6696801475239,299.5910611529902
2017-08-27 05:15:00,2,300.63741342359396,299.5607421044986
2017-08-27 05:30:00,2,300.6067053659264,299.531880029236
2017-08-27 05:45:00,2,300.57840053258434,299.50523289884103
2017-08-27 06:00:00,2,300.5544588323548,299.48267022241225
2017-08-27 06:15:00,2,300.5371297087012,299.4666392154648
2017-08-27 06:30:00,2,300.528050005597,299.4589751240662
2017-08-27 06:45:00,2,300.52773354029995,299.460074792693
2017-08-27 07:00:00,2,300.5360627330369,299.469434724715
2017-08-27 07:15:00,2,300.5531540110366,299.4865374161814
2017-08-27 07:30:00,2,300.5801686151664,299.511877876313
2017-08-27 07:45:00,2,300.62026316052174,299.54738840808136
2017-08-27 08:00:00,2,300.6768034022972,299.59495255353613
2017-08-27 08:15:00,2,300.75098044354996,299.65369889458333
2017-08-27 08:30:00,2,300.842326263232,299.7189187583395
2017-08-27 08:45:00,2,300.95015003206515,299.7945882546994
2017-08-27 09:00:00,2,301.0734999013317,299.88055609321333
2017-08-27 09:15:00,2,301.21049522056404,299.9861267088057
2017-08-27 09:30:00,2,301.35846567927894,300.11338446068964
2017-08-27 09:45:00,2,301.5141414108317,300.2603673846736
2017-08-27 10:00:00,2,301.67420170520984,300.4237610815308
2017-08-27 10:15:00,2,301.8356953901229,300.5902666359586
2017-08-27 10:30:00,2,301.9965763667151,300.75221934127774
2017-08-27 10:45:00,2,302.15651266329405,300.9089025623113
2017-08-27 11:00:00,2,302.3159435858859,301.0629261073217
2017-08-27 11:15:00,2,302.4748379572375,301.2162344698141
2017-08-27 11:30:00,2,302.6325352848302,301.368761587528
2017-08-27 11:45:00,2,302.78781186406695,301.5191061997616
2017-08-27 12:00:00,2,302.9392330592432,301.66561214428725
2017-08-27 12:15:00,2,303.0854065200061,301.8069211340483
2017-08-27 12:30:00,2,303.2252765525814,301.9421716555635
2017-08-27 12:45:00,2,303.35848671686557,302.07103440368815
2017-08-27 13:00:00,2,303.4850650093093,302.19347405822725
2017-08-27 13:15:00,2,303.6048962960211,302.309398736002
2017-08-27 13:30:00,2,303.7175650078041,302.41843441280224
2017-08-27 13:45:00,2,303.82214991318784,302.5199236979979
2017-08-27 14:00:00,2,303.91755306740885,302.6131172330709
2017-08-27 14:15:00,2,304.0027988975095,302.69734192919987
2017-08-27 14:30:00,2,304.0768683558434,302.77171428110586
2017-08-27 14:45:00,2,304.1380515708333,302.8346931540315
2017-08-27 15:00:00,2,304.1846591937702,302.8844763033796
2017-08-27 15:15:00,2,304.2156853222478,302.9197373626606
2017-08-27 15:30:00,2,304.23106300313185,302.94012900547244
2017-08-27 15:45:00,2,304.23180143917364,302.94619445676085
2017-08-27 16:00:00,2,304.21916127341694,302.93874394958453
2017-08-27 16:15:00,2,304.1938737440136,302.920320078388
2017-08-27 16:30:00,2,304.15630514749995,302.8921025502027
2017-08-27 16:45:00,2,304.1066444820544,302.8544222968641
2017-08-27 17:00:00,2,304.04501046556726,302.80691384956924
2017-08-27 17:15:00,2,303.9717980340916,302.74950328252817
2017-08-27 17:30:00,2,303.88848739813614,302.68306850763037
2017-08-27 17:45:00,2,303.797383221553,302.60974481981197
2017-08-27 18:00:00,2,303.7004984117389,302.5323248527772
2017-08-27 18:15:00,2,303.5989290368985,302.45203994764336
2017-08-27 18:30:00,2,303.4932724560179,302.3688962091566
2017-08-27 18:45:00,2,303.38413147754585,302.28271083994673
2017-08-27 19:00:00,2,303.27222612046535,302.1938077034771
2017-08-27 19:15:00,2,303.15917239233625,302.1033211517972
2017-08-27 19:30:00,2,303.0468927870333,302.0140591896159
2017-08-27 19:45:00,2,302.936740091212,301.92471334835847
2017-08-27 20:00:00,2,302.82944063945405,301.83102075183996
2017-08-27 20:15:00,2,302.72529603472884,301.7331643905755
2017-08-27 20:30:00,2,302.6243728116509,301.63397409039226
2017-08-27 20:45:00,2,302.52663757838394,301.53573284266304
2017-08-27 21:00:00,2,302.4319995738942,301.43922796978046
2017-08-27 21:15:00,2,302.34032112782415,301.3443570473099
2017-08-27 21:30:00,2,302.25150794606515,301.25091947866116
2017-08-27 21:45:00,2,302.16568244558124,301.1589959599064
2017-08-27 22:00:00,2,302.0830260868778,301.06885738568803
2017-08-27 22:15:00,2,302.0035973760559,300.98067991551835
2017-08-27 22:30:00,2,301.92735150507326,300.8944021635401
2017-08-27 22:45:00,2,301.8542158971112,300.8095084473288
2017-08-27 23:00:00,2,301.7840496334561,300.7282723507855
2017-08-27 23:15:00,2,301.71662569094485,300.6529436032168
2017-08-27 23:30:00,2,301.6516713187159,300.5827058662929
2017-08-27 23:45:00,2,301.5889382154825,300.51577408264154
2017-08-28 00:00:00,2,301.52825016862766,300.45113276550893
2017-08-28 00:15:00,2,301.4694764177618,300.38863443018573
2017-08-28 00:30:00,2,301.41255655412766,300.32846833855194
2017-08-28 00:45:00,2,301.35762381760736,300.27087274575183
2017-08-28 01:00:00,2,301.3048804323204,300.21605583487195
2017-08-28 01:15:00,2,301.2544347483417,300.1641384680433
2017-08-28 01:30:00,2,301.20620843434307,300.11502514845984
2017-08-28 01:45:00,2,301.1597934554596,300.0682653985071
2017-08-28 02:00:00,2,301.1146433150966,300.0231607474892
2017-08-28 02:15:00,2,301.0703113637109,299.97903418900006
2017-08-28 02:30:00,2,301.0265496411354,299.93550339714284
2017-08-28 02:45:00,2,300.9834086836889,299.8924554380797
2017-08-28 03:00:00,2,300.9410780159095,299.85012342366093
2017-08-28 03:15:00,2,300.89969773458506,299.80884707161965
2017-08-28 03:30:00,2,300.8592452553123,299.76868476850206
2017-08-28 03:45:00,2,300.8193707933107,299.72919093172334
2017-08-28 04:00:00,2,300.77958255290986,299.68964152577814
2017-08-28 04:15:00,2,300.7395012888123,299.6494337232236
2017-08-28 04:30:00,2,300.6991123135117,299.608454634285
2017-08-28 04:45:00,2,300.6592261794343,299.56757120076463
2017-08-28 05:00:00,2,300.621066661129,299.5283367290728
2017-08-28 05:15:00,2,300.585620092519,299.4923588680863
2017-08-28 05:30:00,2,300.5534500812255,299.46049432814385
2017-08-28 05:45:00,2,300.5249726847061,299.4331531294134
2017-08-28 06:00:00,2,300.50124018879353,299.41111717278704
2017-08-28 06:15:00,2,300.4835769397692,299.39563000114066
2017-08-28 06:30:00,2,300.4729638271676,299.3873722221747
2017-08-28 06:45:00,2,300.4700456388435,299.3866602124382
2017-08-28 07:00:00,2,300.4753302323226,299.3936843631399
2017-08-28 07:15:00,2,300.48976373068547,299.40895852187924
2017-08-28 07:30:00,2,300.51514522405256,299.43364914191994
2017-08-28 07:45:00,2,300.55396789577804,299.4693305025292
2017-08-28 08:00:00,2,300.6084692281009,299.51691775806773
2017-08-28 08:15:00,2,300.67885395140235,299.57525021878524
2017-08-28 08:30:00,2,300.764006731533,299.63749639983394
2017-08-28 08:45:00,2,300.8632429771095,299.70787114838083
2017-08-28 09:00:00,2,300.97615667652326,299.78783851696255
2017-08-28 09:15:00,2,301.10126617333185,299.87958426645486
2017-08-28 09:30:00,2,301.23644170505594,299.9874916347924
2017-08-28 09:45:00,2,301.3801335168454,300.1125462287706
2017-08-28 10:00:00,2,301.5312236752798,300.25596020222105
2017-08-28 10:15:00,2,301.68825204581697,300.41567417278316
2017-08-28 10:30:00,2,301.8489219532187,300.58067833318756
2017-08-28 10:45:00,2,302.0098069525112,300.74223800482434
2017-08-28 11:00:00,2,302.16735482418846,300.8967505982842
2017-08-28 11:15:00,2,302.3187870285545,301.04325794143455
2017-08-28 11:30:00,2,302.46259384503344,301.1815949450741
2017-08-28 11:45:00,2,302.5990541320802,301.3123571889332
2017-08-28 12:00:00,2,302.729129635331,301.4366931114971
2017-08-28 12:15:00,2,302.85326000683085,301.5555073995491
2017-08-28 12:30:00,2,302.9712549708999,301.66887710500475
2017-08-28 12:45:00,2,303.0824123054898,301.77609995001205
2017-08-28 13:00:00,2,303.18589917868707,301.8762055756377
2017-08-28 13:15:00,2,303.28097000603464,301.96841040375557
2017-08-28 13:30:00,2,303.36728526522654,302.0525029473423
2017-08-28 13:45:00,2,303.44534704230784,302.12906321504147
2017-08-28 14:00:00,2,303.5159248152257,302.19901397058015
2017-08-28 14:15:00,2,303.57940630764915,302.2630168356362
2017-08-28 14:30:00,2,303.6358885228553,302.32119863547115
2017-08-28 14:45:00,2,303.6849196339488,302.37308615350133
2017-08-28 15:00:00,2,303.72573667053916,302.4178347545711
2017-08-28 15:15:00,2,303.75751119616797,302.45452520956707
2017-08-28 15:30:00,2,303.77942248335563,302.48220309618074
2017-08-28 15:45:00,2,303.79042677179945,302.4996426146559
2017-08-28 16:00:00,2,303.78947898696447,302.50487319126347
2017-08-28 16:15:00,2,303.7757741820197,302.4987917764636
2017-08-28 16:30:00,2,303.74889625089804,302.4814889742494
2017-08-28 16:45:00,2,303.70875188561934,302.45232065210257
2017-08-28 17:00:00,2,303.6555237000725,302.41169528550876
2017-08-28 17:15:00,2,303.58961599810783,302.36037352849837
2017-08-28 17:30:00,2,303.5123353262692,302.2994503589901
2017-08-28 17:45:00,2,303.4257551351725,302.23001425145424
2017-08-28 18:00:00,2,303.33196871480766,302.1552178461957
2017-08-28 18:15:00,2,303.2325329918899,302.0768747886959
2017-08-28 18:30:00,2,303.12860241072565,301.9956135541672
2017-08-28 18:45:00,2,303.0211074701469,301.91183749407264
2017-08-28 19:00:00,2,302.9109458592227,301.82686871063447
2017-08-28 19:15:00,2,302.799844896832,301.7405449420463
2017-08-28 19:30:00,2,302.68974417799654,301.65241894166473
2017-08-28 19:45:00,2,302.58186008951174,301.5589020084775
2017-08-28 20:00:00,2,302.4767085600576,301.46065661298036
2017-08-28 20:15:00,2,302.374420768616,301.3606863318058
2017-08-28 20:30:00,2,302.2749597447814,301.26121593993145
2017-08-28 20:45:00,2,302.1782380522212,301.1629101706611
2017-08-28 21:00:00,2,302.0841331893337,301.06556803069856
2017-08-28 21:15:00,2,301.99248761317625,300.96883537953016
2017-08-28 21:30:00,2,301.9032186346569,300.8725363132729
2017-08-28 21:45:00,2,301.81650716458586,300.77666168859463
2017-08-28 22:00:00,2,301.73253781353014,300.68101168469
2017-08-28 22:15:00,2,301.6512877831928,300.5859350162478
2017-08-28 22:30:00,2,301.57270304280456,300.49639899580274
2017-08-28 22:45:00,2,301.49705078027733,300.4131919490066
2017-08-28 23:00:00,2,301.42480837449284,300.3351163823382
2017-08-28 23:15:00,2,301.35636425282127,300.26154650694434
2017-08-28 23:30:00,2,301.2918406586497,300.19262420480203
2017-08-28 23:45:00,2,301.23092178696174,300.1282911599011
2017-08-29 00:00:00,2,301.1730383762293,300.06786798293643
2017-08-29 00:15:00,2,301.1176572537868,300.0104090445298
2017-08-29 00:30:00,2,301.0643784929341,299.95518193021854
2017-08-29 00:45:00,2,301.0129416068382,299.90189462864765
2017-08-29 01:00:00,2,300.9632257554677,299.8506392025541
2017-08-29 01:15:00,2,300.91518116100224,299.80166347677834
2017-08-29 01:30:00,2,300.8687295646955,299.75510773383286
2017-08-29 01:45:00,2,300.82366845484125,299.71083395749145
2017-08-29 02:00:00,2,300.7797196430147,299.668393797198
2017-08-29 02:15:00,2,300.73662892972357,299.6272118471122
2017-08-29 02:30:00,2,300.6942275201667,299.58692916935496
2017-08-29 02:45:00,2,300.652475923433,299.54722537734324
2017-08-29 03:00:00,2,300.61136957180287,299.5079291458712
2017-08-29 03:15:00,2,300.5708754425082,299.4689341932589
2017-08-29 03:30:00,2,300.53119842495335,299.4305355761458
2017-08-29 03:45:00,2,300.4934396489871,299.3941334890786
2017-08-29 04:00:00,2,300.4589803298713,299.36188768946033
2017-08-29 04:15:00,2,300.42853405740044,299.3351174433595
2017-08-29 04:30:00,2,300.4019499127237,299.3135408914928
2017-08-29 04:45:00,2,300.37828078197026,299.2955963140208
2017-08-29 05:00:00,2,300.35635964477774,299.2789037801258
2017-08-29 05:15:00,2,300.3352729916255,299.26174580103583
2017-08-29 05:30:00,2,300.3144413213189,299.2432928193712
2017-08-29 05:45:00,2,300.29352103838437,299.2234069660308
2017-08-29 06:00:00,2,300.2726886519065,299.20268445888644
2017-08-29 06:15:00,2,300.25310250250106,299.1826058718461
2017-08-29 06:30:00,2,300.23654055276285,299.1653643789731
2017-08-29 06:45:00,2,300.22506735696066,299.15341567280495
2017-08-29 07:00:00,2,300.2206396104311,299.14895259965056
2017-08-29 07:15:00,2,300.22523086128155,299.1537896322451
2017-08-29 07:30:00,2,300.2413446478827,299.1698486814002
2017-08-29 07:45:00,2,300.27292020705767,299.1997492137632
2017-08-29 08:00:00,2,300.3237913350678,299.2457541375848
2017-08-29 08:15:00,2,300.39508188505926,299.3077345116998
2017-08-29 08:30:00,2,300.4858854405709,299.3820386228455
2017-08-29 08:45:00,2,300.595295377527,299.4610416908843
2017-08-29 09:00:00,2,300.7225897467938,299.5495415645719
2017-08-29 09:15:00,2,300.8665046314474,299.66168740532044
2017-08-29 09:30:00,2,301.0254632785684,299.8014174036223
2017-08-29 09:45:00,2,301.1984946569504,299.96698675663646
2017-08-29 10:00:00,2,301.38498804767687,300.16166916825966
2017-08-29 10:15:00,2,301.5838557707175,300.37141032593047
2017-08-29 10:30:00,2,301.792525619515,300.584759054412
2017-08-29 10:45:00,2,302.00479231966085,300.79600213266724
2017-08-29 11:00:00,2,302.2128127955196,301.0012928567173
2017-08-29 11:15:00,2,302.41058205279234,301.19669094044536
2017-08-29 11:30:00,2,302.5945677217719,301.3789610715259
2017-08-29 11:45:00,2,302.76408446744796,301.5469473200263
2017-08-29 12:00:00,2,302.9200632995788,301.7015140963471
2017-08-29 12:15:00,2,303.0629914656284,301.8436881376873
2017-08-29 12:30:00,2,303.1926852996162,301.97351332091665
2017-08-29 12:45:00,2,303.308654925121,302.09026544476296
2017-08-29 13:00:00,2,303.41069142876415,302.1933777252842
2017-08-29 13:15:00,2,303.4992153301252,302.28302426585003
2017-08-29 13:30:00,2,303.57486154529994,302.35978058681843
2017-08-29 13:45:00,2,303.63791113965857,302.42396744604895
2017-08-29 14:00:00,2,303.68830244384156,302.4754221954743
2017-08-29 14:15:00,2,303.72557108114387,302.51363463983535
2017-08-29 14:30:00,2,303.7494906203991,302.53839797087386
2017-08-29 14:45:00,2,303.76091756896767,302.5503940671286
2017-08-29 15:00:00,2,303.7613137666418,302.5512107854351
2017-08-29 15:15:00,2,303.75227691869924,302.5425421224866
2017-08-29 15:30:00,2,303.7351981652226,302.5272781200814
2017-08-29 15:45:00,2,303.7112876158854,302.5072569149258
2017-08-29 16:00:00,2,303.6812586571671,302.4829567279993
2017-08-29 16:15:00,2,303.64507067933215,302.4540479234754
2017-08-29 16:30:00,2,303.6024000388745,302.42004095199786
2017-08-29 16:45:00,2,303.553172307953,302.38070448317745
2017-08-29 17:00:00,2,303.4974055857198,302.33598367814244
2017-08-29 17:15:00,2,303.43495955122177,302.2858189730646
2017-08-29 17:30:00,2,303.36625652768316,302.2306144167906
2017-08-29 17:45:00,2,303.29236350930825,302.1716724317068
2017-08-29 18:00:00,2,303.21431888617997,302.10994214853787
2017-08-29 18:15:00,2,303.1327869840888,302.04570782870945
2017-08-29 18:30:00,2,303.0481546430036,301.97882801126553
2017-08-29 18:45:00,2,302.9606165762147,301.90903626944055
2017-08-29 19:00:00,2,302.87049902128666,301.83636592496396
2017-08-29 19:15:00,2,302.77922430175244,301.76161234773883
2017-08-29 19:30:00,2,302.68867735247176,301.68615284747057
2017-08-29 19:45:00,2,302.60015082701045,301.61144693992316
2017-08-29 20:00:00,2,302.5142743390664,301.5379339265513
2017-08-29 20:15:00,2,302.43128298223047,301.46374350821895
2017-08-29 20:30:00,2,302.3512035219748,301.38815265215516
2017-08-29 20:45:00,2,302.27396229328485,301.31209852381056
2017-08-29 21:00:00,2,302.1994507557092,301.23695909370673
2017-08-29 21:15:00,2,302.1275281502972,301.1635882461394
2017-08-29 21:30:00,2,302.05799999521156,301.092162138723
2017-08-29 21:45:00,2,301.9905878533373,301.0224145012251
2017-08-29 22:00:00,2,301.92498056691113,300.9539107869801
2017-08-29 22:15:00,2,301.86090364057867,300.8862253528073
2017-08-29 22:30:00,2,301.7981843138124,300.8190614188873
2017-08-29 22:45:00,2,301.73683714583626,300.7522881863312
2017-08-29 23:00:00,2,301.67692790521835,300.68585926143817
2017-08-29 23:15:00,2,301.6184537398669,300.6196659723795
2017-08-29 23:30:00,2,301.5614336438951,300.5533959088316
2017-08-29 23:45:00,2,301.506139282049,300.4892906135978
2017-08-30 00:00:00,2,301.4529339838521,300.4296458783982
2017-08-30 00:15:00,2,301.40204332069004,300.37456339697263
2017-08-30 00:30:00,2,301.3535000484117,300.3230961732592
2017-08-30 00:45:00,2,301.3071085994245,300.2743349161625
2017-08-30 01:00:00,2,301.2625527943863,300.2276685526435
2017-08-30 01:15:00,2,301.2195267363874,300.18266473781284
2017-08-30 01:30:00,2,301.17771380422886,300.1388879471251
2017-08-30 01:45:00,2,301.1366479268158,300.0957863857535
2017-08-30 02:00:00,2,301.09583983401757,300.0527618485214
2017-08-30 02:15:00,2,301.0549529237023,300.0093644417184
2017-08-30 02:30:00,2,301.01391444071623,299.9655100454739
2017-08-30 02:45:00,2,300.97303175606356,299.92158203492465
2017-08-30 03:00:00,2,300.93276386127604,299.87824600084497
2017-08-30 03:15:00,2,300.8934705439662,299.83612753827373
2017-08-30 03:30:00,2,300.85534646576184,299.79562019302807
2017-08-30 03:45:00,2,300.818442445314,299.75694435104054
2017-08-30 04:00:00,2,300.78277535376213,299.72022560432345
2017-08-30 04:15:00,2,300.7483547485623,299.685721863887
2017-08-30 04:30:00,2,300.7151191296326,299.6534424312289
2017-08-30 04:45:00,2,300.68282433192024,299.6229311147573
2017-08-30 05:00:00,2,300.651094927862,299.59336464888895
2017-08-30 05:15:00,2,300.6195895404393,299.56388343083023
2017-08-30 05:30:00,2,300.58817539522823,299.53391498542715
2017-08-30 05:45:00,2,300.557390655839,299.50397952586815
2017-08-30 06:00:00,2,300.5289651225359,299.47604818578264
2017-08-30 06:15:00,2,300.50529997304494,299.45299573233217
2017-08-30 06:30:00,2,300.4887115122395,299.4375995301722
2017-08-30 06:45:00,2,300.4813232076364,299.4321751365706
2017-08-30 07:00:00,2,300.4849567018014,299.43848273873823
2017-08-30 07:15:00,2,300.5005233812049,299.45675384252775
2017-08-30 07:30:00,2,300.52838284992845,299.4864532051034
2017-08-30 07:45:00,2,300.56883997863025,299.5265279951742
2017-08-30 08:00:00,2,300.62127750192593,299.57510132826116
2017-08-30 08:15:00,2,300.6834175798256,299.62898239486424
2017-08-30 08:30:00,2,300.7521707521856,299.6825317603187
2017-08-30 08:45:00,2,300.8258191634376,299.7368541879699
2017-08-30 09:00:00,2,300.9055123094745,299.7953961858336
2017-08-30 09:15:00,2,300.99725885334755,299.8681510289818
2017-08-30 09:30:00,2,301.108925734435,299.9638857896237
2017-08-30 09:45:00,2,301.24605232654426,300.0896427270985
2017-08-30 10:00:00,2,301.4098585595677,300.2530059834093
2017-08-30 10:15:00,2,301.5953911065685,300.4427658557404
2017-08-30 10:30:00,2,301.79426451923774,300.6430476566371
2017-08-30 10:45:00,2,301.99724709172915,300.84183832981324
2017-08-30 11:00:00,2,302.19609213010307,301.03314497305234
2017-08-30 11:15:00,2,302.3848914068425,301.2140369827245
2017-08-30 11:30:00,2,302.5606246000818,301.38273784591865
2017-08-30 11:45:00,2,302.7234565752066,301.53921282971453
2017-08-30 12:00:00,2,302.8748945802456,301.68476106436106
2017-08-30 12:15:00,2,303.015988720564,301.82064893665694
2017-08-30 12:30:00,2,303.1471523991128,301.9473797742861
2017-08-30 12:45:00,2,303.2684669696719,302.06490345351574
2017-08-30 13:00:00,2,303.379876128009,302.17303996349176
2017-08-30 13:15:00,2,303.48120983512985,302.2716514162411
2017-08-30 13:30:00,2,303.57225972891905,302.360608973163
2017-08-30 13:45:00,2,303.65274167271906,302.4396845237302
2017-08-30 14:00:00,2,303.722367604577,302.50856941463866
2017-08-30 14:15:00,2,303.7808017053307,302.5669433083466
2017-08-30 14:30:00,2,303.8277981141984,302.6145704042526
2017-08-30 14:45:00,2,303.8632962789793,302.6513474418846
2017-08-30 15:00:00,2,303.8873225279168,302.6772098861801
2017-08-30 15:15:00,2,303.8997498990519,302.6919548722513
2017-08-30 15:30:00,2,303.90069367082106,302.6954158505431
2017-08-30 15:45:00,2,303.8912226298557,302.68866249596135
2017-08-30 16:00:00,2,303.87261964803275,302.6743357436637
2017-08-30 16:15:00,2,303.84541471698395,302.6541281895023
2017-08-30 16:30:00,2,303.809579065538,302.6279495614664
2017-08-30 16:45:00,2,303.76487511299257,302.5949165187701
2017-08-30 17:00:00,2,303.7110907302431,302.5542516696213
2017-08-30 17:15:00,2,303.6480403825314,302.5055888109075
2017-08-30 17:30:00,2,303.57626483280364,302.4491473800239
2017-08-30 17:45:00,2,303.4973689938743,302.386615598621
2017-08-30 18:00:00,2,303.41309611401664,302.32006682544386
2017-08-30 18:15:00,2,303.32466347586114,302.2505703671541
2017-08-30 18:30:00,2,303.23288623640593,302.1783344761509
2017-08-30 18:45:00,2,303.13827466403416,302.1032403658882
2017-08-30 19:00:00,2,303.0413389275721,302.02539212366867
2017-08-30 19:15:00,2,302.9434733806581,301.945564019073
2017-08-30 19:30:00,2,302.84638648190924,301.865024186082
2017-08-30 19:45:00,2,302.75118999567957,301.78517187797866
2017-08-30 20:00:00,2,302.6584048978217,301.7063081263178
2017-08-30 20:15:00,2,302.568225062337,301.62615753654615
2017-08-30 20:30:00,2,302.480800806846,301.54369471142775
2017-08-30 20:45:00,2,302.3966031611074,301.4604716191852
2017-08-30 21:00:00,2,302.31619874126466,301.3787146497456
2017-08-30 21:15:00,2,302.23992618355084,301.29991915237446
2017-08-30 21:30:00,2,302.16774668183666,301.2245756549279
2017-08-30 21:45:00,2,302.09904280466725,301.1524044636308
2017-08-30 22:00:00,2,302.03295761727964,301.082723339272
2017-08-30 22:15:00,2,301.96876301239394,301.01476120040365
2017-08-30 22:30:00,2,301.90598832238305,300.9478590482215
2017-08-30 22:45:00,2,301.8445119707873,300.88157809264925
2017-08-30 23:00:00,2,301.78433519611576,300.81564411294136
2017-08-30 23:15:00,2,301.72540084931705,300.74979046405895
2017-08-30 23:30:00,2,301.6675837233201,300.68353798409015
2017-08-30 23:45:00,2,301.6106836140009,300.61780775551466
2017-08-31 00:00:00,2,301.5544333516854,300.55451832935734
2017-08-31 00:15:00,2,301.4985590767827,300.4932788091922
2017-08-31 00:30:00,2,301.443042634636,300.4328540463842
2017-08-31 00:45:00,2,301.3886029208109,300.37310343932074
2017-08-31 01:00:00,2,301.336344801006,300.31528458471905
2017-08-31 01:15:00,2,301.287174075345,300.26108166434
2017-08-31 01:30:00,2,301.24150967309015,300.2115532060969
2017-08-31 01:45:00,2,301.199049957513,300.16668667968986
2017-08-31 02:00:00,2,301.15912669437313,300.12571312742983
2017-08-31 02:15:00,2,301.1211263773338,300.08769454978864
2017-08-31 02:30:00,2,301.0845759172447,300.0518624887562
2017-08-31 02:45:00,2,301.0490843678043,300.017635798098
2017-08-31 03:00:00,2,301.0143315483409,299.98469262285056
2017-08-31 03:15:00,2,300.98008050852036,299.952537978172
2017-08-31 03:30:00,2,300.9461508854189,299.92074245996434
2017-08-31 03:45:00,2,300.91237004119495,299.8890364003795
2017-08-31 04:00:00,2,300.8785895333709,299.85725291856056
2017-08-31 04:15:00,2,300.84470724470094,299.82527893689075
2017-08-31 04:30:00,2,300.8106443621781,299.7929111738142
2017-08-31 04:45:00,2,300.776275582149,299.7600277512786
2017-08-31 05:00:00,2,300.741425976864,299.7265243798159
2017-08-31 05:15:00,2,300.7059356374897,299.6922278549116
2017-08-31 05:30:00,2,300.6698554910519,299.65715517157753
2017-08-31 05:45:00,2,300.6339815119214,299.62202442873195
2017-08-31 06:00:00,2,300.60002266089197,299.5886682367231
2017-08-31 06:15:00,2,300.57034426174215,299.55956053313537
2017-08-31 06:30:00,2,300.54730260321793,299.53720879615696
2017-08-31 06:45:00,2,300.53290603051136,299.52369252602574
2017-08-31 07:00:00,2,300.5286429613811,299.52041730275437
2017-08-31 07:15:00,2,300.5355647165208,299.5281113541666
2017-08-31 07:30:00,2,300.5546231164786,299.54667944204664
2017-08-31 07:45:00,2,300.5869379623101,299.5762184812948
2017-08-31 08:00:00,2,300.6333853422707,299.6167802406411
2017-08-31 08:15:00,2,300.6940742774525,299.66760343553347
2017-08-31 08:30:00,2,300.7689104125954,299.72608948938307
2017-08-31 08:45:00,2,300.85803442200074,299.7883956236185
2017-08-31 09:00:00,2,300.96081483289237,299.8573639121885
2017-08-31 09:15:00,2,301.0749742290182,299.94225688519197
2017-08-31 09:30:00,2,301.19782456175295,300.0447555368243
2017-08-31 09:45:00,2,301.3280943150572,300.1628373185466
2017-08-31 10:00:00,2,301.4654646884686,300.2997185764415
2017-08-31 10:15:00,2,301.6093275330754,300.4473464502354
2017-08-31 10:30:00,2,301.7584749570778,300.5983577340002
2017-08-31 10:45:00,2,301.91060779186444,300.74921794272996
2017-08-31 11:00:00,2,302.06296288370305,300.89832868103264
2017-08-31 11:15:00,2,302.2129723808751,301.04413945606234
2017-08-31 11:30:00,2,302.35854504785675,301.1848678334097
2017-08-31 11:45:00,2,302.498083201515,301.3189185846492
2017-08-31 12:00:00,2,302.6304020090256,301.44515104583354
2017-08-31 12:15:00,2,302.75451932213304,301.56279510232577
2017-08-31 12:30:00,2,302.86960490906813,301.6712467800607
2017-08-31 12:45:00,2,302.97492714410095,301.7699467534374
2017-08-31 13:00:00,2,303.0699155165506,301.858429547375
2017-08-31 13:15:00,2,303.15414368653137,301.9364180360224
2017-08-31 13:30:00,2,303.2276368207602,302.00415168600426
2017-08-31 13:45:00,2,303.29138129680666,302.06273415624287
2017-08-31 14:00:00,2,303.3466041984503,302.1136477367814
2017-08-31 14:15:00,2,303.3939299585313,302.1579120263661
2017-08-31 14:30:00,2,303.43347895788463,302.1958107889386
2017-08-31 14:45:00,2,303.46514394185886,302.2271395865746
2017-08-31 15:00:00,2,303.48867210116424,302.2514716574045
2017-08-31 15:15:00,2,303.50356253200687,302.2682212041276
2017-08-31 15:30:00,2,303.5092839893426,302.276664325491
2017-08-31 15:45:00,2,303.5054831663059,302.2761564853285
2017-08-31 16:00:00,2,303.4919331271365,302.267383680376
2017-08-31 16:15:00,2,303.46827663109605,302.2504161575744
2017-08-31 16:30:00,2,303.43421452205354,302.22509127107253
2017-08-31 16:45:00,2,303.38969319472415,302.19127741169854
2017-08-31 17:00:00,2,303.3348654667602,302.1489688370045
2017-08-31 17:15:00,2,303.26990505045814,302.09832472978974
2017-08-31 17:30:00,2,303.19563796949467,302.0399316632957
2017-08-31 17:45:00,2,303.11385325915546,301.9752522240202
2017-08-31 18:00:00,2,303.0263991151994,301.9065520295262
2017-08-31 18:15:00,2,302.93455206503916,301.83521224329644
2017-08-31 18:30:00,2,302.8390872325403,301.76171401067376
2017-08-31 18:45:00,2,302.74019740790214,301.68639335167137
2017-08-31 19:00:00,2,302.63797729586065,301.6094448943877
2017-08-31 19:15:00,2,302.53353289718007,301.52879583913534
2017-08-31 19:30:00,2,302.42858029784014,301.44218950565295
2017-08-31 19:45:00,2,302.3248325579039,301.34831113966897
2017-08-31 20:00:00,2,302.2235985358225,301.2502963245543
2017-08-31 20:15:00,2,302.1256164014734,301.1520227537347
2017-08-31 20:30:00,2,302.0311834923982,301.05562100404774
2017-08-31 20:45:00,2,301.94030730157164,300.96149730533756
2017-08-31 21:00:00,2,301.8528377684073,300.8693126456485
2017-08-31 21:15:00,2,301.7685630442627,300.7786534042751
2017-08-31 21:30:00,2,301.68728916042795,300.68920741100817
2017-08-31 21:45:00,2,301.6089487438109,300.60064855375924
2017-08-31 22:00:00,2,301.53354393405806,300.5142943206164
2017-08-31 22:15:00,2,301.4610391218436,300.43407063641683
2017-08-31 22:30:00,2,301.3913570514425,300.3601980953028
2017-08-31 22:45:00,2,301.32444329915995,300.2910213385935
2017-08-31 23:00:00,2,301.26024661062894,300.22530558313673
2017-08-31 23:15:00,2,301.1986694671878,300.16270423695266
2017-08-31 23:30:00,2,301.1395982966111,300.1032230287208
2017-08-31 23:45:00,2,301.08297815314097,300.04678480716467
2017-09-01 00:00:00,2,301.0287406361548,299.99314052368294
2017-08-01 00:15:00,3,300.91126704015846,298.69965439178833
2017-08-01 00:30:00,3,300.85179162331514,298.64005701375606
2017-08-01 00:45:00,3,300.79473702761896,298.58342285837386
2017-08-01 01:00:00,3,300.7387090021937,298.528165746061
2017-08-01 01:15:00,3,300.6826654082215,298.4730566308358
2017-08-01 01:30:00,3,300.626047191532,298.4173412498266
2017-08-01 01:45:00,3,300.5688135517776,298.36078205477276
2017-08-01 02:00:00,3,300.51118022517926,298.30349245755485
2017-08-01 02:15:00,3,300.4533608160879,298.2456891300662
2017-08-01 02:30:00,3,300.3956475301323,298.1877474425551
2017-08-01 02:45:00,3,300.33876406943284,298.13050721345894
2017-08-01 03:00:00,3,300.28364110538735,298.0751855344479
2017-08-01 03:15:00,3,300.23099484353304,298.0229085546711
2017-08-01 03:30:00,3,300.1811359736247,297.97421050993665
2017-08-01 03:45:00,3,300.13380563310835,297.9287632873051
2017-08-01 04:00:00,3,300.08841825926777,297.88561883086993
2017-08-01 04:15:00,3,300.04444160960855,297.8437707089663
2017-08-01 04:30:00,3,300.0015678869624,297.8026180063544
2017-08-01 04:45:00,3,299.95971102999897,297.76208617288484
2017-08-01 05:00:00,3,299.91888625998274,297.7224138916172
2017-08-01 05:15:00,3,299.8791279414894,297.683885932989
2017-08-01 05:30:00,3,299.84103572588384,297.64734585747243
2017-08-01 05:45:00,3,299.8087145187119,297.6167286458619
2017-08-01 06:00:00,3,299.79057555097876,297.59846910404633
2017-08-01 06:15:00,3,299.79028502915753,297.59647312138986
2017-08-01 06:30:00,3,299.8058767171884,297.6101167239046
2017-08-01 06:45:00,3,299.83505159898414,297.63693452488593
2017-08-01 07:00:00,3,299.87622072992986,297.6749013535738
2017-08-01 07:15:00,3,299.9271215052895,297.7221974789508
2017-08-01 07:30:00,3,299.9852764017739,297.77632471777275
2017-08-01 07:45:00,3,300.0489802218785,297.834699796604
2017-08-01 08:00:00,3,300.1171429534451,297.8950347842544
2017-08-01 08:15:00,3,300.1895272976297,297.953603580704
2017-08-01 08:30:00,3,300.26707137484834,298.00988496221436
2017-08-01 08:45:00,3,300.3514118326308,298.0715221824603
2017-08-01 09:00:00,3,300.44387753749834,298.14387272056024
2017-08-01 09:15:00,3,300.54492996672303,298.22822370653233
2017-08-01 09:30:00,3,300.6538404632677,298.32374506948025
2017-08-01 09:45:00,3,300.7689727843272,298.42987378665515
2017-08-01 10:00:00,3,300.88851287901736,298.5490711552686
2017-08-01 10:15:00,3,301.0107918251933,298.6757385689395
2017-08-01 10:30:00,3,301.13448043140914,298.80380901261367
2017-08-01 10:45:00,3,301.258858824534,298.9308386409647
2017-08-01 11:00:00,3,301.383585871676,299.056748685682
2017-08-01 11:15:00,3,301.5082536793883,299.182037558603
2017-08-01 11:30:00,3,301.6322498484872,299.3067335653655
2017-08-01 11:45:00,3,301.7546676579209,299.43020338286317
2017-08-01 12:00:00,3,301.8744917944879,299.5514588114322
2017-08-01 12:15:00,3,301.9908634930193,299.669595846393
2017-08-01 12:30:00,3,302.1039239856579,299.78456424066445
2017-08-01 12:45:00,3,302.21607566063307,299.8979748457967
2017-08-01 13:00:00,3,302.33024235312774,300.0126357127176
2017-08-01 13:15:00,3,302.44801169133575,300.13111465017
2017-08-01 13:30:00,3,302.5692376964793,300.25429796807055
2017-08-01 13:45:00,3,302.69154859616395,300.3805696543362
2017-08-01 14:00:00,3,302.8115775238438,300.50654380611013
2017-08-01 14:15:00,3,302.9264102388782,300.6286691055447
2017-08-01 14:30:00,3,303.0340117682997,300.7443190189502
2017-08-01 14:45:00,3,303.1331604188304,300.8520116863593
2017-08-01 15:00:00,3,303.2231671788013,300.95123694678074
2017-08-01 15:15:00,3,303.30348729102656,301.0420456785329
2017-08-01 15:30:00,3,303.3737124107977,301.12409782712496
2017-08-01 15:45:00,3,303.43372634253177,301.19692746275416
2017-08-01 16:00:00,3,303.48353484863156,301.26016763705366
2017-08-01 16:15:00,3,303.52277021893764,301.3129936660257
2017-08-01 16:30:00,3,303.5510258979149,301.3542152574016
2017-08-01 16:45:00,3,303.5686348502528,301.38374015835427
2017-08-01 17:00:00,3,303.57700076030454,301.403113343025
2017-08-01 17:15:00,3,303.5773136109531,301.414052496173
2017-08-01 17:30:00,3,303.5699506736775,301.4174921790153
2017-08-01 17:45:00,3,303.5548179387472,301.4135726098344
2017-08-01 18:00:00,3,303.5310136775126,301.401332137926
2017-08-01 18:15:00,3,303.4955733194576,301.37818789634287
2017-08-01 18:30:00,3,303.4449970980916,301.34074835718656
2017-08-01 18:45:00,3,303.3765899393605,301.2860079798117
2017-08-01 19:00:00,3,303.2857778541055,301.2088630932958
2017-08-01 19:15:00,3,303.16435912553555,301.1033809152954
2017-08-01 19:30:00,3,303.01593185037166,300.9713488103108
2017-08-01 19:45:00,3,302.85373965736443,300.8229295061539
2017-08-01 20:00:00,3,302.68937039849186,300.6715439774526
2017-08-01 20:15:00,3,302.5296418992077,300.5245693372766
2017-08-01 20:30:00,3,302.3776932596209,300.3857721255756
2017-08-01 20:45:00,3,302.2344549502324,300.2572028929074
2017-08-01 21:00:00,3,302.09971792639504,300.13531633192383
2017-08-01 21:15:00,3,301.97280171932044,300.0183689105569
2017-08-01 21:30:00,3,301.8530003669217,299.9056558484351
2017-08-01 21:45:00,3,301.7399867496758,299.79591598220094
2017-08-01 22:00:00,3,301.63361599838424,299.68919571630613
2017-08-01 22:15:00,3,301.53361626094176,299.5861922779851
2017-08-01 22:30:00,3,301.4395666401946,299.48736385832535
2017-08-01 22:45:00,3,301.3509789921893,299.39264501021665
2017-08-01 23:00:00,3,301.2673460373016,299.3015797711299
2017-08-01 23:15:00,3,301.1881675128605,299.2134496664202
2017-08-01 23:30:00,3,301.11305897992946,299.1276644173471
2017-08-01 23:45:00,3,301.0419581139616,299.04925891782415
2017-08-02 00:00:00,3,300.97492080540263,298.97900539305954
2017-08-02 00:15:00,3,300.9118764048827,298.9150731224714
2017-08-02 00:30:00,3,300.85259445407206,298.85565028872844
2017-08-02 00:45:00,3,300.7966970112625,298.7998049764291
2017-08-02 01:00:00,3,300.74375652345964,298.74714323318716
2017-08-02 01:15:00,3,300.6933812779827,298.69735459148325
2017-08-02 01:30:00,3,300.64507934747803,298.6499124350481
2017-08-02 01:45:00,3,300.59790041213887,298.6039129386671
2017-08-02 02:00:00,3,300.5507743855084,298.55826895110806
2017-08-02 02:15:00,3,300.50294562320494,298.5120774474735
2017-08-02 02:30:00,3,300.4541971650342,298.4650197199652
2017-08-02 02:45:00,3,300.4052058335594,298.4176292734499
2017-08-02 03:00:00,3,300.35702650399793,298.3709899713924
2017-08-02 03:15:00,3,300.3104477829484,298.32611346672167
2017-08-02 03:30:00,3,300.2657876520769,298.28345012449313
2017-08-02 03:45:00,3,300.22274469073324,298.2426601048541
2017-08-02 04:00:00,3,300.180678720688,298.2028342612025
2017-08-02 04:15:00,3,300.1390234989159,298.16300151313146
2017-08-02 04:30:00,3,300.0974416936587,298.12253260271257
2017-08-02 04:45:00,3,300.0557129021402,298.08125847956086
2017-08-02 05:00:00,3,300.01367366556434,298.03931889770206
2017-08-02 05:15:00,3,299.9712520008088,297.9969575198454
2017-08-02 05:30:00,3,299.92917278437847,297.9551800884021
2017-08-02 05:45:00,3,299.89225776172935,297.9185982458059
2017-08-02 06:00:00,3,299.8701777211575,297.89494240857107
2017-08-02 06:15:00,3,299.8681679545028,297.8896783561074
2017-08-02 06:30:00,3,299.88559500749847,297.90331538019007
2017-08-02 06:45:00,3,299.92052454395935,297.9337894490804
2017-08-02 07:00:00,3,299.9710891524129,297.978882821116
2017-08-02 07:15:00,3,300.0346212878229,298.0362447314162
2017-08-02 07:30:00,3,300.1082760921974,298.1024806064761
2017-08-02 07:45:00,3,300.1903533215044,298.1756549927395
2017-08-02 08:00:00,3,300.280400818565,298.2518093158278
2017-08-02 08:15:00,3,300.378641237778,298.3255314771184
2017-08-02 08:30:00,3,300.4856279878073,298.4048027991103
2017-08-02 08:45:00,3,300.6009379169866,298.4957246424047
2017-08-02 09:00:00,3,300.7227450619572,298.59924271610384
2017-08-02 09:15:00,3,300.84863443450297,298.7142717792274
2017-08-02 09:30:00,3,300.9767825006089,298.8428100342922
2017-08-02 09:45:00,3,301.10662233887587,298.9782345117988
2017-08-02 10:00:00,3,301.2382825538547,299.11493344845945
2017-08-02 10:15:00,3,301.3716719349,299.2510925575482
2017-08-02 10:30:00,3,301.50632727960243,299.38707541945
2017-08-02 10:45:00,3,301.6416854599485,299.5234102120576
2017-08-02 11:00:00,3,301.7772339131756,299.659993486584
2017-08-02 11:15:00,3,301.9123999444798,299.79619620085344
2017-08-02 11:30:00,3,302.04638500736456,299.9311245749985
2017-08-02 11:45:00,3,302.1778105229414,300.0636067543036
2017-08-02 12:00:00,3,302.30508113112757,300.1922991561854
2017-08-02 12:15:00,3,302.4269388681964,300.31602516912733
2017-08-02 12:30:00,3,302.542707713259,300.4340476037788
2017-08-02 12:45:00,3,302.6519103614093,300.54584228594985
2017-08-02 13:00:00,3,302.7537895182719,300.6507874001195
2017-08-02 13:15:00,3,302.8474398504878,300.74818275156804
2017-08-02 13:30:00,3,302.93246484155054,300.8377323950853
2017-08-02 13:45:00,3,303.00991484196913,300.92016674478947
2017-08-02 14:00:00,3,303.0814445472992,300.99693635339565
2017-08-02 14:15:00,3,303.1480236721755,301.06896499890627
2017-08-02 14:30:00,3,303.2100072317048,301.13619574224714
2017-08-02 14:45:00,3,303.2678631817689,301.19866508025575
2017-08-02 15:00:00,3,303.32202931007834,301.2571595747321
2017-08-02 15:15:00,3,303.37224205729893,301.31228017401327
2017-08-02 15:30:00,3,303.4177958753168,301.36421559037
2017-08-02 15:45:00,3,303.45802979329557,301.4129862876588
2017-08-02 16:00:00,3,303.4923040521861,301.45799882813674
2017-08-02 16:15:00,3,303.51965433957076,301.49785878598107
2017-08-02 16:30:00,3,303.5390393457182,301.5309805031759
2017-08-02 16:45:00,3,303.5500238675881,301.55620625594145
2017-08-02 17:00:00,3,303.55324966778414,301.57310766432664
2017-08-02 17:15:00,3,303.5491543232908,301.5814016671102
2017-08-02 17:30:00,3,303.5371926871181,301.5802057740399
2017-08-02 17:45:00,3,303.51573492373876,301.56824663426966
2017-08-02 18:00:00,3,303.48243210397106,301.54383304288956
2017-08-02 18:15:00,3,303.4338594110732,301.50463009276064
2017-08-02 18:30:00,3,303.3675513327895,301.4486743794996
2017-08-02 18:45:00,3,303.2827260022995,301.37506145890825
2017-08-02 19:00:00,3,303.17714855776615,301.28160082430253
2017-08-02 19:15:00,3,303.0460641157584,301.1654687726136
2017-08-02 19:30:00,3,302.8934977205877,301.0296661687902
2017-08-02 19:45:00,3,302.7306332159874,300.8838906222607
2017-08-02 20:00:00,3,302.5671432648426,300.73659085539566
2017-08-02 20:15:00,3,302.408625025127,300.5941791030554
2017-08-02 20:30:00,3,302.2577241901951,300.4572674426631
2017-08-02 20:45:00,3,302.11581404489,300.32625527954593
2017-08-02 21:00:00,3,301.983558154453,300.2020633355958
2017-08-02 21:15:00,3,301.8609462458846,300.0834625277456
2017-08-02 21:30:00,3,301.74744954091085,299.9702503102038
2017-08-02 21:45:00,3,301.6421454117186,299.8626812931219
2017-08-02 22:00:00,3,301.5439626820131,299.7605961766775
2017-08-02 22:15:00,3,301.4519120552693,299.6632908459138
2017-08-02 22:30:00,3,301.36525124528833,299.56991764871555
2017-08-02 22:45:00,3,301.2836917104113,299.47978527161314
2017-08-02 23:00:00,3,301.20714794573513,299.39307410934595
2017-08-02 23:15:00,3,301.13543998765124,299.31448812716667
2017-08-02 23:30:00,3,301.0681661227067,299.24440359720285
2017-08-02 23:45:00,3,301.00454993045594,299.18039037596026
2017-08-03 00:00:00,3,300.9437116056309,299.11999421288465
2017-08-03 00:15:00,3,300.8849587403822,299.0618590076038
2017-08-03 00:30:00,3,300.82782465739734,299.0054918272187
2017-08-03 00:45:00,3,300.7720371082924,298.9507216746206
2017-08-03 01:00:00,3,300.7174319845724,298.89740018870964
2017-08-03 01:15:00,3,300.6638792437654,298.8453528004232
2017-08-03 01:30:00,3,300.61128511837705,298.79441358023496
2017-08-03 01:45:00,3,300.559610418601,298.7443928916938
2017-08-03 02:00:00,3,300.5087524886021,298.69497040514705
2017-08-03 02:15:00,3,300.4585200238548,298.6456908383787
2017-08-03 02:30:00,3,300.40884912194616,298.5962996784287
2017-08-03 02:45:00,3,300.36016497353467,298.5472237059122
2017-08-03 03:00:00,3,300.3131887933876,298.4995274099687
2017-08-03 03:15:00,3,300.2685295987959,298.45437127461435
2017-08-03 03:30:00,3,300.226446486835,298.4123867094972
2017-08-03 03:45:00,3,300.186625392388,298.3733114153708
2017-08-03 04:00:00,3,300.1484263698643,298.336221347646
2017-08-03 04:15:00,3,300.11128767151394,298.30013196658626
2017-08-03 04:30:00,3,300.0749014897521,298.26446961995237
2017-08-03 04:45:00,3,300.03921192879415,298.2291765382748
2017-08-03 05:00:00,3,300.0042744858884,298.1946013374044
2017-08-03 05:15:00,3,299.9701554582455,298.16100150321506
2017-08-03 05:30:00,3,299.9374642614778,298.129077441976
2017-08-03 05:45:00,3,299.9099858245331,298.10224765489113
2017-08-03 06:00:00,3,299.8953145259854,298.0865165938017
2017-08-03 06:15:00,3,299.89755299326856,298.0862380545585
2017-08-03 06:30:00,3,299.9163825245477,298.1021103012477
2017-08-03 06:45:00,3,299.95113284937713,298.13307576895346
2017-08-03 07:00:00,3,300.00077708968473,298.1778007860665
2017-08-03 07:15:00,3,300.06260410048475,298.2338297842625
2017-08-03 07:30:00,3,300.1333072246924,298.2976572186151
2017-08-03 07:45:00,3,300.21060916426063,298.36603514860224
2017-08-03 08:00:00,3,300.2935355548586,298.4357885495372
2017-08-03 08:15:00,3,300.38235566307065,298.5012126368819
2017-08-03 08:30:00,3,300.4780825504861,298.56986216391
2017-08-03 08:45:00,3,300.5802990658672,298.64772070951983
2017-08-03 09:00:00,3,300.6865174870762,298.7353069099827
2017-08-03 09:15:00,3,300.79365970950386,298.8302630880024
2017-08-03 09:30:00,3,300.899900994303,298.93172248404795
2017-08-03 09:45:00,3,301.0065943630491,299.0418343810334
2017-08-03 10:00:00,3,301.11683662253137,299.15688542082967
2017-08-03 10:15:00,3,301.2330302525467,299.2745638052212
2017-08-03 10:30:00,3,301.3560912683897,299.39583124001535
2017-08-03 10:45:00,3,301.4849172992282,299.52160546466706
2017-08-03 11:00:00,3,301.61694391179185,299.6510925375907
2017-08-03 11:15:00,3,301.74945298712515,299.78210923925025
2017-08-03 11:30:00,3,301.8799531310279,299.91201741054283
2017-08-03 11:45:00,3,302.00546826598986,300.0380245080615
2017-08-03 12:00:00,3,302.12316455735055,300.157445623925
2017-08-03 12:15:00,3,302.23125930419826,300.26824593079255
2017-08-03 12:30:00,3,302.33009446158087,300.3701989814729
2017-08-03 12:45:00,3,302.42375771415686,300.4659900206031
2017-08-03 13:00:00,3,302.5173051125606,300.56028231582377
2017-08-03 13:15:00,3,302.6138236446106,300.657427865414
2017-08-03 13:30:00,3,302.7142452905712,300.75971181956606
2017-08-03 13:45:00,3,302.8179279115796,300.86708119321816
2017-08-03 14:00:00,3,302.923613433458,300.97803920252824
2017-08-03 14:15:00,3,303.0299367643096,301.0906822279813
2017-08-03 14:30:00,3,303.13544110250757,301.2031852117703
2017-08-03 14:45:00,3,303.23815685867226,301.3136641695789
2017-08-03 15:00:00,3,303.3357715074334,301.42002001193225
2017-08-03 15:15:00,3,303.4261313197417,301.5201582809901
2017-08-03 15:30:00,3,303.50749123743014,301.6121797763605
2017-08-03 15:45:00,3,303.5782752965051,301.6941788597131
2017-08-03 16:00:00,3,303.6371511165065,301.7647361335779
2017-08-03 16:15:00,3,303.68294924892484,301.82260931515543
2017-08-03 16:30:00,3,303.71506974931816,301.866745063502
2017-08-03 16:45:00,3,303.734001450716,301.8971541459246
2017-08-03 17:00:00,3,303.74130229335253,301.91518106597135
2017-08-03 17:15:00,3,303.7380607819985,301.9223755007364
2017-08-03 17:30:00,3,303.7243943206593,301.9193475521787
2017-08-03 17:45:00,3,303.6997542400571,301.90571963358303
2017-08-03 18:00:00,3,303.66282690413317,301.8802151066948
2017-08-03 18:15:00,3,303.6113848735197,301.8408380905403
2017-08-03 18:30:00,3,303.54340473873015,301.78575178564216
2017-08-03 18:45:00,3,303.45739328829785,301.7134613991416
2017-08-03 19:00:00,3,303.3506793322263,301.6212422532475
2017-08-03 19:15:00,3,303.22065331551806,301.506896638386
2017-08-03 19:30:00,3,303.07261888897415,301.3745710100149
2017-08-03 19:45:00,3,302.9165926535323,301.2330632555016
2017-08-03 20:00:00,3,302.76042734879627,301.09070722552957
2017-08-03 20:15:00,3,302.60838827507877,300.9539217107811
2017-08-03 20:30:00,3,302.46243186495565,300.8237886081097
2017-08-03 20:45:00,3,302.32377505200316,300.7003052488266
2017-08-03 21:00:00,3,302.1931711320877,300.58114906348095
2017-08-03 21:15:00,3,302.0707547804963,300.4665970448516
2017-08-03 21:30:00,3,301.95627611117595,300.35541963768594
2017-08-03 21:45:00,3,301.84952532264543,300.2480909564375
2017-08-03 22:00:00,3,301.75031501026217,300.14576318648744
2017-08-03 22:15:00,3,301.6582841143549,300.0491975195393
2017-08-03 22:30:00,3,301.5728265743158,299.95839033974784
2017-08-03 22:45:00,3,301.493015625518,299.8726350227886
2017-08-03 23:00:00,3,301.41781715960616,299.790819606612
2017-08-03 23:15:00,3,301.3463463275531,299.71172844814794
2017-08-03 23:30:00,3,301.27799293639185,299.63400809731405
2017-08-03 23:45:00,3,301.21252739601545,299.560619599401
2017-08-04 00:00:00,3,301.14985212978814,299.4931388365475
2017-08-04 00:15:00,3,301.08977215824603,299.43055094240776
2017-08-04 00:30:00,3,301.03201883750563,299.3710997969687
2017-08-04 00:45:00,3,300.9763922491648,299.31364316892547
2017-08-04 01:00:00,3,300.92277279229774,299.2577909674061
2017-08-04 01:15:00,3,300.87107505833075,299.20350221428316
2017-08-04 01:30:00,3,300.8212898549531,299.15086471549233
2017-08-04 01:45:00,3,300.7735219172486,299.1000981538664
2017-08-04 02:00:00,3,300.7278864176987,299.0515057894358
2017-08-04 02:15:00,3,300.6844207735517,299.0053376709405
2017-08-04 02:30:00,3,300.6430732359212,298.9616793216233
2017-08-04 02:45:00,3,300.60371325670644,298.92044941114233
2017-08-04 03:00:00,3,300.5661678947529,298.8814660162743
2017-08-04 03:15:00,3,300.53025959767916,298.8445174264345
2017-08-04 03:30:00,3,300.49582381357135,298.8094028773548
2017-08-04 03:45:00,3,300.4627191837738,298.77605021163413
2017-08-04 04:00:00,3,300.4308300812626,298.74429747194563
2017-08-04 04:15:00,3,300.40006073681445,298.7139419225717
2017-08-04 04:30:00,3,300.3703714599324,298.684892048759
2017-08-04 04:45:00,3,300.34190382650075,298.65728824120174
2017-08-04 05:00:00,3,300.3149248289811,298.63147646409175
2017-08-04 05:15:00,3,300.28966332765384,298.6078420919816
2017-08-04 05:30:00,3,300.26629132588835,298.5866472483233
2017-08-04 05:45:00,3,300.24496675144985,298.56785640117346
2017-08-04 06:00:00,3,300.2258903897243,298.551395308528
2017-08-04 06:15:00,3,300.21041028439356,298.5380081715515
2017-08-04 06:30:00,3,300.2008480843771,298.52953183776896
2017-08-04 06:45:00,3,300.1994143434495,298.5282585582333
2017-08-04 07:00:00,3,300.2082015456447,298.5367159249546
2017-08-04 07:15:00,3,300.2305850678158,298.5581519594679
2017-08-04 07:30:00,3,300.2700099782171,298.5957974232354
2017-08-04 07:45:00,3,300.3288132176794,298.6515628576434
2017-08-04 08:00:00,3,300.4074416444269,298.72355266743347
2017-08-04 08:15:00,3,300.50398555929587,298.80447082574034
2017-08-04 08:30:00,3,300.615755640862,298.8867571402223
2017-08-04 08:45:00,3,300.7400438491373,298.9810574655971
2017-08-04 09:00:00,3,300.87406289301106,299.0933635478004
2017-08-04 09:15:00,3,301.0141885900268,299.2238215589643
2017-08-04 09:30:00,3,301.1562299906152,299.3718272938165
2017-08-04 09:45:00,3,301.29665910395204,299.524361827114
2017-08-04 10:00:00,3,301.4332011761929,299.6714098595054
2017-08-04 10:15:00,3,301.5646534390176,299.80977585994816
2017-08-04 10:30:00,3,301.69052317483846,299.94031341204675
2017-08-04 10:45:00,3,301.81066821295684,300.06454559712284
2017-08-04 11:00:00,3,301.9248142473679,300.1829955645744
2017-08-04 11:15:00,3,302.03215342110695,300.2952202472767
2017-08-04 11:30:00,3,302.1322796785838,300.40061473959463
2017-08-04 11:45:00,3,302.2248806420745,300.4987055848512
2017-08-04 12:00:00,3,302.30976554895466,300.5892089055909
2017-08-04 12:15:00,3,302.3874792992305,300.6723456534211
2017-08-04 12:30:00,3,302.45888235558795,300.7486267772813
2017-08-04 12:45:00,3,302.5241781202799,300.81841138787564
2017-08-04 13:00:00,3,302.58431904237233,300.88234565424045
2017-08-04 13:15:00,3,302.64186103351045,300.94211423306564
2017-08-04 13:30:00,3,302.700517884324,301.00087514065194
2017-08-04 13:45:00,3,302.76474170667274,301.063006828932
2017-08-04 14:00:00,3,302.83750324598026,301.13233240783177
2017-08-04 14:15:00,3,302.91785011939453,301.2098418885409
2017-08-04 14:30:00,3,303.00210154607305,301.2931457717824
2017-08-04 14:45:00,3,303.0858381433109,301.37786123409
2017-08-04 15:00:00,3,303.16528205394803,301.4596084944116
2017-08-04 15:15:00,3,303.2376694958584,301.5352294612408
2017-08-04 15:30:00,3,303.30129359887076,301.6027668000645
2017-08-04 15:45:00,3,303.3557423692185,301.6616607959149
2017-08-04 16:00:00,3,303.4011596013866,301.7121342837352
2017-08-04 16:15:00,3,303.43725069338865,301.7542348649206
2017-08-04 16:30:00,3,303.46345916998473,301.78747636867433
2017-08-04 16:45:00,3,303.47962610287476,301.8115805434886
2017-08-04 17:00:00,3,303.4864640135472,301.8268339793279
2017-08-04 17:15:00,3,303.48445401541187,301.83340602573014
2017-08-04 17:30:00,3,303.4732843312282,301.8309756873178
2017-08-04 17:45:00,3,303.45223535445535,301.81903579166953
2017-08-04 18:00:00,3,303.42071382960137,301.797005242739
2017-08-04 18:15:00,3,303.3770711327841,301.7636881118682
2017-08-04 18:30:00,3,303.3192131220658,301.7173390994632
2017-08-04 18:45:00,3,303.2451456518113,301.6558026338076
2017-08-04 19:00:00,3,303.15163358895376,301.57582872511995
2017-08-04 19:15:00,3,303.03593652122214,301.47536136686483
2017-08-04 19:30:00,3,302.9032016942323,301.35775206052983
2017-08-04 19:45:00,3,302.76298150854643,301.2312431355788
2017-08-04 20:00:00,3,302.62263757962194,301.1041783225708
2017-08-04 20:15:00,3,302.48611134718084,300.97996304087735
2017-08-04 20:30:00,3,302.35514352912844,300.86091394084013
2017-08-04 20:45:00,3,302.2307188215423,300.7474908433477
2017-08-04 21:00:00,3,302.11344024126294,300.63857607183434
2017-08-04 21:15:00,3,302.0034301354645,300.53441560818703
2017-08-04 21:30:00,3,301.90039107107094,300.43386124404844
2017-08-04 21:45:00,3,301.8036949296582,300.3366193673424
2017-08-04 22:00:00,3,301.7125919880425,300.24286254685194
2017-08-04 22:15:00,3,301.62637393725277,300.1526182943694
2017-08-04 22:30:00,3,301.54457566781275,300.0657264866315
2017-08-04 22:45:00,3,301.46733652680945,299.9821744569703
2017-08-04 23:00:00,3,301.3950152736516,299.90212593868876
2017-08-04 23:15:00,3,301.3277305566513,299.82539787311947
2017-08-04 23:30:00,3,301.26522324379624,299.7551788904837
2017-08-04 23:45:00,3,301.2067172879422,299.69263221821893
2017-08-05 00:00:00,3,301.1512574562947,299.6360235169819
2017-08-05 00:15:00,3,301.09807482091736,299.58299220303525
2017-08-05 00:30:00,3,301.0467096880585,299.53211281119786
2017-08-05 00:45:00,3,300.9970969603331,299.48302324296395
2017-08-05 01:00:00,3,300.9493166337332,299.43583556056586
2017-08-05 01:15:00,3,300.9033613498436,299.39061868111787
2017-08-05 01:30:00,3,300.85908036880494,299.3471828734512
2017-08-05 01:45:00,3,300.81612286131264,299.3050619196192
2017-08-05 02:00:00,3,300.7740423058463,299.26361701469983
2017-08-05 02:15:00,3,300.73245709700984,299.2222042030904
2017-08-05 02:30:00,3,300.69117126429217,299.1804608939453
2017-08-05 02:45:00,3,300.6502988446237,299.13863823092646
2017-08-05 03:00:00,3,300.61018840101553,299.0975405273448
2017-08-05 03:15:00,3,300.57118606111754,299.0580716648138
2017-08-05 03:30:00,3,300.53349786864436,299.020796272063
2017-08-05 03:45:00,3,300.4971652799002,298.98585275763486
2017-08-05 04:00:00,3,300.46207853254225,298.9528163379977
2017-08-05 04:15:00,3,300.4280538873113,298.9210172359319
2017-08-05 04:30:00,3,300.3948822761643,298.8898867757356
2017-08-05 04:45:00,3,300.3623011673274,298.85900127561683
2017-08-05 05:00:00,3,300.33004544157416,298.82802297297826
2017-08-05 05:15:00,3,300.2979534250463,298.7967506536335
2017-08-05 05:30:00,3,300.2665983131998,298.7657966999373
2017-08-05 05:45:00,3,300.2397461762094,298.7385573951992
2017-08-05 06:00:00,3,300.2247459026535,298.7211112353272
2017-08-05 06:15:00,3,300.226057889956,298.718309698119
2017-08-05 06:30:00,3,300.24393324358573,298.73143238423404
2017-08-05 06:45:00,3,300.2776444582713,298.759647308205
2017-08-05 07:00:00,3,300.32654797656704,298.80156442002425
2017-08-05 07:15:00,3,300.3886621175617,298.85469517707423
2017-08-05 07:30:00,3,300.4611682235221,298.91900213902994
2017-08-05 07:45:00,3,300.5416460406412,298.99087239646224
2017-08-05 08:00:00,3,300.62829191104004,299.0615681237101
2017-08-05 08:15:00,3,300.7201386722657,299.1317849660255
2017-08-05 08:30:00,3,300.8173316162547,299.20767761733566
2017-08-05 08:45:00,3,300.9206986158421,299.29344020554913
2017-08-05 09:00:00,3,301.03045686212204,299.3904478372113
2017-08-05 09:15:00,3,301.14581974102623,299.5036311131255
2017-08-05 09:30:00,3,301.2655827175526,299.6271769983861
2017-08-05 09:45:00,3,301.3886351594554,299.75450416944983
2017-08-05 10:00:00,3,301.5140792801159,299.882253663346
2017-08-05 10:15:00,3,301.6410625632166,300.00970629121485
2017-08-05 10:30:00,3,301.76842707417217,300.13678486523884
2017-08-05 10:45:00,3,301.8947204478757,300.2628532546304
2017-08-05 11:00:00,3,302.0185981106539,300.3867295753536
2017-08-05 11:15:00,3,302.1389609221659,300.50717869225167
2017-08-05 11:30:00,3,302.25495952942083,300.6232392458274
2017-08-05 11:45:00,3,302.3659533054455,300.7342907453735
2017-08-05 12:00:00,3,302.47144680256457,300.83997806808185
2017-08-05 12:15:00,3,302.5710937884275,300.9401410183632
2017-08-05 12:30:00,3,302.6652355216468,301.0351218244838
2017-08-05 12:45:00,3,302.7556269192549,301.12616575920606
2017-08-05 13:00:00,3,302.84421780420126,301.2150748867561
2017-08-05 13:15:00,3,302.93196253669504,301.30336837042495
2017-08-05 13:30:00,3,303.0189791583693,301.3917895759254
2017-08-05 13:45:00,3,303.105084693342,301.480420544746
2017-08-05 14:00:00,3,303.189882898139,301.56890241875556
2017-08-05 14:15:00,3,303.272650956271,301.6562850033324
2017-08-05 14:30:00,3,303.35221668852853,301.74107655620344
2017-08-05 14:45:00,3,303.42653973206205,301.82160281665017
2017-08-05 15:00:00,3,303.49341807750443,301.8960348914179
2017-08-05 15:15:00,3,303.5511587894847,301.9625869617815
2017-08-05 15:30:00,3,303.5991368485748,302.0202697914624
2017-08-05 15:45:00,3,303.63841643029485,302.0690723656582
2017-08-05 16:00:00,3,303.6705504941097,302.1095863254241
2017-08-05 16:15:00,3,303.696171378948,302.14252108914224
2017-08-05 16:30:00,3,303.71500561380935,302.1684749348913
2017-08-05 16:45:00,3,303.72633096739617,302.187610254301
2017-08-05 17:00:00,3,303.7300069527153,302.2000987992028
2017-08-05 17:15:00,3,303.72608794207014,302.2062151731102
2017-08-05 17:30:00,3,303.71434587347244,302.20568674474015
2017-08-05 17:45:00,3,303.69440801288454,302.1976679390176
2017-08-05 18:00:00,3,303.6653598871121,302.1806823744641
2017-08-05 18:15:00,3,303.62459215589104,302.1522641994997
2017-08-05 18:30:00,3,303.56903296532755,302.10943501544546
2017-08-05 18:45:00,3,303.4960169170454,302.0493503773452
2017-08-05 19:00:00,3,303.4016413415763,301.96783529021224
2017-08-05 19:15:00,3,303.2804632662354,301.8611006776437
2017-08-05 19:30:00,3,303.13686340634285,301.7321103347474
2017-08-05 19:45:00,3,302.98283369818597,301.5910218795687
2017-08-05 20:00:00,3,302.82868579696975,301.44768560034163
2017-08-05 20:15:00,3,302.68034758181307,301.3091645895995
2017-08-05 20:30:00,3,302.54038964070077,301.1799317192331
2017-08-05 20:45:00,3,302.40937033927344,301.0586608725076
2017-08-05 21:00:00,3,302.28689304319215,300.943830352352
2017-08-05 21:15:00,3,302.1722231060493,300.8352890619802
2017-08-05 21:30:00,3,302.06457944000874,300.7307174182774
2017-08-05 21:45:00,3,301.9632905506798,300.6292761322111
2017-08-05 22:00:00,3,301.86770949843856,300.5310150029697
2017-08-05 22:15:00,3,301.7771607126545,300.43593991208866
2017-08-05 22:30:00,3,301.6911291137304,300.34382885777126
2017-08-05 22:45:00,3,301.60966654449015,300.25459932835577
2017-08-05 23:00:00,3,301.53310214017404,300.16840899344953
2017-08-05 23:15:00,3,301.4615868955982,300.0850196193375
2017-08-05 23:30:00,3,301.39492607808916,300.0087706135671
2017-08-05 23:45:00,3,301.33244636294506,299.9408455321941
2017-08-06 00:00:00,3,301.2732904903073,299.8792401003088
2017-08-06 00:15:00,3,301.2167433896988,299.82149427656566
2017-08-06 00:30:00,3,301.1623604991884,299.7662380941281
2017-08-06 00:45:00,3,301.1100828638048,299.713202945581
2017-08-06 01:00:00,3,301.0600133790117,299.66256509500283
2017-08-06 01:15:00,3,301.0121763669535,299.6144188595563
2017-08-06 01:30:00,3,300.9663629545712,299.56850307941295
2017-08-06 01:45:00,3,300.9218719253816,299.5240412000933
2017-08-06 02:00:00,3,300.877808643958,299.47991800931294
2017-08-06 02:15:00,3,300.8334968455282,299.4351324373515
2017-08-06 02:30:00,3,300.7887109861707,299.389300372352
2017-08-06 02:45:00,3,300.7439611283394,299.34297738505137
2017-08-06 03:00:00,3,300.70013836595115,299.2973959221935
2017-08-06 03:15:00,3,300.65799026013457,299.2538217190755
2017-08-06 03:30:00,3,300.61777950560656,299.21285503908825
2017-08-06 03:45:00,3,300.57886272087336,299.1739635083484
2017-08-06 04:00:00,3,300.5401429766537,299.13579597361854
2017-08-06 04:15:00,3,300.5007436905326,299.09699351948376
2017-08-06 04:30:00,3,300.4603337930946,299.0569155324232
2017-08-06 04:45:00,3,300.41935890733544,299.0159072707178
2017-08-06 05:00:00,3,300.378618912647,298.9749121376827
2017-08-06 05:15:00,3,300.3387855634341,298.9348763593441
2017-08-06 05:30:00,3,300.300966938002,298.897143804543
2017-08-06 05:45:00,3,300.2696832026403,298.8658909424531
2017-08-06 06:00:00,3,300.253299991565,298.84776393406366
2017-08-06 06:15:00,3,300.2562567578039,298.84749573781625
2017-08-06 06:30:00,3,300.27806145620383,298.86555568600403
2017-08-06 06:45:00,3,300.3171721306242,298.90004992121817
2017-08-06 07:00:00,3,300.37215628506914,298.9489996739435
2017-08-06 07:15:00,3,300.44088107504507,299.0100399135961
2017-08-06 07:30:00,3,300.52077170509955,299.0811695787698
2017-08-06 07:45:00,3,300.6092148052214,299.15998383514216
2017-08-06 08:00:00,3,300.70405573050886,299.2395364972827
2017-08-06 08:15:00,3,300.8044341662494,299.31733982099263
2017-08-06 08:30:00,3,300.9103984731169,299.4001256499437
2017-08-06 08:45:00,3,301.02233451025614,299.4928483876229
2017-08-06 09:00:00,3,301.14049165191153,299.5972038021458
2017-08-06 09:15:00,3,301.2645170547642,299.71918764576037
2017-08-06 09:30:00,3,301.3936770540646,299.8525869086548
2017-08-06 09:45:00,3,301.52724136104405,299.99060107142213
2017-08-06 10:00:00,3,301.66411232188847,300.12964572418605
2017-08-06 10:15:00,3,301.80278833433584,300.2686472333258
2017-08-06 10:30:00,3,301.9419350815424,300.40734222330997
2017-08-06 10:45:00,3,302.08095334865146,300.54555225158003
2017-08-06 11:00:00,3,302.2197398193748,300.68311888421306
2017-08-06 11:15:00,3,302.35810668637384,300.81983535538706
2017-08-06 11:30:00,3,302.4954915909439,300.9552690021261
2017-08-06 11:45:00,3,302.6306427720713,301.08854124957764
2017-08-06 12:00:00,3,302.7619998661292,301.2184476880622
2017-08-06 12:15:00,3,302.88827543974156,301.3438676897308
2017-08-06 12:30:00,3,303.00886827657723,301.4642172565506
2017-08-06 12:45:00,3,303.1237906597687,301.5794383498604
2017-08-06 13:00:00,3,303.23288951686834,301.68955961919426
2017-08-06 13:15:00,3,303.33558303895757,301.794368520552
2017-08-06 13:30:00,3,303.4312959992382,301.8934902337619
2017-08-06 13:45:00,3,303.5200139078697,301.9867556949701
2017-08-06 14:00:00,3,303.60203379807416,302.0742492005354
2017-08-06 14:15:00,3,303.6774306063435,302.155998642177
2017-08-06 14:30:00,3,303.74600993084465,302.2317403865935
2017-08-06 14:45:00,3,303.8074641910412,302.3009492774038
2017-08-06 15:00:00,3,303.86148231883044,302.3629873497673
2017-08-06 15:15:00,3,303.9076035348186,302.4173533227323
2017-08-06 15:30:00,3,303.9456796120152,302.46398101791226
2017-08-06 15:45:00,3,303.9768140292161,302.5038027546542
2017-08-06 16:00:00,3,304.00243646166723,302.5382909528826
2017-08-06 16:15:00,3,304.0229730073958,302.5682980539342
2017-08-06 16:30:00,3,304.038034432812,302.5936478946874
2017-08-06 16:45:00,3,304.0471370285092,302.61379495991184
2017-08-06 17:00:00,3,304.0505073629918,302.6280712858006
2017-08-06 17:15:00,3,304.04836431989196,302.6361422902109
2017-08-06 17:30:00,3,304.0404421552354,302.6377539297679
2017-08-06 17:45:00,3,304.0261469085717,302.6326028885042
2017-08-06 18:00:00,3,304.00418550646236,302.6196678584575
2017-08-06 18:15:00,3,303.97135393773937,302.59641039023575
2017-08-06 18:30:00,3,303.92389156637256,302.55932197873904
2017-08-06 18:45:00,3,303.858415327931,302.50480957639684
2017-08-06 19:00:00,3,303.7701932825385,302.42776553429604
2017-08-06 19:15:00,3,303.6531838023144,302.32368083753363
2017-08-06 19:30:00,3,303.51226350422894,302.19560906115106
2017-08-06 19:45:00,3,303.36021312109136,302.0539117610733
2017-08-06 20:00:00,3,303.20776917750226,301.91094008031723
2017-08-06 20:15:00,3,303.0610529561961,301.77399538112303
2017-08-06 20:30:00,3,302.922659252301,301.6454965780021
2017-08-06 20:45:00,3,302.79289128325826,301.5254828545901
2017-08-06 21:00:00,3,302.67097768356655,301.4132714551865
2017-08-06 21:15:00,3,302.55591272136076,301.30681835820354
2017-08-06 21:30:00,3,302.4467523757006,301.2041890209586
2017-08-06 21:45:00,3,302.34267639281705,301.10403399013524
2017-08-06 22:00:00,3,302.2429741317371,301.0049205730318
2017-08-06 22:15:00,3,302.14702660214317,300.90641352468697
2017-08-06 22:30:00,3,302.0544214098501,300.8086873270596
2017-08-06 22:45:00,3,301.9652449364896,300.7121876451172
2017-08-06 23:00:00,3,301.8798081118074,300.617423573665
2017-08-06 23:15:00,3,301.79826422057357,300.5247153970262
2017-08-06 23:30:00,3,301.7205914468387,300.43387541611713
2017-08-06 23:45:00,3,301.646739787152,300.34710994100493
2017-08-07 00:00:00,3,301.5766005561381,300.2675964603808
2017-08-07 00:15:00,3,301.50997174238177,300.19491450267986
2017-08-07 00:30:00,3,301.44663298956993,300.127092888969
2017-08-07 00:45:00,3,301.38648788483914,300.0629581952538
2017-08-07 01:00:00,3,301.32959225631697,300.0025911703251
2017-08-07 01:15:00,3,301.2759951189322,299.9465440242999
2017-08-07 01:30:00,3,301.22564714980916,299.8950878629204
2017-08-07 01:45:00,3,301.17844921978855,299.84801964770895
2017-08-07 02:00:00,3,301.1342363763648,299.80483727661715
2017-08-07 02:15:00,3,301.09277240093206,299.76497585519854
2017-08-07 02:30:00,3,301.0536777995708,299.72782764550107
2017-08-07 02:45:00,3,301.0161977178376,299.6925921649286
2017-08-07 03:00:00,3,300.9794649973319,299.658342781561
2017-08-07 03:15:00,3,300.9428376327721,299.62426961814094
2017-08-07 03:30:00,3,300.9059625096707,299.58983816757444
2017-08-07 03:45:00,3,300.86873089682297,299.5547340217775
2017-08-07 04:00:00,3,300.8310925466065,299.51869855104377
2017-08-07 04:15:00,3,300.79299039715744,299.4814960210361
2017-08-07 04:30:00,3,300.75453318784,299.44314084540895
2017-08-07 04:45:00,3,300.71617119361645,299.4041279318143
2017-08-07 05:00:00,3,300.6784662235449,299.3652876789522
2017-08-07 05:15:00,3,300.64185416583274,299.3274315791576
2017-08-07 05:30:00,3,300.6072280207064,299.29186465902757
2017-08-07 05:45:00,3,300.57872696430104,299.26231123054947
2017-08-07 06:00:00,3,300.5643084374615,299.24500230898093
2017-08-07 06:15:00,3,300.56859784703886,299.24475500612226
2017-08-07 06:30:00,3,300.59158719247586,299.26240805582665
2017-08-07 06:45:00,3,300.6316668532399,299.2961981448926
2017-08-07 07:00:00,3,300.6868463145823,299.3436550110819
2017-08-07 07:15:00,3,300.75439716546606,299.4022698960758
2017-08-07 07:30:00,3,300.83149830764535,299.4715743706878
2017-08-07 07:45:00,3,300.9161985377917,299.54805703151885
2017-08-07 08:00:00,3,301.0074701602695,299.623747137836
2017-08-07 08:15:00,3,301.10540067471936,299.69895805137884
2017-08-07 08:30:00,3,301.21105186348063,299.7810052271426
2017-08-07 08:45:00,3,301.32455457436095,299.87449346588664
2017-08-07 09:00:00,3,301.44446720280575,299.9808669131469
2017-08-07 09:15:00,3,301.56849285694403,300.10328510392856
2017-08-07 09:30:00,3,301.69455299427807,300.2340260614477
2017-08-07 09:45:00,3,301.8220143561069,300.3661211022493
2017-08-07 10:00:00,3,301.95133671898964,300.49729558261737
2017-08-07 10:15:00,3,302.0825443064308,300.62820291266803
2017-08-07 10:30:00,3,302.21503866075517,300.7597578866734
2017-08-07 10:45:00,3,302.3480460100442,300.89199207456136
2017-08-07 11:00:00,3,302.4807649601629,301.0242362199499
2017-08-07 11:15:00,3,302.6123312295168,301.1555969052764
2017-08-07 11:30:00,3,302.7415799304873,301.2849191552429
2017-08-07 11:45:00,3,302.8664289881268,301.410386283645
2017-08-07 12:00:00,3,302.9846367915983,301.5297805237165
2017-08-07 12:15:00,3,303.09468850113467,301.6412968366829
2017-08-07 12:30:00,3,303.19643631199665,301.74446645600784
2017-08-07 12:45:00,3,303.2916961292674,301.84056606146595
2017-08-07 13:00:00,3,303.3826004500397,301.9317647274461
2017-08-07 13:15:00,3,303.4702102334615,302.01972798142276
2017-08-07 13:30:00,3,303.5548970314888,302.10534234736963
2017-08-07 13:45:00,3,303.63737797501625,302.1895374654172
2017-08-07 14:00:00,3,303.71842484696015,302.27332005718074
2017-08-07 14:15:00,3,303.79816308794165,302.3571280892219
2017-08-07 14:30:00,3,303.8761670500245,302.44055331655596
2017-08-07 14:45:00,3,303.9518348283936,302.5226699570871
2017-08-07 15:00:00,3,304.0245358523587,302.6024310451851
2017-08-07 15:15:00,3,304.0934398650524,302.678648534526
2017-08-07 15:30:00,3,304.1573290124109,302.7499044885502
2017-08-07 15:45:00,3,304.2141264157583,302.81461221523773
2017-08-07 16:00:00,3,304.2616097888742,302.8711075660471
2017-08-07 16:15:00,3,304.2979533897037,302.9175604247253
2017-08-07 16:30:00,3,304.3222230622578,302.95259144913103
2017-08-07 16:45:00,3,304.33507433570117,302.9763570721614
2017-08-07 17:00:00,3,304.33841512846453,302.99029354706073
2017-08-07 17:15:00,3,304.3337381465978,302.9958319326013
2017-08-07 17:30:00,3,304.3216269358866,302.99367873301236
2017-08-07 17:45:00,3,304.3022350602144,302.98401464811343
2017-08-07 18:00:00,3,304.2748726380671,302.9661448984092
2017-08-07 18:15:00,3,304.23667398200837,302.9377644726377
2017-08-07 18:30:00,3,304.18394335958885,302.8954497766092
2017-08-07 18:45:00,3,304.1131467478351,302.8355569075674
2017-08-07 19:00:00,3,304.01958331269606,302.75306977619624
2017-08-07 19:15:00,3,303.89760806219414,302.6438265250442
2017-08-07 19:30:00,3,303.75214777463765,302.5109917194966
2017-08-07 19:45:00,3,303.5955022430782,302.3651376946041
2017-08-07 20:00:00,3,303.4378760621702,302.21815806684776
2017-08-07 20:15:00,3,303.2850703660528,302.07566280506825
2017-08-07 20:30:00,3,303.139660683129,301.9408284934231
2017-08-07 20:45:00,3,303.0023969352991,301.81518324232496
2017-08-07 21:00:00,3,302.87311023116274,301.6958728633897
2017-08-07 21:15:00,3,302.7512232194574,301.58129796748847
2017-08-07 21:30:00,3,302.6361272470803,301.47078319209385
2017-08-07 21:45:00,3,302.5275652711295,301.36324614216073
2017-08-07 22:00:00,3,302.42543523091024,301.2588180998947
2017-08-07 22:15:00,3,302.3294922604647,301.15818902077683
2017-08-07 22:30:00,3,302.2393307537378,301.06176834452566
2017-08-07 22:45:00,3,302.15446148581043,300.9694553182852
2017-08-07 23:00:00,3,302.07437408329537,300.8807958686446
2017-08-07 23:15:00,3,301.9985721546557,300.79511416675064
2017-08-07 23:30:00,3,301.92662627073054,300.7109834833046
2017-08-07 23:45:00,3,301.8582683754585,300.6338440220829
2017-08-08 00:00:00,3,301.7933163701119,300.5644403269009
2017-08-08 00:15:00,3,301.7315547075034,300.5007714017758
2017-08-08 00:30:00,3,301.67265232792465,300.4408647917522
2017-08-08 00:45:00,3,301.61602162998,300.3835689281899
2017-08-08 01:00:00,3,301.5609539129765,300.3281664919355
2017-08-08 01:15:00,3,301.5068400589228,300.2740090106894
2017-08-08 01:30:00,3,301.45337248849006,300.22059686980356
2017-08-08 01:45:00,3,301.4008482657543,300.1678381044269
2017-08-08 02:00:00,3,301.3497712005304,300.1159494924059
2017-08-08 02:15:00,3,301.3004253915859,300.0651398953691
2017-08-08 02:30:00,3,301.2528718554116,300.01551741028356
2017-08-08 02:45:00,3,301.20704715223593,299.9672660237536
2017-08-08 03:00:00,3,301.1629297076557,299.92080159387297
2017-08-08 03:15:00,3,301.1205466907066,299.8766567982809
2017-08-08 03:30:00,3,301.07984296388724,299.83509935626574
2017-08-08 03:45:00,3,301.0405048149598,299.79574888091867
2017-08-08 04:00:00,3,301.0020260610217,299.7576644684734
2017-08-08 04:15:00,3,300.9639545374828,299.71986997709826
2017-08-08 04:30:00,3,300.9261072666225,299.6818687582947
2017-08-08 04:45:00,3,300.8886624152398,299.6438087473562
2017-08-08 05:00:00,3,300.85195296947603,299.60623205161295
2017-08-08 05:15:00,3,300.81627118677153,299.569732328718
2017-08-08 05:30:00,3,300.7824094403471,299.53551066346665
2017-08-08 05:45:00,3,300.75432005849984,299.5071722286602
2017-08-08 06:00:00,3,300.7395180682452,299.4905051752964
2017-08-08 06:15:00,3,300.74189291777344,299.4895681676588
2017-08-08 06:30:00,3,300.76073925905285,299.50468461946076
2017-08-08 06:45:00,3,300.79462424185033,299.534257140212
2017-08-08 07:00:00,3,300.84254522022803,299.57677119802
2017-08-08 07:15:00,3,300.9029372892735,299.63087291125476
2017-08-08 07:30:00,3,300.97380296995067,299.69396257000733
2017-08-08 07:45:00,3,301.0534686702975,299.76336428350737
2017-08-08 08:00:00,3,301.14108257467154,299.8354843363528
2017-08-08 08:15:00,3,301.236505093124,299.9063192741083
2017-08-08 08:30:00,3,301.3400614076165,299.98304901952343
2017-08-08 08:45:00,3,301.45166566162163,300.0711098070049
2017-08-08 09:00:00,3,301.5703151641559,300.1716461720015
2017-08-08 09:15:00,3,301.69436040008424,300.2844476117838
2017-08-08 09:30:00,3,301.8223298449085,300.4116010664041
2017-08-08 09:45:00,3,301.9533183540751,300.5460406122435
2017-08-08 10:00:00,3,302.08678668992803,300.6818048376423
2017-08-08 10:15:00,3,302.2221078897737,300.816772384178
2017-08-08 10:30:00,3,302.35833839848533,300.9509595068833
2017-08-08 10:45:00,3,302.49393301210694,301.08431469161866
2017-08-08 11:00:00,3,302.6270919848818,301.2159283852974
2017-08-08 11:15:00,3,302.7562570384197,301.3444009532511
2017-08-08 11:30:00,3,302.8802605968058,301.4683882365154
2017-08-08 11:45:00,3,302.99821959102013,301.58686416212964
2017-08-08 12:00:00,3,303.10951758097525,301.69913031336307
2017-08-08 12:15:00,3,303.2138055798495,301.804768999248
2017-08-08 12:30:00,3,303.3113918878637,301.9038911143846
2017-08-08 12:45:00,3,303.40371757822163,301.99737119975043
2017-08-08 13:00:00,3,303.4923255589649,302.08650877156657
2017-08-08 13:15:00,3,303.57793307306343,302.17239871933424
2017-08-08 13:30:00,3,303.66088969238467,302.2560183330544
2017-08-08 13:45:00,3,303.74231486116594,302.33884868409694
2017-08-08 14:00:00,3,303.82350399778187,302.42249214291576
2017-08-08 14:15:00,3,303.90493479736364,302.5077419280591
2017-08-08 14:30:00,3,303.9859066405874,302.5939170567456
2017-08-08 14:45:00,3,304.0639647972118,302.6786491798291
2017-08-08 15:00:00,3,304.13605812187814,302.7587035700602
2017-08-08 15:15:00,3,304.1997661797799,302.8312119131865
2017-08-08 15:30:00,3,304.2537354419443,302.8944540394376
2017-08-08 15:45:00,3,304.29784675550934,302.9480892394131
2017-08-08 16:00:00,3,304.3325154629496,302.9925552497025
2017-08-08 16:15:00,3,304.35780420288705,303.0278676365608
2017-08-08 16:30:00,3,304.37335235537716,303.0531007263787
2017-08-08 16:45:00,3,304.3788179574515,303.06745052251915
2017-08-08 17:00:00,3,304.3746449638265,303.0712080367771
2017-08-08 17:15:00,3,304.361397818172,303.06517293156725
2017-08-08 17:30:00,3,304.3392479228356,303.04998035413934
2017-08-08 17:45:00,3,304.3082321800603,303.02599368898495
2017-08-08 18:00:00,3,304.2677345784268,302.99276925401074
2017-08-08 18:15:00,3,304.2151170616652,302.94836403449295
2017-08-08 18:30:00,3,304.14738588680365,302.8901443401704
2017-08-08 18:45:00,3,304.06261426219606,302.81588296726676
2017-08-08 19:00:00,3,303.95752271724297,302.7222239786775
2017-08-08 19:15:00,3,303.827217497309,302.6062044802264
2017-08-08 19:30:00,3,303.67665685526134,302.47151879119303
2017-08-08 19:45:00,3,303.5170484127212,302.3261543272021
2017-08-08 20:00:00,3,303.3570851437477,302.17984859667655
2017-08-08 20:15:00,3,303.20142818885506,302.03700401200314
2017-08-08 20:30:00,3,303.05217060402276,301.8990784977363
2017-08-08 20:45:00,3,302.91046198171887,301.7668302569955
2017-08-08 21:00:00,3,302.77687298734907,301.6401795480605
2017-08-08 21:15:00,3,302.6513533962996,301.5171930725171
2017-08-08 21:30:00,3,302.53340790728754,301.3974241599002
2017-08-08 21:45:00,3,302.4222835853796,301.2812873731229
2017-08-08 22:00:00,3,302.3171856787517,301.1689851358735
2017-08-08 22:15:00,3,302.2173936276147,301.06015367846067
2017-08-08 22:30:00,3,302.1224194024748,300.95403848164483
2017-08-08 22:45:00,3,302.03230272173255,300.85139822613735
2017-08-08 23:00:00,3,301.9472323690289,300.75774376074764
2017-08-08 23:15:00,3,301.86715727743024,300.67365211981377
2017-08-08 23:30:00,3,301.791834749332,300.59672183666953
2017-08-08 23:45:00,3,301.72105577704457,300.5248705078875
2017-08-09 00:00:00,3,301.65465984788017,300.4573673488582
2017-08-09 00:15:00,3,301.5924406833243,300.39420040030274
2017-08-09 00:30:00,3,301.5341216049546,300.335335389075
2017-08-09 00:45:00,3,301.4793642452473,300.28048041999193
2017-08-09 01:00:00,3,301.427817428304,300.2292085259404
2017-08-09 01:15:00,3,301.37914952119274,300.1810937270354
2017-08-09 01:30:00,3,301.33284908333076,300.1355542550762
2017-08-09 01:45:00,3,301.28774656581027,300.09152370402995
2017-08-09 02:00:00,3,301.2424643034997,300.0475943292672
2017-08-09 02:15:00,3,301.1960142359053,300.0025237417561
2017-08-09 02:30:00,3,301.14805842357896,299.9557550995191
2017-08-09 02:45:00,3,301.0992587647145,299.907735499489
2017-08-09 03:00:00,3,301.05071879191127,299.8596024846733
2017-08-09 03:15:00,3,301.00329385626935,299.8124915233491
2017-08-09 03:30:00,3,300.9574487112398,299.7670661244196
2017-08-09 03:45:00,3,300.91331973355904,299.7235014359335
2017-08-09 04:00:00,3,300.8708484903198,299.6816988738407
2017-08-09 04:15:00,3,300.82990157450536,299.641475852178
2017-08-09 04:30:00,3,300.79029283411415,299.60259748290383
2017-08-09 04:45:00,3,300.751709431183,299.5646779193275
2017-08-09 05:00:00,3,300.71378796007207,299.5272211561441
2017-08-09 05:15:00,3,300.67627416016586,299.48985143443747
2017-08-09 05:30:00,3,300.6396763429789,299.4531300008789
2017-08-09 05:45:00,3,300.6080504826561,299.4210436283018
2017-08-09 06:00:00,3,300.58988499165787,299.40061329793036
2017-08-09 06:15:00,3,300.59021836435727,299.39713824735054
2017-08-09 06:30:00,3,300.60892227386734,299.4115385102356
2017-08-09 06:45:00,3,300.6446723815413,299.442417930764
2017-08-09 07:00:00,3,300.69613862280363,299.48839584266756
2017-08-09 07:15:00,3,300.7609897723811,299.5472282903619
2017-08-09 07:30:00,3,300.83643286887354,299.6158567695579
2017-08-09 07:45:00,3,300.92007949134654,299.69079323712333
2017-08-09 08:00:00,3,301.0098846978932,299.768175475975
2017-08-09 08:15:00,3,301.10471485916855,299.83984074332596
2017-08-09 08:30:00,3,301.2044793092436,299.9127737088356
2017-08-09 08:45:00,3,301.30947673842047,299.99343982107627
2017-08-09 09:00:00,3,301.4199535448181,300.0837764085701
2017-08-09 09:15:00,3,301.5352940490622,300.18318642519563
2017-08-09 09:30:00,3,301.65430993456886,300.2918213796112
2017-08-09 09:45:00,3,301.776070989204,300.4130389656324
2017-08-09 10:00:00,3,301.89983995214857,300.5404743531217
2017-08-09 10:15:00,3,302.0247187578781,300.66813803344326
2017-08-09 10:30:00,3,302.1496346453196,300.79371952630476
2017-08-09 10:45:00,3,302.2733855187345,300.916920299017
2017-08-09 11:00:00,3,302.3949159715739,301.03770196252003
2017-08-09 11:15:00,3,302.5133823923791,301.1556161652278
2017-08-09 11:30:00,3,302.6282116763679,301.27001953431454
2017-08-09 11:45:00,3,302.7393261262459,301.3805453628406
2017-08-09 12:00:00,3,302.8469075922308,301.4872202417966
2017-08-09 12:15:00,3,302.951043789307,301.59024267957034
2017-08-09 12:30:00,3,303.05212496876766,301.69007996707916
2017-08-09 12:45:00,3,303.15133398814316,301.7876745980914
2017-08-09 13:00:00,3,303.2495442015597,301.8841642170569
2017-08-09 13:15:00,3,303.34668265012033,301.9803561396729
2017-08-09 13:30:00,3,303.4420236068723,302.0762839123987
2017-08-09 13:45:00,3,303.5344847416073,302.1711604948737
2017-08-09 14:00:00,3,303.6230155964208,302.26373607163293
2017-08-09 14:15:00,3,303.7066445911176,302.35268215342575
2017-08-09 14:30:00,3,303.7843975036822,302.43671637893357
2017-08-09 14:45:00,3,303.8551333170568,302.51452470339035
2017-08-09 15:00:00,3,303.9177852665331,302.5848391478807
2017-08-09 15:15:00,3,303.9714553243493,302.6466021245587
2017-08-09 15:30:00,3,304.01567528040863,302.6992724283907
2017-08-09 15:45:00,3,304.05086136954026,302.7432006893151
2017-08-09 16:00:00,3,304.0776844481889,302.7792585479652
2017-08-09 16:15:00,3,304.0962627625558,302.8075800452097
2017-08-09 16:30:00,3,304.10636784445217,302.8273576166724
2017-08-09 16:45:00,3,304.1082468478665,302.83815764460695
2017-08-09 17:00:00,3,304.10301265590715,302.8408551608754
2017-08-09 17:15:00,3,304.09155899308644,302.8365308245816
2017-08-09 17:30:00,3,304.07412777193497,302.8258139221392
2017-08-09 17:45:00,3,304.050858499652,302.8092153011938
2017-08-09 18:00:00,3,304.0211138900364,302.786509556403
2017-08-09 18:15:00,3,303.9817928714756,302.75559403098634
2017-08-09 18:30:00,3,303.9289749574939,302.713040177883
2017-08-09 18:45:00,3,303.8591764500354,302.65514381974623
2017-08-09 19:00:00,3,303.76698472910584,302.5763903554481
2017-08-09 19:15:00,3,303.6452505934935,302.47228676580033
2017-08-09 19:30:00,3,303.49939384361727,302.3427798350456
2017-08-09 19:45:00,3,303.342297482724,302.1974805061628
2017-08-09 20:00:00,3,303.18360959840163,302.0488820768056
2017-08-09 20:15:00,3,303.02846819614916,301.90277168429003
2017-08-09 20:30:00,3,302.8793035650146,301.76186917077524
2017-08-09 20:45:00,3,302.73772615265335,301.62735855765726
2017-08-09 21:00:00,3,302.6048585387336,301.4998708380657
2017-08-09 21:15:00,3,302.4810962841041,301.3775168194906
2017-08-09 21:30:00,3,302.366179203876,301.259951911004
2017-08-09 21:45:00,3,302.2592907131378,301.1475751817055
2017-08-09 22:00:00,3,302.1593622282233,301.04027537533
2017-08-09 22:15:00,3,302.06537880317507,300.9371545224069
2017-08-09 22:30:00,3,301.97653897297545,300.83653091016913
2017-08-09 22:45:00,3,301.8924089363163,300.7428725452554
2017-08-09 23:00:00,3,301.8127762229037,300.65818440443564
2017-08-09 23:15:00,3,301.73742155343757,300.5809949080436
2017-08-09 23:30:00,3,301.6660790255266,300.50915013583665
2017-08-09 23:45:00,3,301.5984792938137,300.4413672699015
2017-08-10 00:00:00,3,301.53429742384844,300.37709360763665
2017-08-10 00:15:00,3,301.4731434435998,300.31591631637735
2017-08-10 00:30:00,3,301.4145407069848,300.25723575502485
2017-08-10 00:45:00,3,301.35780827057766,300.20024606992064
2017-08-10 01:00:00,3,301.3022451206464,300.144129542811
2017-08-10 01:15:00,3,301.2473438817288,300.08826462906006
2017-08-10 01:30:00,3,301.1929410692055,300.0325089800093
2017-08-10 01:45:00,3,301.13948977348707,299.97745579782094
2017-08-10 02:00:00,3,301.0877655760694,299.92420937896117
2017-08-10 02:15:00,3,301.03840017495907,299.8738264737992
2017-08-10 02:30:00,3,300.9915613169758,299.82668743926104
2017-08-10 02:45:00,3,300.94653974137077,299.7820830840828
2017-08-10 03:00:00,3,300.90219777755107,299.7385492709924
2017-08-10 03:15:00,3,300.8576291729846,299.6946564415321
2017-08-10 03:30:00,3,300.81236564497055,299.64960522093605
2017-08-10 03:45:00,3,300.7663314855472,299.6033264139079
2017-08-10 04:00:00,3,300.7196352717978,299.5561653717778
2017-08-10 04:15:00,3,300.6724108134223,299.50851597222294
2017-08-10 04:30:00,3,300.6248847947687,299.46076533444574
2017-08-10 04:45:00,3,300.5776698108337,299.4134936810905
2017-08-10 05:00:00,3,300.5315346068062,299.3674335138689
2017-08-10 05:15:00,3,300.4870543194675,299.3232171595528
2017-08-10 05:30:00,3,300.44507230305834,299.2817981838996
2017-08-10 05:45:00,3,300.4095077977131,299.2469863258253
2017-08-10 06:00:00,3,300.38863298982676,299.22535324313867
2017-08-10 06:15:00,3,300.3872440412792,299.2217116243513
2017-08-10 06:30:00,3,300.40492859687936,299.23659817167885
2017-08-10 06:45:00,3,300.44015044000304,299.26842062716923
2017-08-10 07:00:00,3,300.49145914176984,299.3156770413331
2017-08-10 07:15:00,3,300.55650623009956,299.3760017312442
2017-08-10 07:30:00,3,300.63265557595867,299.4462904660682
2017-08-10 07:45:00,3,300.71758492614674,299.52313168318966
2017-08-10 08:00:00,3,300.80963079273766,299.6030274620229
2017-08-10 08:15:00,3,300.9084388296001,299.6765388781568
2017-08-10 08:30:00,3,301.01478515717304,299.7524156800845
2017-08-10 08:45:00,3,301.12952027464905,299.8379503451355
2017-08-10 09:00:00,3,301.2524712797174,299.9351391544332
2017-08-10 09:15:00,3,301.38244424444196,300.0427840624533
2017-08-10 09:30:00,3,301.5180335380555,300.15983770347765
2017-08-10 09:45:00,3,301.6583955351174,300.29196701380357
2017-08-10 10:00:00,3,301.80299012788805,300.43319782518506
2017-08-10 10:15:00,3,301.9509988685045,300.57708490714566
2017-08-10 10:30:00,3,302.1012013886327,300.72058162427965
2017-08-10 10:45:00,3,302.25188607767046,300.86302365463
2017-08-10 11:00:00,3,302.40127879817993,301.0039121730321
2017-08-10 11:15:00,3,302.54789399113014,301.14215603863227
2017-08-10 11:30:00,3,302.69062440066074,301.27657972107636
2017-08-10 11:45:00,3,302.82878767661884,301.40638914441513
2017-08-10 12:00:00,3,302.96196889213354,301.5311886535575
2017-08-10 12:15:00,3,303.08982962863956,301.6508108927219
2017-08-10 12:30:00,3,303.21280178829414,301.7657185515759
2017-08-10 12:45:00,3,303.33323196202906,301.87764012284794
2017-08-10 13:00:00,3,303.4537179214671,301.9892279107135
2017-08-10 13:15:00,3,303.57544166835055,302.1028520104049
2017-08-10 13:30:00,3,303.6981382818592,302.2193708385408
2017-08-10 13:45:00,3,303.82035555940234,302.3377242201331
2017-08-10 14:00:00,3,303.9401908115703,302.45563276596357
2017-08-10 14:15:00,3,304.05580849726823,302.57063451557394
2017-08-10 14:30:00,3,304.1654977565415,302.68056066857054
2017-08-10 14:45:00,3,304.2674221975819,302.78343544450337
2017-08-10 15:00:00,3,304.35983775179704,302.8774423690532
2017-08-10 15:15:00,3,304.441219081783,302.96104882172347
2017-08-10 15:30:00,3,304.5104729135043,303.03328601505905
2017-08-10 15:45:00,3,304.5672144343626,303.09394165333595
2017-08-10 16:00:00,3,304.61134937967375,303.14316051320253
2017-08-10 16:15:00,3,304.64243063328723,303.1810377115809
2017-08-10 16:30:00,3,304.6600090099476,303.20770959325904
2017-08-10 16:45:00,3,304.66445115507537,303.22407260043656
2017-08-10 17:00:00,3,304.6573253922856,303.2295228678945
2017-08-10 17:15:00,3,304.6401478874953,303.2240982399046
2017-08-10 17:30:00,3,304.61361384521166,303.2084677923177
2017-08-10 17:45:00,3,304.57787935306516,303.1830999508905
2017-08-10 18:00:00,3,304.5320564643148,303.1466675949659
2017-08-10 18:15:00,3,304.47258031065047,303.09820593105803
2017-08-10 18:30:00,3,304.395123306737,303.03478044552315
2017-08-10 18:45:00,3,304.29620688774105,302.9526209546644
2017-08-10 19:00:00,3,304.17056416280394,302.8461861558992
2017-08-10 19:15:00,3,304.0111711890642,302.7115880931163
2017-08-10 19:30:00,3,303.82435781282936,302.54889602612485
2017-08-10 19:45:00,3,303.6248257793442,302.36750864952114
2017-08-10 20:00:00,3,303.4240642801027,302.1793354145899
2017-08-10 20:15:00,3,303.228559509055,301.9942513785773
2017-08-10 20:30:00,3,303.0414987729718,301.81724170252414
2017-08-10 20:45:00,3,302.86467165418975,301.6505464479091
2017-08-10 21:00:00,3,302.69903507424976,301.4905326157378
2017-08-10 21:15:00,3,302.54473437726216,301.3355464961043
2017-08-10 21:30:00,3,302.4013243842235,301.1862770570029
2017-08-10 21:45:00,3,302.2680040709127,301.0434726683247
2017-08-10 22:00:00,3,302.1438224228916,300.90645449015256
2017-08-10 22:15:00,3,302.0278256273036,300.7783809243822
2017-08-10 22:30:00,3,301.9192316245144,300.6637031392807
2017-08-10 22:45:00,3,301.8177067977949,300.56121116953324
2017-08-10 23:00:00,3,301.72313354813156,300.46770847291975
2017-08-10 23:15:00,3,301.6352870007633,300.381176612659
2017-08-10 23:30:00,3,301.5537974173542,300.30100216682587
2017-08-10 23:45:00,3,301.47822897749916,300.2270166661882
2017-08-11 00:00:00,3,301.40812560893914,300.15888955778473
2017-08-11 00:15:00,3,301.3430235194644,300.0960910626767
2017-08-11 00:30:00,3,301.2824250815138,300.0380200415131
2017-08-11 00:45:00,3,301.22570884672814,299.98401374487696
2017-08-11 01:00:00,3,301.1722171030417,299.9333484893769
2017-08-11 01:15:00,3,301.1213891230916,299.8853337399994
2017-08-11 01:30:00,3,301.07273045087607,299.8393602337793
2017-08-11 01:45:00,3,301.0256673422884,299.7948714602844
2017-08-11 02:00:00,3,300.9796530518723,299.7513880867042
2017-08-11 02:15:00,3,300.9342948662054,299.7085410101609
2017-08-11 02:30:00,3,300.8892784414571,299.66597040451796
2017-08-11 02:45:00,3,300.8441441552442,299.6231247029042
2017-08-11 03:00:00,3,300.798357276837,299.5792738049097
2017-08-11 03:15:00,3,300.7515314595548,299.5337848315494
2017-08-11 03:30:00,3,300.7036518025629,299.4865397577621
2017-08-11 03:45:00,3,300.65529932807306,299.4381720470499
2017-08-11 04:00:00,3,300.60728706822107,299.3897569805066
2017-08-11 04:15:00,3,300.56024428765295,299.3422673989947
2017-08-11 04:30:00,3,300.51453629294883,299.2962799222436
2017-08-11 04:45:00,3,300.47032455876507,299.2520089329778
2017-08-11 05:00:00,3,300.4276402377405,299.2094669081147
2017-08-11 05:15:00,3,300.3864390978936,299.1685856583189
2017-08-11 05:30:00,3,300.3466910534149,299.1293632733572
2017-08-11 05:45:00,3,300.3108778871816,299.0946774871877
2017-08-11 06:00:00,3,300.2881668916226,299.07160227571075
2017-08-11 06:15:00,3,300.2850515365814,299.06639529202545
2017-08-11 06:30:00,3,300.30161478740365,299.0804706983131
2017-08-11 06:45:00,3,300.33605316328374,299.11215395390843
2017-08-11 07:00:00,3,300.3864804925329,299.15930465131646
2017-08-11 07:15:00,3,300.4501996083443,299.21882569229854
2017-08-11 07:30:00,3,300.5243570872585,299.28748969464635
2017-08-11 07:45:00,3,300.6064307070117,299.3618396932785
2017-08-11 08:00:00,3,300.69438764964826,299.43858649309317
2017-08-11 08:15:00,3,300.787342532107,299.5131904673763
2017-08-11 08:30:00,3,300.8856107302553,299.58256999981614
2017-08-11 08:45:00,3,300.9901290695754,299.6563968961186
2017-08-11 09:00:00,3,301.1012257714429,299.74091523209665
2017-08-11 09:15:00,3,301.2182162934876,299.8364964479088
2017-08-11 09:30:00,3,301.3399553863567,299.94113027201064
2017-08-11 09:45:00,3,301.4653825129643,300.0536645449281
2017-08-11 10:00:00,3,301.59355420952755,300.1769050486456
2017-08-11 10:15:00,3,301.7234038488249,300.30948189321117
2017-08-11 10:30:00,3,301.8538114621052,300.4443904091206
2017-08-11 10:45:00,3,301.98376529623954,300.57665425225906
2017-08-11 11:00:00,3,302.1123705103757,300.70426852955893
2017-08-11 11:15:00,3,302.23878106646004,300.8279309943213
2017-08-11 11:30:00,3,302.3621931994913,300.94895566846856
2017-08-11 11:45:00,3,302.4818957575804,301.0673654641576
2017-08-11 12:00:00,3,302.59748351875845,301.18236062192125
2017-08-11 12:15:00,3,302.7087936855411,301.2931397753303
2017-08-11 12:30:00,3,302.81617373590285,301.3995514458233
2017-08-11 12:45:00,3,302.9207061090896,301.50219486194436
2017-08-11 13:00:00,3,303.02304469905096,301.6019628368458
2017-08-11 13:15:00,3,303.1228851735751,301.69947253388955
2017-08-11 13:30:00,3,303.2195892372119,301.79488617502
2017-08-11 13:45:00,3,303.3130389127149,301.88827333783325
2017-08-11 14:00:00,3,303.40340339488165,301.97975346896226
2017-08-11 14:15:00,3,303.4904953546579,302.0692229878965
2017-08-11 14:30:00,3,303.5737960179153,302.1561996861989
2017-08-11 14:45:00,3,303.65275792897,302.24000823906835
2017-08-11 15:00:00,3,303.72685637063296,302.3199485706415
2017-08-11 15:15:00,3,303.79536233641073,302.39526340382787
2017-08-11 15:30:00,3,303.85742650126105,302.46535044762163
2017-08-11 15:45:00,3,303.9121876954124,302.5298278434495
2017-08-11 16:00:00,3,303.95883303592836,302.58813165848557
2017-08-11 16:15:00,3,303.9964569205046,302.6388172178849
2017-08-11 16:30:00,3,304.0241316300687,302.68035213570863
2017-08-11 16:45:00,3,304.04127989891765,302.7117075019975
2017-08-11 17:00:00,3,304.04829015626314,302.7324964900401
2017-08-11 17:15:00,3,304.04571348004396,302.74231476629177
2017-08-11 17:30:00,3,304.03371009218745,302.7406822908916
2017-08-11 17:45:00,3,304.0123003110018,302.72781559832356
2017-08-11 18:00:00,3,303.9807764344842,302.7039453049358
2017-08-11 18:15:00,3,303.93612877574975,302.66772450987196
2017-08-11 18:30:00,3,303.87464752963905,302.6164589697352
2017-08-11 18:45:00,3,303.7929503910901,302.5469513177358
2017-08-11 19:00:00,3,303.68607493251443,302.45433667563054
2017-08-11 19:15:00,3,303.54849798325625,302.33515917689084
2017-08-11 19:30:00,3,303.3866780295984,302.19282091009353
2017-08-11 19:45:00,3,303.21401467654067,302.03726011142805
2017-08-11 20:00:00,3,303.0407190677425,301.87614924751244
2017-08-11 20:15:00,3,302.8723207273273,301.7170040963444
2017-08-11 20:30:00,3,302.71137031506754,301.5646132769792
2017-08-11 20:45:00,3,302.5592638433272,301.4216263604468
2017-08-11 21:00:00,3,302.41670544012726,301.2838436530014
2017-08-11 21:15:00,3,302.2836940926765,301.15005796640975
2017-08-11 21:30:00,3,302.15971369451734,301.02112250607064
2017-08-11 21:45:00,3,302.04388854440055,300.8976720224257
2017-08-11 22:00:00,3,301.935200607988,300.779184826447
2017-08-11 22:15:00,3,301.8326823380157,300.66393308666926
2017-08-11 22:30:00,3,301.7355207074955,300.55553884399427
2017-08-11 22:45:00,3,301.64316648953053,300.45680286802184
2017-08-11 23:00:00,3,301.55525411646477,300.36633932296553
2017-08-11 23:15:00,3,301.471453698518,300.2815563530293
2017-08-11 23:30:00,3,301.39143508412224,300.20088109764157
2017-08-11 23:45:00,3,301.3149034360491,300.12385206248103
2017-08-12 00:00:00,3,301.2415861552627,300.0503758178737
2017-08-12 00:15:00,3,301.17120790927214,299.98025909511676
2017-08-12 00:30:00,3,301.1035748928292,299.91324562254965
2017-08-12 00:45:00,3,301.0387748319318,299.8492640806959
2017-08-12 01:00:00,3,300.9770030205229,299.7884277370897
2017-08-12 01:15:00,3,300.91832746603313,299.73082571878206
2017-08-12 01:30:00,3,300.8625785329016,299.6763004259811
2017-08-12 01:45:00,3,300.8091961075124,299.6243219106426
2017-08-12 02:00:00,3,300.75747267677303,299.5741517686041
2017-08-12 02:15:00,3,300.70684301069895,299.5251323804397
2017-08-12 02:30:00,3,300.6569502370443,299.47682685344523
2017-08-12 02:45:00,3,300.60761918294577,299.42894143892704
2017-08-12 03:00:00,3,300.5587236662852,299.3811700426247
2017-08-12 03:15:00,3,300.51014780270464,299.3331816411398
2017-08-12 03:30:00,3,300.461837734557,299.28476031676655
2017-08-12 03:45:00,3,300.4137376175411,299.2359279264569
2017-08-12 04:00:00,3,300.3657758186007,299.18689295634186
2017-08-12 04:15:00,3,300.3179115698998,299.13790462024286
2017-08-12 04:30:00,3,300.2704147100275,299.089496170604
2017-08-12 04:45:00,3,300.2246059537742,299.0430023915913
2017-08-12 05:00:00,3,300.1823508261469,299.00034338323087
2017-08-12 05:15:00,3,300.14508187593145,298.9633089838932
2017-08-12 05:30:00,3,300.1133830652792,298.93256830677683
2017-08-12 05:45:00,3,300.08706431896803,298.9078561110707
2017-08-12 06:00:00,3,300.0675745441461,298.89024850365223
2017-08-12 06:15:00,3,300.0602479232194,298.8836136940548
2017-08-12 06:30:00,3,300.0698712107166,298.8925029702121
2017-08-12 06:45:00,3,300.09838815769996,298.91956895589567
2017-08-12 07:00:00,3,300.1452716831466,298.9637628576911
2017-08-12 07:15:00,3,300.20717573644123,299.021071649545
2017-08-12 07:30:00,3,300.27990174231513,299.087040735291
2017-08-12 07:45:00,3,300.360708693401,299.15784387731685
2017-08-12 08:00:00,3,300.4482062116999,299.23072640326177
2017-08-12 08:15:00,3,300.54210057293557,299.3005513813251
2017-08-12 08:30:00,3,300.64318733668665,299.36883283908287
2017-08-12 08:45:00,3,300.75305202804725,299.44404235738114
2017-08-12 09:00:00,3,300.87254652781553,299.531712394966
2017-08-12 09:15:00,3,301.0010926509906,299.63231271268205
2017-08-12 09:30:00,3,301.1369377931335,299.74394069007593
2017-08-12 09:45:00,3,301.27673820032646,299.86468452834697
2017-08-12 10:00:00,3,301.41628460196006,299.99676326285004
2017-08-12 10:15:00,3,301.55192101839924,300.1349537191912
2017-08-12 10:30:00,3,301.68166716344075,300.2705764204168
2017-08-12 10:45:00,3,301.80631879481905,300.3994425524799
2017-08-12 11:00:00,3,301.9280879175227,300.52220941999684
2017-08-12 11:15:00,3,302.0486492811423,300.64103019177884
2017-08-12 11:30:00,3,302.16866359270756,300.7573770295844
2017-08-12 11:45:00,3,302.28794744596007,300.87364191784087
2017-08-12 12:00:00,3,302.4059227323132,300.99010664052975
2017-08-12 12:15:00,3,302.52193200807835,301.1057074407951
2017-08-12 12:30:00,3,302.6356982557439,301.2194049966683
2017-08-12 12:45:00,3,302.74748737203095,301.3308606878901
2017-08-12 13:00:00,3,302.8572470130384,301.44024709717286
2017-08-12 13:15:00,3,302.9643069639033,301.5477249910248
2017-08-12 13:30:00,3,303.067981382131,301.65331068440025
2017-08-12 13:45:00,3,303.16841653174583,301.75704365634704
2017-08-12 14:00:00,3,303.266112756757,301.858893868352
2017-08-12 14:15:00,3,303.36108627642375,301.9586705450398
2017-08-12 14:30:00,3,303.45272859600783,302.0558312525936
2017-08-12 14:45:00,3,303.53978673152886,302.14930471448986
2017-08-12 15:00:00,3,303.6206207910215,302.2377365261502
2017-08-12 15:15:00,3,303.6928726612593,302.31943546416915
2017-08-12 15:30:00,3,303.75406815487236,302.3920787343272
2017-08-12 15:45:00,3,303.80241016293087,302.4532297981376
2017-08-12 16:00:00,3,303.83712582954337,302.5008809994806
2017-08-12 16:15:00,3,303.8583522364179,302.53425894967717
2017-08-12 16:30:00,3,303.86664140562857,302.55368473146314
2017-08-12 16:45:00,3,303.8627181206153,302.56022912807066
2017-08-12 17:00:00,3,303.8481590823974,302.5559272762739
2017-08-12 17:15:00,3,303.8257466904638,302.54362479110074
2017-08-12 17:30:00,3,303.7981679070525,302.526175082846
2017-08-12 17:45:00,3,303.76726834901484,302.50569408745065
2017-08-12 18:00:00,3,303.7328125316131,302.48198459988794
2017-08-12 18:15:00,3,303.69021071857304,302.4512039812418
2017-08-12 18:30:00,3,303.6335867264167,302.40766190430054
2017-08-12 18:45:00,3,303.55821258236284,302.3461358861267
2017-08-12 19:00:00,3,303.45857964346027,302.2611019328478
2017-08-12 19:15:00,3,303.3293031126282,302.1492665465591
2017-08-12 19:30:00,3,303.17681243806004,302.0142284930094
2017-08-12 19:45:00,3,303.01405317014036,301.86530591933285
2017-08-12 20:00:00,3,302.85083949196826,301.7137778001348
2017-08-12 20:15:00,3,302.692509254745,301.5660629140827
2017-08-12 20:30:00,3,302.5413931380695,301.42475210353683
2017-08-12 20:45:00,3,302.3982554486764,301.2906625417609
2017-08-12 21:00:00,3,302.263021358467,301.16211744468734
2017-08-12 21:15:00,3,302.13516093063123,301.036432113839
2017-08-12 21:30:00,3,302.0140767410644,300.9130285774834
2017-08-12 21:45:00,3,301.8995226367278,300.79266766063427
2017-08-12 22:00:00,3,301.79140504779065,300.6761021661764
2017-08-12 22:15:00,3,301.68947672160675,300.5633490322631
2017-08-12 22:30:00,3,301.5932847029483,300.4524934667087
2017-08-12 22:45:00,3,301.5021430205165,300.3518612115622
2017-08-12 23:00:00,3,301.4152495609654,300.2613776630461
2017-08-12 23:15:00,3,301.33184722147206,300.1770170652711
2017-08-12 23:30:00,3,301.2514355183975,300.09577622809456
2017-08-12 23:45:00,3,301.17417340072006,300.01712638498094
2017-08-13 00:00:00,3,301.10057505212626,299.94195647778224
2017-08-13 00:15:00,3,301.03099909245634,299.87115330384523
2017-08-13 00:30:00,3,300.965418224169,299.8048867978608
2017-08-13 00:45:00,3,300.9032137446547,299.74249713511205
2017-08-13 01:00:00,3,300.843499942728,299.6828777127499
2017-08-13 01:15:00,3,300.78552831335975,299.62500770951766
2017-08-13 01:30:00,3,300.7288304277184,299.5682629376388
2017-08-13 01:45:00,3,300.67329607990877,299.5124219501137
2017-08-13 02:00:00,3,300.6189853346835,299.45747147457985
2017-08-13 02:15:00,3,300.56595429905366,299.4034575675587
2017-08-13 02:30:00,3,300.51421223888036,299.35042020147864
2017-08-13 02:45:00,3,300.46360630652407,299.2983509848392
2017-08-13 03:00:00,3,300.4138909361368,299.2472026358475
2017-08-13 03:15:00,3,300.3648653519673,299.1969404014238
2017-08-13 03:30:00,3,300.31659956137156,299.1478078264617
2017-08-13 03:45:00,3,300.26995780058485,299.10073466417435
2017-08-13 04:00:00,3,300.2262177238432,299.05713046018434
2017-08-13 04:15:00,3,300.1863429739811,299.01819068938204
2017-08-13 04:30:00,3,300.15073213524266,298.9844855501422
2017-08-13 04:45:00,3,300.1192290767032,298.95563239800384
2017-08-13 05:00:00,3,300.09138864629494,298.93072392712554
2017-08-13 05:15:00,3,300.06673555710483,298.90890022057863
2017-08-13 05:30:00,3,300.0446183122284,298.88934090476164
2017-08-13 05:45:00,3,300.02546602021704,298.87281760308355
2017-08-13 06:00:00,3,300.01483264589507,298.86332198713967
2017-08-13 06:15:00,3,300.01743209767284,298.86518374427556
2017-08-13 06:30:00,3,300.0341228374927,298.8803175178988
2017-08-13 06:45:00,3,300.06500329080865,298.9089218010662
2017-08-13 07:00:00,3,300.1100936273492,298.95004196976686
2017-08-13 07:15:00,3,300.16778762019464,299.0021133862776
2017-08-13 07:30:00,3,300.23506112363873,299.0625522593405
2017-08-13 07:45:00,3,300.3089877878464,299.12798656716916
2017-08-13 08:00:00,3,300.3877599409199,299.1955627718784
2017-08-13 08:15:00,3,300.4716740179701,299.26273268504383
2017-08-13 08:30:00,3,300.56220581350163,299.32761199857896
2017-08-13 08:45:00,3,300.66079884546633,299.3976210304385
2017-08-13 09:00:00,3,300.76819810839373,299.4774664306785
2017-08-13 09:15:00,3,300.8842990408537,299.5667261484351
2017-08-13 09:30:00,3,301.0086776165505,299.66568047235387
2017-08-13 09:45:00,3,301.1408562738802,299.7768875225583
2017-08-13 10:00:00,3,301.2802385077365,299.9079996600367
2017-08-13 10:15:00,3,301.4257853932903,300.0528346618546
2017-08-13 10:30:00,3,301.57563326640553,300.2030509692938
2017-08-13 10:45:00,3,301.72587089833803,300.35255571953064
2017-08-13 11:00:00,3,301.87154797856437,300.4973929525526
2017-08-13 11:15:00,3,302.00831702926655,300.63458454863314
2017-08-13 11:30:00,3,302.1334987580641,300.7619533097875
2017-08-13 11:45:00,3,302.2472292546814,300.8788750177513
2017-08-13 12:00:00,3,302.35124178653894,300.9862624016776
2017-08-13 12:15:00,3,302.44715403463687,301.08566864321733
2017-08-13 12:30:00,3,302.5367529921402,301.1789328204845
2017-08-13 12:45:00,3,302.62306903388605,301.2685216686354
2017-08-13 13:00:00,3,302.7091917809121,301.35725297296665
2017-08-13 13:15:00,3,302.79713643315955,301.4475069512684
2017-08-13 13:30:00,3,302.8880233562842,301.5408424905966
2017-08-13 13:45:00,3,302.98253624016576,301.63813131292466
2017-08-13 14:00:00,3,303.0807963976232,301.739584875276
2017-08-13 14:15:00,3,303.1819776747778,301.8446067725224
2017-08-13 14:30:00,3,303.28405068524665,301.9513759152212
2017-08-13 14:45:00,3,303.38274961148574,302.0563585731565
2017-08-13 15:00:00,3,303.47324028525765,302.1551795781554
2017-08-13 15:15:00,3,303.5522215788957,302.24370148550554
2017-08-13 15:30:00,3,303.6187695794809,302.31963241554365
2017-08-13 15:45:00,3,303.67524013297833,302.384485201163
2017-08-13 16:00:00,3,303.7248092543674,302.441932000408
2017-08-13 16:15:00,3,303.76831575694075,302.49434666514077
2017-08-13 16:30:00,3,303.8046187758886,302.54118789194735
2017-08-13 16:45:00,3,303.83137156781515,302.57952445579355
2017-08-13 17:00:00,3,303.8456512440791,302.6052954019808
2017-08-13 17:15:00,3,303.84298861488804,302.6136979981887
2017-08-13 17:30:00,3,303.8181659077495,302.5999395000903
2017-08-13 17:45:00,3,303.767874995263,302.5607869345144
2017-08-13 18:00:00,3,303.69137081664945,302.4964104989174
2017-08-13 18:15:00,3,303.59417008351,302.41196971157024
2017-08-13 18:30:00,3,303.48433159157435,302.3148152751162
2017-08-13 18:45:00,3,303.3669091988493,302.2112732289916
2017-08-13 19:00:00,3,303.2439071706086,302.1039572518617
2017-08-13 19:15:00,3,303.1177876015369,301.99405645212306
2017-08-13 19:30:00,3,302.99224504239294,301.88393617266433
2017-08-13 19:45:00,3,302.86982023763005,301.7758796260625
2017-08-13 20:00:00,3,302.7513325778725,301.67115368288046
2017-08-13 20:15:00,3,302.6367221602071,301.5703646321727
2017-08-13 20:30:00,3,302.52558750183476,301.4711505809446
2017-08-13 20:45:00,3,302.41742862163017,301.37302836480615
2017-08-13 21:00:00,3,302.31173355540176,301.2774923612787
2017-08-13 21:15:00,3,302.20802777595026,301.18334951380143
2017-08-13 21:30:00,3,302.1061823871304,301.08750333835917
2017-08-13 21:45:00,3,302.00701930601923,300.98962427788285
2017-08-13 22:00:00,3,301.9116212755171,300.8915425256436
2017-08-13 22:15:00,3,301.8205775594635,300.7952705186426
2017-08-13 22:30:00,3,301.73396086682993,300.7018701023066
2017-08-13 22:45:00,3,301.6514783042379,300.6113830787964
2017-08-13 23:00:00,3,301.57265204458616,300.52322114768117
2017-08-13 23:15:00,3,301.49697143051253,300.4363907267567
2017-08-13 23:30:00,3,301.424097606458,300.3522471989576
2017-08-13 23:45:00,3,301.354223876582,300.2742455921644
2017-08-14 00:00:00,3,301.2877948208108,300.20292474900117
2017-08-14 00:15:00,3,301.2250738210481,300.1371276017384
2017-08-14 00:30:00,3,301.1658170337494,300.0754924418165
2017-08-14 00:45:00,3,301.10874891243355,300.01652382809175
2017-08-14 01:00:00,3,301.0521832037532,299.95845031779896
2017-08-14 01:15:00,3,300.99483662904265,299.8995482451253
2017-08-14 01:30:00,3,300.93626786806635,299.83895600966133
2017-08-14 01:45:00,3,300.8774640301255,299.7774883241984
2017-08-14 02:00:00,3,300.82016683973535,299.7172887577508
2017-08-14 02:15:00,3,300.76582375719363,299.66058487797625
2017-08-14 02:30:00,3,300.71526792121546,299.6087207367762
2017-08-14 02:45:00,3,300.6688383341277,299.5620082095372
2017-08-14 03:00:00,3,300.62657311059513,299.5201279974382
2017-08-14 03:15:00,3,300.5883202424622,299.4825618208703
2017-08-14 03:30:00,3,300.553655957334,299.4487759624375
2017-08-14 03:45:00,3,300.5215321707212,299.41777662485043
2017-08-14 04:00:00,3,300.49060572298106,299.38823364358603
2017-08-14 04:15:00,3,300.45979030496335,299.35895380596867
2017-08-14 04:30:00,3,300.4283677310104,299.3291126093241
2017-08-14 04:45:00,3,300.39583506509035,299.29812491814675
2017-08-14 05:00:00,3,300.36179321298266,299.2654416809594
2017-08-14 05:15:00,3,300.3259558522812,299.23040725104704
2017-08-14 05:30:00,3,300.28838542168677,299.1928774460299
2017-08-14 05:45:00,3,300.25132393462735,299.1551844365584
2017-08-14 06:00:00,3,300.2218646574013,299.1236053977991
2017-08-14 06:15:00,3,300.2067474188782,299.10492273599186
2017-08-14 06:30:00,3,300.20853740125597,299.1027986221318
2017-08-14 06:45:00,3,300.22771593661776,299.11796745301916
2017-08-14 07:00:00,3,300.2639652512308,299.14987655106694
2017-08-14 07:15:00,3,300.3157447450672,299.19729471746524
2017-08-14 07:30:00,3,300.3810964152453,299.25743313901904
2017-08-14 07:45:00,3,300.4580775210473,299.3270868841499
2017-08-14 08:00:00,3,300.5450933571801,299.402403270373
2017-08-14 08:15:00,3,300.64146393677004,299.47423443984064
2017-08-14 08:30:00,3,300.7472370878417,299.54890573496243
2017-08-14 08:45:00,3,300.86245787910144,299.6338808774238
2017-08-14 09:00:00,3,300.9866986694041,299.7320707666715
2017-08-14 09:15:00,3,301.11885211202065,299.84266687786396
2017-08-14 09:30:00,3,301.25745129861224,299.96903895284737
2017-08-14 09:45:00,3,301.4008362518758,300.11010497413844
2017-08-14 10:00:00,3,301.5466611206996,300.25686569102845
2017-08-14 10:15:00,3,301.6921523359664,300.40228785025914
2017-08-14 10:30:00,3,301.8350104855667,300.5435276742666
2017-08-14 10:45:00,3,301.9740771977917,300.6803751456175
2017-08-14 11:00:00,3,302.1090168657775,300.8133327952936
2017-08-14 11:15:00,3,302.2396128447963,300.9425940998007
2017-08-14 11:30:00,3,302.36541614911914,301.06779477773915
2017-08-14 11:45:00,3,302.4854478848098,301.1880540960735
2017-08-14 12:00:00,3,302.59857330983226,301.30225687254887
2017-08-14 12:15:00,3,302.70401040497825,301.40948490062215
2017-08-14 12:30:00,3,302.80225403829644,301.509899888016
2017-08-14 12:45:00,3,302.8963672262459,301.6056144546112
2017-08-14 13:00:00,3,302.9899955493516,301.699999849023
2017-08-14 13:15:00,3,303.0849983266825,301.79589053895813
2017-08-14 13:30:00,3,303.1812360066673,301.89419958056726
2017-08-14 13:45:00,3,303.276916235055,301.99368360282267
2017-08-14 14:00:00,3,303.369357880959,302.09154734937687
2017-08-14 14:15:00,3,303.454933992617,302.18402456627496
2017-08-14 14:30:00,3,303.5302031645883,302.26750064912426
2017-08-14 14:45:00,3,303.59371127870753,302.3399494156561
2017-08-14 15:00:00,3,303.6464049886384,302.4020980094683
2017-08-14 15:15:00,3,303.69233321183015,302.45765821405007
2017-08-14 15:30:00,3,303.735722497615,302.51088675666216
2017-08-14 15:45:00,3,303.77767051937855,302.56376325908764
2017-08-14 16:00:00,3,303.8173281460753,302.61545764793266
2017-08-14 16:15:00,3,303.85279849832926,302.66350346899173
2017-08-14 16:30:00,3,303.8820052023728,302.70541803519114
2017-08-14 16:45:00,3,303.90367433103665,302.73990058750735
2017-08-14 17:00:00,3,303.9168962671124,302.765709278111
2017-08-14 17:15:00,3,303.91796740328476,302.7794131909124
2017-08-14 17:30:00,3,303.90220857634,302.77602787932267
2017-08-14 17:45:00,3,303.86610461516193,302.75151202138755
2017-08-14 18:00:00,3,303.80876641757277,302.70478067364814
2017-08-14 18:15:00,3,303.7317394784465,302.63764916046466
2017-08-14 18:30:00,3,303.6376615544018,302.5537435096839
2017-08-14 18:45:00,3,303.52776606258163,302.45524099117154
2017-08-14 19:00:00,3,303.4019702968266,302.3428247801555
2017-08-14 19:15:00,3,303.26331628099484,302.2185194118856
2017-08-14 19:30:00,3,303.1178433294033,302.08720837984345
2017-08-14 19:45:00,3,302.9711737930284,301.9548411972385
2017-08-14 20:00:00,3,302.82688009915876,301.8260056464857
2017-08-14 20:15:00,3,302.68667834432915,301.70322546903606
2017-08-14 20:30:00,3,302.5513705513361,301.5832106965851
2017-08-14 20:45:00,3,302.42191128129747,301.46453485262964
2017-08-14 21:00:00,3,302.29906451355833,301.3457887524109
2017-08-14 21:15:00,3,302.1829430915049,301.2282807378767
2017-08-14 21:30:00,3,302.0733106758226,301.11390688333734
2017-08-14 21:45:00,3,301.9702221632487,301.00392288218853
2017-08-14 22:00:00,3,301.8738771779996,300.89891209112164
2017-08-14 22:15:00,3,301.784243729668,300.79901933282684
2017-08-14 22:30:00,3,301.70110297980256,300.7041719932181
2017-08-14 22:45:00,3,301.62433838896817,300.61418869431554
2017-08-14 23:00:00,3,301.5538817570372,300.5300317465457
2017-08-14 23:15:00,3,301.48952091080736,300.45578857580165
2017-08-14 23:30:00,3,301.43078849664494,300.3914816208089
2017-08-14 23:45:00,3,301.37680033994184,300.3345561742198
2017-08-15 00:00:00,3,301.3265125351996,300.28240382898156
2017-08-15 00:15:00,3,301.27904716980277,300.23339899701807
2017-08-15 00:30:00,3,301.23368687270096,300.18665957458825
2017-08-15 00:45:00,3,301.1896881135267,300.14151694694806
2017-08-15 01:00:00,3,301.14639060343416,300.0973254121954
2017-08-15 01:15:00,3,301.1033485365803,300.05352445770507
2017-08-15 01:30:00,3,301.0602528315465,300.00965767264194
2017-08-15 01:45:00,3,301.01673348665963,299.9652494632962
2017-08-15 02:00:00,3,300.97238575019975,299.9197597376306
2017-08-15 02:15:00,3,300.92692811714306,299.87273397617344
2017-08-15 02:30:00,3,300.8804208641576,299.82414339403056
2017-08-15 02:45:00,3,300.8335237379376,299.7746583999261
2017-08-15 03:00:00,3,300.78712628671025,299.72540886569936
2017-08-15 03:15:00,3,300.74191348694393,299.677456563524
2017-08-15 03:30:00,3,300.6983414867142,299.6315581879383
2017-08-15 03:45:00,3,300.6568776670254,299.5883314985594
2017-08-15 04:00:00,3,300.6180075067826,299.548374305105
2017-08-15 04:15:00,3,300.58206540955183,299.51226467581046
2017-08-15 04:30:00,3,300.54910203514464,299.48008512410115
2017-08-15 04:45:00,3,300.51873824297496,299.45132382755315
2017-08-15 05:00:00,3,300.4903713888941,299.4251538666185
2017-08-15 05:15:00,3,300.46346128966263,299.40077576731716
2017-08-15 05:30:00,3,300.43750562430216,299.377488688177
2017-08-15 05:45:00,3,300.4130433251148,299.35574126796166
2017-08-15 06:00:00,3,300.39469888374555,299.338638615066
2017-08-15 06:15:00,3,300.3875710960406,299.3304396573934
2017-08-15 06:30:00,3,300.3938350140289,299.3340608031878
2017-08-15 06:45:00,3,300.4141809509316,299.35067921720275
2017-08-15 07:00:00,3,300.44852990119955,299.3803493735471
2017-08-15 07:15:00,3,300.49531834674724,299.42201667926696
2017-08-15 07:30:00,3,300.55253651407577,299.47361024167276
2017-08-15 07:45:00,3,300.6195528149134,299.5332287171161
2017-08-15 08:00:00,3,300.69658300304025,299.59877018843457
2017-08-15 08:15:00,3,300.7841788090476,299.6631932295969
2017-08-15 08:30:00,3,300.8828539090731,299.7327644922931
2017-08-15 08:45:00,3,300.9917868422532,299.8128251632335
2017-08-15 09:00:00,3,301.10864889176634,299.9056793676982
2017-08-15 09:15:00,3,301.23042582073055,300.01006111105914
2017-08-15 09:30:00,3,301.3544349424181,300.12803909290955
2017-08-15 09:45:00,3,301.4792746163368,300.256073013858
2017-08-15 10:00:00,3,301.60472196433886,300.3866951840997
2017-08-15 10:15:00,3,301.73035897717455,300.51537372202927
2017-08-15 10:30:00,3,301.8552002549834,300.64085290394655
2017-08-15 10:45:00,3,301.9776639669437,300.76291263798214
2017-08-15 11:00:00,3,302.09602358575455,300.88088870995665
2017-08-15 11:15:00,3,302.2088568665945,300.9936099212907
2017-08-15 11:30:00,3,302.3151912044422,301.0999332565047
2017-08-15 11:45:00,3,302.4145422658975,301.19915429424333
2017-08-15 12:00:00,3,302.5067925412301,301.29104250650914
2017-08-15 12:15:00,3,302.5919751166889,301.3756227875515
2017-08-15 12:30:00,3,302.6709799198106,301.45357480519965
2017-08-15 12:45:00,3,302.7468425189513,301.5270260546783
2017-08-15 13:00:00,3,302.82289124495264,301.5991274459159
2017-08-15 13:15:00,3,302.90086127548915,301.6727189800817
2017-08-15 13:30:00,3,302.9809144008726,301.7492126864874
2017-08-15 13:45:00,3,303.06194878592663,301.8282805854476
2017-08-15 14:00:00,3,303.1423436236752,301.90839742517943
2017-08-15 14:15:00,3,303.2204830430681,301.98764812372445
2017-08-15 14:30:00,3,303.29500976201984,302.0643619979689
2017-08-15 14:45:00,3,303.36498899072876,302.1373791603554
2017-08-15 15:00:00,3,303.42970621028996,302.20588541400474
2017-08-15 15:15:00,3,303.48826307446643,302.2690738775758
2017-08-15 15:30:00,3,303.5397447088941,302.3261340500669
2017-08-15 15:45:00,3,303.5835352359222,302.3764615907095
2017-08-15 16:00:00,3,303.6191894214844,302.41954000069325
2017-08-15 16:15:00,3,303.64579652412567,302.454511589941
2017-08-15 16:30:00,3,303.66229052481583,302.48036095990983
2017-08-15 16:45:00,3,303.6680655804355,302.49608439760726
2017-08-15 17:00:00,3,303.6631403475192,302.5010442167116
2017-08-15 17:15:00,3,303.64718129922767,302.4947162443359
2017-08-15 17:30:00,3,303.6199267567406,302.4768663478743
2017-08-15 17:45:00,3,303.58148669702075,302.44777252816135
2017-08-15 18:00:00,3,303.53175737302246,302.4077056170389
2017-08-15 18:15:00,3,303.469284398305,302.35588388701325
2017-08-15 18:30:00,3,303.3918061805682,302.29061162749235
2017-08-15 18:45:00,3,303.29790715095686,302.21017559634953
2017-08-15 19:00:00,3,303.18627146776134,302.1135688621868
2017-08-15 19:15:00,3,303.0577264835423,302.0022921729806
2017-08-15 19:30:00,3,302.9189619853024,301.882287318785
2017-08-15 19:45:00,3,302.77841031034274,301.7576596441968
2017-08-15 20:00:00,3,302.6418742481095,301.6337445027282
2017-08-15 20:15:00,3,302.5122894603773,301.514007521431
2017-08-15 20:30:00,3,302.3906645200467,301.4002089171777
2017-08-15 20:45:00,3,302.27680072128356,301.2928709588464
2017-08-15 21:00:00,3,302.1699624230255,301.19099843837284
2017-08-15 21:15:00,3,302.0693257980176,301.09255258388055
2017-08-15 21:30:00,3,301.9741777773656,300.9966637349788
2017-08-15 21:45:00,3,301.88404357032664,300.9033767253089
2017-08-15 22:00:00,3,301.7985488860823,300.8128710778509
2017-08-15 22:15:00,3,301.7172890282882,300.72501001284473
2017-08-15 22:30:00,3,301.6398514004597,300.6393107876138
2017-08-15 22:45:00,3,301.5658942151664,300.5545620714342
2017-08-15 23:00:00,3,301.495131369709,300.47565319238845
2017-08-15 23:15:00,3,301.42728319125536,300.4035946971451
2017-08-15 23:30:00,3,301.3620741776208,300.33658227711436
2017-08-15 23:45:00,3,301.2992566790875,300.27273178647573
2017-08-16 00:00:00,3,301.23860420603967,300.2111712300977
2017-08-16 00:15:00,3,301.1798995632449,300.1517289701087
2017-08-16 00:30:00,3,301.12301917931865,300.09443517216414
2017-08-16 00:45:00,3,301.0681254750597,300.0393980334944
2017-08-16 01:00:00,3,301.01548012724106,299.9867714279148
2017-08-16 01:15:00,3,300.9652081538463,299.9366456456333
2017-08-16 01:30:00,3,300.91720499077064,299.8889193441462
2017-08-16 01:45:00,3,300.8710238363227,299.8432147611769
2017-08-16 02:00:00,3,300.82610017050956,299.7990009643371
2017-08-16 02:15:00,3,300.78199171096804,299.75580660212506
2017-08-16 02:30:00,3,300.7383974471825,299.7132911764114
2017-08-16 02:45:00,3,300.69508668614117,299.6711925649314
2017-08-16 03:00:00,3,300.65186990760935,299.62927157499433
2017-08-16 03:15:00,3,300.6086086361713,299.58731576697653
2017-08-16 03:30:00,3,300.5652654953052,299.5452190355393
2017-08-16 03:45:00,3,300.5219961196659,299.5030136206788
2017-08-16 04:00:00,3,300.4789953482547,299.46076674844295
2017-08-16 04:15:00,3,300.4363680439817,299.41847563512863
2017-08-16 04:30:00,3,300.3943900089444,299.37641277836883
2017-08-16 04:45:00,3,300.35419283527585,299.3357794502197
2017-08-16 05:00:00,3,300.3173342901597,299.29859821797777
2017-08-16 05:15:00,3,300.28490057190055,299.26646514379297
2017-08-16 05:30:00,3,300.2570914722487,299.2397503439074
2017-08-16 05:45:00,3,300.2340841521299,299.218552947734
2017-08-16 06:00:00,3,300.2190699456244,299.204534802994
2017-08-16 06:15:00,3,300.21584913749126,299.20042890786016
2017-08-16 06:30:00,3,300.22634575658213,299.2083688384697
2017-08-16 06:45:00,3,300.2510209396372,299.22920340794076
2017-08-16 07:00:00,3,300.28949865210217,299.26279079995834
2017-08-16 07:15:00,3,300.3404249597773,299.30771165764645
2017-08-16 07:30:00,3,300.4018630828428,299.3617622036665
2017-08-16 07:45:00,3,300.471632854371,299.42195217827174
2017-08-16 08:00:00,3,300.5478764573532,299.4848609282923
2017-08-16 08:15:00,3,300.62912840955636,299.5434586364748
2017-08-16 08:30:00,3,300.7146193465167,299.6028936859813
2017-08-16 08:45:00,3,300.80470548124026,299.66846016335984
2017-08-16 09:00:00,3,300.90002044791936,299.7423133858757
2017-08-16 09:15:00,3,301.0003943366674,299.8243968891145
2017-08-16 09:30:00,3,301.10514412607944,299.91428820262485
2017-08-16 09:45:00,3,301.21412449441425,300.01319437339447
2017-08-16 10:00:00,3,301.3276954666039,300.12407525886914
2017-08-16 10:15:00,3,301.4454612485884,300.2417113152514
2017-08-16 10:30:00,3,301.5661093639157,300.36149663230896
2017-08-16 10:45:00,3,301.6874092129352,300.48083603092334
2017-08-16 11:00:00,3,301.8068900110352,300.59837146380085
2017-08-16 11:15:00,3,301.92265693945774,300.7128444465938
2017-08-16 11:30:00,3,302.0336745411256,300.8231317611631
2017-08-16 11:45:00,3,302.13986900922595,300.92873043849175
2017-08-16 12:00:00,3,302.2417626431218,301.02985867170594
2017-08-16 12:15:00,3,302.3398496910109,301.12707300578677
2017-08-16 12:30:00,3,302.4349061010904,301.22119748041536
2017-08-16 12:45:00,3,302.528702501268,301.31356749066475
2017-08-16 13:00:00,3,302.62283906440774,301.405739140615
2017-08-16 13:15:00,3,302.71778734184136,301.49880836129773
2017-08-16 13:30:00,3,302.81314796832896,301.5930575640776
2017-08-16 13:45:00,3,302.90798998052685,301.6880008479302
2017-08-16 14:00:00,3,303.0010109855538,301.78254618334057
2017-08-16 14:15:00,3,303.090758464782,301.87523687316235
2017-08-16 14:30:00,3,303.17589206664945,301.9645346662873
2017-08-16 14:45:00,3,303.25525626146367,302.0493537722603
2017-08-16 15:00:00,3,303.3279660373212,302.129203363239
2017-08-16 15:15:00,3,303.39317460604275,302.2033885149523
2017-08-16 15:30:00,3,303.4500872778354,302.2706983719583
2017-08-16 15:45:00,3,303.4979990866541,302.32986353826556
2017-08-16 16:00:00,3,303.53618244766835,302.37972399351474
2017-08-16 16:15:00,3,303.5637137968356,302.41866050894987
2017-08-16 16:30:00,3,303.5799094078215,302.44511677579806
2017-08-16 16:45:00,3,303.58492774316124,302.458994806799
2017-08-16 17:00:00,3,303.5797329857368,302.46161450836746
2017-08-16 17:15:00,3,303.5649339164074,302.4543108272872
2017-08-16 17:30:00,3,303.5403640790149,302.4375204332275
2017-08-16 17:45:00,3,303.50552041250927,302.41108718780333
2017-08-16 18:00:00,3,303.4598862733999,302.37448024325136
2017-08-16 18:15:00,3,303.40153034278745,302.3262918929251
2017-08-16 18:30:00,3,303.32772073942317,302.26426141602246
2017-08-16 18:45:00,3,303.2352499438755,302.18530744181624
2017-08-16 19:00:00,3,303.12079666335916,302.0865139997397
2017-08-16 19:15:00,3,302.9855093608578,301.968832332632
2017-08-16 19:30:00,3,302.83745716425716,301.83830208964156
2017-08-16 19:45:00,3,302.68560659575604,301.701785884948
2017-08-16 20:00:00,3,302.53554540430383,301.5637516127659
2017-08-16 20:15:00,3,302.3898842032031,301.4276242031193
2017-08-16 20:30:00,3,302.24973306581506,301.29545689584484
2017-08-16 20:45:00,3,302.11608310520666,301.16795299447506
2017-08-16 21:00:00,3,301.9897879379138,301.04328934696366
2017-08-16 21:15:00,3,301.8711619751467,300.9214718040871
2017-08-16 21:30:00,3,301.76011953307363,300.8036757755671
2017-08-16 21:45:00,3,301.65656511997366,300.6909008523837
2017-08-16 22:00:00,3,301.5603662314984,300.5833806957801
2017-08-16 22:15:00,3,301.4712085521788,300.48018710630697
2017-08-16 22:30:00,3,301.38859969084245,300.38645460991074
2017-08-16 22:45:00,3,301.3119047542723,300.30369270940685
2017-08-16 23:00:00,3,301.24046318904584,300.22969734926414
2017-08-16 23:15:00,3,301.17365395811726,300.1618372573686
2017-08-16 23:30:00,3,301.11082329132626,300.0985363774566
2017-08-16 23:45:00,3,301.05109890636476,300.0388584000418
2017-08-17 00:00:00,3,300.99355252056466,299.98189075203635
2017-08-17 00:15:00,3,300.93744429323283,299.9266809063763
2017-08-17 00:30:00,3,300.882229715793,299.8724020491711
2017-08-17 00:45:00,3,300.82742668753605,299.81837423902255
2017-08-17 01:00:00,3,300.77259990467826,299.76399728075035
2017-08-17 01:15:00,3,300.71742844179613,299.70873900727605
2017-08-17 01:30:00,3,300.6618323149051,299.6523702107372
2017-08-17 01:45:00,3,300.60618569285987,299.5953362142398
2017-08-17 02:00:00,3,300.5511269884983,299.538673723552
2017-08-17 02:15:00,3,300.49721947776607,299.48350177782686
2017-08-17 02:30:00,3,300.44505647895676,299.4308016738332
2017-08-17 02:45:00,3,300.39585676502656,299.38164197648155
2017-08-17 03:00:00,3,300.35104682600183,299.33714193097813
2017-08-17 03:15:00,3,300.3115818454936,299.29812436004136
2017-08-17 03:30:00,3,300.27767756822607,299.2648149534706
2017-08-17 03:45:00,3,300.2485075050824,299.236359846541
2017-08-17 04:00:00,3,300.22273129009164,299.2112358099685
2017-08-17 04:15:00,3,300.1992141959088,299.18803379582795
2017-08-17 04:30:00,3,300.17727315551076,299.16594280719784
2017-08-17 04:45:00,3,300.15671267859454,299.1448242975642
2017-08-17 05:00:00,3,300.1376028649967,299.1249445342134
2017-08-17 05:15:00,3,300.12003595117454,299.1066244306343
2017-08-17 05:30:00,3,300.10394908820837,299.0899813659137
2017-08-17 05:45:00,3,300.09021818656436,299.07616344268934
2017-08-17 06:00:00,3,300.0837269040438,299.0688487719743
2017-08-17 06:15:00,3,300.08927451434636,299.0722058019036
2017-08-17 06:30:00,3,300.10806657164346,299.08819041393485
2017-08-17 06:45:00,3,300.13975903442247,299.1167668670789
2017-08-17 07:00:00,3,300.1839104251056,299.15645716254494
2017-08-17 07:15:00,3,300.23939114891664,299.20561319185606
2017-08-17 07:30:00,3,300.3042059671244,299.2621124418616
2017-08-17 07:45:00,3,300.37635187375895,299.32325150381337
2017-08-17 08:00:00,3,300.45453941867027,299.3853097581378
2017-08-17 08:15:00,3,300.5384503785243,299.444161226422
2017-08-17 08:30:00,3,300.6286125490764,299.5066274032094
2017-08-17 08:45:00,3,300.726062624274,299.57842381628234
2017-08-17 09:00:00,3,300.83153201025885,299.66148542726233
2017-08-17 09:15:00,3,300.9442269474655,299.7554035656896
2017-08-17 09:30:00,3,301.0623619085155,299.85972917913233
2017-08-17 09:45:00,3,301.18443856372556,299.9776367686638
2017-08-17 10:00:00,3,301.3095457410607,300.1035429016583
2017-08-17 10:15:00,3,301.43696039769327,300.231602623817
2017-08-17 10:30:00,3,301.56579188208036,300.3590581588207
2017-08-17 10:45:00,3,301.6954285464664,300.4858201561904
2017-08-17 11:00:00,3,301.8256013522587,300.6124733835389
2017-08-17 11:15:00,3,301.9559381471667,300.73921328896284
2017-08-17 11:30:00,3,302.08556660418793,300.8654473843008
2017-08-17 11:45:00,3,302.2124538972767,300.9896377795203
2017-08-17 12:00:00,3,302.33409220112515,301.1096687313666
2017-08-17 12:15:00,3,302.4485964841214,301.22362521055777
2017-08-17 12:30:00,3,302.5554821978656,301.3306435759231
2017-08-17 12:45:00,3,302.65611778843805,301.4313229990253
2017-08-17 13:00:00,3,302.7521991133993,301.5271408324352
2017-08-17 13:15:00,3,302.8444912426971,301.61941658874514
2017-08-17 13:30:00,3,302.9330241440639,301.70892047253096
2017-08-17 13:45:00,3,303.01770002309155,301.7961017559783
2017-08-17 14:00:00,3,303.0984233031604,301.88104385862437
2017-08-17 14:15:00,3,303.1748574703427,301.9632932438859
2017-08-17 14:30:00,3,303.24651912762675,302.04200341624176
2017-08-17 14:45:00,3,303.3130812592595,302.11605029843975
2017-08-17 15:00:00,3,303.3742968072434,302.1841791777254
2017-08-17 15:15:00,3,303.42966036201335,302.24555480130437
2017-08-17 15:30:00,3,303.47872514242556,302.300323911141
2017-08-17 15:45:00,3,303.5217838281689,302.34970710041983
2017-08-17 16:00:00,3,303.55931251366025,302.39521681545824
2017-08-17 16:15:00,3,303.5909425165777,302.4371440884393
2017-08-17 16:30:00,3,303.61555426824185,302.47385324796306
2017-08-17 16:45:00,3,303.63154600371,302.50281683269924
2017-08-17 17:00:00,3,303.6379218605324,302.5220363406353
2017-08-17 17:15:00,3,303.6342071531984,302.5300504539529
2017-08-17 17:30:00,3,303.6199800290879,302.5257901222447
2017-08-17 17:45:00,3,303.5947659456842,302.50897702598405
2017-08-17 18:00:00,3,303.5574208460257,302.47930585287395
2017-08-17 18:15:00,3,303.50459482319957,302.43496249747847
2017-08-17 18:30:00,3,303.432392525589,302.3729756355179
2017-08-17 18:45:00,3,303.33751182739866,302.29021805389095
2017-08-17 19:00:00,3,303.21729860640045,302.1842671116663
2017-08-17 19:15:00,3,303.07271981833856,302.05640342566124
2017-08-17 19:30:00,3,302.91239283830345,301.9139395183879
2017-08-17 19:45:00,3,302.74716806308925,301.7644152776153
2017-08-17 20:00:00,3,302.58448405119,301.6134094618287
2017-08-17 20:15:00,3,302.42808064937856,301.4659408508634
2017-08-17 20:30:00,3,302.27956582382365,301.32486393113504
2017-08-17 20:45:00,3,302.1400410807232,301.19172262850583
2017-08-17 21:00:00,3,302.0102999875242,301.0641203684526
2017-08-17 21:15:00,3,301.8905334964773,300.9417572382832
2017-08-17 21:30:00,3,301.7803331421292,300.82560236040894
2017-08-17 21:45:00,3,301.6787071883162,300.7161185728993
2017-08-17 22:00:00,3,301.584443775304,300.61270799517683
2017-08-17 22:15:00,3,301.49645858321577,300.51405981263633
2017-08-17 22:30:00,3,301.41388839064956,300.4188107411642
2017-08-17 22:45:00,3,301.3361127726879,300.332291319227
2017-08-17 23:00:00,3,301.2626693330647,300.25482412519193
2017-08-17 23:15:00,3,301.1931431572962,300.18391866144265
2017-08-17 23:30:00,3,301.12702775290705,300.11727848450437
2017-08-17 23:45:00,3,301.0634951954246,300.0535640579688
2017-08-18 00:00:00,3,301.0016310400542,299.9919455303869
2017-08-18 00:15:00,3,300.9407396795216,299.9317455960666
2017-08-18 00:30:00,3,300.88058828483344,299.8726161049511
2017-08-18 00:45:00,3,300.8218254004522,299.8148947274631
2017-08-18 01:00:00,3,300.7654326247953,299.7594124905246
2017-08-18 01:15:00,3,300.7120680963812,299.70693212229804
2017-08-18 01:30:00,3,300.6620034847726,299.6578035363021
2017-08-18 01:45:00,3,300.6153011132241,299.61200280211705
2017-08-18 02:00:00,3,300.5719482799623,299.56934780082463
2017-08-18 02:15:00,3,300.53189659264854,299.52966137202145
2017-08-18 02:30:00,3,300.49490727005673,299.49266626942523
2017-08-18 02:45:00,3,300.46008688584743,299.4576790127393
2017-08-18 03:00:00,3,300.4261681475991,299.42363427121506
2017-08-18 03:15:00,3,300.3920832557982,299.38945094508574
2017-08-18 03:30:00,3,300.35736788472866,299.3546122177986
2017-08-18 03:45:00,3,300.3227581789971,299.31970630517503
2017-08-18 04:00:00,3,300.2896332851763,299.2862592268533
2017-08-18 04:15:00,3,300.2590902568805,299.2556530662778
2017-08-18 04:30:00,3,300.2316094573775,299.2284807256871
2017-08-18 04:45:00,3,300.2069672777801,299.2044710593756
2017-08-18 05:00:00,3,300.18459954395826,299.1828540525663
2017-08-18 05:15:00,3,300.164009215283,299.1628478472874
2017-08-18 05:30:00,3,300.14488613845106,299.1439943621151
2017-08-18 05:45:00,3,300.12877256258685,299.1279881304198
2017-08-18 06:00:00,3,300.1220305696532,299.119617648025
2017-08-18 06:15:00,3,300.12889516335366,299.1230489704063
2017-08-18 06:30:00,3,300.14854289960726,299.1388762157439
2017-08-18 06:45:00,3,300.1787842218586,299.16529301788796
2017-08-18 07:00:00,3,300.21814688513956,299.2002141617772
2017-08-18 07:15:00,3,300.26629137107096,299.24236984903223
2017-08-18 07:30:00,3,300.3236597839113,299.29143080219006
2017-08-18 07:45:00,3,300.39071193648834,299.3466096976893
2017-08-18 08:00:00,3,300.46793084230416,299.40459119368705
2017-08-18 08:15:00,3,300.5552476534352,299.4629174360111
2017-08-18 08:30:00,3,300.6519378896777,299.5280339557537
2017-08-18 08:45:00,3,300.7561355416848,299.60374174639145
2017-08-18 09:00:00,3,300.8648515975557,299.68937864458275
2017-08-18 09:15:00,3,300.9749936818748,299.78248493655616
2017-08-18 09:30:00,3,301.0840900238627,299.88184206120866
2017-08-18 09:45:00,3,301.19154064352193,299.9892572587649
2017-08-18 10:00:00,3,301.29800510585403,300.0994136019402
2017-08-18 10:15:00,3,301.40393853523693,300.208112121888
2017-08-18 10:30:00,3,301.50959480550324,300.31432022506516
2017-08-18 10:45:00,3,301.61605512938763,300.41919073007404
2017-08-18 11:00:00,3,301.7247756904777,300.52440255924716
2017-08-18 11:15:00,3,301.83654665371756,300.6306531263192
2017-08-18 11:30:00,3,301.9509677013252,300.738549497788
2017-08-18 11:45:00,3,302.0657160707647,300.8481756963689
2017-08-18 12:00:00,3,302.1776741384539,300.9573129750962
2017-08-18 12:15:00,3,302.28442831316534,301.06282844766696
2017-08-18 12:30:00,3,302.38522955860503,301.1627401549174
2017-08-18 12:45:00,3,302.4817463126179,301.25735615616566
2017-08-18 13:00:00,3,302.57619398721386,301.3487592072803
2017-08-18 13:15:00,3,302.66963636136677,301.439329673056
2017-08-18 13:30:00,3,302.7618840914882,301.53028552936564
2017-08-18 13:45:00,3,302.8516188671542,301.6210746662012
2017-08-18 14:00:00,3,302.9371195008787,301.70990140051344
2017-08-18 14:15:00,3,303.0168393589761,301.79469879013425
2017-08-18 14:30:00,3,303.08962496902086,301.8738103645706
2017-08-18 14:45:00,3,303.15477078134893,301.9461928673022
2017-08-18 15:00:00,3,303.21184537449795,302.0112151900312
2017-08-18 15:15:00,3,303.26037059619233,302.06785604581717
2017-08-18 15:30:00,3,303.3001965920022,302.11553378644714
2017-08-18 15:45:00,3,303.33233420399614,302.1556367719672
2017-08-18 16:00:00,3,303.35809748563,302.190493803729
2017-08-18 16:15:00,3,303.3779077443662,302.22147545365834
2017-08-18 16:30:00,3,303.39124137030814,302.24804695098726
2017-08-18 16:45:00,3,303.3970414917529,302.26855143258155
2017-08-18 17:00:00,3,303.394786468753,302.28038664480533
2017-08-18 17:15:00,3,303.3842030306855,302.2821525598353
2017-08-18 17:30:00,3,303.3649184829533,302.2736054569929
2017-08-18 17:45:00,3,303.33661451120116,302.2549021047835
2017-08-18 18:00:00,3,303.29820417643276,302.2251704483974
2017-08-18 18:15:00,3,303.2459301688112,302.1815198770091
2017-08-18 18:30:00,3,303.1752459179317,302.12101371802555
2017-08-18 18:45:00,3,303.0821591831303,302.0404014642244
2017-08-18 19:00:00,3,302.9633679186495,301.93754404598894
2017-08-18 19:15:00,3,302.8191877137982,301.81169749735454
2017-08-18 19:30:00,3,302.65813660781936,301.66476486375495
2017-08-18 19:45:00,3,302.49176686603204,301.50606110659464
2017-08-18 20:00:00,3,302.3284824568497,301.3470587700267
2017-08-18 20:15:00,3,302.1727685699842,301.19575845300096
2017-08-18 20:30:00,3,302.0264537074188,301.0550900050071
2017-08-18 20:45:00,3,301.8899002630967,300.9226009728293
2017-08-18 21:00:00,3,301.7627400658633,300.7950853647021
2017-08-18 21:15:00,3,301.6442793605607,300.6718038689516
2017-08-18 21:30:00,3,301.53381354026516,300.5532606109473
2017-08-18 21:45:00,3,301.4309757438965,300.4398022299319
2017-08-18 22:00:00,3,301.33557328595026,300.33031836188275
2017-08-18 22:15:00,3,301.2473000277204,300.23262786104516
2017-08-18 22:30:00,3,301.16553838054074,300.1472775862328
2017-08-18 22:45:00,3,301.089055009001,300.0704177556222
2017-08-18 23:00:00,3,301.0164241484875,299.9983047903096
2017-08-18 23:15:00,3,300.9465255891509,299.9289706264167
2017-08-18 23:30:00,3,300.87876893123325,299.8618942657181
2017-08-18 23:45:00,3,300.81337163986007,299.7973625397175
2017-08-19 00:00:00,3,300.75087644625836,299.73590921592614
2017-08-19 00:15:00,3,300.69161450593646,299.67790216024736
2017-08-19 00:30:00,3,300.6355077423022,299.6232600836109
2017-08-19 00:45:00,3,300.5818586948737,299.5713159594883
2017-08-19 01:00:00,3,300.5297296806976,299.52106382106757
2017-08-19 01:15:00,3,300.4783789798213,299.47157467262974
2017-08-19 01:30:00,3,300.42735035692766,299.4222600181532
2017-08-19 01:45:00,3,300.3764624407933,299.3729086475056
2017-08-19 02:00:00,3,300.3256882381359,299.32353413730056
2017-08-19 02:15:00,3,300.27503217292656,299.27419572221663
2017-08-19 02:30:00,3,300.2245347900093,299.2249443658239
2017-08-19 02:45:00,3,300.1743541609395,299.1758207344026
2017-08-19 03:00:00,3,300.12463987488866,299.12679120735703
2017-08-19 03:15:00,3,300.0754604063888,299.07773802140895
2017-08-19 03:30:00,3,300.0270165219337,299.02874764713704
2017-08-19 03:45:00,3,299.97998164958017,298.98048373739874
2017-08-19 04:00:00,3,299.9352232637108,298.93403823539444
2017-08-19 04:15:00,3,299.89338986571465,298.8904194961095
2017-08-19 04:30:00,3,299.85489245275335,298.85029299854386
2017-08-19 04:45:00,3,299.82016055965687,298.81423209041657
2017-08-19 05:00:00,3,299.78960364776935,298.7825811781969
2017-08-19 05:15:00,3,299.76343632258596,298.75548503311313
2017-08-19 05:30:00,3,299.74156734533574,298.7328891780125
2017-08-19 05:45:00,3,299.7252266375493,298.7163740013036
2017-08-19 06:00:00,3,299.7206369632,298.7106432978178
2017-08-19 06:15:00,3,299.73260913036023,298.7201057037142
2017-08-19 06:30:00,3,299.7610540743402,298.74562712288406
2017-08-19 06:45:00,3,299.8039685003994,298.78473276469816
2017-08-19 07:00:00,3,299.8591301165222,298.8340144729044
2017-08-19 07:15:00,3,299.9236750476911,298.8907675562915
2017-08-19 07:30:00,3,299.9950220651032,298.9523728146592
2017-08-19 07:45:00,3,300.07178078247364,299.0168246413018
2017-08-19 08:00:00,3,300.15370345886754,299.08164324549426
2017-08-19 08:15:00,3,300.24157746425186,299.1417559508959
2017-08-19 08:30:00,3,300.33662730795555,299.20508468791684
2017-08-19 08:45:00,3,300.4389127502925,299.27818562474744
2017-08-19 09:00:00,3,300.5464902541225,299.36186146759553
2017-08-19 09:15:00,3,300.65648407885044,299.45352567679635
2017-08-19 09:30:00,3,300.7667347211486,299.55067792227345
2017-08-19 09:45:00,3,300.87725299161093,299.65339951516785
2017-08-19 10:00:00,3,300.989356791552,299.76623123934405
2017-08-19 10:15:00,3,301.10404118173886,299.8850409294689
2017-08-19 10:30:00,3,301.22176191037164,300.00573940909317
2017-08-19 10:45:00,3,301.3431965974847,300.12709540984156
2017-08-19 11:00:00,3,301.4690713723955,300.24964377206265
2017-08-19 11:15:00,3,301.5995332527396,300.3734648866793
2017-08-19 11:30:00,3,301.73359381728545,300.50006388970394
2017-08-19 11:45:00,3,301.8678540466921,300.62885226870236
2017-08-19 12:00:00,3,301.99785070151734,300.75631312241194
2017-08-19 12:15:00,3,302.12019470221657,300.8782351620723
2017-08-19 12:30:00,3,302.23373190647857,300.9921549456473
2017-08-19 12:45:00,3,302.34024195718587,301.09849134381216
2017-08-19 13:00:00,3,302.4424179681843,301.1996711629477
2017-08-19 13:15:00,3,302.5418925818978,301.29828136014623
2017-08-19 13:30:00,3,302.63909240556876,301.3957576271245
2017-08-19 13:45:00,3,302.73359811017383,301.4921468790808
2017-08-19 14:00:00,3,302.8245604589069,301.5865669544183
2017-08-19 14:15:00,3,302.91094195957606,301.6775867258993
2017-08-19 14:30:00,3,302.99179538174974,301.7636436843374
2017-08-19 14:45:00,3,303.0665605012474,301.84370666054417
2017-08-19 15:00:00,3,303.13487389550187,301.9173968665061
2017-08-19 15:15:00,3,303.19616305665903,301.9845160909578
2017-08-19 15:30:00,3,303.2496609720861,302.0448731280071
2017-08-19 15:45:00,3,303.2944281398469,302.09832167248175
2017-08-19 16:00:00,3,303.32952699277837,302.1443575615617
2017-08-19 16:15:00,3,303.35396619055433,302.18169685148996
2017-08-19 16:30:00,3,303.3669906196376,302.2089587582951
2017-08-19 16:45:00,3,303.3687633257385,302.22570383231573
2017-08-19 17:00:00,3,303.36042545364614,302.23225291986535
2017-08-19 17:15:00,3,303.34281515795453,302.22814971258185
2017-08-19 17:30:00,3,303.3161389697272,302.21328297251245
2017-08-19 17:45:00,3,303.280466194691,302.1878546805317
2017-08-19 18:00:00,3,303.23501441614764,302.1509960383231
2017-08-19 18:15:00,3,303.1762922721385,302.1013785369605
2017-08-19 18:30:00,3,303.0998664340165,302.03587071908595
2017-08-19 18:45:00,3,303.00167464623445,301.95066961197034
2017-08-19 19:00:00,3,302.8785942988101,301.8432243910713
2017-08-19 19:15:00,3,302.73157044910687,301.7156539554379
2017-08-19 19:30:00,3,302.56931755598345,301.56921090132926
2017-08-19 19:45:00,3,302.4026875565472,301.4120917540257
2017-08-19 20:00:00,3,302.23914591694495,301.2547311532857
2017-08-19 20:15:00,3,302.08252665310266,301.10423591117564
2017-08-19 20:30:00,3,301.93441833542283,300.96301289660835
2017-08-19 20:45:00,3,301.7954602837277,300.8300607713792
2017-08-19 21:00:00,3,301.66577017647296,300.7021041791184
2017-08-19 21:15:00,3,301.54502174900426,300.5783662464457
2017-08-19 21:30:00,3,301.43260628551235,300.45952211756395
2017-08-19 21:45:00,3,301.32778338408855,300.3459474018962
2017-08-19 22:00:00,3,301.2297858317191,300.2369991466893
2017-08-19 22:15:00,3,301.1378789385329,300.13354042366717
2017-08-19 22:30:00,3,301.0513546933901,300.0397719998851
2017-08-19 22:45:00,3,300.9694539502316,299.95515011057324
2017-08-19 23:00:00,3,300.8914153004756,299.87663115629493
2017-08-19 23:15:00,3,300.81657645037683,299.8017130572722
2017-08-19 23:30:00,3,300.74451264737695,299.7294038849952
2017-08-19 23:45:00,3,300.6753025286424,299.6598272212395
2017-08-20 00:00:00,3,300.6092667544821,299.59348069616203
2017-08-20 00:15:00,3,300.5465954289054,299.5307118194264
2017-08-20 00:30:00,3,300.4872069085522,299.4714782551879
2017-08-20 00:45:00,3,300.4306382104265,299.4153372929583
2017-08-20 01:00:00,3,300.3762749298472,299.3616514212551
2017-08-20 01:15:00,3,300.3236065333135,299.3098407489233
2017-08-20 01:30:00,3,300.2723693478817,299.25960822126314
2017-08-20 01:45:00,3,300.2227447795271,299.2110720340802
2017-08-20 02:00:00,3,300.1751029365054,299.1645946617562
2017-08-20 02:15:00,3,300.1296803225946,299.1204764050853
2017-08-20 02:30:00,3,300.08639957585973,299.0786583976836
2017-08-20 02:45:00,3,300.0446172248665,299.03853449532596
2017-08-20 03:00:00,3,300.0034674098997,298.9991705850331
2017-08-20 03:15:00,3,299.9622888075844,298.9597285788584
2017-08-20 03:30:00,3,299.920833744186,298.91982700253675
2017-08-20 03:45:00,3,299.8795358975627,298.8796753213787
2017-08-20 04:00:00,3,299.83913513029705,298.83982064631437
2017-08-20 04:15:00,3,299.80024212319745,298.80081392762867
2017-08-20 04:30:00,3,299.76320890061504,298.76301382145846
2017-08-20 04:45:00,3,299.72786700645565,298.72644832613355
2017-08-20 05:00:00,3,299.69368382127647,298.69085753314255
2017-08-20 05:15:00,3,299.66013785688756,298.6560032338962
2017-08-20 05:30:00,3,299.62685519873605,298.62161248007186
2017-08-20 05:45:00,3,299.59513400868127,298.5891620819357
2017-08-20 06:00:00,3,299.57108672149997,298.563576202588
2017-08-20 06:15:00,3,299.5605282228357,298.550410019796
2017-08-20 06:30:00,3,299.56562547041784,298.55257956832276
2017-08-20 06:45:00,3,299.5868561879022,298.5704821415326
2017-08-20 07:00:00,3,299.6236528718303,298.6033084029217
2017-08-20 07:15:00,3,299.67349631671357,298.6485379592431
2017-08-20 07:30:00,3,299.73325061206776,298.7029106763179
2017-08-20 07:45:00,3,299.80160770246454,298.7639936901187
2017-08-20 08:00:00,3,299.87921540509063,298.8303498301647
2017-08-20 08:15:00,3,299.96779593186307,298.89989049676564
2017-08-20 08:30:00,3,300.0685395411943,298.9688083224311
2017-08-20 08:45:00,3,300.180849473726,299.04583714310587
2017-08-20 09:00:00,3,300.3028957417697,299.1359066657531
2017-08-20 09:15:00,3,300.43250024259913,299.23825452841294
2017-08-20 09:30:00,3,300.56782374910426,299.350226150824
2017-08-20 09:45:00,3,300.70705057104067,299.4706077636871
2017-08-20 10:00:00,3,300.8481037922254,299.6042815344264
2017-08-20 10:15:00,3,300.988814276926,299.74414335130024
2017-08-20 10:30:00,3,301.1274476215683,299.8829646260882
2017-08-20 10:45:00,3,301.2633734314677,300.0171828528494
2017-08-20 11:00:00,3,301.3966662396917,300.1469955036378
2017-08-20 11:15:00,3,301.5272875591288,300.27378365890775
2017-08-20 11:30:00,3,301.6547211417567,300.3983447367712
2017-08-20 11:45:00,3,301.77767113831584,300.519971962314
2017-08-20 12:00:00,3,301.8946303075255,300.6370067085913
2017-08-20 12:15:00,3,302.0045131119667,300.74782878255024
2017-08-20 12:30:00,3,302.1074607072315,300.85193612053956
2017-08-20 12:45:00,3,302.2058447793889,300.9506361576594
2017-08-20 13:00:00,3,302.30246583039553,301.04649819400584
2017-08-20 13:15:00,3,302.39878052786804,301.1419806447417
2017-08-20 13:30:00,3,302.49470731889573,301.23811189851347
2017-08-20 13:45:00,3,302.58855203159357,301.3339023218651
2017-08-20 14:00:00,3,302.6779792357118,301.4269559173512
2017-08-20 14:15:00,3,302.76094930495464,301.5146477156153
2017-08-20 14:30:00,3,302.83620418401716,301.5951917334181
2017-08-20 14:45:00,3,302.9036942747637,301.6681740962017
2017-08-20 15:00:00,3,302.96392412504014,301.73408802757973
2017-08-20 15:15:00,3,303.01700772875415,301.7934656185905
2017-08-20 15:30:00,3,303.0627599235975,301.8468449039792
2017-08-20 15:45:00,3,303.1010386902618,301.89464914176216
2017-08-20 16:00:00,3,303.1316065735508,301.93669225611467
2017-08-20 16:15:00,3,303.1537385762193,301.97201355874125
2017-08-20 16:30:00,3,303.16659905583276,301.9991266491077
2017-08-20 16:45:00,3,303.1698999514678,302.0171233293144
2017-08-20 17:00:00,3,303.16422373656684,302.0258440687935
2017-08-20 17:15:00,3,303.1498882232556,302.0245003098943
2017-08-20 17:30:00,3,303.1266722440294,302.0119807461607
2017-08-20 17:45:00,3,303.09426818724546,301.98785775710695
2017-08-20 18:00:00,3,303.0517825811537,301.9527153566562
2017-08-20 18:15:00,3,302.9962625694581,301.9056784866251
2017-08-20 18:30:00,3,302.92396311099037,301.8440612878136
2017-08-20 18:45:00,3,302.8314784608455,301.76443309650347
2017-08-20 19:00:00,3,302.71631263204875,301.66434857979084
2017-08-20 19:15:00,3,302.5800697186901,301.54554041215874
2017-08-20 19:30:00,3,302.43107076531845,301.413068650238
2017-08-20 19:45:00,3,302.27861552744616,301.27413878543877
2017-08-20 20:00:00,3,302.1285702261862,301.1347686184639
2017-08-20 20:15:00,3,301.9837464378265,300.99910599543824
2017-08-20 20:30:00,3,301.84544608431895,300.86902016423073
2017-08-20 20:45:00,3,301.71501660709794,300.74625366670693
2017-08-20 21:00:00,3,301.5936961006313,300.6285800847641
2017-08-20 21:15:00,3,301.4820162104816,300.51603967512557
2017-08-20 21:30:00,3,301.3797237365839,300.409804446222
2017-08-20 21:45:00,3,301.2857566514652,300.310315567967
2017-08-20 22:00:00,3,301.1987397287377,300.2168126130152
2017-08-20 22:15:00,3,301.11747189200224,300.1278808602119
2017-08-20 22:30:00,3,301.0410147696276,300.0417480957197
2017-08-20 22:45:00,3,300.9686197494578,299.96141233610155
2017-08-20 23:00:00,3,300.89967813371055,299.8882400833011
2017-08-20 23:15:00,3,300.8336977669747,299.8207951100335
2017-08-20 23:30:00,3,300.77025575130807,299.7570472701797
2017-08-20 23:45:00,3,300.708919977237,299.69569000185066
2017-08-21 00:00:00,3,300.6492703155158,299.6361214925796
2017-08-21 00:15:00,3,300.59095531478664,299.57802074475745
2017-08-21 00:30:00,3,300.53374049974127,299.5211395085941
2017-08-21 00:45:00,3,300.4775989330768,299.4653741832314
2017-08-21 01:00:00,3,300.4226144502037,299.4107888077393
2017-08-21 01:15:00,3,300.36883813197585,299.35749393312454
2017-08-21 01:30:00,3,300.3162901067713,299.3055588567326
2017-08-21 01:45:00,3,300.2650366573597,299.25499910437173
2017-08-21 02:00:00,3,300.2151064655469,299.2057525120567
2017-08-21 02:15:00,3,300.16642607512006,299.15765699918546
2017-08-21 02:30:00,3,300.1187816985506,299.11039402098555
2017-08-21 02:45:00,3,300.07170637791717,299.06343231197127
2017-08-21 03:00:00,3,300.02467366831877,299.01614711799857
2017-08-21 03:15:00,3,299.9773331899258,298.9680568161767
2017-08-21 03:30:00,3,299.9296603698675,298.9191170511408
2017-08-21 03:45:00,3,299.8821147374662,298.86988552568056
2017-08-21 04:00:00,3,299.8353386237898,298.82126099049606
2017-08-21 04:15:00,3,299.7898225747798,298.77404510985525
2017-08-21 04:30:00,3,299.7459916484077,298.72891175780774
2017-08-21 04:45:00,3,299.7046733120912,298.6867807659222
2017-08-21 05:00:00,3,299.66691124609656,298.6488093672977
2017-08-21 05:15:00,3,299.63343914243126,298.61603218351854
2017-08-21 05:30:00,3,299.604558030711,298.5887890667448
2017-08-21 05:45:00,3,299.5814732702306,298.5679700220161
2017-08-21 06:00:00,3,299.5685918063108,298.5563256961258
2017-08-21 06:15:00,3,299.5694785445772,298.5567551297802
2017-08-21 06:30:00,3,299.584335629823,298.5701696240429
2017-08-21 06:45:00,3,299.6113812033642,298.595460562406
2017-08-21 07:00:00,3,299.6484634509292,298.6306230633583
2017-08-21 07:15:00,3,299.69371485681336,298.6732763822808
2017-08-21 07:30:00,3,299.74624225547024,298.72211977252505
2017-08-21 07:45:00,3,299.80670695467444,298.7764109766114
2017-08-21 08:00:00,3,299.87630702269445,298.8352501628062
2017-08-21 08:15:00,3,299.9551580020762,298.8936537605751
2017-08-21 08:30:00,3,300.0423166531308,298.9536558707848
2017-08-21 08:45:00,3,300.13818291950395,299.0217710147539
2017-08-21 09:00:00,3,300.244258057795,299.10204384635335
2017-08-21 09:15:00,3,300.3613307295674,299.195437838778
2017-08-21 09:30:00,3,300.48884986408,299.30139255707087
2017-08-21 09:45:00,3,300.62429211591035,299.41924255598707
2017-08-21 10:00:00,3,300.76345125849457,299.5520735818053
2017-08-21 10:15:00,3,300.9020142529173,299.6908630192054
2017-08-21 10:30:00,3,301.0370785815298,299.82767209173414
2017-08-21 10:45:00,3,301.16829136535296,299.9590360407749
2017-08-21 11:00:00,3,301.2968241362224,300.0856682754864
2017-08-21 11:15:00,3,301.42368881680034,300.2096050227145
2017-08-21 11:30:00,3,301.5490664879837,300.3320770584595
2017-08-21 11:45:00,3,301.6719483582442,300.4527736878033
2017-08-21 12:00:00,3,301.7907336447379,300.57030017808944
2017-08-21 12:15:00,3,301.90414237792135,300.6831646506004
2017-08-21 12:30:00,3,302.0120191407761,300.79071285901557
2017-08-21 12:45:00,3,302.11523433869456,300.89334925241417
2017-08-21 13:00:00,3,302.21454568023836,300.9920178025264
2017-08-21 13:15:00,3,302.3100015769246,301.0874862506569
2017-08-21 13:30:00,3,302.40117095948165,301.17993402889334
2017-08-21 13:45:00,3,302.48747631321413,301.2689927491868
2017-08-21 14:00:00,3,302.56830003983583,301.3540426264266
2017-08-21 14:15:00,3,302.6428965738366,301.4343029783663
2017-08-21 14:30:00,3,302.7106226360282,301.5089807109717
2017-08-21 14:45:00,3,302.7713152846955,301.5775908355888
2017-08-21 15:00:00,3,302.82502274744826,301.639942892744
2017-08-21 15:15:00,3,302.8715357460227,301.69589124358174
2017-08-21 15:30:00,3,302.9106038505233,301.74529050054036
2017-08-21 15:45:00,3,302.9422804372839,301.7880772484221
2017-08-21 16:00:00,3,302.9666069405041,301.8240780556184
2017-08-21 16:15:00,3,302.9829841147714,301.8522691185976
2017-08-21 16:30:00,3,302.9904758794174,301.8713811240671
2017-08-21 16:45:00,3,302.9881628800572,301.88095519467873
2017-08-21 17:00:00,3,302.9751865664346,301.8810373131505
2017-08-21 17:15:00,3,302.9504017216216,301.87122471538896
2017-08-21 17:30:00,3,302.91367007963436,301.84943708414824
2017-08-21 17:45:00,3,302.8661421900386,301.8151954718195
2017-08-21 18:00:00,3,302.80846738948486,301.7689704673035
2017-08-21 18:15:00,3,302.7390715980204,301.71043523988004
2017-08-21 18:30:00,3,302.655614003165,301.6381402326729
2017-08-21 18:45:00,3,302.5542589585626,301.54899368880905
2017-08-21 19:00:00,3,302.4305681160844,301.4407257923633
2017-08-21 19:15:00,3,302.2889514532697,301.31196364990194
2017-08-21 19:30:00,3,302.1394553596966,301.1700355432695
2017-08-21 19:45:00,3,301.99012658775575,301.0257979299637
2017-08-21 20:00:00,3,301.8453971050918,300.8866063090031
2017-08-21 20:15:00,3,301.70713688548136,300.7547522562745
2017-08-21 20:30:00,3,301.5760097718988,300.6307502877999
2017-08-21 20:45:00,3,301.4526680653114,300.51085652167615
2017-08-21 21:00:00,3,301.33768653450454,300.39424232455207
2017-08-21 21:15:00,3,301.231173962432,300.28225227128985
2017-08-21 21:30:00,3,301.13275230484396,300.17610029922014
2017-08-21 21:45:00,3,301.0415901556641,300.07577899598465
2017-08-21 22:00:00,3,300.956700646218,299.98018927782323
2017-08-21 22:15:00,3,300.8772063859645,299.88959655310947
2017-08-21 22:30:00,3,300.8024427436313,299.807451311828
2017-08-21 22:45:00,3,300.73204110075187,299.7335820778578
2017-08-21 23:00:00,3,300.6657562978102,299.66585170816825
2017-08-21 23:15:00,3,300.6033025662285,299.602476984111
2017-08-21 23:30:00,3,300.54428537044544,299.5425800004269
2017-08-21 23:45:00,3,300.4881096389769,299.48569264067925
2017-08-22 00:00:00,3,300.434151594619,299.43135476053357
2017-08-22 00:15:00,3,300.3819264449908,299.37908061175665
2017-08-22 00:30:00,3,300.3310880836629,299.3284609321496
2017-08-22 00:45:00,3,300.28137440258826,299.2791770414437
2017-08-22 01:00:00,3,300.23257179636886,299.23096386288177
2017-08-22 01:15:00,3,300.1845094913554,299.18359214015584
2017-08-22 01:30:00,3,300.1371491440015,299.1369867944376
2017-08-22 01:45:00,3,300.0907969585509,299.09137744988556
2017-08-22 02:00:00,3,300.0458893725835,299.0471999708078
2017-08-22 02:15:00,3,300.0027161060716,299.0048451301486
2017-08-22 02:30:00,3,299.96156115109073,298.964645804403
2017-08-22 02:45:00,3,299.9232259260083,298.9271739137461
2017-08-22 03:00:00,3,299.8887761216037,298.8933605214421
2017-08-22 03:15:00,3,299.8589823042332,298.8639302445362
2017-08-22 03:30:00,3,299.8340177053524,298.83902714680073
2017-08-22 03:45:00,3,299.8130839938354,298.8180329971005
2017-08-22 04:00:00,3,299.7948535151118,298.79979745911874
2017-08-22 04:15:00,3,299.778163687367,298.78314623984124
2017-08-22 04:30:00,3,299.76216386652504,298.7671753480237
2017-08-22 04:45:00,3,299.7461008190849,298.751170712803
2017-08-22 05:00:00,3,299.72930478462575,298.73448019842067
2017-08-22 05:15:00,3,299.71129929486335,298.71652167158817
2017-08-22 05:30:00,3,299.6919056417998,298.6969934831391
2017-08-22 05:45:00,3,299.6725219126379,298.677296612664
2017-08-22 06:00:00,3,299.6582924695821,298.66169291140824
2017-08-22 06:15:00,3,299.65430179946276,298.65516205400314
2017-08-22 06:30:00,3,299.66270501467045,298.6607270463649
2017-08-22 06:45:00,3,299.6840908709277,298.6790642986662
2017-08-22 07:00:00,3,299.7179292262105,298.7091970198605
2017-08-22 07:15:00,3,299.7620835137606,298.748978823264
2017-08-22 07:30:00,3,299.81420825162047,298.7955063728257
2017-08-22 07:45:00,3,299.8740740461604,298.8466602001887
2017-08-22 08:00:00,3,299.9426731076559,298.8993875254115
2017-08-22 08:15:00,3,300.02041404565193,298.95229823995084
2017-08-22 08:30:00,3,300.1070252574231,299.011676363717
2017-08-22 08:45:00,3,300.2012986274547,299.0813071496202
2017-08-22 09:00:00,3,300.30135347539687,299.1610137531551
2017-08-22 09:15:00,3,300.4051463348869,299.24896650804175
2017-08-22 09:30:00,3,300.5110733210688,299.3441514476615
2017-08-22 09:45:00,3,300.6188510792986,299.4503247605571
2017-08-22 10:00:00,3,300.7291737364677,299.56304623177357
2017-08-22 10:15:00,3,300.8422284954457,299.6777829233928
2017-08-22 10:30:00,3,300.9572622620692,299.79214409708135
2017-08-22 10:45:00,3,301.07242857558015,299.9049063418242
2017-08-22 11:00:00,3,301.18542946465396,300.0148537363209
2017-08-22 11:15:00,3,301.2943138062956,300.12090893289053
2017-08-22 11:30:00,3,301.3979458860752,300.22223335907324
2017-08-22 11:45:00,3,301.4964769598203,300.3184721192391
2017-08-22 12:00:00,3,301.5906878673239,300.40997540203375
2017-08-22 12:15:00,3,301.681250669347,300.497491418755
2017-08-22 12:30:00,3,301.7691560636718,300.58199642903975
2017-08-22 12:45:00,3,301.855894157835,300.6647649156611
2017-08-22 13:00:00,3,301.9424823677623,300.74723554509427
2017-08-22 13:15:00,3,302.02895453803944,300.8306157320908
2017-08-22 13:30:00,3,302.11497359015544,300.9154410931058
2017-08-22 13:45:00,3,302.20094123893494,301.00184894348865
2017-08-22 14:00:00,3,302.28772082954055,301.0899668542748
2017-08-22 14:15:00,3,302.3757056608951,301.1800124734073
2017-08-22 14:30:00,3,302.4643224531659,301.2717775653263
2017-08-22 14:45:00,3,302.55132194371123,301.36341335699785
2017-08-22 15:00:00,3,302.63367755867336,301.4518112020017
2017-08-22 15:15:00,3,302.7087408614467,301.5339063389405
2017-08-22 15:30:00,3,302.77480632804725,301.6077103360523
2017-08-22 15:45:00,3,302.83121146128855,301.6725603521629
2017-08-22 16:00:00,3,302.8777535911014,301.7281855334025
2017-08-22 16:15:00,3,302.9138540941811,301.77409193117796
2017-08-22 16:30:00,3,302.938710983352,301.8097745312493
2017-08-22 16:45:00,3,302.9515960710728,301.8349284587052
2017-08-22 17:00:00,3,302.9518224808398,301.8489962600822
2017-08-22 17:15:00,3,302.93831975004827,301.8508411489693
2017-08-22 17:30:00,3,302.910960723727,301.83847620742824
2017-08-22 17:45:00,3,302.87086726678746,301.81165167800043
2017-08-22 18:00:00,3,302.81864572750345,301.77096372037
2017-08-22 18:15:00,3,302.7526100427359,301.7160316956127
2017-08-22 18:30:00,3,302.6702244846852,301.6452162815984
2017-08-22 18:45:00,3,302.5671447797514,301.55507110574626
2017-08-22 19:00:00,3,302.43842538046874,301.4429723335553
2017-08-22 19:15:00,3,302.28971812945656,301.30982186351207
2017-08-22 19:30:00,3,302.1328252833159,301.1626479838528
2017-08-22 19:45:00,3,301.9769854520699,301.0129754184704
2017-08-22 20:00:00,3,301.8273770422711,300.8694992319744
2017-08-22 20:15:00,3,301.6862428698528,300.7352972265012
2017-08-22 20:30:00,3,301.5541480305744,300.6101870886082
2017-08-22 20:45:00,3,301.43078973337595,300.4921970419977
2017-08-22 21:00:00,3,301.31546427922393,300.3782786204926
2017-08-22 21:15:00,3,301.2073382485297,300.2674222228683
2017-08-22 21:30:00,3,301.1057504354542,300.15994400441605
2017-08-22 21:45:00,3,301.0106914388617,300.05657357917954
2017-08-22 22:00:00,3,300.92248757550647,299.9579632900501
2017-08-22 22:15:00,3,300.8412681232817,299.86408401690477
2017-08-22 22:30:00,3,300.7668037556026,299.7792647721977
2017-08-22 22:45:00,3,300.69845229927296,299.7051832982212
2017-08-22 23:00:00,3,300.6353784187214,299.63977299828554
2017-08-22 23:15:00,3,300.576807643162,299.5801884891176
2017-08-22 23:30:00,3,300.5220237963985,299.5245755566019
2017-08-22 23:45:00,3,300.4701862746267,299.4720020624802
2017-08-23 00:00:00,3,300.42047732121205,299.4218607427952
2017-08-23 00:15:00,3,300.37228852016557,299.3735891038759
2017-08-23 00:30:00,3,300.3252092732276,299.3266902870413
2017-08-23 00:45:00,3,300.27894882782124,299.2807934405508
2017-08-23 01:00:00,3,300.233292976278,299.23565066093533
2017-08-23 01:15:00,3,300.1880869352149,299.19109686156753
2017-08-23 01:30:00,3,300.1432177233491,299.1470099470746
2017-08-23 01:45:00,3,300.0985969735286,299.10328366024055
2017-08-23 02:00:00,3,300.0541521095775,299.0598194791515
2017-08-23 02:15:00,3,300.00982270002805,299.0165295947517
2017-08-23 02:30:00,3,299.96550667020244,298.9732681306144
2017-08-23 02:45:00,3,299.92091507675417,298.9296776192121
2017-08-23 03:00:00,3,299.87565426328615,298.885186555694
2017-08-23 03:15:00,3,299.82942846450686,298.8392229361284
2017-08-23 03:30:00,3,299.7822667291657,298.79163203860844
2017-08-23 03:45:00,3,299.73476734580055,298.74300505958377
2017-08-23 04:00:00,3,299.6877518227594,298.69443681420415
2017-08-23 04:15:00,3,299.64185698605013,298.6469698815877
2017-08-23 04:30:00,3,299.5975129762585,298.6013439667095
2017-08-23 04:45:00,3,299.5551761879137,298.5581642203145
2017-08-23 05:00:00,3,299.51532762797297,298.51801952355345
2017-08-23 05:15:00,3,299.478300839227,298.4813743676379
2017-08-23 05:30:00,3,299.4443357621056,298.4486102346852
2017-08-23 05:45:00,3,299.41510499905337,298.42112646031984
2017-08-23 06:00:00,3,299.3959384927012,298.4025865541113
2017-08-23 06:15:00,3,299.3913476013065,298.3970128646955
2017-08-23 06:30:00,3,299.40226103341774,298.40622495491033
2017-08-23 06:45:00,3,299.4271508937177,298.4292593152838
2017-08-23 07:00:00,3,299.46359588706633,298.46360379452733
2017-08-23 07:15:00,3,299.5090956400853,298.50643932905615
2017-08-23 07:30:00,3,299.5611555996199,298.55451844258
2017-08-23 07:45:00,3,299.6179444105724,298.6055155905099
2017-08-23 08:00:00,3,299.6782654712376,298.6576789096592
2017-08-23 08:15:00,3,299.74235014533195,298.71055607599584
2017-08-23 08:30:00,3,299.8122424155381,298.7637358983746
2017-08-23 08:45:00,3,299.89114669462,298.81804929315444
2017-08-23 09:00:00,3,299.9818703929227,298.8802486638858
2017-08-23 09:15:00,3,300.0843511233213,298.9549345080781
2017-08-23 09:30:00,3,300.1964963793526,299.0427411440849
2017-08-23 09:45:00,3,300.3158340856293,299.1422915353897
2017-08-23 10:00:00,3,300.4403784355899,299.25287699908773
2017-08-23 10:15:00,3,300.5681728193919,299.3775425333334
2017-08-23 10:30:00,3,300.69776797394235,299.509518609993
2017-08-23 10:45:00,3,300.8302566632339,299.64315173257717
2017-08-23 11:00:00,3,300.96831402542847,299.7779978484323
2017-08-23 11:15:00,3,301.1138545180823,299.91631523051177
2017-08-23 11:30:00,3,301.2666317335167,300.0595724920852
2017-08-23 11:45:00,3,301.42366204983165,300.2065653545446
2017-08-23 12:00:00,3,301.580922183411,300.35406927697034
2017-08-23 12:15:00,3,301.7351613327685,300.49874182851084
2017-08-23 12:30:00,3,301.88464048348783,300.6386891987689
2017-08-23 12:45:00,3,302.02794346853693,300.77328914109233
2017-08-23 13:00:00,3,302.1629065581646,300.90210454463744
2017-08-23 13:15:00,3,302.2872781180518,301.0242304554018
2017-08-23 13:30:00,3,302.40007334585994,301.13882496253586
2017-08-23 13:45:00,3,302.5030334594855,301.24634256039275
2017-08-23 14:00:00,3,302.59915669679856,301.3485049995278
2017-08-23 14:15:00,3,302.69052094019474,301.446998984147
2017-08-23 14:30:00,3,302.77811504003853,301.5428702000819
2017-08-23 14:45:00,3,302.86261125942025,301.63656827439235
2017-08-23 15:00:00,3,302.9443077159813,301.72811440972225
2017-08-23 15:15:00,3,303.02276683571813,301.817066572107
2017-08-23 15:30:00,3,303.09686103592406,301.902404308868
2017-08-23 15:45:00,3,303.16457214415203,301.9822212138826
2017-08-23 16:00:00,3,303.22357292428154,302.05379236616744
2017-08-23 16:15:00,3,303.2717031177059,302.11464065954306
2017-08-23 16:30:00,3,303.3072799629791,302.1630185303768
2017-08-23 16:45:00,3,303.32902429121077,302.1978861913926
2017-08-23 17:00:00,3,303.33586285512786,302.2184341581287
2017-08-23 17:15:00,3,303.32670522608123,302.22375954516514
2017-08-23 17:30:00,3,303.3017937284106,302.21353966051095
2017-08-23 17:45:00,3,303.26281944985453,302.18856432790176
2017-08-23 18:00:00,3,303.2109110577732,302.149646425159
2017-08-23 18:15:00,3,303.1445709671037,302.09606760704384
2017-08-23 18:30:00,3,303.0610789561913,302.0255873921807
2017-08-23 18:45:00,3,302.95631083533175,301.93394872145666
2017-08-23 19:00:00,3,302.8256823009449,301.8179524546091
2017-08-23 19:15:00,3,302.67535224205847,301.6814946480192
2017-08-23 19:30:00,3,302.5172640914784,301.53485541079976
2017-08-23 19:45:00,3,302.35952267783847,301.389165237434
2017-08-23 20:00:00,3,302.20574544959146,301.2482891825716
2017-08-23 20:15:00,3,302.057143647397,301.1133828304233
2017-08-23 20:30:00,3,301.91405045220597,300.9824553977299
2017-08-23 20:45:00,3,301.7770059044981,300.8546878458057
2017-08-23 21:00:00,3,301.6465901458789,300.73113090542256
2017-08-23 21:15:00,3,301.5229780922276,300.61018910595953
2017-08-23 21:30:00,3,301.40603794660154,300.49175930829523
2017-08-23 21:45:00,3,301.2956893872895,300.37677059001874
2017-08-23 22:00:00,3,301.1918355155735,300.26608530514125
2017-08-23 22:15:00,3,301.0941949293662,300.15994740850095
2017-08-23 22:30:00,3,301.0022238019469,300.057918488375
2017-08-23 22:45:00,3,300.914955001231,299.958798574473
2017-08-23 23:00:00,3,300.83129267712434,299.86273656325346
2017-08-23 23:15:00,3,300.7503539197413,299.77328577747136
2017-08-23 23:30:00,3,300.6716849915158,299.6902591244584
2017-08-23 23:45:00,3,300.59557320193136,299.6118177246943
2017-08-24 00:00:00,3,300.5225690085667,299.53688347323435
2017-08-24 00:15:00,3,300.45296523520625,299.46538492933837
2017-08-24 00:30:00,3,300.38672138229146,299.3974276098738
2017-08-24 00:45:00,3,300.3234843539411,299.3326932063148
2017-08-24 01:00:00,3,300.26275047636057,299.270453310774
2017-08-24 01:15:00,3,300.2040650141681,299.209913761624
2017-08-24 01:30:00,3,300.147120210255,299.1505384064844
2017-08-24 01:45:00,3,300.09167329939845,299.09215593014386
2017-08-24 02:00:00,3,300.0375065354621,299.03483897235105
2017-08-24 02:15:00,3,299.98445238552614,298.9787078861864
2017-08-24 02:30:00,3,299.9324558419051,298.9239028680854
2017-08-24 02:45:00,3,299.8817321669458,298.8706752115829
2017-08-24 03:00:00,3,299.8326059216273,298.8193481187881
2017-08-24 03:15:00,3,299.78528898153235,298.77016811057047
2017-08-24 03:30:00,3,299.73976859178134,298.7231208020832
2017-08-24 03:45:00,3,299.69565828802985,298.6778362862624
2017-08-24 04:00:00,3,299.65240321216197,298.6337367169323
2017-08-24 04:15:00,3,299.60954810306487,298.5902895885568
2017-08-24 04:30:00,3,299.5668716915616,298.547230734746
2017-08-24 04:45:00,3,299.52454210990595,298.50467097270877
2017-08-24 05:00:00,3,299.4829109457821,298.4629464091083
2017-08-24 05:15:00,3,299.4422488761108,298.4223664950195
2017-08-24 05:30:00,3,299.4027171855259,298.38312473991886
2017-08-24 05:45:00,3,299.3654503149497,298.346446474696
2017-08-24 06:00:00,3,299.334837520498,298.315998792683
2017-08-24 06:15:00,3,299.3157694509009,298.29626298135105
2017-08-24 06:30:00,3,299.31098430387544,298.2904670573595
2017-08-24 06:45:00,3,299.32167330875615,298.3001459501223
2017-08-24 07:00:00,3,299.3479525686996,298.3255552965119
2017-08-24 07:15:00,3,299.38816084292057,298.3654675791784
2017-08-24 07:30:00,3,299.44045899816433,298.4178995173735
2017-08-24 07:45:00,3,299.5057778007525,298.48100691443284
2017-08-24 08:00:00,3,299.5860406384457,298.55377024723265
2017-08-24 08:15:00,3,299.6817490293299,298.63339441467303
2017-08-24 08:30:00,3,299.7920861424853,298.7139819473531
2017-08-24 08:45:00,3,299.91574808318023,298.8033585409074
2017-08-24 09:00:00,3,300.05138078356583,298.9068555223265
2017-08-24 09:15:00,3,300.19760829091643,299.02450787776667
2017-08-24 09:30:00,3,300.35258184315285,299.1538470510717
2017-08-24 09:45:00,3,300.51407665063374,299.29402832865213
2017-08-24 10:00:00,3,300.6797306595385,299.4525715648829
2017-08-24 10:15:00,3,300.84716868353104,299.62197208912727
2017-08-24 10:30:00,3,301.0144453557732,299.7931047596495
2017-08-24 10:45:00,3,301.18070366241386,299.96160148084783
2017-08-24 11:00:00,3,301.3458520071328,300.1273857709553
2017-08-24 11:15:00,3,301.5097714055518,300.29175429541175
2017-08-24 11:30:00,3,301.67193493539713,300.4551279657208
2017-08-24 11:45:00,3,301.8311216174389,300.61645893472433
2017-08-24 12:00:00,3,301.9859145087707,300.77394520773373
2017-08-24 12:15:00,3,302.1353432414575,300.9259892728028
2017-08-24 12:30:00,3,302.2795675404653,301.0722966113048
2017-08-24 12:45:00,3,302.41981314328723,301.213970109878
2017-08-24 13:00:00,3,302.5570773483792,301.3525421820839
2017-08-24 13:15:00,3,302.6914192783164,301.4889466432657
2017-08-24 13:30:00,3,302.8221787050612,301.6230808272487
2017-08-24 13:45:00,3,302.9481964075839,301.7539768933629
2017-08-24 14:00:00,3,303.0681675630658,301.88026128274964
2017-08-24 14:15:00,3,303.1808575286138,302.00053733501414
2017-08-24 14:30:00,3,303.2853365501498,302.11368052452434
2017-08-24 14:45:00,3,303.3812424563301,302.2189743318433
2017-08-24 15:00:00,3,303.4685405211473,302.3160286121884
2017-08-24 15:15:00,3,303.5470116984145,302.4044981012678
2017-08-24 15:30:00,3,303.6162191549106,302.4841801032609
2017-08-24 15:45:00,3,303.6757741205267,302.5547413330588
2017-08-24 16:00:00,3,303.7253059800813,302.61571455763794
2017-08-24 16:15:00,3,303.7640821601515,302.66627102173
2017-08-24 16:30:00,3,303.79121051044217,302.7054914271137
2017-08-24 16:45:00,3,303.8057972054487,302.7325593062901
2017-08-24 17:00:00,3,303.8070026407834,302.74656646747104
2017-08-24 17:15:00,3,303.7937118160567,302.74641745459206
2017-08-24 17:30:00,3,303.76587921675144,302.7316949936365
2017-08-24 17:45:00,3,303.7248665456765,302.7032132429787
2017-08-24 18:00:00,3,303.6716949661774,302.661913741869
2017-08-24 18:15:00,3,303.60537059569975,302.6073900944209
2017-08-24 18:30:00,3,303.52364184046064,302.53748533144017
2017-08-24 18:45:00,3,303.4222808032092,302.4475712834574
2017-08-24 19:00:00,3,303.2970642704419,302.33432441741417
2017-08-24 19:15:00,3,303.1537013023844,302.2018997912102
2017-08-24 19:30:00,3,303.0030128453491,302.0597643404557
2017-08-24 19:45:00,3,302.85273878767714,301.91778451980207
2017-08-24 20:00:00,3,302.7067057364351,301.7814832454786
2017-08-24 20:15:00,3,302.56633544853554,301.652171017043
2017-08-24 20:30:00,3,302.43177105097567,301.52930324004564
2017-08-24 20:45:00,3,302.3023739486437,301.4120237215772
2017-08-24 21:00:00,3,302.177216467571,301.29782633242854
2017-08-24 21:15:00,3,302.0554506238748,301.1859681670135
2017-08-24 21:30:00,3,301.93671151827374,301.0749407209885
2017-08-24 21:45:00,3,301.8218290756302,300.962470869363
2017-08-24 22:00:00,3,301.7120913283825,300.84975419225924
2017-08-24 22:15:00,3,301.60829869599706,300.73941032979263
2017-08-24 22:30:00,3,301.5106471333126,300.6333593523332
2017-08-24 22:45:00,3,301.41889765074603,300.53219019860103
2017-08-24 23:00:00,3,301.33258687005934,300.4355872703411
2017-08-24 23:15:00,3,301.2511854424662,300.3429105359289
2017-08-24 23:30:00,3,301.17416536968557,300.2534100315958
2017-08-24 23:45:00,3,301.1010046681425,300.16580217141126
2017-08-25 00:00:00,3,301.03120633354723,300.0843811907844
2017-08-25 00:15:00,3,300.964328868679,300.0102028538639
2017-08-25 00:30:00,3,300.9000351947058,299.94145392265494
2017-08-25 00:45:00,3,300.83814254190366,299.87609835194775
2017-08-25 01:00:00,3,300.77845899776145,299.81297677406593
2017-08-25 01:15:00,3,300.72070761988437,299.7515299983736
2017-08-25 01:30:00,3,300.6648087090263,299.6916248962185
2017-08-25 01:45:00,3,300.61142722922466,299.63388528365596
2017-08-25 02:00:00,3,300.56163809538293,299.57963057533743
2017-08-25 02:15:00,3,300.51629281753605,299.5302464023766
2017-08-25 02:30:00,3,300.4756857251594,299.4864399732985
2017-08-25 02:45:00,3,300.43926560141335,299.4478616504475
2017-08-25 03:00:00,3,300.4060552546477,299.41344064417206
2017-08-25 03:15:00,3,300.3751913564646,299.3821241713905
2017-08-25 03:30:00,3,300.34598442921737,299.3529660667137
2017-08-25 03:45:00,3,300.31770249707614,299.32511055566505
2017-08-25 04:00:00,3,300.28966757955556,299.2978441545928
2017-08-25 04:15:00,3,300.26141851924046,299.27065766211393
2017-08-25 04:30:00,3,300.23275023804786,299.2432936232944
2017-08-25 04:45:00,3,300.20375024956286,299.2157238230071
2017-08-25 05:00:00,3,300.17460926398707,299.18802127156613
2017-08-25 05:15:00,3,300.145455255977,299.1602366063237
2017-08-25 05:30:00,3,300.1163486820429,299.13235816114764
2017-08-25 05:45:00,3,300.08806356540384,299.1050527309785
2017-08-25 06:00:00,3,300.0640386185285,299.0808539329808
2017-08-25 06:15:00,3,300.04886058855203,299.0636497656248
2017-08-25 06:30:00,3,300.0455858738595,299.05703374933364
2017-08-25 06:45:00,3,300.05589317703783,299.06342052107107
2017-08-25 07:00:00,3,300.0806370774091,299.0839893657354
2017-08-25 07:15:00,3,300.11883999841325,299.11835939010984
2017-08-25 07:30:00,3,300.1688455738524,299.16497436779616
2017-08-25 07:45:00,3,300.23071388086316,299.2221004905266
2017-08-25 08:00:00,3,300.3052299917585,299.2874152507237
2017-08-25 08:15:00,3,300.39204207784877,299.35290853268305
2017-08-25 08:30:00,3,300.48988642881415,299.4238651675219
2017-08-25 08:45:00,3,300.59787285266736,299.5051858415898
2017-08-25 09:00:00,3,300.7156304909431,299.5985174858906
2017-08-25 09:15:00,3,300.8426796213039,299.706384870086
2017-08-25 09:30:00,3,300.97777359694305,299.83605802572583
2017-08-25 09:45:00,3,301.1190868436836,299.98015002316333
2017-08-25 10:00:00,3,301.2647912392644,300.12980448027815
2017-08-25 10:15:00,3,301.41314400052636,300.27983837189885
2017-08-25 10:30:00,3,301.5626408133532,300.4286060867483
2017-08-25 10:45:00,3,301.7120709342943,300.5759450741374
2017-08-25 11:00:00,3,301.8601907775258,300.72149769208374
2017-08-25 11:15:00,3,302.00569891222,300.8644675437827
2017-08-25 11:30:00,3,302.14688495756866,301.003427064807
2017-08-25 11:45:00,3,302.2803427879805,301.1357128742597
2017-08-25 12:00:00,3,302.4022482100113,301.2578579022638
2017-08-25 12:15:00,3,302.51031899704685,301.3670665221343
2017-08-25 12:30:00,3,302.60510045163704,301.46300726294976
2017-08-25 12:45:00,3,302.6907918550623,301.5487394216445
2017-08-25 13:00:00,3,302.7724431049026,301.62919534966665
2017-08-25 13:15:00,3,302.8532890015127,301.7087624018901
2017-08-25 13:30:00,3,302.93452290847523,301.78995438524004
2017-08-25 13:45:00,3,303.01563557165383,301.87287508994797
2017-08-25 14:00:00,3,303.0952588023106,301.9561107447413
2017-08-25 14:15:00,3,303.1717834267007,302.03777604411755
2017-08-25 14:30:00,3,303.2441788072584,302.11651839681406
2017-08-25 14:45:00,3,303.31306737738703,302.19234075359714
2017-08-25 15:00:00,3,303.3797293114327,302.26619777969086
2017-08-25 15:15:00,3,303.44465017198945,302.3388176823711
2017-08-25 15:30:00,3,303.5073038105297,302.4098711691692
2017-08-25 15:45:00,3,303.5660592106565,302.47786282670785
2017-08-25 16:00:00,3,303.6188124813289,302.54066804384405
2017-08-25 16:15:00,3,303.66355672646927,302.59609117279865
2017-08-25 16:30:00,3,303.6985783411295,302.64149676900246
2017-08-25 16:45:00,3,303.7221435598745,302.67508172677947
2017-08-25 17:00:00,3,303.73259290895083,302.6959147296023
2017-08-25 17:15:00,3,303.72824261701516,302.70296922469026
2017-08-25 17:30:00,3,303.7086080376273,302.695382881389
2017-08-25 17:45:00,3,303.6743682134589,302.6730042218963
2017-08-25 18:00:00,3,303.62586288120445,302.63594223675466
2017-08-25 18:15:00,3,303.56245674688597,302.5839054574991
2017-08-25 18:30:00,3,303.4827288689433,302.5154768340104
2017-08-25 18:45:00,3,303.38251142505186,302.4265991093585
2017-08-25 19:00:00,3,303.2571719625496,302.3139069942827
2017-08-25 19:15:00,3,303.11138113708785,302.1807797820548
2017-08-25 19:30:00,3,302.9550984333625,302.03579649179375
2017-08-25 19:45:00,3,302.79669197008724,301.8897011317347
2017-08-25 20:00:00,3,302.6414195564058,301.74846397271324
2017-08-25 20:15:00,3,302.4918872785733,301.6125542607051
2017-08-25 20:30:00,3,302.34930808416226,301.4802807296201
2017-08-25 20:45:00,3,302.2149071863389,301.3524503869647
2017-08-25 21:00:00,3,302.08975750384315,301.22968391357483
2017-08-25 21:15:00,3,301.9742481855738,301.11239511429693
2017-08-25 21:30:00,3,301.8680611888382,301.00140209256165
2017-08-25 21:45:00,3,301.7701993653206,300.89703542618656
2017-08-25 22:00:00,3,301.67941398671985,300.79880071906723
2017-08-25 22:15:00,3,301.59460238352466,300.7057355547021
2017-08-25 22:30:00,3,301.5148721505668,300.6168254666867
2017-08-25 22:45:00,3,301.439461118218,300.53110204302993
2017-08-25 23:00:00,3,301.3677041928182,300.4473497832765
2017-08-25 23:15:00,3,301.2990453465908,300.3680626445815
2017-08-25 23:30:00,3,301.23312285250154,300.2950338691272
2017-08-25 23:45:00,3,301.1699622981313,300.2275142688645
2017-08-26 00:00:00,3,301.10974588049294,300.1640970972238
2017-08-26 00:15:00,3,301.05253154072653,300.1039524583689
2017-08-26 00:30:00,3,300.9981800679356,300.0467658211887
2017-08-26 00:45:00,3,300.94629401514806,299.99217664948907
2017-08-26 01:00:00,3,300.8963447092528,299.93954531966847
2017-08-26 01:15:00,3,300.84788155373866,299.88816832660495
2017-08-26 01:30:00,3,300.8006873644979,299.83765485999965
2017-08-26 01:45:00,3,300.75480609177606,299.7880855363857
2017-08-26 02:00:00,3,300.71037027565967,299.7398326695261
2017-08-26 02:15:00,3,300.66746456204254,299.69326341602834
2017-08-26 02:30:00,3,300.62604076766394,299.6485025563334
2017-08-26 02:45:00,3,300.58580521080324,299.60535705571715
2017-08-26 03:00:00,3,300.54636474326185,299.5634470155869
2017-08-26 03:15:00,3,300.5074058120226,299.5224036518823
2017-08-26 03:30:00,3,300.468797532754,299.48205549515546
2017-08-26 03:45:00,3,300.4307436378476,299.4425390865949
2017-08-26 04:00:00,3,300.39359905008536,299.40418630561413
2017-08-26 04:15:00,3,300.3576303886201,299.36730604248703
2017-08-26 04:30:00,3,300.3230028238431,299.3322301647062
2017-08-26 04:45:00,3,300.28991329362873,299.29918453029535
2017-08-26 05:00:00,3,300.2585978162277,299.2683882463473
2017-08-26 05:15:00,3,300.22923226250407,299.2400723427098
2017-08-26 05:30:00,3,300.20183109985396,299.21428099458086
2017-08-26 05:45:00,3,300.1769239229732,299.19144582081657
2017-08-26 06:00:00,3,300.1576995410149,299.1735967896725
2017-08-26 06:15:00,3,300.14825942218494,299.1639225620003
2017-08-26 06:30:00,3,300.1512033590501,299.1653226598821
2017-08-26 06:45:00,3,300.16790232092075,299.17961025171076
2017-08-26 07:00:00,3,300.19844889037137,299.20728961642754
2017-08-26 07:15:00,3,300.24110463813844,299.24733347580263
2017-08-26 07:30:00,3,300.2938661168069,299.2979025367698
2017-08-26 07:45:00,3,300.3569859567519,299.35746713242366
2017-08-26 08:00:00,3,300.4320285920825,299.4241756160229
2017-08-26 08:15:00,3,300.51977828992904,299.49041536708944
2017-08-26 08:30:00,3,300.6200722518737,299.56306802565985
2017-08-26 08:45:00,3,300.73223949008684,299.64749603587734
2017-08-26 09:00:00,3,300.8545560953344,299.7443476987783
2017-08-26 09:15:00,3,300.98430689838494,299.85252210978626
2017-08-26 09:30:00,3,301.1188940507456,299.97465527835277
2017-08-26 09:45:00,3,301.25701311101506,300.1119650737403
2017-08-26 10:00:00,3,301.3983476965956,300.25678139496915
2017-08-26 10:15:00,3,301.54264621772694,300.4031596148183
2017-08-26 10:30:00,3,301.68881848255984,300.54892771734524
2017-08-26 10:45:00,3,301.83430042728,300.69319227443873
2017-08-26 11:00:00,3,301.97608131133643,300.83455645693357
2017-08-26 11:15:00,3,302.11186849257075,300.97110086679464
2017-08-26 11:30:00,3,302.2402291692611,301.1009785581718
2017-08-26 11:45:00,3,302.3602154907645,301.22280662200694
2017-08-26 12:00:00,3,302.47135453559616,301.3357715281098
2017-08-26 12:15:00,3,302.57366549223167,301.4396056237174
2017-08-26 12:30:00,3,302.66827740388084,301.53499853132763
2017-08-26 12:45:00,3,302.7579356750484,301.62400964688226
2017-08-26 13:00:00,3,302.8453470701107,301.7093974689081
2017-08-26 13:15:00,3,302.93186114600235,301.7934581957497
2017-08-26 13:30:00,3,303.01789019781563,301.87791009982357
2017-08-26 13:45:00,3,303.10390030391983,301.96400481331295
2017-08-26 14:00:00,3,303.1902765283804,302.05240738734534
2017-08-26 14:15:00,3,303.2767877049489,302.1428321404057
2017-08-26 14:30:00,3,303.3623319027602,302.2338198818659
2017-08-26 14:45:00,3,303.44437811559294,302.3223874301272
2017-08-26 15:00:00,3,303.5199971214648,302.4046968237907
2017-08-26 15:15:00,3,303.5869043026883,302.47769866062777
2017-08-26 15:30:00,3,303.6436144922322,302.53990037048374
2017-08-26 15:45:00,3,303.68935995220414,302.5910142721423
2017-08-26 16:00:00,3,303.72374771117995,302.6316512271712
2017-08-26 16:15:00,3,303.74617906263427,302.66269263908436
2017-08-26 16:30:00,3,303.75616892929617,302.68421755389693
2017-08-26 16:45:00,3,303.7538392154117,302.69558440191514
2017-08-26 17:00:00,3,303.7394272231259,302.6958302609948
2017-08-26 17:15:00,3,303.7124297689046,302.6837537175594
2017-08-26 17:30:00,3,303.67288027555867,302.65869429350016
2017-08-26 17:45:00,3,303.6218473179145,302.62094003573065
2017-08-26 18:00:00,3,303.55987809003807,302.57084245362375
2017-08-26 18:15:00,3,303.4855759947821,302.50780196456583
2017-08-26 18:30:00,3,303.3967501371889,302.43003224748077
2017-08-26 18:45:00,3,303.2894681385124,302.3341182666003
2017-08-26 19:00:00,3,303.15991130917917,302.2180172735006
2017-08-26 19:15:00,3,303.0136833763981,302.0863083292392
2017-08-26 19:30:00,3,302.86118236969753,301.9468977132701
2017-08-26 19:45:00,3,302.71000646647315,301.8060164911967
2017-08-26 20:00:00,3,302.564099610924,301.66843604751904
2017-08-26 20:15:00,3,302.4250245976142,301.53647317010365
2017-08-26 20:30:00,3,302.29321243531405,301.4107303177133
2017-08-26 20:45:00,3,302.1689502992772,301.29126696610706
2017-08-26 21:00:00,3,302.0524401392588,301.1758707690762
2017-08-26 21:15:00,3,301.9435669868932,301.06418579786225
2017-08-26 21:30:00,3,301.8419247710963,300.9569647048293
2017-08-26 21:45:00,3,301.74691823267875,300.8547133857397
2017-08-26 22:00:00,3,301.6578757463168,300.75722964684286
2017-08-26 22:15:00,3,301.5741417600406,300.66380654787406
2017-08-26 22:30:00,3,301.4952124459432,300.5735199888579
2017-08-26 22:45:00,3,301.42096109605166,300.48794153863696
2017-08-26 23:00:00,3,301.35141978903465,300.4105533257135
2017-08-26 23:15:00,3,301.2865000847664,300.3413748582933
2017-08-26 23:30:00,3,301.22586746432256,300.27845332793
2017-08-26 23:45:00,3,301.1687795496077,300.21984734064694
2017-08-27 00:00:00,3,301.1143655681262,300.1643020709752
2017-08-27 00:15:00,3,301.0619347699798,300.11110433761195
2017-08-27 00:30:00,3,301.0109685552913,300.05974605804306
2017-08-27 00:45:00,3,300.9609508823916,300.00966926043697
2017-08-27 01:00:00,3,300.91138543536147,299.96025659614105
2017-08-27 01:15:00,3,300.86189059723165,299.9109626916196
2017-08-27 01:30:00,3,300.8122451818498,299.8614462436379
2017-08-27 01:45:00,3,300.7624615481787,299.811648364387
2017-08-27 02:00:00,3,300.71268314721704,299.76172073459315
2017-08-27 02:15:00,3,300.66303751953853,299.7118638423443
2017-08-27 02:30:00,3,300.61370067333473,299.6623298711649
2017-08-27 02:45:00,3,300.56516109193666,299.61358304348795
2017-08-27 03:00:00,3,300.5180161103379,299.5662410263688
2017-08-27 03:15:00,3,300.4726693226482,299.5208238365623
2017-08-27 03:30:00,3,300.4292875656578,299.4775881297117
2017-08-27 03:45:00,3,300.38785275310323,299.43654762694337
2017-08-27 04:00:00,3,300.3482484444444,299.3975871265906
2017-08-27 04:15:00,3,300.31032674472925,299.3605553741869
2017-08-27 04:30:00,3,300.2739496063195,299.3252883339819
2017-08-27 04:45:00,3,300.2390531212673,299.29173985153386
2017-08-27 05:00:00,3,300.2056510412976,299.25977483675103
2017-08-27 05:15:00,3,300.1737733655415,299.22923487407115
2017-08-27 05:30:00,3,300.143623936734,299.2002548205807
2017-08-27 05:45:00,3,300.1168597773765,299.1743563070885
2017-08-27 06:00:00,3,300.09781744206526,299.1549557292689
2017-08-27 06:15:00,3,300.09019017116333,299.1455557562662
2017-08-27 06:30:00,3,300.09495278444354,299.14770649504754
2017-08-27 06:45:00,3,300.1108274170717,299.160604858298
2017-08-27 07:00:00,3,300.13585277160234,299.18229655796824
2017-08-27 07:15:00,3,300.16871869811933,299.2110476962785
2017-08-27 07:30:00,3,300.20926540345874,299.24629188146594
2017-08-27 07:45:00,3,300.25951072419906,299.2887318623061
2017-08-27 08:00:00,3,300.3218155234813,299.33895689824874
2017-08-27 08:15:00,3,300.3964004644367,299.39454745907994
2017-08-27 08:30:00,3,300.48211774940046,299.4524304643163
2017-08-27 08:45:00,3,300.57816507148283,299.5183856989931
2017-08-27 09:00:00,3,300.683741114883,299.59640298677795
2017-08-27 09:15:00,3,300.79757951005587,299.6867796164394
2017-08-27 09:30:00,3,300.91824122013224,299.7880084632696
2017-08-27 09:45:00,3,301.04368647750084,299.898845364855
2017-08-27 10:00:00,3,301.17152659747484,300.02279435746283
2017-08-27 10:15:00,3,301.2995950152575,300.15394172297164
2017-08-27 10:30:00,3,301.42643729779127,300.28482646218396
2017-08-27 10:45:00,3,301.551977993496,300.4116453606965
2017-08-27 11:00:00,3,301.67690088924985,300.5338728221374
2017-08-27 11:15:00,3,301.80159423615,300.6539248231533
2017-08-27 11:30:00,3,301.92592708229165,300.77377534448664
2017-08-27 11:45:00,3,302.0493392158187,300.8936849070557
2017-08-27 12:00:00,3,302.1710385843074,301.01278551771054
2017-08-27 12:15:00,3,302.290340994244,301.13007786298516
2017-08-27 12:30:00,3,302.407474762475,301.24533403842736
2017-08-27 12:45:00,3,302.52393827306616,301.35947198254786
2017-08-27 13:00:00,3,302.6413293375399,301.4740901214873
2017-08-27 13:15:00,3,302.7603395891991,301.5905434909007
2017-08-27 13:30:00,3,302.88079959382213,301.70930911180125
2017-08-27 13:45:00,3,303.001866172667,301.8299423603712
2017-08-27 14:00:00,3,303.12221107254436,301.9513207706736
2017-08-27 14:15:00,3,303.2402395098023,302.0719150516936
2017-08-27 14:30:00,3,303.3540132305941,302.1897080591098
2017-08-27 14:45:00,3,303.46056438636293,302.3019151244013
2017-08-27 15:00:00,3,303.5567810126519,302.4054168448969
2017-08-27 15:15:00,3,303.6403472988697,302.49760916138337
2017-08-27 15:30:00,3,303.7101792138754,302.577219772342
2017-08-27 15:45:00,3,303.7667127581368,302.6443491036314
2017-08-27 16:00:00,3,303.8108466146885,302.6996591746807
2017-08-27 16:15:00,3,303.8427744012452,302.74332017131655
2017-08-27 16:30:00,3,303.8621701916599,302.7748878385295
2017-08-27 16:45:00,3,303.86849556367486,302.7939665963577
2017-08-27 17:00:00,3,303.86102323761656,302.800037639792
2017-08-27 17:15:00,3,303.83860433784,302.7920662331318
2017-08-27 17:30:00,3,303.801100009182,302.76924334988894
2017-08-27 17:45:00,3,303.7497314215476,302.73172994809505
2017-08-27 18:00:00,3,303.6853688679273,302.67998721189616
2017-08-27 18:15:00,3,303.60691753272516,302.61365435412506
2017-08-27 18:30:00,3,303.51219136517585,302.531143093853
2017-08-27 18:45:00,3,303.39748315089906,302.4290846923061
2017-08-27 19:00:00,3,303.25956430790745,302.30556724063626
2017-08-27 19:15:00,3,303.10471511709807,302.1656919978441
2017-08-27 19:30:00,3,302.9438880048212,302.01967573288397
2017-08-27 19:45:00,3,302.78504202768966,301.873166166035
2017-08-27 20:00:00,3,302.632318312003,301.730658459938
2017-08-27 20:15:00,3,302.487358311134,301.5945159196177
2017-08-27 20:30:00,3,302.35047171951203,301.46529365073263
2017-08-27 20:45:00,3,302.22136430581935,301.34304010664255
2017-08-27 21:00:00,3,302.09948042056584,301.22446059269197
2017-08-27 21:15:00,3,301.98415549985754,301.10826480594505
2017-08-27 21:30:00,3,301.87481142642434,300.99478904241084
2017-08-27 21:45:00,3,301.7712419208161,300.88475194753875
2017-08-27 22:00:00,3,301.67338559348343,300.77855753550335
2017-08-27 22:15:00,3,301.58104051988073,300.6761030764023
2017-08-27 22:30:00,3,301.4938913820677,300.5767770964921
2017-08-27 22:45:00,3,301.41164252215214,300.48220989216236
2017-08-27 23:00:00,3,301.3339500790505,300.39605608054956
2017-08-27 23:15:00,3,301.2603679279395,300.3178419954293
2017-08-27 23:30:00,3,301.1903889180489,300.2450185168616
2017-08-27 23:45:00,3,301.12351941755753,300.17559121385955
2017-08-28 00:00:00,3,301.0593650465664,300.1088194579418
2017-08-28 00:15:00,3,300.9976276257965,300.04464625840586
2017-08-28 00:30:00,3,300.9381479033479,299.98315973460547
2017-08-28 00:45:00,3,300.88107936452496,299.92451632562677
2017-08-28 01:00:00,3,300.82669689189515,299.86893348392647
2017-08-28 01:15:00,3,300.7751423313064,299.81656717211047
2017-08-28 01:30:00,3,300.7262864620057,299.7672908797819
2017-08-28 01:45:00,3,300.67952862886386,299.7205188385127
2017-08-28 02:00:00,3,300.63407676851125,299.6753697639627
2017-08-28 02:15:00,3,300.58930157605016,299.6310186192656
2017-08-28 02:30:00,3,300.54488035991324,299.5870100346629
2017-08-28 02:45:00,3,300.5009369367539,299.5433803744731
2017-08-28 03:00:00,3,300.4578007519054,299.5004446635608
2017-08-28 03:15:00,3,300.41571705253807,299.458485075547
2017-08-28 03:30:00,3,300.3746820422877,299.4174999637064
2017-08-28 03:45:00,3,300.3342159444091,299.37706417514926
2017-08-28 04:00:00,3,300.2936347640999,299.3364832802362
2017-08-28 04:15:00,3,300.2524251820583,299.2950936693833
2017-08-28 04:30:00,3,300.21058933556776,299.25280022590505
2017-08-28 04:45:00,3,300.16926172479623,299.2106303153068
2017-08-28 05:00:00,3,300.13013105332226,299.1704119021789
2017-08-28 05:15:00,3,300.0945239487279,299.1339729372948
2017-08-28 05:30:00,3,300.06315009603094,299.10227070511905
2017-08-28 05:45:00,3,300.03690045047483,299.0762049004672
2017-08-28 06:00:00,3,300.0184932068674,299.0576354425684
2017-08-28 06:15:00,3,300.010009864553,299.0483329123569
2017-08-28 06:30:00,3,300.01153003486314,299.0487742894346
2017-08-28 06:45:00,3,300.022370232315,299.0583407012012
2017-08-28 07:00:00,3,300.0420200287254,299.07625406655967
2017-08-28 07:15:00,3,300.07081655349356,299.10239734228907
2017-08-28 07:30:00,3,300.1098333760313,299.1373346662526
2017-08-28 07:45:00,3,300.16029681985725,299.1815249683593
2017-08-28 08:00:00,3,300.22295224987846,299.2343708183926
2017-08-28 08:15:00,3,300.2964928693964,299.293274166447
2017-08-28 08:30:00,3,300.3785803178227,299.3508834738615
2017-08-28 08:45:00,3,300.46804893958836,299.4116845788407
2017-08-28 09:00:00,3,300.5648936014692,299.48077529507634
2017-08-28 09:15:00,3,300.6685053574442,299.55979232520707
2017-08-28 09:30:00,3,300.7776385827528,299.647975296308
2017-08-28 09:45:00,3,300.8916391163464,299.7443955215133
2017-08-28 10:00:00,3,301.0103041731809,299.8493549121728
2017-08-28 10:15:00,3,301.13321934793544,299.9673981808117
2017-08-28 10:30:00,3,301.2594780306171,300.0955733710735
2017-08-28 10:45:00,3,301.38677587350253,300.2264992900889
2017-08-28 11:00:00,3,301.5121367075867,300.3543130125099
2017-08-28 11:15:00,3,301.6331204493897,300.47579633127987
2017-08-28 11:30:00,3,301.7483769395478,300.58969445418245
2017-08-28 11:45:00,3,301.8580411956065,300.6971245368549
2017-08-28 12:00:00,3,301.96301240613514,300.7998291672972
2017-08-28 12:15:00,3,302.0641053733765,300.8990528823943
2017-08-28 12:30:00,3,302.16241174122246,300.9956898318965
2017-08-28 12:45:00,3,302.25947862479484,301.09079012972643
2017-08-28 13:00:00,3,302.356368662855,301.1855612275471
2017-08-28 13:15:00,3,302.4531481912047,301.2808428770067
2017-08-28 13:30:00,3,302.54935002338107,301.3767481593246
2017-08-28 13:45:00,3,302.6447323100513,301.47296308640693
2017-08-28 14:00:00,3,302.7392489870589,301.56929992401103
2017-08-28 14:15:00,3,302.8325720592989,301.66563031826934
2017-08-28 14:30:00,3,302.92412206742,301.76151346435336
2017-08-28 14:45:00,3,303.01305414510614,301.8561130545271
2017-08-28 15:00:00,3,303.098298933652,301.94823021766877
2017-08-28 15:15:00,3,303.1785494321989,302.0364282893056
2017-08-28 15:30:00,3,303.2523111463933,302.1191128620869
2017-08-28 15:45:00,3,303.3176336992957,302.1942107969118
2017-08-28 16:00:00,3,303.37245867704553,302.25940918662525
2017-08-28 16:15:00,3,303.41491068395055,302.3128314536469
2017-08-28 16:30:00,3,303.44356369156264,302.3530595206509
2017-08-28 16:45:00,3,303.45737657321916,302.37921962446813
2017-08-28 17:00:00,3,303.4554446988919,302.39046261839724
2017-08-28 17:15:00,3,303.43644252833803,302.3854771052844
2017-08-28 17:30:00,3,303.39983443046117,302.36307739112016
2017-08-28 17:45:00,3,303.34628064647126,302.3226443042457
2017-08-28 18:00:00,3,303.2770257352315,302.26495637156034
2017-08-28 18:15:00,3,303.19256957942207,302.19141619037225
2017-08-28 18:30:00,3,303.0922733592532,302.1026931576292
2017-08-28 18:45:00,3,302.97356966866903,301.997617435552
2017-08-28 19:00:00,3,302.834622906793,301.8752701157256
2017-08-28 19:15:00,3,302.6818276418443,301.7385057526609
2017-08-28 19:30:00,3,302.52511831083416,301.59372006393596
2017-08-28 19:45:00,3,302.37135164991537,301.44915129558655
2017-08-28 20:00:00,3,302.22381540067516,301.3101735728627
2017-08-28 20:15:00,3,302.08361019020236,301.17859254379044
2017-08-28 20:30:00,3,301.95076133315524,301.05356275361
2017-08-28 20:45:00,3,301.8248602656241,300.93138773871283
2017-08-28 21:00:00,3,301.7053214990032,300.8107534776851
2017-08-28 21:15:00,3,301.59148832143234,300.6920364919674
2017-08-28 21:30:00,3,301.48284774512,300.5757606961553
2017-08-28 21:45:00,3,301.37935324981265,300.4619875310253
2017-08-28 22:00:00,3,301.2810389826632,300.3498447420513
2017-08-28 22:15:00,3,301.1876637611869,300.2441879571111
2017-08-28 22:30:00,3,301.0989288728108,300.14747545159577
2017-08-28 22:45:00,3,301.0149498212563,300.0583578756708
2017-08-28 23:00:00,3,300.93612580559085,299.975206125371
2017-08-28 23:15:00,3,300.86275232229286,299.8977317875556
2017-08-28 23:30:00,3,300.79479113473604,299.8262642512465
2017-08-28 23:45:00,3,300.73165057986523,299.76056538614887
2017-08-29 00:00:00,3,300.67243447913813,299.69957966471634
2017-08-29 00:15:00,3,300.6163312553692,299.64198795329116
2017-08-29 00:30:00,3,300.5627314821451,299.58680893058084
2017-08-29 00:45:00,3,300.5111994868162,299.53365727723605
2017-08-29 01:00:00,3,300.4614839079813,299.4826072530318
2017-08-29 01:15:00,3,300.4134574218896,299.4338667768657
2017-08-29 01:30:00,3,300.366990694582,299.3874818313061
2017-08-29 01:45:00,3,300.3218224403191,299.3431804743177
2017-08-29 02:00:00,3,300.277611442306,299.3004581857833
2017-08-29 02:15:00,3,300.2340581096746,299.2587938183974
2017-08-29 02:30:00,3,300.19099096142963,299.217841899012
2017-08-29 02:45:00,3,300.1484482473303,299.17745537582255
2017-08-29 03:00:00,3,300.106528331457,299.1375582824117
2017-08-29 03:15:00,3,300.06526626015625,299.0980577768268
2017-08-29 03:30:00,3,300.02497063215066,299.05928034794465
2017-08-29 03:45:00,3,299.98708777273276,299.02274484628776
2017-08-29 04:00:00,3,299.953408292176,298.99071562913974
2017-08-29 04:15:00,3,299.9248140110785,298.9645513975671
2017-08-29 04:30:00,3,299.9010232643047,298.94395919956804
2017-08-29 04:45:00,3,299.8807093473537,298.9272799071387
2017-08-29 05:00:00,3,299.8622838981741,298.91238678528487
2017-08-29 05:15:00,3,299.8445380979437,298.8974626358005
2017-08-29 05:30:00,3,299.8267420311614,298.8813012757204
2017-08-29 05:45:00,3,299.8084913611707,298.8634412719683
2017-08-29 06:00:00,3,299.790261370721,298.84465324962554
2017-08-29 06:15:00,3,299.77431570902957,298.8272552904446
2017-08-29 06:30:00,3,299.76350465000127,298.8144218207834
2017-08-29 06:45:00,3,299.760300321111,298.80906679617715
2017-08-29 07:00:00,3,299.76636414250345,298.8131710271651
2017-08-29 07:15:00,3,299.7830201190406,298.8278470040892
2017-08-29 07:30:00,3,299.8116795369458,298.8539538828229
2017-08-29 07:45:00,3,299.85500934593347,298.89300184814294
2017-08-29 08:00:00,3,299.91553916737286,298.946209472911
2017-08-29 08:15:00,3,299.9931618877013,299.01258890195874
2017-08-29 08:30:00,3,300.0860332390538,299.08743919330607
2017-08-29 08:45:00,3,300.19287499878686,299.1663801104093
2017-08-29 09:00:00,3,300.3131734419693,299.25509628166424
2017-08-29 09:15:00,3,300.44634259332724,299.3580640174098
2017-08-29 09:30:00,3,300.5912455013566,299.4741978522474
2017-08-29 09:45:00,3,300.7469915784692,299.60623665225523
2017-08-29 10:00:00,3,300.9130799116995,299.7638020898714
2017-08-29 10:15:00,3,301.0887197473743,299.9434662410676
2017-08-29 10:30:00,3,301.2719716605303,300.1335430881709
2017-08-29 10:45:00,3,301.45803338157623,300.3242065415014
2017-08-29 11:00:00,3,301.6407710132301,300.50959223973473
2017-08-29 11:15:00,3,301.8151298137154,300.6864297202418
2017-08-29 11:30:00,3,301.9782602957424,300.8529001525023
2017-08-29 11:45:00,3,302.1297735586064,301.0084070013005
2017-08-29 12:00:00,3,302.27058583013377,301.15361732680424
2017-08-29 12:15:00,3,302.402202102672,301.29003870995103
2017-08-29 12:30:00,3,302.5263752552748,301.41942093948074
2017-08-29 12:45:00,3,302.644364905714,301.54297696634353
2017-08-29 13:00:00,3,302.756087780764,301.66068957657484
2017-08-29 13:15:00,3,302.86034450185116,301.7712182656248
2017-08-29 13:30:00,3,302.95581801165645,301.8726911935634
2017-08-29 13:45:00,3,303.04116551896385,301.96362714492057
2017-08-29 14:00:00,3,303.1152631118479,302.0430082169273
2017-08-29 14:15:00,3,303.17718478006253,302.10995429926874
2017-08-29 14:30:00,3,303.22654198522997,302.16405422908474
2017-08-29 14:45:00,3,303.26428416265685,302.2062502848548
2017-08-29 15:00:00,3,303.2920835069324,302.23830567750736
2017-08-29 15:15:00,3,303.3117218115173,302.2622092552485
2017-08-29 15:30:00,3,303.32487809046154,302.2799212643475
2017-08-29 15:45:00,3,303.3333119096174,302.29338357117274
2017-08-29 16:00:00,3,303.33818302803724,302.30400305734736
2017-08-29 16:15:00,3,303.3393509701801,302.3120204777892
2017-08-29 16:30:00,3,303.336052314794,302.3167754210054
2017-08-29 16:45:00,3,303.32780359526066,302.3175108367268
2017-08-29 17:00:00,3,303.3139358741151,302.3132575232421
2017-08-29 17:15:00,3,303.29254768977944,302.30224988057734
2017-08-29 17:30:00,3,303.26196562651313,302.2824850753169
2017-08-29 17:45:00,3,303.22161459970334,302.25265133920203
2017-08-29 18:00:00,3,303.17125313985207,302.2121969496163
2017-08-29 18:15:00,3,303.1100047836682,302.1605651714974
2017-08-29 18:30:00,3,303.0358063300249,302.09623684013786
2017-08-29 18:45:00,3,302.9452753891746,302.0162069936781
2017-08-29 19:00:00,3,302.83587949023075,301.9187250131499
2017-08-29 19:15:00,3,302.71271940256764,301.80723433754093
2017-08-29 19:30:00,3,302.58473091917494,301.68950851373364
2017-08-29 19:45:00,3,302.45847608338164,301.5723602643146
2017-08-29 20:00:00,3,302.33737690949107,301.4591909522069
2017-08-29 20:15:00,3,302.2228110325267,301.3514918726152
2017-08-29 20:30:00,3,302.11504137153133,301.24987829887823
2017-08-29 20:45:00,3,302.01376124956505,301.15348531079457
2017-08-29 21:00:00,3,301.9184385151306,301.06154959496087
2017-08-29 21:15:00,3,301.82847299008216,300.97392657917504
2017-08-29 21:30:00,3,301.74323088657343,300.8899616204002
2017-08-29 21:45:00,3,301.6620265969454,300.8085022632715
2017-08-29 22:00:00,3,301.5841875840206,300.728828899125
2017-08-29 22:15:00,3,301.5091372401091,300.6505552242831
2017-08-29 22:30:00,3,301.43648523492516,300.5734483483405
2017-08-29 22:45:00,3,301.36616340649095,300.4973923016373
2017-08-29 23:00:00,3,301.2982118480599,300.4223159696327
2017-08-29 23:15:00,3,301.232572025773,300.3480046460294
2017-08-29 23:30:00,3,301.16920686149354,300.2741696413269
2017-08-29 23:45:00,3,301.108438409965,300.20540048303457
2017-08-30 00:00:00,3,301.0507211269282,300.1428743604027
2017-08-30 00:15:00,3,300.9963036770254,300.08556266428127
2017-08-30 00:30:00,3,300.94515380916994,300.03223511411096
2017-08-30 00:45:00,3,300.8969247058938,299.9821060360249
2017-08-30 01:00:00,3,300.8511134455475,299.9346289039388
2017-08-30 01:15:00,3,300.8072474923602,299.889273387274
2017-08-30 01:30:00,3,300.7648538635671,299.8454136236598
2017-08-30 01:45:00,3,300.72325343558805,299.8022712930348
2017-08-30 02:00:00,3,300.6817421269916,299.7590249670957
2017-08-30 02:15:00,3,300.6398515533695,299.7150401786495
2017-08-30 02:30:00,3,300.59750045450005,299.67016194823145
2017-08-30 02:45:00,3,300.5551520185006,299.6248891999967
2017-08-30 03:00:00,3,300.51348378414315,299.5801251258834
2017-08-30 03:15:00,3,300.4730168463915,299.5367152769576
2017-08-30 03:30:00,3,300.4340121641055,299.49518054415756
2017-08-30 03:45:00,3,300.3964843170301,299.4557649052591
2017-08-30 04:00:00,3,300.3603754234307,299.41859420955257
2017-08-30 04:15:00,3,300.3256323691163,299.38383746838343
2017-08-30 04:30:00,3,300.29214595895246,299.3513357980301
2017-08-30 04:45:00,3,300.25962994837937,299.320442176936
2017-08-30 05:00:00,3,300.22765942147527,299.29020997009246
2017-08-30 05:15:00,3,300.19584862416156,299.2597555709526
2017-08-30 05:30:00,3,300.1640785151364,299.2287249535077
2017-08-30 05:45:00,3,300.13344862929534,299.19826726170453
2017-08-30 06:00:00,3,300.10769593762075,299.17180835032696
2017-08-30 06:15:00,3,300.09139641506215,299.1538437697271
2017-08-30 06:30:00,3,300.0873075486557,299.1477017270167
2017-08-30 06:45:00,3,300.096368907743,299.15471980920023
2017-08-30 07:00:00,3,300.118455268129,299.1747024982117
2017-08-30 07:15:00,3,300.15212350722067,299.2063877305858
2017-08-30 07:30:00,3,300.1956061096463,299.2479213730453
2017-08-30 07:45:00,3,300.24779497462373,299.29722542309014
2017-08-30 08:00:00,3,300.3075842565204,299.35174521710303
2017-08-30 08:15:00,3,300.37323787196755,299.4081852684384
2017-08-30 08:30:00,3,300.4428335153013,299.4624012954446
2017-08-30 08:45:00,3,300.5161017032426,299.51803097500374
2017-08-30 09:00:00,3,300.59461263716355,299.57878791628514
2017-08-30 09:15:00,3,300.68204278228325,299.64599795967706
2017-08-30 09:30:00,3,300.783272498869,299.72516161254117
2017-08-30 09:45:00,3,300.9020002377433,299.8246960051004
2017-08-30 10:00:00,3,301.03960050364657,299.95368073353785
2017-08-30 10:15:00,3,301.19336305930096,300.10547530081635
2017-08-30 10:30:00,3,301.3574443732167,300.2687973880184
2017-08-30 10:45:00,3,301.5246937182543,300.4341508660981
2017-08-30 11:00:00,3,301.68839061158235,300.59533813448274
2017-08-30 11:15:00,3,301.8436568554636,300.7486659678339
2017-08-30 11:30:00,3,301.9879567551206,300.8920772786628
2017-08-30 11:45:00,3,302.12123126268943,301.02516769671496
2017-08-30 12:00:00,3,302.2447483644947,301.1487781347148
2017-08-30 12:15:00,3,302.35984750708155,301.26423607056967
2017-08-30 12:30:00,3,302.4682416665757,301.3731676393594
2017-08-30 12:45:00,3,302.5723747443336,301.47762929189764
2017-08-30 13:00:00,3,302.674216503451,301.57968658068364
2017-08-30 13:15:00,3,302.7744537591023,301.6806957544514
2017-08-30 13:30:00,3,302.872768311251,301.7809120377477
2017-08-30 13:45:00,3,302.9681547032082,301.8795425591826
2017-08-30 14:00:00,3,303.059395269203,301.97531546621684
2017-08-30 14:15:00,3,303.14528322705735,302.06651592017994
2017-08-30 14:30:00,3,303.22473055609004,302.1512378424463
2017-08-30 14:45:00,3,303.2967976870622,302.2280756446201
2017-08-30 15:00:00,3,303.36068204179827,302.29634901756526
2017-08-30 15:15:00,3,303.4154731828681,302.3556956343509
2017-08-30 15:30:00,3,303.46062571964757,302.40644294102384
2017-08-30 15:45:00,3,303.4970157408144,302.45009504230114
2017-08-30 16:00:00,3,303.5259464481444,302.48805897104444
2017-08-30 16:15:00,3,303.54762555262926,302.5203499611074
2017-08-30 16:30:00,3,303.5613650853554,302.5457311937537
2017-08-30 16:45:00,3,303.5660279430405,302.5623681486618
2017-08-30 17:00:00,3,303.5602093292677,302.56844047767606
2017-08-30 17:15:00,3,303.5417789523672,302.5618563949791
2017-08-30 17:30:00,3,303.5091441928487,302.5408765089467
2017-08-30 17:45:00,3,303.4626007655903,302.50524896730326
2017-08-30 18:00:00,3,303.4031976478999,302.45601170441665
2017-08-30 18:15:00,3,303.3312741278022,302.39416196347906
2017-08-30 18:30:00,3,303.24593252466826,302.31936213295506
2017-08-30 18:45:00,3,303.1445452382217,302.22916379107215
2017-08-30 19:00:00,3,303.0250804835095,302.12237618835576
2017-08-30 19:15:00,3,302.89277055131197,302.00259150788975
2017-08-30 19:30:00,3,302.7562599639206,301.8774807646422
2017-08-30 19:45:00,3,302.62167999022927,301.7537168465092
2017-08-30 20:00:00,3,302.4921284092482,301.63393211985215
2017-08-30 20:15:00,3,302.368816493529,301.519504189912
2017-08-30 20:30:00,3,302.2521381775701,301.41033906667207
2017-08-30 20:45:00,3,302.14259339613244,301.3060183370056
2017-08-30 21:00:00,3,302.0406726891824,301.20694519047936
2017-08-30 21:15:00,3,301.9464770986887,301.11382382914957
2017-08-30 21:30:00,3,301.85954235344735,301.02594569428646
2017-08-30 21:45:00,3,301.77855155811005,300.9425041630555
2017-08-30 22:00:00,3,301.70187209239475,300.8625804367765
2017-08-30 22:15:00,3,301.62815838928765,300.785126645413
2017-08-30 22:30:00,3,301.5565590690537,300.70918248893844
2017-08-30 22:45:00,3,301.4868591279822,300.6341392451286
2017-08-30 23:00:00,3,301.41909424465166,300.5596953648038
2017-08-30 23:15:00,3,301.3532092327902,300.485522894546
2017-08-30 23:30:00,3,301.28902796908477,300.4118122581079
2017-08-30 23:45:00,3,301.2262669341132,300.3418566824288
2017-08-31 00:00:00,3,301.1645551082006,300.27575867259526
2017-08-31 00:15:00,3,301.1035138178385,300.211592804189
2017-08-31 00:30:00,3,301.0431138998278,300.14785789936747
2017-08-31 00:45:00,3,300.9843393237216,300.0849266370342
2017-08-31 01:00:00,3,300.928692604823,300.0246700770437
2017-08-31 01:15:00,3,300.8773614397388,299.96911630106115
2017-08-31 01:30:00,3,300.8308119549283,299.9193180263029
2017-08-31 01:45:00,3,300.7884553129017,299.8749699229508
2017-08-31 02:00:00,3,300.74918212607173,299.83489345766174
2017-08-31 02:15:00,3,300.71201350448763,299.7977960248912
2017-08-31 02:30:00,3,300.6762366160798,299.7626844574147
2017-08-31 02:45:00,3,300.6413106260649,299.72886529710746
2017-08-31 03:00:00,3,300.60682803335897,299.6959317819972
2017-08-31 03:15:00,3,300.5725135611575,299.66349375110696
2017-08-31 03:30:00,3,300.5381749875951,299.63118677085777
2017-08-31 03:45:00,3,300.5036240760145,299.5987202924736
2017-08-31 04:00:00,3,300.4687004579676,299.56588137426775
2017-08-31 04:15:00,3,300.43330940729203,299.5325372129527
2017-08-31 04:30:00,3,300.39739903749444,299.49850863969954
2017-08-31 04:45:00,3,300.360883836173,299.46372780385514
2017-08-31 05:00:00,3,300.3236219757597,299.42814617707955
2017-08-31 05:15:00,3,300.28547629431125,299.39165641514364
2017-08-31 05:30:00,3,300.2465750342909,299.35436053644565
2017-08-31 05:45:00,3,300.20805401227284,299.31718468642737
2017-08-31 06:00:00,3,300.17251266803083,299.2825557652675
2017-08-31 06:15:00,3,300.143923864521,299.25394168321424
2017-08-31 06:30:00,3,300.12570967498476,299.2346141337233
2017-08-31 06:45:00,3,300.1197973504009,299.22668096583976
2017-08-31 07:00:00,3,300.12693954250585,299.23097879666227
2017-08-31 07:15:00,3,300.1472172142267,299.2474295165552
2017-08-31 07:30:00,3,300.1803230579104,299.27545919968975
2017-08-31 07:45:00,3,300.2258359422535,299.3142565489509
2017-08-31 08:00:00,3,300.2830417210253,299.3626392132645
2017-08-31 08:15:00,3,300.3505145053447,299.41837149222584
2017-08-31 08:30:00,3,300.4269953723534,299.47661721457064
2017-08-31 08:45:00,3,300.5123195694443,299.5368613217702
2017-08-31 09:00:00,3,300.6062715416023,299.6040931365966
2017-08-31 09:15:00,3,300.707470573452,299.68094065546967
2017-08-31 09:30:00,3,300.81405426945446,299.76680430192505
2017-08-31 09:45:00,3,300.9250401710811,299.860039617851
2017-08-31 10:00:00,3,301.0403526988801,299.9617687639026
2017-08-31 10:15:00,3,301.1599910758489,300.07744577881357
2017-08-31 10:30:00,3,301.28317040998627,300.2023760092202
2017-08-31 10:45:00,3,301.40799294701526,300.3300061535653
2017-08-31 11:00:00,3,301.5322449249238,300.45592351320477
2017-08-31 11:15:00,3,301.6540945969928,300.57809234072073
2017-08-31 11:30:00,3,301.77207560874643,300.6956253021408
2017-08-31 11:45:00,3,301.88475881928275,300.80771225839817
2017-08-31 12:00:00,3,301.9909882325479,300.9133938381481
2017-08-31 12:15:00,3,302.0901672268726,301.01193375732345
2017-08-31 12:30:00,3,302.1828036300443,301.10341039295423
2017-08-31 12:45:00,3,302.27056962674743,301.1888919862851
2017-08-31 13:00:00,3,302.35493733827576,301.26986389595334
2017-08-31 13:15:00,3,302.4363568879652,301.3475643942121
2017-08-31 13:30:00,3,302.5147160874553,301.4227487855216
2017-08-31 13:45:00,3,302.5902024898767,301.49587911803525
2017-08-31 14:00:00,3,302.66321094242437,301.5674051892662
2017-08-31 14:15:00,3,302.733730805984,301.6375920771483
2017-08-31 14:30:00,3,302.8013918917732,301.7063206810112
2017-08-31 14:45:00,3,302.86573018904073,301.7731138957907
2017-08-31 15:00:00,3,302.92609616128703,301.8372272104785
2017-08-31 15:15:00,3,302.9813922013399,301.8976639898763
2017-08-31 15:30:00,3,303.0304864321799,301.9533090669174
2017-08-31 15:45:00,3,303.0724914663627,302.0031418529576
2017-08-31 16:00:00,3,303.10660217481086,302.0462654330854
2017-08-31 16:15:00,3,303.1316682044775,302.0814101944178
2017-08-31 16:30:00,3,303.1464999492542,302.10729946641163
2017-08-31 16:45:00,3,303.1501731699034,302.1230645191159
2017-08-31 17:00:00,3,303.1417984323415,302.1275766495513
2017-08-31 17:15:00,3,303.11973687792124,302.1186281940791
2017-08-31 17:30:00,3,303.0827897573426,302.0945874845976
2017-08-31 17:45:00,3,303.0315276111694,302.05549566742224
2017-08-31 18:00:00,3,302.9671525096208,302.00261329625897
2017-08-31 18:15:00,3,302.8899529999439,301.93699375687805
2017-08-31 18:30:00,3,302.79864842322803,301.8582066943602
2017-08-31 18:45:00,3,302.6899743682284,301.76403524821535
2017-08-31 19:00:00,3,302.5617959151086,301.6534055426367
2017-08-31 19:15:00,3,302.4194155265364,301.5246838442816
2017-08-31 19:30:00,3,302.27158057841586,301.38555846744543
2017-08-31 19:45:00,3,302.1252475805844,301.2458264084016
2017-08-31 20:00:00,3,301.9845977556247,301.11170381204795
2017-08-31 20:15:00,3,301.85155167589426,300.9860712773927
2017-08-31 20:30:00,3,301.7266224966724,300.86560823046494
2017-08-31 20:45:00,3,301.6095500281664,300.74831299639845
2017-08-31 21:00:00,3,301.49971412845696,300.63421573346307
2017-08-31 21:15:00,3,301.39638258125535,300.52374957534903
2017-08-31 21:30:00,3,301.29887292039234,300.41673283263276
2017-08-31 21:45:00,3,301.20671846121706,300.311909791277
2017-08-31 22:00:00,3,301.11959703622034,300.21506881771813
2017-08-31 22:15:00,3,301.0371829294705,300.12786233286016
2017-08-31 22:30:00,3,300.9591348695173,300.04817393723334
2017-08-31 22:45:00,3,300.88517576399727,299.97363577552113
2017-08-31 23:00:00,3,300.8150652257036,299.9031751716142
2017-08-31 23:15:00,3,300.74853201415834,299.8366034111051
2017-08-31 23:30:00,3,300.6853221025996,299.7738681449222
2017-08-31 23:45:00,3,300.6253250423833,299.71478657580366
2017-09-01 00:00:00,3,300.5684478683718,299.65906387950764
2017-08-01 00:15:00,4,301.00729631256246,298.8224700359952
2017-08-01 00:30:00,4,300.9470499625383,298.76481255186474
2017-08-01 00:45:00,4,300.8887745172912,298.7094784519615
2017-08-01 01:00:00,4,300.83086501266695,298.6547780572122
2017-08-01 01:15:00,4,300.77216208183745,298.5992123128789
2017-08-01 01:30:00,4,300.71209984839214,298.5419712720918
2017-08-01 01:45:00,4,300.6507420544348,298.4829830491585
2017-08-01 02:00:00,4,300.58844727447934,298.422600008198
2017-08-01 02:15:00,4,300.5255485287186,298.36124672358955
2017-08-01 02:30:00,4,300.4624570523211,298.29946930373853
2017-08-01 02:45:00,4,300.4000882364873,298.2382691614599
2017-08-01 03:00:00,4,300.3395759982814,298.1790136749283
2017-08-01 03:15:00,4,300.28177334196795,298.12294598878043
2017-08-01 03:30:00,4,300.2270443134236,298.0706460192368
2017-08-01 03:45:00,4,300.1750936472357,298.0217437478518
2017-08-01 04:00:00,4,300.12526381082705,297.9752255419712
2017-08-01 04:15:00,4,300.0769676061509,297.93007965879525
2017-08-01 04:30:00,4,300.0298725532431,297.88575509645506
2017-08-01 04:45:00,4,299.98388742993876,297.8422021638972
2017-08-01 05:00:00,4,299.9390256702666,297.79962438595294
2017-08-01 05:15:00,4,299.89532084957597,297.7582486656429
2017-08-01 05:30:00,4,299.8536162919877,297.71920338574387
2017-08-01 05:45:00,4,299.8235055942304,297.6920008211152
2017-08-01 06:00:00,4,299.8301732397447,297.6942837492977
2017-08-01 06:15:00,4,299.88561305377857,297.7340016580922
2017-08-01 06:30:00,4,299.9837845223057,297.79050688882336
2017-08-01 06:45:00,4,300.1159957335071,297.89028588766826
2017-08-01 07:00:00,4,300.2747722436314,298.0286970537939
2017-08-01 07:15:00,4,300.4510578133307,298.1888154377145
2017-08-01 07:30:00,4,300.6363490628378,298.3577820187181
2017-08-01 07:45:00,4,300.8253538485032,298.5308314816674
2017-08-01 08:00:00,4,301.015276633419,298.7083104377066
2017-08-01 08:15:00,4,301.20429143672595,298.89843114856717
2017-08-01 08:30:00,4,301.39178334085574,299.0890206130611
2017-08-01 08:45:00,4,301.57842466259206,299.27219956989023
2017-08-01 09:00:00,4,301.7646579588255,299.44599997702267
2017-08-01 09:15:00,4,301.9494101719775,299.6101044608515
2017-08-01 09:30:00,4,302.13110574863555,299.7694463156786
2017-08-01 09:45:00,4,302.3079945907703,299.9250480431642
2017-08-01 10:00:00,4,302.4782444370013,300.0738536826473
2017-08-01 10:15:00,4,302.64004303972047,300.2141672856086
2017-08-01 10:30:00,4,302.79205977312785,300.3477377432218
2017-08-01 10:45:00,4,302.9340235023005,300.4751189711418
2017-08-01 11:00:00,4,303.06609054555736,300.5957799639766
2017-08-01 11:15:00,4,303.1880237037293,300.7089049475732
2017-08-01 11:30:00,4,303.29911455657793,300.8135774528784
2017-08-01 11:45:00,4,303.3981479590738,300.90861112019417
2017-08-01 12:00:00,4,303.4838796741398,300.99257434515323
2017-08-01 12:15:00,4,303.555521520188,301.06520858392656
2017-08-01 12:30:00,4,303.61423386937315,301.12857698529234
2017-08-01 12:45:00,4,303.6652658424677,301.186975801728
2017-08-01 13:00:00,4,303.71455475976785,301.2451461755377
2017-08-01 13:15:00,4,303.7655124738733,301.30602080015024
2017-08-01 13:30:00,4,303.8187374892396,301.3697021928406
2017-08-01 13:45:00,4,303.87189812848516,301.4336741225643
2017-08-01 14:00:00,4,303.9215498288802,301.4943495481032
2017-08-01 14:15:00,4,303.96489528641314,301.54874036326777
2017-08-01 14:30:00,4,304.00015285963207,301.59509037141993
2017-08-01 14:45:00,4,304.02631763084554,301.6326173822856
2017-08-01 15:00:00,4,304.0428975300756,301.6609740119707
2017-08-01 15:15:00,4,304.04960928431535,301.6799036159912
2017-08-01 15:30:00,4,304.0463265985421,301.68928984837805
2017-08-01 15:45:00,4,304.033008237037,301.68914683462225
2017-08-01 16:00:00,4,304.0094536854002,301.67950213465633
2017-08-01 16:15:00,4,303.97561700674885,301.66044792007665
2017-08-01 16:30:00,4,303.93173855838256,301.63227473881295
2017-08-01 16:45:00,4,303.8784860504513,301.59572192615866
2017-08-01 17:00:00,4,303.81745188635455,301.5521364403495
2017-08-01 17:15:00,4,303.75033209623274,301.50298213155753
2017-08-01 17:30:00,4,303.6779512724243,301.4492357216855
2017-08-01 17:45:00,4,303.6008138998932,301.3913846197441
2017-08-01 18:00:00,4,303.5191635871628,301.32946019853205
2017-08-01 18:15:00,4,303.4323067014795,301.26290066868717
2017-08-01 18:30:00,4,303.3391435642132,301.19103395272367
2017-08-01 18:45:00,4,303.23868162500355,301.11280688987773
2017-08-01 19:00:00,4,303.12972512625083,301.0266122339378
2017-08-01 19:15:00,4,303.0106387541811,300.93078706732484
2017-08-01 19:30:00,4,302.8823439824425,300.8257127319062
2017-08-01 19:45:00,4,302.7492376933914,300.71477495976774
2017-08-01 20:00:00,4,302.61615753291244,300.602862958437
2017-08-01 20:15:00,4,302.48629416786576,300.49544528572255
2017-08-01 20:30:00,4,302.36117801607486,300.389164869017
2017-08-01 20:45:00,4,302.2411973650199,300.28258171394657
2017-08-01 21:00:00,4,302.126124150357,300.17508258678373
2017-08-01 21:15:00,4,302.0154976424397,300.0673215775561
2017-08-01 21:30:00,4,301.9089506251711,299.9602796133692
2017-08-01 21:45:00,4,301.8065993935996,299.8547504681844
2017-08-01 22:00:00,4,301.708740841754,299.75124779350193
2017-08-01 22:15:00,4,301.61545822802384,299.6498606491508
2017-08-01 22:30:00,4,301.5266023558584,299.54930162598544
2017-08-01 22:45:00,4,301.4419012345831,299.4576262272294
2017-08-01 23:00:00,4,301.36102282879347,299.37541889367486
2017-08-01 23:15:00,4,301.28360958327175,299.2995814606748
2017-08-01 23:30:00,4,301.20942028701654,299.22759613644445
2017-08-01 23:45:00,4,301.13859287840626,299.15879748745306
2017-08-02 00:00:00,4,301.07138155526104,299.0935462978847
2017-08-02 00:15:00,4,301.0078523980414,299.0321738957422
2017-08-02 00:30:00,4,300.94784998200186,298.9745734892051
2017-08-02 00:45:00,4,300.8910190978547,298.9203018257748
2017-08-02 01:00:00,4,300.8369326179497,298.86882834398233
2017-08-02 01:15:00,4,300.78519949672597,298.8196909954437
2017-08-02 01:30:00,4,300.73529044351557,298.77233321696514
2017-08-02 01:45:00,4,300.6860904659893,298.72581808142985
2017-08-02 02:00:00,4,300.6363416260042,298.67897743671625
2017-08-02 02:15:00,4,300.58518657868706,298.63084243780605
2017-08-02 02:30:00,4,300.5324400061824,298.58114766001796
2017-08-02 02:45:00,4,300.4790177648066,298.53065070397
2017-08-02 03:00:00,4,300.42627158452217,298.48072957602335
2017-08-02 03:15:00,4,300.3751957098861,298.43261751548744
2017-08-02 03:30:00,4,300.32619753432357,298.38683196958675
2017-08-02 03:45:00,4,300.2789463539376,298.3429521525511
2017-08-02 04:00:00,4,300.23272500580117,298.2999525864401
2017-08-02 04:15:00,4,300.18690985944886,298.25684163222456
2017-08-02 04:30:00,4,300.14113147032856,298.21306110429964
2017-08-02 04:45:00,4,300.09511762933244,298.1684808400718
2017-08-02 05:00:00,4,300.0486435535013,298.12319434753726
2017-08-02 05:15:00,4,300.0016022857065,298.0773703089402
2017-08-02 05:30:00,4,299.9549986243361,298.0323520104111
2017-08-02 05:45:00,4,299.9194368822381,297.9987000749869
2017-08-02 06:00:00,4,299.9224164192129,297.9960839158979
2017-08-02 06:15:00,4,299.97939223994615,298.03403352683296
2017-08-02 06:30:00,4,300.08737456595975,298.10108790927245
2017-08-02 06:45:00,4,300.23855163947496,298.2153352794936
2017-08-02 07:00:00,4,300.4247337944939,298.37489128123036
2017-08-02 07:15:00,4,300.63558696962406,298.5644680366167
2017-08-02 07:30:00,4,300.8612790252614,298.77031399852854
2017-08-02 07:45:00,4,301.09537880916446,298.9872584984186
2017-08-02 08:00:00,4,301.3340440903734,299.2239298452539
2017-08-02 08:15:00,4,301.5746528033415,299.4641778757278
2017-08-02 08:30:00,4,301.81532073273155,299.6959659081951
2017-08-02 08:45:00,4,302.05288994921017,299.91521029484034
2017-08-02 09:00:00,4,302.28278650266725,300.1173283522938
2017-08-02 09:15:00,4,302.50020371931396,300.3064337167898
2017-08-02 09:30:00,4,302.70193229245456,300.48365100411456
2017-08-02 09:45:00,4,302.8889295732909,300.6480662437004
2017-08-02 10:00:00,4,303.0639923778502,300.80110467769424
2017-08-02 10:15:00,4,303.22873380510237,300.9478477944281
2017-08-02 10:30:00,4,303.38359703986805,301.0897263276096
2017-08-02 10:45:00,4,303.528810511501,301.2255120290267
2017-08-02 11:00:00,4,303.66444452388276,301.35368762816745
2017-08-02 11:15:00,4,303.7900873936523,301.4731277292662
2017-08-02 11:30:00,4,303.90471859916414,301.58281477635126
2017-08-02 11:45:00,4,304.00631249399413,301.68227602171737
2017-08-02 12:00:00,4,304.0927419387833,301.7699550055294
2017-08-02 12:15:00,4,304.1627264067405,301.84437375490154
2017-08-02 12:30:00,4,304.2164408611524,301.9054506788792
2017-08-02 12:45:00,4,304.25556541020035,301.9542937605229
2017-08-02 13:00:00,4,304.28190101293023,301.9919250712645
2017-08-02 13:15:00,4,304.2966078889714,302.01867017636977
2017-08-02 13:30:00,4,304.3008340593285,302.03492063322267
2017-08-02 13:45:00,4,304.29683878933946,302.0421911088006
2017-08-02 14:00:00,4,304.2870536015973,302.0427230071019
2017-08-02 14:15:00,4,304.27281158895426,302.03828115944776
2017-08-02 14:30:00,4,304.25461791955223,302.02978246949345
2017-08-02 14:45:00,4,304.2329531521456,302.0177457596996
2017-08-02 15:00:00,4,304.2080418008129,302.0025065804297
2017-08-02 15:15:00,4,304.1796507317669,301.9841190351588
2017-08-02 15:30:00,4,304.14736116467475,301.9623864431587
2017-08-02 15:45:00,4,304.1108598218595,301.93706090193234
2017-08-02 16:00:00,4,304.06985541505435,301.907894180983
2017-08-02 16:15:00,4,304.02365997932253,301.87440201393844
2017-08-02 16:30:00,4,303.97120826099064,301.8358362880693
2017-08-02 16:45:00,4,303.91215076099525,301.7918141725448
2017-08-02 17:00:00,4,303.84748935736377,301.7428741978391
2017-08-02 17:15:00,4,303.77849610890695,301.69010124783836
2017-08-02 17:30:00,4,303.705662972922,301.63418945733673
2017-08-02 17:45:00,4,303.62838772816383,301.5748567204462
2017-08-02 18:00:00,4,303.54546700126605,301.5108791491479
2017-08-02 18:15:00,4,303.45520746088806,301.44077317146343
2017-08-02 18:30:00,4,303.3565216049242,301.3634745801735
2017-08-02 18:45:00,4,303.2489865998183,301.2782980342944
2017-08-02 19:00:00,4,303.1321824834756,301.1845897934091
2017-08-02 19:15:00,4,303.00540805567687,301.08212983276746
2017-08-02 19:30:00,4,302.8697998163657,300.97252739898374
2017-08-02 19:45:00,4,302.72961325268244,300.8603802023429
2017-08-02 20:00:00,4,302.58960313412973,300.7474448714875
2017-08-02 20:15:00,4,302.45288446800356,300.63073618238155
2017-08-02 20:30:00,4,302.3211294669438,300.5093459248713
2017-08-02 20:45:00,4,302.1955897872822,300.386532392698
2017-08-02 21:00:00,4,302.0771615659406,300.26634971243226
2017-08-02 21:15:00,4,301.9661301152304,300.1512077402473
2017-08-02 21:30:00,4,301.86223196248,300.04151343120236
2017-08-02 21:45:00,4,301.76475565010645,299.9361592688416
2017-08-02 22:00:00,4,301.672807780793,299.83635690109327
2017-08-02 22:15:00,4,301.58556357331577,299.7455139522499
2017-08-02 22:30:00,4,301.50245949555864,299.6630318132643
2017-08-02 22:45:00,4,301.423448487439,299.58658059493155
2017-08-02 23:00:00,4,301.3486827032425,299.51461480398535
2017-08-02 23:15:00,4,301.2781533469668,299.4467321978372
2017-08-02 23:30:00,4,301.21154353193805,299.3828129929905
2017-08-02 23:45:00,4,301.14804520733907,299.32230659437795
2017-08-03 00:00:00,4,301.0867132411805,299.2642799116751
2017-08-03 00:15:00,4,301.0268301665348,299.20783631668826
2017-08-03 00:30:00,4,300.9679485991142,299.15240213290116
2017-08-03 00:45:00,4,300.90984903461595,299.0977273082902
2017-08-03 01:00:00,4,300.85243122498713,299.0437336882313
2017-08-03 01:15:00,4,300.79562420770145,298.99038208880927
2017-08-03 01:30:00,4,300.73939934488914,298.93761793669773
2017-08-03 01:45:00,4,300.6838154522855,298.88532908482443
2017-08-03 02:00:00,4,300.62886236577134,298.8332918119495
2017-08-03 02:15:00,4,300.57440679182224,298.78117436391335
2017-08-03 02:30:00,4,300.52044096431956,298.72884293843595
2017-08-03 02:45:00,4,300.4674954663526,298.67685511905154
2017-08-03 03:00:00,4,300.4164061623839,298.62639898841724
2017-08-03 03:15:00,4,300.36785708912134,298.57870559668123
2017-08-03 03:30:00,4,300.32212380633314,298.5343893706636
2017-08-03 03:45:00,4,300.27883058039566,298.4930888269588
2017-08-03 04:00:00,4,300.23725023594045,298.4537595717598
2017-08-03 04:15:00,4,300.196761582051,298.4153358624929
2017-08-03 04:30:00,4,300.15703600176994,298.3772251302532
2017-08-03 04:45:00,4,300.1180228507374,298.33940202281127
2017-08-03 05:00:00,4,300.07978770537153,298.3022693051972
2017-08-03 05:15:00,4,300.04240585865244,298.2661184025064
2017-08-03 05:30:00,4,300.0067169059864,298.2319572551761
2017-08-03 05:45:00,4,299.9811733711185,298.20804054295763
2017-08-03 06:00:00,4,299.9880486543233,298.2104771114385
2017-08-03 06:15:00,4,300.04045830689734,298.2480795488116
2017-08-03 06:30:00,4,300.1364670415172,298.30955582834997
2017-08-03 06:45:00,4,300.27013044461444,298.40850667047005
2017-08-03 07:00:00,4,300.4339521352504,298.5464591550404
2017-08-03 07:15:00,4,300.6174026932285,298.7107560763904
2017-08-03 07:30:00,4,300.81104171749456,298.887758871609
2017-08-03 07:45:00,4,301.01109972345023,299.0721238567772
2017-08-03 08:00:00,4,301.2172219280651,299.26638030664543
2017-08-03 08:15:00,4,301.4292348601604,299.4792738097447
2017-08-03 08:30:00,4,301.6458074100971,299.6963330185706
2017-08-03 08:45:00,4,301.8612952362095,299.90265795622327
2017-08-03 09:00:00,4,302.068242000176,300.0890840289142
2017-08-03 09:15:00,4,302.2607248687236,300.2576231838917
2017-08-03 09:30:00,4,302.4367563769087,300.41146457462816
2017-08-03 09:45:00,4,302.60111784619164,300.5547744226621
2017-08-03 10:00:00,4,302.7608604261348,300.6914785141729
2017-08-03 10:15:00,4,302.9204350839986,300.8289694321236
2017-08-03 10:30:00,4,303.0804806861856,300.9700143453208
2017-08-03 10:45:00,4,303.23694142876616,301.1108167741961
2017-08-03 11:00:00,4,303.3846201194498,301.2454143265914
2017-08-03 11:15:00,4,303.51974043644003,301.36949795032467
2017-08-03 11:30:00,4,303.63949130693555,301.48050996432727
2017-08-03 11:45:00,4,303.74055607600826,301.57592339695816
2017-08-03 12:00:00,4,303.82012684152164,301.65306108628386
2017-08-03 12:15:00,4,303.8771646659064,301.7117401444058
2017-08-03 12:30:00,4,303.91401564040126,301.7543677160368
2017-08-03 12:45:00,4,303.93877925518865,301.78722332600086
2017-08-03 13:00:00,4,303.96045899874656,301.8179071481332
2017-08-03 13:15:00,4,303.9844997990764,301.85172246924355
2017-08-03 13:30:00,4,304.01285310999293,301.890424035646
2017-08-03 13:45:00,4,304.0450340119753,301.93319309104055
2017-08-03 14:00:00,4,304.07953721835366,301.9782412276625
2017-08-03 14:15:00,4,304.1146790839738,302.0238099486064
2017-08-03 14:30:00,4,304.1486750010034,302.0682241040007
2017-08-03 14:45:00,4,304.17925364282854,302.10955663973294
2017-08-03 15:00:00,4,304.20422217448174,302.14579691967225
2017-08-03 15:15:00,4,304.22189123842696,302.1752920674164
2017-08-03 15:30:00,4,304.23100972323516,302.1968519178519
2017-08-03 15:45:00,4,304.2303954690128,302.2094933726659
2017-08-03 16:00:00,4,304.2189752907743,302.21224239425067
2017-08-03 16:15:00,4,304.1957386093222,302.20425426756447
2017-08-03 16:30:00,4,304.1605137427072,302.18529999819475
2017-08-03 16:45:00,4,304.1141675919722,302.156126948399
2017-08-03 17:00:00,4,304.058572320028,302.11834708922
2017-08-03 17:15:00,4,303.995607862172,302.0737213906635
2017-08-03 17:30:00,4,303.9263673149439,302.0234193511798
2017-08-03 17:45:00,4,303.8510589430433,301.9676829964027
2017-08-03 18:00:00,4,303.7691405489152,301.90594940447016
2017-08-03 18:15:00,4,303.67975373539144,301.8372747447058
2017-08-03 18:30:00,4,303.5822729745764,301.7607077029479
2017-08-03 18:45:00,4,303.4763515789679,301.67601182526516
2017-08-03 19:00:00,4,303.36173324565783,301.58291212679666
2017-08-03 19:15:00,4,303.2385909511947,301.4813813459436
2017-08-03 19:30:00,4,303.1086412872108,301.372622723297
2017-08-03 19:45:00,4,302.9752863640322,301.25959462349675
2017-08-03 20:00:00,4,302.8418191092832,301.14581029487755
2017-08-03 20:15:00,4,302.71026570424783,301.0348490628788
2017-08-03 20:30:00,4,302.58177963448037,300.92663143373875
2017-08-03 20:45:00,4,302.45761394361944,300.81743560654724
2017-08-03 21:00:00,4,302.3388859832432,300.7054881400609
2017-08-03 21:15:00,4,302.22611031345025,300.59281987095136
2017-08-03 21:30:00,4,302.11936915704536,300.48228333138997
2017-08-03 21:45:00,4,302.0187665282736,300.375751137704
2017-08-03 22:00:00,4,301.92438584278636,300.2739630002883
2017-08-03 22:15:00,4,301.83606846528284,300.1768245401516
2017-08-03 22:30:00,4,301.753344110069,300.0828314054225
2017-08-03 22:45:00,4,301.67535611934034,299.99796854497805
2017-08-03 23:00:00,4,301.6011167697186,299.922271377136
2017-08-03 23:15:00,4,301.52979622815684,299.85245787204565
2017-08-03 23:30:00,4,301.46087101631105,299.78569995804196
2017-08-03 23:45:00,4,301.3942662407087,299.7209222002193
2017-08-04 00:00:00,4,301.33004180200686,299.6581186957428
2017-08-04 00:15:00,4,301.26810653463326,299.59735101442766
2017-08-04 00:30:00,4,301.20825346934953,299.53838405854776
2017-08-04 00:45:00,4,301.150333850023,299.4808861034922
2017-08-04 01:00:00,4,301.0942731505206,299.4246618475394
2017-08-04 01:15:00,4,301.0400228725321,299.36970282178083
2017-08-04 01:30:00,4,300.9876132479759,299.31619205121797
2017-08-04 01:45:00,4,300.93719549581016,299.2644691315142
2017-08-04 02:00:00,4,300.88892234675563,299.214902135338
2017-08-04 02:15:00,4,300.84285200533975,299.16774417088965
2017-08-04 02:30:00,4,300.79893930300807,299.123058847468
2017-08-04 02:45:00,4,300.7570490081697,299.08074672958304
2017-08-04 03:00:00,4,300.7169987899076,299.0406191931897
2017-08-04 03:15:00,4,300.67860235336184,299.0024656433906
2017-08-04 03:30:00,4,300.64168859944493,298.96609364699333
2017-08-04 03:45:00,4,300.60611251118706,298.93145233815426
2017-08-04 04:00:00,4,300.5717573713116,298.8984046108544
2017-08-04 04:15:00,4,300.5385277788253,298.86677314278853
2017-08-04 04:30:00,4,300.506392634971,298.8364741721677
2017-08-04 04:45:00,4,300.4755286315264,298.8077141722903
2017-08-04 05:00:00,4,300.44624871261396,298.7809146306245
2017-08-04 05:15:00,4,300.4188147172204,298.75647996089435
2017-08-04 05:30:00,4,300.39343156938077,298.7346402884565
2017-08-04 05:45:00,4,300.3703175161886,298.71531362060136
2017-08-04 06:00:00,4,300.3498703564296,298.69854393089696
2017-08-04 06:15:00,4,300.33435424354803,298.685735263466
2017-08-04 06:30:00,4,300.32766455092093,298.6799435628864
2017-08-04 06:45:00,4,300.33329877193955,298.6847297843693
2017-08-04 07:00:00,4,300.35552633230895,298.7047524936726
2017-08-04 07:15:00,4,300.40396861708325,298.74627735061574
2017-08-04 07:30:00,4,300.48829141406776,298.81189857630534
2017-08-04 07:45:00,4,300.6141862937779,298.9107092708841
2017-08-04 08:00:00,4,300.78167997993353,299.0533593098474
2017-08-04 08:15:00,4,300.98599375031847,299.2382302468057
2017-08-04 08:30:00,4,301.2194476048462,299.45620367601873
2017-08-04 08:45:00,4,301.47315647298194,299.7058521738762
2017-08-04 09:00:00,4,301.7372304843662,299.9710867441002
2017-08-04 09:15:00,4,301.9973077651184,300.228317456694
2017-08-04 09:30:00,4,302.2402121724004,300.4613041191964
2017-08-04 09:45:00,4,302.45865782442473,300.664239594412
2017-08-04 10:00:00,4,302.64987627714964,300.83803484412755
2017-08-04 10:15:00,4,302.81561843707595,300.9879339442806
2017-08-04 10:30:00,4,302.95974947747175,301.1197640836656
2017-08-04 10:45:00,4,303.08569665767993,301.23732451317017
2017-08-04 11:00:00,4,303.1955457661681,301.3421060487263
2017-08-04 11:15:00,4,303.28949573550955,301.4339309309382
2017-08-04 11:30:00,4,303.3674426064419,301.51239623505074
2017-08-04 11:45:00,4,303.43038395609756,301.57807230919445
2017-08-04 12:00:00,4,303.4802168511628,301.6327412929939
2017-08-04 12:15:00,4,303.5196028792188,301.6788931318755
2017-08-04 12:30:00,4,303.55098445442883,301.71846622113094
2017-08-04 12:45:00,4,303.57561601163934,301.7522538404635
2017-08-04 13:00:00,4,303.5949982476396,301.7807766959145
2017-08-04 13:15:00,4,303.6117178069995,301.80514130566337
2017-08-04 13:30:00,4,303.6289314360932,301.82748684381255
2017-08-04 13:45:00,4,303.6503579925819,301.851105673054
2017-08-04 14:00:00,4,303.67830886262806,301.8789227334738
2017-08-04 14:15:00,4,303.71153394418354,301.91143012510867
2017-08-04 14:30:00,4,303.74635072054855,301.94625377536823
2017-08-04 14:45:00,4,303.77833038297155,301.9793948755942
2017-08-04 15:00:00,4,303.80374120729243,302.00701750969074
2017-08-04 15:15:00,4,303.8199370163216,302.0263840064105
2017-08-04 15:30:00,4,303.82524724620964,302.03615202528306
2017-08-04 15:45:00,4,303.81964153372263,302.0364101864643
2017-08-04 16:00:00,4,303.80394621187855,302.0279579929578
2017-08-04 16:15:00,4,303.7786357482978,302.0114069954782
2017-08-04 16:30:00,4,303.743858683789,301.9870164595417
2017-08-04 16:45:00,4,303.7000353249023,301.95504988466826
2017-08-04 17:00:00,4,303.6484429122366,301.9161951553374
2017-08-04 17:15:00,4,303.59048598794647,301.87158112608824
2017-08-04 17:30:00,4,303.5269221120248,301.8221137662539
2017-08-04 17:45:00,4,303.45797188465343,301.76822655280006
2017-08-04 18:00:00,4,303.38391829924234,301.7099691026552
2017-08-04 18:15:00,4,303.3045637327055,301.6474834672688
2017-08-04 18:30:00,4,303.21931230684345,301.58043418162754
2017-08-04 18:45:00,4,303.12743651840714,301.50796132142693
2017-08-04 19:00:00,4,303.02824272587736,301.4290053290391
2017-08-04 19:15:00,4,302.9217372619674,301.3430308650419
2017-08-04 19:30:00,4,302.80953646301043,301.2511300059982
2017-08-04 19:45:00,4,302.69463399261474,301.1558984701993
2017-08-04 20:00:00,4,302.57979546849145,301.06066962745376
2017-08-04 20:15:00,4,302.4666623969204,300.96724271655427
2017-08-04 20:30:00,4,302.35610542376946,300.87205716342106
2017-08-04 20:45:00,4,302.24904772006613,300.7741617463363
2017-08-04 21:00:00,4,302.14636787443015,300.6744479394142
2017-08-04 21:15:00,4,302.04852178183273,300.5751478899671
2017-08-04 21:30:00,4,301.95550475437057,300.47808719271023
2017-08-04 21:45:00,4,301.86689906668977,300.3839126332968
2017-08-04 22:00:00,4,301.7821172337122,300.2922918066083
2017-08-04 22:15:00,4,301.7006059727318,300.2022199305673
2017-08-04 22:30:00,4,301.6221004096429,300.1158951355188
2017-08-04 22:45:00,4,301.54707520466735,300.03677908214246
2017-08-04 23:00:00,4,301.476238574741,299.96530286503355
2017-08-04 23:15:00,4,301.4099531033872,299.90021619857475
2017-08-04 23:30:00,4,301.348075522951,299.84017808369043
2017-08-04 23:45:00,4,301.2897989038693,299.7840882456013
2017-08-05 00:00:00,4,301.234089667009,299.7309461525201
2017-08-05 00:15:00,4,301.1801389692746,299.6798566372861
2017-08-05 00:30:00,4,301.1275121224052,299.63023595934493
2017-08-05 00:45:00,4,301.0762602352968,299.5819239785899
2017-08-05 01:00:00,4,301.0265984747057,299.5350156411206
2017-08-05 01:15:00,4,300.9786108254725,299.48959329122
2017-08-05 01:30:00,4,300.9321874148973,299.445521698035
2017-08-05 01:45:00,4,300.88696811208604,299.4023650579698
2017-08-05 02:00:00,4,300.8424780528743,299.3594887110859
2017-08-05 02:15:00,4,300.7983185185042,299.3162888394326
2017-08-05 02:30:00,4,300.75429591814924,299.2724934615028
2017-08-05 02:45:00,4,300.710536779626,299.2284392553722
2017-08-05 03:00:00,4,300.66740729449475,299.18499311615284
2017-08-05 03:15:00,4,300.6252711307243,299.143115058641
2017-08-05 03:30:00,4,300.5843558679178,299.1034132483913
2017-08-05 03:45:00,4,300.5447502514544,299.0660443127809
2017-08-05 04:00:00,4,300.50639634946884,299.03059071797435
2017-08-05 04:15:00,4,300.4691425911311,298.9964172735769
2017-08-05 04:30:00,4,300.4327896662987,298.96298051372855
2017-08-05 04:45:00,4,300.39706234678226,298.92983294250104
2017-08-05 05:00:00,4,300.36167652133685,298.8965856298387
2017-08-05 05:15:00,4,300.3264649974252,298.86301100305326
2017-08-05 05:30:00,4,300.29223340506616,298.8300132885884
2017-08-05 05:45:00,4,300.2670494453299,298.8052478155927
2017-08-05 06:00:00,4,300.2718857399639,298.8038852081907
2017-08-05 06:15:00,4,300.3204778029413,298.83532536150193
2017-08-05 06:30:00,4,300.41275832184226,298.89226348385097
2017-08-05 06:45:00,4,300.54430525848494,298.9920300692947
2017-08-05 07:00:00,4,300.71022775141466,299.135541560665
2017-08-05 07:15:00,4,300.9025129302986,299.31141752713376
2017-08-05 07:30:00,4,301.1120353111205,299.507728489626
2017-08-05 07:45:00,4,301.3312054079063,299.7195807066986
2017-08-05 08:00:00,4,301.553961663738,299.9486536909945
2017-08-05 08:15:00,4,301.77529517246575,300.1764425754544
2017-08-05 08:30:00,4,301.99223544111015,300.3909675877319
2017-08-05 08:45:00,4,302.20415137167026,300.5903675278958
2017-08-05 09:00:00,4,302.41114341475304,300.77455198112796
2017-08-05 09:15:00,4,302.61242681012214,300.9504568470505
2017-08-05 09:30:00,4,302.80667628077015,301.12031575302035
2017-08-05 09:45:00,4,302.992808133917,301.2809966847259
2017-08-05 10:00:00,4,303.1697252284556,301.4348551068934
2017-08-05 10:15:00,4,303.33569069449186,301.5814002096786
2017-08-05 10:30:00,4,303.4893416704173,301.71858305833626
2017-08-05 10:45:00,4,303.62971079711605,301.84461545186923
2017-08-05 11:00:00,4,303.75593991386194,301.9583735792391
2017-08-05 11:15:00,4,303.8672050978693,302.05876908160764
2017-08-05 11:30:00,4,303.96283422043047,302.1468354468829
2017-08-05 11:45:00,4,304.0423204742057,302.222396038772
2017-08-05 12:00:00,4,304.10548336315605,302.2846737543641
2017-08-05 12:15:00,4,304.15261332858915,302.3335122642399
2017-08-05 12:30:00,4,304.1855091191698,302.3706806575947
2017-08-05 12:45:00,4,304.20883541255597,302.40007266411624
2017-08-05 13:00:00,4,304.22741029432177,302.42576658418886
2017-08-05 13:15:00,4,304.2439050648216,302.45013969274623
2017-08-05 13:30:00,4,304.2592472084099,302.47375520847504
2017-08-05 13:45:00,4,304.27362713534944,302.4963377560838
2017-08-05 14:00:00,4,304.2868222149337,302.5174598647009
2017-08-05 14:15:00,4,304.29819484306034,302.53663123641894
2017-08-05 14:30:00,4,304.30659097884404,302.55289996032604
2017-08-05 14:45:00,4,304.30987489243773,302.56446428213724
2017-08-05 15:00:00,4,304.3057847885941,302.56914292256187
2017-08-05 15:15:00,4,304.2926008833233,302.5651153237081
2017-08-05 15:30:00,4,304.2694996437957,302.5516752911861
2017-08-05 15:45:00,4,304.2375755597822,302.52975829144333
2017-08-05 16:00:00,4,304.19867206697614,302.5012872945909
2017-08-05 16:15:00,4,304.15382488573687,302.46798440115754
2017-08-05 16:30:00,4,304.10318898828456,302.4302871439957
2017-08-05 16:45:00,4,304.0464187567456,302.3877405695531
2017-08-05 17:00:00,4,303.9836118921425,302.3400226063623
2017-08-05 17:15:00,4,303.9156943736078,302.2875682049677
2017-08-05 17:30:00,4,303.843599920251,302.2312507620813
2017-08-05 17:45:00,4,303.7677914516887,302.17175958107765
2017-08-05 18:00:00,4,303.68825013436054,302.1090945256361
2017-08-05 18:15:00,4,303.6041836091498,302.0430577771656
2017-08-05 18:30:00,4,303.51434911283906,301.97260166632924
2017-08-05 18:45:00,4,303.4171060928973,301.8960351142611
2017-08-05 19:00:00,4,303.31098853565004,301.8114662617516
2017-08-05 19:15:00,4,303.19485646631966,301.717541651588
2017-08-05 19:30:00,4,303.06995998538025,301.6152733427903
2017-08-05 19:45:00,4,302.9409826157156,301.50859591320943
2017-08-05 20:00:00,4,302.8130549304387,301.403489227495
2017-08-05 20:15:00,4,302.6894784075091,301.29912091810553
2017-08-05 20:30:00,4,302.57172364616184,301.19435675372273
2017-08-05 20:45:00,4,302.4599802942116,301.08941872029806
2017-08-05 21:00:00,4,302.3538290970537,300.9854324196672
2017-08-05 21:15:00,4,302.2526890653355,300.88353645649687
2017-08-05 21:30:00,4,302.156028020441,300.78419144709795
2017-08-05 21:45:00,4,302.063496729693,300.6872056031535
2017-08-05 22:00:00,4,301.97476966042046,300.5919512907745
2017-08-05 22:15:00,4,301.88943802071884,300.49713964145957
2017-08-05 22:30:00,4,301.8072339316231,300.40707102442474
2017-08-05 22:45:00,4,301.72852283583956,300.3243578937132
2017-08-05 23:00:00,4,301.6539396000254,300.2485742154056
2017-08-05 23:15:00,4,301.5838514036021,300.1784223785221
2017-08-05 23:30:00,4,301.5181726947803,300.11297977147
2017-08-05 23:45:00,4,301.456211399991,300.05156206743357
2017-08-06 00:00:00,4,301.39704806993666,299.9934028849113
2017-08-06 00:15:00,4,301.33993850987633,299.9376967268667
2017-08-06 00:30:00,4,301.2844680657852,299.88387221348813
2017-08-06 00:45:00,4,301.2306945296065,299.83178126147516
2017-08-06 01:00:00,4,301.1788585251978,299.78155891941935
2017-08-06 01:15:00,4,301.12908162459274,299.73333693626944
2017-08-06 01:30:00,4,301.0811809798393,299.68691923364054
2017-08-06 01:45:00,4,301.0343645955321,299.6415385565953
2017-08-06 02:00:00,4,300.9876163141989,299.59606085452094
2017-08-06 02:15:00,4,300.9401928920332,299.5494753352429
2017-08-06 02:30:00,4,300.891891267305,299.50144546891465
2017-08-06 02:45:00,4,300.8433753614444,299.4526693378983
2017-08-06 03:00:00,4,300.7957307245159,299.4045644938711
2017-08-06 03:15:00,4,300.74984537875525,299.3585366111198
2017-08-06 03:30:00,4,300.7060182538271,299.3151988428652
2017-08-06 03:45:00,4,300.66347433444474,299.273878832927
2017-08-06 04:00:00,4,300.62093359602835,299.233033247465
2017-08-06 04:15:00,4,300.57740397524026,299.19118522612905
2017-08-06 04:30:00,4,300.5325491977154,299.1477202021897
2017-08-06 04:45:00,4,300.48695754937893,299.10314193842277
2017-08-06 05:00:00,4,300.4416150103764,299.05859772065
2017-08-06 05:15:00,4,300.397328237693,299.0152017931149
2017-08-06 05:30:00,4,300.35553686440954,298.9747179386191
2017-08-06 05:45:00,4,300.3257228755565,298.9461063703362
2017-08-06 06:00:00,4,300.33145751944653,298.945906958056
2017-08-06 06:15:00,4,300.386265907963,298.9831912942939
2017-08-06 06:30:00,4,300.4878887006294,299.0459860821589
2017-08-06 06:45:00,4,300.6305372909201,299.15414523891303
2017-08-06 07:00:00,4,300.8085408305904,299.30786083577016
2017-08-06 07:15:00,4,301.01388630382337,299.49495137103276
2017-08-06 07:30:00,4,301.23771168517186,299.70340262746845
2017-08-06 07:45:00,4,301.47168004074365,299.9273895802532
2017-08-06 08:00:00,4,301.708604563966,300.17125897710036
2017-08-06 08:15:00,4,301.94291109954,300.41442404933787
2017-08-06 08:30:00,4,302.17178524450867,300.6429230805918
2017-08-06 08:45:00,4,302.39539225923306,300.85502188685945
2017-08-06 09:00:00,4,302.61466882283514,301.0514585891437
2017-08-06 09:15:00,4,302.82938337438094,301.24015103020025
2017-08-06 09:30:00,4,303.0382109436136,301.4232589176198
2017-08-06 09:45:00,4,303.23916954587696,301.59746159061444
2017-08-06 10:00:00,4,303.43067002574844,301.7645300339875
2017-08-06 10:15:00,4,303.6114088015756,301.92449016507436
2017-08-06 10:30:00,4,303.78050106276305,302.0760854706412
2017-08-06 10:45:00,4,303.93823717862153,302.21858079574616
2017-08-06 11:00:00,4,304.085316013574,302.35193190255893
2017-08-06 11:15:00,4,304.22179420755873,302.4762607750922
2017-08-06 11:30:00,4,304.3468578607025,302.5918511084205
2017-08-06 11:45:00,4,304.45851936341137,302.69731548935465
2017-08-06 12:00:00,4,304.55460130235014,302.7905456587065
2017-08-06 12:15:00,4,304.63375363938553,302.87014840325224
2017-08-06 12:30:00,4,304.69627224355094,302.9364895290401
2017-08-06 12:45:00,4,304.74452386646027,302.991459728447
2017-08-06 13:00:00,4,304.781129621901,303.0369388734362
2017-08-06 13:15:00,4,304.8076984966801,303.07377681167605
2017-08-06 13:30:00,4,304.8252157424608,303.1021499750692
2017-08-06 13:45:00,4,304.8347831572517,303.1224309291069
2017-08-06 14:00:00,4,304.8374423816402,303.13534614256224
2017-08-06 14:15:00,4,304.8337383620766,303.14154970845107
2017-08-06 14:30:00,4,304.823724756325,303.14126045138073
2017-08-06 14:45:00,4,304.80705476596603,303.13425602864214
2017-08-06 15:00:00,4,304.7832696310634,303.12011887819955
2017-08-06 15:15:00,4,304.7518507956936,303.09843208655826
2017-08-06 15:30:00,4,304.7127076244175,303.06928967394475
2017-08-06 15:45:00,4,304.6669637818458,303.03371629139457
2017-08-06 16:00:00,4,304.6158260814506,302.99313452951515
2017-08-06 16:15:00,4,304.5599422552028,302.9486098820228
2017-08-06 16:30:00,4,304.4995027223825,302.9005453466104
2017-08-06 16:45:00,4,304.434597139293,302.8490642926227
2017-08-06 17:00:00,4,304.36591084757697,302.79455630192695
2017-08-06 17:15:00,4,304.29418389038574,302.7376722737482
2017-08-06 17:30:00,4,304.22000596307714,302.6790471271434
2017-08-06 17:45:00,4,304.1437168270885,302.6190365766681
2017-08-06 18:00:00,4,304.0651573450966,302.5574024089099
2017-08-06 18:15:00,4,303.98326232227026,302.4935984006437
2017-08-06 18:30:00,4,303.89655452233615,302.42629059077234
2017-08-06 18:45:00,4,303.8033745334457,302.35358234609004
2017-08-06 19:00:00,4,303.7020193908265,302.2733107072898
2017-08-06 19:15:00,4,303.59119082548665,302.18386985379766
2017-08-06 19:30:00,4,303.472288238436,302.08582909274406
2017-08-06 19:45:00,4,303.34983163153504,301.98262328211194
2017-08-06 20:00:00,4,303.2285353197029,301.87881614044403
2017-08-06 20:15:00,4,303.11138966162105,301.7784615840809
2017-08-06 20:30:00,4,302.9996319384566,301.68230100095076
2017-08-06 20:45:00,4,302.8930523192916,301.5878319165731
2017-08-06 21:00:00,4,302.790793516955,301.4941014476897
2017-08-06 21:15:00,4,302.6920091999831,301.39982211613255
2017-08-06 21:30:00,4,302.59603188645417,301.3047592076078
2017-08-06 21:45:00,4,302.50235744643476,301.2090754181417
2017-08-06 22:00:00,4,302.41058675660946,301.112793130867
2017-08-06 22:15:00,4,302.3203876788308,301.01563451006257
2017-08-06 22:30:00,4,302.2316358459773,300.91713494907833
2017-08-06 22:45:00,4,302.14477242821295,300.81756155152607
2017-08-06 23:00:00,4,302.060455051911,300.72374073971116
2017-08-06 23:15:00,4,301.97909782771035,300.6375050382144
2017-08-06 23:30:00,4,301.90087290898384,300.55720375172524
2017-08-06 23:45:00,4,301.8259139323204,300.48094554220097
2017-08-07 00:00:00,4,301.7542706400469,300.4078773301136
2017-08-07 00:15:00,4,301.68585150490446,300.3378403193214
2017-08-07 00:30:00,4,301.6205046034303,300.2708664763455
2017-08-07 00:45:00,4,301.55816661135145,300.20713238674045
2017-08-07 01:00:00,4,301.4989122912837,300.1470300889179
2017-08-07 01:15:00,4,301.442804606224,300.0909997717439
2017-08-07 01:30:00,4,301.38981410183396,300.0392546856311
2017-08-07 01:45:00,4,301.3398974567379,299.99166276524716
2017-08-07 02:00:00,4,301.29295431143976,299.9478228739803
2017-08-07 02:15:00,4,301.2487888415483,299.90723115371327
2017-08-07 02:30:00,4,301.2070097566869,299.86926486972294
2017-08-07 02:45:00,4,301.1667503947859,299.8330206835167
2017-08-07 03:00:00,4,301.12700977395315,299.7974396641015
2017-08-07 03:15:00,4,301.087065783297,299.76162845069024
2017-08-07 03:30:00,4,301.04655257926214,299.7250448564839
2017-08-07 03:45:00,4,301.0054228928217,299.68741294262975
2017-08-07 04:00:00,4,300.9637071251427,299.64852657422927
2017-08-07 04:15:00,4,300.92140971671665,299.6082306227483
2017-08-07 04:30:00,4,300.8787056643303,299.5666712196148
2017-08-07 04:45:00,4,300.836141530466,299.52449224400834
2017-08-07 05:00:00,4,300.79436627851,299.48262934641883
2017-08-07 05:15:00,4,300.753869436904,299.4419375552039
2017-08-07 05:30:00,4,300.7158103847753,299.4040391622774
2017-08-07 05:45:00,4,300.68906630371487,299.37735600145083
2017-08-07 06:00:00,4,300.69650986385216,299.37818607280576
2017-08-07 06:15:00,4,300.7525291033576,299.41566564730397
2017-08-07 06:30:00,4,300.85627221929246,299.4815428673519
2017-08-07 06:45:00,4,301.0015317383397,299.5927595203735
2017-08-07 07:00:00,4,301.18088222314765,299.7483861568165
2017-08-07 07:15:00,4,301.3847133248093,299.93483238773194
2017-08-07 07:30:00,4,301.60379105111184,300.1394304846644
2017-08-07 07:45:00,4,301.8318113849631,300.3580655552361
2017-08-07 08:00:00,4,302.06475408808865,300.5947239520376
2017-08-07 08:15:00,4,302.29960447710107,300.83208086257036
2017-08-07 08:30:00,4,302.5342200439157,301.0587157140949
2017-08-07 08:45:00,4,302.76586127317694,301.2716292955915
2017-08-07 09:00:00,4,302.99070865153124,301.46829443726324
2017-08-07 09:15:00,4,303.20463709609913,301.65338595519023
2017-08-07 09:30:00,4,303.40502309150435,301.82799645936205
2017-08-07 09:45:00,4,303.59246786733604,301.9902980786297
2017-08-07 10:00:00,4,303.7686348524618,302.1444710038005
2017-08-07 10:15:00,4,303.93458738679345,302.2924984430184
2017-08-07 10:30:00,4,304.0906413503416,302.433951020921
2017-08-07 10:45:00,4,304.2364198804606,302.56750483603946
2017-08-07 11:00:00,4,304.3711895571111,302.69172111351514
2017-08-07 11:15:00,4,304.4940234508672,302.8058440554105
2017-08-07 11:30:00,4,304.6036462468856,302.909642902881
2017-08-07 11:45:00,4,304.6977005059683,303.0013264143529
2017-08-07 12:00:00,4,304.773834648632,303.07826615458504
2017-08-07 12:15:00,4,304.83084841162105,303.1386631303869
2017-08-07 12:30:00,4,304.86983468546254,303.1833660924187
2017-08-07 12:45:00,4,304.8954444852393,303.21622535432897
2017-08-07 13:00:00,4,304.91280940660977,303.241744421216
2017-08-07 13:15:00,4,304.9249832727611,303.26276366160084
2017-08-07 13:30:00,4,304.9334978053652,303.28045577712754
2017-08-07 13:45:00,4,304.93983368688123,303.29565798340224
2017-08-07 14:00:00,4,304.94521359902114,303.3093334013881
2017-08-07 14:15:00,4,304.94994493031714,303.32210389799417
2017-08-07 14:30:00,4,304.9535999442036,303.3338962389597
2017-08-07 14:45:00,4,304.955389990091,303.3440948271947
2017-08-07 15:00:00,4,304.9544474862085,303.35187604264314
2017-08-07 15:15:00,4,304.949799692067,303.3563727793488
2017-08-07 15:30:00,4,304.9402243838189,303.35647758639857
2017-08-07 15:45:00,4,304.92370874543064,303.35043855206743
2017-08-07 16:00:00,4,304.8979678630343,303.3361859949385
2017-08-07 16:15:00,4,304.86163247803825,303.3122172459402
2017-08-07 16:30:00,4,304.8144589559857,303.27812673975524
2017-08-07 16:45:00,4,304.7573338903125,303.23475394994813
2017-08-07 17:00:00,4,304.6921657564595,303.18385440352256
2017-08-07 17:15:00,4,304.6207066347253,303.1273015578647
2017-08-07 17:30:00,4,304.5443129644979,303.06658882030314
2017-08-07 17:45:00,4,304.4641048252663,303.0027527335963
2017-08-07 18:00:00,4,304.3806090373121,302.93620282461416
2017-08-07 18:15:00,4,304.29319857614587,302.8665337382656
2017-08-07 18:30:00,4,304.20055555834676,302.7928123420878
2017-08-07 18:45:00,4,304.1010200765752,302.71342423959
2017-08-07 19:00:00,4,303.9931971960452,302.6264697656764
2017-08-07 19:15:00,4,303.87611118747316,302.530611853516
2017-08-07 19:30:00,4,303.75112097103096,302.42650445002494
2017-08-07 19:45:00,4,303.6222916255644,302.31745821085786
2017-08-07 20:00:00,4,303.4938239427017,302.2079080703561
2017-08-07 20:15:00,4,303.36840104221625,302.1032700709836
2017-08-07 20:30:00,4,303.24728689006054,301.99869610032636
2017-08-07 20:45:00,4,303.13085581328124,301.8932342308841
2017-08-07 21:00:00,4,303.0190016158959,301.7864675820177
2017-08-07 21:15:00,4,302.91139310412666,301.6794947225706
2017-08-07 21:30:00,4,302.80775760293625,301.5735031933651
2017-08-07 21:45:00,4,302.70826612737613,301.46927967887194
2017-08-07 22:00:00,4,302.613238552058,301.3672536922567
2017-08-07 22:15:00,4,302.5227646361944,301.2674432166594
2017-08-07 22:30:00,4,302.43668920195694,301.1696809184098
2017-08-07 22:45:00,4,302.3547138281139,301.0800090080383
2017-08-07 23:00:00,4,302.27647898464255,300.9991059232056
2017-08-07 23:15:00,4,302.20161187453033,300.92444206004734
2017-08-07 23:30:00,4,302.12979346541823,300.8536947888136
2017-08-07 23:45:00,4,302.06086989350126,300.78596719281245
2017-08-08 00:00:00,4,301.9947629518677,300.7212661657804
2017-08-08 00:15:00,4,301.931336735195,300.65968514090304
2017-08-08 00:30:00,4,301.87031029202336,300.6009712081855
2017-08-08 00:45:00,4,301.8111065073594,300.5444326063084
2017-08-08 01:00:00,4,301.75301405605035,300.48914036524843
2017-08-08 01:15:00,4,301.69543237556013,300.4342322017249
2017-08-08 01:30:00,4,301.6381157770412,300.37926291611916
2017-08-08 01:45:00,4,301.5815549789029,300.324429983786
2017-08-08 02:00:00,4,301.52646747388576,300.2703140383916
2017-08-08 02:15:00,4,301.47326801319764,300.21739486166047
2017-08-08 02:30:00,4,301.4220588683246,300.1658629920976
2017-08-08 02:45:00,4,301.37271621365176,300.11586226530466
2017-08-08 03:00:00,4,301.3251223489423,300.06772468379427
2017-08-08 03:15:00,4,301.27923267532253,300.0218784739619
2017-08-08 03:30:00,4,301.23495072737796,299.97849449373535
2017-08-08 03:45:00,4,301.1919475676063,299.93714127888336
2017-08-08 04:00:00,4,301.14971615368535,299.89685992314594
2017-08-08 04:15:00,4,301.10781310365724,299.8566353754692
2017-08-08 04:30:00,4,301.0660877032626,299.81593130882754
2017-08-08 04:45:00,4,301.0247795592747,299.7749391493644
2017-08-08 05:00:00,4,300.984280548137,299.7343200636612
2017-08-08 05:15:00,4,300.9449226074072,299.69477492576743
2017-08-08 05:30:00,4,300.9077459165818,299.65783898884115
2017-08-08 05:45:00,4,300.88128120400154,299.63162755880626
2017-08-08 06:00:00,4,300.8872183085823,299.6315567433358
2017-08-08 06:15:00,4,300.9379120856823,299.6660811379319
2017-08-08 06:30:00,4,301.03099443370894,299.7222329162405
2017-08-08 06:45:00,4,301.1618518563377,299.8203800567433
2017-08-08 07:00:00,4,301.32687929610216,299.96253271033765
2017-08-08 07:15:00,4,301.5199786006228,300.13773605661595
2017-08-08 07:30:00,4,301.7334080401858,300.33396446460654
2017-08-08 07:45:00,4,301.95985888930045,300.544651444948
2017-08-08 08:00:00,4,302.19355326526414,300.7780571170317
2017-08-08 08:15:00,4,302.4302840289727,301.0145048257821
2017-08-08 08:30:00,4,302.66740129864746,301.2417844651659
2017-08-08 08:45:00,4,302.90244932835924,301.456878101634
2017-08-08 09:00:00,4,303.1323858486371,301.6569490360973
2017-08-08 09:15:00,4,303.35353732144523,301.84666523320266
2017-08-08 09:30:00,4,303.562814403193,302.0270974587821
2017-08-08 09:45:00,4,303.7600028725307,302.1960502607008
2017-08-08 10:00:00,4,303.9463739212012,302.35583789160853
2017-08-08 10:15:00,4,304.122454469569,302.50934980823797
2017-08-08 10:30:00,4,304.28757117159967,302.6561383330906
2017-08-08 10:45:00,4,304.4395744417671,302.7932665098476
2017-08-08 11:00:00,4,304.57599306970684,302.91753372834955
2017-08-08 11:15:00,4,304.69505332076017,303.0270355820943
2017-08-08 11:30:00,4,304.7958425468962,303.1208249405861
2017-08-08 11:45:00,4,304.8780354060079,303.20003236341705
2017-08-08 12:00:00,4,304.9417948544171,303.2652686212981
2017-08-08 12:15:00,4,304.98774989947657,303.3166706649361
2017-08-08 12:30:00,4,305.0178828915186,303.35545930181473
2017-08-08 12:45:00,4,305.0366463918591,303.3846920436411
2017-08-08 13:00:00,4,305.04851588666605,303.40775547064095
2017-08-08 13:15:00,4,305.0560032542834,303.4266077280478
2017-08-08 13:30:00,4,305.06040912344866,303.4420225586975
2017-08-08 13:45:00,4,305.0634989907304,303.45509010240926
2017-08-08 14:00:00,4,305.066942577737,303.4674049717591
2017-08-08 14:15:00,4,305.0713068687295,303.4801231685097
2017-08-08 14:30:00,4,305.07581440255086,303.4929590850003
2017-08-08 14:45:00,4,305.07789435556737,303.50379887934645
2017-08-08 15:00:00,4,305.0744888342113,303.50966432901527
2017-08-08 15:15:00,4,305.06333156403747,303.508085302705
2017-08-08 15:30:00,4,305.04322009759795,303.49779833149677
2017-08-08 15:45:00,4,305.01390725069956,303.478662951812
2017-08-08 16:00:00,4,304.97547260894885,303.4509631033745
2017-08-08 16:15:00,4,304.92760291125455,303.41480250299156
2017-08-08 16:30:00,4,304.87013537710965,303.3701152079901
2017-08-08 16:45:00,4,304.8033345216195,303.3170644820833
2017-08-08 17:00:00,4,304.7283556418048,303.25648073853125
2017-08-08 17:15:00,4,304.6466655706141,303.18958888351335
2017-08-08 17:30:00,4,304.5591204655279,303.1174406349936
2017-08-08 17:45:00,4,304.46646642041696,303.04078580365217
2017-08-08 18:00:00,4,304.3692587606369,302.96011833431703
2017-08-08 18:15:00,4,304.2671199110682,302.87572413891576
2017-08-08 18:30:00,4,304.15940028774685,302.78740301916395
2017-08-08 18:45:00,4,304.04593528176355,302.69485039799537
2017-08-08 19:00:00,4,303.9265232465873,302.5976494937832
2017-08-08 19:15:00,4,303.8007517836105,302.4958158538669
2017-08-08 19:30:00,4,303.66994549814603,302.39090370033966
2017-08-08 19:45:00,4,303.53703632353046,302.28307592496196
2017-08-08 20:00:00,4,303.40469969534854,302.17199594509907
2017-08-08 20:15:00,4,303.27452132629804,302.0568009093136
2017-08-08 20:30:00,4,303.1473948300545,301.9370932301953
2017-08-08 20:45:00,4,303.0243374401087,301.81509174196185
2017-08-08 21:00:00,4,302.9062295808881,301.69357418141504
2017-08-08 21:15:00,4,302.79340741890104,301.5741494895298
2017-08-08 21:30:00,4,302.6857178723611,301.45683154004075
2017-08-08 21:45:00,4,302.58266613950974,301.3421587824113
2017-08-08 22:00:00,4,302.483664128654,301.23615816462404
2017-08-08 22:15:00,4,302.3881838096854,301.1391947090905
2017-08-08 22:30:00,4,302.29596652174934,301.048487315095
2017-08-08 22:45:00,4,302.2074043393633,300.96200753680034
2017-08-08 23:00:00,4,302.12304167793303,300.8794292347184
2017-08-08 23:15:00,4,302.04307445291295,300.80109389747895
2017-08-08 23:30:00,4,301.96741487832634,300.7271134791239
2017-08-08 23:45:00,4,301.8959695586762,300.65735265764147
2017-08-09 00:00:00,4,301.82866557452064,300.5916720672934
2017-08-09 00:15:00,4,301.7653535180138,300.52996943211076
2017-08-09 00:30:00,4,301.7057873954299,300.4720958016728
2017-08-09 00:45:00,4,301.6496354161381,300.41779636892693
2017-08-09 01:00:00,4,301.5965433534262,300.3667452575143
2017-08-09 01:15:00,4,301.5461779280701,300.3185932859373
2017-08-09 01:30:00,4,301.4979775639038,300.27272841501025
2017-08-09 01:45:00,4,301.4505681715314,300.22789730670337
2017-08-09 02:00:00,4,301.402342350141,300.18245560519046
2017-08-09 02:15:00,4,301.35218763596066,300.13501978756165
2017-08-09 02:30:00,4,301.29979207942097,300.08509650088365
2017-08-09 02:45:00,4,301.24606232379625,300.0334270177029
2017-08-09 03:00:00,4,301.19240830511785,299.9815143029142
2017-08-09 03:15:00,4,301.1399001233389,299.9307724131902
2017-08-09 03:30:00,4,301.08911475766786,299.88201535072426
2017-08-09 03:45:00,4,301.0402274793999,299.8354309754127
2017-08-09 04:00:00,4,300.9931801262981,299.79084110106356
2017-08-09 04:15:00,4,300.94782507199193,299.7479682008784
2017-08-09 04:30:00,4,300.90395208109857,299.70650483878933
2017-08-09 04:45:00,4,300.86120649051776,299.6660030346078
2017-08-09 05:00:00,4,300.8191820754576,299.62589551358275
2017-08-09 05:15:00,4,300.7776028987798,299.58572646982725
2017-08-09 05:30:00,4,300.73721658834677,299.54633473031834
2017-08-09 05:45:00,4,300.7072713126267,299.51719192593225
2017-08-09 06:00:00,4,300.7128378317991,299.51694793403345
2017-08-09 06:15:00,4,300.7696446944717,299.5561728947138
2017-08-09 06:30:00,4,300.8764142343781,299.62216917039734
2017-08-09 06:45:00,4,301.0265354463126,299.73047716865153
2017-08-09 07:00:00,4,301.21246367139025,299.8839276590946
2017-08-09 07:15:00,4,301.42403189021644,300.0699109959989
2017-08-09 07:30:00,4,301.65088831908525,300.27363507672356
2017-08-09 07:45:00,4,301.88457699040015,300.4864709833824
2017-08-09 08:00:00,4,302.11865373828164,300.7072021176284
2017-08-09 08:15:00,4,302.3483817246926,300.9382282378122
2017-08-09 08:30:00,4,302.5712298552827,301.162435967755
2017-08-09 08:45:00,4,302.7866203897459,301.3699022413398
2017-08-09 09:00:00,4,302.9942335623866,301.5558812288112
2017-08-09 09:15:00,4,303.19328427521,301.7291882908097
2017-08-09 09:30:00,4,303.3828382071641,301.8942292342113
2017-08-09 09:45:00,4,303.56216262549606,302.0503261052411
2017-08-09 10:00:00,4,303.73062631699463,302.19402699643416
2017-08-09 10:15:00,4,303.8873663629977,302.3292257707248
2017-08-09 10:30:00,4,304.0315502207608,302.45688921292805
2017-08-09 10:45:00,4,304.16266080880865,302.5754916161191
2017-08-09 11:00:00,4,304.28038175241386,302.6831199113724
2017-08-09 11:15:00,4,304.3843160649374,302.7786780295198
2017-08-09 11:30:00,4,304.4742391943413,302.8620369400816
2017-08-09 11:45:00,4,304.55059192681654,302.93374292119444
2017-08-09 12:00:00,4,304.61403938467436,302.9941137610996
2017-08-09 12:15:00,4,304.6649882275057,303.0451178688254
2017-08-09 12:30:00,4,304.7045757024583,303.0883443124592
2017-08-09 12:45:00,4,304.73602070885363,303.12599557144716
2017-08-09 13:00:00,4,304.76259644126765,303.1602547425355
2017-08-09 13:15:00,4,304.78601750570056,303.1922308522791
2017-08-09 13:30:00,4,304.8066776753739,303.22176435041285
2017-08-09 13:45:00,4,304.8240562861033,303.2479397445386
2017-08-09 14:00:00,4,304.83733065524564,303.2697206771035
2017-08-09 14:15:00,4,304.8456316685244,303.28625135673593
2017-08-09 14:30:00,4,304.8480060520865,303.2967198385335
2017-08-09 14:45:00,4,304.8431639246965,303.3001118532163
2017-08-09 15:00:00,4,304.82987094611906,303.2953393256936
2017-08-09 15:15:00,4,304.80720592867937,303.2815324282606
2017-08-09 15:30:00,4,304.7748435650807,303.2584575362707
2017-08-09 15:45:00,4,304.73353659728616,303.22678839191957
2017-08-09 16:00:00,4,304.68422310929816,303.18755724231966
2017-08-09 16:15:00,4,304.6270459881545,303.14144046019203
2017-08-09 16:30:00,4,304.56210798749566,303.08875582624677
2017-08-09 16:45:00,4,304.4900835983913,303.03000807876697
2017-08-09 17:00:00,4,304.41251504643515,302.96632267822724
2017-08-09 17:15:00,4,304.3311049502915,302.89915204391025
2017-08-09 17:30:00,4,304.2468764678292,302.8296339347615
2017-08-09 17:45:00,4,304.1603096249986,302.758437280108
2017-08-09 18:00:00,4,304.07168573499746,302.6864278328313
2017-08-09 18:15:00,4,303.98038480268286,302.6135419438295
2017-08-09 18:30:00,4,303.88518556836425,302.53876500209265
2017-08-09 18:45:00,4,303.78468501882776,302.4606199477848
2017-08-09 19:00:00,4,303.6768653175371,302.3773797499097
2017-08-09 19:15:00,4,303.5593704103851,302.2879048422184
2017-08-09 19:30:00,4,303.43431689211764,302.1908081055926
2017-08-09 19:45:00,4,303.3061732845109,302.08822676559134
2017-08-09 20:00:00,4,303.1780955887558,301.97723204117887
2017-08-09 20:15:00,4,303.0517119431706,301.8601663335352
2017-08-09 20:30:00,4,302.92797646629845,301.7394589295541
2017-08-09 20:45:00,4,302.8082520365684,301.6179208257172
2017-08-09 21:00:00,4,302.69395060669564,301.49802261137955
2017-08-09 21:15:00,4,302.5858631501742,301.3811458870524
2017-08-09 21:30:00,4,302.4840861378926,301.26814612789593
2017-08-09 21:45:00,4,302.3880780701209,301.165820167581
2017-08-09 22:00:00,4,302.296994913686,301.07415793296354
2017-08-09 22:15:00,4,302.21002931576044,300.9894416167023
2017-08-09 22:30:00,4,302.12658655941,300.90860174315407
2017-08-09 22:45:00,4,302.0464593077373,300.8306557038743
2017-08-09 23:00:00,4,301.96965033674303,300.75588562292336
2017-08-09 23:15:00,4,301.8961147883672,300.684670682075
2017-08-09 23:30:00,4,301.82573495122557,300.61701740863134
2017-08-09 23:45:00,4,301.7583986378961,300.5526046957413
2017-08-10 00:00:00,4,301.6939226241793,300.4909464357893
2017-08-10 00:15:00,4,301.63201762024363,300.4315085304545
2017-08-10 00:30:00,4,301.5722534516938,300.37369458307495
2017-08-10 00:45:00,4,301.5139132850153,300.3167868463519
2017-08-10 01:00:00,4,301.45623775336014,300.26005879606134
2017-08-10 01:15:00,4,301.39869765954904,300.2029786556876
2017-08-10 01:30:00,4,301.3411751083924,300.14552252112657
2017-08-10 01:45:00,4,301.2842826038994,300.08843559412406
2017-08-10 02:00:00,4,301.22898998991263,300.032976555052
2017-08-10 02:15:00,4,301.1760705550165,299.98032549069205
2017-08-10 02:30:00,4,301.12573167353537,299.9308908715714
2017-08-10 02:45:00,4,301.07713762729054,299.8838536883718
2017-08-10 03:00:00,4,301.0289739848162,299.83759819125726
2017-08-10 03:15:00,4,300.9802250778254,299.7906366620134
2017-08-10 03:30:00,4,300.9303945751825,299.74222234555174
2017-08-10 03:45:00,4,300.8794368556953,299.6923594436023
2017-08-10 04:00:00,4,300.8275094907543,299.6414229333859
2017-08-10 04:15:00,4,300.7747920214523,299.589801169461
2017-08-10 04:30:00,4,300.72157879147977,299.5379065066769
2017-08-10 04:45:00,4,300.6686374086138,299.48642510480107
2017-08-10 05:00:00,4,300.616910822186,299.4362296387575
2017-08-10 05:15:00,4,300.5670913534668,299.3880562807754
2017-08-10 05:30:00,4,300.52030676696484,299.3432251731304
2017-08-10 05:45:00,4,300.4857934019338,299.31120546310103
2017-08-10 06:00:00,4,300.48895104503646,299.3104947877495
2017-08-10 06:15:00,4,300.54564808284977,299.3515713259015
2017-08-10 06:30:00,4,300.6542391729565,299.4228336680724
2017-08-10 06:45:00,4,300.80763318146666,299.53288090397996
2017-08-10 07:00:00,4,300.99787122857595,299.6874042511729
2017-08-10 07:15:00,4,301.21428755511596,299.8755905640848
2017-08-10 07:30:00,4,301.4463237811977,300.08208269560794
2017-08-10 07:45:00,4,301.6866566780042,300.29766942003266
2017-08-10 08:00:00,4,301.9307095054377,300.5208637634485
2017-08-10 08:15:00,4,302.1754100968786,300.75961986465956
2017-08-10 08:30:00,4,302.4189706438205,300.9973257982316
2017-08-10 08:45:00,4,302.66003148401205,301.2219405589327
2017-08-10 09:00:00,4,302.89743885773083,301.4270104180481
2017-08-10 09:15:00,4,303.12963324601424,301.6206790295801
2017-08-10 09:30:00,4,303.3549573292851,301.8076997308364
2017-08-10 09:45:00,4,303.57253448819347,301.9877450248981
2017-08-10 10:00:00,4,303.78181888897205,302.1575808827987
2017-08-10 10:15:00,4,303.98176404859163,302.3216645918656
2017-08-10 10:30:00,4,304.170854714863,302.4805289497808
2017-08-10 10:45:00,4,304.34713945368327,302.6313080123968
2017-08-10 11:00:00,4,304.5086911080915,302.77073848636246
2017-08-10 11:15:00,4,304.6538955041331,302.89664877509705
2017-08-10 11:30:00,4,304.7816142894004,303.0081413327966
2017-08-10 11:45:00,4,304.891304092888,303.1050142536613
2017-08-10 12:00:00,4,304.9827533335083,303.1871676586676
2017-08-10 12:15:00,4,305.0558456997039,303.2541410143048
2017-08-10 12:30:00,4,305.1119715857503,303.308976927513
2017-08-10 12:45:00,4,305.1562765973598,303.3562276470917
2017-08-10 13:00:00,4,305.1946073503585,303.40039810916664
2017-08-10 13:15:00,4,305.2304582603839,303.4440435247135
2017-08-10 13:30:00,4,305.26492121767427,303.4873736583084
2017-08-10 13:45:00,4,305.29720699461393,303.52894430735637
2017-08-10 14:00:00,4,305.3257378945386,303.56676653614625
2017-08-10 14:15:00,4,305.3489209983942,303.59910940620665
2017-08-10 14:30:00,4,305.36523736481814,303.6245423819703
2017-08-10 14:45:00,4,305.3728986171377,303.6415797974244
2017-08-10 15:00:00,4,305.3701733902815,303.6487001562689
2017-08-10 15:15:00,4,305.3556546785951,303.64463019036845
2017-08-10 15:30:00,4,305.3284778354787,303.62869639684715
2017-08-10 15:45:00,4,305.28859743686445,303.60099462353617
2017-08-10 16:00:00,4,305.23633030615116,303.56203045570624
2017-08-10 16:15:00,4,305.1715592278204,303.5120404781691
2017-08-10 16:30:00,4,305.0938310436055,303.45099475474444
2017-08-10 16:45:00,4,305.00396222798616,303.37954137733857
2017-08-10 17:00:00,4,304.9045293140647,303.2995582037783
2017-08-10 17:15:00,4,304.79845835973236,303.2133982653385
2017-08-10 17:30:00,4,304.68765498312615,303.12329165353344
2017-08-10 17:45:00,4,304.57281410951447,303.0313008906843
2017-08-10 18:00:00,4,304.45412706386367,302.9380066771058
2017-08-10 18:15:00,4,304.3308706060318,302.8427510904171
2017-08-10 18:30:00,4,304.2018546447633,302.74457041051284
2017-08-10 18:45:00,4,304.0660226539377,302.6422192344403
2017-08-10 19:00:00,4,303.9218006496356,302.53203533823176
2017-08-10 19:15:00,4,303.767179710493,302.41021631316596
2017-08-10 19:30:00,4,303.60486987088836,302.2778425319775
2017-08-10 19:45:00,4,303.4402436160914,302.1381079894822
2017-08-10 20:00:00,4,303.27727847538927,301.99122366967185
2017-08-10 20:15:00,4,303.11813903047505,301.8377622998032
2017-08-10 20:30:00,4,302.96398803184104,301.6813281389523
2017-08-10 20:45:00,4,302.81602264158494,301.52563644955376
2017-08-10 21:00:00,4,302.67530676399764,301.37246726803403
2017-08-10 21:15:00,4,302.5423204515244,301.22754524932907
2017-08-10 21:30:00,4,302.41699510523955,301.0972768908526
2017-08-10 21:45:00,4,302.29888461205064,300.98033767714685
2017-08-10 22:00:00,4,302.18735882215805,300.8723868362925
2017-08-10 22:15:00,4,302.0817534418148,300.770464922801
2017-08-10 22:30:00,4,301.98157523025725,300.6737198032046
2017-08-10 22:45:00,4,301.8868420346755,300.5824135016613
2017-08-10 23:00:00,4,301.7977814166893,300.4969219664024
2017-08-10 23:15:00,4,301.71443266907687,300.4172959882747
2017-08-10 23:30:00,4,301.63661272627843,300.34328879731186
2017-08-10 23:45:00,4,301.5640214915126,300.27453912166675
2017-08-11 00:00:00,4,301.4963046012857,300.2106782825233
2017-08-11 00:15:00,4,301.4330753740725,300.1513374121238
2017-08-11 00:30:00,4,301.373888399952,300.0960678287079
2017-08-11 00:45:00,4,301.3181385265436,300.04424455804985
2017-08-11 01:00:00,4,301.2651717118798,299.99513836614796
2017-08-11 01:15:00,4,301.2144406506826,299.9480905026277
2017-08-11 01:30:00,4,301.165456484129,299.90254900833907
2017-08-11 01:45:00,4,301.1175991104495,299.85799105328874
2017-08-11 02:00:00,4,301.07026434318124,299.81394347047376
2017-08-11 02:15:00,4,301.0230370434244,299.7700508868069
2017-08-11 02:30:00,4,300.9756053576892,299.72596951317854
2017-08-11 02:45:00,4,300.92750431667577,299.68112462356487
2017-08-11 03:00:00,4,300.87819799627795,299.63474759506653
2017-08-11 03:15:00,4,300.82732459283716,299.5862247661454
2017-08-11 03:30:00,4,300.7749495263941,299.5355618651619
2017-08-11 03:45:00,4,300.7218312594093,299.48358636186055
2017-08-11 04:00:00,4,300.6689755857363,299.4315442751707
2017-08-11 04:15:00,4,300.6171442732369,299.3804986705005
2017-08-11 04:30:00,4,300.5667737490143,299.33104960111996
2017-08-11 04:45:00,4,300.51805558576456,299.2834087291966
2017-08-11 05:00:00,4,300.4710274106134,299.2375841782406
2017-08-11 05:15:00,4,300.4256390323528,299.19350524000345
2017-08-11 05:30:00,4,300.3819653984376,299.1513763686226
2017-08-11 05:45:00,4,300.34751147350755,299.1196517253569
2017-08-11 06:00:00,4,300.34885498845796,299.11770104725827
2017-08-11 06:15:00,4,300.40414991036994,299.1581475044636
2017-08-11 06:30:00,4,300.512574458929,299.23299022433974
2017-08-11 06:45:00,4,300.6667826207121,299.34029484311384
2017-08-11 07:00:00,4,300.858214723085,299.4905184394834
2017-08-11 07:15:00,4,301.07555063230706,299.6756207730018
2017-08-11 07:30:00,4,301.30753903666755,299.879099984649
2017-08-11 07:45:00,4,301.545661538512,300.08952553916635
2017-08-11 08:00:00,4,301.78369105205905,300.3030097587507
2017-08-11 08:15:00,4,302.0170081195227,300.52191122663623
2017-08-11 08:30:00,4,302.24306832495375,300.7458894024453
2017-08-11 08:45:00,4,302.46140344574576,300.9602107483432
2017-08-11 09:00:00,4,302.67251072059327,301.1565042768459
2017-08-11 09:15:00,4,302.8761980689779,301.33544713698234
2017-08-11 09:30:00,4,303.07162278627715,301.504766473957
2017-08-11 09:45:00,4,303.2580692321381,301.66739625022984
2017-08-11 10:00:00,4,303.4348801602062,301.8213154728252
2017-08-11 10:15:00,4,303.6010022658246,301.96419757674084
2017-08-11 10:30:00,4,303.7552327056258,302.09849640349137
2017-08-11 10:45:00,4,303.8964953104327,302.22453361608723
2017-08-11 11:00:00,4,304.02395785536254,302.3407930434066
2017-08-11 11:15:00,4,304.1369738222128,302.44573833996674
2017-08-11 11:30:00,4,304.2352457332184,302.53865259463043
2017-08-11 11:45:00,4,304.31906284906853,302.6195802313526
2017-08-11 12:00:00,4,304.38892828968386,302.6888383203521
2017-08-11 12:15:00,4,304.44514385209186,302.74667505661864
2017-08-11 12:30:00,4,304.48871130934026,302.79404634141974
2017-08-11 12:45:00,4,304.5225353903297,302.83415071577906
2017-08-11 13:00:00,4,304.549523331568,302.86946014390253
2017-08-11 13:15:00,4,304.5711390137991,302.90070369768756
2017-08-11 13:30:00,4,304.58799665694465,302.92762892866045
2017-08-11 13:45:00,4,304.6008986372104,302.9502311136187
2017-08-11 14:00:00,4,304.6106205480996,302.9689922925612
2017-08-11 14:15:00,4,304.61731952593686,302.98434231674975
2017-08-11 14:30:00,4,304.6206361043975,302.9962764950306
2017-08-11 14:45:00,4,304.61998636232136,303.0044299842588
2017-08-11 15:00:00,4,304.61473984180793,303.0082856523943
2017-08-11 15:15:00,4,304.60413699222806,303.007254045539
2017-08-11 15:30:00,4,304.5873927979897,303.00071640747444
2017-08-11 15:45:00,4,304.5638117597175,302.98807944090686
2017-08-11 16:00:00,4,304.53268185083346,302.9687103554237
2017-08-11 16:15:00,4,304.4930363144139,302.9419108526895
2017-08-11 16:30:00,4,304.4442865497127,302.9071232607315
2017-08-11 16:45:00,4,304.38640036822943,302.8642402556666
2017-08-11 17:00:00,4,304.3203616272661,302.8139371310022
2017-08-11 17:15:00,4,304.2475840550013,302.75736431618077
2017-08-11 17:30:00,4,304.1688957025165,302.69552666381986
2017-08-11 17:45:00,4,304.0850089517018,302.6290513010879
2017-08-11 18:00:00,4,303.9964258667612,302.55873597364734
2017-08-11 18:15:00,4,303.9025855080643,302.4848389691748
2017-08-11 18:30:00,4,303.8022727848219,302.40651216097604
2017-08-11 18:45:00,4,303.6937605953871,302.3221373975913
2017-08-11 19:00:00,4,303.57478197331517,302.2299020096835
2017-08-11 19:15:00,4,303.443356322811,302.12962689958
2017-08-11 19:30:00,4,303.3021875644217,302.0196934546651
2017-08-11 19:45:00,4,303.1568644288555,301.9026949906767
2017-08-11 20:00:00,4,303.01185991186736,301.7777297285506
2017-08-11 20:15:00,4,302.869697748437,301.64494417198296
2017-08-11 20:30:00,4,302.7317152072192,301.5084656330732
2017-08-11 20:45:00,4,302.59915415629985,301.3725857993061
2017-08-11 21:00:00,4,302.473017276094,301.2396840905133
2017-08-11 21:15:00,4,302.35368463793657,301.1099146944727
2017-08-11 21:30:00,4,302.2409846403466,300.98763828040626
2017-08-11 21:45:00,4,302.13431957598675,300.8770769132129
2017-08-11 22:00:00,4,302.03290147352845,300.7765719746284
2017-08-11 22:15:00,4,301.93596673786794,300.6823095528982
2017-08-11 22:30:00,4,301.8428924430315,300.59174826978244
2017-08-11 22:45:00,4,301.7533203591648,300.5041947977585
2017-08-11 23:00:00,4,301.6670622685802,300.4198192590394
2017-08-11 23:15:00,4,301.58393671627647,300.33874782233033
2017-08-11 23:30:00,4,301.50373808334683,300.2608421495273
2017-08-11 23:45:00,4,301.4262853762407,300.1858496770785
2017-08-12 00:00:00,4,301.35140628234035,300.11353686285014
2017-08-12 00:15:00,4,301.2789078465294,300.0437090031473
2017-08-12 00:30:00,4,301.2086855812874,299.97627624732536
2017-08-12 00:45:00,4,301.14097370849396,299.9113894955564
2017-08-12 01:00:00,4,301.0761195203781,299.8493451525509
2017-08-12 01:15:00,4,301.0142924836591,299.7903414538572
2017-08-12 01:30:00,4,300.9553529273237,299.73424640162284
2017-08-12 01:45:00,4,300.89866871295374,299.6804768340291
2017-08-12 02:00:00,4,300.8434297122879,299.62821553521337
2017-08-12 02:15:00,4,300.7890062236452,299.5767574263532
2017-08-12 02:30:00,4,300.7350305970151,299.52566249816243
2017-08-12 02:45:00,4,300.68137940660205,299.47466245391195
2017-08-12 03:00:00,4,300.6279970954189,299.4235012901547
2017-08-12 03:15:00,4,300.57482364088696,299.3719496275466
2017-08-12 03:30:00,4,300.52183994409313,299.3199160064859
2017-08-12 03:45:00,4,300.46897565622106,299.2674738427122
2017-08-12 04:00:00,4,300.41611812258054,299.2147892022865
2017-08-12 04:15:00,4,300.3631985615052,299.16203869364267
2017-08-12 04:30:00,4,300.31053899190783,299.10976230024755
2017-08-12 04:45:00,4,300.25972224944036,299.05944839672077
2017-08-12 05:00:00,4,300.21293900282745,299.0132444453609
2017-08-12 05:15:00,4,300.17183079208763,298.97313251715303
2017-08-12 05:30:00,4,300.13703240615274,298.93983414799914
2017-08-12 05:45:00,4,300.1083788735041,298.9132137044134
2017-08-12 06:00:00,4,300.0908017570491,298.8981833626492
2017-08-12 06:15:00,4,300.1022088429458,298.9079984477867
2017-08-12 06:30:00,4,300.1587699421607,298.9547851534504
2017-08-12 06:45:00,4,300.2671081590469,299.03906785462317
2017-08-12 07:00:00,4,300.4257496690254,299.14988059730825
2017-08-12 07:15:00,4,300.624752240969,299.3031384091054
2017-08-12 07:30:00,4,300.85137939074446,299.4937612424988
2017-08-12 07:45:00,4,301.09549211812674,299.70572187579467
2017-08-12 08:00:00,4,301.34999835561285,299.9272268756828
2017-08-12 08:15:00,4,301.6086404600667,300.1541082011059
2017-08-12 08:30:00,4,301.8667945068991,300.3950464327182
2017-08-12 08:45:00,4,302.12214636613334,300.6331535080252
2017-08-12 09:00:00,4,302.3736954594089,300.8542826316463
2017-08-12 09:15:00,4,302.6200297338659,301.0622872170767
2017-08-12 09:30:00,4,302.8583533395574,301.26181335291193
2017-08-12 09:45:00,4,303.08291869672627,301.4512391037812
2017-08-12 10:00:00,4,303.2870123641081,301.6245299528678
2017-08-12 10:15:00,4,303.46585792357547,301.77691704632645
2017-08-12 10:30:00,4,303.6184788535736,301.9104668399381
2017-08-12 10:45:00,4,303.7492217778176,302.0289326278673
2017-08-12 11:00:00,4,303.86400816876846,302.13627103669046
2017-08-12 11:15:00,4,303.9667078862131,302.2352700229358
2017-08-12 11:30:00,4,304.0589731968396,302.3269510858069
2017-08-12 11:45:00,4,304.1410072159192,302.41094825694717
2017-08-12 12:00:00,4,304.21234115133973,302.48631239702854
2017-08-12 12:15:00,4,304.2723442607433,302.55218868194873
2017-08-12 12:30:00,4,304.3212995757354,302.60847223101655
2017-08-12 12:45:00,4,304.36136146566434,302.6582260707057
2017-08-12 13:00:00,4,304.3948135039503,302.7034361185073
2017-08-12 13:15:00,4,304.42281096532463,302.7443262836373
2017-08-12 13:30:00,4,304.4459673509677,302.78051925187185
2017-08-12 13:45:00,4,304.46543553833516,302.8123480334352
2017-08-12 14:00:00,4,304.4824115108619,302.84089043166836
2017-08-12 14:15:00,4,304.49730536919924,302.8671192091007
2017-08-12 14:30:00,4,304.50965119012716,302.8910363299251
2017-08-12 14:45:00,4,304.5180390362429,302.91140312846096
2017-08-12 15:00:00,4,304.520697958231,302.9262576791487
2017-08-12 15:15:00,4,304.51572765605835,302.93371671515285
2017-08-12 15:30:00,4,304.50167957447684,302.9324773349863
2017-08-12 15:45:00,4,304.47762405801024,302.9219001208871
2017-08-12 16:00:00,4,304.4433559133451,302.90183231078333
2017-08-12 16:15:00,4,304.398624416009,302.8721886848489
2017-08-12 16:30:00,4,304.3431308978698,302.83278478873893
2017-08-12 16:45:00,4,304.2769373999022,302.78361513807084
2017-08-12 17:00:00,4,304.20113217081297,302.72541633172926
2017-08-12 17:15:00,4,304.11785564599757,302.65977595036605
2017-08-12 17:30:00,4,304.02924770500215,302.5886102710047
2017-08-12 17:45:00,4,303.93700775125063,302.5135732474978
2017-08-12 18:00:00,4,303.841962136209,302.4358802929547
2017-08-12 18:15:00,4,303.74348314095744,302.35607988529193
2017-08-12 18:30:00,4,303.64017808315396,302.2733638248495
2017-08-12 18:45:00,4,303.53036013968006,302.1860349376027
2017-08-12 19:00:00,4,303.41193917082484,302.09203992865815
2017-08-12 19:15:00,4,303.28311242630264,301.99065082486624
2017-08-12 19:30:00,4,303.14646878480994,301.8837232535294
2017-08-12 19:45:00,4,303.00710798251214,301.7720069388325
2017-08-12 20:00:00,4,302.86899173176135,301.65419812023373
2017-08-12 20:15:00,4,302.73429021166726,301.53173981517267
2017-08-12 20:30:00,4,302.6039425760644,301.4066253815572
2017-08-12 20:45:00,4,302.47832387583975,301.28129443076034
2017-08-12 21:00:00,4,302.35744550716856,301.1572555879096
2017-08-12 21:15:00,4,302.24103652838085,301.0346489277763
2017-08-12 21:30:00,4,302.1288317138977,300.9124090792388
2017-08-12 21:45:00,4,302.0210007494947,300.7959582829096
2017-08-12 22:00:00,4,301.91785353258217,300.6894364900431
2017-08-12 22:15:00,4,301.8194547593021,300.59188147724115
2017-08-12 22:30:00,4,301.7255733680953,300.50048533719735
2017-08-12 22:45:00,4,301.6356705392395,300.4131638164885
2017-08-12 23:00:00,4,301.5490483764594,300.3288614643686
2017-08-12 23:15:00,4,301.4650373053958,300.2469320525795
2017-08-12 23:30:00,4,301.3832496365166,300.1669858936831
2017-08-12 23:45:00,4,301.30405635838605,300.0892558749446
2017-08-13 00:00:00,4,301.22820290912466,300.0145477074679
2017-08-13 00:15:00,4,301.15620890110705,299.94368555389735
2017-08-13 00:30:00,4,301.0881095528525,299.87692969985517
2017-08-13 00:45:00,4,301.02321862417307,299.81369792076566
2017-08-13 01:00:00,4,300.96054050689486,299.75289240154757
2017-08-13 01:15:00,4,300.899257393205,299.69346406674146
2017-08-13 01:30:00,4,300.8388954506532,299.63477935583336
2017-08-13 01:45:00,4,300.77942341243124,299.57666333033853
2017-08-13 02:00:00,4,300.7210079690592,299.5191864789114
2017-08-13 02:15:00,4,300.6637880311798,299.4624797992093
2017-08-13 02:30:00,4,300.60781582210274,299.4066340099165
2017-08-13 02:45:00,4,300.5529107122329,299.35163361988907
2017-08-13 03:00:00,4,300.4987672361611,299.2973802456139
2017-08-13 03:15:00,4,300.4451431129124,299.2437832246477
2017-08-13 03:30:00,4,300.3921364099202,299.1911000355847
2017-08-13 03:45:00,4,300.3408001673365,299.14040360685163
2017-08-13 04:00:00,4,300.2926517973214,299.0933272483562
2017-08-13 04:15:00,4,300.2488110237621,299.0512622695837
2017-08-13 04:30:00,4,300.2097275522291,299.01487187822306
2017-08-13 04:45:00,4,300.175211821339,298.9837377205224
2017-08-13 05:00:00,4,300.14475212962543,298.9568765529364
2017-08-13 05:15:00,4,300.1178090064248,298.9333747734887
2017-08-13 05:30:00,4,300.09370636877065,298.91246622728585
2017-08-13 05:45:00,4,300.0764082018535,298.89894505674766
2017-08-13 06:00:00,4,300.0850483880438,298.9066375921787
2017-08-13 06:15:00,4,300.1356553900139,298.946581923314
2017-08-13 06:30:00,4,300.23075413724257,299.01604574874295
2017-08-13 06:45:00,4,300.36725166107385,299.10863522870534
2017-08-13 07:00:00,4,300.5391959462351,299.23897363105436
2017-08-13 07:15:00,4,300.7338504466311,299.401648243086
2017-08-13 07:30:00,4,300.9365767706264,299.57794378561897
2017-08-13 07:45:00,4,301.1372759480496,299.75296093615157
2017-08-13 08:00:00,4,301.3309311304677,299.9217238838567
2017-08-13 08:15:00,4,301.5166640505577,300.0866519788933
2017-08-13 08:30:00,4,301.6952560520635,300.25520966645223
2017-08-13 08:45:00,4,301.86711463391015,300.41854284501534
2017-08-13 09:00:00,4,302.0340920948547,300.5699536539646
2017-08-13 09:15:00,4,302.2001743480205,300.71317730203384
2017-08-13 09:30:00,4,302.36952653997184,300.8576662525898
2017-08-13 09:45:00,4,302.5453671792749,301.0082571893254
2017-08-13 10:00:00,4,302.72790177935957,301.1666765192083
2017-08-13 10:15:00,4,302.9146545941269,301.3326532831456
2017-08-13 10:30:00,4,303.1015109854698,301.50166373089877
2017-08-13 10:45:00,4,303.28124643585915,301.66611126735233
2017-08-13 11:00:00,4,303.4453599429892,301.81923281272265
2017-08-13 11:15:00,4,303.5864184808866,301.9541362928488
2017-08-13 11:30:00,4,303.70059139975075,302.06653982609646
2017-08-13 11:45:00,4,303.7895581540495,302.15685182599816
2017-08-13 12:00:00,4,303.85759294343836,302.2287461312742
2017-08-13 12:15:00,4,303.90860103112294,302.28633158027156
2017-08-13 12:30:00,4,303.9465367195417,302.3335239312793
2017-08-13 12:45:00,4,303.9771971334529,302.3748593167645
2017-08-13 13:00:00,4,304.0061262563806,302.41478117151553
2017-08-13 13:15:00,4,304.0367095556116,302.4563057759322
2017-08-13 13:30:00,4,304.0705533069789,302.5007871195044
2017-08-13 13:45:00,4,304.1083629444174,302.54858301703257
2017-08-13 14:00:00,4,304.1499674245299,302.59937562137947
2017-08-13 14:15:00,4,304.193828440009,302.65196522630964
2017-08-13 14:30:00,4,304.23692178815304,302.70371062039607
2017-08-13 14:45:00,4,304.27414557783845,302.750184432623
2017-08-13 15:00:00,4,304.30045908604285,302.78665939724425
2017-08-13 15:15:00,4,304.3133198766952,302.8101849855288
2017-08-13 15:30:00,4,304.3127613240943,302.8205960721933
2017-08-13 15:45:00,4,304.3014193041501,302.8204361427173
2017-08-13 16:00:00,4,304.2826270668798,302.81318432372575
2017-08-13 16:15:00,4,304.2577518149776,302.80109327593703
2017-08-13 16:30:00,4,304.2267372284396,302.7845532896764
2017-08-13 16:45:00,4,304.18877524722035,302.76274364864224
2017-08-13 17:00:00,4,304.1429037980621,302.73445985224805
2017-08-13 17:15:00,4,304.08782383946084,302.69829106348226
2017-08-13 17:30:00,4,304.0220895829882,302.65304839724894
2017-08-13 17:45:00,4,303.9453547521137,302.59815616608836
2017-08-13 18:00:00,4,303.85835804707057,302.53383944437843
2017-08-13 18:15:00,4,303.76330476528574,302.4612636745146
2017-08-13 18:30:00,4,303.66280124535814,302.3821363077853
2017-08-13 18:45:00,4,303.5581221958005,302.2978449160688
2017-08-13 19:00:00,4,303.4496395992307,302.2089664740098
2017-08-13 19:15:00,4,303.3385479150823,302.1165786697643
2017-08-13 19:30:00,4,303.227276752247,302.0224344939546
2017-08-13 19:45:00,4,303.11738227142644,301.9281754483054
2017-08-13 20:00:00,4,303.0090689540508,301.8347848259044
2017-08-13 20:15:00,4,302.90203247839884,301.74225629866345
2017-08-13 20:30:00,4,302.7958813103287,301.6487512358103
2017-08-13 20:45:00,4,302.6902751403104,301.5545553653458
2017-08-13 21:00:00,4,302.58492387316846,301.4618311066777
2017-08-13 21:15:00,4,302.47958275588763,301.3660589336117
2017-08-13 21:30:00,4,302.3744186100338,301.26526961565685
2017-08-13 21:45:00,4,302.270762658811,301.1607777190312
2017-08-13 22:00:00,4,302.1702119382634,301.05531178015286
2017-08-13 22:15:00,4,302.0736870392923,300.9510177407871
2017-08-13 22:30:00,4,301.98142968520614,300.8485185702184
2017-08-13 22:45:00,4,301.8932152849785,300.7494570790192
2017-08-13 23:00:00,4,301.8085836542904,300.65810031257536
2017-08-13 23:15:00,4,301.7270220873631,300.5741997015916
2017-08-13 23:30:00,4,301.6482149298451,300.4952470282161
2017-08-13 23:45:00,4,301.57247451608083,300.41962804357297
2017-08-14 00:00:00,4,301.50038447644476,300.34735566856966
2017-08-14 00:15:00,4,301.43228621520797,300.2790846392241
2017-08-14 00:30:00,4,301.36789488557724,300.21483110989044
2017-08-14 00:45:00,4,301.30567756535265,300.15324909352296
2017-08-14 01:00:00,4,301.24364579425304,300.0921024495713
2017-08-14 01:15:00,4,301.180333138915,300.0293245895463
2017-08-14 01:30:00,4,301.11529641544314,299.9641158896279
2017-08-14 01:45:00,4,301.04978823034133,299.8976620890022
2017-08-14 02:00:00,4,300.9859044008548,299.8325397259128
2017-08-14 02:15:00,4,300.9253424985704,299.7712850135108
2017-08-14 02:30:00,4,300.8690536032479,299.7153686564992
2017-08-14 02:45:00,4,300.8173938306666,299.6650807273098
2017-08-14 03:00:00,4,300.7703647221879,299.62001291365834
2017-08-14 03:15:00,4,300.7277583480236,299.5795569834619
2017-08-14 03:30:00,4,300.68906775404474,299.54309356186275
2017-08-14 03:45:00,4,300.65309319983015,299.50950054765
2017-08-14 04:00:00,4,300.6183337771611,299.47731267474967
2017-08-14 04:15:00,4,300.5835997938514,299.445250163601
2017-08-14 04:30:00,4,300.5481187437583,299.41244126953916
2017-08-14 04:45:00,4,300.51135616371545,299.37824797433353
2017-08-14 05:00:00,4,300.47289037674244,299.34206815644035
2017-08-14 05:15:00,4,300.4324239948768,299.30325248627634
2017-08-14 05:30:00,4,300.3901167866771,299.2619035332405
2017-08-14 05:45:00,4,300.35101892468947,299.2234547971621
2017-08-14 06:00:00,4,300.3327086825887,299.2020355341977
2017-08-14 06:15:00,4,300.3521692680071,299.21124871514775
2017-08-14 06:30:00,4,300.4144919167427,299.25287233583396
2017-08-14 06:45:00,4,300.5179635921797,299.31924668036424
2017-08-14 07:00:00,4,300.6584560001524,299.4256688029889
2017-08-14 07:15:00,4,300.82908576388036,299.5713313710826
2017-08-14 07:30:00,4,301.02297169195157,299.7450087007325
2017-08-14 07:45:00,4,301.23435955249715,299.9368885957576
2017-08-14 08:00:00,4,301.458304449909,300.1429273170093
2017-08-14 08:15:00,4,301.6903909699989,300.3720183616897
2017-08-14 08:30:00,4,301.9273727170655,300.60623276114904
2017-08-14 08:45:00,4,302.1671286566954,300.8329839233501
2017-08-14 09:00:00,4,302.4077666627886,301.04548535069364
2017-08-14 09:15:00,4,302.646720516699,301.24924309741493
2017-08-14 09:30:00,4,302.8809185703485,301.446726094454
2017-08-14 09:45:00,4,303.1065772236375,301.63321110670614
2017-08-14 10:00:00,4,303.31974740105323,301.8113703213196
2017-08-14 10:15:00,4,303.5168620216338,301.97978671156795
2017-08-14 10:30:00,4,303.69557598772025,302.13584064374265
2017-08-14 10:45:00,4,303.8555963552605,302.2782507446249
2017-08-14 11:00:00,4,303.9976934234857,302.40710320423307
2017-08-14 11:15:00,4,304.122387228832,302.5226259505211
2017-08-14 11:30:00,4,304.2296135649554,302.62412296548985
2017-08-14 11:45:00,4,304.31845039994283,302.7118101354379
2017-08-14 12:00:00,4,304.38800731837006,302.7849150291534
2017-08-14 12:15:00,4,304.4382705213022,302.8427820341354
2017-08-14 12:30:00,4,304.47159674085145,302.88704283881646
2017-08-14 12:45:00,4,304.49469280285905,302.9227082299906
2017-08-14 13:00:00,4,304.51469742702136,302.9557307229554
2017-08-14 13:15:00,4,304.53546778617687,302.9898684238336
2017-08-14 13:30:00,4,304.55773217464576,303.02568505932226
2017-08-14 13:45:00,4,304.5799677980168,303.0614499572483
2017-08-14 14:00:00,4,304.5998333347245,303.09463425166723
2017-08-14 14:15:00,4,304.61465986097477,303.12281410570984
2017-08-14 14:30:00,4,304.6225622574061,303.14457391278006
2017-08-14 14:45:00,4,304.62394516353294,303.16035223973114
2017-08-14 15:00:00,4,304.62064104519493,303.1719648487619
2017-08-14 15:15:00,4,304.6145736893704,303.18139811468444
2017-08-14 15:30:00,4,304.6069866691807,303.18949673755606
2017-08-14 15:45:00,4,304.59683458111766,303.19512145519946
2017-08-14 16:00:00,4,304.58181734799786,303.1958949578069
2017-08-14 16:15:00,4,304.559975503439,303.1895997701113
2017-08-14 16:30:00,4,304.5298642459994,303.1747073496255
2017-08-14 16:45:00,4,304.4904171303832,303.15046723364884
2017-08-14 17:00:00,4,304.44148394516145,303.11683541235124
2017-08-14 17:15:00,4,304.38294374353495,303.07395989451066
2017-08-14 17:30:00,4,304.3145169261981,303.0219959673738
2017-08-14 17:45:00,4,304.2359782983926,302.96097212841823
2017-08-14 18:00:00,4,304.14757650439896,302.8909046556903
2017-08-14 18:15:00,4,304.0498289827139,302.81194849878176
2017-08-14 18:30:00,4,303.94326460037416,302.7242192033908
2017-08-14 18:45:00,4,303.82750676122373,302.6272840412457
2017-08-14 19:00:00,4,303.7019240834931,302.5207614944353
2017-08-14 19:15:00,4,303.5676325159397,302.40555425828154
2017-08-14 19:30:00,4,303.42785972356955,302.2843954336937
2017-08-14 19:45:00,4,303.2862623492758,302.1611228723727
2017-08-14 20:00:00,4,303.1454644155384,302.0397897222094
2017-08-14 20:15:00,4,303.0068475708654,301.9236147154681
2017-08-14 20:30:00,4,302.87126125288484,301.80495839433337
2017-08-14 20:45:00,4,302.74006659077605,301.6809225532396
2017-08-14 21:00:00,4,302.6145004118889,301.5543459432638
2017-08-14 21:15:00,4,302.4949959830385,301.42912283035156
2017-08-14 21:30:00,4,302.3815303703902,301.3073621914306
2017-08-14 21:45:00,4,302.27439824185797,301.1895528577321
2017-08-14 22:00:00,4,302.17401633628083,301.07528445630487
2017-08-14 22:15:00,4,302.0804781567647,300.9685125702057
2017-08-14 22:30:00,4,301.9936259707132,300.87345705240546
2017-08-14 22:45:00,4,301.91339769361895,300.78963382462285
2017-08-14 23:00:00,4,301.83976398756806,300.71467811335884
2017-08-14 23:15:00,4,301.77251599901837,300.64689083301295
2017-08-14 23:30:00,4,301.71114496914356,300.58544316084334
2017-08-14 23:45:00,4,301.6546607657706,300.52950076435866
2017-08-15 00:00:00,4,301.60190374807337,300.4778549121313
2017-08-15 00:15:00,4,301.5519168107887,300.42921562067977
2017-08-15 00:30:00,4,301.5039174846296,300.3824919375136
2017-08-15 00:45:00,4,301.4570571118572,300.3367960166717
2017-08-15 01:00:00,4,301.41057346506915,300.2914207718471
2017-08-15 01:15:00,4,301.3639678781182,300.2458562835625
2017-08-15 01:30:00,4,301.31691419765144,300.1997158380473
2017-08-15 01:45:00,4,301.26902817496403,300.1525478120543
2017-08-15 02:00:00,4,301.21989770065295,300.10380699981914
2017-08-15 02:15:00,4,301.16925662394254,300.05307310072635
2017-08-15 02:30:00,4,301.1172364581713,300.00044306113773
2017-08-15 02:45:00,4,301.06467119604076,299.9467828476895
2017-08-15 03:00:00,4,301.01264151962044,299.89340056863193
2017-08-15 03:15:00,4,300.9619604207495,299.84145604318627
2017-08-15 03:30:00,4,300.9131581255918,299.79173119370824
2017-08-15 03:45:00,4,300.86676871246334,299.74484982825254
2017-08-15 04:00:00,4,300.8233347370694,299.7014447897149
2017-08-15 04:15:00,4,300.78321657265826,299.66216750087966
2017-08-15 04:30:00,4,300.7464460018448,299.62713883298125
2017-08-15 04:45:00,4,300.71256251445584,299.59581437506273
2017-08-15 05:00:00,4,300.68086424895137,299.56729188670954
2017-08-15 05:15:00,4,300.65073589515754,299.5406361189987
2017-08-15 05:30:00,4,300.6216535189873,299.515131406833
2017-08-15 05:45:00,4,300.5964646588941,299.49365654494363
2017-08-15 06:00:00,4,300.5892899640709,299.48637160498487
2017-08-15 06:15:00,4,300.6151829441907,299.5042306496461
2017-08-15 06:30:00,4,300.6792444072345,299.5484574421262
2017-08-15 06:45:00,4,300.7799305626055,299.61555457673586
2017-08-15 07:00:00,4,300.9127733216324,299.717750607005
2017-08-15 07:15:00,4,301.0700954195099,299.8533500454086
2017-08-15 07:30:00,4,301.24462861405715,300.0118788502803
2017-08-15 07:45:00,4,301.43382956720626,300.18625179840797
2017-08-15 08:00:00,4,301.63691941508574,300.37577027551026
2017-08-15 08:15:00,4,301.85205997436657,300.59025343262863
2017-08-15 08:30:00,4,302.0763809851132,300.813857859282
2017-08-15 08:45:00,4,302.3044904033059,301.0323386225715
2017-08-15 09:00:00,4,302.52952187570224,301.2357354525242
2017-08-15 09:15:00,4,302.7451390544942,301.4257225319882
2017-08-15 09:30:00,4,302.94738474885526,301.6034525782274
2017-08-15 09:45:00,4,303.1359525282938,301.7674688930755
2017-08-15 10:00:00,4,303.3120851631912,301.92040159071416
2017-08-15 10:15:00,4,303.47648852567534,302.0647173510141
2017-08-15 10:30:00,4,303.6288007330309,302.2000670899606
2017-08-15 10:45:00,4,303.7671343439592,302.32399622292183
2017-08-15 11:00:00,4,303.88921780506,302.4337089325634
2017-08-15 11:15:00,4,303.99334301755323,302.5272670294868
2017-08-15 11:30:00,4,304.0787497057673,302.6038831956129
2017-08-15 11:45:00,4,304.1457094981914,302.66402645445305
2017-08-15 12:00:00,4,304.19502235930696,302.7093224340275
2017-08-15 12:15:00,4,304.2275803307551,302.74108648745334
2017-08-15 12:30:00,4,304.24571891581894,302.76174512724236
2017-08-15 12:45:00,4,304.25540753472353,302.7761559537612
2017-08-15 13:00:00,4,304.2628642895819,302.7895713607861
2017-08-15 13:15:00,4,304.27146806468545,302.8051148949164
2017-08-15 13:30:00,4,304.2820042613726,302.8231835111956
2017-08-15 13:45:00,4,304.2933974364947,302.8422948836599
2017-08-15 14:00:00,4,304.3038768918405,302.8603717735882
2017-08-15 14:15:00,4,304.3117644664837,302.87554184537476
2017-08-15 14:30:00,4,304.31575442626394,302.886522547529
2017-08-15 14:45:00,4,304.3150271059001,302.89275906379413
2017-08-15 15:00:00,4,304.3090362888259,302.89405295998887
2017-08-15 15:15:00,4,304.2971431233878,302.89010217631835
2017-08-15 15:30:00,4,304.27860231245836,302.88034059120025
2017-08-15 15:45:00,4,304.252668766694,302.86414857487927
2017-08-15 16:00:00,4,304.21908723201955,302.84116083552954
2017-08-15 16:15:00,4,304.1776822476092,302.811259442027
2017-08-15 16:30:00,4,304.12824024168293,302.7742293243449
2017-08-15 16:45:00,4,304.07092543178834,302.7302302090949
2017-08-15 17:00:00,4,304.0065067580557,302.6798988441636
2017-08-15 17:15:00,4,303.9355361077,302.6239311170923
2017-08-15 17:30:00,4,303.8584943192507,302.56286512991755
2017-08-15 17:45:00,4,303.77595983571746,302.497098636163
2017-08-15 18:00:00,4,303.6883090685471,302.4267454707285
2017-08-15 18:15:00,4,303.5951993607465,302.35184763886986
2017-08-15 18:30:00,4,303.4958754976342,302.2722017813576
2017-08-15 18:45:00,4,303.3898448557022,302.1873486466599
2017-08-15 19:00:00,4,303.2768680007631,302.09702274644064
2017-08-15 19:15:00,4,303.1576183782273,302.0022636836148
2017-08-15 19:30:00,4,303.03528589558897,301.90603332968675
2017-08-15 19:45:00,4,302.9139682875758,301.80932188772096
2017-08-15 20:00:00,4,302.7965918732279,301.70917667195323
2017-08-15 20:15:00,4,302.6846456103799,301.6056054362245
2017-08-15 20:30:00,4,302.57853948536746,301.50175253270714
2017-08-15 20:45:00,4,302.47786677467195,301.4002590335071
2017-08-15 21:00:00,4,302.38188384248963,301.3018512683834
2017-08-15 21:15:00,4,302.289883599947,301.2058950977946
2017-08-15 21:30:00,4,302.20134993583565,301.11128619515597
2017-08-15 21:45:00,4,302.11607869134525,301.0176345591269
2017-08-15 22:00:00,4,302.0339709510307,300.93027721465995
2017-08-15 22:15:00,4,301.9548473498177,300.8500975428743
2017-08-15 22:30:00,4,301.8784735711795,300.7750561132208
2017-08-15 22:45:00,4,301.80466005946465,300.7031431622837
2017-08-15 23:00:00,4,301.7332493677558,300.6334900433458
2017-08-15 23:15:00,4,301.6640653366346,300.565977200374
2017-08-15 23:30:00,4,301.59691758453505,300.500597478739
2017-08-15 23:45:00,4,301.5316344162398,300.4372251873083
2017-08-16 00:00:00,4,301.4680555568105,300.37566352662407
2017-08-16 00:15:00,4,301.4060188944574,300.3157298805911
2017-08-16 00:30:00,4,301.3454695602964,300.2573679524295
2017-08-16 00:45:00,4,301.2867013035702,300.2007729491793
2017-08-16 01:00:00,4,301.23011429767274,300.14628506053555
2017-08-16 01:15:00,4,301.1759218882437,300.0941445000434
2017-08-16 01:30:00,4,301.1240383294031,300.04430067934214
2017-08-16 01:45:00,4,301.0739379357741,299.9963368369645
2017-08-16 02:00:00,4,301.024948893761,299.9496530948646
2017-08-16 02:15:00,4,300.9765591384397,299.90373267125995
2017-08-16 02:30:00,4,300.92843843210386,299.85821831825166
2017-08-16 02:45:00,4,300.8803526512335,299.812839095856
2017-08-16 03:00:00,4,300.8321226787733,299.7673484149187
2017-08-16 03:15:00,4,300.78362736072023,299.7215357682641
2017-08-16 03:30:00,4,300.73486753296544,299.67532298194203
2017-08-16 03:45:00,4,300.6860922040622,299.6288044681292
2017-08-16 04:00:00,4,300.63759743504505,299.58212736055964
2017-08-16 04:15:00,4,300.58955328823015,299.53537447126246
2017-08-16 04:30:00,4,300.5423109870594,299.4889475512026
2017-08-16 04:45:00,4,300.4971917434573,299.4442626067111
2017-08-16 05:00:00,4,300.4559604407067,299.40359306855794
2017-08-16 05:15:00,4,300.41980580817614,299.3686806319553
2017-08-16 05:30:00,4,300.3889261631308,299.33990636887074
2017-08-16 05:45:00,4,300.36525237972324,299.3191234336493
2017-08-16 06:00:00,4,300.3594194973582,299.31330657454356
2017-08-16 06:15:00,4,300.383349275626,299.33107758950706
2017-08-16 06:30:00,4,300.4427484181722,299.37599882618196
2017-08-16 06:45:00,4,300.53804910397895,299.4419934283894
2017-08-16 07:00:00,4,300.66687486453355,299.5342009368446
2017-08-16 07:15:00,4,300.8242338894621,299.65939532540676
2017-08-16 07:30:00,4,301.00382388138553,299.8121859018402
2017-08-16 07:45:00,4,301.198775212132,299.98234659889016
2017-08-16 08:00:00,4,301.402785237718,300.16231942346485
2017-08-16 08:15:00,4,301.6095616582201,300.3489680741068
2017-08-16 08:30:00,4,301.8142248544554,300.5465435542619
2017-08-16 08:45:00,4,302.01500272213,300.74179315068506
2017-08-16 09:00:00,4,302.2115526851409,300.9242866892523
2017-08-16 09:15:00,4,302.402704821356,301.09559743983954
2017-08-16 09:30:00,4,302.58713380602296,301.2588990507181
2017-08-16 09:45:00,4,302.7649475325418,301.41532649340786
2017-08-16 10:00:00,4,302.9366973888888,301.5636158359657
2017-08-16 10:15:00,4,303.10209547265845,301.70600725634023
2017-08-16 10:30:00,4,303.2595776656111,301.8435123947934
2017-08-16 10:45:00,4,303.4054567031117,301.97325021079456
2017-08-16 11:00:00,4,303.53578181628944,302.0907335423754
2017-08-16 11:15:00,4,303.647865448951,302.19250103257855
2017-08-16 11:30:00,4,303.74071672973537,302.2774767308206
2017-08-16 11:45:00,4,303.81611731251996,302.3472236284896
2017-08-16 12:00:00,4,303.8769096352393,302.4044851260289
2017-08-16 12:15:00,4,303.92510731123804,302.4514377288587
2017-08-16 12:30:00,4,303.9628276671061,302.4915532054073
2017-08-16 12:45:00,4,303.99411172874204,302.52819391553544
2017-08-16 13:00:00,4,304.0228522965056,302.56400487805746
2017-08-16 13:15:00,4,304.05094635468606,302.60024890004
2017-08-16 13:30:00,4,304.07869245039274,302.6367740376712
2017-08-16 13:45:00,4,304.1054474375642,302.6725429362247
2017-08-16 14:00:00,4,304.13006266973434,302.7062055293273
2017-08-16 14:15:00,4,304.1512566740587,302.73649440827256
2017-08-16 14:30:00,4,304.16782538540025,302.76228046403446
2017-08-16 14:45:00,4,304.1785088344702,302.7823728222813
2017-08-16 15:00:00,4,304.18225434541597,302.795572312837
2017-08-16 15:15:00,4,304.17822169740805,302.8009765948048
2017-08-16 15:30:00,4,304.165803133068,302.798144024552
2017-08-16 15:45:00,4,304.14454409669077,302.78688104961236
2017-08-16 16:00:00,4,304.1138735123038,302.76699445662615
2017-08-16 16:15:00,4,304.0734687214752,302.7383552016556
2017-08-16 16:30:00,4,304.02342195107514,302.70104903672325
2017-08-16 16:45:00,4,303.9642686194133,302.6555666205173
2017-08-16 17:00:00,4,303.89725231839657,302.60293283299967
2017-08-16 17:15:00,4,303.823712034604,302.54437755565885
2017-08-16 17:30:00,4,303.74440582668853,302.4807960085052
2017-08-16 17:45:00,4,303.659629286732,302.412614808839
2017-08-16 18:00:00,4,303.56967766173375,302.33991588429
2017-08-16 18:15:00,4,303.4741788576457,302.263001480814
2017-08-16 18:30:00,4,303.37219352750395,302.1814350674426
2017-08-16 18:45:00,4,303.26245559147463,302.09411051666393
2017-08-16 19:00:00,4,303.1439577557146,302.00019252658694
2017-08-16 19:15:00,4,303.0175061765466,301.9012964830076
2017-08-16 19:30:00,4,302.8865879427247,301.7983649478302
2017-08-16 19:45:00,4,302.75483052565704,301.6913799651345
2017-08-16 20:00:00,4,302.624323889368,301.5777954892755
2017-08-16 20:15:00,4,302.49595947638534,301.4572678371718
2017-08-16 20:30:00,4,302.37025669376885,301.33245928530727
2017-08-16 20:45:00,4,302.24833438411395,301.20664682046635
2017-08-16 21:00:00,4,302.1314510106249,301.0821386396375
2017-08-16 21:15:00,4,302.0203084692139,300.95961474372166
2017-08-16 21:30:00,4,301.9151490759454,300.84302728153705
2017-08-16 21:45:00,4,301.8162037844008,300.7376956312639
2017-08-16 22:00:00,4,301.7236296663,300.64345377010676
2017-08-16 22:15:00,4,301.637322501805,300.55755686024935
2017-08-16 22:30:00,4,301.5569182347798,300.47784462106245
2017-08-16 22:45:00,4,301.4818216494287,300.4034543101012
2017-08-16 23:00:00,4,301.41137039641325,300.33413901306443
2017-08-16 23:15:00,4,301.3449465628738,300.26959430624197
2017-08-16 23:30:00,4,301.2819009317815,300.2091642197379
2017-08-16 23:45:00,4,301.221339546975,300.15178067414195
2017-08-17 00:00:00,4,301.16231516225344,300.0962036946462
2017-08-17 00:15:00,4,301.10409818363087,300.04137612656916
2017-08-17 00:30:00,4,301.0461730852613,299.9865509701827
2017-08-17 00:45:00,4,300.98808390302247,299.93115074678434
2017-08-17 01:00:00,4,300.9294213969599,299.87464304895167
2017-08-17 01:15:00,4,300.8699011481092,299.8165850097933
2017-08-17 01:30:00,4,300.8095069479894,299.7569063891186
2017-08-17 01:45:00,4,300.7487268659785,299.69623994988314
2017-08-17 02:00:00,4,300.6883237957119,299.6357715702775
2017-08-17 02:15:00,4,300.6289554182668,299.576709092021
2017-08-17 02:30:00,4,300.5713293341479,299.52012996441874
2017-08-17 02:45:00,4,300.51692368103136,299.46728095581915
2017-08-17 03:00:00,4,300.46744590432735,299.4194876243291
2017-08-17 03:15:00,4,300.42401530714415,299.37770637210986
2017-08-17 03:30:00,4,300.38686410279,299.3421613827686
2017-08-17 03:45:00,4,300.3550064260726,299.3118480459469
2017-08-17 04:00:00,4,300.32688896883866,299.2850578428053
2017-08-17 04:15:00,4,300.3012225823553,299.2602753248095
2017-08-17 04:30:00,4,300.27724650082166,299.23668695263916
2017-08-17 04:45:00,4,300.2547571747734,299.21416578811846
2017-08-17 05:00:00,4,300.2338440299201,299.1929766776674
2017-08-17 05:15:00,4,300.21461207043814,299.17344905952694
2017-08-17 05:30:00,4,300.19703461253715,299.15577817608226
2017-08-17 05:45:00,4,300.18452040741266,299.1438123570726
2017-08-17 06:00:00,4,300.19203352203556,299.1484914623764
2017-08-17 06:15:00,4,300.234288798503,299.18031871024573
2017-08-17 06:30:00,4,300.3146576875116,299.23983512574085
2017-08-17 06:45:00,4,300.4310001662429,299.31736109123375
2017-08-17 07:00:00,4,300.5803038651084,299.4286516944846
2017-08-17 07:15:00,4,300.7573125891592,299.57542497320935
2017-08-17 07:30:00,4,300.95498033949195,299.74768704466305
2017-08-17 07:45:00,4,301.16662225653175,299.93527586128204
2017-08-17 08:00:00,4,301.38689280623413,300.13360276969047
2017-08-17 08:15:00,4,301.6113157705952,300.34973137095824
2017-08-17 08:30:00,4,301.8367173996687,300.56806051749584
2017-08-17 08:45:00,4,302.06092322711777,300.77702494737144
2017-08-17 09:00:00,4,302.2816009899173,300.9719774100864
2017-08-17 09:15:00,4,302.4956448709688,301.1575881781189
2017-08-17 09:30:00,4,302.7003151260628,301.33606662618365
2017-08-17 09:45:00,4,302.89467947730407,301.5060385757822
2017-08-17 10:00:00,4,303.07856178759346,301.6641441936301
2017-08-17 10:15:00,4,303.25096560250125,301.81367900941024
2017-08-17 10:30:00,4,303.4112854399977,301.9556620738658
2017-08-17 10:45:00,4,303.56021655137056,302.089722510339
2017-08-17 11:00:00,4,303.698655737209,302.21534900267187
2017-08-17 11:15:00,4,303.8266359243142,302.3319148380771
2017-08-17 11:30:00,4,303.9429568534544,302.43832585299657
2017-08-17 11:45:00,4,304.04442663080744,302.53256346901475
2017-08-17 12:00:00,4,304.1276161377035,302.61212961604883
2017-08-17 12:15:00,4,304.1907133049083,302.6756617293228
2017-08-17 12:30:00,4,304.234699622262,302.72486251428853
2017-08-17 12:45:00,4,304.26420435083264,302.7633226857397
2017-08-17 13:00:00,4,304.28437671681104,302.7946823834166
2017-08-17 13:15:00,4,304.2983723665556,302.82099122775446
2017-08-17 13:30:00,4,304.30764194231887,302.8426787693853
2017-08-17 13:45:00,4,304.31287134290756,302.85963815428954
2017-08-17 14:00:00,4,304.3143455580612,302.87189100661175
2017-08-17 14:15:00,4,304.31190361808814,302.87950297534826
2017-08-17 14:30:00,4,304.30512375127194,302.8823918257094
2017-08-17 14:45:00,4,304.293602558789,302.8803816359181
2017-08-17 15:00:00,4,304.2769749419119,302.8733314678371
2017-08-17 15:15:00,4,304.2547063936504,302.8610776016548
2017-08-17 15:30:00,4,304.22641027844395,302.8434913921922
2017-08-17 15:45:00,4,304.1923759576816,302.82066650646664
2017-08-17 16:00:00,4,304.1528707742904,302.7927940802166
2017-08-17 16:15:00,4,304.107833190556,302.75998627838067
2017-08-17 16:30:00,4,304.0568631259019,302.7220369418933
2017-08-17 16:45:00,4,303.99902674473253,302.6783021515119
2017-08-17 17:00:00,4,303.93380535723503,302.6282803322878
2017-08-17 17:15:00,4,303.86183919466924,302.5721898052892
2017-08-17 17:30:00,4,303.78403664245616,302.51069503493943
2017-08-17 17:45:00,4,303.7007712335404,302.4442276900754
2017-08-17 18:00:00,4,303.6118459334261,302.3729827321075
2017-08-17 18:15:00,4,303.51614083435794,302.2966785306141
2017-08-17 18:30:00,4,303.41221103909066,302.2142028301758
2017-08-17 18:45:00,4,303.29866527909456,302.12416061572367
2017-08-17 19:00:00,4,303.1747363768081,302.02582772664863
2017-08-17 19:15:00,4,303.0411280429754,301.92168818055916
2017-08-17 19:30:00,4,302.90149134201704,301.81106612980506
2017-08-17 19:45:00,4,302.76064339914757,301.69671433226756
2017-08-17 20:00:00,4,302.6220952862152,301.57550599973024
2017-08-17 20:15:00,4,302.4876619510588,301.4480951142317
2017-08-17 20:30:00,4,302.35826585821997,301.31841994961525
2017-08-17 20:45:00,4,302.23508791408335,301.1904453729349
2017-08-17 21:00:00,4,302.11930380575,301.0666492076657
2017-08-17 21:15:00,4,302.0114852258963,300.9478545800963
2017-08-17 21:30:00,4,301.91150633096345,300.83511410331676
2017-08-17 21:45:00,4,301.8185171257295,300.7342808289904
2017-08-17 22:00:00,4,301.73138411290887,300.64496423105953
2017-08-17 22:15:00,4,301.64911387244155,300.56343777976684
2017-08-17 22:30:00,4,301.5709568852333,300.4866678224606
2017-08-17 22:45:00,4,301.4964216283755,300.4134876604352
2017-08-17 23:00:00,4,301.4251724731126,300.34379512311193
2017-08-17 23:15:00,4,301.3569068228922,300.2775784792846
2017-08-17 23:30:00,4,301.2911899325461,300.2144351842804
2017-08-17 23:45:00,4,301.2271772936481,300.15348882679615
2017-08-18 00:00:00,4,301.16391566193414,300.0936755412964
2017-08-18 00:15:00,4,301.1007143526018,300.0341285350032
2017-08-18 00:30:00,4,301.0374418784246,299.9746059728057
2017-08-18 00:45:00,4,300.97503592950176,299.91577651094946
2017-08-18 01:00:00,4,300.91480089152583,299.8588197359963
2017-08-18 01:15:00,4,300.8576062584468,299.80471809451217
2017-08-18 01:30:00,4,300.80382849617365,299.75389868053537
2017-08-18 01:45:00,4,300.7535726670984,299.7063336799701
2017-08-18 02:00:00,4,300.706842195403,299.66182727545777
2017-08-18 02:15:00,4,300.6635954535525,299.62021500937743
2017-08-18 02:30:00,4,300.62356787338797,299.5812258320366
2017-08-18 02:45:00,4,300.58574319004543,299.54412251139456
2017-08-18 03:00:00,4,300.54870135113305,299.50774637084413
2017-08-18 03:15:00,4,300.5112709429733,299.47094501244237
2017-08-18 03:30:00,4,300.4729841432498,299.43324079674784
2017-08-18 03:45:00,4,300.43475674677603,299.3954211871555
2017-08-18 04:00:00,4,300.3982007739707,299.35927421706873
2017-08-18 04:15:00,4,300.364560530979,299.32634095097205
2017-08-18 04:30:00,4,300.3343562363778,299.29721558981953
2017-08-18 04:45:00,4,300.307306239804,299.2715159350092
2017-08-18 05:00:00,4,300.2827611113018,299.24835434248666
2017-08-18 05:15:00,4,300.2601639130263,299.2268657908063
2017-08-18 05:30:00,4,300.2392496917229,299.206703305413
2017-08-18 05:45:00,4,300.2251950446656,299.19358524688937
2017-08-18 06:00:00,4,300.236873388208,299.20113857735856
2017-08-18 06:15:00,4,300.28579401933337,299.2375998775631
2017-08-18 06:30:00,4,300.36756044625156,299.29728700718397
2017-08-18 06:45:00,4,300.4740932648071,299.37161039437837
2017-08-18 07:00:00,4,300.60104148358994,299.4685162086627
2017-08-18 07:15:00,4,300.750042177882,299.5917997023445
2017-08-18 07:30:00,4,300.92499734147816,299.74174298931587
2017-08-18 07:45:00,4,301.1268604535042,299.91783325062624
2017-08-18 08:00:00,4,301.35237471134343,300.11847123348474
2017-08-18 08:15:00,4,301.5934794981893,300.3489903260118
2017-08-18 08:30:00,4,301.8411730253991,300.58495155608244
2017-08-18 08:45:00,4,302.0868688938924,300.8058577147461
2017-08-18 09:00:00,4,302.32201000884334,301.0083917948821
2017-08-18 09:15:00,4,302.5390555667705,301.19309110931437
2017-08-18 09:30:00,4,302.7340521497526,301.3597175089703
2017-08-18 09:45:00,4,302.9080278590671,301.5084877426056
2017-08-18 10:00:00,4,303.06402169950184,301.6404255045059
2017-08-18 10:15:00,4,303.20416565579114,301.75746297439724
2017-08-18 10:30:00,4,303.3302076988523,301.86472932178634
2017-08-18 10:45:00,4,303.44554166991367,301.9659099940519
2017-08-18 11:00:00,4,303.55369088959355,302.06329149331776
2017-08-18 11:15:00,4,303.65634755517914,302.1578493735437
2017-08-18 11:30:00,4,303.7529056857266,302.24860976161165
2017-08-18 11:45:00,4,303.83973002801366,302.3322807859864
2017-08-18 12:00:00,4,303.9124523170503,302.40469490499623
2017-08-18 12:15:00,4,303.968295431894,302.4628682778309
2017-08-18 12:30:00,4,304.00754827778053,302.5068069044721
2017-08-18 12:45:00,4,304.03487674048876,302.5405300608255
2017-08-18 13:00:00,4,304.05573908165667,302.5691688994355
2017-08-18 13:15:00,4,304.0733418809682,302.59566680920045
2017-08-18 13:30:00,4,304.0886350818764,302.6203478024025
2017-08-18 13:45:00,4,304.1007885784802,302.6418499584611
2017-08-18 14:00:00,4,304.1083116371899,302.6583567914553
2017-08-18 14:15:00,4,304.1098500331073,302.66841696334694
2017-08-18 14:30:00,4,304.1044283473758,302.67117352246527
2017-08-18 14:45:00,4,304.09142921397546,302.66624456218426
2017-08-18 15:00:00,4,304.0704829251217,302.6534930219255
2017-08-18 15:15:00,4,304.04125007961505,302.6328318154975
2017-08-18 15:30:00,4,304.003748998583,302.60446366812096
2017-08-18 15:45:00,4,303.9590756370124,302.56931183467873
2017-08-18 16:00:00,4,303.90846662051706,302.528615823621
2017-08-18 16:15:00,4,303.85213235643255,302.4831536120437
2017-08-18 16:30:00,4,303.78982283659866,302.4329934603264
2017-08-18 16:45:00,4,303.7211938450829,302.37781624048523
2017-08-18 17:00:00,4,303.6465692877637,302.31756569267424
2017-08-18 17:15:00,4,303.5667686993696,302.2526905839188
2017-08-18 17:30:00,4,303.48222201176276,302.18377050339626
2017-08-18 17:45:00,4,303.393279477479,302.1119380082616
2017-08-18 18:00:00,4,303.30007056043877,302.0376689011239
2017-08-18 18:15:00,4,303.20160487772995,301.9605793256585
2017-08-18 18:30:00,4,303.09628981225484,301.8800396921968
2017-08-18 18:45:00,4,302.9823134851354,301.79396624367456
2017-08-18 19:00:00,4,302.85837274053637,301.6990084716823
2017-08-18 19:15:00,4,302.72463892436747,301.5935904378698
2017-08-18 19:30:00,4,302.5845555510156,301.48070831613114
2017-08-18 19:45:00,4,302.44346590805543,301.35886064715123
2017-08-18 20:00:00,4,302.30573587792713,301.22937269494395
2017-08-18 20:15:00,4,302.173834546954,301.09741075144603
2017-08-18 20:30:00,4,302.04877092278207,300.96752411662976
2017-08-18 20:45:00,4,301.9307030411291,300.84136133601794
2017-08-18 21:00:00,4,301.8193456869935,300.7195010528743
2017-08-18 21:15:00,4,301.7142068124261,300.608799773423
2017-08-18 21:30:00,4,301.6148460454131,300.5095181453978
2017-08-18 21:45:00,4,301.52123710637557,300.41859667350917
2017-08-18 22:00:00,4,301.43352706811305,300.33381283921085
2017-08-18 22:15:00,4,301.3516781247682,300.254606756869
2017-08-18 22:30:00,4,301.27522567494594,300.18084599856047
2017-08-18 22:45:00,4,301.202903106314,300.1116857701233
2017-08-18 23:00:00,4,301.13319263885353,300.0456457137596
2017-08-18 23:15:00,4,301.0649489826208,299.9813195858794
2017-08-18 23:30:00,4,300.9976738529264,299.91802902351617
2017-08-18 23:45:00,4,300.9318597838435,299.8560747799185
2017-08-19 00:00:00,4,300.86836550614294,299.7962917729136
2017-08-19 00:15:00,4,300.80774564904164,299.7393774406104
2017-08-19 00:30:00,4,300.7500191968283,299.68540160918457
2017-08-19 00:45:00,4,300.6944282398089,299.63364392393703
2017-08-19 01:00:00,4,300.639926163425,299.58297319914914
2017-08-19 01:15:00,4,300.58570986719417,299.53239499175197
2017-08-19 01:30:00,4,300.53131786543696,299.48134645573896
2017-08-19 01:45:00,4,300.4766097086295,299.42969371095677
2017-08-19 02:00:00,4,300.4216165889914,299.37753394735637
2017-08-19 02:15:00,4,300.3663963726201,299.3249945447777
2017-08-19 02:30:00,4,300.31105127239186,299.27218691138046
2017-08-19 02:45:00,4,300.2558454181097,299.21922224124853
2017-08-19 03:00:00,4,300.2010369953843,299.1661562523289
2017-08-19 03:15:00,4,300.1467689894391,299.11299922784957
2017-08-19 03:30:00,4,300.09331676716243,299.0600104649085
2017-08-19 03:45:00,4,300.0414819924352,299.0080175891237
2017-08-19 04:00:00,4,299.9922589480316,298.9582018969382
2017-08-19 04:15:00,4,299.94636802957433,298.9115774100154
2017-08-19 04:30:00,4,299.904255006213,298.868786277081
2017-08-19 04:45:00,4,299.8663966271263,298.8304111230643
2017-08-19 05:00:00,4,299.8332446554119,298.7968140728218
2017-08-19 05:15:00,4,299.80502168992405,298.7681453314451
2017-08-19 05:30:00,4,299.78167893953855,298.74447367288116
2017-08-19 05:45:00,4,299.7682868766472,298.73162857609486
2017-08-19 06:00:00,4,299.7851449267227,298.74447306670345
2017-08-19 06:15:00,4,299.8480023953743,298.7936859633464
2017-08-19 06:30:00,4,299.9574598118377,298.8740488275723
2017-08-19 06:45:00,4,300.1076440172282,298.9811056051008
2017-08-19 07:00:00,4,300.2910391675961,299.12576527342117
2017-08-19 07:15:00,4,300.49711522484836,299.3024045350133
2017-08-19 07:30:00,4,300.7158678393308,299.4964406198999
2017-08-19 07:45:00,4,300.94183426189267,299.69817699981724
2017-08-19 08:00:00,4,301.17270510792656,299.90629971903996
2017-08-19 08:15:00,4,301.4068574885876,300.1301704348842
2017-08-19 08:30:00,4,301.64200139277165,300.3544092684549
2017-08-19 08:45:00,4,301.87241395890675,300.5651114054561
2017-08-19 09:00:00,4,302.0910994392505,300.75422998295255
2017-08-19 09:15:00,4,302.29252105225925,300.9252924713168
2017-08-19 09:30:00,4,302.4745156067474,301.0813629633967
2017-08-19 09:45:00,4,302.64023657597204,301.2246078551762
2017-08-19 10:00:00,4,302.794593269146,301.3572284013669
2017-08-19 10:15:00,4,302.94059349485156,301.4804733877714
2017-08-19 10:30:00,4,303.0796927486171,301.6003219600448
2017-08-19 10:45:00,4,303.213634088248,301.7195675991054
2017-08-19 11:00:00,4,303.3439576902299,301.8383644047614
2017-08-19 11:15:00,4,303.4709328238702,301.9557295089444
2017-08-19 11:30:00,4,303.5926981916533,302.069247484439
2017-08-19 11:45:00,4,303.70343120977543,302.17411229562885
2017-08-19 12:00:00,4,303.79650452575333,302.2646156643612
2017-08-19 12:15:00,4,303.86797530719775,302.3367888238065
2017-08-19 12:30:00,4,303.9181455811041,302.3904807186628
2017-08-19 12:45:00,4,303.9525256273837,302.43129111437014
2017-08-19 13:00:00,4,303.97764585497094,302.4651294006688
2017-08-19 13:15:00,4,303.99756642455395,302.49536391310863
2017-08-19 13:30:00,4,304.01394526326516,302.52274718180075
2017-08-19 13:45:00,4,304.0269202734216,302.5466264907401
2017-08-19 14:00:00,4,304.03591080086187,302.5660186905252
2017-08-19 14:15:00,4,304.04007376785466,302.580073208804
2017-08-19 14:30:00,4,304.0386446505441,302.5882172321311
2017-08-19 14:45:00,4,304.0312240901342,302.59021133565295
2017-08-19 15:00:00,4,304.0175979107387,302.5860036078802
2017-08-19 15:15:00,4,303.9973716505428,302.57547373623555
2017-08-19 15:30:00,4,303.9699691553438,302.5582741508338
2017-08-19 15:45:00,4,303.93462486239184,302.5338188310773
2017-08-19 16:00:00,4,303.8904768825589,302.5013489920786
2017-08-19 16:15:00,4,303.836500536699,302.4600855496929
2017-08-19 16:30:00,4,303.77228881013633,302.4096326468325
2017-08-19 16:45:00,4,303.698441715259,302.35037705329313
2017-08-19 17:00:00,4,303.61658744489904,302.28357769864334
2017-08-19 17:15:00,4,303.52852780402384,302.21078091522946
2017-08-19 17:30:00,4,303.4353354672637,302.1334426262505
2017-08-19 17:45:00,4,303.3379527452161,302.0533988339399
2017-08-19 18:00:00,4,303.2369927436768,301.9715067013654
2017-08-19 18:15:00,4,303.13171333793326,301.88745579386904
2017-08-19 18:30:00,4,303.02062059676405,301.80023178081797
2017-08-19 18:45:00,4,302.9020460652029,301.70911396248334
2017-08-19 19:00:00,4,302.7749305238414,301.6114565356741
2017-08-19 19:15:00,4,302.6397725966602,301.5050697569624
2017-08-19 19:30:00,4,302.4999683514913,301.3919613175308
2017-08-19 19:45:00,4,302.3599775016072,301.2733522782164
2017-08-19 20:00:00,4,302.22305105476795,301.1480411827123
2017-08-19 20:15:00,4,302.09090390716557,301.01899906862985
2017-08-19 20:30:00,4,301.9642987571568,300.89021883362767
2017-08-19 20:45:00,4,301.8437838727835,300.7641471187812
2017-08-19 21:00:00,4,301.7297065754186,300.6411759717242
2017-08-19 21:15:00,4,301.62204502782015,300.52438019637367
2017-08-19 21:30:00,4,301.5204847700623,300.41872418655936
2017-08-19 21:45:00,4,301.42454795601816,300.32358274920136
2017-08-19 22:00:00,4,301.33369735334804,300.23573163055426
2017-08-19 22:15:00,4,301.2473994796366,300.15270112346
2017-08-19 22:30:00,4,301.16511812417,300.07346923989496
2017-08-19 22:45:00,4,301.08623111067936,299.99759635582
2017-08-19 23:00:00,4,301.0100921019104,299.9245364333536
2017-08-19 23:15:00,4,300.9361454774101,299.8535931640733
2017-08-19 23:30:00,4,300.864094402537,299.784313485565
2017-08-19 23:45:00,4,300.79422339184345,299.71684750371344
2017-08-20 00:00:00,4,300.7270684734393,299.651783086198
2017-08-20 00:15:00,4,300.66297248030656,299.5896771521876
2017-08-20 00:30:00,4,300.60192458426434,299.53066034518
2017-08-20 00:45:00,4,300.54342906788384,299.4743385229723
2017-08-20 01:00:00,4,300.4868032109557,299.4200459572649
2017-08-20 01:15:00,4,300.4314971248499,299.36718026869926
2017-08-20 01:30:00,4,300.3772678859289,299.3154889510685
2017-08-20 01:45:00,4,300.32441979419383,299.2652185034766
2017-08-20 02:00:00,4,300.2734727191045,299.21689139154455
2017-08-20 02:15:00,4,300.2247643571089,299.17092797137485
2017-08-20 02:30:00,4,300.1782346976043,299.12727645065377
2017-08-20 02:45:00,4,300.1331251261909,299.08520899373076
2017-08-20 03:00:00,4,300.08841930261866,299.04363285794216
2017-08-20 03:15:00,4,300.0433633553138,299.00161285264693
2017-08-20 03:30:00,4,299.997714440441,298.9587845171897
2017-08-20 03:45:00,4,299.95206416580066,298.9154870688996
2017-08-20 04:00:00,4,299.9073552418839,298.87243420828617
2017-08-20 04:15:00,4,299.86434428979436,298.8303084639559
2017-08-20 04:30:00,4,299.8234516805247,298.7895289710129
2017-08-20 04:45:00,4,299.7844631846892,298.75010205032373
2017-08-20 05:00:00,4,299.7467446689535,298.71170273815557
2017-08-20 05:15:00,4,299.70969158691537,298.67404616876473
2017-08-20 05:30:00,4,299.67294805408847,298.6369525941943
2017-08-20 05:45:00,4,299.6410275080664,298.60547048640433
2017-08-20 06:00:00,4,299.6324018301236,298.5937594996268
2017-08-20 06:15:00,4,299.66453221805494,298.61500970719146
2017-08-20 06:30:00,4,299.74227173171437,298.66944869757793
2017-08-20 06:45:00,4,299.8628584479251,298.7469013484534
2017-08-20 07:00:00,4,300.0194786171765,298.8641030291618
2017-08-20 07:15:00,4,300.2007115225728,299.0169731117896
2017-08-20 07:30:00,4,300.395909677103,299.1899119776826
2017-08-20 07:45:00,4,300.60153382369396,299.37310921901565
2017-08-20 08:00:00,4,300.8182780241805,299.56591321163137
2017-08-20 08:15:00,4,301.04631243562494,299.77149631400164
2017-08-20 08:30:00,4,301.2840494792232,299.9978580658702
2017-08-20 08:45:00,4,301.5277355123176,300.227996880329
2017-08-20 09:00:00,4,301.772820095026,300.44469851906024
2017-08-20 09:15:00,4,302.0146115929522,300.6487429418676
2017-08-20 09:30:00,4,302.2486563065008,300.8429087976329
2017-08-20 09:45:00,4,302.47136351729154,301.0270558715159
2017-08-20 10:00:00,4,302.67974297424155,301.19805702216405
2017-08-20 10:15:00,4,302.8711047131701,301.35694498307606
2017-08-20 10:30:00,4,303.043822277792,301.5050716220027
2017-08-20 10:45:00,4,303.19836020083653,301.6422909603662
2017-08-20 11:00:00,4,303.3361164245052,301.76816491702533
2017-08-20 11:15:00,4,303.4579071025901,301.8824300206192
2017-08-20 11:30:00,4,303.5636945732126,301.98449291309674
2017-08-20 11:45:00,4,303.65241475195864,302.0730075816865
2017-08-20 12:00:00,4,303.72284497911517,302.1463883527512
2017-08-20 12:15:00,4,303.7744570773808,302.2037258672059
2017-08-20 12:30:00,4,303.8088575722606,302.2462476471203
2017-08-20 12:45:00,4,303.8316104607297,302.2794975275544
2017-08-20 13:00:00,4,303.8488283567829,302.3088997447132
2017-08-20 13:15:00,4,303.86408581678353,302.33736511410336
2017-08-20 13:30:00,4,303.8783439711161,302.36500259384314
2017-08-20 13:45:00,4,303.8902489588172,302.38994716151035
2017-08-20 14:00:00,4,303.89758853199777,302.40972377257714
2017-08-20 14:15:00,4,303.89850127448443,302.42234943478024
2017-08-20 14:30:00,4,303.8919419819368,302.4268812187831
2017-08-20 14:45:00,4,303.8779499403375,302.4234893401268
2017-08-20 15:00:00,4,303.8570256247176,302.41290139748617
2017-08-20 15:15:00,4,303.8291978500455,302.39558528490926
2017-08-20 15:30:00,4,303.7940551436494,302.3715767229715
2017-08-20 15:45:00,4,303.75171798997496,302.3409531360062
2017-08-20 16:00:00,4,303.702612753571,302.3039995244261
2017-08-20 16:15:00,4,303.64677051333285,302.26093603670483
2017-08-20 16:30:00,4,303.5838577153806,302.21167986408
2017-08-20 16:45:00,4,303.5135638692732,302.1561158711751
2017-08-20 17:00:00,4,303.4367471251903,302.0947210736693
2017-08-20 17:15:00,4,303.3548904175289,302.02858551682897
2017-08-20 17:30:00,4,303.26908178288977,301.9590332834997
2017-08-20 17:45:00,4,303.1799729337864,301.88722795626364
2017-08-20 18:00:00,4,303.08771068357026,301.8137096472046
2017-08-20 18:15:00,4,302.99132696793384,301.73789621132653
2017-08-20 18:30:00,4,302.88926945707624,301.6584400884091
2017-08-20 18:45:00,4,302.7802785866027,301.5740046393303
2017-08-20 19:00:00,4,302.66379149018275,301.4842813678764
2017-08-20 19:15:00,4,302.54071176752336,301.38982805457806
2017-08-20 19:30:00,4,302.41430953355274,301.2904573361777
2017-08-20 19:45:00,4,302.2879376363929,301.18753819718626
2017-08-20 20:00:00,4,302.1634962782858,301.0794509997596
2017-08-20 20:15:00,4,302.0418033107243,300.96603307486265
2017-08-20 20:30:00,4,301.9234588653145,300.84976666137896
2017-08-20 20:45:00,4,301.80997386118275,300.7340168580381
2017-08-20 21:00:00,4,301.7030846553364,300.6216148047014
2017-08-20 21:15:00,4,301.60378478733213,300.51406700394
2017-08-20 21:30:00,4,301.512138496392,300.41254934192165
2017-08-20 21:45:00,4,301.42721518083147,300.3222688513621
2017-08-20 22:00:00,4,301.3476956715415,300.24258912024953
2017-08-20 22:15:00,4,301.27245847599147,300.1698457284869
2017-08-20 22:30:00,4,301.2006740521609,300.10102437877595
2017-08-20 22:45:00,4,301.1317116120879,300.03479613400845
2017-08-20 23:00:00,4,301.06507949921746,299.9708164353685
2017-08-20 23:15:00,4,301.000398283649,299.9089185331835
2017-08-20 23:30:00,4,300.93734678671603,299.84880629174904
2017-08-20 23:45:00,4,300.8755745642081,299.7900449171076
2017-08-21 00:00:00,4,300.814731488773,299.7321779741417
2017-08-21 00:15:00,4,300.75453380509936,299.67484185632475
2017-08-21 00:30:00,4,300.6948210355159,299.6178420607246
2017-08-21 00:45:00,4,300.63566189195245,299.5612268492826
2017-08-21 01:00:00,4,300.57723588017757,299.5052186329016
2017-08-21 01:15:00,4,300.51966857428926,299.4500413725168
2017-08-21 01:30:00,4,300.4630481688308,299.3958418755424
2017-08-21 01:45:00,4,300.4075369554731,299.3427032915605
2017-08-21 02:00:00,4,300.35325604797146,299.29062499072836
2017-08-21 02:15:00,4,300.30018841082006,299.23949156766486
2017-08-21 02:30:00,4,300.24812620293596,299.18899719770394
2017-08-21 02:45:00,4,300.19653160065263,299.1385820700423
2017-08-21 03:00:00,4,300.14478918801103,299.0875954832143
2017-08-21 03:15:00,4,300.09249996213737,299.0355894730249
2017-08-21 03:30:00,4,300.0396596107075,298.9826243067092
2017-08-21 03:45:00,4,299.9868481802634,298.92938473981883
2017-08-21 04:00:00,4,299.93485343961623,298.87685638107223
2017-08-21 04:15:00,4,299.88426614851255,298.8258687968545
2017-08-21 04:30:00,4,299.83558955185623,298.77710795493
2017-08-21 04:45:00,4,299.78978575736886,298.73155523947486
2017-08-21 05:00:00,4,299.748040148556,298.6904886698912
2017-08-21 05:15:00,4,299.7111594173076,298.6550722905192
2017-08-21 05:30:00,4,299.6795200927765,298.6258108988251
2017-08-21 05:45:00,4,299.6572929594586,298.6066379640803
2017-08-21 06:00:00,4,299.65948175157814,298.60775370953957
2017-08-21 06:15:00,4,299.6976529855969,298.637710795505
2017-08-21 06:30:00,4,299.77165998722177,298.6949288781887
2017-08-21 06:45:00,4,299.87614089289127,298.76339609437474
2017-08-21 07:00:00,4,300.00646280785315,298.8622247617042
2017-08-21 07:15:00,4,300.1610612219591,298.99337210441104
2017-08-21 07:30:00,4,300.34012280844547,299.15118231794696
2017-08-21 07:45:00,4,300.542396672761,299.3310747839728
2017-08-21 08:00:00,4,300.76364207772906,299.5296939214813
2017-08-21 08:15:00,4,300.9949638889402,299.7430516087777
2017-08-21 08:30:00,4,301.22793974012166,299.9721815181496
2017-08-21 08:45:00,4,301.46073482093254,300.1995687361966
2017-08-21 09:00:00,4,301.69510793250595,300.41551687780714
2017-08-21 09:15:00,4,301.9316189255972,300.6185171685195
2017-08-21 09:30:00,4,302.167932202331,300.8130762299867
2017-08-21 09:45:00,4,302.3971345504547,301.00081822284227
2017-08-21 10:00:00,4,302.6111613252946,301.1802665554614
2017-08-21 10:15:00,4,302.80408580708985,301.3463682705383
2017-08-21 10:30:00,4,302.97361516796883,301.4954618018917
2017-08-21 10:45:00,4,303.1224533507537,301.6283466934888
2017-08-21 11:00:00,4,303.2550584628549,301.74851059743855
2017-08-21 11:15:00,4,303.3743200429378,301.8588121846621
2017-08-21 11:30:00,4,303.4809921805947,301.9597517416167
2017-08-21 11:45:00,4,303.5736101415281,302.0496714942194
2017-08-21 12:00:00,4,303.6500602000631,302.12626225366915
2017-08-21 12:15:00,4,303.7092444384501,302.1881866418578
2017-08-21 12:30:00,4,303.7525142695825,302.23667211501396
2017-08-21 12:45:00,4,303.7836381636828,302.27566021988656
2017-08-21 13:00:00,4,303.8062585262913,302.30820833584744
2017-08-21 13:15:00,4,303.82239642829546,302.3354049578256
2017-08-21 13:30:00,4,303.83281743789956,302.3570534537958
2017-08-21 13:45:00,4,303.8376805725882,302.37266096230746
2017-08-21 14:00:00,4,303.83685323990744,302.38187671624763
2017-08-21 14:15:00,4,303.8299475418043,302.3844559643203
2017-08-21 14:30:00,4,303.81661744898776,302.38029380118974
2017-08-21 14:45:00,4,303.7969419647319,302.369590149929
2017-08-21 15:00:00,4,303.7711678784887,302.3527359239281
2017-08-21 15:15:00,4,303.7391801309718,302.3299377425218
2017-08-21 15:30:00,4,303.70055963041403,302.3011547640018
2017-08-21 15:45:00,4,303.6553381602934,302.2664419636943
2017-08-21 16:00:00,4,303.60380502032615,302.2260081313026
2017-08-21 16:15:00,4,303.54582212280366,302.1799206963868
2017-08-21 16:30:00,4,303.4808218304691,302.1278363577563
2017-08-21 16:45:00,4,303.40791291159024,302.0690724336728
2017-08-21 17:00:00,4,303.32663429848947,302.0029307335967
2017-08-21 17:15:00,4,303.2369606236903,301.92962729076976
2017-08-21 17:30:00,4,303.13995335041307,301.8500736850772
2017-08-21 17:45:00,4,303.0377237107415,301.7658067937811
2017-08-21 18:00:00,4,302.93192830617085,301.6787973589193
2017-08-21 18:15:00,4,302.822616035943,301.5899688963911
2017-08-21 18:30:00,4,302.70922996786516,301.4992126022474
2017-08-21 18:45:00,4,302.5907590186127,301.4061030836758
2017-08-21 19:00:00,4,302.46618161342286,301.3099098683693
2017-08-21 19:15:00,4,302.3366480112846,301.20977530951836
2017-08-21 19:30:00,4,302.20541447503723,301.1077200510395
2017-08-21 19:45:00,4,302.07565536914495,300.9963204088814
2017-08-21 20:00:00,4,301.9492902016349,300.87738541877076
2017-08-21 20:15:00,4,301.82712982412676,300.7560167993634
2017-08-21 20:30:00,4,301.7095740904058,300.6358335820804
2017-08-21 20:45:00,4,301.59751761486115,300.51834681334043
2017-08-21 21:00:00,4,301.49194849299784,300.40373391158397
2017-08-21 21:15:00,4,301.39333015632343,300.2962305619454
2017-08-21 21:30:00,4,301.3015248216915,300.20020121052465
2017-08-21 21:45:00,4,301.2158096620835,300.1146511957497
2017-08-21 22:00:00,4,301.13524869242985,300.0362746363566
2017-08-21 22:15:00,4,301.05902487358344,299.96255747353064
2017-08-21 22:30:00,4,300.9865694061779,299.8924968874922
2017-08-21 22:45:00,4,300.91767174567036,299.82595237661326
2017-08-21 23:00:00,4,300.852253041575,299.7629056844863
2017-08-21 23:15:00,4,300.79015223092694,299.7031557014656
2017-08-21 23:30:00,4,300.731039233943,299.6462824555494
2017-08-21 23:45:00,4,300.67429666470974,299.59171405373843
2017-08-22 00:00:00,4,300.61925106998666,299.5388753741826
2017-08-22 00:15:00,4,300.5653974891535,299.4873142256573
2017-08-22 00:30:00,4,300.512402450896,299.4367265391439
2017-08-22 00:45:00,4,300.4600384592159,299.3868801345709
2017-08-22 01:00:00,4,300.40813574668687,299.33756001339685
2017-08-22 01:15:00,4,300.356568476664,299.28857505787425
2017-08-22 01:30:00,4,300.30536589963674,299.2399238239201
2017-08-22 01:45:00,4,300.25497506660025,299.19197517866587
2017-08-22 02:00:00,4,300.20598492272944,299.14532547264537
2017-08-22 02:15:00,4,300.1587857588433,299.10048365744854
2017-08-22 02:30:00,4,300.113738831158,299.05786483307963
2017-08-22 02:45:00,4,300.0717750644055,299.0181340447913
2017-08-22 03:00:00,4,300.03408984489795,298.98232206611914
2017-08-22 03:15:00,4,300.00152135155474,298.95120609120823
2017-08-22 03:30:00,4,299.97422642047513,298.9249084008082
2017-08-22 03:45:00,4,299.9512714502252,298.9027143302669
2017-08-22 04:00:00,4,299.93116061596686,298.88337636774753
2017-08-22 04:15:00,4,299.91261236516647,298.8655397765844
2017-08-22 04:30:00,4,299.89470095646203,298.84823126393803
2017-08-22 04:45:00,4,299.87660261738847,298.8307195157247
2017-08-22 05:00:00,4,299.85758727577036,298.8123313724566
2017-08-22 05:15:00,4,299.83714431972834,298.7924724875086
2017-08-22 05:30:00,4,299.8151603411129,298.77098361110643
2017-08-22 05:45:00,4,299.7959050899604,298.75242802486423
2017-08-22 06:00:00,4,299.79564637598185,298.7493922497726
2017-08-22 06:15:00,4,299.83105447093857,298.77420930750355
2017-08-22 06:30:00,4,299.90813712111583,298.82721538504995
2017-08-22 06:45:00,4,300.02534731607994,298.90697382848134
2017-08-22 07:00:00,4,300.17689438167554,299.02585126445507
2017-08-22 07:15:00,4,300.3527158779608,299.17904075564206
2017-08-22 07:30:00,4,300.54302257087346,299.352479903326
2017-08-22 07:45:00,4,300.7431271349159,299.5370015847268
2017-08-22 08:00:00,4,300.95136133881056,299.73263202768396
2017-08-22 08:15:00,4,301.16496049819074,299.9433612190887
2017-08-22 08:30:00,4,301.3801777565137,300.15391425916414
2017-08-22 08:45:00,4,301.593142776571,300.3529130892132
2017-08-22 09:00:00,4,301.80026251118,300.53450744084347
2017-08-22 09:15:00,4,301.99815722209934,300.7028382918007
2017-08-22 09:30:00,4,302.1846814730841,300.8601203395008
2017-08-22 09:45:00,4,302.3602202536262,301.00736834726496
2017-08-22 10:00:00,4,302.52593897160233,301.14789824527105
2017-08-22 10:15:00,4,302.6824728877347,301.2826898467953
2017-08-22 10:30:00,4,302.8292861942924,301.410372139993
2017-08-22 10:45:00,4,302.9635715561831,301.52796289838614
2017-08-22 11:00:00,4,303.0818861712858,301.6321716438594
2017-08-22 11:15:00,4,303.18178626569147,301.7206343742785
2017-08-22 11:30:00,4,303.2625156698174,301.7927829294158
2017-08-22 11:45:00,4,303.32551052942244,301.8500325638031
2017-08-22 12:00:00,4,303.37299673202125,301.89470265818517
2017-08-22 12:15:00,4,303.4068943231618,301.9290296776974
2017-08-22 12:30:00,4,303.42994930538373,301.95549117486775
2017-08-22 12:45:00,4,303.44632449709763,301.9767341764473
2017-08-22 13:00:00,4,303.45952203559796,301.9963280740292
2017-08-22 13:15:00,4,303.47114031956966,302.0155687980399
2017-08-22 13:30:00,4,303.4817202846144,302.0342757883905
2017-08-22 13:45:00,4,303.492193143867,302.0525975280713
2017-08-22 14:00:00,4,303.5036066827253,302.0713946068607
2017-08-22 14:15:00,4,303.51626130263645,302.0913218353562
2017-08-22 14:30:00,4,303.5294013685856,302.11188416104784
2017-08-22 14:45:00,4,303.54072873739375,302.1311012585674
2017-08-22 15:00:00,4,303.547373376245,302.14623841911373
2017-08-22 15:15:00,4,303.5468798735114,302.1548187109574
2017-08-22 15:30:00,4,303.537481961724,302.1552131416888
2017-08-22 15:45:00,4,303.5184958190073,302.1467846153884
2017-08-22 16:00:00,4,303.4899361770414,302.1295335159462
2017-08-22 16:15:00,4,303.4517046048447,302.1035177105535
2017-08-22 16:30:00,4,303.4034209025555,302.0684696462774
2017-08-22 16:45:00,4,303.3444287838394,302.0238901639038
2017-08-22 17:00:00,4,303.2744955894953,301.9694243815284
2017-08-22 17:15:00,4,303.1937716450607,301.90513151969924
2017-08-22 17:30:00,4,303.10348006716225,301.8320867985328
2017-08-22 17:45:00,4,303.0058869709341,301.7522905450676
2017-08-22 18:00:00,4,302.90279885327465,301.66763044409475
2017-08-22 18:15:00,4,302.79438920629815,301.5793795228446
2017-08-22 18:30:00,4,302.68022960212375,301.4876563579621
2017-08-22 18:45:00,4,302.5592351447113,301.39183507939435
2017-08-22 19:00:00,4,302.430079676124,301.29180781518943
2017-08-22 19:15:00,4,302.29517060643457,301.18726266250377
2017-08-22 19:30:00,4,302.15924176595814,301.0799569234462
2017-08-22 19:45:00,4,302.026280435563,300.96599983745364
2017-08-22 20:00:00,4,301.8986849757067,300.84672541299386
2017-08-22 20:15:00,4,301.7774785767869,300.7267256193901
2017-08-22 20:30:00,4,301.6628160856502,300.6095791447688
2017-08-22 20:45:00,4,301.5543677674478,300.4963409005843
2017-08-22 21:00:00,4,301.4515704799872,300.38620768225826
2017-08-22 21:15:00,4,301.3537950844462,300.27678424818873
2017-08-22 21:30:00,4,301.2606370313829,300.1763938497355
2017-08-22 21:45:00,4,301.1724540007386,300.0862060830236
2017-08-22 22:00:00,4,301.0899478990331,300.00408883830494
2017-08-22 22:15:00,4,301.01352863143114,299.92847511045534
2017-08-22 22:30:00,4,300.9431416258791,299.85895922166634
2017-08-22 22:45:00,4,300.87822132465226,299.7952870222327
2017-08-22 23:00:00,4,300.81796455261116,299.7367594725681
2017-08-22 23:15:00,4,300.7616282964257,299.68240053067694
2017-08-22 23:30:00,4,300.7085127773841,299.6312532477446
2017-08-22 23:45:00,4,300.6577293891591,299.5824324598209
2017-08-23 00:00:00,4,300.608399520293,299.53514631172993
2017-08-23 00:15:00,4,300.5598960567954,299.48877503529957
2017-08-23 00:30:00,4,300.5118283507202,299.44290775594703
2017-08-23 00:45:00,4,300.4639448417736,299.39729711551934
2017-08-23 01:00:00,4,300.416079222411,299.35179173290265
2017-08-23 01:15:00,4,300.3681284712378,299.3062932195479
2017-08-23 01:30:00,4,300.32003136776797,299.2607328793656
2017-08-23 01:45:00,4,300.27174890205396,299.2150532717265
2017-08-23 02:00:00,4,300.22325414414814,299.16920186030126
2017-08-23 02:15:00,4,300.1745278703005,299.12313341119375
2017-08-23 02:30:00,4,300.1254974002269,299.076721580848
2017-08-23 02:45:00,4,300.0758760269329,299.0295872473427
2017-08-23 03:00:00,4,300.02526386768943,298.98113548310306
2017-08-23 03:15:00,4,299.9733748969508,298.93084430889803
2017-08-23 03:30:00,4,299.9202987016989,298.878713354793
2017-08-23 03:45:00,4,299.86679086136365,298.825529627792
2017-08-23 04:00:00,4,299.813847251428,298.7725300714744
2017-08-23 04:15:00,4,299.7622208570618,298.7208101033569
2017-08-23 04:30:00,4,299.7124071536194,298.67110482418326
2017-08-23 04:45:00,4,299.66491830640115,298.6240118316126
2017-08-23 05:00:00,4,299.62027992611405,298.5801443665524
2017-08-23 05:15:00,4,299.57884187387936,298.540017816236
2017-08-23 05:30:00,4,299.5409219829088,298.5041999242708
2017-08-23 05:45:00,4,299.51135525340715,298.47749923525265
2017-08-23 06:00:00,4,299.50695495288454,298.47194726636167
2017-08-23 06:15:00,4,299.5418289827372,298.4980870579755
2017-08-23 06:30:00,4,299.6176589253854,298.55446472799133
2017-08-23 06:45:00,4,299.7281992747787,298.6289953746471
2017-08-23 07:00:00,4,299.863351979121,298.73148128330956
2017-08-23 07:15:00,4,300.0077752013612,298.8533275687199
2017-08-23 07:30:00,4,300.14526651262196,298.97502297071543
2017-08-23 07:45:00,4,300.2653501439765,299.0813859739678
2017-08-23 08:00:00,4,300.36786746653337,299.1712990352711
2017-08-23 08:15:00,4,300.470047678943,299.2585210408743
2017-08-23 08:30:00,4,300.592594611669,299.36154461951963
2017-08-23 08:45:00,4,300.7473211379619,299.49401543743994
2017-08-23 09:00:00,4,300.9367202671724,299.66432038292646
2017-08-23 09:15:00,4,301.1520892579944,299.86977015871133
2017-08-23 09:30:00,4,301.3803935339577,300.08878955530514
2017-08-23 09:45:00,4,301.6110229831501,300.305415131007
2017-08-23 10:00:00,4,301.8363028940066,300.5112920729609
2017-08-23 10:15:00,4,302.05033659725643,300.70340017194184
2017-08-23 10:30:00,4,302.2503272044099,300.882049707094
2017-08-23 10:45:00,4,302.43954439439545,301.0508714516669
2017-08-23 11:00:00,4,302.6235812536342,301.21474311441824
2017-08-23 11:15:00,4,302.8055269031814,301.37594377777947
2017-08-23 11:30:00,4,302.98407991144387,301.5325525128063
2017-08-23 11:45:00,4,303.1535706006061,301.67984325942217
2017-08-23 12:00:00,4,303.30759854162596,301.81305455955845
2017-08-23 12:15:00,4,303.4418837498683,301.9293676643281
2017-08-23 12:30:00,4,303.55538244191234,302.029360211812
2017-08-23 12:45:00,4,303.64879603098154,302.11615903871024
2017-08-23 13:00:00,4,303.7226518402076,302.19114812038566
2017-08-23 13:15:00,4,303.7774215950389,302.253548796432
2017-08-23 13:30:00,4,303.81475355974135,302.3027028609271
2017-08-23 13:45:00,4,303.8388374516808,302.3402663848378
2017-08-23 14:00:00,4,303.85441857379124,302.3695657841709
2017-08-23 14:15:00,4,303.86451421408054,302.39348350307836
2017-08-23 14:30:00,4,303.8705905579454,302.41358393371434
2017-08-23 14:45:00,4,303.8736953681919,302.430666203889
2017-08-23 15:00:00,4,303.87444362641696,302.4452061616004
2017-08-23 15:15:00,4,303.8726344468416,302.45726185529605
2017-08-23 15:30:00,4,303.8671365725255,302.46599755562806
2017-08-23 15:45:00,4,303.855503875621,302.4694377714283
2017-08-23 16:00:00,4,303.83535369273767,302.46522115760536
2017-08-23 16:15:00,4,303.80505329353315,302.4514955122235
2017-08-23 16:30:00,4,303.76357360518625,302.4271685516877
2017-08-23 16:45:00,4,303.7100895083999,302.39153390129457
2017-08-23 17:00:00,4,303.64383694268867,302.3440182424907
2017-08-23 17:15:00,4,303.5648174372525,302.28461528669277
2017-08-23 17:30:00,4,303.47471223913453,302.2144903492197
2017-08-23 17:45:00,4,303.3762884456338,302.135906435901
2017-08-23 18:00:00,4,303.27180656336674,302.05111308221086
2017-08-23 18:15:00,4,303.16195471757544,301.96210385015974
2017-08-23 18:30:00,4,303.04652274211253,301.8690465026722
2017-08-23 18:45:00,4,302.92465318178915,301.7707051199782
2017-08-23 19:00:00,4,302.795416264221,301.6660090079659
2017-08-23 19:15:00,4,302.6615086160529,301.55609648017975
2017-08-23 19:30:00,4,302.52732845754775,301.44405715244466
2017-08-23 19:45:00,4,302.3951219546038,301.3331697760294
2017-08-23 20:00:00,4,302.2652042976779,301.2272990866475
2017-08-23 20:15:00,4,302.1372873831401,301.1194814187978
2017-08-23 20:30:00,4,302.01126579527875,301.00545869938003
2017-08-23 20:45:00,4,301.887900782464,300.8861286931358
2017-08-23 21:00:00,4,301.76824146939174,300.76492945875907
2017-08-23 21:15:00,4,301.6529059071934,300.64474655422913
2017-08-23 21:30:00,4,301.54214402271873,300.5268565821549
2017-08-23 21:45:00,4,301.43625639952813,300.41139607938305
2017-08-23 22:00:00,4,301.335485353643,300.2972528254347
2017-08-23 22:15:00,4,301.2398008179747,300.19211853076706
2017-08-23 22:30:00,4,301.14880950710824,300.0976404634707
2017-08-23 22:45:00,4,301.061567980159,300.0106173102108
2017-08-23 23:00:00,4,300.9769619458228,299.9273860558882
2017-08-23 23:15:00,4,300.8941242072385,299.84593386598374
2017-08-23 23:30:00,4,300.81270172183554,299.7658561724917
2017-08-23 23:45:00,4,300.73324820381777,299.6877224855922
2017-08-24 00:00:00,4,300.6566082547324,299.6123455884318
2017-08-24 00:15:00,4,300.58326771529823,299.5402315616299
2017-08-24 00:30:00,4,300.5132760108825,299.47137133595993
2017-08-24 00:45:00,4,300.44629023928405,299.4052827466289
2017-08-24 01:00:00,4,300.38178257816975,299.34124100382985
2017-08-24 01:15:00,4,300.319278291426,299.2785939100691
2017-08-24 01:30:00,4,300.25845846338314,299.2169711922788
2017-08-24 01:45:00,4,300.1990413524339,299.15626968444457
2017-08-24 02:00:00,4,300.1407556287724,299.09652163029074
2017-08-24 02:15:00,4,300.0833983016386,299.0377737465377
2017-08-24 02:30:00,4,300.0269204521051,298.9801426755439
2017-08-24 02:45:00,4,299.9716208533335,298.9239385699878
2017-08-24 03:00:00,4,299.9179320570482,298.86958108248797
2017-08-24 03:15:00,4,299.8661403424085,298.8173901711332
2017-08-24 03:30:00,4,299.8162483265764,298.7673591954438
2017-08-24 03:45:00,4,299.76779296421057,298.71905243606835
2017-08-24 04:00:00,4,299.7201112072172,298.6718003268508
2017-08-24 04:15:00,4,299.6726722190096,298.6250069656043
2017-08-24 04:30:00,4,299.625239766255,298.57841270200186
2017-08-24 04:45:00,4,299.5780622652771,298.5322080426516
2017-08-24 05:00:00,4,299.5316047844433,298.48683412552907
2017-08-24 05:15:00,4,299.486218828936,298.4426753913683
2017-08-24 05:30:00,4,299.4421682966765,298.4000639191643
2017-08-24 05:45:00,4,299.4032571107787,298.36317361484356
2017-08-24 06:00:00,4,299.3848066349928,298.3442686948025
2017-08-24 06:15:00,4,299.4049537590725,298.35712689998815
2017-08-24 06:30:00,4,299.47324266989773,298.4056737727805
2017-08-24 06:45:00,4,299.5908577628036,298.4788179799446
2017-08-24 07:00:00,4,299.75318264979944,298.599224173646
2017-08-24 07:15:00,4,299.94902925538236,298.7656557821536
2017-08-24 07:30:00,4,300.16657207640475,298.9594754903245
2017-08-24 07:45:00,4,300.3995906105416,299.16729199054896
2017-08-24 08:00:00,4,300.64561400647574,299.38664134398266
2017-08-24 08:15:00,4,300.90148108423153,299.62067044717344
2017-08-24 08:30:00,4,301.16338463466434,299.8750307389125
2017-08-24 08:45:00,4,301.4281770495648,300.1307564717152
2017-08-24 09:00:00,4,301.6930458945911,300.3740597755241
2017-08-24 09:15:00,4,301.954570844953,300.5979369567544
2017-08-24 09:30:00,4,302.2096508652165,300.80669675802824
2017-08-24 09:45:00,4,302.45538859173166,301.01197274157937
2017-08-24 10:00:00,4,302.688740542568,301.21487541200713
2017-08-24 10:15:00,4,302.9067824052087,301.41059047116806
2017-08-24 10:30:00,4,303.1077797841558,301.5950465495713
2017-08-24 10:45:00,4,303.2924231220613,301.7674072777184
2017-08-24 11:00:00,4,303.4624366364592,301.928548821708
2017-08-24 11:15:00,4,303.6188618230333,302.0788827278795
2017-08-24 11:30:00,4,303.7617523960626,302.21735987306755
2017-08-24 11:45:00,4,303.8900930716917,302.3447136135527
2017-08-24 12:00:00,4,304.00257874759546,302.46010600785456
2017-08-24 12:15:00,4,304.09857540485854,302.5625110835613
2017-08-24 12:30:00,4,304.1795290572576,302.65283966629715
2017-08-24 12:45:00,4,304.2492078023329,302.7339987375141
2017-08-24 13:00:00,4,304.31122342682085,302.80891898454814
2017-08-24 13:15:00,4,304.3674687584061,302.8790450968659
2017-08-24 13:30:00,4,304.4184160150558,302.94430920684687
2017-08-24 13:45:00,4,304.46358834069883,303.0038454746117
2017-08-24 14:00:00,4,304.5021560345028,303.0566719259341
2017-08-24 14:15:00,4,304.5332952419174,303.1020079053555
2017-08-24 14:30:00,4,304.5564294081915,303.13939202972887
2017-08-24 14:45:00,4,304.5713963959768,303.1687088348605
2017-08-24 15:00:00,4,304.57815466488546,303.1899459743039
2017-08-24 15:15:00,4,304.576284866653,303.20291251661433
2017-08-24 15:30:00,4,304.5654490767764,303.20733448862586
2017-08-24 15:45:00,4,304.5456091207123,303.2030718729873
2017-08-24 16:00:00,4,304.5167761409859,303.19009510371865
2017-08-24 16:15:00,4,304.47866568803613,303.1682808701871
2017-08-24 16:30:00,4,304.4307126777848,303.137185019718
2017-08-24 16:45:00,4,304.3720492478958,303.09610544249244
2017-08-24 17:00:00,4,304.3023108245403,303.0445614817269
2017-08-24 17:15:00,4,304.22175599690365,302.98275789389885
2017-08-24 17:30:00,4,304.1318423340418,302.91199330328203
2017-08-24 17:45:00,4,304.03506163145073,302.83443511149926
2017-08-24 18:00:00,4,303.933515498281,302.7520773710817
2017-08-24 18:15:00,4,303.82781534336794,302.665724581252
2017-08-24 18:30:00,4,303.71743621169486,302.57476141495914
2017-08-24 18:45:00,4,303.60089687304276,302.4780554183785
2017-08-24 19:00:00,4,303.47672738871586,302.37429401590055
2017-08-24 19:15:00,4,303.3470318500473,302.2641276696448
2017-08-24 19:30:00,4,303.21583135733573,302.1502201098825
2017-08-24 19:45:00,4,303.08591600208945,302.0355042872917
2017-08-24 20:00:00,4,302.9585222176652,301.9219205947831
2017-08-24 20:15:00,4,302.8339913078146,301.8103731010329
2017-08-24 20:30:00,4,302.71215193743967,301.7013528497778
2017-08-24 20:45:00,4,302.5923621905061,301.5943139889557
2017-08-24 21:00:00,4,302.4738359647867,301.489173488829
2017-08-24 21:15:00,4,302.35595416521653,301.38190228818036
2017-08-24 21:30:00,4,302.2386979633221,301.2691329050066
2017-08-24 21:45:00,4,302.1234908577205,301.15179701539876
2017-08-24 22:00:00,4,302.01223946760837,301.03335758840046
2017-08-24 22:15:00,4,301.9061755264681,300.9170141726909
2017-08-24 22:30:00,4,301.80574561188814,300.80434612096957
2017-08-24 22:45:00,4,301.7108417230144,300.6951807163362
2017-08-24 23:00:00,4,301.6210670683162,300.5917242251371
2017-08-24 23:15:00,4,301.5359292310364,300.4978809620225
2017-08-24 23:30:00,4,301.4549231692535,300.41299726276225
2017-08-24 23:45:00,4,301.3775421308905,300.3342255071281
2017-08-25 00:00:00,4,301.30330085934173,300.25930691860754
2017-08-25 00:15:00,4,301.2317691581958,300.18725979874114
2017-08-25 00:30:00,4,301.16263957732474,300.11782188954294
2017-08-25 00:45:00,4,301.0958108285937,300.05082643198887
2017-08-25 01:00:00,4,301.03117420459,299.9859299132499
2017-08-25 01:15:00,4,300.968498665898,299.92263323693965
2017-08-25 01:30:00,4,300.9077659485695,299.86074199754836
2017-08-25 01:45:00,4,300.8498151905241,299.80101764566615
2017-08-25 02:00:00,4,300.7959242075929,299.74503967819516
2017-08-25 02:15:00,4,300.74707223514343,299.69438275891093
2017-08-25 02:30:00,4,300.7035638649891,299.6497631964832
2017-08-25 02:45:00,4,300.6646938069743,299.61067196279964
2017-08-25 03:00:00,4,300.62927666492595,299.57579252345505
2017-08-25 03:15:00,4,300.59629467649177,299.54384631008674
2017-08-25 03:30:00,4,300.56494663698254,299.5137674419439
2017-08-25 03:45:00,4,300.5343671952502,299.4846888991121
2017-08-25 04:00:00,4,300.5037561838495,299.45582483986954
2017-08-25 04:15:00,4,300.47258528659285,299.42665978191883
2017-08-25 04:30:00,4,300.440648761213,299.3969849656104
2017-08-25 04:45:00,4,300.40811798590374,299.3668468676492
2017-08-25 05:00:00,4,300.37529219857174,299.3363905944883
2017-08-25 05:15:00,4,300.34237751928794,299.3057196761922
2017-08-25 05:30:00,4,300.30952025296045,299.27492151728967
2017-08-25 05:45:00,4,300.27935682952545,299.2466110120247
2017-08-25 06:00:00,4,300.26348937616507,299.22985084580716
2017-08-25 06:15:00,4,300.27795155156576,299.2366306291416
2017-08-25 06:30:00,4,300.332403943121,299.27115734742705
2017-08-25 06:45:00,4,300.4288236731771,299.33226152221584
2017-08-25 07:00:00,4,300.5646553209761,299.4365511474455
2017-08-25 07:15:00,4,300.73216512590415,299.582422146241
2017-08-25 07:30:00,4,300.9223128145932,299.75675981310565
2017-08-25 07:45:00,4,301.12909546128697,299.94935456451566
2017-08-25 08:00:00,4,301.34825879314735,300.158185425625
2017-08-25 08:15:00,4,301.57447883283834,300.3869841804553
2017-08-25 08:30:00,4,301.80282695520657,300.6180918144358
2017-08-25 08:45:00,4,302.0313928448862,300.8401692959941
2017-08-25 09:00:00,4,302.2598121656776,301.0502167353171
2017-08-25 09:15:00,4,302.4868482536604,301.24723113937375
2017-08-25 09:30:00,4,302.7106561344819,301.4382635558903
2017-08-25 09:45:00,4,302.9293291265085,301.62842771558337
2017-08-25 10:00:00,4,303.14101893314563,301.8162620706716
2017-08-25 10:15:00,4,303.34374278076234,301.9976778527425
2017-08-25 10:30:00,4,303.53537293775656,302.1692212121507
2017-08-25 10:45:00,4,303.7134808254915,302.32871162315786
2017-08-25 11:00:00,4,303.8763645797347,302.4748540995569
2017-08-25 11:15:00,4,304.02293855958715,302.6067067898764
2017-08-25 11:30:00,4,304.1513989119441,302.7235393951148
2017-08-25 11:45:00,4,304.25721273686554,302.82238785497094
2017-08-25 12:00:00,4,304.33589138412,302.898914235358
2017-08-25 12:15:00,4,304.386063264403,302.95082840682903
2017-08-25 12:30:00,4,304.41122082738553,302.98080115017893
2017-08-25 12:45:00,4,304.420440185358,302.99648099736237
2017-08-25 13:00:00,4,304.4230537870645,303.0064508910202
2017-08-25 13:15:00,4,304.42463938577777,303.01633479962203
2017-08-25 13:30:00,4,304.4272982654938,303.0279071825209
2017-08-25 13:45:00,4,304.4306846592981,303.04028358949853
2017-08-25 14:00:00,4,304.43335682885277,303.0516077778285
2017-08-25 14:15:00,4,304.4336987984256,303.06016572398164
2017-08-25 14:30:00,4,304.4307859885114,303.0652216202922
2017-08-25 14:45:00,4,304.425322636516,303.06754850551687
2017-08-25 15:00:00,4,304.4185609490273,303.06869468247857
2017-08-25 15:15:00,4,304.4109031345317,303.06969513211163
2017-08-25 15:30:00,4,304.4017508187244,303.0703242240891
2017-08-25 15:45:00,4,304.389387611152,303.0689987066094
2017-08-25 16:00:00,4,304.3715445473759,303.0634674288042
2017-08-25 16:15:00,4,304.3464980787209,303.0518364627155
2017-08-25 16:30:00,4,304.31313556354553,303.0328579953092
2017-08-25 16:45:00,4,304.2702938713408,303.0055703595006
2017-08-25 17:00:00,4,304.2169871931755,302.9688612515005
2017-08-25 17:15:00,4,304.1527396592594,302.9221291247773
2017-08-25 17:30:00,4,304.07832234490866,302.8658748503092
2017-08-25 17:45:00,4,303.9952116947458,302.8013123399278
2017-08-25 18:00:00,4,303.904418499582,302.72951180833934
2017-08-25 18:15:00,4,303.80640801668284,302.6509880434549
2017-08-25 18:30:00,4,303.70107743479235,302.56533294349623
2017-08-25 18:45:00,4,303.5865474872431,302.4709909311686
2017-08-25 19:00:00,4,303.46048898551663,302.3665138004554
2017-08-25 19:15:00,4,303.32427437925674,302.2523478661208
2017-08-25 19:30:00,4,303.1818998265683,302.1314522167527
2017-08-25 19:45:00,4,303.0377283934469,302.0086849221398
2017-08-25 20:00:00,4,302.89515438938633,301.89039600909297
2017-08-25 20:15:00,4,302.75609044550794,301.7703040544568
2017-08-25 20:30:00,4,302.6216749834511,301.64478995274277
2017-08-25 20:45:00,4,302.4935212933652,301.51669472773665
2017-08-25 21:00:00,4,302.37321902368757,301.3910663191172
2017-08-25 21:15:00,4,302.26154900595213,301.27142530907776
2017-08-25 21:30:00,4,302.15841415765595,301.1587949213984
2017-08-25 21:45:00,4,302.06285941647894,301.0522749435292
2017-08-25 22:00:00,4,301.9736084614286,300.94898462334083
2017-08-25 22:15:00,4,301.8895542779319,300.856230612617
2017-08-25 22:30:00,4,301.80983260851013,300.77373423767864
2017-08-25 22:45:00,4,301.7337266709939,300.69775872100365
2017-08-25 23:00:00,4,301.66062375457943,300.62529804812584
2017-08-25 23:15:00,4,301.59002264714877,300.5551250078428
2017-08-25 23:30:00,4,301.5216406043957,300.48709855340724
2017-08-25 23:45:00,4,301.45565533825123,300.4214907460216
2017-08-26 00:00:00,4,301.3924102405913,300.35861072337343
2017-08-26 00:15:00,4,301.3320698482641,300.29860900943964
2017-08-26 00:30:00,4,301.27454287000234,300.24137757149276
2017-08-26 00:45:00,4,301.21942548675213,300.186447817532
2017-08-26 01:00:00,4,301.16616134393774,300.133086541236
2017-08-26 01:15:00,4,301.11428401180234,300.0806029433192
2017-08-26 01:30:00,4,301.0635894257866,300.02869250031495
2017-08-26 01:45:00,4,301.0141562629622,299.97753544929185
2017-08-26 02:00:00,4,300.9661480180618,299.9275755446408
2017-08-26 02:15:00,4,300.9196672854112,299.8792142711473
2017-08-26 02:30:00,4,300.8746569139522,299.8325675797195
2017-08-26 02:45:00,4,300.8307558632922,299.7873877323304
2017-08-26 03:00:00,4,300.787487439641,299.74322473870893
2017-08-26 03:15:00,4,300.74448499769267,299.6996629504321
2017-08-26 03:30:00,4,300.70161819539356,299.65653980461445
2017-08-26 03:45:00,4,300.6591791506419,299.6140670584617
2017-08-26 04:00:00,4,300.61764042285,299.5726790710163
2017-08-26 04:15:00,4,300.57735296439654,299.532765102152
2017-08-26 04:30:00,4,300.5385322778362,299.4946883785544
2017-08-26 04:45:00,4,300.50141761870753,299.4586806946706
2017-08-26 05:00:00,4,300.4662809090694,299.42497721184685
2017-08-26 05:15:00,4,300.43331694178875,299.393852451514
2017-08-26 05:30:00,4,300.4025778129377,299.36545667215455
2017-08-26 05:45:00,4,300.3766308124841,299.34238832122514
2017-08-26 06:00:00,4,300.36750903217785,299.33359050900555
2017-08-26 06:15:00,4,300.3909432298354,299.3504089136023
2017-08-26 06:30:00,4,300.4560140426645,299.3959467897567
2017-08-26 06:45:00,4,300.56394504471126,299.4684707827719
2017-08-26 07:00:00,4,300.7101638886824,299.5834899548051
2017-08-26 07:15:00,4,300.8845668128584,299.73757447332144
2017-08-26 07:30:00,4,301.07716491481256,299.9162827121609
2017-08-26 07:45:00,4,301.28416774627567,300.1101896527562
2017-08-26 08:00:00,4,301.50529352353686,300.3191664143193
2017-08-26 08:15:00,4,301.73883636956145,300.5521827171264
2017-08-26 08:30:00,4,301.98127991978544,300.7924712290578
2017-08-26 08:45:00,4,302.2276942604614,301.0256657628975
2017-08-26 09:00:00,4,302.472720006406,301.2447017377382
2017-08-26 09:15:00,4,302.7110449730029,301.4466515402359
2017-08-26 09:30:00,4,302.93876828877865,301.6364703623543
2017-08-26 09:45:00,4,303.1550559492873,301.8207861010236
2017-08-26 10:00:00,4,303.3603796654836,302.000481598183
2017-08-26 10:15:00,4,303.55422769822763,302.17322590082694
2017-08-26 10:30:00,4,303.7351921335952,302.3360447060629
2017-08-26 10:45:00,4,303.89983329786844,302.4855012703441
2017-08-26 11:00:00,4,304.0443932808687,302.61825776342516
2017-08-26 11:15:00,4,304.1667621827064,302.7319411054501
2017-08-26 11:30:00,4,304.2666717970136,302.82521853447804
2017-08-26 11:45:00,4,304.3451050322616,302.9001808974434
2017-08-26 12:00:00,4,304.4034694999821,302.95865658831593
2017-08-26 12:15:00,4,304.4433176103558,303.0019530384554
2017-08-26 12:30:00,4,304.46780985510486,303.032598887133
2017-08-26 12:45:00,4,304.48276622790127,303.0551020192685
2017-08-26 13:00:00,4,304.49361001044815,303.0740601590999
2017-08-26 13:15:00,4,304.50318509051493,303.09215660438184
2017-08-26 13:30:00,4,304.51254569223244,303.1102223850877
2017-08-26 13:45:00,4,304.5224627023591,303.12854291377823
2017-08-26 14:00:00,4,304.53341444907034,303.1474266574002
2017-08-26 14:15:00,4,304.5451035661436,303.16689389810864
2017-08-26 14:30:00,4,304.5562834702379,303.1860021634217
2017-08-26 14:45:00,4,304.5642534536675,303.20242830386377
2017-08-26 15:00:00,4,304.565939188505,303.2132528543098
2017-08-26 15:15:00,4,304.55891575645126,303.21613389401114
2017-08-26 15:30:00,4,304.54188970452947,303.20976713080785
2017-08-26 15:45:00,4,304.5143983754478,303.19357395003556
2017-08-26 16:00:00,4,304.47635163065695,303.1672754553547
2017-08-26 16:15:00,4,304.4276145942772,303.13076759151807
2017-08-26 16:30:00,4,304.36804815736826,303.08409914935277
2017-08-26 16:45:00,4,304.297656412046,303.0275210228423
2017-08-26 17:00:00,4,304.216934739704,302.96153210733104
2017-08-26 17:15:00,4,304.12653593982213,302.88686721910955
2017-08-26 17:30:00,4,304.02781444736087,302.8047039970082
2017-08-26 17:45:00,4,303.92282590636955,302.7165833621126
2017-08-26 18:00:00,4,303.8130696379079,302.62409587718406
2017-08-26 18:15:00,4,303.6985707474703,302.528179527955
2017-08-26 18:30:00,4,303.5789303766053,302.4288996189915
2017-08-26 18:45:00,4,303.453446182856,302.325509798566
2017-08-26 19:00:00,4,303.32140989690924,302.2176182094692
2017-08-26 19:15:00,4,303.1851777294575,302.1071792556807
2017-08-26 19:30:00,4,303.0487371362251,301.9974492691839
2017-08-26 19:45:00,4,302.9150282242315,301.88816604479644
2017-08-26 20:00:00,4,302.78555210132953,301.7742079547729
2017-08-26 20:15:00,4,302.6608174773169,301.65558262536126
2017-08-26 20:30:00,4,302.54095395549314,301.535488873319
2017-08-26 20:45:00,4,302.4263881792818,301.4170045827921
2017-08-26 21:00:00,4,302.31762419761077,301.30178185149714
2017-08-26 21:15:00,4,302.2148338181716,301.19015854333696
2017-08-26 21:30:00,4,302.11784296817365,301.0810034342136
2017-08-26 21:45:00,4,302.02624010437796,300.98078935114324
2017-08-26 22:00:00,4,301.9395027768904,300.89103310505897
2017-08-26 22:15:00,4,301.8571011516643,300.8091002402625
2017-08-26 22:30:00,4,301.77866487636095,300.73219414273535
2017-08-26 22:45:00,4,301.70426282216386,300.65924278547163
2017-08-26 23:00:00,4,301.63412354317836,300.5904322235444
2017-08-26 23:15:00,4,301.56829397907217,300.5261056275159
2017-08-26 23:30:00,4,301.5064918916626,300.46610123262604
2017-08-26 23:45:00,4,301.4479109698417,300.40965083495064
2017-08-27 00:00:00,4,301.39158394380297,300.3557290816678
2017-08-27 00:15:00,4,301.33676735019094,300.30346592709236
2017-08-27 00:30:00,4,301.28292814224307,300.25224325158507
2017-08-27 00:45:00,4,301.22954180288974,300.2015125172664
2017-08-27 01:00:00,4,301.176112111809,300.1507089575833
2017-08-27 01:15:00,4,301.122274836833,300.09933474060364
2017-08-27 01:30:00,4,301.0678461129882,300.0471050863301
2017-08-27 01:45:00,4,301.0129048649337,299.99405289196824
2017-08-27 02:00:00,4,300.95766749629917,299.94044082638425
2017-08-27 02:15:00,4,300.90231944411374,299.8865643675195
2017-08-27 02:30:00,4,300.84710518566015,299.83277105236033
2017-08-27 02:45:00,4,300.7926531944436,299.7796620617598
2017-08-27 03:00:00,4,300.7397116664161,299.7280068965995
2017-08-27 03:15:00,4,300.68877855655876,299.6784330945387
2017-08-27 03:30:00,4,300.6400574421186,299.6312399502564
2017-08-27 03:45:00,4,300.59352436530054,299.5864398523777
2017-08-27 04:00:00,4,300.54903725773556,299.5438996630981
2017-08-27 04:15:00,4,300.5064196557747,299.5034488995911
2017-08-27 04:30:00,4,300.4655050348808,299.4648982204235
2017-08-27 04:45:00,4,300.426197432441,299.4281711690272
2017-08-27 05:00:00,4,300.38848170002774,299.39308073227187
2017-08-27 05:15:00,4,300.3523688440299,299.35940721009945
2017-08-27 05:30:00,4,300.3181432278439,299.327398482385
2017-08-27 05:45:00,4,300.28977819472436,299.3009584557566
2017-08-27 06:00:00,4,300.2794699841174,299.2891883177735
2017-08-27 06:15:00,4,300.2969231867522,299.30007581223396
2017-08-27 06:30:00,4,300.3430947342742,299.3346215938744
2017-08-27 06:45:00,4,300.4135615976457,299.38715868537196
2017-08-27 07:00:00,4,300.50459837410494,299.4480732894706
2017-08-27 07:15:00,4,300.6178093739315,299.5306906144078
2017-08-27 07:30:00,4,300.75604533649323,299.64236383448406
2017-08-27 07:45:00,4,300.9218610124969,299.78396315359646
2017-08-27 08:00:00,4,301.11492539879,299.95273257470774
2017-08-27 08:15:00,4,301.3288204960651,300.14300792554934
2017-08-27 08:30:00,4,301.55541771121113,300.3496460241119
2017-08-27 08:45:00,4,301.78931050922824,300.5752580651241
2017-08-27 09:00:00,4,302.02706604352824,300.8002910652337
2017-08-27 09:15:00,4,302.2643796308092,301.01445750201725
2017-08-27 09:30:00,4,302.4960066226163,301.2145258340364
2017-08-27 09:45:00,4,302.71667877701236,301.40064082653765
2017-08-27 10:00:00,4,302.922220205243,301.57547826677126
2017-08-27 10:15:00,4,303.1098757711667,301.7383814653367
2017-08-27 10:30:00,4,303.2787811169358,301.88766391800294
2017-08-27 10:45:00,4,303.43089263604315,302.02359797014157
2017-08-27 11:00:00,4,303.5690300289451,302.14817985768053
2017-08-27 11:15:00,4,303.6948027802914,302.2632161052884
2017-08-27 11:30:00,4,303.80854606215115,302.3692011806897
2017-08-27 11:45:00,4,303.90968897775167,302.4654990064933
2017-08-27 12:00:00,4,303.99738377158604,302.5511129513239
2017-08-27 12:15:00,4,304.0712466159856,302.62557534183554
2017-08-27 12:30:00,4,304.13295258272206,302.68996311705683
2017-08-27 12:45:00,4,304.1869148344982,302.74909411645916
2017-08-27 13:00:00,4,304.2375170901629,302.80680048987097
2017-08-27 13:15:00,4,304.28708964369525,302.864495535784
2017-08-27 13:30:00,4,304.33621134092806,302.92179267352515
2017-08-27 13:45:00,4,304.384378933011,302.9776439468245
2017-08-27 14:00:00,4,304.4305114047676,303.03098564354536
2017-08-27 14:15:00,4,304.4732686875671,303.0808489168148
2017-08-27 14:30:00,4,304.5109463852218,303.1259008666982
2017-08-27 14:45:00,4,304.5407085038956,303.16389375458505
2017-08-27 15:00:00,4,304.55962825053575,303.19216399045104
2017-08-27 15:15:00,4,304.5657540817327,303.20863037968286
2017-08-27 15:30:00,4,304.55828297201293,303.21238547886105
2017-08-27 15:45:00,4,304.53749809291594,303.2037269873889
2017-08-27 16:00:00,4,304.5044334300134,303.18365057798593
2017-08-27 16:15:00,4,304.45993758170835,303.15310805040224
2017-08-27 16:30:00,4,304.40440938287077,303.112580954634
2017-08-27 16:45:00,4,304.3377654461784,303.06198008558977
2017-08-27 17:00:00,4,304.25958245855384,303.00089243245856
2017-08-27 17:15:00,4,304.16987000349604,302.9292341024726
2017-08-27 17:30:00,4,304.0700042074917,302.84782914529865
2017-08-27 17:45:00,4,303.96230869182557,302.7588232398418
2017-08-27 18:00:00,4,303.84868631958,302.66413995007485
2017-08-27 18:15:00,4,303.72965457889404,302.5653423086096
2017-08-27 18:30:00,4,303.6048878550364,302.46258480010636
2017-08-27 18:45:00,4,303.47380317472664,302.3551118773205
2017-08-27 19:00:00,4,303.33605779683893,302.2426687165948
2017-08-27 19:15:00,4,303.1943456403857,302.1272476004011
2017-08-27 19:30:00,4,303.05287713148573,302.01253999242897
2017-08-27 19:45:00,4,302.9147263908646,301.90069463010457
2017-08-27 20:00:00,4,302.7814684672812,301.78524016876526
2017-08-27 20:15:00,4,302.6536382222184,301.6653978418444
2017-08-27 20:30:00,4,302.5312026549804,301.5442423943698
2017-08-27 20:45:00,4,302.41389603302116,301.4246197670697
2017-08-27 21:00:00,4,302.3013480517389,301.3075181780883
2017-08-27 21:15:00,4,302.193128143063,301.19249864475194
2017-08-27 21:30:00,4,302.0889241531047,301.0784855281539
2017-08-27 21:45:00,4,301.9888686843533,300.9681063279794
2017-08-27 22:00:00,4,301.89323096933236,300.86654642100734
2017-08-27 22:15:00,4,301.8020582658781,300.7740408551785
2017-08-27 22:30:00,4,301.7152247576773,300.68816712000864
2017-08-27 22:45:00,4,301.6326187651538,300.6069000840949
2017-08-27 23:00:00,4,301.5540520505591,300.5293855910997
2017-08-27 23:15:00,4,301.4791799893721,300.4553000841387
2017-08-27 23:30:00,4,301.40754577539235,300.3842491492021
2017-08-27 23:45:00,4,301.33865520421085,300.31575822193673
2017-08-28 00:00:00,4,301.2720976620301,300.24947967355087
2017-08-28 00:15:00,4,301.20757284346695,300.18524651507886
2017-08-28 00:30:00,4,301.14495731232284,300.1230901138933
2017-08-28 00:45:00,4,301.08451876756806,300.0633043436098
2017-08-28 01:00:00,4,301.02666538949245,300.0063159995732
2017-08-28 01:15:00,4,300.97162928082804,299.95243130224816
2017-08-28 01:30:00,4,300.9193006642837,299.90155338209956
2017-08-28 01:45:00,4,300.86898943994765,299.8530080208441
2017-08-28 02:00:00,4,300.81978311647964,299.8057878778759
2017-08-28 02:15:00,4,300.77097667508286,299.758987624264
2017-08-28 02:30:00,4,300.72224108410245,299.71216204926765
2017-08-28 02:45:00,4,300.6737914465137,299.6654470179266
2017-08-28 03:00:00,4,300.6260782953057,299.6193115207572
2017-08-28 03:15:00,4,300.5794313664952,299.57418681655884
2017-08-28 03:30:00,4,300.53386425511366,299.5300948942476
2017-08-28 03:45:00,4,300.48880704442763,299.4864573477162
2017-08-28 04:00:00,4,300.44345480700775,299.4423803846664
2017-08-28 04:15:00,4,300.3972205095364,299.39712094297647
2017-08-28 04:30:00,4,300.3501406356326,299.35069662820854
2017-08-28 04:45:00,4,300.30359374357596,299.3043985420098
2017-08-28 05:00:00,4,300.2595714424901,299.26032561447477
2017-08-28 05:15:00,4,300.2195991090601,299.22047886837254
2017-08-28 05:30:00,4,300.1844989857927,299.18592509107094
2017-08-28 05:45:00,4,300.15704072175294,299.1595551489876
2017-08-28 06:00:00,4,300.14650018958145,299.1479403496673
2017-08-28 06:15:00,4,300.1591566779666,299.15602167039833
2017-08-28 06:30:00,4,300.19382078657037,299.18314692433285
2017-08-28 06:45:00,4,300.2465931638326,299.2250419952489
2017-08-28 07:00:00,4,300.31577289505606,299.27838138357737
2017-08-28 07:15:00,4,300.4061193397956,299.33997186113857
2017-08-28 07:30:00,4,300.52518165788746,299.4280613152994
2017-08-28 07:45:00,4,300.6762007891918,299.5513268954508
2017-08-28 08:00:00,4,300.85720252980894,299.7068335531521
2017-08-28 08:15:00,4,301.06004607952156,299.8849470565546
2017-08-28 08:30:00,4,301.27517252774896,300.07617643386914
2017-08-28 08:45:00,4,301.49674640737885,300.27675309433624
2017-08-28 09:00:00,4,301.7213245405381,300.4885340530452
2017-08-28 09:15:00,4,301.94449975650093,300.6985989923367
2017-08-28 09:30:00,4,302.16198684029996,300.89665468183676
2017-08-28 09:45:00,4,302.37174123521726,301.0791022124945
2017-08-28 10:00:00,4,302.5731139911036,301.252389579794
2017-08-28 10:15:00,4,302.76507405922456,301.41967094073215
2017-08-28 10:30:00,4,302.94525270468415,301.5790479165601
2017-08-28 10:45:00,4,303.10969622598077,301.72602449865116
2017-08-28 11:00:00,4,303.2547196788178,301.85650126549496
2017-08-28 11:15:00,4,303.3782310977441,301.96828867238327
2017-08-28 11:30:00,4,303.4801652252961,302.06153698132255
2017-08-28 11:45:00,4,303.5628545914867,302.1385012538862
2017-08-28 12:00:00,4,303.6292962792115,302.2021842603087
2017-08-28 12:15:00,4,303.6818272153262,302.25520433776757
2017-08-28 12:30:00,4,303.7233195019095,302.3001025316894
2017-08-28 12:45:00,4,303.7578889589544,302.33964273378433
2017-08-28 13:00:00,4,303.7889450855986,302.37724575885534
2017-08-28 13:15:00,4,303.8180046548081,302.4142488860753
2017-08-28 13:30:00,4,303.84538645712234,302.450390303223
2017-08-28 13:45:00,4,303.87128675955154,302.4851180737099
2017-08-28 14:00:00,4,303.8958400026827,302.518131422934
2017-08-28 14:15:00,4,303.9186571289809,302.5491127644845
2017-08-28 14:30:00,4,303.93892682551615,302.57750854001404
2017-08-28 14:45:00,4,303.9557885998608,302.60263123459634
2017-08-28 15:00:00,4,303.9683925539084,302.6237487309793
2017-08-28 15:15:00,4,303.9757354378058,302.64006681934524
2017-08-28 15:30:00,4,303.9766055721846,302.6505623255405
2017-08-28 15:45:00,4,303.9691320451306,302.6536741254924
2017-08-28 16:00:00,4,303.9511627703205,302.6475156348764
2017-08-28 16:15:00,4,303.9212310488202,302.63055944066343
2017-08-28 16:30:00,4,303.8786814059875,302.6020726897362
2017-08-28 16:45:00,4,303.8231985829997,302.5616653632747
2017-08-28 17:00:00,4,303.75469904187554,302.5092181266214
2017-08-28 17:15:00,4,303.6732442100808,302.44488829526375
2017-08-28 17:30:00,4,303.57978732761393,302.3694318588508
2017-08-28 17:45:00,4,303.4760655387034,302.284607532313
2017-08-28 18:00:00,4,303.36403031336806,302.19232524406755
2017-08-28 18:15:00,4,303.2450652472338,302.0946499505169
2017-08-28 18:30:00,4,303.11993832485797,301.99284136921887
2017-08-28 18:45:00,4,302.98876117486805,301.88771205274446
2017-08-28 19:00:00,4,302.8516735188596,301.779956235788
2017-08-28 19:15:00,4,302.7115377771067,301.6697308480506
2017-08-28 19:30:00,4,302.57239440233343,301.558064176715
2017-08-28 19:45:00,4,302.43691638855125,301.4394677788295
2017-08-28 20:00:00,4,302.3062338078169,301.31553405856647
2017-08-28 20:15:00,4,302.18056113319227,301.1904890040996
2017-08-28 20:30:00,4,302.0596938104313,301.0670163796683
2017-08-28 20:45:00,4,301.94330703535974,300.9454609752331
2017-08-28 21:00:00,4,301.8310217026426,300.82460615922855
2017-08-28 21:15:00,4,301.72241468178476,300.7068296518545
2017-08-28 21:30:00,4,301.61724193964454,300.5970558477971
2017-08-28 21:45:00,4,301.5158341769204,300.49534864254946
2017-08-28 22:00:00,4,301.4185892055944,300.39932099897874
2017-08-28 22:15:00,4,301.32551468752996,300.30699648303596
2017-08-28 22:30:00,4,301.23649067670897,300.2177012056286
2017-08-28 22:45:00,4,301.1518208747578,300.13191486958993
2017-08-28 23:00:00,4,301.0720786852762,300.05069446893026
2017-08-28 23:15:00,4,300.99767988048393,299.97501495026467
2017-08-28 23:30:00,4,300.9286376802731,299.90522581639294
2017-08-28 23:45:00,4,300.8643238703759,299.8407554827945
2017-08-29 00:00:00,4,300.8037740431632,299.7803947262075
2017-08-29 00:15:00,4,300.74613201630996,299.72290771409325
2017-08-29 00:30:00,4,300.69076320042467,299.6674538144697
2017-08-29 00:45:00,4,300.63719130393486,299.61369585042274
2017-08-29 01:00:00,4,300.5851265621079,299.561685874845
2017-08-29 01:15:00,4,300.53442707390644,299.51162608122297
2017-08-29 01:30:00,4,300.48496375586154,299.4635909035439
2017-08-29 01:45:00,4,300.4364735951268,299.4173327253078
2017-08-29 02:00:00,4,300.3886165259833,299.37235382615825
2017-08-29 02:15:00,4,300.34110470112773,299.3281374841114
2017-08-29 02:30:00,4,300.2938046186422,299.2843590207186
2017-08-29 02:45:00,4,300.24685078343924,299.2409156484722
2017-08-29 03:00:00,4,300.2004485128483,299.19778717593357
2017-08-29 03:15:00,4,300.15470518471375,299.15493858196254
2017-08-29 03:30:00,4,300.11002463601477,299.11285777671816
2017-08-29 03:45:00,4,300.06809678921917,299.0734235288974
2017-08-29 04:00:00,4,300.03094698614154,299.039274481701
2017-08-29 04:15:00,4,299.99952453019625,299.01187948237805
2017-08-29 04:30:00,4,299.97345377783444,298.990715623578
2017-08-29 04:45:00,4,299.9511939042149,298.97368851930173
2017-08-29 05:00:00,4,299.93095279678005,298.9582206682882
2017-08-29 05:15:00,4,299.9114004093017,298.94223394549215
2017-08-29 05:30:00,4,299.8917526376434,298.92456847639664
2017-08-29 05:45:00,4,299.87159128323896,298.9049912147921
2017-08-29 06:00:00,4,299.852410738248,298.88555409878376
2017-08-29 06:15:00,4,299.84046785651367,298.8717926668596
2017-08-29 06:30:00,4,299.84324333915436,298.8705784565443
2017-08-29 06:45:00,4,299.8660644504263,298.8865017945744
2017-08-29 07:00:00,4,299.91222799745714,298.921866008672
2017-08-29 07:15:00,4,299.9879102850649,298.9774704543927
2017-08-29 07:30:00,4,300.09856093051235,299.05225234427996
2017-08-29 07:45:00,4,300.24829938395465,299.1665483358032
2017-08-29 08:00:00,4,300.43712684305876,299.3266405302663
2017-08-29 08:15:00,4,300.6561789191334,299.52275935932045
2017-08-29 08:30:00,4,300.8940639652431,299.740904516804
2017-08-29 08:45:00,4,301.14340320637837,299.9744257837382
2017-08-29 09:00:00,4,301.40011264643397,300.2263711069324
2017-08-29 09:15:00,4,301.6606264033035,300.47685313623424
2017-08-29 09:30:00,4,301.92223916652716,300.7167039989131
2017-08-29 09:45:00,4,302.18434820369276,300.95182047977744
2017-08-29 10:00:00,4,302.4471114376989,301.18798962215084
2017-08-29 10:15:00,4,302.7096290061246,301.42586454305666
2017-08-29 10:30:00,4,302.96840423460213,301.6609619818582
2017-08-29 10:45:00,4,303.2142593427201,301.8849152626671
2017-08-29 11:00:00,4,303.43635223232087,302.08863496736546
2017-08-29 11:15:00,4,303.62801075797444,302.26578599743095
2017-08-29 11:30:00,4,303.78728649407185,302.4160086819694
2017-08-29 11:45:00,4,303.9164793143548,302.5415749645266
2017-08-29 12:00:00,4,304.0198769802029,302.6460323053661
2017-08-29 12:15:00,4,304.10177122511857,302.7331536953093
2017-08-29 12:30:00,4,304.16680151805497,302.80673582872805
2017-08-29 12:45:00,4,304.2197233423264,302.8701274657899
2017-08-29 13:00:00,4,304.2634728091331,302.92515948552995
2017-08-29 13:15:00,4,304.29869413251095,302.97190508486045
2017-08-29 13:30:00,4,304.32490510607914,303.00931394065867
2017-08-29 13:45:00,4,304.34087690362253,303.0358527745535
2017-08-29 14:00:00,4,304.34533114857834,303.05012500680647
2017-08-29 14:15:00,4,304.3372869723468,303.0512323569617
2017-08-29 14:30:00,4,304.31651281232496,303.03924580185975
2017-08-29 14:45:00,4,304.2843402797801,303.01557558116855
2017-08-29 15:00:00,4,304.2427014014799,302.9823239297299
2017-08-29 15:15:00,4,304.1930764558307,302.9412979865888
2017-08-29 15:30:00,4,304.13664205971355,302.8938976279474
2017-08-29 15:45:00,4,304.0750186321713,302.841597296799
2017-08-29 16:00:00,4,304.0095819200933,302.78580472440035
2017-08-29 16:15:00,4,303.940830442218,302.7273507175981
2017-08-29 16:30:00,4,303.8687041969376,302.66644418280504
2017-08-29 16:45:00,4,303.79319679942614,302.6030466820057
2017-08-29 17:00:00,4,303.7142318581253,302.53700395025464
2017-08-29 17:15:00,4,303.631359590427,302.46803176680817
2017-08-29 17:30:00,4,303.5445342255453,302.39630035703124
2017-08-29 17:45:00,4,303.4542473815227,302.32209947023637
2017-08-29 18:00:00,4,303.36091631496106,302.24564858333014
2017-08-29 18:15:00,4,303.2644763919672,302.1670022193749
2017-08-29 18:30:00,4,303.16437183950364,302.0855455044552
2017-08-29 18:45:00,4,303.05954903102105,302.0000321914572
2017-08-29 19:00:00,4,302.94928832967565,301.9096230245399
2017-08-29 19:15:00,4,302.83586685269563,301.8153650283419
2017-08-29 19:30:00,4,302.72309012020395,301.7199847963908
2017-08-29 19:45:00,4,302.6136497519307,301.62661233136214
2017-08-29 20:00:00,4,302.5088038061677,301.53594761393475
2017-08-29 20:15:00,4,302.4089175817815,301.44720694318323
2017-08-29 20:30:00,4,302.313868301413,301.3596353746843
2017-08-29 20:45:00,4,302.2232507349839,301.27295495302604
2017-08-29 21:00:00,4,302.1365698379721,301.18729460799045
2017-08-29 21:15:00,4,302.0533373031862,301.1031020154231
2017-08-29 21:30:00,4,301.9730642834201,301.0206102187527
2017-08-29 21:45:00,4,301.89521496371754,300.93957134993286
2017-08-29 22:00:00,4,301.8192648937432,300.8593368738883
2017-08-29 22:15:00,4,301.7447825481344,300.7790121079863
2017-08-29 22:30:00,4,301.671539212712,300.6979066050229
2017-08-29 22:45:00,4,301.5996890089736,300.62077357074327
2017-08-29 23:00:00,4,301.52949173031635,300.54876696589065
2017-08-29 23:15:00,4,301.4610479862384,300.4805407094443
2017-08-29 23:30:00,4,301.394455451297,300.4147096756333
2017-08-29 23:45:00,4,301.3302290041984,300.35104501287793
2017-08-30 00:00:00,4,301.26901238768573,300.290164076691
2017-08-30 00:15:00,4,301.2111709726021,300.23271073439633
2017-08-30 00:30:00,4,301.1567155089476,300.1788540354071
2017-08-30 00:45:00,4,301.1052760926491,300.128203199805
2017-08-30 01:00:00,4,301.05630125131626,300.0800472923076
2017-08-30 01:15:00,4,301.00927738638217,300.03366558641613
2017-08-30 01:30:00,4,300.96368086039286,299.9883774083205
2017-08-30 01:45:00,4,300.9187226200034,299.94340713042993
2017-08-30 02:00:00,4,300.8735839640215,299.89794104620967
2017-08-30 02:15:00,4,300.8277370552215,299.8513853805921
2017-08-30 02:30:00,4,300.78112163064725,299.80368887866683
2017-08-30 02:45:00,4,300.73432999509316,299.75548927664573
2017-08-30 03:00:00,4,300.6881954699814,299.7078016528904
2017-08-30 03:15:00,4,300.64334703224165,299.6615234874628
2017-08-30 03:30:00,4,300.60008827027195,299.61715842728853
2017-08-30 03:45:00,4,300.5584027859115,299.57488435062805
2017-08-30 04:00:00,4,300.5181770044501,299.53478109438703
2017-08-30 04:15:00,4,300.4793157899595,299.49704072558853
2017-08-30 04:30:00,4,300.44168733375875,299.4615568670323
2017-08-30 04:45:00,4,300.4050065001498,299.4277188082934
2017-08-30 05:00:00,4,300.3688592521696,299.39460780443517
2017-08-30 05:15:00,4,300.3328701478521,299.3613645991791
2017-08-30 05:30:00,4,300.29698642582383,299.32770938194375
2017-08-30 05:45:00,4,300.26396712924696,299.29641188493923
2017-08-30 06:00:00,4,300.24456503886216,299.276165943128
2017-08-30 06:15:00,4,300.2531073097329,299.2781251014769
2017-08-30 06:30:00,4,300.29808168301014,299.3076829978643
2017-08-30 06:45:00,4,300.3809852797098,299.3571108947946
2017-08-30 07:00:00,4,300.49880550320665,299.4441114228381
2017-08-30 07:15:00,4,300.6430231541311,299.5687052482352
2017-08-30 07:30:00,4,300.80346120272384,299.7163454593881
2017-08-30 07:45:00,4,300.97079806799877,299.8725253241776
2017-08-30 08:00:00,4,301.13646000986364,300.02792354334974
2017-08-30 08:15:00,4,301.2914041301736,300.17700954313665
2017-08-30 08:30:00,4,301.4291871086502,300.31784624198343
2017-08-30 08:45:00,4,301.5502572812131,300.4420308972229
2017-08-30 09:00:00,4,301.6636265747969,300.5536851536331
2017-08-30 09:15:00,4,301.78936360225026,300.6682401091713
2017-08-30 09:30:00,4,301.9462197792117,300.80135695858917
2017-08-30 09:45:00,4,302.14197128652665,300.97147782526304
2017-08-30 10:00:00,4,302.3731219108886,301.17923132960743
2017-08-30 10:15:00,4,302.625344745771,301.4087374077511
2017-08-30 10:30:00,4,302.88099575698465,301.6395659950349
2017-08-30 10:45:00,4,303.1240349156536,301.85614799325776
2017-08-30 11:00:00,4,303.3423805652895,302.0497494638846
2017-08-30 11:15:00,4,303.5292311442017,302.2163435067214
2017-08-30 11:30:00,4,303.6829361790491,302.35500106872604
2017-08-30 11:45:00,4,303.80645916615435,302.4688014439818
2017-08-30 12:00:00,4,303.9043262065645,302.56182466358126
2017-08-30 12:15:00,4,303.9803967137114,302.63763117953624
2017-08-30 12:30:00,4,304.0389759787912,302.6998577541328
2017-08-30 12:45:00,4,304.0857985498823,302.7528004719917
2017-08-30 13:00:00,4,304.12575828934814,302.8002338716559
2017-08-30 13:15:00,4,304.16138157285883,302.8441611635116
2017-08-30 13:30:00,4,304.19333851072975,302.884768709544
2017-08-30 13:45:00,4,304.2210849252184,302.92113444833853
2017-08-30 14:00:00,4,304.24364602124484,302.9520660269082
2017-08-30 14:15:00,4,304.26004662917944,302.9765837978162
2017-08-30 14:30:00,4,304.269440582779,302.99398301322833
2017-08-30 14:45:00,4,304.2710612751957,303.0037139638016
2017-08-30 15:00:00,4,304.26426678373105,303.0052929033672
2017-08-30 15:15:00,4,304.2482968260036,302.9981618947413
2017-08-30 15:30:00,4,304.2226088880512,302.9820898864407
2017-08-30 15:45:00,4,304.1882364806865,302.9579200341318
2017-08-30 16:00:00,4,304.14684030724936,302.9271910067027
2017-08-30 16:15:00,4,304.0991310183979,302.89104034978516
2017-08-30 16:30:00,4,304.04497564105986,302.8496744763344
2017-08-30 16:45:00,4,303.9838718576282,302.80259968701085
2017-08-30 17:00:00,4,303.9152393279507,302.7490540424901
2017-08-30 17:15:00,4,303.8382924423814,302.6882736346313
2017-08-30 17:30:00,4,303.7528272576403,302.61998886098826
2017-08-30 17:45:00,4,303.6600496050063,302.54493421047954
2017-08-30 18:00:00,4,303.5615718618333,302.46443170522053
2017-08-30 18:15:00,4,303.4583431673723,302.37982332592514
2017-08-30 18:30:00,4,303.3506456312446,302.29160849929644
2017-08-30 18:45:00,4,303.23803981358526,302.19924342154366
2017-08-30 19:00:00,4,303.1202072966973,302.10224354745236
2017-08-30 19:15:00,4,302.99947026739204,302.0017291817919
2017-08-30 19:30:00,4,302.87938050868456,301.90029041293604
2017-08-30 19:45:00,4,302.76230577356347,301.80092461196836
2017-08-30 20:00:00,4,302.64927757151776,301.7041264555936
2017-08-30 20:15:00,4,302.54056617621364,301.608601466967
2017-08-30 20:30:00,4,302.4362882521502,301.5125944414817
2017-08-30 20:45:00,4,302.3371147447882,301.4162697783039
2017-08-30 21:00:00,4,302.2438737151488,301.32165608816416
2017-08-30 21:15:00,4,302.15696626723087,301.23083757899195
2017-08-30 21:30:00,4,302.07609539051725,301.1447402076095
2017-08-30 21:45:00,4,301.9998732965462,301.0628357563335
2017-08-30 22:00:00,4,301.92651448472776,300.9835942300343
2017-08-30 22:15:00,4,301.8546029855187,300.90503933623006
2017-08-30 22:30:00,4,301.7833496297552,300.8276296280599
2017-08-30 22:45:00,4,301.7127774648317,300.753852848344
2017-08-30 23:00:00,4,301.64320356526673,300.68392452813634
2017-08-30 23:15:00,4,301.5747824932076,300.6166221734418
2017-08-30 23:30:00,4,301.5074754863414,300.5507513555285
2017-08-30 23:45:00,4,301.44109092093527,300.48558234378805
2017-08-31 00:00:00,4,301.37531807588283,300.4205920662513
2017-08-31 00:15:00,4,301.30982144896217,300.355247252314
2017-08-31 00:30:00,4,301.2446717616835,300.2894421792626
2017-08-31 00:45:00,4,301.1811322339796,300.2242774400662
2017-08-31 01:00:00,4,301.12103088259977,300.16190133487925
2017-08-31 01:15:00,4,301.06577292556176,300.1044816182916
2017-08-31 01:30:00,4,301.01587372863446,300.0531424668339
2017-08-31 01:45:00,4,300.97055893947595,300.00751557191194
2017-08-31 02:00:00,4,300.9284512318952,299.9662576389952
2017-08-31 02:15:00,4,300.88837422353606,299.92791626286714
2017-08-31 02:30:00,4,300.8495015314232,299.8913962539407
2017-08-31 02:45:00,4,300.81123069784394,299.85594224147405
2017-08-31 03:00:00,4,300.7731270181144,299.8211114178486
2017-08-31 03:15:00,4,300.7349126540779,299.78648823925556
2017-08-31 03:30:00,4,300.6964010391387,299.7516915552918
2017-08-31 03:45:00,4,300.65739800838526,299.71641701448095
2017-08-31 04:00:00,4,300.6177368825551,299.68044106537485
2017-08-31 04:15:00,4,300.57732924931065,299.64363152015665
2017-08-31 04:30:00,4,300.53614386825257,299.60581491138254
2017-08-31 04:45:00,4,300.49413190910735,299.56695142695065
2017-08-31 05:00:00,4,300.4511894923378,299.52702694936806
2017-08-31 05:15:00,4,300.40720829911504,299.48596108707807
2017-08-31 05:30:00,4,300.36238565514316,299.44393492128694
2017-08-31 05:45:00,4,300.3181615132483,299.40218068558517
2017-08-31 06:00:00,4,300.27895439344053,299.3649011078585
2017-08-31 06:15:00,4,300.25409347354,299.33953301217394
2017-08-31 06:30:00,4,300.25159272447803,299.3329285582667
2017-08-31 06:45:00,4,300.2740719260456,299.347728097292
2017-08-31 07:00:00,4,300.3217299295032,299.38291344958935
2017-08-31 07:15:00,4,300.39601594373295,299.435176260648
2017-08-31 07:30:00,4,300.4978646776484,299.50608165526126
2017-08-31 07:45:00,4,300.62755112954903,299.6058555132606
2017-08-31 08:00:00,4,300.78303349740025,299.73598848661385
2017-08-31 08:15:00,4,300.95941418049296,299.8905953592222
2017-08-31 08:30:00,4,301.15158530116173,300.0630026301587
2017-08-31 08:45:00,4,301.35531179198955,300.2497112766672
2017-08-31 09:00:00,4,301.5655024706951,300.4517060666395
2017-08-31 09:15:00,4,301.77502131861166,300.65318661573707
2017-08-31 09:30:00,4,301.9780468590783,300.8398274042335
2017-08-31 09:45:00,4,302.17337044029,301.0129211509446
2017-08-31 10:00:00,4,302.3620536276368,301.1779325455102
2017-08-31 10:15:00,4,302.5443739313901,301.3387006857716
2017-08-31 10:30:00,4,302.71939713015496,301.4956226323587
2017-08-31 10:45:00,4,302.88437297448365,301.64599623424874
2017-08-31 11:00:00,4,303.0360396961358,301.7858888695411
2017-08-31 11:15:00,4,303.17186070571415,301.91205479716496
2017-08-31 11:30:00,4,303.29025738373883,302.0226001514611
2017-08-31 11:45:00,4,303.39025741341015,302.11655574720265
2017-08-31 12:00:00,4,303.4714138568643,302.19334061153074
2017-08-31 12:15:00,4,303.5340070854102,302.25366496085576
2017-08-31 12:30:00,4,303.580212410734,302.29978300467195
2017-08-31 12:45:00,4,303.61440840904396,302.3352471965427
2017-08-31 13:00:00,4,303.6406273641033,302.3635268219044
2017-08-31 13:15:00,4,303.6609913139016,302.38663479522813
2017-08-31 13:30:00,4,303.67639263809986,302.40525287817525
2017-08-31 13:45:00,4,303.6876657464154,302.4197956309812
2017-08-31 14:00:00,4,303.6955485254629,302.4308363117035
2017-08-31 14:15:00,4,303.70013444336126,302.43877086808686
2017-08-31 14:30:00,4,303.7010872331977,302.44368740253213
2017-08-31 14:45:00,4,303.6980643455876,302.44549747749096
2017-08-31 15:00:00,4,303.6905204973311,302.44376140246146
2017-08-31 15:15:00,4,303.6773169977646,302.4375718050419
2017-08-31 15:30:00,4,303.65749469492965,302.4259164101321
2017-08-31 15:45:00,4,303.6305288833425,302.4080466279964
2017-08-31 16:00:00,4,303.5960252153881,302.38347702538465
2017-08-31 16:15:00,4,303.55337520295245,302.3518486430897
2017-08-31 16:30:00,4,303.5019719823417,302.31260398840107
2017-08-31 16:45:00,4,303.4414479948828,302.2653004615849
2017-08-31 17:00:00,4,303.3716424329422,302.20964478495796
2017-08-31 17:15:00,4,303.29225857082173,302.14569214875416
2017-08-31 17:30:00,4,303.2035148704132,302.0738985020965
2017-08-31 17:45:00,4,303.10686521415676,301.9951354427577
2017-08-31 18:00:00,4,303.00404492307985,301.9113372195916
2017-08-31 18:15:00,4,302.8960670486176,301.8240537721613
2017-08-31 18:30:00,4,302.78309217169584,301.7342193336555
2017-08-31 18:45:00,4,302.6640648249571,301.64144512049063
2017-08-31 19:00:00,4,302.53795930268274,301.54447940103427
2017-08-31 19:15:00,4,302.4066559671195,301.44204062014217
2017-08-31 19:30:00,4,302.2738018512833,301.33013398407775
2017-08-31 19:45:00,4,302.14297778286306,301.2090550276969
2017-08-31 20:00:00,4,302.0167595614464,301.0839938602159
2017-08-31 20:15:00,4,301.8964403321439,300.9600589199577
2017-08-31 20:30:00,4,301.78236788523816,300.8395436982382
2017-08-31 20:45:00,4,301.67431795125634,300.7218234126513
2017-08-31 21:00:00,4,301.5717898531559,300.6114505354605
2017-08-31 21:15:00,4,301.47420188290624,300.5110636779625
2017-08-31 21:30:00,4,301.3810357253136,300.4187933171523
2017-08-31 21:45:00,4,301.2920086333,300.3318193421328
2017-08-31 22:00:00,4,301.2069752084106,300.2486956890697
2017-08-31 22:15:00,4,301.12575510898455,300.1692106369614
2017-08-31 22:30:00,4,301.0481257535458,300.09348645825963
2017-08-31 22:45:00,4,300.97391737110587,300.02152447232095
2017-08-31 23:00:00,4,300.9029816860215,299.95318503583536
2017-08-31 23:15:00,4,300.8351193349161,299.88825761128817
2017-08-31 23:30:00,4,300.770152342634,299.8265310200273
2017-08-31 23:45:00,4,300.7080971212068,299.76785343987046
2017-09-01 00:00:00,4,300.64898963905665,299.71207601222284
