time,zone,T_model,T_ep
2017-08-01 00:15:00,1,300.5403291575008,298.99835892826786
2017-08-01 00:30:00,1,300.47901051095613,298.92947968824234
2017-08-01 00:45:00,1,300.4198722307487,298.8637063608523
2017-08-01 01:00:00,1,300.3613878702769,298.79962980130796
2017-08-01 01:15:00,1,300.3025670921651,298.73587937462827
2017-08-01 01:30:00,1,300.24298999487223,298.6715928962256
2017-08-01 01:45:00,1,300.1828083510535,298.6065709301641
2017-08-01 02:00:00,1,300.1223604466457,298.54102996539297
2017-08-01 02:15:00,1,300.06191456582053,298.47526392398555
2017-08-01 02:30:00,1,300.00184359116207,298.409693679531
2017-08-01 02:45:00,1,299.9429888649176,298.3451969831565
2017-08-01 03:00:00,1,299.8862597067411,298.2830051234132
2017-08-01 03:15:00,1,299.8322528154618,298.22421449119116
2017-08-01 03:30:00,1,299.7811374964694,298.1692850432114
2017-08-01 03:45:00,1,299.73253004356366,298.1177992265056
2017-08-01 04:00:00,1,299.68584099733755,298.0687675247065
2017-08-01 04:15:00,1,299.6406269076211,298.02122486106975
2017-08-01 04:30:00,1,299.596674297944,297.97464971924836
2017-08-01 04:45:00,1,299.553925479618,297.92900383770046
2017-08-01 05:00:00,1,299.5123583957842,297.88449223176576
2017-08-01 05:15:00,1,299.47195505787835,297.8413353493437
2017-08-01 05:30:00,1,299.4333798461324,297.8003526620832
2017-08-01 05:45:00,1,299.3989754092966,297.7638155952024
2017-08-01 06:00:00,1,299.37084709722535,297.734328478767
2017-08-01 06:15:00,1,299.3503666555625,297.7140049681892
2017-08-01 06:30:00,1,299.3386792745054,297.70410920857813
2017-08-01 06:45:00,1,299.33762115621596,297.7058564775482
2017-08-01 07:00:00,1,299.3487878537738,297.7203298584556
2017-08-01 07:15:00,1,299.37228050315485,297.7475049623813
2017-08-01 07:30:00,1,299.40738420065514,297.78564708555143
2017-08-01 07:45:00,1,299.45348649075726,297.83299812582413
2017-08-01 08:00:00,1,299.5099218316005,297.88806580599874
2017-08-01 08:15:00,1,299.57645878188043,297.948766160971
2017-08-01 08:30:00,1,299.6536159676262,298.0128713564
2017-08-01 08:45:00,1,299.74249295666755,298.0871094083599
2017-08-01 09:00:00,1,299.8437456095722,298.17524268482657
2017-08-01 09:15:00,1,299.957003831762,298.2758585147061
2017-08-01 09:30:00,1,300.0807070413136,298.38614754915966
2017-08-01 09:45:00,1,300.2125076862446,298.5106129566209
2017-08-01 10:00:00,1,300.35006424889224,298.65076218311657
2017-08-01 10:15:00,1,300.49127674685786,298.8100281121578
2017-08-01 10:30:00,1,300.634580817085,298.9795926183897
2017-08-01 10:45:00,1,300.7793123760532,299.14965129087796
2017-08-01 11:00:00,1,300.92513771961063,299.31671053889255
2017-08-01 11:15:00,1,301.07144835158505,299.4813392871498
2017-08-01 11:30:00,1,301.21726104607285,299.644387335203
2017-08-01 11:45:00,1,301.36105506226596,299.805617077002
2017-08-01 12:00:00,1,301.501249904218,299.9634718069191
2017-08-01 12:15:00,1,301.63665953917433,300.11633894581274
2017-08-01 12:30:00,1,301.7681352825096,300.2642300339767
2017-08-01 12:45:00,1,301.90034163116246,300.4100336251434
2017-08-01 13:00:00,1,302.0377384727451,300.55840440785494
2017-08-01 13:15:00,1,302.182124680135,300.71311341337145
2017-08-01 13:30:00,1,302.33245644812484,300.87473945992446
2017-08-01 13:45:00,1,302.48409556965316,301.0399573488577
2017-08-01 14:00:00,1,302.63163026623715,301.20346997539167
2017-08-01 14:15:00,1,302.77094422283426,301.36059634576577
2017-08-01 14:30:00,1,302.89953078458797,301.5084094357521
2017-08-01 14:45:00,1,303.0163315545008,301.64550654267197
2017-08-01 15:00:00,1,303.1216416752968,301.7715243163942
2017-08-01 15:15:00,1,303.21560811738533,301.8865026392082
2017-08-01 15:30:00,1,303.2974693402576,301.99009385185616
2017-08-01 15:45:00,1,303.36691516611836,302.0817516012094
2017-08-01 16:00:00,1,303.4239209573076,302.160995785492
2017-08-01 16:15:00,1,303.46643370349244,302.2264262388555
2017-08-01 16:30:00,1,303.4929683907723,302.2761446995463
2017-08-01 16:45:00,1,303.50518665966905,302.3100884390055
2017-08-01 17:00:00,1,303.50537819616295,302.3300339691049
2017-08-01 17:15:00,1,303.4945739025297,302.33755377161674
2017-08-01 17:30:00,1,303.4729995738951,302.3331097915717
2017-08-01 17:45:00,1,303.4406425038467,302.31647595429524
2017-08-01 18:00:00,1,303.3965809765818,302.2864008708764
2017-08-01 18:15:00,1,303.3377267135188,302.23997307627616
2017-08-01 18:30:00,1,303.2612576917704,302.1738871307289
2017-08-01 18:45:00,1,303.16579990542834,302.08592802180414
2017-08-01 19:00:00,1,303.04751772288745,301.97160284300844
2017-08-01 19:15:00,1,302.8998374117905,301.82576218809015
2017-08-01 19:30:00,1,302.7303436996187,301.6526454082953
2017-08-01 19:45:00,1,302.5533639009486,301.4655444871762
2017-08-01 20:00:00,1,302.3790263911168,301.27808057822944
2017-08-01 20:15:00,1,302.21234171300097,301.09835633289237
2017-08-01 20:30:00,1,302.05510985222554,300.93040237115906
2017-08-01 20:45:00,1,301.9074103014414,300.7742893230883
2017-08-01 21:00:00,1,301.76855504053003,300.6276710258663
2017-08-01 21:15:00,1,301.6376269666193,300.48922637275876
2017-08-01 21:30:00,1,301.513878699957,300.35821784515133
2017-08-01 21:45:00,1,301.39710362525125,300.23088878499806
2017-08-01 22:00:00,1,301.2872112704402,300.10624117119437
2017-08-01 22:15:00,1,301.1838971536791,299.9852533451923
2017-08-01 22:30:00,1,301.0866935360833,299.8688980950586
2017-08-01 22:45:00,1,300.99508219729984,299.75725575220997
2017-08-01 23:00:00,1,300.90853414060376,299.64958562001226
2017-08-01 23:15:00,1,300.82653321573076,299.5447321779069
2017-08-01 23:30:00,1,300.7487342476697,299.4492626033938
2017-08-01 23:45:00,1,300.67518930348166,299.3636494247601
2017-08-02 00:00:00,1,300.60599086161426,299.2852435880654
2017-08-02 00:15:00,1,300.54103018430067,299.21193510338094
2017-08-02 00:30:00,1,300.48001338663835,299.1429687303856
2017-08-02 00:45:00,1,300.42249136641647,299.0781405632129
2017-08-02 01:00:00,1,300.36799590793333,299.01713285343845
2017-08-02 01:15:00,1,300.3161193089311,298.9594406265452
2017-08-02 01:30:00,1,300.2662741387362,298.9043651850082
2017-08-02 01:45:00,1,300.21728189725286,298.8508841351942
2017-08-02 02:00:00,1,300.1679759990716,298.79782377815184
2017-08-02 02:15:00,1,300.1176448825694,298.74423561063065
2017-08-02 02:30:00,1,300.06625763121764,298.6898396076355
2017-08-02 02:45:00,1,300.0148322409542,298.635308638418
2017-08-02 03:00:00,1,299.9645848438784,298.5818757608529
2017-08-02 03:15:00,1,299.91627570618243,298.53061350382796
2017-08-02 03:30:00,1,299.87010203385654,298.48192114821546
2017-08-02 03:45:00,1,299.8256023229445,298.4353407443998
2017-08-02 04:00:00,1,299.7820956250078,298.3898738232612
2017-08-02 04:15:00,1,299.7391013523498,298.3445601227517
2017-08-02 04:30:00,1,299.6963742354297,298.29884144811615
2017-08-02 04:45:00,1,299.6536583596926,298.25257465925984
2017-08-02 05:00:00,1,299.6107060123247,298.2058459488588
2017-08-02 05:15:00,1,299.56739133809606,298.15881767153945
2017-08-02 05:30:00,1,299.524615614865,298.1124987561818
2017-08-02 05:45:00,1,299.4856914942314,298.0697964977688
2017-08-02 06:00:00,1,299.4538799806048,298.03421779123687
2017-08-02 06:15:00,1,299.43154958406814,298.0089782091674
2017-08-02 06:30:00,1,299.4205711713596,297.9967904914112
2017-08-02 06:45:00,1,299.422892672238,297.9997075956909
2017-08-02 07:00:00,1,299.44009157443406,298.0192237447806
2017-08-02 07:15:00,1,299.47242349970804,298.05538368195835
2017-08-02 07:30:00,1,299.5194689880104,298.1056099141743
2017-08-02 07:45:00,1,299.5813795360295,298.167552150271
2017-08-02 08:00:00,1,299.6588442157219,298.2391086698061
2017-08-02 08:15:00,1,299.75231170776095,298.31540521468787
2017-08-02 08:30:00,1,299.8617201518752,298.40391605204877
2017-08-02 08:45:00,1,299.9855739583768,298.50797628018535
2017-08-02 09:00:00,1,300.12085425272886,298.6221667225584
2017-08-02 09:15:00,1,300.26380768267353,298.75038528682813
2017-08-02 09:30:00,1,300.41144486379426,298.8934362757263
2017-08-02 09:45:00,1,300.5627370931711,299.05251235781026
2017-08-02 10:00:00,1,300.71754541024325,299.2287241293003
2017-08-02 10:15:00,1,300.87532666482315,299.4112769175858
2017-08-02 10:30:00,1,301.03520856165875,299.5929774260385
2017-08-02 10:45:00,1,301.1964600390334,299.77272688196103
2017-08-02 11:00:00,1,301.3584562358965,299.95170615332756
2017-08-02 11:15:00,1,301.5203895164605,300.1302351687655
2017-08-02 11:30:00,1,301.68097823422244,300.3071298576848
2017-08-02 11:45:00,1,301.83791486586364,300.48022018331636
2017-08-02 12:00:00,1,301.9887935252249,300.64724554591425
2017-08-02 12:15:00,1,302.1319229499222,300.80657376551125
2017-08-02 12:30:00,1,302.2666316591888,300.95740041658865
2017-08-02 12:45:00,1,302.39267099179784,301.09937046663396
2017-08-02 13:00:00,1,302.5093906761407,301.23227298795507
2017-08-02 13:15:00,1,302.6158814556096,301.3559611343077
2017-08-02 13:30:00,1,302.71219515961576,301.4708759025451
2017-08-02 13:45:00,1,302.8006711721503,301.5787018567461
2017-08-02 14:00:00,1,302.88368404805806,301.6814903437956
2017-08-02 14:15:00,1,302.9609453257172,301.77974279503366
2017-08-02 14:30:00,1,303.0316973991464,301.87233670169906
2017-08-02 14:45:00,1,303.0973720498181,301.9589130409068
2017-08-02 15:00:00,1,303.1594033774612,302.0404161833302
2017-08-02 15:15:00,1,303.21746069134457,302.11733526251203
2017-08-02 15:30:00,1,303.2715388237804,302.18946001017315
2017-08-02 15:45:00,1,303.3212860628306,302.2564945702217
2017-08-02 16:00:00,1,303.36457648469275,302.31729549825445
2017-08-02 16:15:00,1,303.39906527787167,302.3696891418719
2017-08-02 16:30:00,1,303.4231850407199,302.41157056419036
2017-08-02 16:45:00,1,303.43633600475954,302.4418628123242
2017-08-02 17:00:00,1,303.4385840594437,302.46026881194376
2017-08-02 17:15:00,1,303.42852591500906,302.46584924501815
2017-08-02 17:30:00,1,303.4044969308494,302.45655019794054
2017-08-02 17:45:00,1,303.3653992100914,302.43037052517343
2017-08-02 18:00:00,1,303.3097606214059,302.38556589843654
2017-08-02 18:15:00,1,303.23513080684705,302.32015612466535
2017-08-02 18:30:00,1,303.1408503182277,302.23310899016275
2017-08-02 18:45:00,1,303.0280199329176,302.1249807117979
2017-08-02 19:00:00,1,302.89545828276107,301.9948434886722
2017-08-02 19:15:00,1,302.7401082349246,301.84011818586947
2017-08-02 19:30:00,1,302.56885469206014,301.66522676305067
2017-08-02 19:45:00,1,302.3932441181735,301.4809646727539
2017-08-02 20:00:00,1,302.2213272919135,301.2978245041099
2017-08-02 20:15:00,1,302.05695606944613,301.1222699126971
2017-08-02 20:30:00,1,301.9016466848074,300.9558990464076
2017-08-02 20:45:00,1,301.75626609876485,300.7999667277471
2017-08-02 21:00:00,1,301.62117052476884,300.65581527038216
2017-08-02 21:15:00,1,301.49609395151936,300.51871281399696
2017-08-02 21:30:00,1,301.38030556757644,300.386841044966
2017-08-02 21:45:00,1,301.2727256643392,300.26057809326664
2017-08-02 22:00:00,1,301.17221251603183,300.14027575421886
2017-08-02 22:15:00,1,301.0777731177021,300.025381563178
2017-08-02 22:30:00,1,300.9887388008384,299.9147884201498
2017-08-02 22:45:00,1,300.90497662159737,299.80688124883517
2017-08-02 23:00:00,1,300.8264658117587,299.7096314375453
2017-08-02 23:15:00,1,300.75300027860527,299.6234657604797
2017-08-02 23:30:00,1,300.68407663963677,299.54499647567974
2017-08-02 23:45:00,1,300.6187447564865,299.4712370960067
2017-08-03 00:00:00,1,300.55604700929075,299.40072760541625
2017-08-03 00:15:00,1,300.49530411633134,299.33289330271447
2017-08-03 00:30:00,1,300.43609147731513,299.2673791907916
2017-08-03 00:45:00,1,300.3781825787171,299.20385080327475
2017-08-03 01:00:00,1,300.3214371750931,299.14202760055235
2017-08-03 01:15:00,1,300.26573161955855,299.08170970068284
2017-08-03 01:30:00,1,300.21099467594405,299.0227512351567
2017-08-03 01:45:00,1,300.1572116769469,298.9649651301119
2017-08-03 02:00:00,1,300.1042790213269,298.9080067727957
2017-08-03 02:15:00,1,300.05208903077755,298.85143279351155
2017-08-03 02:30:00,1,300.00076305456344,298.79507371267323
2017-08-03 02:45:00,1,299.9508328119021,298.739448439921
2017-08-03 03:00:00,1,299.90293634651806,298.6856440106278
2017-08-03 03:15:00,1,299.85753502135697,298.6347693083378
2017-08-03 03:30:00,1,299.8147439200822,298.5873577575515
2017-08-03 03:45:00,1,299.77413066234146,298.54304055529343
2017-08-03 04:00:00,1,299.73507823279186,298.5008466476252
2017-08-03 04:15:00,1,299.6971575421835,298.4598445020185
2017-08-03 04:30:00,1,299.66019078268687,298.4195586832065
2017-08-03 04:45:00,1,299.6241467388777,298.37997573944125
2017-08-03 05:00:00,1,299.5890226760314,298.3414360033904
2017-08-03 05:15:00,1,299.554818793818,298.30411426083606
2017-08-03 05:30:00,1,299.5222203568711,298.2686700186539
2017-08-03 05:45:00,1,299.4935961280156,298.2370658163535
2017-08-03 06:00:00,1,299.47103926932715,298.21178647921863
2017-08-03 06:15:00,1,299.45604332607223,298.1951728977116
2017-08-03 06:30:00,1,299.45054733785753,298.1895720316635
2017-08-03 06:45:00,1,299.45763711364765,298.1976398832678
2017-08-03 07:00:00,1,299.4793753289028,298.22127803678603
2017-08-03 07:15:00,1,299.51538195133736,298.25977737941
2017-08-03 07:30:00,1,299.5639881487448,298.31019187029085
2017-08-03 07:45:00,1,299.62387249339866,298.3696867306253
2017-08-03 08:00:00,1,299.694746207558,298.4361136189885
2017-08-03 08:15:00,1,299.77737692142534,298.5042164303664
2017-08-03 08:30:00,1,299.8726404297036,298.58133056070415
2017-08-03 08:45:00,1,299.97916134350737,298.6714807714528
2017-08-03 09:00:00,1,300.09319566858437,298.77213999345423
2017-08-03 09:15:00,1,300.21055170343834,298.8781464988108
2017-08-03 09:30:00,1,300.3290732135508,298.99175861469166
2017-08-03 09:45:00,1,300.45111512348933,299.1160763878202
2017-08-03 10:00:00,1,300.5806032732083,299.25775642985064
2017-08-03 10:15:00,1,300.7200187595134,299.41634658349165
2017-08-03 10:30:00,1,300.86953439523194,299.5848438875413
2017-08-03 10:45:00,1,301.0261352214676,299.75750475555236
2017-08-03 11:00:00,1,301.1856699527963,299.9307729506687
2017-08-03 11:15:00,1,301.34458944800105,300.10294091061223
2017-08-03 11:30:00,1,301.4996632824681,300.2718429791539
2017-08-03 11:45:00,1,301.64673957964015,300.4342430950164
2017-08-03 12:00:00,1,301.78217332073433,300.5866608659127
2017-08-03 12:15:00,1,301.90401419767886,300.7266768285959
2017-08-03 12:30:00,1,302.0138650839822,300.8547762245718
2017-08-03 12:45:00,1,302.1189648366973,300.97567597849263
2017-08-03 13:00:00,1,302.2263999117017,301.0963773405073
2017-08-03 13:15:00,1,302.33955696698536,301.2225214021031
2017-08-03 13:30:00,1,302.4590290801915,301.35632056304405
2017-08-03 13:45:00,1,302.5839951951258,301.49702742682905
2017-08-03 14:00:00,1,302.7130834766161,301.6424876329328
2017-08-03 14:15:00,1,302.8445251822941,301.7902565346227
2017-08-03 14:30:00,1,302.976174855197,301.9378967131371
2017-08-03 14:45:00,1,303.10485211372605,302.08260570561004
2017-08-03 15:00:00,1,303.2266537068994,302.22103463814693
2017-08-03 15:15:00,1,303.3381386862371,302.3498803547065
2017-08-03 15:30:00,1,303.4368228951265,302.46651003538983
2017-08-03 15:45:00,1,303.52066764467435,302.56895753599395
2017-08-03 16:00:00,1,303.5881864307191,302.6557526710489
2017-08-03 16:15:00,1,303.63749996705457,302.7253608286814
2017-08-03 16:30:00,1,303.667666109741,302.77644850284236
2017-08-03 16:45:00,1,303.68035608594727,302.80932081668044
2017-08-03 17:00:00,1,303.6778954639519,302.82560758575175
2017-08-03 17:15:00,1,303.66124789686125,302.8264512705765
2017-08-03 17:30:00,1,303.6305173706399,302.8118898724136
2017-08-03 17:45:00,1,303.58543872426924,302.78131972812434
2017-08-03 18:00:00,1,303.52509015513533,302.73360029106175
2017-08-03 18:15:00,1,303.4478673033312,302.667110130817
2017-08-03 18:30:00,1,303.3534256253236,302.58083339096885
2017-08-03 18:45:00,1,303.24171570921305,302.4744049039234
2017-08-03 19:00:00,1,303.1104181523983,302.3459199125499
2017-08-03 19:15:00,1,302.958269745906,302.1943336298562
2017-08-03 19:30:00,1,302.7927760612916,302.0249668864848
2017-08-03 19:45:00,1,302.62403484921293,301.8478181666186
2017-08-03 20:00:00,1,302.45851028536157,301.6717018815337
2017-08-03 20:15:00,1,302.2990907706948,301.5018913238807
2017-08-03 20:30:00,1,302.14690823299327,301.3414174587566
2017-08-03 20:45:00,1,302.00290439924856,301.1928458673165
2017-08-03 21:00:00,1,301.8676521401678,301.0523079103519
2017-08-03 21:15:00,1,301.7410848901829,300.9187753904486
2017-08-03 21:30:00,1,301.6228287642017,300.79028331306745
2017-08-03 21:45:00,1,301.51266215935783,300.66586333447407
2017-08-03 22:00:00,1,301.41036320980993,300.5463708891444
2017-08-03 22:15:00,1,301.3154913675493,300.4329430941181
2017-08-03 22:30:00,1,301.2273320976603,300.3258695372452
2017-08-03 22:45:00,1,301.1448315395866,300.2243928097883
2017-08-03 23:00:00,1,301.0669043520007,300.1270851281026
2017-08-03 23:15:00,1,300.9926806035237,300.0318294314171
2017-08-03 23:30:00,1,300.9216223230811,299.9433995188872
2017-08-03 23:45:00,1,300.85362096452104,299.86281793645884
2017-08-04 00:00:00,1,300.78861747157634,299.78806936672913
2017-08-04 00:15:00,1,300.72639484282195,299.7169982355652
2017-08-04 00:30:00,1,300.66667966890384,299.64850780168064
2017-08-04 00:45:00,1,300.60931006075896,299.582302287093
2017-08-04 01:00:00,1,300.55420649769115,299.5183258508426
2017-08-04 01:15:00,1,300.5013188678959,299.4565017521988
2017-08-04 01:30:00,1,300.45066636728626,299.3968205718035
2017-08-04 01:45:00,1,300.4023400310281,299.3394537994925
2017-08-04 02:00:00,1,300.3563874706419,299.2846726340085
2017-08-04 02:15:00,1,300.3127649755524,299.2326771905524
2017-08-04 02:30:00,1,300.2713529281451,299.1834915366463
2017-08-04 02:45:00,1,300.23197257878223,299.1369833679407
2017-08-04 03:00:00,1,300.1944254035136,299.09294060506863
2017-08-04 03:15:00,1,300.1585236987075,299.0511379752261
2017-08-04 03:30:00,1,300.12410058220314,299.01137142410283
2017-08-04 03:45:00,1,300.09101541460336,298.97360470979527
2017-08-04 04:00:00,1,300.05915008886336,298.93767753198875
2017-08-04 04:15:00,1,300.0284027821269,298.9033822186713
2017-08-04 04:30:00,1,299.99873536776016,298.87056443897103
2017-08-04 04:45:00,1,299.97028881455526,298.8393891059432
2017-08-04 05:00:00,1,299.9432901929976,298.8102479820939
2017-08-04 05:15:00,1,299.9179194447068,298.78351982396833
2017-08-04 05:30:00,1,299.89434157884523,298.75941687914906
2017-08-04 05:45:00,1,299.8727235650911,298.73784899161444
2017-08-04 06:00:00,1,299.8533043595498,298.71871183604895
2017-08-04 06:15:00,1,299.8375016304519,298.7027339834573
2017-08-04 06:30:00,1,299.8274129701617,298.6917363305917
2017-08-04 06:45:00,1,299.82502591266797,298.6880596947543
2017-08-04 07:00:00,1,299.8322314950507,298.69425561524906
2017-08-04 07:15:00,1,299.8518593272371,298.71311913365446
2017-08-04 07:30:00,1,299.8869698357667,298.7477888599615
2017-08-04 07:45:00,1,299.9402718511056,298.8004319865835
2017-08-04 08:00:00,1,300.0130657952414,298.8707188732235
2017-08-04 08:15:00,1,300.1044689668318,298.95498232461654
2017-08-04 08:30:00,1,300.21287316553395,299.03980340093415
2017-08-04 08:45:00,1,300.33647772916277,299.1360823049857
2017-08-04 09:00:00,1,300.4728227200795,299.255220493877
2017-08-04 09:15:00,1,300.6173063778119,299.39682516413814
2017-08-04 09:30:00,1,300.7644999206035,299.55559064175674
2017-08-04 09:45:00,1,300.9100007403181,299.7264796326873
2017-08-04 10:00:00,1,301.0509051453759,299.89501549326275
2017-08-04 10:15:00,1,301.1859835922022,300.0538711435776
2017-08-04 10:30:00,1,301.31493625709396,300.20335836809954
2017-08-04 10:45:00,1,301.43769703226656,300.3458989129408
2017-08-04 11:00:00,1,301.5538302376009,300.482332407359
2017-08-04 11:15:00,1,301.6620539061896,300.61156226145664
2017-08-04 11:30:00,1,301.7614851335156,300.7320878137314
2017-08-04 11:45:00,1,301.851762233268,300.8431036696195
2017-08-04 12:00:00,1,301.9332994172489,300.94477727141634
2017-08-04 12:15:00,1,302.00790918672794,301.0383594381355
2017-08-04 12:30:00,1,302.0775239600384,301.1256043893587
2017-08-04 12:45:00,1,302.1432606012855,301.2079737579289
2017-08-04 13:00:00,1,302.20702080247906,301.28729406369024
2017-08-04 13:15:00,1,302.2730960862,301.36694387727556
2017-08-04 13:30:00,1,302.3462462544995,301.45170636723316
2017-08-04 13:45:00,1,302.4310662653826,301.5466284019735
2017-08-04 14:00:00,1,302.5289422871115,301.65429145982904
2017-08-04 14:15:00,1,302.63572193716954,301.7724972633081
2017-08-04 14:30:00,1,302.7452909273962,301.89535673751243
2017-08-04 14:45:00,1,302.8519053980287,302.0162856010843
2017-08-04 15:00:00,1,302.9512795081456,302.130238464501
2017-08-04 15:15:00,1,303.04058839371567,302.2341892956884
2017-08-04 15:30:00,1,303.1185175483736,302.32685551622916
2017-08-04 15:45:00,1,303.18505752431577,302.4081406606597
2017-08-04 16:00:00,1,303.2403339664723,302.4781524593694
2017-08-04 16:15:00,1,303.2837093283046,302.53642076177306
2017-08-04 16:30:00,1,303.31444778091964,302.5819688667859
2017-08-04 16:45:00,1,303.3323931789544,302.614408651133
2017-08-04 17:00:00,1,303.337986446206,302.63391324135813
2017-08-04 17:15:00,1,303.3310859153903,302.64022468656543
2017-08-04 17:30:00,1,303.31109845788393,302.6324656251031
2017-08-04 17:45:00,1,303.27755630648653,302.6098827649726
2017-08-04 18:00:00,1,303.23044011186755,302.57200976676353
2017-08-04 18:15:00,1,303.1685371841462,302.51785185752334
2017-08-04 18:30:00,1,303.09060746302333,302.44605878773893
2017-08-04 18:45:00,1,302.9956390826221,302.3551405247454
2017-08-04 19:00:00,1,302.8814142760619,302.2425423773682
2017-08-04 19:15:00,1,302.74728484179155,302.1074278973576
2017-08-04 19:30:00,1,302.60083512424507,301.9554256133077
2017-08-04 19:45:00,1,302.4516011764209,301.79649870279195
2017-08-04 20:00:00,1,302.30544003300133,301.63936815388587
2017-08-04 20:15:00,1,302.1648566756872,301.48910001604884
2017-08-04 20:30:00,1,302.0307559924856,301.3464574252247
2017-08-04 20:45:00,1,301.9038256668239,301.21045407360185
2017-08-04 21:00:00,1,301.7844747932663,301.0806147389609
2017-08-04 21:15:00,1,301.67263658008926,300.95789396219317
2017-08-04 21:30:00,1,301.5678458314427,300.84084491953564
2017-08-04 21:45:00,1,301.4693189305971,300.7277889690842
2017-08-04 22:00:00,1,301.3762222217136,300.61824416838664
2017-08-04 22:15:00,1,301.28782900038254,300.5122674691578
2017-08-04 22:30:00,1,301.20378017607226,300.4098904991245
2017-08-04 22:45:00,1,301.12447393556056,300.3111475983056
2017-08-04 23:00:00,1,301.05038604113776,300.21572867731027
2017-08-04 23:15:00,1,300.9816038877575,300.1284874439987
2017-08-04 23:30:00,1,300.91774280570917,300.0512875805613
2017-08-04 23:45:00,1,300.85782820332594,299.9819802199119
2017-08-05 00:00:00,1,300.800819297931,299.91752767689877
2017-08-05 00:15:00,1,300.74596655187844,299.8559895213268
2017-08-05 00:30:00,1,300.692897151928,299.7966949584919
2017-08-05 00:45:00,1,300.6416827574914,299.7396519873003
2017-08-05 01:00:00,1,300.5924565449146,299.684980232318
2017-08-05 01:15:00,1,300.5451928469639,299.6326422529102
2017-08-05 01:30:00,1,300.4996901498935,299.58236723380844
2017-08-05 01:45:00,1,300.45552958479936,299.53364312366494
2017-08-05 02:00:00,1,300.4122528291021,299.4858080921875
2017-08-05 02:15:00,1,300.3695425021041,299.43823170744696
2017-08-05 02:30:00,1,300.32729176466034,299.39059411745086
2017-08-05 02:45:00,1,300.2856001144811,299.34317094596247
2017-08-05 03:00:00,1,300.2447066446403,299.2967477626073
2017-08-05 03:15:00,1,300.2048545648647,299.25217817237274
2017-08-05 03:30:00,1,300.1662130451666,299.2099680442536
2017-08-05 03:45:00,1,300.12886011055133,299.1702449681985
2017-08-05 04:00:00,1,300.09277518945356,299.1326102022181
2017-08-05 04:15:00,1,300.05785266107966,299.0964912085742
2017-08-05 04:30:00,1,300.0238839964876,299.0614021763871
2017-08-05 04:45:00,1,299.99058445961344,299.0268757228769
2017-08-05 05:00:00,1,299.9576931835293,298.9924404178629
2017-08-05 05:15:00,1,299.9250815061573,298.957774772494
2017-08-05 05:30:00,1,299.89351087703,298.92347675360503
2017-08-05 05:45:00,1,299.86563220354464,298.8917657364142
2017-08-05 06:00:00,1,299.84385938308094,298.86565614429884
2017-08-05 06:15:00,1,299.82999895860087,298.8478669068566
2017-08-05 06:30:00,1,299.82588888513317,298.84085031784906
2017-08-05 06:45:00,1,299.8337907074868,298.8472603181892
2017-08-05 07:00:00,1,299.8557792198974,298.8694787738373
2017-08-05 07:15:00,1,299.89216931667085,298.9071818987815
2017-08-05 07:30:00,1,299.9422355522974,298.95821808642427
2017-08-05 07:45:00,1,300.0052992139927,299.0196911632708
2017-08-05 08:00:00,1,300.0806838930706,299.0875184624738
2017-08-05 08:15:00,1,300.1677865504829,299.15826069641633
2017-08-05 08:30:00,1,300.2663963378329,299.2380822729925
2017-08-05 08:45:00,1,300.376561383417,299.3291520641584
2017-08-05 09:00:00,1,300.49746733944636,299.4337108084863
2017-08-05 09:15:00,1,300.62734943887824,299.5545777730283
2017-08-05 09:30:00,1,300.7642636013317,299.6942127082468
2017-08-05 09:45:00,1,300.90654618782304,299.85474982077665
2017-08-05 10:00:00,1,301.05271096350555,300.02418251997904
2017-08-05 10:15:00,1,301.20112588539087,300.19341963833386
2017-08-05 10:30:00,1,301.3500412422482,300.359865983339
2017-08-05 10:45:00,1,301.4975969651595,300.5237517117875
2017-08-05 11:00:00,1,301.6421326725943,300.68485370828955
2017-08-05 11:15:00,1,301.78219219620325,300.84191170645937
2017-08-05 11:30:00,1,301.91652275452475,300.99335678864486
2017-08-05 11:45:00,1,302.0439785100472,301.13792051226363
2017-08-05 12:00:00,1,302.16376602359617,301.2748080247835
2017-08-05 12:15:00,1,302.27550054011834,301.4036704050464
2017-08-05 12:30:00,1,302.3802023493521,301.5252103449577
2017-08-05 12:45:00,1,302.48156322766863,301.6418577865844
2017-08-05 13:00:00,1,302.5829056663051,301.75689593207454
2017-08-05 13:15:00,1,302.68544451250085,301.8727802268375
2017-08-05 13:30:00,1,302.7890405685743,301.99034895140886
2017-08-05 13:45:00,1,302.8930961021894,302.10923587818405
2017-08-05 14:00:00,1,302.9965984705862,302.22841809489813
2017-08-05 14:15:00,1,303.0972592469425,302.3460361834987
2017-08-05 14:30:00,1,303.1934096193449,302.45960609268974
2017-08-05 14:45:00,1,303.2833737625903,302.56679544949174
2017-08-05 15:00:00,1,303.36423323474344,302.6653369616105
2017-08-05 15:15:00,1,303.4337985178445,302.7531876785323
2017-08-05 15:30:00,1,303.4917466752589,302.8295876801063
2017-08-05 15:45:00,1,303.5381176186012,302.8947999183644
2017-08-05 16:00:00,1,303.5736267321696,302.9489842747107
2017-08-05 16:15:00,1,303.6000826280375,302.99245843108986
2017-08-05 16:30:00,1,303.6179895514841,303.0259146111358
2017-08-05 16:45:00,1,303.626576804358,303.049443293208
2017-08-05 17:00:00,1,303.62655246220623,303.06308926142117
2017-08-05 17:15:00,1,303.61801139326093,303.066949322627
2017-08-05 17:30:00,1,303.599228087468,303.0601842327429
2017-08-05 17:45:00,1,303.56898001051127,303.04127551614465
2017-08-05 18:00:00,1,303.526076093992,303.00824235898307
2017-08-05 18:15:00,1,303.4678458300567,302.9583071930615
2017-08-05 18:30:00,1,303.3919100629676,302.8886657212039
2017-08-05 18:45:00,1,303.2966041478936,302.79726086546304
2017-08-05 19:00:00,1,303.17886761183684,302.6806750015741
2017-08-05 19:15:00,1,303.03513304194234,302.53614359225077
2017-08-05 19:30:00,1,302.8732346171555,302.3686886325044
2017-08-05 19:45:00,1,302.70622857799077,302.1906209794154
2017-08-05 20:00:00,1,302.5432783596234,302.014003256375
2017-08-05 20:15:00,1,302.3887826111975,301.8460217045315
2017-08-05 20:30:00,1,302.2441498306941,301.6884853658681
2017-08-05 20:45:00,1,302.10917742597314,301.5413563937104
2017-08-05 21:00:00,1,301.98305144460534,301.4038126774505
2017-08-05 21:15:00,1,301.86483609890814,301.27594855087165
2017-08-05 21:30:00,1,301.7536885338615,301.15392312862605
2017-08-05 21:45:00,1,301.64897114887054,301.03524224360774
2017-08-05 22:00:00,1,301.550051890906,300.9195698621903
2017-08-05 22:15:00,1,301.4562456168549,300.80723550569616
2017-08-05 22:30:00,1,301.36710203910667,300.69832574925823
2017-08-05 22:45:00,1,301.2828556636932,300.5927818387235
2017-08-05 23:00:00,1,301.20389905394785,300.4902119268454
2017-08-05 23:15:00,1,301.1303224124135,300.3958465597847
2017-08-05 23:30:00,1,301.06179396314906,300.31193063042826
2017-08-05 23:45:00,1,300.99744562016014,300.236360397596
2017-08-06 00:00:00,1,300.9363278967445,300.1660512573924
2017-08-06 00:15:00,1,300.87773024170417,300.0990877657
2017-08-06 00:30:00,1,300.8212810324488,300.0348455803698
2017-08-06 00:45:00,1,300.7670507306736,299.9733580585292
2017-08-06 01:00:00,1,300.71519697868297,299.91475873346633
2017-08-06 01:15:00,1,300.66572740852547,299.85902662012955
2017-08-06 01:30:00,1,300.618340353366,299.8058193303645
2017-08-06 01:45:00,1,300.5722028452271,299.7543365885163
2017-08-06 02:00:00,1,300.5264077937037,299.7035046732146
2017-08-06 02:15:00,1,300.4803227823424,299.6523328332539
2017-08-06 02:30:00,1,300.4338546191561,299.6004107457019
2017-08-06 02:45:00,1,300.3877243936524,299.5483300690466
2017-08-06 03:00:00,1,300.34286937701347,299.497395003498
2017-08-06 03:15:00,1,300.2999353326367,299.44887342077845
2017-08-06 03:30:00,1,300.2589820657064,299.40324499697516
2017-08-06 03:45:00,1,300.21909991406653,299.3597758944383
2017-08-06 04:00:00,1,300.1791277257785,299.31694013371913
2017-08-06 04:15:00,1,300.13829291796105,299.27328707699934
2017-08-06 04:30:00,1,300.0964635078526,299.22819684631236
2017-08-06 04:45:00,1,300.05434504041284,299.18216417533347
2017-08-06 05:00:00,1,300.01282484971165,299.13631744093175
2017-08-06 05:15:00,1,299.9725170524985,299.0917123103709
2017-08-06 05:30:00,1,299.93463514517055,299.04977895017635
2017-08-06 05:45:00,1,299.9024067864771,299.01338045500256
2017-08-06 06:00:00,1,299.87873534894067,298.9857151530202
2017-08-06 06:15:00,1,299.86550336189623,298.9695503602038
2017-08-06 06:30:00,1,299.8643974129738,298.96670024918103
2017-08-06 06:45:00,1,299.877046246577,298.9787039537919
2017-08-06 07:00:00,1,299.9047263451306,299.0071543383167
2017-08-06 07:15:00,1,299.9476818985121,299.05126481817894
2017-08-06 07:30:00,1,300.00538955302176,299.1092717469385
2017-08-06 07:45:00,1,300.0768614550247,299.17859515994945
2017-08-06 08:00:00,1,300.16109620109444,299.2552698417791
2017-08-06 08:15:00,1,300.25766956428004,299.3345220132143
2017-08-06 08:30:00,1,300.36615745951076,299.4226897678153
2017-08-06 08:45:00,1,300.48613812514793,299.5217900217438
2017-08-06 09:00:00,1,300.6170251432205,299.6349309035233
2017-08-06 09:15:00,1,300.75764157382037,299.7656938218738
2017-08-06 09:30:00,1,300.9065079770074,299.9165572748385
2017-08-06 09:45:00,1,301.06207629732467,300.09046819607994
2017-08-06 10:00:00,1,301.22250519330385,300.2743047413184
2017-08-06 10:15:00,1,301.3857380909106,300.45801394583276
2017-08-06 10:30:00,1,301.5501829210155,300.63903794492103
2017-08-06 10:45:00,1,301.7153615989053,300.8186986241894
2017-08-06 11:00:00,1,301.88121626160125,300.99826692397494
2017-08-06 11:15:00,1,302.0473085851236,301.17757317675864
2017-08-06 11:30:00,1,302.21252433312276,301.3553140159643
2017-08-06 11:45:00,1,302.3746270755925,301.5295451301443
2017-08-06 12:00:00,1,302.5311896949342,301.6982509773866
2017-08-06 12:15:00,1,302.6804366460124,301.8599009774797
2017-08-06 12:30:00,1,302.8218389104588,302.0139062826521
2017-08-06 12:45:00,1,302.95591126910244,302.160565725302
2017-08-06 13:00:00,1,303.0827258233489,302.30047606230477
2017-08-06 13:15:00,1,303.2015882455197,302.43393539233784
2017-08-06 13:30:00,1,303.3119522956937,302.5609343888725
2017-08-06 13:45:00,1,303.4142557585303,302.6815954200908
2017-08-06 14:00:00,1,303.5090802164604,302.7960638667628
2017-08-06 14:15:00,1,303.59639802505956,302.9040532975678
2017-08-06 14:30:00,1,303.67587797589033,303.00482904325366
2017-08-06 14:45:00,1,303.7472861800399,303.0975492946095
2017-08-06 15:00:00,1,303.81032828798527,303.18142045061734
2017-08-06 15:15:00,1,303.86432694969807,303.2556167117157
2017-08-06 15:30:00,1,303.90916313644806,303.31988910495767
2017-08-06 15:45:00,1,303.9465547271671,303.3754728058835
2017-08-06 16:00:00,1,303.97827709977076,303.4241418902087
2017-08-06 16:15:00,1,304.00415616713065,303.46637327667446
2017-08-06 16:30:00,1,304.02300332550146,303.5011361333868
2017-08-06 16:45:00,1,304.0337205611356,303.52711783301476
2017-08-06 17:00:00,1,304.03593379497846,303.54355018374935
2017-08-06 17:15:00,1,304.02906034718734,303.54980706499134
2017-08-06 17:30:00,1,304.01232514853154,303.54506505950155
2017-08-06 17:45:00,1,303.98510654662977,303.52852140160286
2017-08-06 18:00:00,1,303.94619314523356,303.4987387696885
2017-08-06 18:15:00,1,303.8924189409741,303.45279255572973
2017-08-06 18:30:00,1,303.8208085960143,303.387259949787
2017-08-06 18:45:00,1,303.72914758246975,303.2993194225284
2017-08-06 19:00:00,1,303.6137403473457,303.18465573145124
2017-08-06 19:15:00,1,303.47070658543527,303.04000231775456
2017-08-06 19:30:00,1,303.30874140849915,302.8712111027225
2017-08-06 19:45:00,1,303.1416809238194,302.69166557047384
2017-08-06 20:00:00,1,302.978910747492,302.5140120164253
2017-08-06 20:15:00,1,302.82487025010306,302.3452927492078
2017-08-06 20:30:00,1,302.68086007838326,302.1883307850514
2017-08-06 20:45:00,1,302.54626049409467,302.0437176835082
2017-08-06 21:00:00,1,302.41979444719277,301.9089070509373
2017-08-06 21:15:00,1,302.3002447152317,301.7812536003506
2017-08-06 21:30:00,1,302.1865945628859,301.6591546291897
2017-08-06 21:45:00,1,302.078012700969,301.5416143152609
2017-08-06 22:00:00,1,301.973796763943,301.4256185342226
2017-08-06 22:15:00,1,301.87334209741147,301.30992183514616
2017-08-06 22:30:00,1,301.7763184940328,301.1948185484033
2017-08-06 22:45:00,1,301.68299094020676,301.08116830098504
2017-08-06 23:00:00,1,301.59374023037446,300.9696784710195
2017-08-06 23:15:00,1,301.5086802081541,300.86035880056806
2017-08-06 23:30:00,1,301.42775559629723,300.75602810356395
2017-08-06 23:45:00,1,301.35095199317675,300.66082861971853
2017-08-07 00:00:00,1,301.2781929642403,300.5741353987725
2017-08-07 00:15:00,1,301.2092921946838,300.4932541766653
2017-08-07 00:30:00,1,301.14401404092763,300.416370914337
2017-08-07 00:45:00,1,301.0821503080524,300.3432335945202
2017-08-07 01:00:00,1,301.02360498367034,300.27440851174657
2017-08-07 01:15:00,1,300.9683217169188,300.210411874437
2017-08-07 01:30:00,1,300.91623246979134,300.1513281153392
2017-08-07 01:45:00,1,300.8672984616619,300.09686590483443
2017-08-07 02:00:00,1,300.82140563017555,300.0465478621613
2017-08-07 02:15:00,1,300.77833836756844,299.99986540905905
2017-08-07 02:30:00,1,300.7376632680034,299.95621835659216
2017-08-07 02:45:00,1,300.6984778340726,299.91473743473733
2017-08-07 03:00:00,1,300.6598601007194,299.8744045118591
2017-08-07 03:15:00,1,300.621206456517,299.8343653652386
2017-08-07 03:30:00,1,300.5822441604491,299.7941118335862
2017-08-07 03:45:00,1,300.54296996238025,299.7533697143744
2017-08-07 04:00:00,1,300.50341247513404,299.71190750246217
2017-08-07 04:15:00,1,300.46360626655746,299.6695042718323
2017-08-07 04:30:00,1,300.42379538613363,299.62618523062395
2017-08-07 04:45:00,1,300.38451639398824,299.5824744757433
2017-08-07 05:00:00,1,300.3462836884483,299.5392288050427
2017-08-07 05:15:00,1,300.309429523456,299.49726157258294
2017-08-07 05:30:00,1,300.2749306600483,299.45794308972677
2017-08-07 05:45:00,1,300.24568894173416,299.4236820894419
2017-08-07 06:00:00,1,300.2243601644823,299.39722630923393
2017-08-07 06:15:00,1,300.21283011233044,299.3811526481498
2017-08-07 06:30:00,1,300.2129116737732,299.37770001500894
2017-08-07 06:45:00,1,300.2260597119374,299.3888270216684
2017-08-07 07:00:00,1,300.2531431786198,299.4159591007375
2017-08-07 07:15:00,1,300.29403070479776,299.4580904263865
2017-08-07 07:30:00,1,300.3481242741835,299.5130576067394
2017-08-07 07:45:00,1,300.41511803812705,299.5783835699356
2017-08-07 08:00:00,1,300.4949797796013,299.6505851595493
2017-08-07 08:15:00,1,300.58821223854983,299.72634991691194
2017-08-07 08:30:00,1,300.69567241141533,299.8127408113658
2017-08-07 08:45:00,1,300.81665052383875,299.9108030494328
2017-08-07 09:00:00,1,300.9486425853292,300.0242683563484
2017-08-07 09:15:00,1,301.0881676715123,300.1558042568138
2017-08-07 09:30:00,1,301.23222167648413,300.30557079853855
2017-08-07 09:45:00,1,301.3798571600051,300.4734944302166
2017-08-07 10:00:00,1,301.5311421313543,300.6480149077919
2017-08-07 10:15:00,1,301.6855838470359,300.82207744859477
2017-08-07 10:30:00,1,301.8421892432995,300.994877050454
2017-08-07 10:45:00,1,301.99976400715326,301.1675511248051
2017-08-07 11:00:00,1,302.15707376642314,301.34018601030357
2017-08-07 11:15:00,1,302.3127766605461,301.51157918642144
2017-08-07 11:30:00,1,302.46501580691904,301.6797092737138
2017-08-07 11:45:00,1,302.61070883282537,301.84182245250804
2017-08-07 12:00:00,1,302.74701789404224,301.9950681771506
2017-08-07 12:15:00,1,302.8723291268855,302.1374801562866
2017-08-07 12:30:00,1,302.98720386033415,302.26906445387266
2017-08-07 12:45:00,1,303.09517861906926,302.3922316928222
2017-08-07 13:00:00,1,303.19942398298673,302.51037104623936
2017-08-07 13:15:00,1,303.30062781784557,302.6257334275364
2017-08-07 13:30:00,1,303.3992271364289,302.73928806653527
2017-08-07 13:45:00,1,303.49701283773254,302.8521792815132
2017-08-07 14:00:00,1,303.59476911519755,302.965521344168
2017-08-07 14:15:00,1,303.6919949704473,303.07929138401056
2017-08-07 14:30:00,1,303.7876955111388,303.19228524621303
2017-08-07 14:45:00,1,303.88100339655335,303.3029608121622
2017-08-07 15:00:00,1,303.9709938884212,303.4099023037614
2017-08-07 15:15:00,1,304.05579321654847,303.51145845079964
2017-08-07 15:30:00,1,304.13370668828526,303.6055223644577
2017-08-07 15:45:00,1,304.2025298789542,303.6899236943848
2017-08-07 16:00:00,1,304.2595022556842,303.76254466244757
2017-08-07 16:15:00,1,304.30211728473455,303.82122984775674
2017-08-07 16:30:00,1,304.3292741395642,303.864626173727
2017-08-07 16:45:00,1,304.34212734452393,303.89318493169355
2017-08-07 17:00:00,1,304.3427341103951,303.9084990058159
2017-08-07 17:15:00,1,304.3320348188116,303.91160965263373
2017-08-07 17:30:00,1,304.3101530804603,303.90254674544525
2017-08-07 17:45:00,1,304.277239843113,303.8810440399939
2017-08-07 18:00:00,1,304.23262190583443,303.84610259357515
2017-08-07 18:15:00,1,304.17334513748926,303.79506057276296
2017-08-07 18:30:00,1,304.096366618954,303.7245110931969
2017-08-07 18:45:00,1,303.9992584166147,303.6314764639594
2017-08-07 19:00:00,1,303.8784346685733,303.51167537035667
2017-08-07 19:15:00,1,303.7304953737244,303.362175893003
2017-08-07 19:30:00,1,303.56400960218696,303.1889201418706
2017-08-07 19:45:00,1,303.39209977710163,303.00487121051435
2017-08-07 20:00:00,1,303.22358357935565,302.822102226693
2017-08-07 20:15:00,1,303.0626347399765,302.6472747116086
2017-08-07 20:30:00,1,302.9106601291246,302.4842205692836
2017-08-07 20:45:00,1,302.7676994650784,302.3322421796251
2017-08-07 21:00:00,1,302.6331825908374,302.18877944952754
2017-08-07 21:15:00,1,302.50631747237657,302.05272321620964
2017-08-07 21:30:00,1,302.38644659187986,301.92364683718574
2017-08-07 21:45:00,1,302.2734087149433,301.79834759175
2017-08-07 22:00:00,1,302.16712854310583,301.67599544592997
2017-08-07 22:15:00,1,302.06730745068154,301.55747940146017
2017-08-07 22:30:00,1,301.97347579936246,301.44364063429106
2017-08-07 22:45:00,1,301.8850987589289,301.33449797083614
2017-08-07 23:00:00,1,301.80163680812825,301.22932628855915
2017-08-07 23:15:00,1,301.72257404538465,301.12650086636535
2017-08-07 23:30:00,1,301.6474814853436,301.0330005158336
2017-08-07 23:45:00,1,301.57611248438894,300.9490558565796
2017-08-08 00:00:00,1,301.50827651785414,300.8716980310234
2017-08-08 00:15:00,1,301.44372344255487,300.79863909982447
2017-08-08 00:30:00,1,301.3820620953791,300.7290256833562
2017-08-08 00:45:00,1,301.32261892556687,300.66245079223734
2017-08-08 01:00:00,1,301.26465425009616,300.5982502104743
2017-08-08 01:15:00,1,301.2075815653067,300.5355673587313
2017-08-08 01:30:00,1,301.1512435094103,300.4738484676513
2017-08-08 01:45:00,1,301.0962309983796,300.4131962914576
2017-08-08 02:00:00,1,301.0431297856379,300.3540383217277
2017-08-08 02:15:00,1,300.9921835725159,300.2966011328297
2017-08-08 02:30:00,1,300.9434305274646,300.2408666943584
2017-08-08 02:45:00,1,300.8966371049696,300.18689285076755
2017-08-08 03:00:00,1,300.85157141870656,300.13500328466864
2017-08-08 03:15:00,1,300.8081265245004,300.08563229950914
2017-08-08 03:30:00,1,300.7661924892812,300.03894334601404
2017-08-08 03:45:00,1,300.7254634492497,299.9944957164306
2017-08-08 04:00:00,1,300.68551532316434,299.9513502995305
2017-08-08 04:15:00,1,300.64604145012225,299.9085542117344
2017-08-08 04:30:00,1,300.60702310661327,299.86563785121166
2017-08-08 04:45:00,1,300.5687334834001,299.8228117465514
2017-08-08 05:00:00,1,300.5314815765029,299.7807016791104
2017-08-08 05:15:00,1,300.49545841375516,299.73992560803686
2017-08-08 05:30:00,1,300.46149088220665,299.7016988732201
2017-08-08 05:45:00,1,300.4322290752149,299.66833491741903
2017-08-08 06:00:00,1,300.4100787923886,299.64253535993157
2017-08-08 06:15:00,1,300.3965918077205,299.6265999803916
2017-08-08 06:30:00,1,300.39313060867784,299.62210690483965
2017-08-08 06:45:00,1,300.40107354822004,299.6302396777725
2017-08-08 07:00:00,1,300.421741595535,299.6521698399937
2017-08-08 07:15:00,1,300.4557510133986,299.6875807784931
2017-08-08 07:30:00,1,300.5031987495686,299.73557570865376
2017-08-08 07:45:00,1,300.5642932193251,299.7948542924208
2017-08-08 08:00:00,1,300.6395471948129,299.86317346447447
2017-08-08 08:15:00,1,300.7292915762125,299.935658487919
2017-08-08 08:30:00,1,300.83362457217214,300.01911295201006
2017-08-08 08:45:00,1,300.95183250304245,300.11687383644863
2017-08-08 09:00:00,1,301.0821057119936,300.22634285213786
2017-08-08 09:15:00,1,301.2218130715153,300.3511850417942
2017-08-08 09:30:00,1,301.3685171558226,300.492361645662
2017-08-08 09:45:00,1,301.520750638084,300.6571729394124
2017-08-08 10:00:00,1,301.67759210797254,300.8337498644348
2017-08-08 10:15:00,1,301.83793181887296,301.0123169197288
2017-08-08 10:30:00,1,302.0001793601397,301.18936510755447
2017-08-08 10:45:00,1,302.16187014981296,301.36442255106533
2017-08-08 11:00:00,1,302.32030046984255,301.53671997555983
2017-08-08 11:15:00,1,302.4731051020299,301.70452031919586
2017-08-08 11:30:00,1,302.6185157256684,301.86587109255487
2017-08-08 11:45:00,1,302.75517609763926,302.01924480170146
2017-08-08 12:00:00,1,302.8821762610579,302.16365421101375
2017-08-08 12:15:00,1,302.9990967308707,302.2985648688094
2017-08-08 12:30:00,1,303.1069738248011,302.42442022830375
2017-08-08 12:45:00,1,303.20910220496415,302.54316583560495
2017-08-08 13:00:00,1,303.3083251678143,302.6574809000939
2017-08-08 13:15:00,1,303.40566832872355,302.7694042798183
2017-08-08 13:30:00,1,303.50217700009426,302.88042001157123
2017-08-08 13:45:00,1,303.59999775942407,302.9924687631739
2017-08-08 14:00:00,1,303.7001994342186,303.10721460328665
2017-08-08 14:15:00,1,303.8023816022338,303.2247473287458
2017-08-08 14:30:00,1,303.9045490470448,303.342966532872
2017-08-08 14:45:00,1,304.0023146816111,303.4577386676806
2017-08-08 15:00:00,1,304.09127034929463,303.5644857291047
2017-08-08 15:15:00,1,304.16845338903846,303.6598320510281
2017-08-08 15:30:00,1,304.23267641267563,303.7423001830607
2017-08-08 15:45:00,1,304.28454839163106,303.8120970585785
2017-08-08 16:00:00,1,304.3249647000473,303.8700636701677
2017-08-08 16:15:00,1,304.3527593140059,303.9159362500117
2017-08-08 16:30:00,1,304.36639905918565,303.94797594786377
2017-08-08 16:45:00,1,304.36619089041295,303.9650824188017
2017-08-08 17:00:00,1,304.3530822830375,303.9676910631029
2017-08-08 17:15:00,1,304.3274451551729,303.95658518632956
2017-08-08 17:30:00,1,304.28941409761023,303.93215678771134
2017-08-08 17:45:00,1,304.23931451987954,303.8945957950389
2017-08-08 18:00:00,1,304.17671782649666,303.8433061749265
2017-08-08 18:15:00,1,304.0990864525904,303.7767536316111
2017-08-08 18:30:00,1,304.00440282963257,303.6900228227393
2017-08-08 18:45:00,1,303.89217593351935,303.5814447775184
2017-08-08 19:00:00,1,303.76020382711886,303.4491526897606
2017-08-08 19:15:00,1,303.6057309388283,303.29186163337687
2017-08-08 19:30:00,1,303.4368941909786,303.11544751293616
2017-08-08 19:45:00,1,303.2648755143518,302.9312959613411
2017-08-08 20:00:00,1,303.0964358002534,302.74899275420137
2017-08-08 20:15:00,1,302.9344824331248,302.57292258381614
2017-08-08 20:30:00,1,302.78008903534135,302.4055570315153
2017-08-08 20:45:00,1,302.63401384767735,302.2479311184919
2017-08-08 21:00:00,1,302.49658300697826,302.10016618457865
2017-08-08 21:15:00,1,302.36752879318254,301.9573225048317
2017-08-08 21:30:00,1,302.24618580943434,301.8175377650621
2017-08-08 21:45:00,1,302.13167138876275,301.68139083103387
2017-08-08 22:00:00,1,302.02313034602713,301.54954662908773
2017-08-08 22:15:00,1,301.91983032119083,301.4216357762374
2017-08-08 22:30:00,1,301.8213769106737,301.295579488406
2017-08-08 22:45:00,1,301.72803068680304,301.18069089329055
2017-08-08 23:00:00,1,301.6400621350234,301.07801266988014
2017-08-08 23:15:00,1,301.5573764258363,300.9840255966308
2017-08-08 23:30:00,1,301.4796854497485,300.89582322737675
2017-08-08 23:45:00,1,301.40678161748446,300.8125526423376
2017-08-09 00:00:00,1,301.33849322829434,300.7343938198834
2017-08-09 00:15:00,1,301.2745792377333,300.66144481582245
2017-08-09 00:30:00,1,301.2147186879255,300.59342579088644
2017-08-09 00:45:00,1,301.158523847432,300.52985657604853
2017-08-09 01:00:00,1,301.10560975183455,300.4702655258086
2017-08-09 01:15:00,1,301.055623801261,300.41424624493254
2017-08-09 01:30:00,1,301.0079287199568,300.36117649502825
2017-08-09 01:45:00,1,300.96106643546005,300.3098247380556
2017-08-09 02:00:00,1,300.9135482206443,300.25859768760273
2017-08-09 02:15:00,1,300.8644577146723,300.20616748118675
2017-08-09 02:30:00,1,300.81368371676194,300.15206418624786
2017-08-09 02:45:00,1,300.76230286221676,300.09699359604275
2017-08-09 03:00:00,1,300.71162917813365,300.0423443291028
2017-08-09 03:15:00,1,300.6624275309425,299.98930066971303
2017-08-09 03:30:00,1,300.61500778720057,299.9383887434171
2017-08-09 03:45:00,1,300.56942785695816,299.8896239391153
2017-08-09 04:00:00,1,300.5255989213902,299.84282670975233
2017-08-09 04:15:00,1,300.4833768849785,299.7977993127499
2017-08-09 04:30:00,1,300.4425596482047,299.75430327838757
2017-08-09 04:45:00,1,300.40281410528587,299.7119293199933
2017-08-09 05:00:00,1,300.36380560493916,299.67014306837495
2017-08-09 05:15:00,1,300.3253583151452,299.62853080447354
2017-08-09 05:30:00,1,300.288195685365,299.5876713088139
2017-08-09 05:45:00,1,300.2549701023703,299.5500123250134
2017-08-09 06:00:00,1,300.2283232986585,299.5186501552577
2017-08-09 06:15:00,1,300.2102984528221,299.49645034546245
2017-08-09 06:30:00,1,300.2027651185015,299.4858903793374
2017-08-09 06:45:00,1,300.20807017959413,299.4895029596666
2017-08-09 07:00:00,1,300.22828247612017,299.50952614058906
2017-08-09 07:15:00,1,300.26399867602123,299.54675760458264
2017-08-09 07:30:00,1,300.31486881406545,299.59890550821376
2017-08-09 07:45:00,1,300.3802634275768,299.66309427968486
2017-08-09 08:00:00,1,300.4589980062704,299.73631146978755
2017-08-09 08:15:00,1,300.54999813609913,299.8109299116935
2017-08-09 08:30:00,1,300.6525144739126,299.8940953121307
2017-08-09 08:45:00,1,300.7657964715804,299.98982263419475
2017-08-09 09:00:00,1,300.8889331279107,300.0967824975803
2017-08-09 09:15:00,1,301.0201527033553,300.2108284157808
2017-08-09 09:30:00,1,301.1574329258905,300.3367114662639
2017-08-09 09:45:00,1,301.29924441981564,300.4766664614061
2017-08-09 10:00:00,1,301.4442149625267,300.633056242084
2017-08-09 10:15:00,1,301.59072915064996,300.80238437545455
2017-08-09 10:30:00,1,301.7371190269884,300.9733247218654
2017-08-09 10:45:00,1,301.88193658237105,301.13942979540764
2017-08-09 11:00:00,1,302.0240686061101,301.2997048921763
2017-08-09 11:15:00,1,302.1625106904975,301.4552609310895
2017-08-09 11:30:00,1,302.2966078713393,301.6065488347073
2017-08-09 11:45:00,1,302.42643792290863,301.75329725993726
2017-08-09 12:00:00,1,302.55224890520816,301.89522036005656
2017-08-09 12:15:00,1,302.67399937902445,302.0321958576723
2017-08-09 12:30:00,1,302.79232950540916,302.16449227924284
2017-08-09 12:45:00,1,302.9090693044698,302.2931308963797
2017-08-09 13:00:00,1,303.0251838656773,302.4197586522206
2017-08-09 13:15:00,1,303.1402467015583,302.5458130606833
2017-08-09 13:30:00,1,303.2531945845187,302.67163492108966
2017-08-09 13:45:00,1,303.3628822136063,302.7963686154591
2017-08-09 14:00:00,1,303.46824626932016,302.91847277393333
2017-08-09 14:15:00,1,303.5681158775872,303.03621598425116
2017-08-09 14:30:00,1,303.6612330179408,303.1478657937066
2017-08-09 14:45:00,1,303.7461838756229,303.2516671139824
2017-08-09 15:00:00,1,303.8216900537016,303.3459713040567
2017-08-09 15:15:00,1,303.88659708676084,303.42940557619164
2017-08-09 15:30:00,1,303.9403568272839,303.50129583393226
2017-08-09 15:45:00,1,303.9835428521579,303.5620016034399
2017-08-09 16:00:00,1,304.0167504854478,303.61234524104464
2017-08-09 16:15:00,1,304.03825176134603,303.6518920515673
2017-08-09 16:30:00,1,304.0464858036268,303.67889846144425
2017-08-09 16:45:00,1,304.0431111635519,303.69306202434836
2017-08-09 17:00:00,1,304.03029230659007,303.6960220299815
2017-08-09 17:15:00,1,304.00876008836656,303.68926668825816
2017-08-09 17:30:00,1,303.97855266570826,303.6733514365545
2017-08-09 17:45:00,1,303.94005630327206,303.6494105554451
2017-08-09 18:00:00,1,303.89260100369034,303.6133125054916
2017-08-09 18:15:00,1,303.8327840303896,303.5616571579294
2017-08-09 18:30:00,1,303.7574733583073,303.49169579233467
2017-08-09 18:45:00,1,303.66414884906004,303.4010432852692
2017-08-09 19:00:00,1,303.54764511987383,303.28476269954547
2017-08-09 19:15:00,1,303.4026756690492,303.1388730013366
2017-08-09 19:30:00,1,303.238609708759,302.96826777646766
2017-08-09 19:45:00,1,303.068795526827,302.7852383706486
2017-08-09 20:00:00,1,302.90118886735837,302.60170064837837
2017-08-09 20:15:00,1,302.7393049487847,302.4237452403326
2017-08-09 20:30:00,1,302.5846404255586,302.2539749936913
2017-08-09 20:45:00,1,302.43852151979723,302.0936498102058
2017-08-09 21:00:00,1,302.3018628912457,301.944534091895
2017-08-09 21:15:00,1,302.1748111852083,301.8021111385277
2017-08-09 21:30:00,1,302.05687646353834,301.66467920032414
2017-08-09 21:45:00,1,301.9470459671852,301.53265601937306
2017-08-09 22:00:00,1,301.8441577394921,301.40623095455453
2017-08-09 22:15:00,1,301.74718569544666,301.28435261547975
2017-08-09 22:30:00,1,301.65537353527003,301.1682821896034
2017-08-09 22:45:00,1,301.5683767619167,301.0625922495452
2017-08-09 23:00:00,1,301.48601947420724,300.9668402135369
2017-08-09 23:15:00,1,301.4080650273024,300.8782332645118
2017-08-09 23:30:00,1,301.3342344037421,300.79476345970284
2017-08-09 23:45:00,1,301.264270767575,300.71571720173415
2017-08-10 00:00:00,1,301.1978430837661,300.6408212405455
2017-08-10 00:15:00,1,301.1345481900998,300.56962390952583
2017-08-10 00:30:00,1,301.07387081364715,300.50139334117836
2017-08-10 00:45:00,1,301.015048253916,300.4352309572078
2017-08-10 01:00:00,1,300.9573696261882,300.37028692832234
2017-08-10 01:15:00,1,300.90038797611317,300.30594872252675
2017-08-10 01:30:00,1,300.8440620102542,300.2421105684375
2017-08-10 01:45:00,1,300.78899233700736,300.17940864556897
2017-08-10 02:00:00,1,300.7359524132144,300.11895691944295
2017-08-10 02:15:00,1,300.68546774585616,300.06177183995226
2017-08-10 02:30:00,1,300.6375216583454,300.0081311172743
2017-08-10 02:45:00,1,300.59115672186385,299.95717565460507
2017-08-10 03:00:00,1,300.54518886978286,299.9073375586461
2017-08-10 03:15:00,1,300.4988387047713,299.85719966184035
2017-08-10 03:30:00,1,300.4517941940161,299.80605123398385
2017-08-10 03:45:00,1,300.4040756849826,299.75389060811113
2017-08-10 04:00:00,1,300.35580479161996,299.7010602422997
2017-08-10 04:15:00,1,300.30708978052263,299.6479040464246
2017-08-10 04:30:00,1,300.2581847872374,299.5947814577979
2017-08-10 04:45:00,1,300.20981909649646,299.5423093451926
2017-08-10 05:00:00,1,300.16278550947607,299.49127422977904
2017-08-10 05:15:00,1,300.1175968261194,299.44232557917326
2017-08-10 05:30:00,1,300.0751393018914,299.3964173012617
2017-08-10 05:45:00,1,300.0377616775173,299.3556582027566
2017-08-10 06:00:00,1,300.0077114322938,299.3224010953717
2017-08-10 06:15:00,1,299.9867451873322,299.29893996661633
2017-08-10 06:30:00,1,299.9765772353939,299.2876609278003
2017-08-10 06:45:00,1,299.97952354038523,299.2908221796854
2017-08-10 07:00:00,1,299.9976914236618,299.31050760152505
2017-08-10 07:15:00,1,300.0318568079566,299.34752741854936
2017-08-10 07:30:00,1,300.0819538617521,299.4003557256641
2017-08-10 07:45:00,1,300.1471978155688,299.46587236569127
2017-08-10 08:00:00,1,300.22672827137853,299.5411074612392
2017-08-10 08:15:00,1,300.32043441873225,299.6211067808872
2017-08-10 08:30:00,1,300.4287257464131,299.70834592074795
2017-08-10 08:45:00,1,300.5515855965772,299.809301438382
2017-08-10 09:00:00,1,300.687797782761,299.9245542964486
2017-08-10 09:15:00,1,300.83526181429085,300.04805865661984
2017-08-10 09:30:00,1,300.99196984989163,300.1859606743645
2017-08-10 09:45:00,1,301.156736680985,300.34098987878247
2017-08-10 10:00:00,1,301.3285751544741,300.51565008901866
2017-08-10 10:15:00,1,301.50603767516156,300.7083678521807
2017-08-10 10:30:00,1,301.68721419991624,300.90611433148564
2017-08-10 10:45:00,1,301.86966306699236,301.10057656539215
2017-08-10 11:00:00,1,302.05104149309625,301.289861748433
2017-08-10 11:15:00,1,302.22940724208826,301.4741733236198
2017-08-10 11:30:00,1,302.40330080941004,301.65329961290473
2017-08-10 11:45:00,1,302.5717765206122,301.82651099641504
2017-08-10 12:00:00,1,302.73413606503163,301.99321006287585
2017-08-10 12:15:00,1,302.88977685416995,302.1528295700169
2017-08-10 12:30:00,1,303.03969482701297,302.3057394502056
2017-08-10 12:45:00,1,303.1880503101766,302.45443359394903
2017-08-10 13:00:00,1,303.3381815505756,302.6029192745058
2017-08-10 13:15:00,1,303.4908967548176,302.75443057700505
2017-08-10 13:30:00,1,303.64552326332057,302.9097707328432
2017-08-10 13:45:00,1,303.79995833736035,303.0672126046117
2017-08-10 14:00:00,1,303.9516099794086,303.2237054647756
2017-08-10 14:15:00,1,304.09794878217406,303.37616712438455
2017-08-10 14:30:00,1,304.23657883895555,303.5218665219165
2017-08-10 14:45:00,1,304.364979186002,303.65819360099374
2017-08-10 15:00:00,1,304.4808641637862,303.78270492139313
2017-08-10 15:15:00,1,304.582221633899,303.89336007269316
2017-08-10 15:30:00,1,304.66767999813845,303.98891036109825
2017-08-10 15:45:00,1,304.7367977779573,304.06907682461656
2017-08-10 16:00:00,1,304.7893186200816,304.1339038158984
2017-08-10 16:15:00,1,304.82455753775133,304.18319158124996
2017-08-10 16:30:00,1,304.84223137857236,304.21681182469047
2017-08-10 16:45:00,1,304.84279863622027,304.2352478093385
2017-08-10 17:00:00,1,304.8274606024114,304.23940612661005
2017-08-10 17:15:00,1,304.7968546453671,304.2297897162791
2017-08-10 17:30:00,1,304.75124517264237,304.20689401026357
2017-08-10 17:45:00,1,304.69110949560684,304.1693902925524
2017-08-10 18:00:00,1,304.6158495142759,304.11371329432916
2017-08-10 18:15:00,1,304.5220006355619,304.03690399194267
2017-08-10 18:30:00,1,304.406376997036,303.9365728990907
2017-08-10 18:45:00,1,304.26722386167876,303.81080674318076
2017-08-10 19:00:00,1,304.1006329331775,303.65527164383536
2017-08-10 19:15:00,1,303.9023569803689,303.46677603195377
2017-08-10 19:30:00,1,303.68343703634616,303.25195800587403
2017-08-10 19:45:00,1,303.4593685037922,303.0234387086916
2017-08-10 20:00:00,1,303.2398203518235,302.7940169394998
2017-08-10 20:15:00,1,303.029337799602,302.5720191640379
2017-08-10 20:30:00,1,302.8298057815311,302.36220154223696
2017-08-10 20:45:00,1,302.6423714690484,302.16769957804013
2017-08-10 21:00:00,1,302.46754888802593,301.98407533547004
2017-08-10 21:15:00,1,302.3050988896288,301.80621700060925
2017-08-10 21:30:00,1,302.1542813354445,301.6337226925838
2017-08-10 21:45:00,1,302.0140904444617,301.4678640375855
2017-08-10 22:00:00,1,301.88344979220676,301.30813868000007
2017-08-10 22:15:00,1,301.7613339434154,301.16167651166614
2017-08-10 22:30:00,1,301.64697994553626,301.0312721451561
2017-08-10 22:45:00,1,301.54018507108344,300.9135094449288
2017-08-10 23:00:00,1,301.4408772223305,300.80466494598824
2017-08-10 23:15:00,1,301.3487796754293,300.70326890302096
2017-08-10 23:30:00,1,301.2634487563262,300.6091825177335
2017-08-10 23:45:00,1,301.1843854622209,300.5222689744676
2017-08-11 00:00:00,1,301.1110797455888,300.44201687596086
2017-08-11 00:15:00,1,301.0430202008259,300.3677550801565
2017-08-11 00:30:00,1,300.9796259063393,300.29879454952726
2017-08-11 00:45:00,1,300.9201842210033,300.2343767940186
2017-08-11 01:00:00,1,300.86403119337024,300.17371798424267
2017-08-11 01:15:00,1,300.8106354925742,300.1161363141597
2017-08-11 01:30:00,1,300.75948898980283,300.0610499789368
2017-08-11 01:45:00,1,300.7099270375107,300.00788889422444
2017-08-11 02:00:00,1,300.6613485991478,299.95612304391614
2017-08-11 02:15:00,1,300.61335771360774,299.905346965744
2017-08-11 02:30:00,1,300.5656306199089,299.85518850295784
2017-08-11 02:45:00,1,300.5176751375644,299.8050619021578
2017-08-11 03:00:00,1,300.46899263078006,299.7541785364308
2017-08-11 03:15:00,1,300.4193124430724,299.7018578821004
2017-08-11 03:30:00,1,300.3688055231336,299.64799249493126
2017-08-11 03:45:00,1,300.31824631105695,299.59329512393526
2017-08-11 04:00:00,1,300.26847640153306,299.5389132155587
2017-08-11 04:15:00,1,300.2200356671313,299.4858186363815
2017-08-11 04:30:00,1,300.1731809473928,299.43452965069474
2017-08-11 04:45:00,1,300.1279856071868,299.3851978035958
2017-08-11 05:00:00,1,300.08441886371253,299.3377967696048
2017-08-11 05:15:00,1,300.04239612976545,299.2922395406303
2017-08-11 05:30:00,1,300.00183275147873,299.24844597094364
2017-08-11 05:45:00,1,299.9637390935898,299.2075502490954
2017-08-11 06:00:00,1,299.931897851084,299.1725358301197
2017-08-11 06:15:00,1,299.9095601086344,299.14724612454404
2017-08-11 06:30:00,1,299.89847850347985,299.1347006912448
2017-08-11 06:45:00,1,299.9004581204041,299.1370484492941
2017-08-11 07:00:00,1,299.91713400877444,299.1558102791518
2017-08-11 07:15:00,1,299.9490274443,299.19123193039013
2017-08-11 07:30:00,1,299.9960480110063,299.2416994480368
2017-08-11 07:45:00,1,300.0575356894918,299.3041517246803
2017-08-11 08:00:00,1,300.13247570051374,299.3758818990956
2017-08-11 08:15:00,1,300.2201513846638,299.4540642709498
2017-08-11 08:30:00,1,300.3202583481191,299.5350940257024
2017-08-11 08:45:00,1,300.4326588775389,299.62669756449486
2017-08-11 09:00:00,1,300.55641701983086,299.73227294954876
2017-08-11 09:15:00,1,300.6896983076916,299.8490846958812
2017-08-11 09:30:00,1,300.8304855161303,299.9715903118669
2017-08-11 09:45:00,1,300.97708817189414,300.10566673449654
2017-08-11 10:00:00,1,301.12798347467776,300.2538119502311
2017-08-11 10:15:00,1,301.28149015957933,300.4165318075415
2017-08-11 10:30:00,1,301.43593292558336,300.5942187735739
2017-08-11 10:45:00,1,301.58976465555264,300.7742361024948
2017-08-11 11:00:00,1,301.7415882038022,300.9486264512531
2017-08-11 11:15:00,1,301.89011811088056,301.1163184899082
2017-08-11 11:30:00,1,302.034384344289,301.2786114257885
2017-08-11 11:45:00,1,302.1740642282403,301.43612938927345
2017-08-11 12:00:00,1,302.30924415170693,301.588555170831
2017-08-11 12:15:00,1,302.44000411940704,301.73529892702504
2017-08-11 12:30:00,1,302.5669925892261,301.87577655296707
2017-08-11 12:45:00,1,302.6914768225305,302.01105788878715
2017-08-11 13:00:00,1,302.813660028344,302.1424842726426
2017-08-11 13:15:00,1,302.93246373332795,302.2710960764242
2017-08-11 13:30:00,1,303.04684443192053,302.3973446352252
2017-08-11 13:45:00,1,303.15706042750156,302.5215337079147
2017-08-11 14:00:00,1,303.2635682763572,302.64379970583883
2017-08-11 14:15:00,1,303.3660124741578,302.76364234792777
2017-08-11 14:30:00,1,303.46370232883623,302.87999379015486
2017-08-11 14:45:00,1,303.55626149349087,302.9917749627657
2017-08-11 15:00:00,1,303.64326967518235,303.09804345213917
2017-08-11 15:15:00,1,303.7238482091978,303.1977369954652
2017-08-11 15:30:00,1,303.7977275384078,303.28999177263046
2017-08-11 15:45:00,1,303.86418429756714,303.37423450895113
2017-08-11 16:00:00,1,303.9213383675903,303.44948779647126
2017-08-11 16:15:00,1,303.9674284031167,303.5141460925594
2017-08-11 16:30:00,1,304.00081813174705,303.56633535991745
2017-08-11 16:45:00,1,304.0204396101072,303.60471196375363
2017-08-11 17:00:00,1,304.02618444425764,303.62872440173754
2017-08-11 17:15:00,1,304.01691575451144,303.63760798243845
2017-08-11 17:30:00,1,303.99198322743905,303.6303788901746
2017-08-11 17:45:00,1,303.95256350140215,303.6072195367508
2017-08-11 18:00:00,1,303.89895357267886,303.5677134928793
2017-08-11 18:15:00,1,303.82866981957517,303.5085658027753
2017-08-11 18:30:00,1,303.7396532616379,303.4271423433311
2017-08-11 18:45:00,1,303.63000176669175,303.32178484700455
2017-08-11 19:00:00,1,303.49505704464895,303.18869344425497
2017-08-11 19:15:00,1,303.3310625422208,303.0252365662404
2017-08-11 19:30:00,1,303.1480574478016,302.8380984285203
2017-08-11 19:45:00,1,302.95992358345666,302.6394745171841
2017-08-11 20:00:00,1,302.77527869419066,302.4406410195845
2017-08-11 20:15:00,1,302.5980301854419,302.2481305475707
2017-08-11 20:30:00,1,302.4297226589443,302.0659484424896
2017-08-11 20:45:00,1,302.2713456301618,301.8981606887388
2017-08-11 21:00:00,1,302.12333204360215,301.7382237297513
2017-08-11 21:15:00,1,301.98542778159555,301.5826802463431
2017-08-11 21:30:00,1,301.8569136036359,301.4320484098458
2017-08-11 21:45:00,1,301.7367563562445,301.2874295349818
2017-08-11 22:00:00,1,301.62385426413545,301.14842848938036
2017-08-11 22:15:00,1,301.51721271539196,301.0133893506334
2017-08-11 22:30:00,1,301.41603191525957,300.89066930459694
2017-08-11 22:45:00,1,301.3198080064581,300.7799455136606
2017-08-11 23:00:00,1,301.2281911984299,300.67701869817273
2017-08-11 23:15:00,1,301.14083406985236,300.5790246677527
2017-08-11 23:30:00,1,301.0573866781184,300.4852793865715
2017-08-11 23:45:00,1,300.97754651950356,300.39591041243574
2017-08-12 00:00:00,1,300.90102750176305,300.3108362650417
2017-08-12 00:15:00,1,300.82753659476157,300.229663482514
2017-08-12 00:30:00,1,300.7569107915092,300.15202844370833
2017-08-12 00:45:00,1,300.6893427529765,300.0778901739643
2017-08-12 01:00:00,1,300.6250663063136,300.00742231273597
2017-08-12 01:15:00,1,300.5641160146309,299.9407217518568
2017-08-12 01:30:00,1,300.50622359343316,299.8775721597797
2017-08-12 01:45:00,1,300.45066369473653,299.8173423715177
2017-08-12 02:00:00,1,300.39664951754236,299.75920480351226
2017-08-12 02:15:00,1,300.3436238134271,299.702458436976
2017-08-12 02:30:00,1,300.2912852646654,299.6466590093958
2017-08-12 02:45:00,1,300.23955470613384,299.5915212203275
2017-08-12 03:00:00,1,300.188393388148,299.5367585529944
2017-08-12 03:15:00,1,300.1377757737938,299.48208859231863
2017-08-12 03:30:00,1,300.08770754920994,299.4273509226485
2017-08-12 03:45:00,1,300.0380659595632,299.37256358904716
2017-08-12 04:00:00,1,299.98866890349115,299.31785953842865
2017-08-12 04:15:00,1,299.93939590547853,299.26339040958493
2017-08-12 04:30:00,1,299.8905711292283,299.2096585353474
2017-08-12 04:45:00,1,299.8436915162839,299.1580696863989
2017-08-12 05:00:00,1,299.80054402445205,299.1106242966452
2017-08-12 05:15:00,1,299.76229854833275,299.0691556626697
2017-08-12 05:30:00,1,299.72926742866053,299.0342481621436
2017-08-12 05:45:00,1,299.7011442684088,299.00554117208685
2017-08-12 06:00:00,1,299.67863468459615,298.98322627914473
2017-08-12 06:15:00,1,299.663763409833,298.9686970430715
2017-08-12 06:30:00,1,299.65886498885214,298.9643246095447
2017-08-12 06:45:00,1,299.66613869318917,298.9726717477006
2017-08-12 07:00:00,1,299.6868994444039,298.99518347348555
2017-08-12 07:15:00,1,299.7205716537268,299.0314354628289
2017-08-12 07:30:00,1,299.7661855051585,299.0790096131296
2017-08-12 07:45:00,1,299.8238913744246,299.13592687634
2017-08-12 08:00:00,1,299.8941889358126,299.20103683359486
2017-08-12 08:15:00,1,299.9777522640321,299.2718679623068
2017-08-12 08:30:00,1,300.0756293371165,299.3482626025939
2017-08-12 08:45:00,1,300.18916025208176,299.4383413464888
2017-08-12 09:00:00,1,300.31845903796983,299.54530828162865
2017-08-12 09:15:00,1,300.4620388083571,299.6662352989711
2017-08-12 09:30:00,1,300.61714021113494,299.79583086087507
2017-08-12 09:45:00,1,300.77895165009727,299.9390372176227
2017-08-12 10:00:00,1,300.9415483033548,300.0960675761051
2017-08-12 10:15:00,1,301.0996421269673,300.26698671775694
2017-08-12 10:30:00,1,301.2505408704941,300.4429001348736
2017-08-12 10:45:00,1,301.39594129604336,300.61331354234164
2017-08-12 11:00:00,1,301.5389202280004,300.77667146363797
2017-08-12 11:15:00,1,301.6812665056599,300.93657072126575
2017-08-12 11:30:00,1,301.8233831643579,301.09580933684924
2017-08-12 11:45:00,1,301.964735028134,301.25444365288195
2017-08-12 12:00:00,1,302.1044341377842,301.4109536714592
2017-08-12 12:15:00,1,302.24158367487064,301.56374862893006
2017-08-12 12:30:00,1,302.3760170747998,301.7113444522355
2017-08-12 12:45:00,1,302.5083521036917,301.8547150266819
2017-08-12 13:00:00,1,302.63851148382184,301.9952549164801
2017-08-12 13:15:00,1,302.76548803664184,302.13375408581976
2017-08-12 13:30:00,1,302.88844402393124,302.27048657795797
2017-08-12 13:45:00,1,303.00726834874877,302.4055857982446
2017-08-12 14:00:00,1,303.12201284512923,302.53875075480687
2017-08-12 14:15:00,1,303.2326997297313,302.66921117949414
2017-08-12 14:30:00,1,303.3386896871583,302.7957863935943
2017-08-12 14:45:00,1,303.4387192526342,302.9168669930928
2017-08-12 15:00:00,1,303.53206472244585,303.03075318671205
2017-08-12 15:15:00,1,303.6162910472561,303.13523907767205
2017-08-12 15:30:00,1,303.6871091800441,303.2269788146879
2017-08-12 15:45:00,1,303.7415337469733,303.30245952080566
2017-08-12 16:00:00,1,303.77842711651846,303.3597107177336
2017-08-12 16:15:00,1,303.7973261958292,303.3984343664167
2017-08-12 16:30:00,1,303.79876934886744,303.41909413248663
2017-08-12 16:45:00,1,303.785010399934,303.42311755221397
2017-08-12 17:00:00,1,303.75890776088215,303.4132581906828
2017-08-12 17:15:00,1,303.7238906391228,303.3930977967261
2017-08-12 17:30:00,1,303.68264157790435,303.3658452741837
2017-08-12 17:45:00,1,303.63679232181903,303.3335708994835
2017-08-12 18:00:00,1,303.58531756463987,303.2953568789806
2017-08-12 18:15:00,1,303.5225001885921,303.2461658817656
2017-08-12 18:30:00,1,303.443361036094,303.178643848854
2017-08-12 18:45:00,1,303.3445529177333,303.0865572912506
2017-08-12 19:00:00,1,303.22096673276184,302.96509388978217
2017-08-12 19:15:00,1,303.069094536277,302.81266224802755
2017-08-12 19:30:00,1,302.8988911993556,302.63693927631726
2017-08-12 19:45:00,1,302.72374139333755,302.450084931833
2017-08-12 20:00:00,1,302.55190970038376,302.26324183719294
2017-08-12 20:15:00,1,302.387157893426,302.08253601196736
2017-08-12 20:30:00,1,302.23076594188944,301.9115248418439
2017-08-12 20:45:00,1,302.08294142955737,301.7525084634459
2017-08-12 21:00:00,1,301.94330588971286,301.60338500935444
2017-08-12 21:15:00,1,301.8111607272978,301.4580076331669
2017-08-12 21:30:00,1,301.685889134744,301.31438603716424
2017-08-12 21:45:00,1,301.56736523620674,301.17371462869886
2017-08-12 22:00:00,1,301.4555344151512,301.0374122996313
2017-08-12 22:15:00,1,301.35010010829484,300.9053854768605
2017-08-12 22:30:00,1,301.25053119414287,300.7811965497936
2017-08-12 22:45:00,1,301.1560515280829,300.6686688183311
2017-08-12 23:00:00,1,301.0658093401801,300.5657363653398
2017-08-12 23:15:00,1,300.9790442403226,300.4684515128729
2017-08-12 23:30:00,1,300.8953527805872,300.3745460952947
2017-08-12 23:45:00,1,300.8151136106281,300.2839846290957
2017-08-13 00:00:00,1,300.73893307229827,300.1977358857086
2017-08-13 00:15:00,1,300.6671223518278,300.1165484376603
2017-08-13 00:30:00,1,300.59951252544556,300.0404255506074
2017-08-13 00:45:00,1,300.5352965114975,299.9686135334864
2017-08-13 01:00:00,1,300.4735122433396,299.90001341447646
2017-08-13 01:15:00,1,300.41340180582586,299.8336284875564
2017-08-13 01:30:00,1,300.3545553410731,299.7688221701864
2017-08-13 01:45:00,1,300.2969933932092,299.70534421901453
2017-08-13 02:00:00,1,300.2408600446972,299.64313928331285
2017-08-13 02:15:00,1,300.18623636490315,299.582178593925
2017-08-13 02:30:00,1,300.13310012530155,299.52241063768145
2017-08-13 02:45:00,1,300.08119237591404,299.4637681101679
2017-08-13 03:00:00,1,300.030168864536,299.4061754483821
2017-08-13 03:15:00,1,299.9797709626987,299.3495692917205
2017-08-13 03:30:00,1,299.9301190153928,299.2941999478505
2017-08-13 03:45:00,1,299.8822263442856,299.2410781007027
2017-08-13 04:00:00,1,299.83735752248276,299.19171021934096
2017-08-13 04:15:00,1,299.79634637910056,299.1473319280738
2017-08-13 04:30:00,1,299.7594572189852,299.1085274113488
2017-08-13 04:45:00,1,299.72642313943385,299.07486093571583
2017-08-13 05:00:00,1,299.6967800292139,299.0454121998591
2017-08-13 05:15:00,1,299.67008220033216,299.01940976873635
2017-08-13 05:30:00,1,299.6455756637751,298.9958047396232
2017-08-13 05:45:00,1,299.6224693451634,298.97386562706004
2017-08-13 06:00:00,1,299.60224334214104,298.9542758637208
2017-08-13 06:15:00,1,299.5867129058594,298.9390642497733
2017-08-13 06:30:00,1,299.5779126610903,298.93105485494095
2017-08-13 06:45:00,1,299.57911813900546,298.9336288665301
2017-08-13 07:00:00,1,299.59366314544843,298.9499322914239
2017-08-13 07:15:00,1,299.6233052581314,298.98153625287665
2017-08-13 07:30:00,1,299.6675746709417,299.0273585569772
2017-08-13 07:45:00,1,299.7248095702015,299.0843767678695
2017-08-13 08:00:00,1,299.79356243893204,299.14996424193544
2017-08-13 08:15:00,1,299.87388278832856,299.2224833459809
2017-08-13 08:30:00,1,299.9663040947436,299.2993160605445
2017-08-13 08:45:00,1,300.0710657391102,299.38574253568476
2017-08-13 09:00:00,1,300.18790513021935,299.48405597951916
2017-08-13 09:15:00,1,300.31616338578806,299.5913999372685
2017-08-13 09:30:00,1,300.455341196544,299.70852776877973
2017-08-13 09:45:00,1,300.60523982559414,299.83880031804165
2017-08-13 10:00:00,1,300.7651951227971,299.9898638188999
2017-08-13 10:15:00,1,300.93375776529507,300.1698096481374
2017-08-13 10:30:00,1,301.1083655709342,300.36283244438914
2017-08-13 10:45:00,1,301.2836841938511,300.5550749998946
2017-08-13 11:00:00,1,301.453049842855,300.73944164520736
2017-08-13 11:15:00,1,301.6102267762299,300.91250170039996
2017-08-13 11:30:00,1,301.75170148508965,301.0721926551758
2017-08-13 11:45:00,1,301.8785131275511,301.21832343921625
2017-08-13 12:00:00,1,301.9934632595584,301.35251068280525
2017-08-13 12:15:00,1,302.0989058208407,301.4769616195098
2017-08-13 12:30:00,1,302.1976642480117,301.59421372046916
2017-08-13 12:45:00,1,302.29450689567915,301.70779617175185
2017-08-13 13:00:00,1,302.39363987583914,301.821720518007
2017-08-13 13:15:00,1,302.4974301559049,301.93920549371563
2017-08-13 13:30:00,1,302.6070176094476,302.0620714814034
2017-08-13 13:45:00,1,302.72292540362605,302.1909999521412
2017-08-13 14:00:00,1,302.84486738606404,302.3257842202263
2017-08-13 14:15:00,1,302.9717384867087,302.4654375809606
2017-08-13 14:30:00,1,303.10082428438466,302.6074285598292
2017-08-13 14:45:00,1,303.2256100963634,302.74666249370654
2017-08-13 15:00:00,1,303.33915836274963,302.8768661654786
2017-08-13 15:15:00,1,303.4357870437753,302.99250028367624
2017-08-13 15:30:00,1,303.51397773738324,303.09125007437433
2017-08-13 15:45:00,1,303.5795520825656,303.17618401639817
2017-08-13 16:00:00,1,303.6382476124563,303.252429607171
2017-08-13 16:15:00,1,303.69109301379194,303.3221405520421
2017-08-13 16:30:00,1,303.7358834319596,303.38317691672205
2017-08-13 16:45:00,1,303.7682829602322,303.4307238108762
2017-08-13 17:00:00,1,303.7832583221285,303.4592681211723
2017-08-13 17:15:00,1,303.774219783092,303.462360685619
2017-08-13 17:30:00,1,303.7353289876684,303.434151876539
2017-08-13 17:45:00,1,303.6646333705998,303.371636397592
2017-08-13 18:00:00,1,303.5638767023435,303.276867731732
2017-08-13 18:15:00,1,303.4426684716453,303.15855518728637
2017-08-13 18:30:00,1,303.311351573681,303.0275291170092
2017-08-13 18:45:00,1,303.1751045121943,302.8907889077873
2017-08-13 19:00:00,1,303.0357099577222,302.75079570517386
2017-08-13 19:15:00,1,302.895962801343,302.6090270825425
2017-08-13 19:30:00,1,302.75954743487466,302.4679192909485
2017-08-13 19:45:00,1,302.6281719970126,302.3297795162233
2017-08-13 20:00:00,1,302.50180278572554,302.19595763756274
2017-08-13 20:15:00,1,302.37985250350766,302.06711995285735
2017-08-13 20:30:00,1,302.2616364978189,301.94351240138786
2017-08-13 20:45:00,1,302.1465272355358,301.8252090754894
2017-08-13 21:00:00,1,302.0339551575954,301.70981481901674
2017-08-13 21:15:00,1,301.9234209654277,301.59812930009787
2017-08-13 21:30:00,1,301.81494814563996,301.486604398364
2017-08-13 21:45:00,1,301.70974153658864,301.372768981433
2017-08-13 22:00:00,1,301.6090049712876,301.25796069183457
2017-08-13 22:15:00,1,301.51321411838074,301.1448900417686
2017-08-13 22:30:00,1,301.4222846793201,301.03527183876156
2017-08-13 22:45:00,1,301.33578767955447,300.92923315257747
2017-08-13 23:00:00,1,301.253155602382,300.825755566573
2017-08-13 23:15:00,1,301.1738286097078,300.7254329236829
2017-08-13 23:30:00,1,301.09750913883295,300.6324895291582
2017-08-13 23:45:00,1,301.024544451212,300.5471910141146
2017-08-14 00:00:00,1,300.95542445842995,300.4678432052976
2017-08-14 00:15:00,1,300.89034277132134,300.39324336707665
2017-08-14 00:30:00,1,300.8288315635561,300.32276727393185
2017-08-14 00:45:00,1,300.76921953055836,300.2552609243607
2017-08-14 01:00:00,1,300.70967695738454,300.18882754615873
2017-08-14 01:15:00,1,300.64904621201583,300.12157357880534
2017-08-14 01:30:00,1,300.5872190097594,300.0526954003067
2017-08-14 01:45:00,1,300.52560936939767,299.98325170622985
2017-08-14 02:00:00,1,300.4660749375564,299.91559240739934
2017-08-14 02:15:00,1,300.4099416005035,299.8519733710938
2017-08-14 02:30:00,1,300.3578571849387,299.79362686021625
2017-08-14 02:45:00,1,300.30992592545823,299.7407259012696
2017-08-14 03:00:00,1,300.26596926179667,299.692865662106
2017-08-14 03:15:00,1,300.22569205466084,299.6495034270832
2017-08-14 03:30:00,1,300.1885816976667,299.61013263207195
2017-08-14 03:45:00,1,300.1536013978958,299.57371082831935
2017-08-14 04:00:00,1,300.1196044115833,299.5388468373945
2017-08-14 04:15:00,1,300.0857546152891,299.50434691127003
2017-08-14 04:30:00,1,300.0515096156657,299.46941446435034
2017-08-14 04:45:00,1,300.0164306510743,299.433461422753
2017-08-14 05:00:00,1,299.98014330043395,299.39590709543313
2017-08-14 05:15:00,1,299.94242125246717,299.35606862700223
2017-08-14 05:30:00,1,299.9034524940806,299.31387321436665
2017-08-14 05:45:00,1,299.86494683747355,299.2710169025004
2017-08-14 06:00:00,1,299.83106004243194,299.2316313968877
2017-08-14 06:15:00,1,299.80560986150283,299.2003230973513
2017-08-14 06:30:00,1,299.7911852197794,299.18096419012517
2017-08-14 06:45:00,1,299.79027171214,299.17676258871376
2017-08-14 07:00:00,1,299.8048137075576,299.18976701745987
2017-08-14 07:15:00,1,299.8354378555212,299.2205784517358
2017-08-14 07:30:00,1,299.8821343874367,299.26863400613104
2017-08-14 07:45:00,1,299.94435440596976,299.3305374405352
2017-08-14 08:00:00,1,300.0214729933759,299.40328219060206
2017-08-14 08:15:00,1,300.1133528081571,299.48235903916367
2017-08-14 08:30:00,1,300.2200629244138,299.56801533226917
2017-08-14 08:45:00,1,300.34132291406115,299.66571679417075
2017-08-14 09:00:00,1,300.47623583751124,299.7743115005494
2017-08-14 09:15:00,1,300.62313316166495,299.90051430111015
2017-08-14 09:30:00,1,300.78002189559146,300.0455870838679
2017-08-14 09:45:00,1,300.94461547809067,300.2112624746433
2017-08-14 10:00:00,1,301.11377776269677,300.3964259183518
2017-08-14 10:15:00,1,301.2838475417836,300.5861962157444
2017-08-14 10:30:00,1,301.4517889701059,300.7707827488252
2017-08-14 10:45:00,1,301.61607595764474,300.9485595632548
2017-08-14 11:00:00,1,301.77603117877754,301.12123539310323
2017-08-14 11:15:00,1,301.93092749433396,301.289720009484
2017-08-14 11:30:00,1,302.0796212132496,301.45313532122304
2017-08-14 11:45:00,1,302.22008991925696,301.6094941418971
2017-08-14 12:00:00,1,302.3503781382977,301.75676708577697
2017-08-14 12:15:00,1,302.4694092495689,301.89366817526087
2017-08-14 12:30:00,1,302.5787739377847,302.0210099836854
2017-08-14 12:45:00,1,302.6846035808244,302.1428291530216
2017-08-14 13:00:00,1,302.7926187761385,302.2645763937759
2017-08-14 13:15:00,1,302.904736237238,302.38991943696175
2017-08-14 13:30:00,1,303.0199076384796,302.5191291429434
2017-08-14 13:45:00,1,303.13481561225075,302.64949354591386
2017-08-14 14:00:00,1,303.2445914852228,302.77624444903466
2017-08-14 14:15:00,1,303.34272169546773,302.89318342889175
2017-08-14 14:30:00,1,303.42403406025323,302.9946432589497
2017-08-14 14:45:00,1,303.48725743378975,303.0777705927281
2017-08-14 15:00:00,1,303.5356467493443,303.1447909088034
2017-08-14 15:15:00,1,303.5785590960677,303.20342874897517
2017-08-14 15:30:00,1,303.62290686785735,303.26137421000783
2017-08-14 15:45:00,1,303.66885708049756,303.3213323604436
2017-08-14 16:00:00,1,303.7141703732605,303.38147408780935
2017-08-14 16:15:00,1,303.7550837256512,303.43779040237973
2017-08-14 16:30:00,1,303.78862888422486,303.48667709080195
2017-08-14 16:45:00,1,303.8136935125929,303.52650220589373
2017-08-14 17:00:00,1,303.828350635103,303.5553680451954
2017-08-14 17:15:00,1,303.8260689478051,303.5677091579893
2017-08-14 17:30:00,1,303.80088171771484,303.5561928970079
2017-08-14 17:45:00,1,303.74977024194527,303.5160318422994
2017-08-14 18:00:00,1,303.67375469399644,303.44735752201444
2017-08-14 18:15:00,1,303.5765597638417,303.3542576513112
2017-08-14 18:30:00,1,303.4624305945105,303.241806756977
2017-08-14 18:45:00,1,303.333131857054,303.11285656117946
2017-08-14 19:00:00,1,303.1891613846219,302.968541313537
2017-08-14 19:15:00,1,303.0348315553536,302.8118045492107
2017-08-14 19:30:00,1,302.8766684773337,302.6480781732923
2017-08-14 19:45:00,1,302.7197834410535,302.48253270921043
2017-08-14 20:00:00,1,302.5669281189105,302.3209534281036
2017-08-14 20:15:00,1,302.41913263274205,302.167788904098
2017-08-14 20:30:00,1,302.2768998091561,302.02540186120365
2017-08-14 20:45:00,1,302.14127405739737,301.8901163219979
2017-08-14 21:00:00,1,302.01297204979414,301.7558046390618
2017-08-14 21:15:00,1,301.8919197432726,301.6212806788784
2017-08-14 21:30:00,1,301.77779013976357,301.4889199258232
2017-08-14 21:45:00,1,301.670728491251,301.36125384208174
2017-08-14 22:00:00,1,301.5709328233607,301.23952339560145
2017-08-14 22:15:00,1,301.4782630430292,301.12380497958935
2017-08-14 22:30:00,1,301.39243923296823,301.0136064558548
2017-08-14 22:45:00,1,301.31339233187435,300.90840416626463
2017-08-14 23:00:00,1,301.2410522772897,300.81520258462876
2017-08-14 23:15:00,1,301.1751315567386,300.734413640388
2017-08-14 23:30:00,1,301.11503604613875,300.66286834378576
2017-08-14 23:45:00,1,301.0597061373066,300.59756529151394
2017-08-15 00:00:00,1,301.0080171917697,300.536754030378
2017-08-15 00:15:00,1,300.95909871193675,300.47948187607005
2017-08-15 00:30:00,1,300.9122229999414,300.42498290120136
2017-08-15 00:45:00,1,300.8665726108616,300.3724206810264
2017-08-15 01:00:00,1,300.82146479602045,300.32099583650313
2017-08-15 01:15:00,1,300.77648199791616,300.27011693510826
2017-08-15 01:30:00,1,300.73133583286597,300.21937451085296
2017-08-15 01:45:00,1,300.6856575888277,300.1683204818151
2017-08-15 02:00:00,1,300.6390941257684,300.11639268352945
2017-08-15 02:15:00,1,300.5914783439544,300.0630975824868
2017-08-15 02:30:00,1,300.5430549433426,300.0084087799208
2017-08-15 02:45:00,1,300.4946793676911,299.9530654500497
2017-08-15 03:00:00,1,300.4472624133935,299.89826631846404
2017-08-15 03:15:00,1,300.4013858282406,299.8450746801477
2017-08-15 03:30:00,1,300.35739561686137,299.79419354320606
2017-08-15 03:45:00,1,300.31567051760703,299.74618773198296
2017-08-15 04:00:00,1,300.2765866474913,299.7016336147043
2017-08-15 04:15:00,1,300.2403797886579,299.661146338437
2017-08-15 04:30:00,1,300.20702054278814,299.62478886232344
2017-08-15 04:45:00,1,300.1760596105732,299.59198974844867
2017-08-15 05:00:00,1,300.1469060322382,299.56189200065165
2017-08-15 05:15:00,1,300.1190838339457,299.5337193253169
2017-08-15 05:30:00,1,300.0920765275871,299.5067133754051
2017-08-15 05:45:00,1,300.06570167047835,299.4804844389821
2017-08-15 06:00:00,1,300.04192055183074,299.45614599383265
2017-08-15 06:15:00,1,300.0233200412266,299.43608788553144
2017-08-15 06:30:00,1,300.01231170255335,299.42340177844034
2017-08-15 06:45:00,1,300.0117558129766,299.42147464812064
2017-08-15 07:00:00,1,300.0239537125694,299.43307111498234
2017-08-15 07:15:00,1,300.04948745186124,299.4591397554457
2017-08-15 07:30:00,1,300.08825846725546,299.4989099249849
2017-08-15 07:45:00,1,300.1410727513421,299.5508720556527
2017-08-15 08:00:00,1,300.2088687959758,299.6139146756286
2017-08-15 08:15:00,1,300.29251331103717,299.6843558931818
2017-08-15 08:30:00,1,300.3923768557543,299.76375904260385
2017-08-15 08:45:00,1,300.5070882111489,299.85619426907033
2017-08-15 09:00:00,1,300.63353026888524,299.95955562778386
2017-08-15 09:15:00,1,300.7676583575704,300.0778292521226
2017-08-15 09:30:00,1,300.90592279936385,300.2104040623099
2017-08-15 09:45:00,1,301.046615401623,300.3584921940805
2017-08-15 10:00:00,1,301.18925940649586,300.52185368984516
2017-08-15 10:15:00,1,301.3330558784546,300.6892096673249
2017-08-15 10:30:00,1,301.47656126259255,300.8530897632681
2017-08-15 10:45:00,1,301.61734205486266,301.0114585331776
2017-08-15 11:00:00,1,301.7528704776345,301.164033794929
2017-08-15 11:15:00,1,301.88115261930005,301.30994293325887
2017-08-15 11:30:00,1,302.0009659213341,301.4478325958498
2017-08-15 11:45:00,1,302.1119125113108,301.57675105938245
2017-08-15 12:00:00,1,302.21399118413007,301.6963985944827
2017-08-15 12:15:00,1,302.30705278419896,301.80678176458576
2017-08-15 12:30:00,1,302.39265767425036,301.9089158816788
2017-08-15 12:45:00,1,302.4761625154416,302.0060557337702
2017-08-15 13:00:00,1,302.56236185312264,302.1028416375004
2017-08-15 13:15:00,1,302.65314039256333,302.20309631404274
2017-08-15 13:30:00,1,302.7481391947459,302.3081866098509
2017-08-15 13:45:00,1,302.84533389419045,302.4169113029571
2017-08-15 14:00:00,1,302.94225283624763,302.52667617245555
2017-08-15 14:15:00,1,303.0365487180916,302.6347349895964
2017-08-15 14:30:00,1,303.1263702143581,302.73892260787136
2017-08-15 14:45:00,1,303.2105273317098,302.83780551968465
2017-08-15 15:00:00,1,303.288025929478,302.9302749849636
2017-08-15 15:15:00,1,303.35754359277837,303.01506889440236
2017-08-15 15:30:00,1,303.418042138597,303.0910149685362
2017-08-15 15:45:00,1,303.4692186562433,303.1574655575735
2017-08-15 16:00:00,1,303.5105240291994,303.21379082142863
2017-08-15 16:15:00,1,303.54043105130586,303.2585807143588
2017-08-15 16:30:00,1,303.5574472084177,303.29033008806977
2017-08-15 16:45:00,1,303.56074284656995,303.307968167067
2017-08-15 17:00:00,1,303.55001798447597,303.31074084144325
2017-08-15 17:15:00,1,303.5244373702796,303.29777226708404
2017-08-15 17:30:00,1,303.4839742411772,303.2686115020826
2017-08-15 17:45:00,1,303.42945375802196,303.22368231371513
2017-08-15 18:00:00,1,303.361434924518,303.16352665843607
2017-08-15 18:15:00,1,303.2788768376708,303.08749214899626
2017-08-15 18:30:00,1,303.18033865482755,302.9944833153128
2017-08-15 18:45:00,1,303.0658681207096,302.882614538904
2017-08-15 19:00:00,1,302.93524226607144,302.75158019072836
2017-08-15 19:15:00,1,302.7906350914444,302.6040918476658
2017-08-15 19:30:00,1,302.64004945717727,302.4471362486653
2017-08-15 19:45:00,1,302.49154922839256,302.2895751879093
2017-08-15 20:00:00,1,302.34973726169005,302.1353892077478
2017-08-15 20:15:00,1,302.2164813850596,301.987744968539
2017-08-15 20:30:00,1,302.092031885794,301.84914292263346
2017-08-15 20:45:00,1,301.97565275100925,301.720524021236
2017-08-15 21:00:00,1,301.8663115061537,301.60059527080597
2017-08-15 21:15:00,1,301.7630614233255,301.4849851769067
2017-08-15 21:30:00,1,301.6651882069268,301.3717391396009
2017-08-15 21:45:00,1,301.5723148855892,301.2610484026738
2017-08-15 22:00:00,1,301.48413249339825,301.1535273675877
2017-08-15 22:15:00,1,301.4002507828398,301.0491563629792
2017-08-15 22:30:00,1,301.32025857149597,300.9469581073203
2017-08-15 22:45:00,1,301.2438152250924,300.85071936611297
2017-08-15 23:00:00,1,301.17061928268225,300.7627056076529
2017-08-15 23:15:00,1,301.1003674652866,300.6814333433625
2017-08-15 23:30:00,1,301.0327709489508,300.6045206171467
2017-08-15 23:45:00,1,300.96758927053486,300.5306193914978
2017-08-16 00:00:00,1,300.9046047975129,300.459393576807
2017-08-16 00:15:00,1,300.8436039227188,300.39081057273063
2017-08-16 00:30:00,1,300.7845092059502,300.3248127780373
2017-08-16 00:45:00,1,300.727594188443,300.26144032982734
2017-08-16 01:00:00,1,300.6731580196597,300.20085549495724
2017-08-16 01:15:00,1,300.6212911323044,300.1431694658763
2017-08-16 01:30:00,1,300.57179588342314,300.08825774813107
2017-08-16 01:45:00,1,300.52407478858925,300.0356684309968
2017-08-16 02:00:00,1,300.47749084888,299.98479004945705
2017-08-16 02:15:00,1,300.4316058993075,299.93510336168475
2017-08-16 02:30:00,1,300.38614070735207,299.88624632196394
2017-08-16 02:45:00,1,300.3408758462044,299.83794032445087
2017-08-16 03:00:00,1,300.29563096170415,299.78992945224354
2017-08-16 03:15:00,1,300.25028139676084,299.7419906842281
2017-08-16 03:30:00,1,300.2048414297193,299.6940273434378
2017-08-16 03:45:00,1,300.1595780315996,299.6461056666176
2017-08-16 04:00:00,1,300.1147592148272,299.5983333697239
2017-08-16 04:15:00,1,300.0705317146402,299.5507438165847
2017-08-16 04:30:00,1,300.02727174065245,299.5036752562542
2017-08-16 04:45:00,1,299.9862230447053,299.45843826032666
2017-08-16 05:00:00,1,299.9488339408361,299.4171628246096
2017-08-16 05:15:00,1,299.9159584007621,299.3813962453108
2017-08-16 05:30:00,1,299.88748825749644,299.3513066518148
2017-08-16 05:45:00,1,299.86278167443663,299.32624786893786
2017-08-16 06:00:00,1,299.8428555437265,299.3063833217262
2017-08-16 06:15:00,1,299.8294952701083,299.2928119801343
2017-08-16 06:30:00,1,299.8245516759762,299.28757598413614
2017-08-16 06:45:00,1,299.8299405419132,299.29289909936875
2017-08-16 07:00:00,1,299.8472245832904,299.31043906616316
2017-08-16 07:15:00,1,299.87694077018773,299.34082977180447
2017-08-16 07:30:00,1,299.91884812535875,299.38299279104075
2017-08-16 07:45:00,1,299.9723642244974,299.43485029343265
2017-08-16 08:00:00,1,300.0369358812895,299.4942085019061
2017-08-16 08:15:00,1,300.11170736170305,299.55606754955994
2017-08-16 08:30:00,1,300.1958093418955,299.6233754171838
2017-08-16 08:45:00,1,300.28922037364373,299.70031065129234
2017-08-16 09:00:00,1,300.391990547798,299.7876006336996
2017-08-16 09:15:00,1,300.50312901409626,299.88173748388897
2017-08-16 09:30:00,1,300.6213493948041,299.9862126909864
2017-08-16 09:45:00,1,300.7463359991578,300.1044715475531
2017-08-16 10:00:00,1,300.87815208633066,300.2383282379258
2017-08-16 10:15:00,1,301.0159282262003,300.39146879502476
2017-08-16 10:30:00,1,301.1576959046984,300.55340399950967
2017-08-16 10:45:00,1,301.2998391406452,300.7145494608145
2017-08-16 11:00:00,1,301.43856754172884,300.87040550751897
2017-08-16 11:15:00,1,301.57100435969227,301.0194550533169
2017-08-16 11:30:00,1,301.6956866901752,301.16104431748255
2017-08-16 11:45:00,1,301.8135596678916,301.2951545441681
2017-08-16 12:00:00,1,301.92635370373114,301.4235263479279
2017-08-16 12:15:00,1,302.0351577674684,301.54760074077876
2017-08-16 12:30:00,1,302.14144648224493,301.6683686791585
2017-08-16 12:45:00,1,302.2481862947182,301.7873882187372
2017-08-16 13:00:00,1,302.35720498032816,301.90682020974947
2017-08-16 13:15:00,1,302.4683987891229,302.02825678963245
2017-08-16 13:30:00,1,302.5810450811201,302.15207318064245
2017-08-16 13:45:00,1,302.6938892862219,302.2775012468515
2017-08-16 14:00:00,1,302.80467654149913,302.40268140971756
2017-08-16 14:15:00,1,302.91090634390673,302.5250922088116
2017-08-16 14:30:00,1,303.0107969686211,302.64235082157245
2017-08-16 14:45:00,1,303.10453761467534,302.7532620737397
2017-08-16 15:00:00,1,303.1922875214074,302.85768280276085
2017-08-16 15:15:00,1,303.27214883296585,302.954776868682
2017-08-16 15:30:00,1,303.3421889526427,303.04259796721976
2017-08-16 15:45:00,1,303.401040069209,303.11919322182627
2017-08-16 16:00:00,1,303.4475823933466,303.1831567908009
2017-08-16 16:15:00,1,303.478829466161,303.2325051833273
2017-08-16 16:30:00,1,303.49292564281586,303.26498566762314
2017-08-16 16:45:00,1,303.4917388538539,303.280494801073
2017-08-16 17:00:00,1,303.47758972767605,303.28092845355394
2017-08-16 17:15:00,1,303.4512296268076,303.2678055524368
2017-08-16 17:30:00,1,303.41242576883633,303.2411935678849
2017-08-16 17:45:00,1,303.3609544674263,303.2006250856154
2017-08-16 18:00:00,1,303.2967475919229,303.145574722515
2017-08-16 18:15:00,1,303.21808815914386,303.07484455141844
2017-08-16 18:30:00,1,303.1230682574658,302.9858992992651
2017-08-16 18:45:00,1,303.0091690503981,302.87524325144904
2017-08-16 19:00:00,1,302.87384150156373,302.7405549227799
2017-08-16 19:15:00,1,302.7202903479675,302.5844382509954
2017-08-16 19:30:00,1,302.5581917979637,302.41551835199886
2017-08-16 19:45:00,1,302.39599004509125,302.24277189055704
2017-08-16 20:00:00,1,302.2379757770262,302.0717880648233
2017-08-16 20:15:00,1,302.08573338374833,301.9057081985297
2017-08-16 20:30:00,1,301.93985664404005,301.7474627646741
2017-08-16 20:45:00,1,301.8012663883774,301.598542346099
2017-08-16 21:00:00,1,301.67071835977066,301.4539462551704
2017-08-16 21:15:00,1,301.5483398365472,301.31216807852496
2017-08-16 21:30:00,1,301.43392324606833,301.17460078491297
2017-08-16 21:45:00,1,301.32737568953337,301.04280289561854
2017-08-16 22:00:00,1,301.2285424510806,300.91703516253864
2017-08-16 22:15:00,1,301.13704281684346,300.7984734681764
2017-08-16 22:30:00,1,301.0522950970664,300.69263610663637
2017-08-16 22:45:00,1,300.9735540984333,300.5988927895054
2017-08-16 23:00:00,1,300.90009162659436,300.5137407921387
2017-08-16 23:15:00,1,300.8312611818449,300.4345923628935
2017-08-16 23:30:00,1,300.7663653887177,300.3603435001707
2017-08-16 23:45:00,1,300.7044396805137,300.2902613627458
2017-08-17 00:00:00,1,300.64452610611346,300.22334452662136
2017-08-17 00:15:00,1,300.58591799953706,300.15850653802164
2017-08-17 00:30:00,1,300.52810459316584,300.0948673316138
2017-08-17 00:45:00,1,300.47061461091755,300.03174540088514
2017-08-17 01:00:00,1,300.41304678974325,299.9685458920075
2017-08-17 01:15:00,1,300.3551394762597,299.90475077521967
2017-08-17 01:30:00,1,300.2969331726879,299.8401641854422
2017-08-17 01:45:00,1,300.238894072894,299.77526303760885
2017-08-17 02:00:00,1,300.1816137345775,299.71108155496876
2017-08-17 02:15:00,1,300.1255663220104,299.64869774176486
2017-08-17 02:30:00,1,300.0713729666079,299.58907535130373
2017-08-17 02:45:00,1,300.0203995682391,299.53334192683246
2017-08-17 03:00:00,1,299.9740247063115,299.48269516614783
2017-08-17 03:15:00,1,299.9330145763286,299.4379819872819
2017-08-17 03:30:00,1,299.89735504230555,299.3994089470677
2017-08-17 03:45:00,1,299.86602135420014,299.365995714915
2017-08-17 04:00:00,1,299.8377132276561,299.33611663466087
2017-08-17 04:15:00,1,299.811486714017,299.30838608511044
2017-08-17 04:30:00,1,299.78685178170423,299.282119998847
2017-08-17 04:45:00,1,299.7637240431472,299.25708019327396
2017-08-17 05:00:00,1,299.7421742048065,299.2335098690979
2017-08-17 05:15:00,1,299.7222418725778,299.2117309861046
2017-08-17 05:30:00,1,299.7037578022104,299.19178929821743
2017-08-17 05:45:00,1,299.6868368430663,299.17396517036394
2017-08-17 06:00:00,1,299.6735869689564,299.1598507152436
2017-08-17 06:15:00,1,299.6663162335111,299.15185794094805
2017-08-17 06:30:00,1,299.66659328790496,299.1521753125373
2017-08-17 06:45:00,1,299.67601772815027,299.16247663063143
2017-08-17 07:00:00,1,299.69621677256566,299.1840292221138
2017-08-17 07:15:00,1,299.7280335797584,299.2170953166961
2017-08-17 07:30:00,1,299.771301909481,299.26045800162336
2017-08-17 07:45:00,1,299.82575277533164,299.3124282551862
2017-08-17 08:00:00,1,299.89145774898014,299.3708948867345
2017-08-17 08:15:00,1,299.96899017571457,299.43241543395266
2017-08-17 08:30:00,1,300.05915295630984,299.5035721499809
2017-08-17 08:45:00,1,300.16280848674205,299.58875086262816
2017-08-17 09:00:00,1,300.27996299658093,299.6874173948524
2017-08-17 09:15:00,1,300.4086090901515,299.79527022351067
2017-08-17 09:30:00,1,300.54589451077516,299.9175993617318
2017-08-17 09:45:00,1,300.6896643551458,300.0567078277622
2017-08-17 10:00:00,1,300.83837678589384,300.21817603829646
2017-08-17 10:15:00,1,300.9904093264488,300.3895438196704
2017-08-17 10:30:00,1,301.14438994768767,300.5611838264535
2017-08-17 10:45:00,1,301.299852140526,300.73050166390067
2017-08-17 11:00:00,1,301.4567460412456,300.89865982628885
2017-08-17 11:15:00,1,301.61456864061176,301.0665836537094
2017-08-17 11:30:00,1,301.77164428809584,301.2332943738443
2017-08-17 11:45:00,1,301.9242508141766,301.3965113269441
2017-08-17 12:00:00,1,302.0684240425328,301.55289230481327
2017-08-17 12:15:00,1,302.20159527202605,301.6996594013819
2017-08-17 12:30:00,1,302.32373718229087,301.83597035246595
2017-08-17 12:45:00,1,302.43782099662724,301.9633858918143
2017-08-17 13:00:00,1,302.54657483397114,302.0847915917799
2017-08-17 13:15:00,1,302.65090780965284,302.2025460091066
2017-08-17 13:30:00,1,302.75149025112484,302.31790820044915
2017-08-17 13:45:00,1,302.8492026959627,302.43161640289605
2017-08-17 14:00:00,1,302.94385388888196,302.54371712307153
2017-08-17 14:15:00,1,303.0345114408064,302.6532155642938
2017-08-17 14:30:00,1,303.1201460555945,302.7585548491692
2017-08-17 14:45:00,1,303.19906621210646,302.8579303799392
2017-08-17 15:00:00,1,303.27006573239026,302.9494265557761
2017-08-17 15:15:00,1,303.3332621425159,303.0319009392151
2017-08-17 15:30:00,1,303.3890522001388,303.1055663086676
2017-08-17 15:45:00,1,303.43957393888,303.17223222859224
2017-08-17 16:00:00,1,303.48623553067625,303.23386117778267
2017-08-17 16:15:00,1,303.52702792606544,303.29004814193956
2017-08-17 16:30:00,1,303.55897814249795,303.33790703539904
2017-08-17 16:45:00,1,303.5791396758387,303.3740552506437
2017-08-17 17:00:00,1,303.58572680510343,303.3961761083546
2017-08-17 17:15:00,1,303.5767788340312,303.4024877742685
2017-08-17 17:30:00,1,303.55107483261884,303.3914147102722
2017-08-17 17:45:00,1,303.50906090641644,303.36245027917283
2017-08-17 18:00:00,1,303.4505691638109,303.3153522360435
2017-08-17 18:15:00,1,303.3728790533753,303.2474398983333
2017-08-17 18:30:00,1,303.27385434315795,303.15502598551666
2017-08-17 18:45:00,1,303.1518862182005,303.0359556965701
2017-08-17 19:00:00,1,303.0054311483146,302.8894346348253
2017-08-17 19:15:00,1,302.8374741941329,302.71866119197773
2017-08-17 19:30:00,1,302.6586260070431,302.53278342909255
2017-08-17 19:45:00,1,302.47955015142844,302.34317674648656
2017-08-17 20:00:00,1,302.3063491575994,302.15624635292244
2017-08-17 20:15:00,1,302.1415147179631,301.97646326668075
2017-08-17 20:30:00,1,301.9859420096769,301.80724638229003
2017-08-17 20:45:00,1,301.8405515277092,301.65213050279715
2017-08-17 21:00:00,1,301.7059666573388,301.50361968712355
2017-08-17 21:15:00,1,301.58213722025545,301.3601767496246
2017-08-17 21:30:00,1,301.4683921847224,301.22344247342045
2017-08-17 21:45:00,1,301.36346068574204,301.09446568005467
2017-08-17 22:00:00,1,301.2659767049554,300.9725537374195
2017-08-17 22:15:00,1,301.1748145729296,300.85574310014624
2017-08-17 22:30:00,1,301.0891181500116,300.7466985735794
2017-08-17 22:45:00,1,301.0082914558693,300.64830630693984
2017-08-17 23:00:00,1,300.9318787476501,300.5591178401635
2017-08-17 23:15:00,1,300.8594520680731,300.4763060830099
2017-08-17 23:30:00,1,300.7904344180089,300.39795072690976
2017-08-17 23:45:00,1,300.72385475663606,300.3230028818602
2017-08-18 00:00:00,1,300.6587471791445,300.25062597616954
2017-08-18 00:15:00,1,300.5944543845035,300.18001467806664
2017-08-18 00:30:00,1,300.5309036081116,300.1107813558335
2017-08-18 00:45:00,1,300.46902341953825,300.04336782121294
2017-08-18 01:00:00,1,300.40986329064145,299.97873062791786
2017-08-18 01:15:00,1,300.3539772531046,299.91766361107415
2017-08-18 01:30:00,1,300.3014974135186,299.86045503553055
2017-08-18 01:45:00,1,300.2523329291261,299.806993239952
2017-08-18 02:00:00,1,300.20634333368923,299.75703661443765
2017-08-18 02:15:00,1,300.16340640624253,299.710386452457
2017-08-18 02:30:00,1,300.1232279902977,299.6667423515416
2017-08-18 02:45:00,1,300.0849083235394,299.62536214035526
2017-08-18 03:00:00,1,300.04734441829817,299.5851176672254
2017-08-18 03:15:00,1,300.0097006082578,299.544903845676
2017-08-18 03:30:00,1,299.97177299738996,299.50426000981037
2017-08-18 03:45:00,1,299.9345394607216,299.4639121400078
2017-08-18 04:00:00,1,299.89933657155626,299.425536785325
2017-08-18 04:15:00,1,299.86703711238204,299.3905122023496
2017-08-18 04:30:00,1,299.83787163202857,299.3593110805674
2017-08-18 04:45:00,1,299.81141202676434,299.3315261185854
2017-08-18 05:00:00,1,299.78704251591677,299.3062304092061
2017-08-18 05:15:00,1,299.7643228380233,299.2826169784031
2017-08-18 05:30:00,1,299.74298650507313,299.2602399540431
2017-08-18 05:45:00,1,299.72358511612657,299.23968752561717
2017-08-18 06:00:00,1,299.70886095900784,299.2232560492041
2017-08-18 06:15:00,1,299.70131348096737,299.2139476054649
2017-08-18 06:30:00,1,299.7020871854007,299.2138061201719
2017-08-18 06:45:00,1,299.7117146416057,299.2235407119512
2017-08-18 07:00:00,1,299.7305125212736,299.2430799354142
2017-08-18 07:15:00,1,299.75882931059846,299.2721155195427
2017-08-18 07:30:00,1,299.7976830457432,299.3101844207217
2017-08-18 07:45:00,1,299.8486370889114,299.3572029040255
2017-08-18 08:00:00,1,299.91357238678273,299.4120992012896
2017-08-18 08:15:00,1,299.99355919282556,299.4724175219633
2017-08-18 08:30:00,1,300.0884562901713,299.5449079427907
2017-08-18 08:45:00,1,300.19645145361045,299.63235071434354
2017-08-18 09:00:00,1,300.3140213243788,299.7316639096117
2017-08-18 09:15:00,1,300.4367786154832,299.83583181376616
2017-08-18 09:30:00,1,300.5609081469318,299.9483885486036
2017-08-18 09:45:00,1,300.6851970734939,300.07106981728754
2017-08-18 10:00:00,1,300.8097941006587,300.2092840616781
2017-08-18 10:15:00,1,300.9344342644812,300.35361456137605
2017-08-18 10:30:00,1,301.05908621473327,300.49734144669566
2017-08-18 10:45:00,1,301.18552027549,300.6399540103229
2017-08-18 11:00:00,1,301.3157701051224,300.78422157775356
2017-08-18 11:15:00,1,301.4506455022191,300.9323230125798
2017-08-18 11:30:00,1,301.5890559984035,301.08377825447053
2017-08-18 11:45:00,1,301.726902109968,301.23522667608165
2017-08-18 12:00:00,1,301.85959362722997,301.3821453961671
2017-08-18 12:15:00,1,301.98410005396323,301.5209479442377
2017-08-18 12:30:00,1,302.1002902487506,301.6503366456488
2017-08-18 12:45:00,1,302.2117958061167,301.7714132944097
2017-08-18 13:00:00,1,302.32235667945366,301.88926018282274
2017-08-18 13:15:00,1,302.43344198593076,302.0080314532683
2017-08-18 13:30:00,1,302.54425929138137,302.1288472664276
2017-08-18 13:45:00,1,302.65243589790504,302.2499202863681
2017-08-18 14:00:00,1,302.75542184451456,302.3681894640644
2017-08-18 14:15:00,1,302.85116442220504,302.4808533238349
2017-08-18 14:30:00,1,302.93831560817716,302.5860033609022
2017-08-18 14:45:00,1,303.0162462619723,302.68255430886313
2017-08-18 15:00:00,1,303.084417624709,302.76974473617486
2017-08-18 15:15:00,1,303.14034716763445,302.8458926745157
2017-08-18 15:30:00,1,303.18467965389357,302.909931958251
2017-08-18 15:45:00,1,303.221896764033,302.96417551641844
2017-08-18 16:00:00,1,303.2535416904952,303.011925050819
2017-08-18 16:15:00,1,303.27918802023316,303.05421803946297
2017-08-18 16:30:00,1,303.2971738116606,303.0894423902296
2017-08-18 16:45:00,1,303.3053025613255,303.1150604256034
2017-08-18 17:00:00,1,303.3021709160586,303.1291401463582
2017-08-18 17:15:00,1,303.28670534133244,303.1306010021565
2017-08-18 17:30:00,1,303.2583121672735,303.1192684615412
2017-08-18 17:45:00,1,303.2168982576721,303.09147980328436
2017-08-18 18:00:00,1,303.16145256943884,303.04547965297246
2017-08-18 18:15:00,1,303.08809096873716,302.97903281568944
2017-08-18 18:30:00,1,302.99310877615056,302.8888618243645
2017-08-18 18:45:00,1,302.873781730393,302.77176866533927
2017-08-18 19:00:00,1,302.72844312726045,302.6259661149219
2017-08-18 19:15:00,1,302.5599995041204,302.45467083949075
2017-08-18 19:30:00,1,302.37947629342716,302.2648396267072
2017-08-18 19:45:00,1,302.1986251848459,302.06901454797736
2017-08-18 20:00:00,1,302.0246410960541,301.8770783948342
2017-08-18 20:15:00,1,301.86071909794094,301.6948912136685
2017-08-18 20:30:00,1,301.7077566654808,301.5273253073061
2017-08-18 20:45:00,1,301.56553971926104,301.3721262771339
2017-08-18 21:00:00,1,301.43336078270664,301.2231570054709
2017-08-18 21:15:00,1,301.3103285552142,301.07840746070104
2017-08-18 21:30:00,1,301.19567563711905,300.93866822269644
2017-08-18 21:45:00,1,301.0890982849914,300.8047003374083
2017-08-18 22:00:00,1,300.99040976935254,300.67841089448757
2017-08-18 22:15:00,1,300.8992355367355,300.56619544176704
2017-08-18 22:30:00,1,300.814784019271,300.46723028687995
2017-08-18 22:45:00,1,300.73551865175705,300.3769945808963
2017-08-18 23:00:00,1,300.65986513393074,300.29174331448706
2017-08-18 23:15:00,1,300.5867165545499,300.2097242476213
2017-08-18 23:30:00,1,300.515641476776,300.13055253266793
2017-08-18 23:45:00,1,300.4471627511067,300.05456936512405
2017-08-19 00:00:00,1,300.38196605283406,299.98233051101334
2017-08-19 00:15:00,1,300.3203569459182,299.9141945466251
2017-08-19 00:30:00,1,300.26211325689565,299.8500098032008
2017-08-19 00:45:00,1,300.2062932168832,299.7889743812286
2017-08-19 01:00:00,1,300.15184398514486,299.72995261479775
2017-08-19 01:15:00,1,300.0980352828733,299.6719565810472
2017-08-19 01:30:00,1,300.0444669689052,299.61440010100705
2017-08-19 01:45:00,1,299.9910247795044,299.5570827328064
2017-08-19 02:00:00,1,299.9377165001094,299.5000110709379
2017-08-19 02:15:00,1,299.88455298190485,299.44322406377137
2017-08-19 02:30:00,1,299.8316060242413,299.3867594952308
2017-08-19 02:45:00,1,299.7791229723029,299.330667639411
2017-08-19 03:00:00,1,299.72732331800887,299.27494404087327
2017-08-19 03:15:00,1,299.6763407506397,299.2195237006767
2017-08-19 03:30:00,1,299.6264785365891,299.16457376422665
2017-08-19 03:45:00,1,299.57847441497375,299.1108249200884
2017-08-19 04:00:00,1,299.53309285332745,299.05936126349656
2017-08-19 04:15:00,1,299.49079827373396,299.01110622550846
2017-08-19 04:30:00,1,299.451860021744,298.9666344169121
2017-08-19 04:45:00,1,299.416632037332,298.9265201469039
2017-08-19 05:00:00,1,299.3854256621181,298.8910984997891
2017-08-19 05:15:00,1,299.35834450031524,298.86049143694
2017-08-19 05:30:00,1,299.3351516994356,298.8345831739452
2017-08-19 05:45:00,1,299.3158491656216,298.81357028658044
2017-08-19 06:00:00,1,299.30248794783677,298.7987756893091
2017-08-19 06:15:00,1,299.2971232176014,298.7923993330387
2017-08-19 06:30:00,1,299.3008073626208,298.7961574133526
2017-08-19 06:45:00,1,299.31440616362414,298.8108935634922
2017-08-19 07:00:00,1,299.3386746814296,298.8368041460119
2017-08-19 07:15:00,1,299.373669578769,298.87327663898793
2017-08-19 07:30:00,1,299.419405093347,298.9188957448322
2017-08-19 07:45:00,1,299.4762001006365,298.9725593398987
2017-08-19 08:00:00,1,299.5447197027281,299.03306011403396
2017-08-19 08:15:00,1,299.62621498148616,299.09654443876707
2017-08-19 08:30:00,1,299.72170698487196,299.1707491820396
2017-08-19 08:45:00,1,299.83035067965704,299.2598913423659
2017-08-19 09:00:00,1,299.9488267253976,299.36190541919467
2017-08-19 09:15:00,1,300.0727160579283,299.47140959561386
2017-08-19 09:30:00,1,300.19881969102477,299.58371187168166
2017-08-19 09:45:00,1,300.32721229398004,299.7042168457391
2017-08-19 10:00:00,1,300.4593557206178,299.83714190663017
2017-08-19 10:15:00,1,300.5959750203424,299.9887354894268
2017-08-19 10:30:00,1,300.73733207867417,300.1521151153269
2017-08-19 10:45:00,1,300.8844051690792,300.3196547937935
2017-08-19 11:00:00,1,301.03812326164933,300.48931135122234
2017-08-19 11:15:00,1,301.19855077094996,300.6622181486346
2017-08-19 11:30:00,1,301.3637429620737,300.8381990366792
2017-08-19 11:45:00,1,301.5275941014889,301.0134266646653
2017-08-19 12:00:00,1,301.6833003807897,301.1820500247968
2017-08-19 12:15:00,1,301.8264748392643,301.3392158005137
2017-08-19 12:30:00,1,301.95687292213063,301.4831647435007
2017-08-19 12:45:00,1,302.07922002947566,301.61719656428085
2017-08-19 13:00:00,1,302.19833775467475,301.74650041331347
2017-08-19 13:15:00,1,302.3164318594986,301.875101522236
2017-08-19 13:30:00,1,302.43366348909,302.0043940370684
2017-08-19 13:45:00,1,302.54894250542844,302.1335520798598
2017-08-19 14:00:00,1,302.66063681130834,302.2606888828617
2017-08-19 14:15:00,1,302.7663120674775,302.38342096834833
2017-08-19 14:30:00,1,302.8639583033316,302.4993778253257
2017-08-19 14:45:00,1,302.9532314766754,302.60715425188477
2017-08-19 15:00:00,1,303.03403138844874,302.7062815927961
2017-08-19 15:15:00,1,303.10576221391705,302.7963649002693
2017-08-19 15:30:00,1,303.1684664167757,302.8770094140466
2017-08-19 15:45:00,1,303.22166106872334,302.9478865986899
2017-08-19 16:00:00,1,303.2635858565576,303.00810974408967
2017-08-19 16:15:00,1,303.2925858004249,303.05610944606565
2017-08-19 16:30:00,1,303.3074746743101,303.0903528104124
2017-08-19 16:45:00,1,303.30832303725373,303.11037525002433
2017-08-19 17:00:00,1,303.2959899778454,303.11659030113117
2017-08-19 17:15:00,1,303.2706250462832,303.109233948007
2017-08-19 17:30:00,1,303.23217997657133,303.08854633866423
2017-08-19 17:45:00,1,303.1809371458454,303.05325978691184
2017-08-19 18:00:00,1,303.1161963940532,303.0003387407619
2017-08-19 18:15:00,1,303.03436093431213,302.9268479164617
2017-08-19 18:30:00,1,302.9318277435243,302.8298044610185
2017-08-19 18:45:00,1,302.8058418217057,302.70644424414957
2017-08-19 19:00:00,1,302.65506780889234,302.5553762974308
2017-08-19 19:15:00,1,302.4831173675293,302.3801978220539
2017-08-19 19:30:00,1,302.30099340086485,302.1895522532783
2017-08-19 19:45:00,1,302.11941030607085,301.9942819058727
2017-08-19 20:00:00,1,301.94447980545095,301.80274042442124
2017-08-19 20:15:00,1,301.77875946789135,301.61999198955976
2017-08-19 20:30:00,1,301.62301076876633,301.45041317639595
2017-08-19 20:45:00,1,301.47746571902513,301.29404869240255
2017-08-19 21:00:00,1,301.3419735566361,301.144265541285
2017-08-19 21:15:00,1,301.2159901190463,300.99866896063753
2017-08-19 21:30:00,1,301.0987493046539,300.8581701599706
2017-08-19 21:45:00,1,300.9894081767156,300.7236930822419
2017-08-19 22:00:00,1,300.8871368143635,300.5944224130688
2017-08-19 22:15:00,1,300.79116055695863,300.4747024491103
2017-08-19 22:30:00,1,300.70073059287023,300.36716167591004
2017-08-19 22:45:00,1,300.6150332679553,300.2692473199081
2017-08-19 23:00:00,1,300.5332779900468,300.17727237561303
2017-08-19 23:15:00,1,300.45480192666236,300.08908413586914
2017-08-19 23:30:00,1,300.37925033917264,300.0041423721461
2017-08-19 23:45:00,1,300.30686611737747,299.9227431228664
2017-08-20 00:00:00,1,300.2380359671566,299.84534148361234
2017-08-20 00:15:00,1,300.1729095961778,299.772184806562
2017-08-20 00:30:00,1,300.11129385201934,299.7031370292269
2017-08-20 00:45:00,1,300.0525545217018,299.6376638417424
2017-08-20 01:00:00,1,299.99598300558904,299.5750469239787
2017-08-20 01:15:00,1,299.94105668563964,299.5146543785319
2017-08-20 01:30:00,1,299.88758320487995,299.4561855351836
2017-08-20 01:45:00,1,299.8359043120264,299.3998045473436
2017-08-20 02:00:00,1,299.78647733793036,299.3459346383192
2017-08-20 02:15:00,1,299.7395230245536,299.2949050830105
2017-08-20 02:30:00,1,299.69482814231577,299.24660083078834
2017-08-20 02:45:00,1,299.6515195612077,299.2002834526746
2017-08-20 03:00:00,1,299.6086308988272,299.15489770232773
2017-08-20 03:15:00,1,299.5655260113332,299.1095561931617
2017-08-20 03:30:00,1,299.5220828745475,299.06391795413333
2017-08-20 03:45:00,1,299.4789386469157,299.0183021806465
2017-08-20 04:00:00,1,299.4368951860333,298.97334137531607
2017-08-20 04:15:00,1,299.3965080450179,298.9295631328491
2017-08-20 04:30:00,1,299.3580556850439,298.88721301531984
2017-08-20 04:45:00,1,299.3212853910011,298.846211286111
2017-08-20 05:00:00,1,299.2856560997442,298.8062556885016
2017-08-20 05:15:00,1,299.25070118065446,298.7671526482238
2017-08-20 05:30:00,1,299.2160788138053,298.72859776662267
2017-08-20 05:45:00,1,299.1822471924391,298.6909758721344
2017-08-20 06:00:00,1,299.15182321068187,298.6564079732329
2017-08-20 06:15:00,1,299.1276448384584,298.62805697512226
2017-08-20 06:30:00,1,299.11232416866756,298.60938644408054
2017-08-20 06:45:00,1,299.10879123180905,298.6037951826279
2017-08-20 07:00:00,1,299.119252975131,298.6136842536314
2017-08-20 07:15:00,1,299.14385048605254,298.6391467122019
2017-08-20 07:30:00,1,299.18171635519764,298.67860025262564
2017-08-20 07:45:00,1,299.23309523325105,298.7301723337815
2017-08-20 08:00:00,1,299.29948019665875,298.7929149091354
2017-08-20 08:15:00,1,299.38305670944806,298.866280724886
2017-08-20 08:30:00,1,299.4846675264673,298.94641689716923
2017-08-20 08:45:00,1,299.60300759650085,299.04032625479607
2017-08-20 09:00:00,1,299.73573607318855,299.1500888676385
2017-08-20 09:15:00,1,299.8801878180557,299.2711263758854
2017-08-20 09:30:00,1,300.03392298864213,299.40162201973243
2017-08-20 09:45:00,1,300.1945348009658,299.5457246615267
2017-08-20 10:00:00,1,300.3592919242812,299.7047594559787
2017-08-20 10:15:00,1,300.5251646186033,299.88335350997045
2017-08-20 10:30:00,1,300.6896744353893,300.0677322576639
2017-08-20 10:45:00,1,300.8518831842719,300.24786956575605
2017-08-20 11:00:00,1,301.0115517508454,300.4219844327542
2017-08-20 11:15:00,1,301.16810919618734,300.5918535546967
2017-08-20 11:30:00,1,301.3203731715953,300.7581436655613
2017-08-20 11:45:00,1,301.4662369323941,300.91927317533026
2017-08-20 12:00:00,1,301.60364749027,301.07274149660464
2017-08-20 12:15:00,1,301.73128212553826,301.2165731560075
2017-08-20 12:30:00,1,301.8500027423698,301.3502843270852
2017-08-20 12:45:00,1,301.96428795537867,301.4771252069949
2017-08-20 13:00:00,1,302.07830642403667,301.6016703859126
2017-08-20 13:15:00,1,302.1936129543509,301.7274791203664
2017-08-20 13:30:00,1,302.309337134944,301.8552961207019
2017-08-20 13:45:00,1,302.42218764297655,301.98277440570547
2017-08-20 14:00:00,1,302.52846744325853,302.10604558691387
2017-08-20 14:15:00,1,302.6253431978999,302.2215937405271
2017-08-20 14:30:00,1,302.71159921448077,302.3275604220495
2017-08-20 14:45:00,1,302.7882878526737,302.4240924573155
2017-08-20 15:00:00,1,302.8567775752636,302.51216166670486
2017-08-20 15:15:00,1,302.9175243312645,302.5923263626894
2017-08-20 15:30:00,1,302.97147150244103,302.66491161343293
2017-08-20 15:45:00,1,303.0186674323498,302.7301013589142
2017-08-20 16:00:00,1,303.0573637752483,302.787034873631
2017-08-20 16:15:00,1,303.08536807953783,302.8336931242148
2017-08-20 16:30:00,1,303.1012104722935,302.8681543540804
2017-08-20 16:45:00,1,303.1046328785812,302.88973546661094
2017-08-20 17:00:00,1,303.09589480145246,302.8985098824671
2017-08-20 17:15:00,1,303.07384945271184,302.89378052556043
2017-08-20 17:30:00,1,303.0375636077153,302.8742539644413
2017-08-20 17:45:00,1,302.9877090489568,302.8398258286805
2017-08-20 18:00:00,1,302.9243333670051,302.7879523401974
2017-08-20 18:15:00,1,302.8449737836512,302.7166741398617
2017-08-20 18:30:00,1,302.74688230837126,302.6240334487368
2017-08-20 18:45:00,1,302.6279333030588,302.507924777437
2017-08-20 19:00:00,1,302.4872567667528,302.3673112051559
2017-08-20 19:15:00,1,302.3288067440176,302.20569334373505
2017-08-20 19:30:00,1,302.1626047970789,302.0322581280877
2017-08-20 19:45:00,1,301.9973346724792,301.8558636234449
2017-08-20 20:00:00,1,301.83739745415835,301.68266728065765
2017-08-20 20:15:00,1,301.6844330545691,301.5156238974769
2017-08-20 20:30:00,1,301.5391705938245,301.3572032441176
2017-08-20 20:45:00,1,301.40294521610326,301.21006091411255
2017-08-20 21:00:00,1,301.27691692367733,301.07150752149255
2017-08-20 21:15:00,1,301.161384694694,300.9392873761739
2017-08-20 21:30:00,1,301.0557943048569,300.81367340843184
2017-08-20 21:45:00,1,300.9587408349699,300.69526625405393
2017-08-20 22:00:00,1,300.8686720459284,300.5835154071839
2017-08-20 22:15:00,1,300.7843574954649,300.4767860415069
2017-08-20 22:30:00,1,300.7048738361696,300.3754601206071
2017-08-20 22:45:00,1,300.6294878164511,300.28311229121005
2017-08-20 23:00:00,1,300.5576049143219,300.1990737216155
2017-08-20 23:15:00,1,300.48874198038175,300.12060152225274
2017-08-20 23:30:00,1,300.42245239897227,300.04561999175115
2017-08-20 23:45:00,1,300.3582735481578,299.97325638586426
2017-08-21 00:00:00,1,300.2957978518706,299.9031936733625
2017-08-21 00:15:00,1,300.23469607416297,299.8351459427373
2017-08-21 00:30:00,1,300.1747536195171,299.7687944666347
2017-08-21 00:45:00,1,300.11597405224785,299.7039698756532
2017-08-21 01:00:00,1,300.05844684557366,299.640693951741
2017-08-21 01:15:00,1,300.0022015013829,299.5790459473488
2017-08-21 01:30:00,1,299.94726025570856,299.5190734878408
2017-08-21 01:45:00,1,299.893742408461,299.4607858944251
2017-08-21 02:00:00,1,299.84170452710373,299.40412160168194
2017-08-21 02:15:00,1,299.7910715892404,299.34891331769825
2017-08-21 02:30:00,1,299.74158558594564,299.29481552573964
2017-08-21 02:45:00,1,299.69268246181554,299.2412453574383
2017-08-21 03:00:00,1,299.6438140779943,299.1875386608271
2017-08-21 03:15:00,1,299.59468865460565,299.1332239159922
2017-08-21 03:30:00,1,299.54539952160553,299.07831624277804
2017-08-21 03:45:00,1,299.49655099391254,299.02343740228196
2017-08-21 04:00:00,1,299.4488082970045,298.969497300635
2017-08-21 04:15:00,1,299.40259023624856,298.9172471909429
2017-08-21 04:30:00,1,299.35826884290645,298.8673055792339
2017-08-21 04:45:00,1,299.3166446356601,298.82058567855535
2017-08-21 05:00:00,1,299.27862717465655,298.77826927397075
2017-08-21 05:15:00,1,299.2447792798336,298.74143510666204
2017-08-21 05:30:00,1,299.2152741009085,298.7103711156305
2017-08-21 05:45:00,1,299.19069108202774,298.6853038297571
2017-08-21 06:00:00,1,299.17322200494056,298.66757807974744
2017-08-21 06:15:00,1,299.1650440461575,298.6589722825744
2017-08-21 06:30:00,1,299.1672987917505,298.6610685226853
2017-08-21 06:45:00,1,299.1800803783274,298.6744870804565
2017-08-21 07:00:00,1,299.203040417893,298.698946312914
2017-08-21 07:15:00,1,299.2358483422431,298.7338707503471
2017-08-21 07:30:00,1,299.2791717690656,298.7784397086982
2017-08-21 07:45:00,1,299.33475628399384,298.83287785954224
2017-08-21 08:00:00,1,299.4043169319584,298.8974905024588
2017-08-21 08:15:00,1,299.48781832302643,298.97018223720795
2017-08-21 08:30:00,1,299.5841250018868,299.0470969222512
2017-08-21 08:45:00,1,299.69409232034167,299.1328709918458
2017-08-21 09:00:00,1,299.81932075246664,299.23040315258515
2017-08-21 09:15:00,1,299.9600027501689,299.3488240010189
2017-08-21 09:30:00,1,300.11446116725955,299.48982366551024
2017-08-21 09:45:00,1,300.27834179154155,299.64968049033223
2017-08-21 10:00:00,1,300.4457326658617,299.83061622629583
2017-08-21 10:15:00,1,300.61105165903103,300.0162420583215
2017-08-21 10:30:00,1,300.77103531157877,300.19528747276877
2017-08-21 10:45:00,1,300.92647187038784,300.3663564911918
2017-08-21 11:00:00,1,301.0796013253813,300.5330506929178
2017-08-21 11:15:00,1,301.231656485871,300.6983375830613
2017-08-21 11:30:00,1,301.38231347752725,300.8623647418392
2017-08-21 11:45:00,1,301.52927513922026,301.02299163345265
2017-08-21 12:00:00,1,301.66979497655313,301.17741502524973
2017-08-21 12:15:00,1,301.802122465016,301.3234917435478
2017-08-21 12:30:00,1,301.9267196731848,301.4604094805331
2017-08-21 12:45:00,1,302.04579703972547,301.5903394859356
2017-08-21 13:00:00,1,302.1609012827067,301.71584445837385
2017-08-21 13:15:00,1,302.2721414589889,301.8385017290902
2017-08-21 13:30:00,1,302.37885088161613,301.95850021135016
2017-08-21 13:45:00,1,302.48015462822195,302.07506694692336
2017-08-21 14:00:00,1,302.57508106006856,302.1869626334344
2017-08-21 14:15:00,1,302.66244629955986,302.29271378870624
2017-08-21 14:30:00,1,302.74141453133564,302.39106257223676
2017-08-21 14:45:00,1,302.8120021946286,302.4813979023931
2017-08-21 15:00:00,1,302.8743134404882,302.5634595147419
2017-08-21 15:15:00,1,302.9280685202957,302.63694911171626
2017-08-21 15:30:00,1,302.9733125300732,302.7016579208739
2017-08-21 15:45:00,1,303.0102209280754,302.7574883694964
2017-08-21 16:00:00,1,303.0383552390204,302.8039545086913
2017-08-21 16:15:00,1,303.0546855014769,302.83903846083047
2017-08-21 16:30:00,1,303.05854173906636,302.8606113663927
2017-08-21 16:45:00,1,303.05155658434757,302.8688377423526
2017-08-21 17:00:00,1,303.0324874811544,302.86416398308734
2017-08-21 17:15:00,1,302.9988874907909,302.84531580328695
2017-08-21 17:30:00,1,302.9499442886953,302.81073577734986
2017-08-21 17:45:00,1,302.88670410571683,302.7603446168999
2017-08-21 18:00:00,1,302.80968964349734,302.6949222489727
2017-08-21 18:15:00,1,302.717159773094,302.6112167043908
2017-08-21 18:30:00,1,302.60737862313624,302.5061678778386
2017-08-21 18:45:00,1,302.4769312720618,302.3765166040183
2017-08-21 19:00:00,1,302.32290900314547,302.22087182564184
2017-08-21 19:15:00,1,302.15360602668784,302.04524406494016
2017-08-21 19:30:00,1,301.9809198343007,301.8604520257001
2017-08-21 19:45:00,1,301.812499801522,301.67702540291737
2017-08-21 20:00:00,1,301.65177019625327,301.50069660524554
2017-08-21 20:15:00,1,301.499738704846,301.33355325479255
2017-08-21 20:30:00,1,301.3565815351419,301.1784417934934
2017-08-21 20:45:00,1,301.2228326343854,301.03165398046565
2017-08-21 21:00:00,1,301.0989048871148,300.89002583015343
2017-08-21 21:15:00,1,300.98465245787713,300.7538418807556
2017-08-21 21:30:00,1,300.8794186943202,300.6244124012929
2017-08-21 21:45:00,1,300.78208786502455,300.50188026405243
2017-08-21 22:00:00,1,300.69149667447687,300.3844422926153
2017-08-21 22:15:00,1,300.6066867745942,300.2776074794956
2017-08-21 22:30:00,1,300.5269840362467,300.18234396279496
2017-08-21 22:45:00,1,300.45206927174024,300.0957398240339
2017-08-21 23:00:00,1,300.381697454075,300.01499289627856
2017-08-21 23:15:00,1,300.31553529511575,299.93888536227416
2017-08-21 23:30:00,1,300.25309607865904,299.8670569143699
2017-08-21 23:45:00,1,300.1936445106022,299.7990874295135
2017-08-22 00:00:00,1,300.13647982869827,299.7343167959877
2017-08-22 00:15:00,1,300.0811019021961,299.6720871855677
2017-08-22 00:30:00,1,300.0271661478135,299.6119214191518
2017-08-22 00:45:00,1,299.9744076925484,299.55348232655706
2017-08-22 01:00:00,1,299.9226062677799,299.49648448999403
2017-08-22 01:15:00,1,299.87158719868603,299.44066864404516
2017-08-22 01:30:00,1,299.8213648783037,299.3859538903984
2017-08-22 01:45:00,1,299.7723854063855,299.3326106792394
2017-08-22 02:00:00,1,299.7251472495723,299.28112352263514
2017-08-22 02:15:00,1,299.67991602027786,299.2318945399904
2017-08-22 02:30:00,1,299.63694549148795,299.1852465784639
2017-08-22 02:45:00,1,299.596953254109,299.1417580160969
2017-08-22 03:00:00,1,299.56075735299606,299.10240516836075
2017-08-22 03:15:00,1,299.52884527882355,299.06791172001147
2017-08-22 03:30:00,1,299.50116858332166,299.0382095401436
2017-08-22 03:45:00,1,299.4768559270956,299.01250723689486
2017-08-22 04:00:00,1,299.45475356498685,298.98959053692624
2017-08-22 04:15:00,1,299.4339646499758,298.9683147985606
2017-08-22 04:30:00,1,299.41384196850055,298.94783523463093
2017-08-22 04:45:00,1,299.3937496880281,298.9274691297322
2017-08-22 05:00:00,1,299.3731240707049,298.90656726762364
2017-08-22 05:15:00,1,299.35159191687796,298.88455576701114
2017-08-22 05:30:00,1,299.3290596773452,298.86114554036334
2017-08-22 05:45:00,1,299.30647209150465,298.837145783255
2017-08-22 06:00:00,1,299.28671940904565,298.8151562079946
2017-08-22 06:15:00,1,299.27275102079454,298.7987036805955
2017-08-22 06:30:00,1,299.2670679523054,298.7912713245092
2017-08-22 06:45:00,1,299.27235185659504,298.79568346946064
2017-08-22 07:00:00,1,299.29032137952623,298.81337643733343
2017-08-22 07:15:00,1,299.3208526479045,298.8440895661678
2017-08-22 07:30:00,1,299.36333415291756,298.88573067427524
2017-08-22 07:45:00,1,299.41842298323604,298.93699339553217
2017-08-22 08:00:00,1,299.48715186243305,298.9967673358309
2017-08-22 08:15:00,1,299.5695784007313,299.06156245654023
2017-08-22 08:30:00,1,299.665028573861,299.1360714942588
2017-08-22 08:45:00,1,299.77181958262537,299.2210746496311
2017-08-22 09:00:00,1,299.8875789199049,299.3170167778897
2017-08-22 09:15:00,1,300.0096637300354,299.4267868642309
2017-08-22 09:30:00,1,300.1360667027965,299.5499120366912
2017-08-22 09:45:00,1,300.266461648646,299.6856476907288
2017-08-22 10:00:00,1,300.4012113999919,299.83746509464373
2017-08-22 10:15:00,1,300.54003090973885,299.99639337704934
2017-08-22 10:30:00,1,300.68152880763853,300.1551714156021
2017-08-22 10:45:00,1,300.82249317644096,300.31076076713146
2017-08-22 11:00:00,1,300.95935089922375,300.46174439431985
2017-08-22 11:15:00,1,301.08936473907784,300.6065501121273
2017-08-22 11:30:00,1,301.2112916671085,300.7438789723547
2017-08-22 11:45:00,1,301.325931510513,300.87373079727536
2017-08-22 12:00:00,1,301.4345806649166,300.9971040204522
2017-08-22 12:15:00,1,301.53805114550045,301.1150384211234
2017-08-22 12:30:00,1,301.638155181158,301.2285070107374
2017-08-22 12:45:00,1,301.7378039918714,301.33810894987164
2017-08-22 13:00:00,1,301.8385951067978,301.44526982240313
2017-08-22 13:15:00,1,301.94042641440234,301.55420929943347
2017-08-22 13:30:00,1,302.0430144291902,301.66672775891857
2017-08-22 13:45:00,1,302.14717145957064,301.78303110774436
2017-08-22 14:00:00,1,302.25422772878886,301.9030144772352
2017-08-22 14:15:00,1,302.36519729872566,302.0265173270757
2017-08-22 14:30:00,1,302.47891463268746,302.15221996931007
2017-08-22 14:45:00,1,302.5904688547547,302.27639795089226
2017-08-22 15:00:00,1,302.6943323013935,302.3940146715697
2017-08-22 15:15:00,1,302.78667166722784,302.50101981726345
2017-08-22 15:30:00,1,302.86603932617186,302.59560701465836
2017-08-22 15:45:00,1,302.9326007521865,302.6776827717949
2017-08-22 16:00:00,1,302.98656457545354,302.74733613578036
2017-08-22 16:15:00,1,303.02717717985627,302.80383064245706
2017-08-22 16:30:00,1,303.05402847073816,302.846217316039
2017-08-22 16:45:00,1,303.06674647067575,302.8739879189756
2017-08-22 17:00:00,1,303.0638669082243,302.8861656721897
2017-08-22 17:15:00,1,303.0431971057291,302.8808725743547
2017-08-22 17:30:00,1,303.0041324627895,302.8568090880794
2017-08-22 17:45:00,1,302.9478267839195,302.81430009161005
2017-08-22 18:00:00,1,302.87488332306657,302.75394873396664
2017-08-22 18:15:00,1,302.78356258786573,302.67413334733493
2017-08-22 18:30:00,1,302.6720750452578,302.57054111823936
2017-08-22 18:45:00,1,302.5366253589581,302.43872998150187
2017-08-22 19:00:00,1,302.3741913183234,302.2772383091606
2017-08-22 19:15:00,1,302.1949733516024,302.09403137619154
2017-08-22 19:30:00,1,302.0127265326306,301.90102558614853
2017-08-22 19:45:00,1,301.83622996713495,301.7101778086867
2017-08-22 20:00:00,1,301.66957303972293,301.5282689568701
2017-08-22 20:15:00,1,301.5140215008754,301.35719592819237
2017-08-22 20:30:00,1,301.369433920598,301.1990848460998
2017-08-22 20:45:00,1,301.2350305969185,301.0531531067338
2017-08-22 21:00:00,1,301.1097930962935,300.9136049938413
2017-08-22 21:15:00,1,300.9926821906787,300.7777611818035
2017-08-22 21:30:00,1,300.88297995876235,300.6458608004825
2017-08-22 21:45:00,1,300.7807800073871,300.5190705576265
2017-08-22 22:00:00,1,300.6863978914518,300.3980429856976
2017-08-22 22:15:00,1,300.5998270724243,300.285641829512
2017-08-22 22:30:00,1,300.5206568974354,300.1867671729281
2017-08-22 22:45:00,1,300.44805106559016,300.10032512408543
2017-08-22 23:00:00,1,300.38105733032967,300.02253692234643
2017-08-22 23:15:00,1,300.31885336234814,299.9505461727748
2017-08-22 23:30:00,1,300.260654801412,299.8830695470003
2017-08-22 23:45:00,1,300.20548770153505,299.81943367727774
2017-08-23 00:00:00,1,300.1524656806176,299.7589138960314
2017-08-23 00:15:00,1,300.100979523192,299.7007490312229
2017-08-23 00:30:00,1,300.05063323654684,299.6443385757818
2017-08-23 00:45:00,1,300.0011460547313,299.58929233649286
2017-08-23 01:00:00,1,299.9523115912227,299.5353606147848
2017-08-23 01:15:00,1,299.90397998777934,299.48236083992964
2017-08-23 01:30:00,1,299.85603776182523,299.43014017175335
2017-08-23 01:45:00,1,299.8083893920259,299.37855970736786
2017-08-23 02:00:00,1,299.760952868979,299.3274929361816
2017-08-23 02:15:00,1,299.7136589719478,299.27682884234775
2017-08-23 02:30:00,1,299.66638107317357,299.2263882043704
2017-08-23 02:45:00,1,299.6187914991402,299.1757606016408
2017-08-23 03:00:00,1,299.57052126294946,299.1243324878538
2017-08-23 03:15:00,1,299.52137286666004,299.0715494701637
2017-08-23 03:30:00,1,299.47154622022276,299.01736423265885
2017-08-23 03:45:00,1,299.42182429325544,298.9625098424384
2017-08-23 04:00:00,1,299.37304996521203,298.9081441209962
2017-08-23 04:15:00,1,299.3257626731806,298.855262598739
2017-08-23 04:30:00,1,299.28028255780686,298.8045086777348
2017-08-23 04:45:00,1,299.23696090386824,298.7564129945407
2017-08-23 05:00:00,1,299.196145638098,298.7115334713835
2017-08-23 05:15:00,1,299.15805178954867,298.67033359654926
2017-08-23 05:30:00,1,299.12284720382183,298.6332383646488
2017-08-23 05:45:00,1,299.0915869344896,298.6008944585084
2017-08-23 06:00:00,1,299.06720035475496,298.57529195839453
2017-08-23 06:15:00,1,299.0524418611149,298.5593146825353
2017-08-23 06:30:00,1,299.04899276807515,298.5555310774321
2017-08-23 06:45:00,1,299.0574631145561,298.5650194649115
2017-08-23 07:00:00,1,299.0778644978935,298.58742856109717
2017-08-23 07:15:00,1,299.10986665727035,298.62174439817835
2017-08-23 07:30:00,1,299.15194489807504,298.6651497430723
2017-08-23 07:45:00,1,299.20175964038145,298.7149640435983
2017-08-23 08:00:00,1,299.2573546146011,298.7693451398168
2017-08-23 08:15:00,1,299.3196406618976,298.8282516253442
2017-08-23 08:30:00,1,299.392039755754,298.89320555520067
2017-08-23 08:45:00,1,299.47897942549827,298.96329133936257
2017-08-23 09:00:00,1,299.5837201500368,299.0438187817866
2017-08-23 09:15:00,1,299.7051902124274,299.13774054377114
2017-08-23 09:30:00,1,299.840117618375,299.2525123230446
2017-08-23 09:45:00,1,299.9850401927417,299.38809374173366
2017-08-23 10:00:00,1,300.13688501390874,299.54047037966666
2017-08-23 10:15:00,1,300.29252265551906,299.7132585136789
2017-08-23 10:30:00,1,300.4504602958349,299.89309660014646
2017-08-23 10:45:00,1,300.61373158439915,300.07363870441225
2017-08-23 11:00:00,1,300.78648844270185,300.2570389892737
2017-08-23 11:15:00,1,300.97022506988895,300.446734642316
2017-08-23 11:30:00,1,301.1625712987166,300.6422436050325
2017-08-23 11:45:00,1,301.35813617591253,300.83925537857834
2017-08-23 12:00:00,1,301.55163134578663,301.03263055861396
2017-08-23 12:15:00,1,301.7395848067848,301.21854292298343
2017-08-23 12:30:00,1,301.92081014742377,301.3968165245415
2017-08-23 12:45:00,1,302.09396178172074,301.56768794327917
2017-08-23 13:00:00,1,302.25578182651697,301.7306649340713
2017-08-23 13:15:00,1,302.40266407092145,301.8844314501517
2017-08-23 13:30:00,1,302.53372398541916,302.02843309566646
2017-08-23 13:45:00,1,302.6532416954781,302.1646888759711
2017-08-23 14:00:00,1,302.76630954548875,302.2965018975833
2017-08-23 14:15:00,1,302.87550914304063,302.4258460830014
2017-08-23 14:30:00,1,302.981629171354,302.5528462686227
2017-08-23 14:45:00,1,303.08499700264406,302.676940915865
2017-08-23 15:00:00,1,303.1853232712828,302.79742926228613
2017-08-23 15:15:00,1,303.2813787153745,302.91320008043147
2017-08-23 15:30:00,1,303.3713581756982,303.0225192102597
2017-08-23 15:45:00,1,303.4526480504607,303.12292847009365
2017-08-23 16:00:00,1,303.5220716726821,303.2113816177642
2017-08-23 16:15:00,1,303.5765593938128,303.2848552986696
2017-08-23 16:30:00,1,303.6139306321783,303.3410565627657
2017-08-23 16:45:00,1,303.6327542966512,303.37866286075354
2017-08-23 17:00:00,1,303.63198729448953,303.3966843513164
2017-08-23 17:15:00,1,303.61024519657053,303.3939063471339
2017-08-23 17:30:00,1,303.56782717416877,303.36991122131747
2017-08-23 17:45:00,1,303.50681161786724,303.325769890716
2017-08-23 18:00:00,1,303.42848562907665,303.2622726862407
2017-08-23 18:15:00,1,303.3312366097402,303.17802653153444
2017-08-23 18:30:00,1,303.2130640281904,303.07023738726656
2017-08-23 18:45:00,1,303.07061071526556,302.9343340468564
2017-08-23 19:00:00,1,302.90132363602265,302.76813612104684
2017-08-23 19:15:00,1,302.71605451044917,302.579254665372
2017-08-23 19:30:00,1,302.5285401212876,302.38175593533987
2017-08-23 19:45:00,1,302.3459113116592,302.1873980190987
2017-08-23 20:00:00,1,302.1704776417733,302.00203694082296
2017-08-23 20:15:00,1,302.0025409868689,301.8269415095278
2017-08-23 20:30:00,1,301.8419666768938,301.659085728954
2017-08-23 20:45:00,1,301.6892008084877,301.4983400089219
2017-08-23 21:00:00,1,301.54467834574416,301.3470033773897
2017-08-23 21:15:00,1,301.4083256958001,301.20018576827596
2017-08-23 21:30:00,1,301.2798162092502,301.05613239756605
2017-08-23 21:45:00,1,301.15899014681224,300.9158849131962
2017-08-23 22:00:00,1,301.0456386050433,300.78088399935785
2017-08-23 22:15:00,1,300.9393272311369,300.65154343287105
2017-08-23 22:30:00,1,300.8393150216067,300.52696619549437
2017-08-23 22:45:00,1,300.7443876119807,300.4074009009877
2017-08-23 23:00:00,1,300.65331883992405,300.2977307239335
2017-08-23 23:15:00,1,300.5652030628416,300.19700270275683
2017-08-23 23:30:00,1,300.4796928281564,300.10175247687823
2017-08-23 23:45:00,1,300.39732432711526,300.0100624636327
2017-08-24 00:00:00,1,300.3187322350012,299.92205008253023
2017-08-24 00:15:00,1,300.24413693598876,299.8383790599747
2017-08-24 00:30:00,1,300.1733789079278,299.75915141809014
2017-08-24 00:45:00,1,300.1059870777137,299.68377207778417
2017-08-24 01:00:00,1,300.0414127710586,299.61134424660685
2017-08-24 01:15:00,1,299.97923854642073,299.54108835684065
2017-08-24 01:30:00,1,299.9191954008565,299.47254670240943
2017-08-24 01:45:00,1,299.8609624917528,299.405551305765
2017-08-24 02:00:00,1,299.804202357304,299.34008228512323
2017-08-24 02:15:00,1,299.74865686516495,299.2761386085311
2017-08-24 02:30:00,1,299.6942541107361,299.21378667393105
2017-08-24 02:45:00,1,299.6412832511769,299.1532764326616
2017-08-24 03:00:00,1,299.59010065375,299.0949591620384
2017-08-24 03:15:00,1,299.54089041954194,299.03909081693325
2017-08-24 03:30:00,1,299.4935535046729,298.9856217640744
2017-08-24 03:45:00,1,299.4475543268365,298.9341068117608
2017-08-24 04:00:00,1,299.4022619642562,298.883896199717
2017-08-24 04:15:00,1,299.35722665773255,298.8344212462761
2017-08-24 04:30:00,1,299.31230549154645,298.7853835437078
2017-08-24 04:45:00,1,299.2678206290842,298.73695549470904
2017-08-24 05:00:00,1,299.22420884620755,298.68955591325096
2017-08-24 05:15:00,1,299.1817440184077,298.64353083157516
2017-08-24 05:30:00,1,299.140554693819,298.59904244529474
2017-08-24 05:45:00,1,299.10127351847404,298.5566819941193
2017-08-24 06:00:00,1,299.06610934413817,298.5184146456919
2017-08-24 06:15:00,1,299.0376674210574,298.48688244327013
2017-08-24 06:30:00,1,299.01868015102735,298.46524576917636
2017-08-24 06:45:00,1,299.0122480456111,298.4570636385631
2017-08-24 07:00:00,1,299.02094739659384,298.4654934721934
2017-08-24 07:15:00,1,299.04555848507044,298.4918623591511
2017-08-24 07:30:00,1,299.0865942159947,298.5362376030045
2017-08-24 07:45:00,1,299.14662261019333,298.59768353936886
2017-08-24 08:00:00,1,299.22784802264584,298.6759734413074
2017-08-24 08:15:00,1,299.33030486115,298.7694293171289
2017-08-24 08:30:00,1,299.45264427496505,298.8697277439765
2017-08-24 08:45:00,1,299.59311550763516,298.98070899494536
2017-08-24 09:00:00,1,299.74982844612924,299.1048094681362
2017-08-24 09:15:00,1,299.92057284918207,299.25082328221225
2017-08-24 09:30:00,1,300.1027446129208,299.4190611577401
2017-08-24 09:45:00,1,300.2935701826026,299.60586280087125
2017-08-24 10:00:00,1,300.4900345820979,299.8177465405431
2017-08-24 10:15:00,1,300.6888919289759,300.03788174204163
2017-08-24 10:30:00,1,300.8875576393272,300.2548046944424
2017-08-24 10:45:00,1,301.0851769362565,300.4669083914304
2017-08-24 11:00:00,1,301.28121555074574,300.67650559449083
2017-08-24 11:15:00,1,301.4749318973092,300.8845883041287
2017-08-24 11:30:00,1,301.6657354158353,301.09015072781943
2017-08-24 11:45:00,1,301.8522653207674,301.2913225101759
2017-08-24 12:00:00,1,302.0334747501067,301.4865469651049
2017-08-24 12:15:00,1,302.20883665031556,301.67503719437383
2017-08-24 12:30:00,1,302.37884622106077,301.85733930719977
2017-08-24 12:45:00,1,302.54540630464356,302.0351449843264
2017-08-24 13:00:00,1,302.7097121345255,302.2102893111915
2017-08-24 13:15:00,1,302.8714338940498,302.3836980421499
2017-08-24 13:30:00,1,303.02925607824693,302.55490522779763
2017-08-24 13:45:00,1,303.18121173886,302.7223085648449
2017-08-24 14:00:00,1,303.3252772074905,302.8838135045683
2017-08-24 14:15:00,1,303.4596110723288,303.0373498499479
2017-08-24 14:30:00,1,303.5830652243238,303.18138355513634
2017-08-24 14:45:00,1,303.6955050346349,303.3151423700447
2017-08-24 15:00:00,1,303.7972720273891,303.43841126222975
2017-08-24 15:15:00,1,303.8885525111542,303.5510011287479
2017-08-24 15:30:00,1,303.968671480609,303.6521895853935
2017-08-24 15:45:00,1,304.0368970381814,303.7409879605806
2017-08-24 16:00:00,1,304.092496631467,303.8164154131069
2017-08-24 16:15:00,1,304.1340983655041,303.8772844162589
2017-08-24 16:30:00,1,304.16046416769274,303.92236531370156
2017-08-24 16:45:00,1,304.1706825175734,303.95069166695504
2017-08-24 17:00:00,1,304.1636898240515,303.96109124836005
2017-08-24 17:15:00,1,304.13776294920154,303.95191794647764
2017-08-24 17:30:00,1,304.09277533282443,303.9223883006572
2017-08-24 17:45:00,1,304.03044521151196,303.8733988078447
2017-08-24 18:00:00,1,303.952049317768,303.80597738685606
2017-08-24 18:15:00,1,303.856738129048,303.7195839349441
2017-08-24 18:30:00,1,303.7428879879205,303.61209343631447
2017-08-24 18:45:00,1,303.6066778834585,303.47910776921265
2017-08-24 19:00:00,1,303.4457090046865,303.318493950046
2017-08-24 19:15:00,1,303.2698237148016,303.1374118278688
2017-08-24 19:30:00,1,303.09142063546085,302.94868738038036
2017-08-24 19:45:00,1,302.9175639498298,302.7627932147433
2017-08-24 20:00:00,1,302.7510356242145,302.58460914979764
2017-08-24 20:15:00,1,302.59244937874763,302.4148737827088
2017-08-24 20:30:00,1,302.44135675830455,302.25290620611867
2017-08-24 20:45:00,1,302.2966455527771,302.09908477421897
2017-08-24 21:00:00,1,302.15708972817157,301.95328910899326
2017-08-24 21:15:00,1,302.0216817839746,301.81540386083844
2017-08-24 21:30:00,1,301.8901312688832,301.68275717500836
2017-08-24 21:45:00,1,301.76362437967293,301.5499959654648
2017-08-24 22:00:00,1,301.6435466034744,301.41587373616676
2017-08-24 22:15:00,1,301.5305301625669,301.28321945052653
2017-08-24 22:30:00,1,301.42454485709766,301.1551671953545
2017-08-24 22:45:00,1,301.32515253283964,301.03299590674226
2017-08-24 23:00:00,1,301.23174668065417,300.91626597612685
2017-08-24 23:15:00,1,301.14370204373313,300.8036174695729
2017-08-24 23:30:00,1,301.0604221008545,300.6967110257309
2017-08-24 23:45:00,1,300.9813330996199,300.5994142783994
2017-08-25 00:00:00,1,300.9059020804105,300.51088522823136
2017-08-25 00:15:00,1,300.83366214503195,300.4281749093591
2017-08-25 00:30:00,1,300.7642831496027,300.34918639115614
2017-08-25 00:45:00,1,300.6975984562868,300.2731766289774
2017-08-25 01:00:00,1,300.63339270667814,300.1998808966737
2017-08-25 01:15:00,1,300.5714474910868,300.12889841839404
2017-08-25 01:30:00,1,300.51188664878583,300.060006688724
2017-08-25 01:45:00,1,300.4555618080697,299.9938269202457
2017-08-25 02:00:00,1,300.4034950586835,299.93174778476435
2017-08-25 02:15:00,1,300.3563677493042,299.875187374847
2017-08-25 02:30:00,1,300.3142541932385,299.8247957605753
2017-08-25 02:45:00,1,300.2763254501363,299.7801133870348
2017-08-25 03:00:00,1,300.24152101000556,299.7399234250678
2017-08-25 03:15:00,1,300.20902497711637,299.7029933661718
2017-08-25 03:30:00,1,300.1781228675534,299.66832409372967
2017-08-25 03:45:00,1,300.1479839167627,299.63504316508624
2017-08-25 04:00:00,1,300.1178959678854,299.60241668472486
2017-08-25 04:15:00,1,300.08743069209186,299.5699187924861
2017-08-25 04:30:00,1,300.05646572570174,299.5372999060859
2017-08-25 04:45:00,1,300.0252187866957,299.50456811765304
2017-08-25 05:00:00,1,299.9939536232433,299.4718370147578
2017-08-25 05:15:00,1,299.962813330972,299.43918027250055
2017-08-25 05:30:00,1,299.93184889772635,299.40657589398967
2017-08-25 05:45:00,1,299.9015284998566,299.37432929842186
2017-08-25 06:00:00,1,299.87381073576915,299.3438598624828
2017-08-25 06:15:00,1,299.8514334432634,299.31768040573763
2017-08-25 06:30:00,1,299.8372277566878,299.2991521007153
2017-08-25 06:45:00,1,299.83437483218466,299.29216030592687
2017-08-25 07:00:00,1,299.8456931409596,299.30029899288627
2017-08-25 07:15:00,1,299.8719781024928,299.32537619191515
2017-08-25 07:30:00,1,299.91332208266607,299.3665228520364
2017-08-25 07:45:00,1,299.9711128959423,299.42252915254096
2017-08-25 08:00:00,1,300.04650873515897,299.4920120169415
2017-08-25 08:15:00,1,300.1387956465218,299.570746513144
2017-08-25 08:30:00,1,300.2462783388807,299.6545790793165
2017-08-25 08:45:00,1,300.3679430188826,299.748960936377
2017-08-25 09:00:00,1,300.5031992736532,299.8640157659274
2017-08-25 09:15:00,1,300.65097607358655,300.0016258172668
2017-08-25 09:30:00,1,300.8093774324133,300.1595284568795
2017-08-25 09:45:00,1,300.97609654987474,300.34233044398974
2017-08-25 10:00:00,1,301.148937795965,300.5369564350449
2017-08-25 10:15:00,1,301.325764343399,300.73263841387313
2017-08-25 10:30:00,1,301.50451693981285,300.92581859970346
2017-08-25 10:45:00,1,301.6830482920678,301.11653971009247
2017-08-25 11:00:00,1,301.8595187684106,301.3046063825225
2017-08-25 11:15:00,1,302.03237365008783,301.48895896899705
2017-08-25 11:30:00,1,302.1989658696611,301.66731995162985
2017-08-25 11:45:00,1,302.35330518296774,301.8354047344651
2017-08-25 12:00:00,1,302.48955688664114,301.9881588855357
2017-08-25 12:15:00,1,302.60509570106706,302.12224409908094
2017-08-25 12:30:00,1,302.7028004506941,302.23871319127073
2017-08-25 12:45:00,1,302.7915702063573,302.34386027483555
2017-08-25 13:00:00,1,302.87938693728006,302.44582867230076
2017-08-25 13:15:00,1,302.9701035107238,302.55035248508443
2017-08-25 13:30:00,1,303.0641984521467,302.6590255939727
2017-08-25 13:45:00,1,303.159664969913,302.77028987011425
2017-08-25 14:00:00,1,303.25408076682993,302.8814630170386
2017-08-25 14:15:00,1,303.3447562254503,302.9898092107432
2017-08-25 14:30:00,1,303.43031797470235,303.0936991146409
2017-08-25 14:45:00,1,303.5124228306868,303.1936789789694
2017-08-25 15:00:00,1,303.59305418891404,303.29130857242586
2017-08-25 15:15:00,1,303.6724886223846,303.3871789855129
2017-08-25 15:30:00,1,303.74946983543174,303.4800592670637
2017-08-25 15:45:00,1,303.82129135845634,303.56734035185633
2017-08-25 16:00:00,1,303.8850619000144,303.6460622612628
2017-08-25 16:15:00,1,303.9373660936604,303.7132313497941
2017-08-25 16:30:00,1,303.9754461033607,303.76596041654517
2017-08-25 16:45:00,1,303.998130507295,303.8022513383685
2017-08-25 17:00:00,1,304.0043216155328,303.8211157757828
2017-08-25 17:15:00,1,303.99166037914006,303.82111224720546
2017-08-25 17:30:00,1,303.95936041246955,303.80091536896754
2017-08-25 17:45:00,1,303.90821956115474,303.76026271824935
2017-08-25 18:00:00,1,303.83880179768687,303.69933762784103
2017-08-25 18:15:00,1,303.7509289779422,303.61799406093513
2017-08-25 18:30:00,1,303.6437864231231,303.51500587623923
2017-08-25 18:45:00,1,303.51316792197986,303.3863144025572
2017-08-25 19:00:00,1,303.3558985146294,303.2292619692743
2017-08-25 19:15:00,1,303.1804591154391,303.04960040318974
2017-08-25 19:30:00,1,302.9985204158654,302.85892320595883
2017-08-25 19:45:00,1,302.8183328743515,302.6681801219643
2017-08-25 20:00:00,1,302.64441177524725,302.4843741054101
2017-08-25 20:15:00,1,302.47857043853105,302.3106795827545
2017-08-25 20:30:00,1,302.3215641550594,302.1447220368161
2017-08-25 20:45:00,1,302.1745823317528,301.9875402043053
2017-08-25 21:00:00,1,302.0385593525152,301.83938426535957
2017-08-25 21:15:00,1,301.9135941314581,301.6982502459327
2017-08-25 21:30:00,1,301.7990292914918,301.56391976237995
2017-08-25 21:45:00,1,301.6935121979352,301.43685246512354
2017-08-25 22:00:00,1,301.59558730586406,301.3168224339094
2017-08-25 22:15:00,1,301.50407173012576,301.2027873136474
2017-08-25 22:30:00,1,301.41802891221795,301.09323893441973
2017-08-25 22:45:00,1,301.3366434914485,300.988082501602
2017-08-25 23:00:00,1,301.259201475859,300.89191633078104
2017-08-25 23:15:00,1,301.1851128666579,300.8044321533237
2017-08-25 23:30:00,1,301.11404545163555,300.7227881469556
2017-08-25 23:45:00,1,301.0461434017006,300.64502279087594
2017-08-26 00:00:00,1,300.981632611687,300.57078876196823
2017-08-26 00:15:00,1,300.92056314666104,300.50039266327894
2017-08-26 00:30:00,1,300.8627538451662,300.43389298254664
2017-08-26 00:45:00,1,300.8077089949287,300.3707779889402
2017-08-26 01:00:00,1,300.75484471168954,300.31015986713567
2017-08-26 01:15:00,1,300.7037137877199,300.2511592660233
2017-08-26 01:30:00,1,300.65413612154174,300.19328834954507
2017-08-26 01:45:00,1,300.6061849685153,300.1366111758231
2017-08-26 02:00:00,1,300.55996403616064,300.0815383754289
2017-08-26 02:15:00,1,300.51549364207864,300.0284174413549
2017-08-26 02:30:00,1,300.4726249176389,299.9773462154162
2017-08-26 02:45:00,1,300.4309133860403,299.9280716436568
2017-08-26 03:00:00,1,300.38987189123645,299.8801429438245
2017-08-26 03:15:00,1,300.34916362984495,299.8331468461674
2017-08-26 03:30:00,1,300.3087101748327,299.78691795754133
2017-08-26 03:45:00,1,300.268850496907,299.74164621046583
2017-08-26 04:00:00,1,300.23001404002457,299.6977198515222
2017-08-26 04:15:00,1,300.1924651984136,299.6554691448635
2017-08-26 04:30:00,1,300.15634518790085,299.61524991231835
2017-08-26 04:45:00,1,300.12182030120414,299.57725503525353
2017-08-26 05:00:00,1,300.0890721149229,299.54165948419814
2017-08-26 05:15:00,1,300.05822378280914,299.5086820458469
2017-08-26 05:30:00,1,300.0292349629931,299.4783419503664
2017-08-26 05:45:00,1,300.00224457449536,299.4506285268705
2017-08-26 06:00:00,1,299.97882451594523,299.42633485785285
2017-08-26 06:15:00,1,299.96123221041097,299.4072601988132
2017-08-26 06:30:00,1,299.9520286450989,299.39623523256995
2017-08-26 06:45:00,1,299.9543002548992,299.3967868543584
2017-08-26 07:00:00,1,299.97024555845405,299.41207929711885
2017-08-26 07:15:00,1,300.00012281117347,299.4424446760288
2017-08-26 07:30:00,1,300.0437282352371,299.48689547765173
2017-08-26 07:45:00,1,300.10254737313727,299.5448717774782
2017-08-26 08:00:00,1,300.1784748517919,299.61606183289666
2017-08-26 08:15:00,1,300.2720085661616,299.69775738958225
2017-08-26 08:30:00,1,300.3825708551218,299.78514926409395
2017-08-26 08:45:00,1,300.5090593139456,299.8821443535299
2017-08-26 09:00:00,1,300.6491568299184,299.999614725098
2017-08-26 09:15:00,1,300.79938074662266,300.1386793651216
2017-08-26 09:30:00,1,300.9565755874035,300.29528051641046
2017-08-26 09:45:00,1,301.1193649058518,300.47413835553783
2017-08-26 10:00:00,1,301.2871442093599,300.6623911352697
2017-08-26 10:15:00,1,301.4588030123785,300.8518558829617
2017-08-26 10:30:00,1,301.6321913732998,301.0399894547008
2017-08-26 10:45:00,1,301.803043492448,301.22535106899323
2017-08-26 11:00:00,1,301.9668875324093,301.405412673852
2017-08-26 11:15:00,1,302.1206661944481,301.5772470852165
2017-08-26 11:30:00,1,302.2629010689648,301.73876260035576
2017-08-26 11:45:00,1,302.39332947577105,301.8891128564178
2017-08-26 12:00:00,1,302.51225613095517,302.0282194122488
2017-08-26 12:15:00,1,302.6200666878382,302.1562835544491
2017-08-26 12:30:00,1,302.71894383140835,302.2745750339031
2017-08-26 12:45:00,1,302.81381891123175,302.3863444966024
2017-08-26 13:00:00,1,302.90866733618594,302.49570191540414
2017-08-26 13:15:00,1,303.00497159367825,302.6056400364978
2017-08-26 13:30:00,1,303.1037856780106,302.7178194055839
2017-08-26 13:45:00,1,303.2063463498043,302.83354481339535
2017-08-26 14:00:00,1,303.3123795582054,302.9533239440581
2017-08-26 14:15:00,1,303.4204676403625,303.07608916819845
2017-08-26 14:30:00,1,303.5279860619934,303.1989680802631
2017-08-26 14:45:00,1,303.62928498699637,303.3170128940315
2017-08-26 15:00:00,1,303.719214271099,303.42476348983627
2017-08-26 15:15:00,1,303.7957724334016,303.5187764561898
2017-08-26 15:30:00,1,303.85797275749854,303.59791622968277
2017-08-26 15:45:00,1,303.9056772350351,303.662237140495
2017-08-26 16:00:00,1,303.9408155359265,303.7127103875971
2017-08-26 16:15:00,1,303.96415274407923,303.7505437028454
2017-08-26 16:30:00,1,303.97405414948946,303.77567851812137
2017-08-26 16:45:00,1,303.9699458077181,303.7871521373789
2017-08-26 17:00:00,1,303.9514391568007,303.78363752400054
2017-08-26 17:15:00,1,303.9170723060786,303.763481861545
2017-08-26 17:30:00,1,303.86643629082454,303.72569010599744
2017-08-26 17:45:00,1,303.80057298152843,303.67056560148325
2017-08-26 18:00:00,1,303.7199335561462,303.5984110062917
2017-08-26 18:15:00,1,303.6230606699075,303.5083282959177
2017-08-26 18:30:00,1,303.5083157876618,303.3984152613775
2017-08-26 18:45:00,1,303.3720895897319,303.26453123127607
2017-08-26 19:00:00,1,303.2123412271709,303.1038667794953
2017-08-26 19:15:00,1,303.0386697985594,302.9233338448832
2017-08-26 19:30:00,1,302.8630735627776,302.735814922285
2017-08-26 19:45:00,1,302.69263014802226,302.55175743030844
2017-08-26 20:00:00,1,302.5303325169147,302.3755783455308
2017-08-26 20:15:00,1,302.37696361506454,302.20798417553567
2017-08-26 20:30:00,1,302.23248288404386,302.04982113001455
2017-08-26 20:45:00,1,302.0969901606512,301.9025502486934
2017-08-26 21:00:00,1,301.9705029046657,301.76146931058963
2017-08-26 21:15:00,1,301.8526812619313,301.62481795390926
2017-08-26 21:30:00,1,301.7429170530898,301.493271047786
2017-08-26 21:45:00,1,301.64045834975923,301.367618333673
2017-08-26 22:00:00,1,301.54452281529956,301.2476107361662
2017-08-26 22:15:00,1,301.45437802415415,301.1317413159918
2017-08-26 22:30:00,1,301.3695137864071,301.02440394510904
2017-08-26 22:45:00,1,301.28988170466926,300.9281673568714
2017-08-26 23:00:00,1,301.21551494307226,300.8414349952115
2017-08-26 23:15:00,1,301.1462492687699,300.7616826380738
2017-08-26 23:30:00,1,301.0816080606162,300.6873436784184
2017-08-26 23:45:00,1,301.0206414702627,300.6175516120585
2017-08-27 00:00:00,1,300.96237535624243,300.5515185363407
2017-08-27 00:15:00,1,300.90611234820267,300.4884271643919
2017-08-27 00:30:00,1,300.85133339837637,300.4275380988689
2017-08-27 00:45:00,1,300.7974882089884,300.3681744098652
2017-08-27 01:00:00,1,300.74406817344203,300.3097007152479
2017-08-27 01:15:00,1,300.6907071956787,300.2515765840869
2017-08-27 01:30:00,1,300.6372232572774,300.1934611631096
2017-08-27 01:45:00,1,300.5836902449564,300.13530291781734
2017-08-27 02:00:00,1,300.53027592888435,300.0772635429137
2017-08-27 02:15:00,1,300.47709795975635,300.0195471735078
2017-08-27 02:30:00,1,300.42437068441507,299.96242025982286
2017-08-27 02:45:00,1,300.3727094267865,299.9063969961525
2017-08-27 03:00:00,1,300.322755334958,299.85215101926246
2017-08-27 03:15:00,1,300.2748674380246,299.800216639369
2017-08-27 03:30:00,1,300.22914493911895,299.7508153897201
2017-08-27 03:45:00,1,300.18550835725233,299.7039046439702
2017-08-27 04:00:00,1,300.14380368182225,299.65931942995275
2017-08-27 04:15:00,1,300.10386400754896,299.61687524797486
2017-08-27 04:30:00,1,300.0655188857437,299.57638016121047
2017-08-27 04:45:00,1,300.02860852289115,299.5377889352942
2017-08-27 05:00:00,1,299.9930294491393,299.5009193681644
2017-08-27 05:15:00,1,299.95872775115134,299.46555759516707
2017-08-27 05:30:00,1,299.92593251259717,299.43183895264303
2017-08-27 05:45:00,1,299.8960816022915,299.4009591276009
2017-08-27 06:00:00,1,299.8720846799128,299.3754727042569
2017-08-27 06:15:00,1,299.8566506904245,299.358365365562
2017-08-27 06:30:00,1,299.85119812257403,299.35163407685513
2017-08-27 06:45:00,1,299.8555330718107,299.3556045524662
2017-08-27 07:00:00,1,299.868877722708,299.36947467166647
2017-08-27 07:15:00,1,299.89089459581334,299.392243223989
2017-08-27 07:30:00,1,299.922592574287,299.4237180604189
2017-08-27 07:45:00,1,299.967308346277,299.4657421195292
2017-08-27 08:00:00,1,300.02795054874093,299.52032164271407
2017-08-27 08:15:00,1,300.1046249506321,299.58676959743303
2017-08-27 08:30:00,1,300.19637253953624,299.6591748589023
2017-08-27 08:45:00,1,300.3029487965691,299.7417652925952
2017-08-27 09:00:00,1,300.42373677984136,299.8321638847417
2017-08-27 09:15:00,1,300.5570431205652,299.9431261038224
2017-08-27 09:30:00,1,300.7004202349102,300.07470090828065
2017-08-27 09:45:00,1,300.8502653469845,300.2214899345005
2017-08-27 10:00:00,1,301.0027585043875,300.3801423004099
2017-08-27 10:15:00,1,301.15468528816706,300.55185079593105
2017-08-27 10:30:00,1,301.30429350652446,300.7248887630226
2017-08-27 10:45:00,1,301.45230639471555,300.89270624732126
2017-08-27 11:00:00,1,301.6001243647249,301.0561992377118
2017-08-27 11:15:00,1,301.74822404643623,301.21831377970676
2017-08-27 11:30:00,1,301.89617181347563,301.3801211181613
2017-08-27 11:45:00,1,302.04276969653876,301.5405707499405
2017-08-27 12:00:00,1,302.18658779846976,301.6978640975183
2017-08-27 12:15:00,1,302.32666251117547,301.85059644548437
2017-08-27 12:30:00,1,302.46409187479486,301.99796100468296
2017-08-27 12:45:00,1,302.602472504312,302.14360350327024
2017-08-27 13:00:00,1,302.7448643153388,302.29154447098824
2017-08-27 13:15:00,1,302.8921966517407,302.4440502352451
2017-08-27 13:30:00,1,303.04368978319184,302.60111577751684
2017-08-27 13:45:00,1,303.197123951016,302.7610939363311
2017-08-27 14:00:00,1,303.349710721923,302.92159701414585
2017-08-27 14:15:00,1,303.4986743268597,303.08007100182556
2017-08-27 14:30:00,1,303.6408955290133,303.23349119794966
2017-08-27 14:45:00,1,303.77182030169394,303.37785990071205
2017-08-27 15:00:00,1,303.8873042115893,303.5090504932922
2017-08-27 15:15:00,1,303.9846824330682,303.62402516418683
2017-08-27 15:30:00,1,304.0634813106469,303.7218732466244
2017-08-27 15:45:00,1,304.1257034667876,303.8037330706439
2017-08-27 16:00:00,1,304.1728283202978,303.8708093439953
2017-08-27 16:15:00,1,304.20410575131405,303.92267355153047
2017-08-27 16:30:00,1,304.2190161439671,303.95798573571227
2017-08-27 16:45:00,1,304.2177211816336,303.9761075804667
2017-08-27 17:00:00,1,304.19942442491566,303.9765265454784
2017-08-27 17:15:00,1,304.1622665627497,303.9578521187114
2017-08-27 17:30:00,1,304.10584965277866,303.9189941384355
2017-08-27 17:45:00,1,304.0315877692284,303.86030769798316
2017-08-27 18:00:00,1,303.94047988128284,303.7824023905483
2017-08-27 18:15:00,1,303.83150572294466,303.68464683471234
2017-08-27 18:30:00,1,303.70313155186494,303.56517040098055
2017-08-27 18:45:00,1,303.5522210539355,303.4204974191028
2017-08-27 19:00:00,1,303.37753853892417,303.2481885125758
2017-08-27 19:15:00,1,303.18946676517595,303.0557222278176
2017-08-27 19:30:00,1,303.0005289600263,302.85663432987155
2017-08-27 19:45:00,1,302.8180627794712,302.6623128682988
2017-08-27 20:00:00,1,302.64515567898866,302.47776928215103
2017-08-27 20:15:00,1,302.4825763406559,302.30316025887
2017-08-27 20:30:00,1,302.33002096165416,302.1392922332749
2017-08-27 20:45:00,1,302.18678594680335,301.9883737145408
2017-08-27 21:00:00,1,302.0520245965667,301.8425150002281
2017-08-27 21:15:00,1,301.92485650171494,301.6991030482462
2017-08-27 21:30:00,1,301.8046015008756,301.55893032223577
2017-08-27 21:45:00,1,301.69107547202356,301.4233192371097
2017-08-27 22:00:00,1,301.58416833762016,301.2927221749157
2017-08-27 22:15:00,1,301.4835568586019,301.16636263560764
2017-08-27 22:30:00,1,301.3888281192617,301.0475128149883
2017-08-27 22:45:00,1,301.2996459094795,300.94028894907746
2017-08-27 23:00:00,1,301.2156043995302,300.84333523879377
2017-08-27 23:15:00,1,301.13618048093724,300.7532219484611
2017-08-27 23:30:00,1,301.060790080834,300.6675794085311
2017-08-27 23:45:00,1,300.98885006604,300.58556428957513
2017-08-28 00:00:00,1,300.919893093506,300.5070352992903
2017-08-28 00:15:00,1,300.8535703022418,300.4318799327367
2017-08-28 00:30:00,1,300.78973260433946,300.35995715322497
2017-08-28 00:45:00,1,300.72862665293076,300.29133305857465
2017-08-28 01:00:00,1,300.670558436234,300.2262591906034
2017-08-28 01:15:00,1,300.61562873492784,300.1649270252586
2017-08-28 01:30:00,1,300.5635937600853,300.10717082441346
2017-08-28 01:45:00,1,300.5136599302194,300.05229400112734
2017-08-28 02:00:00,1,300.4649425617186,299.9993074654676
2017-08-28 02:15:00,1,300.4168232819758,299.9473288334116
2017-08-28 02:30:00,1,300.36906583231485,299.8958329714992
2017-08-28 02:45:00,1,300.321950598047,299.8449191424734
2017-08-28 03:00:00,1,300.27592299652133,299.79505000337383
2017-08-28 03:15:00,1,300.23125002897467,299.7466539298269
2017-08-28 03:30:00,1,300.18776634646593,299.69970464041944
2017-08-28 03:45:00,1,300.1447584528076,299.6535301899249
2017-08-28 04:00:00,1,300.1014966931189,299.60716366463197
2017-08-28 04:15:00,1,300.0575515106217,299.55985527602627
2017-08-28 04:30:00,1,300.0131217341759,299.51164418487986
2017-08-28 04:45:00,1,299.96959206069687,299.4637936561698
2017-08-28 05:00:00,1,299.92861601748905,299.41829117168686
2017-08-28 05:15:00,1,299.8912883492514,299.37700846019015
2017-08-28 05:30:00,1,299.8580438168658,299.340775452146
2017-08-28 05:45:00,1,299.82917340312474,299.3099536809106
2017-08-28 06:00:00,1,299.805999402943,299.2855036424976
2017-08-28 06:15:00,1,299.7899365283796,299.26881076869154
2017-08-28 06:30:00,1,299.7818157481361,299.26092221841833
2017-08-28 06:45:00,1,299.78230171295195,299.26239212856404
2017-08-28 07:00:00,1,299.7919777996834,299.27351468994715
2017-08-28 07:15:00,1,299.8118431314906,299.29491917203603
2017-08-28 07:30:00,1,299.84359557868,299.3271403467781
2017-08-28 07:45:00,1,299.8891051530868,299.3712455749751
2017-08-28 08:00:00,1,299.9495720088484,299.42770982157356
2017-08-28 08:15:00,1,300.023643632514,299.4948476928289
2017-08-28 08:30:00,1,300.1092405816433,299.5683060565551
2017-08-28 08:45:00,1,300.2059265783619,299.64514671580207
2017-08-28 09:00:00,1,300.3139892557701,299.7293547074558
2017-08-28 09:15:00,1,300.4322934374409,299.8235532914915
2017-08-28 09:30:00,1,300.55910624907875,299.93363809530683
2017-08-28 09:45:00,1,300.69362628192994,300.05998983756734
2017-08-28 10:00:00,1,300.83537146718095,300.20059900212715
2017-08-28 10:15:00,1,300.9832491959298,300.355569940634
2017-08-28 10:30:00,1,301.13498878788727,300.52641854798026
2017-08-28 10:45:00,1,301.28635939207965,300.700343653288
2017-08-28 11:00:00,1,301.4330010186597,300.86743716651534
2017-08-28 11:15:00,1,301.5717342549614,301.0244132005527
2017-08-28 11:30:00,1,301.7014514443051,301.1717983017194
2017-08-28 11:45:00,1,301.82367478434713,301.31144314356106
2017-08-28 12:00:00,1,301.9402803553392,301.4451094280429
2017-08-28 12:15:00,1,302.0525124896769,301.5739332810278
2017-08-28 12:30:00,1,302.16223336866943,301.69874249667726
2017-08-28 12:45:00,1,302.2720826780265,301.8193499132588
2017-08-28 13:00:00,1,302.3835509488486,301.93945503862363
2017-08-28 13:15:00,1,302.4959154471562,302.0618253921376
2017-08-28 13:30:00,1,302.6080046927103,302.1863780092686
2017-08-28 13:45:00,1,302.7202921388735,302.31220339858453
2017-08-28 14:00:00,1,302.8334109150839,302.43894223386343
2017-08-28 14:15:00,1,302.94726363145605,302.5665136992869
2017-08-28 14:30:00,1,303.0613637109983,302.69439000242545
2017-08-28 14:45:00,1,303.17386772990204,302.8209647358113
2017-08-28 15:00:00,1,303.282311685059,302.9437609210349
2017-08-28 15:15:00,1,303.38421336718545,303.06011000196105
2017-08-28 15:30:00,1,303.4771272350007,303.16742383458325
2017-08-28 15:45:00,1,303.55820641206066,303.26310358495454
2017-08-28 16:00:00,1,303.62512702473384,303.3447472917167
2017-08-28 16:15:00,1,303.6756238343023,303.4102213102212
2017-08-28 16:30:00,1,303.7077538619725,303.4575914840479
2017-08-28 16:45:00,1,303.7202010767781,303.48566416089267
2017-08-28 17:00:00,1,303.71184541724966,303.49322870190025
2017-08-28 17:15:00,1,303.68042849381254,303.4783477410644
2017-08-28 17:30:00,1,303.6250907124546,303.4393653076909
2017-08-28 17:45:00,1,303.5473917676369,303.37649001087556
2017-08-28 18:00:00,1,303.44987531913193,303.2916705330913
2017-08-28 18:15:00,1,303.3341628334789,303.1873182364601
2017-08-28 18:30:00,1,303.20106228430143,303.0624203877796
2017-08-28 18:45:00,1,303.0488863870261,302.91439066529284
2017-08-28 19:00:00,1,302.8772560215828,302.74366722053435
2017-08-28 19:15:00,1,302.69562960406773,302.55785426829607
2017-08-28 19:30:00,1,302.5148634784538,302.3679941714484
2017-08-28 19:45:00,1,302.3409760681691,302.182217588984
2017-08-28 20:00:00,1,302.17620076054885,302.00452222352243
2017-08-28 20:15:00,1,302.0208515046516,301.83727173219535
2017-08-28 20:30:00,1,301.8744387275883,301.68138279765367
2017-08-28 20:45:00,1,301.73622399158984,301.5306672556123
2017-08-28 21:00:00,1,301.60538294455574,301.3822062654949
2017-08-28 21:15:00,1,301.48107928877795,301.23623880738086
2017-08-28 21:30:00,1,301.3627527386036,301.09358504435966
2017-08-28 21:45:00,1,301.25046044212183,300.9540403353701
2017-08-28 22:00:00,1,301.14422802611136,300.8218510832072
2017-08-28 22:15:00,1,301.0437184330412,300.70166802094775
2017-08-28 22:30:00,1,300.9486480725139,300.59175976637283
2017-08-28 22:45:00,1,300.8591736943939,300.488820787672
2017-08-28 23:00:00,1,300.7755733193319,300.39166096474133
2017-08-28 23:15:00,1,300.69795997530525,300.30090193114034
2017-08-28 23:30:00,1,300.6261577703613,300.2171795291389
2017-08-28 23:45:00,1,300.5594467509993,300.14006338083743
2017-08-29 00:00:00,1,300.49686074707824,300.0682547160198
2017-08-29 00:15:00,1,300.4376093966274,300.0003596955548
2017-08-29 00:30:00,1,300.38109898242647,299.9354222597118
2017-08-29 00:45:00,1,300.3267967578097,299.87304037572926
2017-08-29 01:00:00,1,300.274320726431,299.8132043477824
2017-08-29 01:15:00,1,300.22345780025586,299.75602942682855
2017-08-29 01:30:00,1,300.17403733234164,299.7014972231343
2017-08-29 01:45:00,1,300.125783194738,299.64929991582846
2017-08-29 02:00:00,1,300.0783780730386,299.59891690578496
2017-08-29 02:15:00,1,300.0315672351758,299.5497360625506
2017-08-29 02:30:00,1,299.98525398265116,299.5014165428068
2017-08-29 02:45:00,1,299.93959277371715,299.45387229816515
2017-08-29 03:00:00,1,299.8947478642551,299.4070796610476
2017-08-29 03:15:00,1,299.8507776500557,299.3609717954495
2017-08-29 03:30:00,1,299.8081079941106,299.3159585007101
2017-08-29 03:45:00,1,299.7684172723029,299.273747443577
2017-08-29 04:00:00,1,299.7334457314361,299.2367605466099
2017-08-29 04:15:00,1,299.70377084740363,299.2062435415232
2017-08-29 04:30:00,1,299.67873138121473,299.18158397280325
2017-08-29 04:45:00,1,299.6566611521972,299.1608005534807
2017-08-29 05:00:00,1,299.6358889978328,299.14161412779833
2017-08-29 05:15:00,1,299.61531709324646,299.1222665435249
2017-08-29 05:30:00,1,299.59443791303613,299.10172708042177
2017-08-29 05:45:00,1,299.5730783121492,299.07970828662087
2017-08-29 06:00:00,1,299.55183534761807,299.0569707011966
2017-08-29 06:15:00,1,299.5325778071612,299.0355090920643
2017-08-29 06:30:00,1,299.5176816892838,299.01815652962046
2017-08-29 06:45:00,1,299.5096942704388,299.007909201087
2017-08-29 07:00:00,1,299.510692684848,299.00726542599295
2017-08-29 07:15:00,1,299.5224236381518,299.01808195989673
2017-08-29 07:30:00,1,299.547086398593,299.04230675522194
2017-08-29 07:45:00,1,299.58866567190324,299.08221582494684
2017-08-29 08:00:00,1,299.6504715808282,299.13990474984325
2017-08-29 08:15:00,1,299.7324223975614,299.21505615905664
2017-08-29 08:30:00,1,299.8328780945733,299.3042359011909
2017-08-29 08:45:00,1,299.9511781534165,299.3989753227842
2017-08-29 09:00:00,1,300.08712206537075,299.50198249181204
2017-08-29 09:15:00,1,300.23973703239784,299.6282098389906
2017-08-29 09:30:00,1,300.407570961421,299.78150205507063
2017-08-29 09:45:00,1,300.5899644032238,299.958750430137
2017-08-29 10:00:00,1,300.78637131933596,300.1614560353105
2017-08-29 10:15:00,1,300.99537451548383,300.3904458441018
2017-08-29 10:30:00,1,301.213680571419,300.62999666001053
2017-08-29 10:45:00,1,301.4336918788844,300.86699693012093
2017-08-29 11:00:00,1,301.6464624954157,301.09466392809753
2017-08-29 11:15:00,1,301.84547686631566,301.3097213191875
2017-08-29 11:30:00,1,302.0274817416459,301.51032649370336
2017-08-29 11:45:00,1,302.1929751570831,301.69614224090583
2017-08-29 12:00:00,1,302.3440592855121,301.86845219554897
2017-08-29 12:15:00,1,302.4826181152381,302.0289859396044
2017-08-29 12:30:00,1,302.6107957950924,302.1793584489215
2017-08-29 12:45:00,1,302.7307006802521,302.3209903169592
2017-08-29 13:00:00,1,302.8431552370122,302.45477931822586
2017-08-29 13:15:00,1,302.9473938461705,302.58059424637156
2017-08-29 13:30:00,1,303.04306963066426,302.69752070348966
2017-08-29 13:45:00,1,303.1300682592141,302.8046906479763
2017-08-29 14:00:00,1,303.207006519881,302.90105292011856
2017-08-29 14:15:00,1,303.2719639453449,302.9849623324434
2017-08-29 14:30:00,1,303.3239700328072,303.05517468479354
2017-08-29 14:45:00,1,303.3641598784301,303.1120867948251
2017-08-29 15:00:00,1,303.3945820855512,303.1576127550852
2017-08-29 15:15:00,1,303.4177138547217,303.1943147187887
2017-08-29 15:30:00,1,303.43570567837145,303.224661925943
2017-08-29 15:45:00,1,303.4503599460342,303.2507227536234
2017-08-29 16:00:00,1,303.46218412429084,303.2733935688179
2017-08-29 16:15:00,1,303.46976662420684,303.2918156943357
2017-08-29 16:30:00,1,303.47142503181885,303.3042922487047
2017-08-29 16:45:00,1,303.46635065763667,303.30960567807455
2017-08-29 17:00:00,1,303.45331872798585,303.3064169509454
2017-08-29 17:15:00,1,303.4292271308245,303.29212774769087
2017-08-29 17:30:00,1,303.39177516155945,303.26394762945756
2017-08-29 17:45:00,1,303.34039189270993,303.2203799406035
2017-08-29 18:00:00,1,303.2751572752983,303.1611576794405
2017-08-29 18:15:00,1,303.19557120433365,303.08590149828257
2017-08-29 18:30:00,1,303.099920909781,302.99297817988503
2017-08-29 18:45:00,1,302.98531645712507,302.87918149709117
2017-08-29 19:00:00,1,302.8510184133162,302.7435040676395
2017-08-29 19:15:00,1,302.70550069994545,302.59191481122235
2017-08-29 19:30:00,1,302.5590419241909,302.434713434227
2017-08-29 19:45:00,1,302.41768869494814,302.28078489023477
2017-08-29 20:00:00,1,302.2839729526258,302.1350348004119
2017-08-29 20:15:00,1,302.15857788642984,301.99736031090083
2017-08-29 20:30:00,1,302.04128363236515,301.86736375202014
2017-08-29 20:45:00,1,301.9314649223914,301.7448491243171
2017-08-29 21:00:00,1,301.8283702649461,301.6294365753456
2017-08-29 21:15:00,1,301.7312141262511,301.52086911403035
2017-08-29 21:30:00,1,301.63921808102765,301.41787422874233
2017-08-29 21:45:00,1,301.55158160610375,301.3179727650891
2017-08-29 22:00:00,1,301.46756087595037,301.21987038121443
2017-08-29 22:15:00,1,301.3865431494488,301.1232085029564
2017-08-29 22:30:00,1,301.3081627843215,301.02786823353586
2017-08-29 22:45:00,1,301.2324466352738,300.9335864308173
2017-08-29 23:00:00,1,301.1594585790893,300.83977205148153
2017-08-29 23:15:00,1,301.0890996315192,300.7514885883775
2017-08-29 23:30:00,1,301.02134641759625,300.67065736736333
2017-08-29 23:45:00,1,300.95663967994096,300.5959749422605
2017-08-30 00:00:00,1,300.89545958968154,300.525885105503
2017-08-30 00:15:00,1,300.8379842939695,300.4598385840801
2017-08-30 00:30:00,1,300.78407290877084,300.3978327282481
2017-08-30 00:45:00,1,300.7332522742741,300.3396457666709
2017-08-30 01:00:00,1,300.6849489390059,300.28465695927827
2017-08-30 01:15:00,1,300.6386753866753,300.2321140624336
2017-08-30 01:30:00,1,300.59392347358283,300.18127585743815
2017-08-30 01:45:00,1,300.54992496149936,300.1313379992729
2017-08-30 02:00:00,1,300.50597311859894,300.0814017006521
2017-08-30 02:15:00,1,300.46168123023614,300.0308476118359
2017-08-30 02:30:00,1,300.4171029608058,299.9796096317603
2017-08-30 02:45:00,1,300.372850579763,299.9282829632832
2017-08-30 03:00:00,1,300.3296159785344,299.8778096084448
2017-08-30 03:15:00,1,300.28783442367853,299.82900307347944
2017-08-30 03:30:00,1,300.2476307415504,299.78230028735305
2017-08-30 03:45:00,1,300.2088291494178,299.7378397626893
2017-08-30 04:00:00,1,300.1712338402526,299.69566823107897
2017-08-30 04:15:00,1,300.13474868205344,299.65596081169053
2017-08-30 04:30:00,1,300.09932539643705,299.6185925073783
2017-08-30 04:45:00,1,300.06478421914017,299.58298506879373
2017-08-30 05:00:00,1,300.0307412074381,299.5482347967508
2017-08-30 05:15:00,1,299.9968706641291,299.513424501382
2017-08-30 05:30:00,1,299.9632089033594,299.47816676921445
2017-08-30 05:45:00,1,299.93074505769073,299.4433898695567
2017-08-30 06:00:00,1,299.9020118707863,299.41171798468275
2017-08-30 06:15:00,1,299.87998945273637,299.3866495693265
2017-08-30 06:30:00,1,299.8670731557595,299.3712556494778
2017-08-30 06:45:00,1,299.8652612158752,299.3678375321101
2017-08-30 07:00:00,1,299.87603218609917,299.3779084577304
2017-08-30 07:15:00,1,299.89960056615337,299.40210776380917
2017-08-30 07:30:00,1,299.9356472058554,299.4391140223478
2017-08-30 07:45:00,1,299.98375771137006,299.4870762087892
2017-08-30 08:00:00,1,300.042511105757,299.543750698249
2017-08-30 08:15:00,1,300.10908197404734,299.60611967211236
2017-08-30 08:30:00,1,300.1805823821787,299.6703996521999
2017-08-30 08:45:00,1,300.2568370354726,299.7349871481587
2017-08-30 09:00:00,1,300.3407784837421,299.80240443369536
2017-08-30 09:15:00,1,300.4391699183778,299.88385854725163
2017-08-30 09:30:00,1,300.5589622309593,299.98758774913364
2017-08-30 09:45:00,1,300.70425630080535,300.1207153731817
2017-08-30 10:00:00,1,300.8751147190487,300.2892409062933
2017-08-30 10:15:00,1,301.0656437026906,300.4935283716605
2017-08-30 10:30:00,1,301.267201270122,300.71317658333214
2017-08-30 10:45:00,1,301.4702948482361,300.9307284582429
2017-08-30 11:00:00,1,301.66612989681875,301.1380751320646
2017-08-30 11:15:00,1,301.8482599302001,301.3325122062827
2017-08-30 11:30:00,1,302.01386590709967,301.5129927074297
2017-08-30 11:45:00,1,302.1643412609402,301.68002348664754
2017-08-30 12:00:00,1,302.3023742253213,301.83528344098437
2017-08-30 12:15:00,1,302.4301070768487,301.98059855482177
2017-08-30 12:30:00,1,302.5503625804218,302.11800565051294
2017-08-30 12:45:00,1,302.66707933336056,302.25029456668295
2017-08-30 13:00:00,1,302.7829490303347,302.3804135320936
2017-08-30 13:15:00,1,302.8985397972015,302.5102273295526
2017-08-30 13:30:00,1,303.0130603313855,302.6398810249567
2017-08-30 13:45:00,1,303.1249074688146,302.76805375439164
2017-08-30 14:00:00,1,303.2322300051863,302.8927096132708
2017-08-30 14:15:00,1,303.33221840182773,303.01128077619967
2017-08-30 14:30:00,1,303.4225221418001,303.12100090551303
2017-08-30 14:45:00,1,303.50257039485757,303.22006729542005
2017-08-30 15:00:00,1,303.5720358680831,303.30778632379713
2017-08-30 15:15:00,1,303.63027147543295,303.3838057479411
2017-08-30 15:30:00,1,303.6787628342542,303.44890360300326
2017-08-30 15:45:00,1,303.7202428604615,303.5054887891941
2017-08-30 16:00:00,1,303.7550748045929,303.55509055775417
2017-08-30 16:15:00,1,303.7817702852679,303.5966785604299
2017-08-30 16:30:00,1,303.798388355184,303.6277135730609
2017-08-30 16:45:00,1,303.8028969329003,303.64573823144013
2017-08-30 17:00:00,1,303.79315252246096,303.64852484301656
2017-08-30 17:15:00,1,303.7658537532628,303.63328359807133
2017-08-30 17:30:00,1,303.71907539648384,303.5977395460871
2017-08-30 17:45:00,1,303.6540584719052,303.5418963457533
2017-08-30 18:00:00,1,303.572859223078,303.4674967648066
2017-08-30 18:15:00,1,303.4765585981546,303.3760355722473
2017-08-30 18:30:00,1,303.36478706020466,303.26726629441526
2017-08-30 18:45:00,1,303.23529884734563,303.1387262240751
2017-08-30 19:00:00,1,303.08763319876,302.989719579747
2017-08-30 19:15:00,1,302.9300846263402,302.8262032302379
2017-08-30 19:30:00,1,302.77240458359694,302.65811198209207
2017-08-30 19:45:00,1,302.62014192760495,302.4938139768808
2017-08-30 20:00:00,1,302.4755616494373,302.3380073154418
2017-08-30 20:15:00,1,302.3392242417132,302.19061163408986
2017-08-30 20:30:00,1,302.21112992833076,302.05096611047634
2017-08-30 20:45:00,1,302.0916592105102,301.9189194725384
2017-08-30 21:00:00,1,301.9811369859767,301.7950301014369
2017-08-30 21:15:00,1,301.87942007392763,301.68021602260245
2017-08-30 21:30:00,1,301.7857058612621,301.5721307367844
2017-08-30 21:45:00,1,301.69821908829715,301.4690555648982
2017-08-30 22:00:00,1,301.61507613152247,301.3698401192205
2017-08-30 22:15:00,1,301.5348855580919,301.27340701025116
2017-08-30 22:30:00,1,301.4568917865223,301.17868227885964
2017-08-30 22:45:00,1,301.3810891282371,301.08475258368844
2017-08-30 23:00:00,1,301.3076021067298,300.990509856314
2017-08-30 23:15:00,1,301.2363506581591,300.9021142313908
2017-08-30 23:30:00,1,301.1670984962988,300.8207960648515
2017-08-30 23:45:00,1,301.0994866043719,300.74413450512503
2017-08-31 00:00:00,1,301.03308734086846,300.6694718975642
2017-08-31 00:15:00,1,300.9675414299759,300.5953584378068
2017-08-31 00:30:00,1,300.9030311052171,300.52165813359136
2017-08-31 00:45:00,1,300.8408729053512,300.4495567736214
2017-08-31 01:00:00,1,300.7826296413915,300.3810546120942
2017-08-31 01:15:00,1,300.7293333780385,300.3180067308027
2017-08-31 01:30:00,1,300.6811673299536,300.26125804913045
2017-08-31 01:45:00,1,300.63714327275255,300.2103205519778
2017-08-31 02:00:00,1,300.59594669174646,300.16389067449774
2017-08-31 02:15:00,1,300.55659215127463,300.12067511643136
2017-08-31 02:30:00,1,300.5184185359238,300.0794607760222
2017-08-31 02:45:00,1,300.4809257097567,300.03950532939564
2017-08-31 03:00:00,1,300.44374472866053,300.00048880314347
2017-08-31 03:15:00,1,300.40663744853634,299.96206017308293
2017-08-31 03:30:00,1,300.36942279728373,299.9238347065757
2017-08-31 03:45:00,1,300.33188089436345,299.88549903418993
2017-08-31 04:00:00,1,300.2938272155283,299.84683217994336
2017-08-31 04:15:00,1,300.25516476112483,299.8077014939615
2017-08-31 04:30:00,1,300.2158638622178,299.76789329383803
2017-08-31 04:45:00,1,300.17590371577256,299.7273546780042
2017-08-31 05:00:00,1,300.1352181300958,299.68607504161093
2017-08-31 05:15:00,1,300.0937308873692,299.6439660722308
2017-08-31 05:30:00,1,300.0516949862374,299.6011748049198
2017-08-31 05:45:00,1,300.0104871534908,299.55876206088476
2017-08-31 06:00:00,1,299.9726170154546,299.5191970371636
2017-08-31 06:15:00,1,299.94118448801623,299.48562821215216
2017-08-31 06:30:00,1,299.91888943615,299.46106248721225
2017-08-31 06:45:00,1,299.90781318068434,299.44784342031414
2017-08-31 07:00:00,1,299.90920472901803,299.4473930521611
2017-08-31 07:15:00,1,299.9236131639373,299.4603017379751
2017-08-31 07:30:00,1,299.95130911540167,299.4869143558771
2017-08-31 07:45:00,1,299.99264839926417,299.5262021957174
2017-08-31 08:00:00,1,300.04761834630807,299.57728912216606
2017-08-31 08:15:00,1,300.11535919415957,299.63886544032613
2017-08-31 08:30:00,1,300.19529895873416,299.7087334153999
2017-08-31 08:45:00,1,300.28757971084616,299.7817475742308
2017-08-31 09:00:00,1,300.3912715280636,299.8588861943786
2017-08-31 09:15:00,1,300.50365835931865,299.95133205431165
2017-08-31 09:30:00,1,300.6221573600937,300.06065643864775
2017-08-31 09:45:00,1,300.7462934987398,300.1836006865331
2017-08-31 10:00:00,1,300.87658016021135,300.318728848411
2017-08-31 10:15:00,1,301.0128878020041,300.47200710491387
2017-08-31 10:30:00,1,301.15395426250853,300.634965964038
2017-08-31 10:45:00,1,301.29689618912613,300.7989765790872
2017-08-31 11:00:00,1,301.43853321997113,300.95948674668784
2017-08-31 11:15:00,1,301.5763366141822,301.1147644519902
2017-08-31 11:30:00,1,301.70843922377867,301.26406425130205
2017-08-31 11:45:00,1,301.83330150962007,301.4062850288406
2017-08-31 12:00:00,1,301.9498527695014,301.5401533517141
2017-08-31 12:15:00,1,302.0577170486268,301.66483771715514
2017-08-31 12:30:00,1,302.15816094141735,301.7806183718508
2017-08-31 12:45:00,1,302.2538222863565,301.8891161917249
2017-08-31 13:00:00,1,302.3464228688215,301.99263630867557
2017-08-31 13:15:00,1,302.4360656255885,302.0929420793184
2017-08-31 13:30:00,1,302.5225799401012,302.190938683339
2017-08-31 13:45:00,1,302.6070215355377,302.28745291077814
2017-08-31 14:00:00,1,302.69048543574985,302.38330598897875
2017-08-31 14:15:00,1,302.772982482356,302.47864602961937
2017-08-31 14:30:00,1,302.8538014482903,302.57273953121876
2017-08-31 14:45:00,1,302.93183243397027,302.6643161685882
2017-08-31 15:00:00,1,303.0057965090029,302.7519478311308
2017-08-31 15:15:00,1,303.0741684308887,302.8340992649643
2017-08-31 15:30:00,1,303.1352757401417,302.9091124426493
2017-08-31 15:45:00,1,303.1876520352924,302.97542035975795
2017-08-31 16:00:00,1,303.2299595464583,303.0315370310705
2017-08-31 16:15:00,1,303.2604443533932,303.075712119731
2017-08-31 16:30:00,1,303.27754253673186,303.10646024382214
2017-08-31 16:45:00,1,303.28008200562084,303.12259447531954
2017-08-31 17:00:00,1,303.2668414314338,303.122758669758
2017-08-31 17:15:00,1,303.2355221041109,303.1048494382001
2017-08-31 17:30:00,1,303.18485096391936,303.06718397238376
2017-08-31 17:45:00,1,303.11609848106065,303.01006152607
2017-08-31 18:00:00,1,303.03122318194755,302.93570908211564
2017-08-31 18:15:00,1,302.9310697037744,302.8432690088414
2017-08-31 18:30:00,1,302.8147068687225,302.73108540517063
2017-08-31 18:45:00,1,302.67920269018265,302.59701256490786
2017-08-31 19:00:00,1,302.52423941011426,302.4415542562039
2017-08-31 19:15:00,1,302.3581402883168,302.270310504259
2017-08-31 19:30:00,1,302.1906681000336,302.09231068447446
2017-08-31 19:45:00,1,302.0283520559441,301.91627999850647
2017-08-31 20:00:00,1,301.87454254473414,301.74731091234355
2017-08-31 20:15:00,1,301.73037581293966,301.58997739645946
2017-08-31 20:30:00,1,301.59577696605726,301.4406105016261
2017-08-31 20:45:00,1,301.47007510451226,301.2960749829661
2017-08-31 21:00:00,1,301.3523817759842,301.1558729701489
2017-08-31 21:15:00,1,301.24179738330787,301.02030895539787
2017-08-31 21:30:00,1,301.1375772042721,300.8887520228475
2017-08-31 21:45:00,1,301.03925884992424,300.7652844264546
2017-08-31 22:00:00,1,300.94647103672645,300.65394728482454
2017-08-31 22:15:00,1,300.85880651893154,300.5531055789735
2017-08-31 22:30:00,1,300.7758588405193,300.45938560938043
2017-08-31 22:45:00,1,300.6973200769672,300.37084466761866
2017-08-31 23:00:00,1,300.6229158857289,300.28707736791125
2017-08-31 23:15:00,1,300.55233233780825,300.2080998676388
2017-08-31 23:30:00,1,300.4853121144325,300.1337248299361
2017-08-31 23:45:00,1,300.42179967541347,300.06361827332177
2017-09-01 00:00:00,1,300.36170845383526,299.99743762992847
2017-08-01 00:15:00,2,300.48439501183907,298.8635811186431
2017-08-01 00:30:00,2,300.4372575243608,298.80430623690023
2017-08-01 00:45:00,2,300.3913769119588,298.7491016722981
2017-08-01 01:00:00,2,300.3458252964418,298.69579619841164
2017-08-01 01:15:00,2,300.2999638935712,298.6427678764556
2017-08-01 01:30:00,2,300.2534907307721,298.58930594352165
2017-08-01 01:45:00,2,300.2064580052179,298.5353198465689
2017-08-01 02:00:00,2,300.15906078432994,298.4809569711705
2017-08-01 02:15:00,2,300.111480675533,298.4263814849869
2017-08-01 02:30:00,2,300.0639741418684,298.37185089462383
2017-08-01 02:45:00,2,300.0170878807613,298.31796802526117
2017-08-01 03:00:00,2,299.97144999272683,298.2656531893667
2017-08-01 03:15:00,2,299.9275297506247,298.2158159193946
2017-08-01 03:30:00,2,299.8855242836608,298.16894314902623
2017-08-01 03:45:00,2,299.84522245319994,298.1248254355601
2017-08-01 04:00:00,2,299.8062347896074,298.0827265262934
2017-08-01 04:15:00,2,299.76826851604125,298.0418625213989
2017-08-01 04:30:00,2,299.7311956765046,298.0017794562289
2017-08-01 04:45:00,2,299.6949866646588,297.962414318816
2017-08-01 05:00:00,2,299.65963212308617,297.92392129075347
2017-08-01 05:15:00,2,299.6251256346599,297.88648731521755
2017-08-01 05:30:00,2,299.5918794182591,297.850674316673
2017-08-01 05:45:00,2,299.5614695051876,297.8181581584231
2017-08-01 06:00:00,2,299.53564544351724,297.7911487171334
2017-08-01 06:15:00,2,299.51590422681056,297.7718895550419
2017-08-01 06:30:00,2,299.5036850421903,297.76221682960966
2017-08-01 06:45:00,2,299.50081105228287,297.76348061281226
2017-08-01 07:00:00,2,299.50883847160026,297.77688343489365
2017-08-01 07:15:00,2,299.5281326923041,297.80167106644825
2017-08-01 07:30:00,2,299.5582564136631,297.83645596073507
2017-08-01 07:45:00,2,299.5986626612314,297.8796622785294
2017-08-01 08:00:00,2,299.64886262304776,297.9297693421562
2017-08-01 08:15:00,2,299.7089171707832,297.9833564045633
2017-08-01 08:30:00,2,299.7794295978166,298.04199890328
2017-08-01 08:45:00,2,299.8611641462347,298.11211744424145
2017-08-01 09:00:00,2,299.95433876742567,298.1963226005187
2017-08-01 09:15:00,2,300.0582735513324,298.29225119663346
2017-08-01 09:30:00,2,300.1715144075573,298.39997190748943
2017-08-01 09:45:00,2,300.2921253553191,298.52471541714294
2017-08-01 10:00:00,2,300.41813722455845,298.6702488517834
2017-08-01 10:15:00,2,300.5476898207252,298.82579141265904
2017-08-01 10:30:00,2,300.6793161430964,298.9822269100247
2017-08-01 10:45:00,2,300.81231567956087,299.13685725120763
2017-08-01 11:00:00,2,300.94628426615117,299.29054807955134
2017-08-01 11:15:00,2,301.0805783900423,299.4441196994204
2017-08-01 11:30:00,2,301.21421171743856,299.59702243344503
2017-08-01 11:45:00,2,301.3456932115711,299.74770416945967
2017-08-01 12:00:00,2,301.47345716924707,299.8944331481491
2017-08-01 12:15:00,2,301.59617763404833,300.03582742803883
2017-08-01 12:30:00,2,301.7132050535467,300.1712135817187
2017-08-01 12:45:00,2,301.8251478859529,300.3007388416199
2017-08-01 13:00:00,2,301.9329559667545,300.4249660466991
2017-08-01 13:15:00,2,302.0370675007987,300.5444068931683
2017-08-01 13:30:00,2,302.1368471870101,300.6586924264474
2017-08-01 13:45:00,2,302.2296987482936,300.76598066658056
2017-08-01 14:00:00,2,302.31275584910935,300.86372419193293
2017-08-01 14:15:00,2,302.3841852113597,300.94992925738563
2017-08-01 14:30:00,2,302.44326434301996,301.02368888270877
2017-08-01 14:45:00,2,302.49012351987363,301.08496030937386
2017-08-01 15:00:00,2,302.52523921818437,301.13403313602436
2017-08-01 15:15:00,2,302.5490296985589,301.1711053697593
2017-08-01 15:30:00,2,302.5619170757684,301.1961424521113
2017-08-01 15:45:00,2,302.5643967003603,301.208970089799
2017-08-01 16:00:00,2,302.5568706258257,301.21083724166954
2017-08-01 16:15:00,2,302.53963377197783,301.2034697873165
2017-08-01 16:30:00,2,302.5130821719208,301.1873611172809
2017-08-01 16:45:00,2,302.47808045985335,301.1626732154598
2017-08-01 17:00:00,2,302.43620597447693,301.13019884072656
2017-08-01 17:15:00,2,302.38899559675343,301.09141133055846
2017-08-01 17:30:00,2,302.33728980207934,301.048547096589
2017-08-01 17:45:00,2,302.2816135179548,301.00251432151293
2017-08-01 18:00:00,2,302.2222637983239,300.9531704739629
2017-08-01 18:15:00,2,302.1590943391248,300.90001206738947
2017-08-01 18:30:00,2,302.0918838698577,300.8426011089397
2017-08-01 18:45:00,2,302.0205485809023,300.78069150292765
2017-08-01 19:00:00,2,301.94530777388593,300.71430359399795
2017-08-01 19:15:00,2,301.8666445874586,300.6436790012443
2017-08-01 19:30:00,2,301.7850615263919,300.5692773121713
2017-08-01 19:45:00,2,301.7019039747906,300.4920984450994
2017-08-01 20:00:00,2,301.61875372678463,300.41367959670606
2017-08-01 20:15:00,2,301.5366836019045,300.33620146628425
2017-08-01 20:30:00,2,301.45623805159426,300.2572299121458
2017-08-01 20:45:00,2,301.3775479923777,300.17449329785677
2017-08-01 21:00:00,2,301.3005367171161,300.0890707960848
2017-08-01 21:15:00,2,301.2250837861766,300.0029949579836
2017-08-01 21:30:00,2,301.1511829851715,299.917500984204
2017-08-01 21:45:00,2,301.07914412831605,299.83306014083877
2017-08-01 22:00:00,2,301.0093294742955,299.74994975774655
2017-08-01 22:15:00,2,300.9419278181356,299.66847722714135
2017-08-01 22:30:00,2,300.87697098346996,299.58889904965463
2017-08-01 22:45:00,2,300.81440181472055,299.51132199983596
2017-08-01 23:00:00,2,300.7541089468412,299.4356959914228
2017-08-01 23:15:00,2,300.69595097371285,299.36186177722544
2017-08-01 23:30:00,2,300.63985149673675,299.2896381767069
2017-08-01 23:45:00,2,300.58593853320355,299.2188521369702
2017-08-02 00:00:00,2,300.5343585411135,299.1497964428288
2017-08-02 00:15:00,2,300.485136293739,299.08598437231075
2017-08-02 00:30:00,2,300.43817774061677,299.0277894828842
2017-08-02 00:45:00,2,300.39328268226586,298.97374638587127
2017-08-02 01:00:00,2,300.3502213487071,298.9225177394777
2017-08-02 01:15:00,2,300.3087848443873,298.87349983043
2017-08-02 01:30:00,2,300.2686535788293,298.82640849551916
2017-08-02 01:45:00,2,300.2291491314767,298.7807480423428
2017-08-02 02:00:00,2,300.189560456576,298.7357702378163
2017-08-02 02:15:00,2,300.1494163463738,298.69076493927054
2017-08-02 02:30:00,2,300.1086393501438,298.64542277767
2017-08-02 02:45:00,2,300.06780013529146,298.60008389372325
2017-08-02 03:00:00,2,300.02764626805487,298.555537009558
2017-08-02 03:15:00,2,299.9886856138499,298.51254773190635
2017-08-02 03:30:00,2,299.95107533518365,298.4714580664507
2017-08-02 03:45:00,2,299.91450604962904,298.4319656033757
2017-08-02 04:00:00,2,299.8784958572961,298.3932989171392
2017-08-02 04:15:00,2,299.842715993932,298.35467499200496
2017-08-02 04:30:00,2,299.8070369658054,298.315638122078
2017-08-02 04:45:00,2,299.7713446982667,298.2761047423545
2017-08-02 05:00:00,2,299.7355167589689,298.2362060667242
2017-08-02 05:15:00,2,299.6994865655637,298.19612719469063
2017-08-02 05:30:00,2,299.66379916154756,298.15654825858365
2017-08-02 05:45:00,2,299.63058791753116,298.1194999592569
2017-08-02 06:00:00,2,299.6022711850966,298.08770353092274
2017-08-02 06:15:00,2,299.5809807248143,298.0640872237593
2017-08-02 06:30:00,2,299.5687556377259,298.0514923543069
2017-08-02 06:45:00,2,299.56775408912034,298.05250941951806
2017-08-02 07:00:00,2,299.57981366272634,298.0688179843287
2017-08-02 07:15:00,2,299.60566198138406,298.1002747233676
2017-08-02 07:30:00,2,299.64526749559286,298.1446709447324
2017-08-02 07:45:00,2,299.6986992664072,298.19950122007043
2017-08-02 08:00:00,2,299.7663198537526,298.2614887167836
2017-08-02 08:15:00,2,299.84864725134327,298.3276121032143
2017-08-02 08:30:00,2,299.9460034736485,298.4062315493261
2017-08-02 08:45:00,2,300.05745222396587,298.5012164134233
2017-08-02 09:00:00,2,300.18047352172846,298.6097572381868
2017-08-02 09:15:00,2,300.31154519851634,298.73569555948575
2017-08-02 09:30:00,2,300.4474967701957,298.88551089496593
2017-08-02 09:45:00,2,300.5869466760856,299.0475806189647
2017-08-02 10:00:00,2,300.72949251867226,299.2126215996641
2017-08-02 10:15:00,2,300.8744902330884,299.3777278324336
2017-08-02 10:30:00,2,301.0210907461634,299.5433034056667
2017-08-02 10:45:00,2,301.16869823714075,299.70980710469433
2017-08-02 11:00:00,2,301.3168264879942,299.876740811368
2017-08-02 11:15:00,2,301.4647631770323,300.04298258180495
2017-08-02 11:30:00,2,301.61132370851675,300.2071259698297
2017-08-02 11:45:00,2,301.7543785407476,300.3673918930183
2017-08-02 12:00:00,2,301.8916497716845,300.52182250640357
2017-08-02 12:15:00,2,302.02134333409776,300.6687027776165
2017-08-02 12:30:00,2,302.141563555165,300.80624643924
2017-08-02 12:45:00,2,302.2490517291243,300.931836288369
2017-08-02 13:00:00,2,302.3408636177842,301.0425541494919
2017-08-02 13:15:00,2,302.41564082729167,301.1364250658424
2017-08-02 13:30:00,2,302.4739724206771,301.21344405829615
2017-08-02 13:45:00,2,302.51872611594814,301.2757562377974
2017-08-02 14:00:00,2,302.55299147051943,301.3263275086441
2017-08-02 14:15:00,2,302.5786340911091,301.3673694698806
2017-08-02 14:30:00,2,302.5967053899922,301.3999950988077
2017-08-02 14:45:00,2,302.6081907670005,301.4248447632545
2017-08-02 15:00:00,2,302.61381063008434,301.4423804550948
2017-08-02 15:15:00,2,302.61364574860073,301.4525715008164
2017-08-02 15:30:00,2,302.60749965124256,301.45562872430304
2017-08-02 15:45:00,2,302.59522947419316,301.45229312469735
2017-08-02 16:00:00,2,302.57673638351145,301.44266101920016
2017-08-02 16:15:00,2,302.5517401105606,301.4263009113568
2017-08-02 16:30:00,2,302.5199250413986,301.4027135465319
2017-08-02 16:45:00,2,302.48157862350047,301.3718924432595
2017-08-02 17:00:00,2,302.4378502479895,301.3345459316903
2017-08-02 17:15:00,2,302.38995663736523,301.2929850200367
2017-08-02 17:30:00,2,302.33845749057116,301.2484961745314
2017-08-02 17:45:00,2,302.28314703319455,301.20096781858655
2017-08-02 18:00:00,2,302.22357842975185,301.14959702656324
2017-08-02 18:15:00,2,302.15925653927746,301.0935977722291
2017-08-02 18:30:00,2,302.09009251257726,301.0325792519975
2017-08-02 18:45:00,2,302.01620916626104,300.966531802821
2017-08-02 19:00:00,2,301.9379475567965,300.89574868696235
2017-08-02 19:15:00,2,301.85578604325576,300.8207063859276
2017-08-02 19:30:00,2,301.77017871202906,300.7422119388654
2017-08-02 19:45:00,2,301.6825783745892,300.66231288053535
2017-08-02 20:00:00,2,301.5947049578544,300.581113290321
2017-08-02 20:15:00,2,301.5077037768797,300.49499626076187
2017-08-02 20:30:00,2,301.4223330280846,300.4032458823319
2017-08-02 20:45:00,2,301.3394559042502,300.309009709684
2017-08-02 21:00:00,2,301.25982420808236,300.21580700683245
2017-08-02 21:15:00,2,301.1838234949849,300.1255819470804
2017-08-02 21:30:00,2,301.11147837855185,300.03879923288963
2017-08-02 21:45:00,2,301.042474394702,299.9551763333928
2017-08-02 22:00:00,2,300.9763720110221,299.8742241516251
2017-08-02 22:15:00,2,300.9127859480737,299.7954796951057
2017-08-02 22:30:00,2,300.85150361283434,299.7186407075611
2017-08-02 22:45:00,2,300.7926233894414,299.6436482049654
2017-08-02 23:00:00,2,300.736309180291,299.5705863318707
2017-08-02 23:15:00,2,300.68259789785645,299.4994071604709
2017-08-02 23:30:00,2,300.631326783081,299.430470146812
2017-08-02 23:45:00,2,300.5820395587449,299.36662086722674
2017-08-03 00:00:00,2,300.5342335342677,299.3076840972796
2017-08-03 00:15:00,2,300.48753940507044,299.2519144378071
2017-08-03 00:30:00,2,300.44172167114266,299.1979350613313
2017-08-03 00:45:00,2,300.3966547625107,299.1452408060916
2017-08-03 01:00:00,2,300.35226226096364,299.09379376105244
2017-08-03 01:15:00,2,300.30847516423677,299.04359628516676
2017-08-03 01:30:00,2,300.26523455374746,298.9945344011726
2017-08-03 01:45:00,2,300.22247418303556,298.9463640981709
2017-08-03 02:00:00,2,300.1800670625687,298.8987176362428
2017-08-03 02:15:00,2,300.13789331866855,298.85116939495896
2017-08-03 02:30:00,2,300.0960241135825,298.80350526401446
2017-08-03 02:45:00,2,300.05487063831265,298.75607749217534
2017-08-03 03:00:00,2,300.014967260997,298.7097771287731
2017-08-03 03:15:00,2,299.9767393403337,298.66561267316376
2017-08-03 03:30:00,2,299.9403585531771,298.6241844702486
2017-08-03 03:45:00,2,299.9055726325676,298.58534099391767
2017-08-03 04:00:00,2,299.87194898313896,298.5483465543155
2017-08-03 04:15:00,2,299.8391675153423,298.5123965214091
2017-08-03 04:30:00,2,299.8070927373791,298.47701975600586
2017-08-03 04:45:00,2,299.775711418151,298.4421575267
2017-08-03 05:00:00,2,299.7450390799474,298.408107321134
2017-08-03 05:15:00,2,299.7150886360712,298.37506356904555
2017-08-03 05:30:00,2,299.6862885520834,298.34347982606397
2017-08-03 05:45:00,2,299.6602114102528,298.3147753867294
2017-08-03 06:00:00,2,299.6385328341861,298.2909428534339
2017-08-03 06:15:00,2,299.62278574395765,298.2742863600345
2017-08-03 06:30:00,2,299.6149256850244,298.2673151046568
2017-08-03 06:45:00,2,299.6176593553605,298.27288691676404
2017-08-03 07:00:00,2,299.6329861967636,298.2920665603496
2017-08-03 07:15:00,2,299.6610396523939,298.32425427837705
2017-08-03 07:30:00,2,299.7007868125539,298.36745471232626
2017-08-03 07:45:00,2,299.75136249751716,298.419264195688
2017-08-03 08:00:00,2,299.8127131392043,298.47695757530596
2017-08-03 08:15:00,2,299.8857485947836,298.5360698125516
2017-08-03 08:30:00,2,299.97143372374165,298.60478763483655
2017-08-03 08:45:00,2,300.0685736636649,298.68786946692944
2017-08-03 09:00:00,2,300.1738203347767,298.7827719830349
2017-08-03 09:15:00,2,300.28331913589415,298.88710683142915
2017-08-03 09:30:00,2,300.3947946964323,299.0027959774261
2017-08-03 09:45:00,2,300.50981777685655,299.1348768933237
2017-08-03 10:00:00,2,300.6315233046116,299.2776929652286
2017-08-03 10:15:00,2,300.76199579678695,299.4270564365214
2017-08-03 10:30:00,2,300.90131693009664,299.58208604563237
2017-08-03 10:45:00,2,301.0466228063074,299.74200649769364
2017-08-03 11:00:00,2,301.1940890451447,299.9044382521035
2017-08-03 11:15:00,2,301.34047420884446,300.06620627170537
2017-08-03 11:30:00,2,301.4828838298092,300.22427442462015
2017-08-03 11:45:00,2,301.6177774509257,300.3756351570107
2017-08-03 12:00:00,2,301.7419877867127,300.517418670612
2017-08-03 12:15:00,2,301.8535734660309,300.64745308145535
2017-08-03 12:30:00,2,301.952499086033,300.765216759515
2017-08-03 12:45:00,2,302.0415580724549,300.8725257656046
2017-08-03 13:00:00,2,302.12405059231986,300.97244378884216
2017-08-03 13:15:00,2,302.2019865382808,301.0674724322149
2017-08-03 13:30:00,2,302.27629295152764,301.1587386431078
2017-08-03 13:45:00,2,302.3473653612964,301.24632130645665
2017-08-03 14:00:00,2,302.41524189616496,301.32984581328225
2017-08-03 14:15:00,2,302.47954158678635,301.4085628165066
2017-08-03 14:30:00,2,302.53937947462816,301.48148811954144
2017-08-03 14:45:00,2,302.5929573802161,301.5472564906382
2017-08-03 15:00:00,2,302.6382800915299,301.6042465965056
2017-08-03 15:15:00,2,302.6738910699806,301.65100349118234
2017-08-03 15:30:00,2,302.6989374420377,301.68639872535056
2017-08-03 15:45:00,2,302.71279661157024,301.7096576111271
2017-08-03 16:00:00,2,302.71511497589097,301.72029550493147
2017-08-03 16:15:00,2,302.70575990864177,301.71968857324146
2017-08-03 16:30:00,2,302.68520327178,301.70864422688334
2017-08-03 16:45:00,2,302.6546810934294,301.68781264627495
2017-08-03 17:00:00,2,302.61612655564727,301.6584035138151
2017-08-03 17:15:00,2,302.5713257045849,301.62151268822504
2017-08-03 17:30:00,2,302.52136969628106,301.57997923418
2017-08-03 17:45:00,2,302.46671504077864,301.5347572054259
2017-08-03 18:00:00,2,302.40743271365386,301.48541094273276
2017-08-03 18:15:00,2,302.34345412776327,301.4312525977943
2017-08-03 18:30:00,2,302.27483345091997,301.3719435839235
2017-08-03 18:45:00,2,302.2018055896654,301.30753331843687
2017-08-03 19:00:00,2,302.1249276166705,301.23840207225965
2017-08-03 19:15:00,2,302.04502173464596,301.16514116764176
2017-08-03 19:30:00,2,301.96272346379664,301.08841163506224
2017-08-03 19:45:00,2,301.87894980176367,301.00906457385963
2017-08-03 20:00:00,2,301.7946338330003,300.92819146586044
2017-08-03 20:15:00,2,301.71037269965893,300.84723949368095
2017-08-03 20:30:00,2,301.6266597952964,300.7662251331468
2017-08-03 20:45:00,2,301.5443115682498,300.6811074361112
2017-08-03 21:00:00,2,301.46411211362687,300.59227998867004
2017-08-03 21:15:00,2,301.38650851217693,300.5025788380686
2017-08-03 21:30:00,2,301.311756788603,300.41434516878564
2017-08-03 21:45:00,2,301.24022521000563,300.32872027640263
2017-08-03 22:00:00,2,301.17225453352376,300.2461990740956
2017-08-03 22:15:00,2,301.10795718686893,300.16706383801807
2017-08-03 22:30:00,2,301.047155927204,300.09139514384265
2017-08-03 22:45:00,2,300.9893204066479,300.01889351471254
2017-08-03 23:00:00,2,300.9338217357422,299.948918133849
2017-08-03 23:15:00,2,300.88015590533416,299.8807311130362
2017-08-03 23:30:00,2,300.82801974504224,299.81372981255606
2017-08-03 23:45:00,2,300.77735088633113,299.7474994412254
2017-08-04 00:00:00,2,300.7281217776204,299.6815062444018
2017-08-04 00:15:00,2,300.6802268217555,299.6179124469812
2017-08-04 00:30:00,2,300.63354539591944,299.55808420278487
2017-08-04 00:45:00,2,300.5880542886241,299.50135737438666
2017-08-04 01:00:00,2,300.5438020679918,299.4465831774117
2017-08-04 01:15:00,2,300.50086196342784,299.39318136838574
2017-08-04 01:30:00,2,300.4593438331282,299.3412069185892
2017-08-04 01:45:00,2,300.4193761172036,299.29100051120804
2017-08-04 02:00:00,2,300.38103944886325,299.24288445364135
2017-08-04 02:15:00,2,300.34434420993216,299.19703643257884
2017-08-04 02:30:00,2,300.3092412367377,299.1534787791834
2017-08-04 02:45:00,2,300.27563216665897,299.1121247992664
2017-08-04 03:00:00,2,300.24339599054747,299.0728304404104
2017-08-04 03:15:00,2,300.21241215810693,299.0354334121354
2017-08-04 03:30:00,2,300.1825701417709,298.99977823476735
2017-08-04 03:45:00,2,300.15377572584845,298.96585201078244
2017-08-04 04:00:00,2,300.12594865553893,298.9335292479199
2017-08-04 04:15:00,2,300.09901796352955,298.90262540651366
2017-08-04 04:30:00,2,300.0729574714482,298.87306147489596
2017-08-04 04:45:00,2,300.04787503855886,298.84497615825137
2017-08-04 05:00:00,2,300.02394848751743,298.8186849377563
2017-08-04 05:15:00,2,300.0013238628221,298.7945224025274
2017-08-04 05:30:00,2,299.98011722055713,298.77271423734805
2017-08-04 05:45:00,2,299.9604072692175,298.7530853653815
2017-08-04 06:00:00,2,299.94230003960945,298.7354097544897
2017-08-04 06:15:00,2,299.9266953770543,298.7200573016967
2017-08-04 06:30:00,2,299.9150441941207,298.7082870153941
2017-08-04 06:45:00,2,299.90881541012214,298.70191617231194
2017-08-04 07:00:00,2,299.9094946899203,298.70310803778665
2017-08-04 07:15:00,2,299.9193717858992,298.7143101795633
2017-08-04 07:30:00,2,299.94111299349925,298.7380672051448
2017-08-04 07:45:00,2,299.97720771232537,298.7763146137025
2017-08-04 08:00:00,2,300.02927887331504,298.8290295802152
2017-08-04 08:15:00,2,300.0976323289365,298.89289965166085
2017-08-04 08:30:00,2,300.1821310936318,298.95870975122995
2017-08-04 08:45:00,2,300.2822741698954,299.03922203607766
2017-08-04 09:00:00,2,300.3963228118997,299.1427325097599
2017-08-04 09:15:00,2,300.5198309459574,299.26866634095
2017-08-04 09:30:00,2,300.64727045428907,299.4169408548194
2017-08-04 09:45:00,2,300.7741100654114,299.57242923133566
2017-08-04 10:00:00,2,300.89725978970546,299.72286906814014
2017-08-04 10:15:00,2,301.0153933806745,299.86437114033225
2017-08-04 10:30:00,2,301.1281629103838,299.9981031485021
2017-08-04 10:45:00,2,301.2354324393034,300.12581064716306
2017-08-04 11:00:00,2,301.3367867415031,300.2477794161577
2017-08-04 11:15:00,2,301.43099902353697,300.3628269636571
2017-08-04 11:30:00,2,301.5168949838967,300.46951716770445
2017-08-04 11:45:00,2,301.5943408504099,300.5670790318407
2017-08-04 12:00:00,2,301.6641372701135,300.6559267341077
2017-08-04 12:15:00,2,301.72809546329995,300.73760716990506
2017-08-04 12:30:00,2,301.787856637597,300.8138781701138
2017-08-04 12:45:00,2,301.84372823586443,300.8855875408699
2017-08-04 13:00:00,2,301.8960486005544,300.9531440347137
2017-08-04 13:15:00,2,301.94714703627005,301.0179331308426
2017-08-04 13:30:00,2,301.99969695840394,301.08244806630455
2017-08-04 13:45:00,2,302.05598512801976,301.14937577461114
2017-08-04 14:00:00,2,302.1163767215971,301.2198774334619
2017-08-04 14:15:00,2,302.17798242874335,301.29224795796875
2017-08-04 14:30:00,2,302.2368573035368,301.36259552086557
2017-08-04 14:45:00,2,302.28954512483693,301.4266583984241
2017-08-04 15:00:00,2,302.33367190984785,301.4812084385445
2017-08-04 15:15:00,2,302.36780888151236,301.5243437020041
2017-08-04 15:30:00,2,302.3913420958198,301.55525009886986
2017-08-04 15:45:00,2,302.4046167291288,301.5741186972012
2017-08-04 16:00:00,2,302.4082678182126,301.58282510273403
2017-08-04 16:15:00,2,302.4026096339581,301.5825120467146
2017-08-04 16:30:00,2,302.387844277314,301.5734274942605
2017-08-04 16:45:00,2,302.3645330221403,301.5557595745463
2017-08-04 17:00:00,2,302.3339537338377,301.53001956231475
2017-08-04 17:15:00,2,302.2974416703768,301.49836129069695
2017-08-04 17:30:00,2,302.2558363250513,301.4624459904705
2017-08-04 17:45:00,2,302.20965294011654,301.4227993269928
2017-08-04 18:00:00,2,302.1593877592848,301.37939323232183
2017-08-04 18:15:00,2,302.10523007701795,301.3320978803964
2017-08-04 18:30:00,2,302.0472234392761,301.28080506696466
2017-08-04 18:45:00,2,301.98543122802204,301.22545364554855
2017-08-04 19:00:00,2,301.9202452443309,301.16619699715415
2017-08-04 19:15:00,2,301.8524575371821,301.1034795240602
2017-08-04 19:30:00,2,301.7826950872166,301.03791321981413
2017-08-04 19:45:00,2,301.7116738692907,300.9702777181057
2017-08-04 20:00:00,2,301.64006675495637,300.901611831934
2017-08-04 20:15:00,2,301.56828817977566,300.83388903320423
2017-08-04 20:30:00,2,301.4966934364915,300.7611647596415
2017-08-04 20:45:00,2,301.4259552299611,300.68316937194925
2017-08-04 21:00:00,2,301.35679449522235,300.6028818616842
2017-08-04 21:15:00,2,301.2896785733613,300.52304463709436
2017-08-04 21:30:00,2,301.2247984173842,300.44493074759356
2017-08-04 21:45:00,2,301.16211508757846,300.3687666284381
2017-08-04 22:00:00,2,301.1014911997172,300.2944375200746
2017-08-04 22:15:00,2,301.0427688124933,300.22182644939437
2017-08-04 22:30:00,2,300.9859270944701,300.1509361316888
2017-08-04 22:45:00,2,300.9313330518384,300.08199002674525
2017-08-04 23:00:00,2,300.87939440984246,300.01535715224446
2017-08-04 23:15:00,2,300.8302927831489,299.95134219977854
2017-08-04 23:30:00,2,300.78391839796,299.8899292989529
2017-08-04 23:45:00,2,300.7397746079691,299.8305218995063
2017-08-05 00:00:00,2,300.69728099281645,299.7741283541756
2017-08-05 00:15:00,2,300.656007957507,299.7216578105907
2017-08-05 00:30:00,2,300.61573255487144,299.672453082114
2017-08-05 00:45:00,2,300.57647081356345,299.6254638013837
2017-08-05 01:00:00,2,300.5382801846617,299.5800944522763
2017-08-05 01:15:00,2,300.50114228022244,299.5361868897574
2017-08-05 01:30:00,2,300.4649396634476,299.49364457649546
2017-08-05 01:45:00,2,300.4294067680106,299.45216635809635
2017-08-05 02:00:00,2,300.39424683536885,299.4112533161954
2017-08-05 02:15:00,2,300.3592731773083,299.3703973426544
2017-08-05 02:30:00,2,300.32446887791605,299.3293409162726
2017-08-05 02:45:00,2,300.28998185846706,299.2883264434495
2017-08-05 03:00:00,2,300.2560846389129,299.24806675781616
2017-08-05 03:15:00,2,300.2230589952141,299.20939566434436
2017-08-05 03:30:00,2,300.1910865555722,299.1728610044702
2017-08-05 03:45:00,2,300.16017504308974,299.13861221977197
2017-08-05 04:00:00,2,300.13022929084354,299.10626087978176
2017-08-05 04:15:00,2,300.1011172512933,299.07522995392645
2017-08-05 04:30:00,2,300.0726483029133,299.0450276156771
2017-08-05 04:45:00,2,300.0445949312294,299.0152376583774
2017-08-05 05:00:00,2,300.0167602896836,298.98547578207456
2017-08-05 05:15:00,2,299.9890546269061,298.95546191396886
2017-08-05 05:30:00,2,299.96196115959566,298.92553148985115
2017-08-05 05:45:00,2,299.9372341875595,298.8972250131361
2017-08-05 06:00:00,2,299.91672318567265,298.872931184865
2017-08-05 06:15:00,2,299.90211919675045,298.85518541246984
2017-08-05 06:30:00,2,299.8953123746094,298.8466367320857
2017-08-05 06:45:00,2,299.89851741629127,298.84978964633484
2017-08-05 07:00:00,2,299.9137642785675,298.86683741313215
2017-08-05 07:15:00,2,299.94181905187367,298.89835051628785
2017-08-05 07:30:00,2,299.9825557771175,298.94227752601336
2017-08-05 07:45:00,2,300.0356450342955,298.99547650516377
2017-08-05 08:00:00,2,300.10063865768393,299.05084703689886
2017-08-05 08:15:00,2,300.1772146206517,299.11246359364856
2017-08-05 08:30:00,2,300.2652811107063,299.1858522335439
2017-08-05 08:45:00,2,300.3647024236933,299.27157414489193
2017-08-05 09:00:00,2,300.47465456325205,299.3748411230966
2017-08-05 09:15:00,2,300.59354627588084,299.49885908331913
2017-08-05 09:30:00,2,300.7195593211352,299.643059585636
2017-08-05 09:45:00,2,300.851058163736,299.7968792728664
2017-08-05 10:00:00,2,300.98649513358356,299.9528095191813
2017-08-05 10:15:00,2,301.1241379406845,300.10855977915884
2017-08-05 10:30:00,2,301.2623255227114,300.26398852620787
2017-08-05 10:45:00,2,301.3994582238392,300.41854479590796
2017-08-05 11:00:00,2,301.5340687305197,300.57083103080015
2017-08-05 11:15:00,2,301.66479751005465,300.71921403392446
2017-08-05 11:30:00,2,301.7903769720669,300.8622626535101
2017-08-05 11:45:00,2,301.9094705025169,300.9987863160945
2017-08-05 12:00:00,2,302.02091540313154,301.127779473142
2017-08-05 12:15:00,2,302.12388276822355,301.24842406238594
2017-08-05 12:30:00,2,302.218084153991,301.3602694623794
2017-08-05 12:45:00,2,302.3040003967842,301.46339464384675
2017-08-05 13:00:00,2,302.38233109912943,301.55822264798286
2017-08-05 13:15:00,2,302.4534811019505,301.6451444814113
2017-08-05 13:30:00,2,302.51766383345677,301.72437238475544
2017-08-05 13:45:00,2,302.57509893920786,301.7960610800023
2017-08-05 14:00:00,2,302.6259155071847,301.86033125239595
2017-08-05 14:15:00,2,302.6700154823121,301.91715346854255
2017-08-05 14:30:00,2,302.7069157121515,301.96608233358245
2017-08-05 14:45:00,2,302.7353731298564,302.0060218325247
2017-08-05 15:00:00,2,302.7542036277903,302.0356000764419
2017-08-05 15:15:00,2,302.7627531759337,302.053708659287
2017-08-05 15:30:00,2,302.76125029056004,302.0596916743816
2017-08-05 15:45:00,2,302.751253096051,302.05629388609407
2017-08-05 16:00:00,2,302.73439522772986,302.04579941422946
2017-08-05 16:15:00,2,302.7114353164467,302.0292167264867
2017-08-05 16:30:00,2,302.6824571546864,302.00643828498534
2017-08-05 16:45:00,2,302.6472981788677,301.9770217025151
2017-08-05 17:00:00,2,302.6064147283163,301.9411650650041
2017-08-05 17:15:00,2,302.56082799309945,301.900640220665
2017-08-05 17:30:00,2,302.51137424637835,301.8567633797473
2017-08-05 17:45:00,2,302.4585360996547,301.80997812547565
2017-08-05 18:00:00,2,302.4025459760222,301.76021213073966
2017-08-05 18:15:00,2,302.34330348463135,301.70720065997523
2017-08-05 18:30:00,2,302.2805398405142,301.6505727117184
2017-08-05 18:45:00,2,302.2137791114424,301.58988087384444
2017-08-05 19:00:00,2,302.14294520512124,301.5248753707737
2017-08-05 19:15:00,2,302.06835691409805,301.4556394758849
2017-08-05 19:30:00,2,301.99052096174904,301.3827138341837
2017-08-05 19:45:00,2,301.91107160268507,301.3074292946974
2017-08-05 20:00:00,2,301.8318765439044,301.23204067479185
2017-08-05 20:15:00,2,301.75414569759755,301.15612750352835
2017-08-05 20:30:00,2,301.67847218827654,301.0763671757822
2017-08-05 20:45:00,2,301.6050417882386,300.9935585653363
2017-08-05 21:00:00,2,301.533859959631,300.91031427848816
2017-08-05 21:15:00,2,301.46485935764593,300.82845425572805
2017-08-05 21:30:00,2,301.39794723068036,300.74848167458464
2017-08-05 21:45:00,2,301.33302147668996,300.67019527408434
2017-08-05 22:00:00,2,301.26991211840266,300.593253752641
2017-08-05 22:15:00,2,301.2084029843899,300.51736081718406
2017-08-05 22:30:00,2,301.14842109738214,300.4423808021277
2017-08-05 22:45:00,2,301.090346044247,300.36852173141557
2017-08-05 23:00:00,2,301.03468365390387,300.2962943306937
2017-08-05 23:15:00,2,300.9817343638686,300.2262192981895
2017-08-05 23:30:00,2,300.9315001923586,300.15847925377574
2017-08-05 23:45:00,2,300.8836091416887,300.09253368915824
2017-08-06 00:00:00,2,300.8375807004978,300.0305376040884
2017-08-06 00:15:00,2,300.7930365451561,299.9732794424599
2017-08-06 00:30:00,2,300.7497730761911,299.9197192440083
2017-08-06 00:45:00,2,300.7078292491234,299.8686629594387
2017-08-06 01:00:00,2,300.6673024275089,299.81959577449027
2017-08-06 01:15:00,2,300.6282133386765,299.7724820744037
2017-08-06 01:30:00,2,300.59039909877146,299.7272373783946
2017-08-06 01:45:00,2,300.55336340035365,299.68338853640176
2017-08-06 02:00:00,2,300.51652883830957,299.6401622097059
2017-08-06 02:15:00,2,300.4794593759861,299.5967772811586
2017-08-06 02:30:00,2,300.4420675235613,299.55283790844436
2017-08-06 02:45:00,2,300.40480527812116,299.50868534377764
2017-08-06 03:00:00,2,300.36831053457,299.4652633449993
2017-08-06 03:15:00,2,300.3330694361039,299.4235983218169
2017-08-06 03:30:00,2,300.29919708124584,299.38420858770723
2017-08-06 03:45:00,2,300.2661407383906,299.34669322930375
2017-08-06 04:00:00,2,300.233115361797,299.3099484039175
2017-08-06 04:15:00,2,300.19956309298715,299.2728112216637
2017-08-06 04:30:00,2,300.1653429564754,299.2346745973114
2017-08-06 04:45:00,2,300.1308583924601,299.19575716112087
2017-08-06 05:00:00,2,300.0966725745057,299.15682336512543
2017-08-06 05:15:00,2,300.06320942755843,299.118684798448
2017-08-06 05:30:00,2,300.03126094702617,299.08239097346546
2017-08-06 05:45:00,2,300.0029638831822,299.0500264592976
2017-08-06 06:00:00,2,299.98051998097617,299.02411971154123
2017-08-06 06:15:00,2,299.96570809914544,299.0071970153788
2017-08-06 06:30:00,2,299.9603069316151,299.0016256827728
2017-08-06 06:45:00,2,299.96614119855224,299.0090036924869
2017-08-06 07:00:00,2,299.9848087540408,299.0309627113122
2017-08-06 07:15:00,2,300.0170745840782,299.06713775901983
2017-08-06 07:30:00,2,300.0629541484742,299.1159179228869
2017-08-06 07:45:00,2,300.1219222865322,299.17471601275105
2017-08-06 08:00:00,2,300.1932884633797,299.23773273528025
2017-08-06 08:15:00,2,300.2767808261301,299.3052097024687
2017-08-06 08:30:00,2,300.3722142019075,299.38366882816507
2017-08-06 08:45:00,2,300.479312559215,299.4749050082762
2017-08-06 09:00:00,2,300.59750596049344,299.5850684760773
2017-08-06 09:15:00,2,300.7256311718344,299.71687614046664
2017-08-06 09:30:00,2,300.86213576237327,299.8715466475512
2017-08-06 09:45:00,2,301.00526459452146,300.03754001574947
2017-08-06 10:00:00,2,301.15317869609856,300.2061041152113
2017-08-06 10:15:00,2,301.3039890249456,300.37450164690983
2017-08-06 10:30:00,2,301.45618989546983,300.5428951544507
2017-08-06 10:45:00,2,301.60922786583916,300.71164560519776
2017-08-06 11:00:00,2,301.7629189682073,300.88050839826866
2017-08-06 11:15:00,2,301.91673366987686,301.0487089430538
2017-08-06 11:30:00,2,302.0695405844991,301.21505125898545
2017-08-06 11:45:00,2,302.21920263655585,301.37783992435686
2017-08-06 12:00:00,2,302.36337984408175,301.5351560309968
2017-08-06 12:15:00,2,302.5001850829134,301.6853098938347
2017-08-06 12:30:00,2,302.6277849900564,301.82666891015106
2017-08-06 12:45:00,2,302.7433976970887,301.9570836247463
2017-08-06 13:00:00,2,302.8445203232277,302.0740959609874
2017-08-06 13:15:00,2,302.9298943020532,302.17603072756475
2017-08-06 13:30:00,2,302.9996489320815,302.2625598109579
2017-08-06 13:45:00,2,303.05526817573,302.33465221389855
2017-08-06 14:00:00,2,303.09851670460506,302.39392220600246
2017-08-06 14:15:00,2,303.1306650824697,302.4416480622657
2017-08-06 14:30:00,2,303.15262502117986,302.47854871137235
2017-08-06 14:45:00,2,303.16522852896577,302.505023146757
2017-08-06 15:00:00,2,303.1691169744383,302.52129003375796
2017-08-06 15:15:00,2,303.1645560674347,302.52717740432087
2017-08-06 15:30:00,2,303.1519634372029,302.5235787823725
2017-08-06 15:45:00,2,303.1325773449422,302.5124955467015
2017-08-06 16:00:00,2,303.1075249868838,302.4952967065993
2017-08-06 16:15:00,2,303.0772436241832,302.4724243005394
2017-08-06 16:30:00,2,303.04172087218467,302.4437182308997
2017-08-06 16:45:00,2,303.000994101902,302.4089254013084
2017-08-06 17:00:00,2,302.9557927940911,302.3690840925439
2017-08-06 17:15:00,2,302.9070099429772,302.32581293329713
2017-08-06 17:30:00,2,302.8553041920135,302.28006397413526
2017-08-06 17:45:00,2,302.80102935881325,302.2320740353812
2017-08-06 18:00:00,2,302.7442576041658,302.1816875005867
2017-08-06 18:15:00,2,302.6846860111182,302.1285393087114
2017-08-06 18:30:00,2,302.6219328002513,302.0721553188213
2017-08-06 18:45:00,2,302.5556076597389,302.0120382906609
2017-08-06 19:00:00,2,302.4856926703596,301.94791497765704
2017-08-06 19:15:00,2,302.4126711844235,301.8798838113351
2017-08-06 19:30:00,2,302.3372025920363,301.80843820649847
2017-08-06 19:45:00,2,302.260734788916,301.7346099654548
2017-08-06 20:00:00,2,302.1848331371789,301.6597902590853
2017-08-06 20:15:00,2,302.11050658280794,301.58541472325237
2017-08-06 20:30:00,2,302.038163885062,301.5118043258225
2017-08-06 20:45:00,2,301.96762039658006,301.4370127433088
2017-08-06 21:00:00,2,301.8984917360691,301.3601420899573
2017-08-06 21:15:00,2,301.8304771011705,301.2819142523974
2017-08-06 21:30:00,2,301.76338147337015,301.2032659642005
2017-08-06 21:45:00,2,301.6970785216714,301.12460094759535
2017-08-06 22:00:00,2,301.6314712416523,301.04586770346583
2017-08-06 22:15:00,2,301.56647635100256,300.966874467476
2017-08-06 22:30:00,2,301.5021359464733,300.8875585632768
2017-08-06 22:45:00,2,301.43883494609287,300.80817763918446
2017-08-06 23:00:00,2,301.37703167853607,300.7292450737903
2017-08-06 23:15:00,2,301.3170071139062,300.65126840169944
2017-08-06 23:30:00,2,301.2588983529251,300.57454253816763
2017-08-06 23:45:00,2,301.20281001573096,300.4990650079987
2017-08-07 00:00:00,2,301.14878830132454,300.42438118189534
2017-08-07 00:15:00,2,301.09682047005793,300.3527875766594
2017-08-07 00:30:00,2,301.04687191973505,300.28619149409593
2017-08-07 00:45:00,2,300.9989415396612,300.2242819031692
2017-08-07 01:00:00,2,300.95313400796937,300.1662733411237
2017-08-07 01:15:00,2,300.9095834725983,300.1119768045182
2017-08-07 01:30:00,2,300.86836060060136,300.0615731042816
2017-08-07 01:45:00,2,300.8294485187441,300.0150735038152
2017-08-07 02:00:00,2,300.7927313760511,299.97215050459425
2017-08-07 02:15:00,2,300.7580348586055,299.9323083680324
2017-08-07 02:30:00,2,300.7250656838418,299.89499805722704
2017-08-07 02:45:00,2,300.69323608232577,299.85954989416433
2017-08-07 03:00:00,2,300.66192182041647,299.82521348762003
2017-08-07 03:15:00,2,300.6306870031758,299.79133336357285
2017-08-07 03:30:00,2,300.5992866677828,299.75745742491307
2017-08-07 03:45:00,2,300.5675974154335,299.7232620010927
2017-08-07 04:00:00,2,300.53552600812674,299.6884295076423
2017-08-07 04:15:00,2,300.503054232929,299.6526743270289
2017-08-07 04:30:00,2,300.4703706658055,299.6159607645934
2017-08-07 04:45:00,2,300.4378745392268,299.5786834112959
2017-08-07 05:00:00,2,300.4059572692827,299.54153436595715
2017-08-07 05:15:00,2,300.374892029625,299.50520014273934
2017-08-07 05:30:00,2,300.3453313483077,299.4707063676955
2017-08-07 05:45:00,2,300.31919486442104,299.4397619535685
2017-08-07 06:00:00,2,300.2984964014145,299.4145316267436
2017-08-07 06:15:00,2,300.28499452346074,299.39744938413685
2017-08-07 06:30:00,2,300.28057233281334,299.39106232195223
2017-08-07 06:45:00,2,300.2870076678472,299.39738022961234
2017-08-07 07:00:00,2,300.30566891523017,299.41800769676195
2017-08-07 07:15:00,2,300.3370393011728,299.4529205833533
2017-08-07 07:30:00,2,300.3810006632337,299.4999913778074
2017-08-07 07:45:00,2,300.43740215160994,299.5563277989929
2017-08-07 08:00:00,2,300.5062435702451,299.61559119909435
2017-08-07 08:15:00,2,300.5880567878013,299.6812489367644
2017-08-07 08:30:00,2,300.6836365735376,299.7597519796138
2017-08-07 08:45:00,2,300.7925066794863,299.85278988722774
2017-08-07 09:00:00,2,300.91255034292897,299.9651962972441
2017-08-07 09:15:00,2,301.04059288552287,300.0996072490474
2017-08-07 09:30:00,2,301.173692493663,300.2522606520952
2017-08-07 09:45:00,2,301.31057958566686,300.41175936086887
2017-08-07 10:00:00,2,301.450867759876,300.5718379465437
2017-08-07 10:15:00,2,301.59394951026496,300.7319377326565
2017-08-07 10:30:00,2,301.73888978783356,300.8930726766941
2017-08-07 10:45:00,2,301.88448639220536,301.0551762756894
2017-08-07 11:00:00,2,302.0294268487241,301.2169915837069
2017-08-07 11:15:00,2,302.1723425046495,301.3768936882128
2017-08-07 11:30:00,2,302.3116241357855,301.53314776325396
2017-08-07 11:45:00,2,302.44490312372426,301.6836036453257
2017-08-07 12:00:00,2,302.56991404665825,301.8259370888163
2017-08-07 12:15:00,2,302.68508572552554,301.958286405414
2017-08-07 12:30:00,2,302.7895638076939,302.07959228386153
2017-08-07 12:45:00,2,302.8830983566935,302.1895411297776
2017-08-07 13:00:00,2,302.9657594674853,302.2882349669412
2017-08-07 13:15:00,2,303.0376977735135,302.37586995068784
2017-08-07 13:30:00,2,303.0994986340043,302.45293706915703
2017-08-07 13:45:00,2,303.15273623222686,302.52060739237555
2017-08-07 14:00:00,2,303.1990024027528,302.58036660240543
2017-08-07 14:15:00,2,303.23913158299683,302.6332791662077
2017-08-07 14:30:00,2,303.2734697391444,302.67974149823857
2017-08-07 14:45:00,2,303.30228486621047,302.71976388864607
2017-08-07 15:00:00,2,303.32570503203465,302.7531934344415
2017-08-07 15:15:00,2,303.3435135399651,302.77965075863693
2017-08-07 15:30:00,2,303.35500573657504,302.79809530192705
2017-08-07 15:45:00,2,303.35861304373543,302.80847712996086
2017-08-07 16:00:00,2,303.35278137138107,302.80980987433077
2017-08-07 16:15:00,2,303.33669082567985,302.80095119869395
2017-08-07 16:30:00,2,303.31039107315706,302.78151132809944
2017-08-07 16:45:00,2,303.27499305051083,302.7522403710384
2017-08-07 17:00:00,2,303.2324390773839,302.71452627093987
2017-08-07 17:15:00,2,303.18444041689827,302.6713854331377
2017-08-07 17:30:00,2,303.13217040476394,302.62483641563813
2017-08-07 17:45:00,2,303.0764390884314,302.5755156410736
2017-08-07 18:00:00,2,303.0176664065275,302.52335354761624
2017-08-07 18:15:00,2,302.95573526482895,302.4680263127038
2017-08-07 18:30:00,2,302.8903034807736,302.4090972270588
2017-08-07 18:45:00,2,302.8209855456294,302.34611758144024
2017-08-07 19:00:00,2,302.74793018113996,302.278926686087
2017-08-07 19:15:00,2,302.6717172522755,302.20774843669403
2017-08-07 19:30:00,2,302.5929379865429,302.1331179131916
2017-08-07 19:45:00,2,302.51279219066555,302.0560008372356
2017-08-07 20:00:00,2,302.43260203644246,301.9777497430974
2017-08-07 20:15:00,2,302.35324748983686,301.90021209554396
2017-08-07 20:30:00,2,302.2752013241798,301.8213232930574
2017-08-07 20:45:00,2,302.1986757662819,301.7388387855051
2017-08-07 21:00:00,2,302.12373300086915,301.65373674256307
2017-08-07 21:15:00,2,302.0503595511868,301.5680278247902
2017-08-07 21:30:00,2,301.9786076001147,301.4830224959889
2017-08-07 21:45:00,2,301.908797053416,301.3992660859032
2017-08-07 22:00:00,2,301.84127340220374,301.3170506290358
2017-08-07 22:15:00,2,301.77620495158686,301.2366595790483
2017-08-07 22:30:00,2,301.7136053207568,301.15830939483794
2017-08-07 22:45:00,2,301.6534012581004,301.082080267683
2017-08-07 23:00:00,2,301.5954726569893,301.0079196637053
2017-08-07 23:15:00,2,301.53967375245776,300.93567691650645
2017-08-07 23:30:00,2,301.48588498092084,300.8651760480764
2017-08-07 23:45:00,2,301.4340960027948,300.79625014734046
2017-08-08 00:00:00,2,301.38431962859954,300.72847178426906
2017-08-08 00:15:00,2,301.33650043910325,300.66474450017904
2017-08-08 00:30:00,2,301.2904430939503,300.6061464290097
2017-08-08 00:45:00,2,301.2456840922705,300.5514346918329
2017-08-08 01:00:00,2,301.2016722449179,300.49882857956294
2017-08-08 01:15:00,2,301.157966233264,300.4471225115155
2017-08-08 01:30:00,2,301.114415019786,300.3958597679365
2017-08-08 01:45:00,2,301.07134449522596,300.34513957479
2017-08-08 02:00:00,2,301.0291402002774,300.2952383402777
2017-08-08 02:15:00,2,300.9880091052802,300.24628536618684
2017-08-08 02:30:00,2,300.94803744258627,300.1982850929581
2017-08-08 02:45:00,2,300.9092439812281,300.15140656758985
2017-08-08 03:00:00,2,300.87167595611817,300.1061114064949
2017-08-08 03:15:00,2,300.8354063659049,300.0629570020154
2017-08-08 03:30:00,2,300.8004258672699,300.02222648577674
2017-08-08 03:45:00,2,300.7664793689922,299.9836132337855
2017-08-08 04:00:00,2,300.7331619454232,299.9462900693058
2017-08-08 04:15:00,2,300.70015257249185,299.9093325535228
2017-08-08 04:30:00,2,300.667372601444,299.87219177217844
2017-08-08 04:45:00,2,300.6350078430798,299.83492963143215
2017-08-08 05:00:00,2,300.6033027399153,299.79803584250755
2017-08-08 05:15:00,2,300.57242171574336,299.762055678133
2017-08-08 05:30:00,2,300.54291001180115,299.7279204722226
2017-08-08 05:45:00,2,300.5165643015156,299.69735247397
2017-08-08 06:00:00,2,300.49530589455895,299.6726081879246
2017-08-08 06:15:00,2,300.48070764040824,299.65604470767767
2017-08-08 06:30:00,2,300.4742827222759,299.6495615964285
2017-08-08 06:45:00,2,300.4775729238764,299.6544521529787
2017-08-08 07:00:00,2,300.49210463455114,299.671968176534
2017-08-08 07:15:00,2,300.5188430608358,299.70213744439684
2017-08-08 07:30:00,2,300.55819258535394,299.7439833950599
2017-08-08 07:45:00,2,300.61040002783466,299.79584662713637
2017-08-08 08:00:00,2,300.6758327570338,299.8542564967702
2017-08-08 08:15:00,2,300.7550055391306,299.9171428983691
2017-08-08 08:30:00,2,300.8483775139874,299.99199857024786
2017-08-08 08:45:00,2,300.9555595085756,300.081975464333
2017-08-08 09:00:00,2,301.07498201940354,300.1878731706369
2017-08-08 09:15:00,2,301.2041079913014,300.31324991950186
2017-08-08 09:30:00,2,301.3403300782748,300.46220221295835
2017-08-08 09:45:00,2,301.48202560268123,300.6237102516425
2017-08-08 10:00:00,2,301.6282143527378,300.78844077288977
2017-08-08 10:15:00,2,301.7777891714024,300.9533438301896
2017-08-08 10:30:00,2,301.92920340697026,301.1184783475473
2017-08-08 10:45:00,2,302.08003277557566,301.2833325870854
2017-08-08 11:00:00,2,302.2276374362621,301.44597050799604
2017-08-08 11:15:00,2,302.36978745737946,301.604024293732
2017-08-08 11:30:00,2,302.5047921578529,301.7555656401923
2017-08-08 11:45:00,2,302.6313376569793,301.89926344706737
2017-08-08 12:00:00,2,302.7484949983785,302.03418979729713
2017-08-08 12:15:00,2,302.85565631527885,302.1596368591106
2017-08-08 12:30:00,2,302.95258930955623,302.2751087433756
2017-08-08 12:45:00,2,303.03950129707687,302.3803579230592
2017-08-08 13:00:00,2,303.1167831568221,302.4753566807032
2017-08-08 13:15:00,2,303.18472097985796,302.5601948203293
2017-08-08 13:30:00,2,303.24395382325963,302.63536389371274
2017-08-08 13:45:00,2,303.29624668785533,302.7022227524761
2017-08-08 14:00:00,2,303.3433582551823,302.7625263699765
2017-08-08 14:15:00,2,303.3861226813928,302.8174852574322
2017-08-08 14:30:00,2,303.4241643589379,302.86701152682423
2017-08-08 14:45:00,2,303.45539984016835,302.9094659243659
2017-08-08 15:00:00,2,303.47760323221473,302.94253679313044
2017-08-08 15:15:00,2,303.4894781329242,302.9643788814148
2017-08-08 15:30:00,2,303.49080201634024,302.97386969707384
2017-08-08 15:45:00,2,303.48234216920673,302.9726695065211
2017-08-08 16:00:00,2,303.4649839568328,302.96243440040996
2017-08-08 16:15:00,2,303.4390858008155,302.9437274568371
2017-08-08 16:30:00,2,303.4047825626256,302.9164085500121
2017-08-08 16:45:00,2,303.3623426666869,302.88040761360634
2017-08-08 17:00:00,2,303.3128120913763,302.83630417395955
2017-08-08 17:15:00,2,303.2574791258748,302.7865039906669
2017-08-08 17:30:00,2,303.1971764565322,302.73253652270984
2017-08-08 17:45:00,2,303.1325943461117,302.67487829613356
2017-08-08 18:00:00,2,303.064256962714,302.6135744502794
2017-08-08 18:15:00,2,302.99226538378963,302.54857959856713
2017-08-08 18:30:00,2,302.91674092759536,302.47992775538484
2017-08-08 18:45:00,2,302.83816585875144,302.4078927328603
2017-08-08 19:00:00,2,302.7572877382171,302.3330588320082
2017-08-08 19:15:00,2,302.6749308475905,302.25623338221465
2017-08-08 19:30:00,2,302.5915775229332,302.1786077377882
2017-08-08 19:45:00,2,302.50770406831066,302.1000274293167
2017-08-08 20:00:00,2,302.4237944444675,302.0198702680063
2017-08-08 20:15:00,2,302.3401755076394,301.9329193434475
2017-08-08 20:30:00,2,302.25718117343615,301.8403555294299
2017-08-08 20:45:00,2,302.1754423209909,301.7456776882512
2017-08-08 21:00:00,2,302.09554538285505,301.6513946523249
2017-08-08 21:15:00,2,302.0177899364911,301.55841845877995
2017-08-08 21:30:00,2,301.942243222525,301.4668205055723
2017-08-08 21:45:00,2,301.8688478612811,301.37652931714575
2017-08-08 22:00:00,2,301.79751692361765,301.28755738751266
2017-08-08 22:15:00,2,301.7281507980386,301.1999288813968
2017-08-08 22:30:00,2,301.6607506379394,301.1136493281422
2017-08-08 22:45:00,2,301.5956020294723,301.0287426648027
2017-08-08 23:00:00,2,301.5329667411981,300.9449845428792
2017-08-08 23:15:00,2,301.4728982658278,300.86504215272896
2017-08-08 23:30:00,2,301.4153484565964,300.79127928766917
2017-08-08 23:45:00,2,301.36034930052733,300.72314397296105
2017-08-09 00:00:00,2,301.30796328851346,300.65922384594705
2017-08-09 00:15:00,2,301.2581845041431,300.59873412164376
2017-08-09 00:30:00,2,301.2109265451585,300.54153265524246
2017-08-09 00:45:00,2,301.1660403883239,300.4876129467731
2017-08-09 01:00:00,2,301.1233555013167,300.4368353487971
2017-08-09 01:15:00,2,301.08269741667067,300.38893922437467
2017-08-09 01:30:00,2,301.04369919110724,300.34347983771823
2017-08-09 01:45:00,2,301.0054503175311,300.2996089774651
2017-08-09 02:00:00,2,300.96695866305544,300.25619110654367
2017-08-09 02:15:00,2,300.9275578806112,300.21220128142437
2017-08-09 02:30:00,2,300.88707757970326,300.167146593197
2017-08-09 02:45:00,2,300.8461204924196,300.1213596145488
2017-08-09 03:00:00,2,300.8055061441048,300.0757531853331
2017-08-09 03:15:00,2,300.7657638683375,300.03122779650187
2017-08-09 03:30:00,2,300.7271470768508,299.98828165815996
2017-08-09 03:45:00,2,300.6897094523793,299.9470059452627
2017-08-09 04:00:00,2,300.65339962879636,299.90727335926243
2017-08-09 04:15:00,2,300.6181332063877,299.86890433674057
2017-08-09 04:30:00,2,300.583787065488,299.8316976145608
2017-08-09 04:45:00,2,300.5501349116471,299.7953321035158
2017-08-09 05:00:00,2,300.51693143436603,299.759369160471
2017-08-09 05:15:00,2,300.4840362659206,299.72342666282736
2017-08-09 05:30:00,2,300.45189592158863,299.6877961461288
2017-08-09 05:45:00,2,300.42229318381044,299.65418768384404
2017-08-09 06:00:00,2,300.39726372651785,299.6251153656308
2017-08-09 06:15:00,2,300.378698764337,299.60334967687606
2017-08-09 06:30:00,2,300.3686008505152,299.5916430626594
2017-08-09 06:45:00,2,300.36935769184043,299.59295045640937
2017-08-09 07:00:00,2,300.38312532623024,299.60884980049303
2017-08-09 07:15:00,2,300.4108744404183,299.6396504678074
2017-08-09 07:30:00,2,300.4526393309276,299.6840880746763
2017-08-09 07:45:00,2,300.507995504569,299.73974877929766
2017-08-09 08:00:00,2,300.5761056675793,299.8031194066838
2017-08-09 08:15:00,2,300.6563568294568,299.8678622643256
2017-08-09 08:30:00,2,300.7483405963901,299.9415432321415
2017-08-09 08:45:00,2,300.85140923975854,300.02918231830245
2017-08-09 09:00:00,2,300.9645066308727,300.12937693468575
2017-08-09 09:15:00,2,301.0858974729943,300.24039630496924
2017-08-09 09:30:00,2,301.21360245561095,300.3663497914123
2017-08-09 09:45:00,2,301.345840741768,300.51313685137364
2017-08-09 10:00:00,2,301.4809349213717,300.6704988926163
2017-08-09 10:15:00,2,301.61714815659803,300.82884585063715
2017-08-09 10:30:00,2,301.752901369446,300.9844443505777
2017-08-09 10:45:00,2,301.8870258392541,301.1371428678885
2017-08-09 11:00:00,2,302.0186574798819,301.28716900218063
2017-08-09 11:15:00,2,302.14694923831206,301.4339183373133
2017-08-09 11:30:00,2,302.27126044150725,301.5764221610635
2017-08-09 11:45:00,2,302.3915369667865,301.71412576194524
2017-08-09 12:00:00,2,302.50786973146836,301.8469419086822
2017-08-09 12:15:00,2,302.62002580149374,301.9747878970359
2017-08-09 12:30:00,2,302.72713334964646,302.0970345135781
2017-08-09 12:45:00,2,302.82712307451015,302.21220283350885
2017-08-09 13:00:00,2,302.9178988078917,302.3184773038787
2017-08-09 13:15:00,2,302.99824765176356,302.41450681793617
2017-08-09 13:30:00,2,303.06787298437547,302.49973037169985
2017-08-09 13:45:00,2,303.12717369933625,302.57423233528425
2017-08-09 14:00:00,2,303.1767504893726,302.63836925419275
2017-08-09 14:15:00,2,303.21699155342657,302.69243142858255
2017-08-09 14:30:00,2,303.24805441893045,302.73647729902547
2017-08-09 14:45:00,2,303.26985963464097,302.77030275385505
2017-08-09 15:00:00,2,303.2822762045233,302.793567794417
2017-08-09 15:15:00,2,303.28515558745977,302.80590125706857
2017-08-09 15:30:00,2,303.2786100407069,302.80690226917795
2017-08-09 15:45:00,2,303.26335437692273,302.7979931603052
2017-08-09 16:00:00,2,303.24010137110133,302.7809568243878
2017-08-09 16:15:00,2,303.20908559589964,302.75643926388364
2017-08-09 16:30:00,2,303.17050518777194,302.72435299736225
2017-08-09 16:45:00,2,303.1250016967048,302.6847986390302
2017-08-09 17:00:00,2,303.0739701442814,302.63880654327085
2017-08-09 17:15:00,2,303.018873200375,302.5887911551164
2017-08-09 17:30:00,2,302.96059681054913,302.5362347037899
2017-08-09 17:45:00,2,302.899657120655,302.48152425334985
2017-08-09 18:00:00,2,302.83643069874853,302.4245993029209
2017-08-09 18:15:00,2,302.77083263694027,302.36528387648656
2017-08-09 18:30:00,2,302.7025786201596,302.3033537989723
2017-08-09 18:45:00,2,302.63139383060985,302.2385966256677
2017-08-09 19:00:00,2,302.5570287996883,302.1708944915448
2017-08-09 19:15:00,2,302.4793785595893,302.1006800642037
2017-08-09 19:30:00,2,302.39954974930725,302.02838903573394
2017-08-09 19:45:00,2,302.31874786046166,301.9536042861375
2017-08-09 20:00:00,2,302.2375879570395,301.8725667673127
2017-08-09 20:15:00,2,302.156370348549,301.78445750597194
2017-08-09 20:30:00,2,302.07547713533137,301.6919054470094
2017-08-09 20:45:00,2,301.9958384825404,301.5980783627069
2017-08-09 21:00:00,2,301.9184638722001,301.5051681727603
2017-08-09 21:15:00,2,301.8439913712867,301.41434191401953
2017-08-09 21:30:00,2,301.7726350632575,301.32608767899274
2017-08-09 21:45:00,2,301.7041787846113,301.24039352712737
2017-08-09 22:00:00,2,301.638220583404,301.1568855010499
2017-08-09 22:15:00,2,301.57439344820875,301.0750302438837
2017-08-09 22:30:00,2,301.51247505051975,300.9943167255806
2017-08-09 22:45:00,2,301.4525092378823,300.91426568932934
2017-08-09 23:00:00,2,301.3946415074658,300.8372668148953
2017-08-09 23:15:00,2,301.3389401808715,300.7659458388718
2017-08-09 23:30:00,2,301.28537694087834,300.70000967017603
2017-08-09 23:45:00,2,301.2338326675486,300.6379210780314
2017-08-10 00:00:00,2,301.18409922563063,300.5784709448703
2017-08-10 00:15:00,2,301.13593891795966,300.52105817724765
2017-08-10 00:30:00,2,301.0890753574484,300.4653152434626
2017-08-10 00:45:00,2,301.04310760344663,300.4107975116542
2017-08-10 01:00:00,2,300.9976610584162,300.35699486088293
2017-08-10 01:15:00,2,300.95250964543607,300.3034968723088
2017-08-10 01:30:00,2,300.9076624515155,300.25022536960984
2017-08-10 01:45:00,2,300.86351437177,300.19763069386346
2017-08-10 02:00:00,2,300.8206019290001,300.1465630003967
2017-08-10 02:15:00,2,300.7793413903063,300.09788659350045
2017-08-10 02:30:00,2,300.7398114828918,300.0519809067127
2017-08-10 02:45:00,2,300.7014455781078,300.00835493473085
2017-08-10 03:00:00,2,300.6634623593417,299.96587121520105
2017-08-10 03:15:00,2,300.6253183119311,299.92339196093906
2017-08-10 03:30:00,2,300.58677771577766,299.88027016634214
2017-08-10 03:45:00,2,300.54781722015196,299.8364147831577
2017-08-10 04:00:00,2,300.5084836436552,299.79204560436386
2017-08-10 04:15:00,2,300.46882511008295,299.7474268306571
2017-08-10 04:30:00,2,300.428983406686,299.70282607598585
2017-08-10 04:45:00,2,300.3894066705534,299.65867082349905
2017-08-10 05:00:00,2,300.3506162998065,299.6155281978581
2017-08-10 05:15:00,2,300.31297991806406,299.5739104995475
2017-08-10 05:30:00,2,300.2770983941078,299.53452682920033
2017-08-10 05:45:00,2,300.2445681375711,299.4989718354896
2017-08-10 06:00:00,2,300.21715105325774,299.46925018730326
2017-08-10 06:15:00,2,300.19653933318085,299.44750887741196
2017-08-10 06:30:00,2,300.18464004767816,299.4361517013311
2017-08-10 06:45:00,2,300.18383991835117,299.4375958652951
2017-08-10 07:00:00,2,300.19634191298843,299.45363370651944
2017-08-10 07:15:00,2,300.2232230598421,299.4847742427283
2017-08-10 07:30:00,2,300.2646685305708,299.52988494528677
2017-08-10 07:45:00,2,300.3202346046451,299.5866726745562
2017-08-10 08:00:00,2,300.38943729976825,299.6522170788429
2017-08-10 08:15:00,2,300.4725047574296,299.7189146303176
2017-08-10 08:30:00,2,300.5700199496914,299.7955893977455
2017-08-10 08:45:00,2,300.68195987909354,299.888388328652
2017-08-10 09:00:00,2,300.8072719062916,299.9962913012197
2017-08-10 09:15:00,2,300.9441169883017,300.11520488748346
2017-08-10 09:30:00,2,301.09054789338757,300.2505488905712
2017-08-10 09:45:00,2,301.24507239237187,300.409341420563
2017-08-10 10:00:00,2,301.40634922749433,300.5849278698008
2017-08-10 10:15:00,2,301.57276749051204,300.7661223510034
2017-08-10 10:30:00,2,301.7424853942236,300.9470826767798
2017-08-10 10:45:00,2,301.913438881897,301.12651268597483
2017-08-10 11:00:00,2,302.0836625724639,301.3040728212839
2017-08-10 11:15:00,2,302.2514108182218,301.4785485725197
2017-08-10 11:30:00,2,302.4152509914136,301.64844562114826
2017-08-10 11:45:00,2,302.57413597895516,301.8126572763785
2017-08-10 12:00:00,2,302.72722114794266,301.97047119796116
2017-08-10 12:15:00,2,302.87362853084227,302.1212869783816
2017-08-10 12:30:00,2,303.01255500734084,302.2645543616709
2017-08-10 12:45:00,2,303.14338480170943,302.39985940150484
2017-08-10 13:00:00,2,303.2652465185186,302.5266104653477
2017-08-10 13:15:00,2,303.3773593927606,302.6442213815797
2017-08-10 13:30:00,2,303.47951522480747,302.7522741691751
2017-08-10 13:45:00,2,303.57133769593327,302.8503602336398
2017-08-10 14:00:00,2,303.65235702841767,302.9379851679255
2017-08-10 14:15:00,2,303.72213362515333,303.01465070790323
2017-08-10 14:30:00,2,303.78022885569663,303.07983293672663
2017-08-10 14:45:00,2,303.8260223307214,303.13283797881195
2017-08-10 15:00:00,2,303.8589153730456,303.1728541453958
2017-08-10 15:15:00,2,303.8783911314094,303.1990578928572
2017-08-10 15:30:00,2,303.8842063177193,303.2108649895934
2017-08-10 15:45:00,2,303.8765829969475,303.20776769151263
2017-08-10 16:00:00,2,303.85587516741987,303.1929877094493
2017-08-10 16:15:00,2,303.82213224091197,303.16748807012976
2017-08-10 16:30:00,2,303.77536431893077,303.1308163450142
2017-08-10 16:45:00,2,303.71650194606934,303.0830209459678
2017-08-10 17:00:00,2,303.64774072792784,303.0252536726178
2017-08-10 17:15:00,2,303.5715147756952,302.96106666688945
2017-08-10 17:30:00,2,303.48947828721765,302.89306020679965
2017-08-10 17:45:00,2,303.40251099659434,302.82193502786305
2017-08-10 18:00:00,2,303.3112122725883,302.74747696795845
2017-08-10 18:15:00,2,303.2157197582069,302.66936034125155
2017-08-10 18:30:00,2,303.1160635599586,302.58747769687716
2017-08-10 18:45:00,2,303.01247411276637,302.5022283831179
2017-08-10 19:00:00,2,302.9052464228049,302.4135472562873
2017-08-10 19:15:00,2,302.79474114979087,302.31932930677823
2017-08-10 19:30:00,2,302.68258794133493,302.2198474662968
2017-08-10 19:45:00,2,302.5705464067855,302.1176041895194
2017-08-10 20:00:00,2,302.45964915942295,302.00601175062036
2017-08-10 20:15:00,2,302.35043637418914,301.8870746520751
2017-08-10 20:30:00,2,302.24334138831904,301.76573690075793
2017-08-10 20:45:00,2,302.13910257796437,301.64538513412225
2017-08-10 21:00:00,2,302.0384445791703,301.52744573533687
2017-08-10 21:15:00,2,301.94177977811285,301.41226877268105
2017-08-10 21:30:00,2,301.8492309909558,301.2999321957534
2017-08-10 21:45:00,2,301.7607110471555,301.1904390305881
2017-08-10 22:00:00,2,301.6760198958419,301.0835837958682
2017-08-10 22:15:00,2,301.5949190130633,300.9786588277713
2017-08-10 22:30:00,2,301.517261195417,300.87879858816586
2017-08-10 22:45:00,2,301.4431836028768,300.7871972917089
2017-08-10 23:00:00,2,301.3728799676762,300.70322394426034
2017-08-10 23:15:00,2,301.30639887547153,300.62503016798854
2017-08-10 23:30:00,2,301.2436590662482,300.5515373513062
2017-08-10 23:45:00,2,301.1845186474344,300.48250221255535
2017-08-11 00:00:00,2,301.12880224534877,300.4178912339259
2017-08-11 00:15:00,2,301.0763047911955,300.3575239952535
2017-08-11 00:30:00,2,301.02673654156723,300.3010221550367
2017-08-11 00:45:00,2,300.97968589833357,300.24784542958497
2017-08-11 01:00:00,2,300.93475554246083,300.1974123766135
2017-08-11 01:15:00,2,300.8916217554083,300.14922555931486
2017-08-11 01:30:00,2,300.8499836630107,300.10288682436897
2017-08-11 01:45:00,2,300.80947029222943,300.05804670270646
2017-08-11 02:00:00,2,300.76974349660276,300.01439922742844
2017-08-11 02:15:00,2,300.73056553084206,299.9717044320781
2017-08-11 02:30:00,2,300.691707918623,299.9297009652115
2017-08-11 02:45:00,2,300.6527725672745,299.88790276548656
2017-08-11 03:00:00,2,300.613332347661,299.8456048303624
2017-08-11 03:15:00,2,300.5731432435591,299.80216049910314
2017-08-11 03:30:00,2,300.53228861219293,299.7573669765611
2017-08-11 03:45:00,2,300.49124850980945,299.71167487845173
2017-08-11 04:00:00,2,300.4505713798998,299.6659512263899
2017-08-11 04:15:00,2,300.41063800770473,299.62102903786416
2017-08-11 04:30:00,2,300.3716565475272,299.5774234439852
2017-08-11 04:45:00,2,300.33371570019654,299.5353341935857
2017-08-11 05:00:00,2,300.2968312751096,299.49479875347754
2017-08-11 05:15:00,2,300.2609773614378,299.4556797891203
2017-08-11 05:30:00,2,300.22611920842513,299.41787374666603
2017-08-11 05:45:00,2,300.1929226617655,299.3821574402106
2017-08-11 06:00:00,2,300.1640203952522,299.3507767794471
2017-08-11 06:15:00,2,300.1421067098642,299.3271059301727
2017-08-11 06:30:00,2,300.1291959538602,299.314030290676
2017-08-11 06:45:00,2,300.12741710659907,299.3140089106404
2017-08-11 07:00:00,2,300.13871702247314,299.32879374858317
2017-08-11 07:15:00,2,300.16402617404884,299.35861166064745
2017-08-11 07:30:00,2,300.2034974354779,299.4021097710135
2017-08-11 07:45:00,2,300.2566896079689,299.4570315378674
2017-08-11 08:00:00,2,300.3228613478722,299.5208636444697
2017-08-11 08:15:00,2,300.40160601512133,299.58983136953464
2017-08-11 08:30:00,2,300.49273376350726,299.6619525856821
2017-08-11 08:45:00,2,300.5958912261699,299.7453442717673
2017-08-11 09:00:00,2,300.71007058002357,299.84362704108764
2017-08-11 09:15:00,2,300.8335433940486,299.95383718205045
2017-08-11 09:30:00,2,300.96436420901586,300.07226768869265
2017-08-11 09:45:00,2,301.10080949784145,300.2042790376708
2017-08-11 10:00:00,2,301.2413033426908,300.3558996961704
2017-08-11 10:15:00,2,301.38416590192315,300.5211176885488
2017-08-11 10:30:00,2,301.52771789030294,300.6885006035837
2017-08-11 10:45:00,2,301.6703446319516,300.8521316319988
2017-08-11 11:00:00,2,301.81057346475626,301.0112734810729
2017-08-11 11:15:00,2,301.9470863843915,301.16649399166323
2017-08-11 11:30:00,2,302.0790324836227,301.3176464937045
2017-08-11 11:45:00,2,302.2065267420995,301.4641689210346
2017-08-11 12:00:00,2,302.3300470572731,301.60569189338844
2017-08-11 12:15:00,2,302.44969767424834,301.7419895234624
2017-08-11 12:30:00,2,302.5646246162667,301.8723705051145
2017-08-11 12:45:00,2,302.6721154232601,301.99509864640754
2017-08-11 13:00:00,2,302.7692221918692,302.10773032900596
2017-08-11 13:15:00,2,302.85411522577715,302.2082373889967
2017-08-11 13:30:00,2,302.92642743824274,302.2960356563701
2017-08-11 13:45:00,2,302.987370398255,302.372026787176
2017-08-11 14:00:00,2,303.03850174511257,302.4377016684515
2017-08-11 14:15:00,2,303.08079422220266,302.49417820853176
2017-08-11 14:30:00,2,303.11482321196354,302.5419641597487
2017-08-11 14:45:00,2,303.14114556741356,302.58125481098415
2017-08-11 15:00:00,2,303.1601637785148,302.61208948622755
2017-08-11 15:15:00,2,303.1718970948104,302.6344540583438
2017-08-11 15:30:00,2,303.1761335485321,302.6481166914087
2017-08-11 15:45:00,2,303.17254703080675,302.65221975022683
2017-08-11 16:00:00,2,303.16079388086297,302.64771021294735
2017-08-11 16:15:00,2,303.14047523903156,302.6349911212313
2017-08-11 16:30:00,2,303.11139320952566,302.6137725064007
2017-08-11 16:45:00,2,303.0737489449141,302.5838977299401
2017-08-11 17:00:00,2,303.02866785774734,302.54601969829895
2017-08-11 17:15:00,2,302.97757718396974,302.5011969271548
2017-08-11 17:30:00,2,302.9214050599058,302.4517843846527
2017-08-11 17:45:00,2,302.8608773314534,302.3989783854015
2017-08-11 18:00:00,2,302.79651037975844,302.34290815528317
2017-08-11 18:15:00,2,302.7283199884619,302.2832578260506
2017-08-11 18:30:00,2,302.65609374692497,302.2196464179059
2017-08-11 18:45:00,2,302.5793829238553,302.1517359731389
2017-08-11 19:00:00,2,302.4977651998059,302.07937634229097
2017-08-11 19:15:00,2,302.4111854611879,302.0033211950048
2017-08-11 19:30:00,2,302.3210008372063,301.9235875617418
2017-08-11 19:45:00,2,302.2291476398109,301.83958801033754
2017-08-11 20:00:00,2,302.13705161122175,301.7481953412332
2017-08-11 20:15:00,2,302.04553432517775,301.64934339695225
2017-08-11 20:30:00,2,301.95518379822346,301.54656804866886
2017-08-11 20:45:00,2,301.86679654878304,301.44337184251106
2017-08-11 21:00:00,2,301.78107955117844,301.34164886910264
2017-08-11 21:15:00,2,301.69840438242454,301.24205328642364
2017-08-11 21:30:00,2,301.6188401081718,301.14467995367573
2017-08-11 21:45:00,2,301.5421838162265,301.0493742115945
2017-08-11 22:00:00,2,301.4681113914776,300.955785652577
2017-08-11 22:15:00,2,301.39631010954537,300.8633621307401
2017-08-11 22:30:00,2,301.32655295735304,300.7711949655669
2017-08-11 22:45:00,2,301.25879067035925,300.6826561799455
2017-08-11 23:00:00,2,301.19305430795714,300.6001756179898
2017-08-11 23:15:00,2,301.1293359252485,300.5229657963134
2017-08-11 23:30:00,2,301.0675807901785,300.44938317956377
2017-08-11 23:45:00,2,301.00772593738503,300.37853030626206
2017-08-12 00:00:00,2,300.9496921355572,300.31024141073306
2017-08-12 00:15:00,2,300.89337501994316,300.2445328800678
2017-08-12 00:30:00,2,300.838727400615,300.1813532671766
2017-08-12 00:45:00,2,300.78590249243075,300.1206920932248
2017-08-12 01:00:00,2,300.7350859696471,300.06263312180323
2017-08-12 01:15:00,2,300.68634873470796,300.00725079996687
2017-08-12 01:30:00,2,300.6395769997068,299.95445740432154
2017-08-12 01:45:00,2,300.59436700509985,299.9038893650644
2017-08-12 02:00:00,2,300.5502466144115,299.8550069562292
2017-08-12 02:15:00,2,300.50686087927187,299.8073065434627
2017-08-12 02:30:00,2,300.46398597926407,299.7604168588585
2017-08-12 02:45:00,2,300.4214864592347,299.71402865252423
2017-08-12 03:00:00,2,300.3792539792547,299.6678085615328
2017-08-12 03:15:00,2,300.3372433496384,299.6214609671233
2017-08-12 03:30:00,2,300.2954915634592,299.5748560204988
2017-08-12 03:45:00,2,300.2539831859115,299.528070411641
2017-08-12 04:00:00,2,300.21265375539576,299.481306256569
2017-08-12 04:15:00,2,300.1714551971466,299.43477850164896
2017-08-12 04:30:00,2,300.13060130902835,299.38888944419347
2017-08-12 04:45:00,2,300.091081727874,299.34467590376545
2017-08-12 05:00:00,2,300.05416697581467,299.3036620097456
2017-08-12 05:15:00,2,300.02078330501683,299.26742271844813
2017-08-12 05:30:00,2,299.9912820711246,299.23664675705294
2017-08-12 05:45:00,2,299.96551571574713,299.21118978896084
2017-08-12 06:00:00,2,299.9439379499566,299.19070901185296
2017-08-12 06:15:00,2,299.9280242213623,299.17599322036733
2017-08-12 06:30:00,2,299.9197552643236,299.169157846384
2017-08-12 06:45:00,2,299.921243919965,299.1727292233386
2017-08-12 07:00:00,2,299.93419740183276,299.18842456834125
2017-08-12 07:15:00,2,299.95904656633843,299.2162892326788
2017-08-12 07:30:00,2,299.99568198760164,299.2551515798108
2017-08-12 07:45:00,2,300.04446808154756,299.3037059772699
2017-08-12 08:00:00,2,300.1060150475328,299.3606356023073
2017-08-12 08:15:00,2,300.18119643517053,299.42132404933415
2017-08-12 08:30:00,2,300.27099359549106,299.49003940886047
2017-08-12 08:45:00,2,300.376152209915,299.5733381122305
2017-08-12 09:00:00,2,300.4963864916108,299.67299065597786
2017-08-12 09:15:00,2,300.63018692303945,299.7862764315818
2017-08-12 09:30:00,2,300.7750082155381,299.9103097005865
2017-08-12 09:45:00,2,300.92655911752325,300.0505101060597
2017-08-12 10:00:00,2,301.0793863600115,300.2133434462261
2017-08-12 10:15:00,2,301.22839734251215,300.38366154108104
2017-08-12 10:30:00,2,301.37070958722427,300.54878247417304
2017-08-12 10:45:00,2,301.5073791820521,300.7056516304506
2017-08-12 11:00:00,2,301.64087334177685,300.8573384631966
2017-08-12 11:15:00,2,301.7726729892292,301.0072318353119
2017-08-12 11:30:00,2,301.9031488943926,301.15643220819936
2017-08-12 11:45:00,2,302.0319757135924,301.3041960647511
2017-08-12 12:00:00,2,302.1585064265672,301.4492296226129
2017-08-12 12:15:00,2,302.2818789654577,301.59041393442794
2017-08-12 12:30:00,2,302.4006163999076,301.7264396657938
2017-08-12 12:45:00,2,302.5117263629073,301.85471294633527
2017-08-12 13:00:00,2,302.612237678563,301.97248035094674
2017-08-12 13:15:00,2,302.70042273984876,302.0779301415456
2017-08-12 13:30:00,2,302.77607245391476,302.17075837002716
2017-08-12 13:45:00,2,302.8406345750611,302.25210865168026
2017-08-12 14:00:00,2,302.89586840651447,302.3236731809476
2017-08-12 14:15:00,2,302.9428503774471,302.38670156294023
2017-08-12 14:30:00,2,302.9820149130848,302.44158641248515
2017-08-12 14:45:00,2,303.0132745335608,302.48800249839564
2017-08-12 15:00:00,2,303.0361681443132,302.5251708823999
2017-08-12 15:15:00,2,303.04962295611074,302.55193226296103
2017-08-12 15:30:00,2,303.05265740763826,302.5669586396574
2017-08-12 15:45:00,2,303.0449112030613,302.56935115753816
2017-08-12 16:00:00,2,303.02671931928256,302.5598324371068
2017-08-12 16:15:00,2,302.9986837846606,302.54031805741204
2017-08-12 16:30:00,2,302.96143003879604,302.5117676298944
2017-08-12 16:45:00,2,302.9156560571546,302.47450517557627
2017-08-12 17:00:00,2,302.86267139403003,302.4291907798754
2017-08-12 17:15:00,2,302.80429045297086,302.37715064515896
2017-08-12 17:30:00,2,302.74200331965824,302.3210678667683
2017-08-12 17:45:00,2,302.6768304195545,302.26252572768107
2017-08-12 18:00:00,2,302.60923969885914,302.20186033571315
2017-08-12 18:15:00,2,302.5390599691427,302.1387473370911
2017-08-12 18:30:00,2,302.4659014966408,302.07269499572294
2017-08-12 18:45:00,2,302.3893195086009,302.0032797476421
2017-08-12 19:00:00,2,302.30896441889564,301.93026328662523
2017-08-12 19:15:00,2,302.2248075182719,301.85395373806114
2017-08-12 19:30:00,2,302.13810771195057,301.77648130990264
2017-08-12 19:45:00,2,302.0506033523162,301.6961179805086
2017-08-12 20:00:00,2,301.96354987813527,301.61043601430976
2017-08-12 20:15:00,2,301.87763717314664,301.5185186634197
2017-08-12 20:30:00,2,301.7931995815794,301.4230182860982
2017-08-12 20:45:00,2,301.71041323384935,301.3268682419837
2017-08-12 21:00:00,2,301.6293188806241,301.23146693219763
2017-08-12 21:15:00,2,301.5498632524383,301.13693226249063
2017-08-12 21:30:00,2,301.4720640032256,301.04306178186994
2017-08-12 21:45:00,2,301.39622990679464,300.94994635427776
2017-08-12 22:00:00,2,301.3227004652083,300.8579478351526
2017-08-12 22:15:00,2,301.25163206427817,300.7673692057256
2017-08-12 22:30:00,2,301.18297627830395,300.6780985466053
2017-08-12 22:45:00,2,301.11644107692996,300.58887014678953
2017-08-12 23:00:00,2,301.0516212283169,300.50567596988935
2017-08-12 23:15:00,2,300.98814358648974,300.4283373792677
2017-08-12 23:30:00,2,300.92585646137144,300.3542386860673
2017-08-12 23:45:00,2,300.86513997470155,300.2819961145204
2017-08-13 00:00:00,2,300.8065639927829,300.21198331022924
2017-08-13 00:15:00,2,300.75050905239914,300.1451273651449
2017-08-13 00:30:00,2,300.6970217964028,300.0818744034662
2017-08-13 00:45:00,2,300.6457059889609,300.02190436790784
2017-08-13 01:00:00,2,300.596002440633,299.96445977006346
2017-08-13 01:15:00,2,300.54742533783946,299.90877118252934
2017-08-13 01:30:00,2,300.49968456649924,299.8543009907796
2017-08-13 01:45:00,2,300.45274412448333,299.8007790986812
2017-08-13 02:00:00,2,300.4066639422237,299.7480909381469
2017-08-13 02:15:00,2,300.3615004502209,299.6961866682155
2017-08-13 02:30:00,2,300.31728033439197,299.6450600787852
2017-08-13 02:45:00,2,300.27390099246,299.59474312676866
2017-08-13 03:00:00,2,300.23118798621346,299.54527210429785
2017-08-13 03:15:00,2,300.18899429301314,299.496666616202
2017-08-13 03:30:00,2,300.14739240796536,299.4491173044365
2017-08-13 03:45:00,2,300.10703763092664,299.4033597505819
2017-08-13 04:00:00,2,300.0688271441715,299.360610418118
2017-08-13 04:15:00,2,300.03343097007075,299.32207931509896
2017-08-13 04:30:00,2,300.0011332107046,299.28841035026187
2017-08-13 04:45:00,2,299.97180691094457,299.259104367696
2017-08-13 05:00:00,2,299.9451488072318,299.2333229530566
2017-08-13 05:15:00,2,299.92084882561295,299.2103748937869
2017-08-13 05:30:00,2,299.8983829115728,299.1893004603924
2017-08-13 05:45:00,2,299.8771459411834,299.1694642883077
2017-08-13 06:00:00,2,299.85807514060025,299.1513219503711
2017-08-13 06:15:00,2,299.84267390778564,299.1365797295132
2017-08-13 06:30:00,2,299.8328368840835,299.12782456512656
2017-08-13 06:45:00,2,299.8314286790565,299.1281907562164
2017-08-13 07:00:00,2,299.8413853872383,299.1405064370561
2017-08-13 07:15:00,2,299.8643163786818,299.1659886017086
2017-08-13 07:30:00,2,299.90005346943076,299.2037377849796
2017-08-13 07:45:00,2,299.9473573544512,299.251431579537
2017-08-13 08:00:00,2,300.00499953726865,299.30659735766994
2017-08-13 08:15:00,2,300.0728947132003,299.3667758257776
2017-08-13 08:30:00,2,300.15131832258146,299.43008717202656
2017-08-13 08:45:00,2,300.2401372613728,299.50139425004755
2017-08-13 09:00:00,2,300.33887878822566,299.5835327813862
2017-08-13 09:15:00,2,300.44715161564693,299.672280906897
2017-08-13 09:30:00,2,300.5649040677054,299.77524532369284
2017-08-13 09:45:00,2,300.69233098958216,299.8962979075635
2017-08-13 10:00:00,2,300.82908324244926,300.037610802097
2017-08-13 10:15:00,2,300.9740777193924,300.19868240177743
2017-08-13 10:30:00,2,301.125368539116,300.368664957539
2017-08-13 10:45:00,2,301.27885099408627,300.5391086358141
2017-08-13 11:00:00,2,301.4288606138258,300.70554864657896
2017-08-13 11:15:00,2,301.5693869881832,300.8637107128909
2017-08-13 11:30:00,2,301.69654596243305,301.01018038402856
2017-08-13 11:45:00,2,301.8105789909768,301.14396713544977
2017-08-13 12:00:00,2,301.9135936398754,301.2663268110174
2017-08-13 12:15:00,2,302.0075590829361,301.37924804935665
2017-08-13 12:30:00,2,302.09409324703745,301.484422640824
2017-08-13 12:45:00,2,302.1749263131042,301.583246080481
2017-08-13 13:00:00,2,302.25162995447283,301.6770013368559
2017-08-13 13:15:00,2,302.32548183031923,301.76683990929547
2017-08-13 13:30:00,2,302.39740020849246,301.85368414569365
2017-08-13 13:45:00,2,302.46800232818015,301.9381724802952
2017-08-13 14:00:00,2,302.5374561743243,302.020531042454
2017-08-13 14:15:00,2,302.60531362685236,302.1004342826091
2017-08-13 14:30:00,2,302.6699398583947,302.17646214347593
2017-08-13 14:45:00,2,302.7272581199744,302.24548071375983
2017-08-13 15:00:00,2,302.77308629834846,302.3036214631914
2017-08-13 15:15:00,2,302.80511322643207,302.34799955909506
2017-08-13 15:30:00,2,302.8234997544294,302.37792252386276
2017-08-13 15:45:00,2,302.8312927387092,302.3950353167526
2017-08-13 16:00:00,2,302.83169810986743,302.4017567797645
2017-08-13 16:15:00,2,302.82588806045254,302.4021679760733
2017-08-13 16:30:00,2,302.8136984342502,302.39729032256594
2017-08-13 16:45:00,2,302.7943325622883,302.38596136919256
2017-08-13 17:00:00,2,302.76732228377045,302.36694413427597
2017-08-13 17:15:00,2,302.73227865306694,302.3394718948705
2017-08-13 17:30:00,2,302.68886849080917,302.30373500721254
2017-08-13 17:45:00,2,302.6375190254049,302.2607937276326
2017-08-13 18:00:00,2,302.5793124642149,302.21144852419854
2017-08-13 18:15:00,2,302.5159063627603,302.1564182053887
2017-08-13 18:30:00,2,302.4488439442495,302.09646514341244
2017-08-13 18:45:00,2,302.37887447439823,302.032197858981
2017-08-13 19:00:00,2,302.30642945486574,301.9640925291823
2017-08-13 19:15:00,2,302.23238679367256,301.8928882739151
2017-08-13 19:30:00,2,302.15814910055224,301.8197445109165
2017-08-13 19:45:00,2,302.08450133841615,301.7458006609365
2017-08-13 20:00:00,2,302.0115577498097,301.6718220629017
2017-08-13 20:15:00,2,301.9392083305729,301.5983816901096
2017-08-13 20:30:00,2,301.86727725844986,301.5241334992031
2017-08-13 20:45:00,2,301.7955678383974,301.448499588014
2017-08-13 21:00:00,2,301.7238854710859,301.37278149155907
2017-08-13 21:15:00,2,301.65206999832543,301.2951547690038
2017-08-13 21:30:00,2,301.58025394856566,301.21503183631165
2017-08-13 21:45:00,2,301.50925678293135,301.1332589973393
2017-08-13 22:00:00,2,301.4399338632112,301.0512615979291
2017-08-13 22:15:00,2,301.37273475450814,300.9701935435021
2017-08-13 22:30:00,2,301.3077664145112,300.8906184885494
2017-08-13 22:45:00,2,301.24488725569427,300.81257429352263
2017-08-13 23:00:00,2,301.1838382067994,300.7357823377687
2017-08-13 23:15:00,2,301.1243498686007,300.6598244201921
2017-08-13 23:30:00,2,301.06631179696524,300.58430540465133
2017-08-13 23:45:00,2,301.0100462343254,300.508751578828
2017-08-14 00:00:00,2,300.9560002074489,300.43740127009846
2017-08-14 00:15:00,2,300.9044307442214,300.372054658357
2017-08-14 00:30:00,2,300.8551507020439,300.3116641934529
2017-08-14 00:45:00,2,300.807143662272,300.2541046193669
2017-08-14 01:00:00,2,300.75920264930045,300.19737959369223
2017-08-14 01:15:00,2,300.7105231200765,300.14005965706133
2017-08-14 01:30:00,2,300.66098310753404,300.0815764824963
2017-08-14 01:45:00,2,300.61145517213464,300.0226081745976
2017-08-14 02:00:00,2,300.5632000456359,299.9648397390562
2017-08-14 02:15:00,2,300.51722100221923,299.91008549490226
2017-08-14 02:30:00,2,300.4740985155677,299.85952222276694
2017-08-14 02:45:00,2,300.4340413557484,299.8135035624876
2017-08-14 03:00:00,2,300.3970347326793,299.771838796541
2017-08-14 03:15:00,2,300.3629428869667,299.73414202968695
2017-08-14 03:30:00,2,300.33143338169407,299.7000306558125
2017-08-14 03:45:00,2,300.3017272255251,299.66866955258627
2017-08-14 04:00:00,2,300.27290381808996,299.63889125509417
2017-08-14 04:15:00,2,300.24425882110074,299.6096450739224
2017-08-14 04:30:00,2,300.2153149518141,299.57998919858085
2017-08-14 04:45:00,2,300.18567571682405,299.5493065322303
2017-08-14 05:00:00,2,300.15500598706353,299.51710814292477
2017-08-14 05:15:00,2,300.12311300194284,299.4828531626572
2017-08-14 05:30:00,2,300.0901243681532,299.4464226227913
2017-08-14 05:45:00,2,300.057180019461,299.4089578928961
2017-08-14 06:00:00,2,300.0271498614619,299.3735718214359
2017-08-14 06:15:00,2,300.0029978372196,299.3441761409643
2017-08-14 06:30:00,2,299.9871107774993,299.3244645761971
2017-08-14 06:45:00,2,299.9818718884851,299.3177123886935
2017-08-14 07:00:00,2,299.9893031811036,299.32581877616946
2017-08-14 07:15:00,2,300.0104063520305,299.3491857232416
2017-08-14 07:30:00,2,300.04551465845964,299.3867404418733
2017-08-14 07:45:00,2,300.0945140560102,299.43647947150737
2017-08-14 08:00:00,2,300.1572762736062,299.49587716438197
2017-08-14 08:15:00,2,300.23416354178147,299.5577138210566
2017-08-14 08:30:00,2,300.3256257066899,299.6284849352443
2017-08-14 08:45:00,2,300.4315934453153,299.71355622490364
2017-08-14 09:00:00,2,300.55128953392335,299.8130274427817
2017-08-14 09:15:00,2,300.6831721600432,299.93203690951896
2017-08-14 09:30:00,2,300.8252628422042,300.0726013081051
2017-08-14 09:45:00,2,300.9751586905039,300.2362383476444
2017-08-14 10:00:00,2,301.1299007910439,300.4098035254744
2017-08-14 10:15:00,2,301.2861958850299,300.58302459466745
2017-08-14 10:30:00,2,301.4412159191248,300.7524313057122
2017-08-14 10:45:00,2,301.59336359848623,300.9181969876939
2017-08-14 11:00:00,2,301.7417654537146,301.0807614356996
2017-08-14 11:15:00,2,301.8855085371726,301.23959493650636
2017-08-14 11:30:00,2,302.02334520959596,301.39333445769364
2017-08-14 11:45:00,2,302.15329689357844,301.5401305405742
2017-08-14 12:00:00,2,302.2734442146936,301.6781190409228
2017-08-14 12:15:00,2,302.3825459429812,301.80587514108043
2017-08-14 12:30:00,2,302.4807050469912,301.92307184434617
2017-08-14 12:45:00,2,302.5702216914806,302.03102540754475
2017-08-14 13:00:00,2,302.6535906051776,302.1317893680934
2017-08-14 13:15:00,2,302.73167371186116,302.2265944407948
2017-08-14 13:30:00,2,302.8040165882551,302.3151827867091
2017-08-14 13:45:00,2,302.86905457807046,302.3960438846402
2017-08-14 14:00:00,2,302.92461429487463,302.4670205132266
2017-08-14 14:15:00,2,302.96795877718654,302.5256254537428
2017-08-14 14:30:00,2,302.9975289626211,302.5700496662357
2017-08-14 14:45:00,2,303.0144449781265,302.6003987391287
2017-08-14 15:00:00,2,303.02179715286445,302.61942149157835
2017-08-14 15:15:00,2,303.02422503421997,302.63142367353527
2017-08-14 15:30:00,2,303.0250021117029,302.63989091976975
2017-08-14 15:45:00,2,303.02401745955405,302.6459929932714
2017-08-14 16:00:00,2,303.0196286573426,302.64927292720466
2017-08-14 16:15:00,2,303.01008313578143,302.64780036956074
2017-08-14 16:30:00,2,302.9940252832252,302.6395630980033
2017-08-14 16:45:00,2,302.9707290899324,302.62347629039357
2017-08-14 17:00:00,2,302.9403069945777,302.5995284027736
2017-08-14 17:15:00,2,302.90288320405944,302.5680094590804
2017-08-14 17:30:00,2,302.85849537568356,302.52927713827046
2017-08-14 17:45:00,2,302.80732873139704,302.48434283162527
2017-08-14 18:00:00,2,302.7498920052105,302.43365772181454
2017-08-14 18:15:00,2,302.6867968547861,302.3772935154614
2017-08-14 18:30:00,2,302.61852094082656,302.31523002553456
2017-08-14 18:45:00,2,302.544948351228,302.2473150206597
2017-08-14 19:00:00,2,302.46595658245826,302.17343582777056
2017-08-14 19:15:00,2,302.38217118151397,302.09400001992117
2017-08-14 19:30:00,2,302.2950982883795,302.01023217066813
2017-08-14 19:45:00,2,302.2064353244548,301.9239518319057
2017-08-14 20:00:00,2,302.1174137046695,301.8372726681825
2017-08-14 20:15:00,2,302.0287156742341,301.75217273980485
2017-08-14 20:30:00,2,301.9408691658541,301.66247234468216
2017-08-14 20:45:00,2,301.8547214143652,301.56770577082494
2017-08-14 21:00:00,2,301.77094097796106,301.4709873212196
2017-08-14 21:15:00,2,301.6897461847064,301.37507093842186
2017-08-14 21:30:00,2,301.61120862392994,301.2810464073387
2017-08-14 21:45:00,2,301.53571666546355,301.18915313882115
2017-08-14 22:00:00,2,301.46371907966017,301.0996541941842
2017-08-14 22:15:00,2,301.39543241142815,301.0129487058905
2017-08-14 22:30:00,2,301.33093757327543,300.92942030371177
2017-08-14 22:45:00,2,301.2704362942666,300.8494332275404
2017-08-14 23:00:00,2,301.21413040104045,300.7733038290914
2017-08-14 23:15:00,2,301.16204375684,300.70104963752266
2017-08-14 23:30:00,2,301.1139246154384,300.6340992704038
2017-08-14 23:45:00,2,301.06911028024126,300.5741604791645
2017-08-15 00:00:00,2,301.0268268530746,300.52016582138475
2017-08-15 00:15:00,2,300.9864587202873,300.4699926240815
2017-08-15 00:30:00,2,300.94751168432197,300.42206058394754
2017-08-15 00:45:00,2,300.9094813128634,300.375569645
2017-08-15 01:00:00,2,300.8719505603772,300.3301216412386
2017-08-15 01:15:00,2,300.83464824847596,300.28542429236654
2017-08-15 01:30:00,2,300.79736049395007,300.2411704784904
2017-08-15 01:45:00,2,300.75978389243977,300.19693497335834
2017-08-15 02:00:00,2,300.72161309971443,300.1521848960874
2017-08-15 02:15:00,2,300.6826945547684,300.106459412504
2017-08-15 02:30:00,2,300.64317215752754,300.05966206875485
2017-08-15 02:45:00,2,300.603579456109,300.01226769764673
2017-08-15 03:00:00,2,300.5645074199391,299.9651327815269
2017-08-15 03:15:00,2,300.52636312904207,299.9190832339035
2017-08-15 03:30:00,2,300.4894101512048,299.8747116499644
2017-08-15 03:45:00,2,300.453942449254,299.8325086434775
2017-08-15 04:00:00,2,300.4202868962789,299.7929962916309
2017-08-15 04:15:00,2,300.3887011356555,299.7567858829836
2017-08-15 04:30:00,2,300.3592583698913,299.7240781835763
2017-08-15 04:45:00,2,300.33170660059403,299.6945439211368
2017-08-15 05:00:00,2,300.30564631959953,299.6675834973132
2017-08-15 05:15:00,2,300.2807307759757,299.64235757970766
2017-08-15 05:30:00,2,300.2565842685974,299.6181832564408
2017-08-15 05:45:00,2,300.2330249277769,299.5947401682463
2017-08-15 06:00:00,2,300.21134019706875,299.5727744417645
2017-08-15 06:15:00,2,300.1935126444191,299.55418366915325
2017-08-15 06:30:00,2,300.1816643800508,299.5416334040327
2017-08-15 06:45:00,2,300.1783292178981,299.53812455045534
2017-08-15 07:00:00,2,300.18570715318407,299.54629071610276
2017-08-15 07:15:00,2,300.20472975935763,299.5671505738823
2017-08-15 07:30:00,2,300.2356087749898,299.60008239669907
2017-08-15 07:45:00,2,300.2789632759684,299.64389157182535
2017-08-15 08:00:00,2,300.3356558884493,299.69711847924947
2017-08-15 08:15:00,2,300.40680651374083,299.753609079652
2017-08-15 08:30:00,2,300.49316438998187,299.8206064899013
2017-08-15 08:45:00,2,300.5938588909967,299.9020764186088
2017-08-15 09:00:00,2,300.70624807217376,299.99739644151333
2017-08-15 09:15:00,2,300.82664631726465,300.1098238960039
2017-08-15 09:30:00,2,300.95170701440736,300.2399347644481
2017-08-15 09:45:00,2,301.07977355522036,300.38754953652506
2017-08-15 10:00:00,2,301.2102394712057,300.54164301755003
2017-08-15 10:15:00,2,301.34237878420555,300.6948937403075
2017-08-15 10:30:00,2,301.4749417695422,300.8455712412492
2017-08-15 10:45:00,2,301.6057020662282,300.99361176913607
2017-08-15 11:00:00,2,301.73222152048595,301.13795087316026
2017-08-15 11:15:00,2,301.85245126642343,301.27657073925616
2017-08-15 11:30:00,2,301.965054225351,301.4076332044371
2017-08-15 11:45:00,2,302.06956308701916,301.5301891056221
2017-08-15 12:00:00,2,302.16591956172437,301.6440140785185
2017-08-15 12:15:00,2,302.25402513783865,301.7490849124295
2017-08-15 12:30:00,2,302.33414862149,301.84562059533346
2017-08-15 12:45:00,2,302.4076524879077,301.9345401353266
2017-08-15 13:00:00,2,302.4759931864062,302.01719572375447
2017-08-15 13:15:00,2,302.5398869400445,302.0946231754846
2017-08-15 13:30:00,2,302.5993258677453,302.16702789055824
2017-08-15 13:45:00,2,302.65356037207806,302.23376575328325
2017-08-15 14:00:00,2,302.70165907630724,302.2937876240236
2017-08-15 14:15:00,2,302.7428029985341,302.3461019807423
2017-08-15 14:30:00,2,302.7764689785569,302.3900665738275
2017-08-15 14:45:00,2,302.8025133138263,302.42545190961545
2017-08-15 15:00:00,2,302.8209212756846,302.4522390509615
2017-08-15 15:15:00,2,302.83151319185436,302.4703234589402
2017-08-15 15:30:00,2,302.83412037493736,302.47939053303196
2017-08-15 15:45:00,2,302.8287744446348,302.4791891747755
2017-08-15 16:00:00,2,302.8156332624647,302.47093303674956
2017-08-15 16:15:00,2,302.7946237090147,302.45519479182514
2017-08-15 16:30:00,2,302.76566518939495,302.43177339541035
2017-08-15 16:45:00,2,302.7290643349445,302.40058798805774
2017-08-15 17:00:00,2,302.685775574977,302.36216927881827
2017-08-15 17:15:00,2,302.6368078128598,302.31753579594346
2017-08-15 17:30:00,2,302.58300447822995,302.26850363797195
2017-08-15 17:45:00,2,302.52505176940423,302.2160317512104
2017-08-15 18:00:00,2,302.4634369704923,302.1602774569561
2017-08-15 18:15:00,2,302.3982955890647,302.10106148008845
2017-08-15 18:30:00,2,302.32965767159544,302.0382186140573
2017-08-15 18:45:00,2,302.25766203088455,301.9717722693773
2017-08-15 19:00:00,2,302.18258432061,301.9019999692066
2017-08-15 19:15:00,2,302.1050333058503,301.82965282358685
2017-08-15 19:30:00,2,302.0264544681683,301.75666253851085
2017-08-15 19:45:00,2,301.9484824235029,301.68322207989536
2017-08-15 20:00:00,2,301.8722629527616,301.6056611942456
2017-08-15 20:15:00,2,301.7984157584886,301.5239781083535
2017-08-15 20:30:00,2,301.72715071055427,301.441006114501
2017-08-15 20:45:00,2,301.6583263258758,301.35916322963595
2017-08-15 21:00:00,2,301.5916807385082,301.27927125747703
2017-08-15 21:15:00,2,301.5269816079637,301.20113387351154
2017-08-15 21:30:00,2,301.46408096322057,301.12436956779925
2017-08-15 21:45:00,2,301.40295920911745,301.0487995986321
2017-08-15 22:00:00,2,301.3435993794136,300.9744014722199
2017-08-15 22:15:00,2,301.2859235132872,300.9011266793278
2017-08-15 22:30:00,2,301.2298310895339,300.828847941354
2017-08-15 22:45:00,2,301.17525690048615,300.75734915652686
2017-08-15 23:00:00,2,301.122147969587,300.6861361341088
2017-08-15 23:15:00,2,301.0704308845338,300.61769070222573
2017-08-15 23:30:00,2,301.02002087125845,300.55367778275405
2017-08-15 23:45:00,2,300.97084702035266,300.49346770011675
2017-08-16 00:00:00,2,300.9228392482151,300.43578939082477
2017-08-16 00:15:00,2,300.8759168122857,300.37989103470227
2017-08-16 00:30:00,2,300.8300646213839,300.32562393285286
2017-08-16 00:45:00,2,300.7854664853798,300.2731528513608
2017-08-16 01:00:00,2,300.74233163404926,300.2226834934056
2017-08-16 01:15:00,2,300.70075313031134,300.1743062578452
2017-08-16 01:30:00,2,300.66065889681704,300.1279479135708
2017-08-16 01:45:00,2,300.62174656943023,300.083352655483
2017-08-16 02:00:00,2,300.5836702259716,300.04016712531273
2017-08-16 02:15:00,2,300.54617493874173,299.9980717980814
2017-08-16 02:30:00,2,300.5090764199906,299.95680958740525
2017-08-16 02:45:00,2,300.47219568413317,299.916140977273
2017-08-16 03:00:00,2,300.43536598308873,299.8758195024073
2017-08-16 03:15:00,2,300.39846384743555,299.8356191632812
2017-08-16 03:30:00,2,300.3614519710275,299.7953992659516
2017-08-16 03:45:00,2,300.32442968351853,299.7551152292793
2017-08-16 04:00:00,2,300.2875129509473,299.71475100002243
2017-08-16 04:15:00,2,300.25078401686375,299.67427090374343
2017-08-16 04:30:00,2,300.2145152339984,299.6338975609707
2017-08-16 04:45:00,2,300.1796234645166,299.594664132382
2017-08-16 05:00:00,2,300.1472724450019,299.5584254631524
2017-08-16 05:15:00,2,300.11825325194144,299.5266948717769
2017-08-16 05:30:00,2,300.0926498096371,299.49989428602777
2017-08-16 05:45:00,2,300.0700553597712,299.4775944855198
2017-08-16 06:00:00,2,300.0511147353474,299.45981051923167
2017-08-16 06:15:00,2,300.0371966705105,299.44706550321274
2017-08-16 06:30:00,2,300.0299098653402,299.44081129992935
2017-08-16 06:45:00,2,300.0309988323909,299.44306793290014
2017-08-16 07:00:00,2,300.04200759458627,299.4555249547129
2017-08-16 07:15:00,2,300.06378599855447,299.4788368776184
2017-08-16 07:30:00,2,300.0965980369243,299.5125126267437
2017-08-16 07:45:00,2,300.14028926135757,299.55520270932857
2017-08-16 08:00:00,2,300.1945989241803,299.60487171744774
2017-08-16 08:15:00,2,300.2592578648352,299.65614375901055
2017-08-16 08:30:00,2,300.3339796836774,299.71416620185283
2017-08-16 08:45:00,2,300.4187271679924,299.78347585438416
2017-08-16 09:00:00,2,300.51319379209093,299.86455781684424
2017-08-16 09:15:00,2,300.61620367156235,299.9536403758954
2017-08-16 09:30:00,2,300.72635096520634,300.05585523680406
2017-08-16 09:45:00,2,300.84300338909316,300.1745845730844
2017-08-16 10:00:00,2,300.9658361536714,300.3123915253125
2017-08-16 10:15:00,2,301.0940163261924,300.46010201550365
2017-08-16 10:30:00,2,301.22583841826446,300.61006054299037
2017-08-16 10:45:00,2,301.3579461302371,300.7586919884661
2017-08-16 11:00:00,2,301.48665584833026,300.9041355446609
2017-08-16 11:15:00,2,301.60900525838923,301.04437432838273
2017-08-16 11:30:00,2,301.7234066391186,301.1775862131048
2017-08-16 11:45:00,2,301.83088283566036,301.3034928004935
2017-08-16 12:00:00,2,301.9332825456623,301.4232657605685
2017-08-16 12:15:00,2,302.03161726239796,301.53819683448256
2017-08-16 12:30:00,2,302.1260140530137,301.6487296299353
2017-08-16 12:45:00,2,302.2158954251059,301.75440688796425
2017-08-16 13:00:00,2,302.30047656299115,301.85439069402867
2017-08-16 13:15:00,2,302.37905120770904,301.94789794608755
2017-08-16 13:30:00,2,302.4511185761337,302.0342583081299
2017-08-16 13:45:00,2,302.51617472854036,302.1130514872434
2017-08-16 14:00:00,2,302.5734163517627,302.1837749739139
2017-08-16 14:15:00,2,302.6221069136324,302.24577795385164
2017-08-16 14:30:00,2,302.6619397729306,302.29850710112095
2017-08-16 14:45:00,2,302.6930242594956,302.3416855392068
2017-08-16 15:00:00,2,302.7156082059407,302.37523128786637
2017-08-16 15:15:00,2,302.72974128546514,302.3989784950101
2017-08-16 15:30:00,2,302.7353560639208,302.41281697436847
2017-08-16 15:45:00,2,302.7323039444566,302.4164136603807
2017-08-16 16:00:00,2,302.7203982485964,302.41036634943464
2017-08-16 16:15:00,2,302.69952873945226,302.3955829126011
2017-08-16 16:30:00,2,302.6698637116129,302.3723323250619
2017-08-16 16:45:00,2,302.6320774668804,302.34083143678254
2017-08-16 17:00:00,2,302.5874802143585,302.30183759978524
2017-08-16 17:15:00,2,302.53742749841274,302.25656373460043
2017-08-16 17:30:00,2,302.48276182921524,302.2070329725205
2017-08-16 17:45:00,2,302.4239881126941,302.1541752021829
2017-08-16 18:00:00,2,302.3615283694105,302.0980260946442
2017-08-16 18:15:00,2,302.29539374807206,302.03829197718983
2017-08-16 18:30:00,2,302.2253772793222,301.9746662382282
2017-08-16 18:45:00,2,302.15124354738646,301.9069687489411
2017-08-16 19:00:00,2,302.0731010072815,301.8353756442727
2017-08-16 19:15:00,2,301.99174136023606,301.7608903076309
2017-08-16 19:30:00,2,301.9086452987868,301.68505542378466
2017-08-16 19:45:00,2,301.82494623547325,301.60758041129424
2017-08-16 20:00:00,2,301.7411498634969,301.52210453067363
2017-08-16 20:15:00,2,301.65745914751386,301.42938113796725
2017-08-16 20:30:00,2,301.57416094902834,301.33306977523284
2017-08-16 20:45:00,2,301.4920631882677,301.2360908964379
2017-08-16 21:00:00,2,301.4120375686745,301.1399166883777
2017-08-16 21:15:00,2,301.3346178949942,301.0451723244551
2017-08-16 21:30:00,2,301.2601038230842,300.9522438375897
2017-08-16 21:45:00,2,301.1888128345768,300.8615256787561
2017-08-16 22:00:00,2,301.12098661865326,300.7733590111682
2017-08-16 22:15:00,2,301.05668936448455,300.6878398898373
2017-08-16 22:30:00,2,300.99583771909863,300.6044390273018
2017-08-16 22:45:00,2,300.93826475893934,300.52706100576137
2017-08-16 23:00:00,2,300.8837845534484,300.45714560209524
2017-08-16 23:15:00,2,300.8321828775445,300.3933764028289
2017-08-16 23:30:00,2,300.78311872389156,300.33395623565417
2017-08-16 23:45:00,2,300.73596385713336,300.277599679149
2017-08-17 00:00:00,2,300.6900316942561,300.223417295569
2017-08-17 00:15:00,2,300.64480218899007,300.17068873111975
2017-08-17 00:30:00,2,300.59989967015383,300.1187919594832
2017-08-17 00:45:00,2,300.55497526232494,300.0671582674784
2017-08-17 01:00:00,2,300.50973283698187,300.0152556982322
2017-08-17 01:15:00,2,300.4640100940179,299.96264642900195
2017-08-17 01:30:00,2,300.4178648059311,299.909180641857
2017-08-17 01:45:00,2,300.3716425506144,299.8552471077898
2017-08-17 02:00:00,2,300.3258036694111,299.80170664624427
2017-08-17 02:15:00,2,300.28074296799497,299.7495085709905
2017-08-17 02:30:00,2,300.23693044278195,299.6994942652482
2017-08-17 02:45:00,2,300.19530754712946,299.65255003655386
2017-08-17 03:00:00,2,300.1568645239483,299.60959634694905
2017-08-17 03:15:00,2,300.12221603322934,299.5713424224171
2017-08-17 03:30:00,2,300.0914517414074,299.53809422728705
2017-08-17 03:45:00,2,300.06393034075853,299.5092769722354
2017-08-17 04:00:00,2,300.0387507958587,299.4836112383793
2017-08-17 04:15:00,2,300.01522547729104,299.4598350120133
2017-08-17 04:30:00,2,299.9929828351665,299.43695187437294
2017-08-17 04:45:00,2,299.97194891772125,299.4148396701307
2017-08-17 05:00:00,2,299.9521765859437,299.39367611966145
2017-08-17 05:15:00,2,299.9337053274387,299.3737991183284
2017-08-17 05:30:00,2,299.91643151079614,299.35537469071534
2017-08-17 05:45:00,2,299.9003952657014,299.3386283385182
2017-08-17 06:00:00,2,299.88699056510586,299.32467474968803
2017-08-17 06:15:00,2,299.8780121667094,299.31541493929734
2017-08-17 06:30:00,2,299.87501378738233,299.3128834386231
2017-08-17 06:45:00,2,299.8796946585793,299.31884791756266
2017-08-17 07:00:00,2,299.8937901544577,299.334629112204
2017-08-17 07:15:00,2,299.9183890936892,299.36069554741215
2017-08-17 07:30:00,2,299.95377413929253,299.3964669292868
2017-08-17 07:45:00,2,299.99998668212925,299.4405421039205
2017-08-17 08:00:00,2,300.05727772979685,299.4902952372761
2017-08-17 08:15:00,2,300.12645434283314,299.5435100729873
2017-08-17 08:30:00,2,300.2084295168027,299.60648053878185
2017-08-17 08:45:00,2,300.30376656131034,299.6843154381394
2017-08-17 09:00:00,2,300.4120040089635,299.7763963593592
2017-08-17 09:15:00,2,300.53111747661694,299.87979376338586
2017-08-17 09:30:00,2,300.65847670392463,299.99943392134475
2017-08-17 09:45:00,2,300.7921019363761,300.1424244836685
2017-08-17 10:00:00,2,300.9304920978297,300.2985598230511
2017-08-17 10:15:00,2,301.0719665089998,300.45801228099043
2017-08-17 10:30:00,2,301.2151920547503,300.616740174339
2017-08-17 10:45:00,2,301.35971227635827,300.77481950581716
2017-08-17 11:00:00,2,301.50532345350456,300.9331363408783
2017-08-17 11:15:00,2,301.65138367632716,301.0915909928711
2017-08-17 11:30:00,2,301.7963422284377,301.24874437569105
2017-08-17 11:45:00,2,301.936849469398,301.4019606601645
2017-08-17 12:00:00,2,302.06925530643883,301.54821196173106
2017-08-17 12:15:00,2,302.19097062847595,301.6849645285812
2017-08-17 12:30:00,2,302.3005825235745,301.81049354939415
2017-08-17 12:45:00,2,302.3975227180558,301.9240309298817
2017-08-17 13:00:00,2,302.481772335812,302.0254111749356
2017-08-17 13:15:00,2,302.55359450606977,302.11471286976797
2017-08-17 13:30:00,2,302.61365315483823,302.1922758787998
2017-08-17 13:45:00,2,302.66324510271755,302.258854133785
2017-08-17 14:00:00,2,302.7036568342019,302.315383967281
2017-08-17 14:15:00,2,302.73563275685956,302.3625373777931
2017-08-17 14:30:00,2,302.7596403790812,302.40073918187466
2017-08-17 14:45:00,2,302.7762642032062,302.43037332557117
2017-08-17 15:00:00,2,302.7859625588351,302.4517144105178
2017-08-17 15:15:00,2,302.78877164378787,302.4647600816177
2017-08-17 15:30:00,2,302.78470995528494,302.4692959869916
2017-08-17 15:45:00,2,302.77427557569456,302.4657760745624
2017-08-17 16:00:00,2,302.75790615843465,302.45577198437354
2017-08-17 16:15:00,2,302.7355451576397,302.4398598529573
2017-08-17 16:30:00,2,302.7067473354948,302.41755604498184
2017-08-17 16:45:00,2,302.67080322034815,302.38802385860134
2017-08-17 17:00:00,2,302.6277446915001,302.35096902510605
2017-08-17 17:15:00,2,302.57854206985155,302.3070495852603
2017-08-17 17:30:00,2,302.5241329682784,302.25824166603167
2017-08-17 17:45:00,2,302.4650156653949,302.20561186016977
2017-08-17 18:00:00,2,302.4013923107669,302.149168676821
2017-08-17 18:15:00,2,302.33308137715284,302.0884336330609
2017-08-17 18:30:00,2,302.25986746756246,302.0229482746366
2017-08-17 18:45:00,2,302.18163421097137,301.95253340201265
2017-08-17 19:00:00,2,302.0986673695109,301.8774851353443
2017-08-17 19:15:00,2,302.01172569974625,301.798989100363
2017-08-17 19:30:00,2,301.9223701666644,301.71818363090176
2017-08-17 19:45:00,2,301.8323441389349,301.6344657091336
2017-08-17 20:00:00,2,301.74284666682627,301.5440044020173
2017-08-17 20:15:00,2,301.6545143542671,301.4470123950149
2017-08-17 20:30:00,2,301.5678376483465,301.3469124874791
2017-08-17 20:45:00,2,301.48370303126256,301.24701869344716
2017-08-17 21:00:00,2,301.40301426221805,301.1493046930457
2017-08-17 21:15:00,2,301.32630509770104,301.0546950734464
2017-08-17 21:30:00,2,301.2536924149761,300.963531576335
2017-08-17 21:45:00,2,301.18486245178946,300.87576651390344
2017-08-17 22:00:00,2,301.11935098645745,300.79106830886946
2017-08-17 22:15:00,2,301.0567545237346,300.7089461789068
2017-08-17 22:30:00,2,300.9967770240032,300.62884148849037
2017-08-17 22:45:00,2,300.93925936714186,300.5495539641385
2017-08-17 23:00:00,2,300.8841021066866,300.47668572054164
2017-08-17 23:15:00,2,300.8311807891402,300.41048506332777
2017-08-17 23:30:00,2,300.7802386097101,300.3487604799964
2017-08-17 23:45:00,2,300.7307308072031,300.28962904206884
2017-08-18 00:00:00,2,300.68206853173564,300.23213630561963
2017-08-18 00:15:00,2,300.63383027659467,300.175847814628
2017-08-18 00:30:00,2,300.5859417909471,300.12061467174857
2017-08-18 00:45:00,2,300.5389514553725,300.0666985261716
2017-08-18 01:00:00,2,300.4935336061837,300.01467977486607
2017-08-18 01:15:00,2,300.4500921704897,299.9651098324867
2017-08-18 01:30:00,2,300.4087769258801,299.9182652514593
2017-08-18 01:45:00,2,300.369597617173,299.8741548251516
2017-08-18 02:00:00,2,300.3325332434654,299.83267117024826
2017-08-18 02:15:00,2,300.29757256737315,299.79371845249847
2017-08-18 02:30:00,2,300.2645739605142,299.7571272867635
2017-08-18 02:45:00,2,300.2329241145004,299.72238254435854
2017-08-18 03:00:00,2,300.20180184590816,299.6886189301745
2017-08-18 03:15:00,2,300.1705507231678,299.6548963228168
2017-08-18 03:30:00,2,300.1389603679043,299.6206148552617
2017-08-18 03:45:00,2,300.1076935700722,299.586209804484
2017-08-18 04:00:00,2,300.07775861511163,299.55306711830264
2017-08-18 04:15:00,2,300.049881343318,299.5225146128903
2017-08-18 04:30:00,2,300.0243204277629,299.49512728735743
2017-08-18 04:45:00,2,300.0008167544217,299.4706257777293
2017-08-18 05:00:00,2,299.97893106854895,299.4482987463647
2017-08-18 05:15:00,2,299.9583389976218,299.42741135561147
2017-08-18 05:30:00,2,299.93884980450764,299.4074029293438
2017-08-18 05:45:00,2,299.92081087494194,299.3885925693976
2017-08-18 06:00:00,2,299.9061175010565,299.3727171934117
2017-08-18 06:15:00,2,299.8967833495699,299.362324445793
2017-08-18 06:30:00,2,299.89407491523235,299.35944650578307
2017-08-18 06:45:00,2,299.8988356205598,299.36504145609655
2017-08-18 07:00:00,2,299.9117343942773,299.3792714317557
2017-08-18 07:15:00,2,299.9335210343978,299.40207390070196
2017-08-18 07:30:00,2,299.9654142258375,299.43350895932247
2017-08-18 07:45:00,2,300.0089930241934,299.4735247782807
2017-08-18 08:00:00,2,300.06602940993827,299.52003518281583
2017-08-18 08:15:00,2,300.13782180445486,299.57239998834245
2017-08-18 08:30:00,2,300.2246409474404,299.63727180356284
2017-08-18 08:45:00,2,300.3251039279418,299.7183833604982
2017-08-18 09:00:00,2,300.4360307394819,299.81323644855934
2017-08-18 09:15:00,2,300.5531681599459,299.9165718434416
2017-08-18 09:30:00,2,300.672746705647,300.03137788586344
2017-08-18 09:45:00,2,300.7931010869443,300.1623802909469
2017-08-18 10:00:00,2,300.9137195391418,300.3010556108628
2017-08-18 10:15:00,2,301.03391978159374,300.43970614333824
2017-08-18 10:30:00,2,301.1533741653841,300.5759951722835
2017-08-18 10:45:00,2,301.27345085625,300.71149283561215
2017-08-18 11:00:00,2,301.39589261965136,300.8486463106644
2017-08-18 11:15:00,2,301.5214169126781,300.9887297342436
2017-08-18 11:30:00,2,301.6491480130475,301.1310036298613
2017-08-18 11:45:00,2,301.77574935047795,301.27261244630614
2017-08-18 12:00:00,2,301.8973616609221,301.4097504502076
2017-08-18 12:15:00,2,302.01118098348417,301.5392176364836
2017-08-18 12:30:00,2,302.1157051036558,301.6592551959031
2017-08-18 12:45:00,2,302.2106714566495,301.76936945261997
2017-08-18 13:00:00,2,302.29632898727704,301.8697129883945
2017-08-18 13:15:00,2,302.3728388781381,301.9606081452572
2017-08-18 13:30:00,2,302.44008195644625,302.0420504680973
2017-08-18 13:45:00,2,302.4973943950323,302.11349597252996
2017-08-18 14:00:00,2,302.54412827303696,302.17417400153096
2017-08-18 14:15:00,2,302.579981795233,302.22352151536114
2017-08-18 14:30:00,2,302.605065893194,302.26138945244054
2017-08-18 14:45:00,2,302.6198831650755,302.28797987504464
2017-08-18 15:00:00,2,302.6249957876841,302.30358616806143
2017-08-18 15:15:00,2,302.620740776902,302.30867810302755
2017-08-18 15:30:00,2,302.60766686642006,302.30350843483984
2017-08-18 15:45:00,2,302.5871481100894,302.2893512592268
2017-08-18 16:00:00,2,302.56046302690953,302.26858708016107
2017-08-18 16:15:00,2,302.52803883776454,302.2423099647247
2017-08-18 16:30:00,2,302.4897477989378,302.2103105668167
2017-08-18 16:45:00,2,302.44526500145855,302.1720008268006
2017-08-18 17:00:00,2,302.39498555596253,302.1272247689406
2017-08-18 17:15:00,2,302.3398365823645,302.0773437759996
2017-08-18 17:30:00,2,302.28046521213315,302.02383585356944
2017-08-18 17:45:00,2,302.217366610716,301.9673483761981
2017-08-18 18:00:00,2,302.1508485204333,301.9079212303635
2017-08-18 18:15:00,2,302.0807139570453,301.8453345450733
2017-08-18 18:30:00,2,302.0066003570077,301.7793878479361
2017-08-18 18:45:00,2,301.92809219672205,301.7105199057144
2017-08-18 19:00:00,2,301.8451226782234,301.6373388598223
2017-08-18 19:15:00,2,301.75812207246986,301.5584165508964
2017-08-18 19:30:00,2,301.6685245552997,301.474644375273
2017-08-18 19:45:00,2,301.57841887468186,301.3839790982797
2017-08-18 20:00:00,2,301.4895242947987,301.2865016034068
2017-08-18 20:15:00,2,301.40285793787444,301.1858951242289
2017-08-18 20:30:00,2,301.31892255988294,301.0857053235172
2017-08-18 20:45:00,2,301.23792735749987,300.98758334153547
2017-08-18 21:00:00,2,301.15991210841526,300.8917748743547
2017-08-18 21:15:00,2,301.0848176580584,300.7980783082998
2017-08-18 21:30:00,2,301.01262529318217,300.70637475923917
2017-08-18 21:45:00,2,300.943565675896,300.616778956176
2017-08-18 22:00:00,2,300.87791266870175,300.52938878022377
2017-08-18 22:15:00,2,300.8157773254083,300.4455910836725
2017-08-18 22:30:00,2,300.7569678815687,300.3690306592953
2017-08-18 22:45:00,2,300.700790151294,300.2993163540856
2017-08-18 23:00:00,2,300.6464447038773,300.23398627564285
2017-08-18 23:15:00,2,300.5933469208079,300.1710525117369
2017-08-18 23:30:00,2,300.54127253225374,300.1097890776354
2017-08-18 23:45:00,2,300.4905469671395,300.0504036844999
2017-08-19 00:00:00,2,300.44161819599054,299.99340328192693
2017-08-19 00:15:00,2,300.3947297041404,299.93913795432746
2017-08-19 00:30:00,2,300.3498069345873,299.8875722934566
2017-08-19 00:45:00,2,300.30630299880056,299.8381999672131
2017-08-19 01:00:00,2,300.2635585911383,299.7902402525266
2017-08-19 01:15:00,2,300.22109594412467,299.7429649867756
2017-08-19 01:30:00,2,300.1786439979598,299.6959045366663
2017-08-19 01:45:00,2,300.1361238658275,299.64887722511094
2017-08-19 02:00:00,2,300.09354638951396,299.6018838913839
2017-08-19 02:15:00,2,300.0509275710208,299.5549740515154
2017-08-19 02:30:00,2,300.0083046518239,299.5081805168203
2017-08-19 02:45:00,2,299.9657849617445,299.46149061011243
2017-08-19 03:00:00,2,299.92346710911903,299.41482109142737
2017-08-19 03:15:00,2,299.8814473097458,299.36807574916213
2017-08-19 03:30:00,2,299.8399814677265,299.3213842118417
2017-08-19 03:45:00,2,299.79963647346983,299.2753505924757
2017-08-19 04:00:00,2,299.7610207579362,299.23092588217366
2017-08-19 04:15:00,2,299.7245471532434,299.1890136828837
2017-08-19 04:30:00,2,299.69048348708895,299.1502061690683
2017-08-19 04:45:00,2,299.6591455574885,299.1149041649179
2017-08-19 05:00:00,2,299.6308241773969,299.08338283998586
2017-08-19 05:15:00,2,299.60566350262013,299.0558104248668
2017-08-19 05:30:00,2,299.58356046190937,299.03209311835525
2017-08-19 05:45:00,2,299.56451542948423,299.01212076924975
2017-08-19 06:00:00,2,299.549945329109,298.9968954585658
2017-08-19 06:15:00,2,299.541582547695,298.98838381601405
2017-08-19 06:30:00,2,299.54078521266683,298.988477815857
2017-08-19 06:45:00,2,299.54889807314004,298.9984644103819
2017-08-19 07:00:00,2,299.5671347248243,299.01893395365073
2017-08-19 07:15:00,2,299.59600472971806,299.0496593820844
2017-08-19 07:30:00,2,299.63567618617833,299.0897941012107
2017-08-19 07:45:00,2,299.6863943583103,299.1381558497482
2017-08-19 08:00:00,2,299.7487413337769,299.1928374760396
2017-08-19 08:15:00,2,299.82399707160766,299.2503228089215
2017-08-19 08:30:00,2,299.913177226564,299.31788983478395
2017-08-19 08:45:00,2,300.01533325104947,299.401047972301
2017-08-19 09:00:00,2,300.127237396678,299.49846322848646
2017-08-19 09:15:00,2,300.244625968399,299.60463315547685
2017-08-19 09:30:00,2,300.364235566663,299.7158796362432
2017-08-19 09:45:00,2,300.4857746885241,299.8375206249932
2017-08-19 10:00:00,2,300.61033683237747,299.9766747642008
2017-08-19 10:15:00,2,300.73845269020103,300.12584562504907
2017-08-19 10:30:00,2,300.8702594413437,300.2779420271565
2017-08-19 10:45:00,2,301.0065092298378,300.43130117746443
2017-08-19 11:00:00,2,301.1479698346359,300.5874338016554
2017-08-19 11:15:00,2,301.29464092817693,300.7475456190331
2017-08-19 11:30:00,2,301.44480827599625,300.91052222942665
2017-08-19 11:45:00,2,301.59326844077395,301.0724365783367
2017-08-19 12:00:00,2,301.73408062762786,301.22817845307577
2017-08-19 12:15:00,2,301.86313099124,301.37319361466757
2017-08-19 12:30:00,2,301.97870782283775,301.50511727926846
2017-08-19 12:45:00,2,302.0815886508933,301.6241542763271
2017-08-19 13:00:00,2,302.1733796852184,301.7317411312851
2017-08-19 13:15:00,2,302.25520723215817,301.8291095335779
2017-08-19 13:30:00,2,302.32760639261477,301.9167537012767
2017-08-19 13:45:00,2,302.3906078700629,301.9945971197248
2017-08-19 14:00:00,2,302.4440436192461,302.06235437511424
2017-08-19 14:15:00,2,302.48769553195143,302.1197441626828
2017-08-19 14:30:00,2,302.5215284592289,302.16665292230215
2017-08-19 14:45:00,2,302.54588162853304,302.20322806954067
2017-08-19 15:00:00,2,302.5611565250796,302.22971190906395
2017-08-19 15:15:00,2,302.5674938458172,302.24610893188907
2017-08-19 15:30:00,2,302.56483768239406,302.25233384792773
2017-08-19 15:45:00,2,302.5529514759854,302.2475368241959
2017-08-19 16:00:00,2,302.5315994103596,302.23337322849693
2017-08-19 16:15:00,2,302.5005515671568,302.2102032080172
2017-08-19 16:30:00,2,302.4599244887333,302.1777329088001
2017-08-19 16:45:00,2,302.41050834557353,302.1361396624172
2017-08-19 17:00:00,2,302.3538942960089,302.0864896598683
2017-08-19 17:15:00,2,302.29178757935495,302.03066652720645
2017-08-19 17:30:00,2,302.2252837192615,301.97102492497277
2017-08-19 17:45:00,2,302.15524078351183,301.9086885973731
2017-08-19 18:00:00,2,302.08222793630966,301.84380628055345
2017-08-19 18:15:00,2,302.0061641654055,301.7761116578144
2017-08-19 18:30:00,2,301.9267474158544,301.7053179576802
2017-08-19 18:45:00,2,301.8436984305523,301.63149295982566
2017-08-19 19:00:00,2,301.75713035197805,301.55513189354014
2017-08-19 19:15:00,2,301.6676525733484,301.47435967223527
2017-08-19 19:30:00,2,301.5766509858578,301.3893172459138
2017-08-19 19:45:00,2,301.485703295555,301.29947026008455
2017-08-19 20:00:00,2,301.3959437459347,301.20327744935366
2017-08-19 20:15:00,2,301.3080136857738,301.1031895793669
2017-08-19 20:30:00,2,301.2223098628137,301.00253414118947
2017-08-19 20:45:00,2,301.1392788621749,300.9033565835809
2017-08-19 21:00:00,2,301.05928427571536,300.8064129710466
2017-08-19 21:15:00,2,300.9824801986685,300.71187376427645
2017-08-19 21:30:00,2,300.9088543983864,300.61974567547605
2017-08-19 21:45:00,2,300.83829370097925,300.5299549933891
2017-08-19 22:00:00,2,300.7706330316445,300.44227774911707
2017-08-19 22:15:00,2,300.7056839379905,300.35611653983534
2017-08-19 22:30:00,2,300.64321242602915,300.273699901394
2017-08-19 22:45:00,2,300.58286432290384,300.1972999646027
2017-08-19 23:00:00,2,300.52424635960443,300.12599747466095
2017-08-19 23:15:00,2,300.4670275501019,300.0577739729651
2017-08-19 23:30:00,2,300.4110640954177,299.9914109236746
2017-08-19 23:45:00,2,300.35660171076773,299.92684361974153
2017-08-20 00:00:00,2,300.30400429969217,299.86457674364254
2017-08-20 00:15:00,2,300.25348969931656,299.80506043150353
2017-08-20 00:30:00,2,300.20505159033144,299.74838944813956
2017-08-20 00:45:00,2,300.1583980644258,299.69430067758475
2017-08-20 01:00:00,2,300.1131556489785,299.64235728721644
2017-08-20 01:15:00,2,300.0690304254519,299.5921487100252
2017-08-20 01:30:00,2,300.0259067165761,299.54345800980934
2017-08-20 01:45:00,2,299.9839895700261,299.4963711494406
2017-08-20 02:00:00,2,299.94358028558725,299.4511790153759
2017-08-20 02:15:00,2,299.9048457954949,299.4081515468116
2017-08-20 02:30:00,2,299.86767759248283,299.3672793883235
2017-08-20 02:45:00,2,299.8315396476511,299.3281068140215
2017-08-20 03:00:00,2,299.7957989118175,299.2899072510451
2017-08-20 03:15:00,2,299.7600071507559,299.251924032362
2017-08-20 03:30:00,2,299.7240268786664,299.2137433129974
2017-08-20 03:45:00,2,299.688195359519,299.1753769667663
2017-08-20 04:00:00,2,299.6530008639271,299.13722548582297
2017-08-20 04:15:00,2,299.6188298919879,299.09973325987625
2017-08-20 04:30:00,2,299.58593684474744,299.06318719482385
2017-08-20 04:45:00,2,299.55421537165927,299.0276242735981
2017-08-20 05:00:00,2,299.5233146384628,298.99287051920925
2017-08-20 05:15:00,2,299.49290525927296,298.9588144991457
2017-08-20 05:30:00,2,299.46273464784,298.9251368114469
2017-08-20 05:45:00,2,299.4330647081752,298.89200951133586
2017-08-20 06:00:00,2,299.4056836566985,298.8609814977726
2017-08-20 06:15:00,2,299.3828469400063,298.8346581234091
2017-08-20 06:30:00,2,299.3669216911075,298.816226860485
2017-08-20 06:45:00,2,299.36071390423797,298.80904859668453
2017-08-20 07:00:00,2,299.3666194965123,298.81569263296717
2017-08-20 07:15:00,2,299.38538890816295,298.83660991384545
2017-08-20 07:30:00,2,299.4166900498262,298.8703450598038
2017-08-20 07:45:00,2,299.4607343184761,298.91521191056046
2017-08-20 08:00:00,2,299.51867901640907,298.97034009048787
2017-08-20 08:15:00,2,299.5924153740665,299.03433356153084
2017-08-20 08:30:00,2,299.6829514879595,299.1039485201721
2017-08-20 08:45:00,2,299.7895679886949,299.1862233279477
2017-08-20 09:00:00,2,299.91049382883693,299.2848800909917
2017-08-20 09:15:00,2,300.0433908899282,299.39540688307125
2017-08-20 09:30:00,2,300.185805680981,299.5192407064122
2017-08-20 09:45:00,2,300.33534328402095,299.65979165199917
2017-08-20 10:00:00,2,300.48936368941406,299.82274210555255
2017-08-20 10:15:00,2,300.64491390369955,299.9953288011074
2017-08-20 10:30:00,2,300.7994478623711,300.1667136279837
2017-08-20 10:45:00,2,300.95172498913973,300.33346057073464
2017-08-20 11:00:00,2,301.1011815699909,300.4964118411875
2017-08-20 11:15:00,2,301.24704831083454,300.65651971086845
2017-08-20 11:30:00,2,301.38816469736776,300.8131442547071
2017-08-20 11:45:00,2,301.5227953020835,300.9643857269239
2017-08-20 12:00:00,2,301.64923566815105,301.10815468537925
2017-08-20 12:15:00,2,301.7662011571431,301.24270744171935
2017-08-20 12:30:00,2,301.873119261744,301.36714210766087
2017-08-20 12:45:00,2,301.9704693560821,301.4816176252346
2017-08-20 13:00:00,2,302.0590477137648,301.58684073705746
2017-08-20 13:15:00,2,302.13929618106613,301.6833803960156
2017-08-20 13:30:00,2,302.21100327691744,301.77110765794004
2017-08-20 13:45:00,2,302.2728366171396,301.8489710251185
2017-08-20 14:00:00,2,302.3233807454875,301.9155403864101
2017-08-20 14:15:00,2,302.3618514525592,301.96974786513977
2017-08-20 14:30:00,2,302.3884171686565,302.0114162952545
2017-08-20 14:45:00,2,302.404473209249,302.04137033143957
2017-08-20 15:00:00,2,302.41154029938593,302.06078769364586
2017-08-20 15:15:00,2,302.4103967969093,302.0704862217297
2017-08-20 15:30:00,2,302.4013497198765,302.07093852332315
2017-08-20 15:45:00,2,302.38460995704344,302.0620362846181
2017-08-20 16:00:00,2,302.36031417085303,302.04533099763074
2017-08-20 16:15:00,2,302.32839445780803,302.0214133157238
2017-08-20 16:30:00,2,302.2887762102057,301.99001010600017
2017-08-20 16:45:00,2,302.24171041240976,301.9509301260319
2017-08-20 17:00:00,2,302.1883419108328,301.90477794104453
2017-08-20 17:15:00,2,302.1301753880038,301.8529471653256
2017-08-20 17:30:00,2,302.06827382065705,301.7976564167722
2017-08-20 17:45:00,2,302.0032984503467,301.7399952701158
2017-08-20 18:00:00,2,301.93559716020394,301.6800051044909
2017-08-20 18:15:00,2,301.8649951606092,301.61724834871563
2017-08-20 18:30:00,2,301.79117668737837,301.5512750804917
2017-08-20 18:45:00,2,301.71408337303393,301.48193262709384
2017-08-20 19:00:00,2,301.63404195925136,301.40958079534335
2017-08-20 19:15:00,2,301.5518376516766,301.3361247989431
2017-08-20 19:30:00,2,301.4688008961565,301.2598273289817
2017-08-20 19:45:00,2,301.3859161634376,301.1818009861984
2017-08-20 20:00:00,2,301.303617827973,301.0970703479094
2017-08-20 20:15:00,2,301.22209612741005,301.00659866184895
2017-08-20 20:30:00,2,301.1417147812101,300.9137521756445
2017-08-20 20:45:00,2,301.06355556379077,300.8213954544935
2017-08-20 21:00:00,2,300.98878518816304,300.7313035148859
2017-08-20 21:15:00,2,300.91809674983614,300.644489317621
2017-08-20 21:30:00,2,300.8516269199696,300.5614287532801
2017-08-20 21:45:00,2,300.7889082685346,300.4820270660518
2017-08-20 22:00:00,2,300.72928577775036,300.405733606919
2017-08-20 22:15:00,2,300.6722332598888,300.3318263687849
2017-08-20 22:30:00,2,300.6173674121427,300.25958687811124
2017-08-20 22:45:00,2,300.5643844160917,300.1879551999159
2017-08-20 23:00:00,2,300.5130359971786,300.1205195594058
2017-08-20 23:15:00,2,300.46312014524545,300.05801358546796
2017-08-20 23:30:00,2,300.41442877013634,299.99903963163507
2017-08-20 23:45:00,2,300.36671667143435,299.94211586355937
2017-08-21 00:00:00,2,300.31976276507356,299.8864902365267
2017-08-21 00:15:00,2,300.2733875635703,299.83193392002704
2017-08-21 00:30:00,2,300.22747879557767,299.7783694944893
2017-08-21 00:45:00,2,300.1820761719344,299.72577448102135
2017-08-21 01:00:00,2,300.13729246088843,299.6741986759157
2017-08-21 01:15:00,2,300.09319945933737,299.6237250792924
2017-08-21 01:30:00,2,300.0498370290081,299.5744113081709
2017-08-21 01:45:00,2,300.00725412380433,299.52624914399394
2017-08-21 02:00:00,2,299.9654483910698,299.4791419092684
2017-08-21 02:15:00,2,299.9243555692168,299.432914795807
2017-08-21 02:30:00,2,299.8838246406163,299.3873006161506
2017-08-21 02:45:00,2,299.8435389833913,299.34190420444673
2017-08-21 03:00:00,2,299.8031910620873,299.2962829475646
2017-08-21 03:15:00,2,299.7626300416421,299.25012408069085
2017-08-21 03:30:00,2,299.7219383160779,299.2034463990532
2017-08-21 03:45:00,2,299.6814935123796,299.15669010510516
2017-08-21 04:00:00,2,299.64171762629167,299.1105282977756
2017-08-21 04:15:00,2,299.6028961543778,299.06556684311795
2017-08-21 04:30:00,2,299.5652965442998,299.02233079908603
2017-08-21 04:45:00,2,299.529503474818,298.9816025582883
2017-08-21 05:00:00,2,299.4962519533412,298.9443963322468
2017-08-21 05:15:00,2,299.46608088075226,298.9117982504159
2017-08-21 05:30:00,2,299.43923230298856,298.884064879983
2017-08-21 05:45:00,2,299.4161150909972,298.86125683873024
2017-08-21 06:00:00,2,299.39820069177296,298.84418524175254
2017-08-21 06:15:00,2,299.3871920021436,298.8340722179008
2017-08-21 06:30:00,2,299.3843047899756,298.83236252669764
2017-08-21 06:45:00,2,299.3900678781865,298.8399591211574
2017-08-21 07:00:00,2,299.404677617785,298.8569943925062
2017-08-21 07:15:00,2,299.428372815701,298.88322914435173
2017-08-21 07:30:00,2,299.4622053206792,298.9188085441384
2017-08-21 07:45:00,2,299.50844000492134,298.964583730302
2017-08-21 08:00:00,2,299.5692583894431,299.02108477884735
2017-08-21 08:15:00,2,299.64485742775935,299.0854220526549
2017-08-21 08:30:00,2,299.73411813139273,299.15597234166313
2017-08-21 08:45:00,2,299.837188678527,299.2360244985519
2017-08-21 09:00:00,2,299.95483098211736,299.3283754232741
2017-08-21 09:15:00,2,300.086814151914,299.4420565306308
2017-08-21 09:30:00,2,300.23142203715673,299.5792976709438
2017-08-21 09:45:00,2,300.38468719304,299.7408919058406
2017-08-21 10:00:00,2,300.54136782998,299.91606981253346
2017-08-21 10:15:00,2,300.69642547218757,300.09099083661465
2017-08-21 10:30:00,2,300.8467262665309,300.259185153492
2017-08-21 10:45:00,2,300.992736332576,300.4210098196293
2017-08-21 11:00:00,2,301.13629244608006,300.57927077786803
2017-08-21 11:15:00,2,301.27837096834656,300.73590201421075
2017-08-21 11:30:00,2,301.4185774373023,300.8907162338342
2017-08-21 11:45:00,2,301.55475038845543,301.0417370585722
2017-08-21 12:00:00,2,301.6842910221783,301.1864146159346
2017-08-21 12:15:00,2,301.80517566815547,301.32266952441773
2017-08-21 12:30:00,2,301.9159889125447,301.44911216596444
2017-08-21 12:45:00,2,302.01554964398605,301.56467718732875
2017-08-21 13:00:00,2,302.1030835647965,301.66850613915244
2017-08-21 13:15:00,2,302.1782828569677,301.76008660474486
2017-08-21 13:30:00,2,302.24124210711005,301.83931728203567
2017-08-21 13:45:00,2,302.2923455104129,301.9064325671875
2017-08-21 14:00:00,2,302.332061169624,301.9617835552479
2017-08-21 14:15:00,2,302.36073351456355,302.0056312246344
2017-08-21 14:30:00,2,302.37886363687534,302.03827687104507
2017-08-21 14:45:00,2,302.3874133802275,302.06029928445804
2017-08-21 15:00:00,2,302.38732500185216,302.0723901959541
2017-08-21 15:15:00,2,302.37912188490867,302.07496983512146
2017-08-21 15:30:00,2,302.3632300676786,302.0679566678157
2017-08-21 15:45:00,2,302.34029039617604,302.05228462538537
2017-08-21 16:00:00,2,302.31081224792683,302.0298275193377
2017-08-21 16:15:00,2,302.2748027710666,302.00112509318
2017-08-21 16:30:00,2,302.23200476081,301.96564285600675
2017-08-21 16:45:00,2,302.1820697297818,301.92266901337086
2017-08-21 17:00:00,2,302.12490897865564,301.8718629846661
2017-08-21 17:15:00,2,302.06074624142656,301.8133918412808
2017-08-21 17:30:00,2,301.9907547446105,301.74833571179227
2017-08-21 17:45:00,2,301.9167484411592,301.67922015041216
2017-08-21 18:00:00,2,301.8400670553653,301.60781671035375
2017-08-21 18:15:00,2,301.7611162857034,301.53466716165855
2017-08-21 18:30:00,2,301.68003429322135,301.4596874089656
2017-08-21 18:45:00,2,301.5968327238036,301.3828492276815
2017-08-21 19:00:00,2,301.51165744653724,301.3048766231349
2017-08-21 19:15:00,2,301.42508388106074,301.225566127914
2017-08-21 19:30:00,2,301.338211179809,301.14414452719706
2017-08-21 19:45:00,2,301.25206260069325,301.0565509712293
2017-08-21 20:00:00,2,301.1672318228825,300.96313084449235
2017-08-21 20:15:00,2,301.08398283539714,300.8670058027415
2017-08-21 20:30:00,2,301.0025848488959,300.77085152990304
2017-08-21 20:45:00,2,300.9237396850608,300.67609795055836
2017-08-21 21:00:00,2,300.8481744466428,300.58350740165963
2017-08-21 21:15:00,2,300.77628477718093,300.4936198931674
2017-08-21 21:30:00,2,300.70811970157683,300.40675379941575
2017-08-21 21:45:00,2,300.6434049877109,300.32287603862426
2017-08-21 22:00:00,2,300.581764841282,300.24160524059545
2017-08-21 22:15:00,2,300.52287056122907,300.16215798762926
2017-08-21 22:30:00,2,300.466492754029,300.086842000385
2017-08-21 22:45:00,2,300.4125426215082,300.0175958861388
2017-08-21 23:00:00,2,300.3609465463739,299.95371890822395
2017-08-21 23:15:00,2,300.31157642062664,299.8936637526116
2017-08-21 23:30:00,2,300.26422272265086,299.8363870628778
2017-08-21 23:45:00,2,300.21855017787925,299.78144007790564
2017-08-22 00:00:00,2,300.17423076777453,299.7285992186141
2017-08-22 00:15:00,2,300.1310215938657,299.6776383336853
2017-08-22 00:30:00,2,300.0887392724631,299.6283074468908
2017-08-22 00:45:00,2,300.047214050636,299.58034705341436
2017-08-22 01:00:00,2,300.0062875568806,299.53350457437494
2017-08-22 01:15:00,2,299.9658314198599,299.4875561693656
2017-08-22 01:30:00,2,299.92583605642795,299.442408826419
2017-08-22 01:45:00,2,299.88656550593544,299.3982178477721
2017-08-22 02:00:00,2,299.8483430399605,299.355318101081
2017-08-22 02:15:00,2,299.8113664373655,299.31403388396257
2017-08-22 02:30:00,2,299.77585455521313,299.27468393893764
2017-08-22 02:45:00,2,299.7424121804872,299.2377450608231
2017-08-22 03:00:00,2,299.7117689744956,299.20405942228
2017-08-22 03:15:00,2,299.6844159502396,299.17433974418367
2017-08-22 03:30:00,2,299.66042125013104,299.14884312751184
2017-08-22 03:45:00,2,299.6391807750559,299.126858835718
2017-08-22 04:00:00,2,299.61980568722396,299.10730847271026
2017-08-22 04:15:00,2,299.60156926098887,299.08921528888595
2017-08-22 04:30:00,2,299.5839360913426,299.07177729362405
2017-08-22 04:45:00,2,299.56638737531125,299.0542759267659
2017-08-22 05:00:00,2,299.5484554694477,299.0361687598052
2017-08-22 05:15:00,2,299.52982056997195,299.01704594559317
2017-08-22 05:30:00,2,299.510377932045,298.99669727043465
2017-08-22 05:45:00,2,299.4907188972083,298.9756383922905
2017-08-22 06:00:00,2,299.4727968770789,298.95571795677756
2017-08-22 06:15:00,2,299.45890164548325,298.9397460983421
2017-08-22 06:30:00,2,299.4512895528358,298.93085482734045
2017-08-22 06:45:00,2,299.4524530322736,298.93182785837973
2017-08-22 07:00:00,2,299.46431261076054,298.94430232022376
2017-08-22 07:15:00,2,299.48742616197933,298.96824846059684
2017-08-22 07:30:00,2,299.52190546643715,299.0026892877539
2017-08-22 07:45:00,2,299.56894069348704,299.0468738332
2017-08-22 08:00:00,2,299.62990260764417,299.0993430435152
2017-08-22 08:15:00,2,299.7050256174827,299.15760370322323
2017-08-22 08:30:00,2,299.79352756683994,299.2257064388902
2017-08-22 08:45:00,2,299.8936071949618,299.30460332067713
2017-08-22 09:00:00,2,300.00285084282086,299.397528119119
2017-08-22 09:15:00,2,300.118625316765,299.5067400362184
2017-08-22 09:30:00,2,300.238884879309,299.6318462127901
2017-08-22 09:45:00,2,300.3631047631185,299.77352846365284
2017-08-22 10:00:00,2,300.49135016593783,299.9224059650917
2017-08-22 10:15:00,2,300.62331727201837,300.07223128589914
2017-08-22 10:30:00,2,300.7578018124291,300.22144700674386
2017-08-22 10:45:00,2,300.8918775343496,300.36946981001785
2017-08-22 11:00:00,2,301.02217536791636,300.5144800821695
2017-08-22 11:15:00,2,301.14600855077816,300.653891305355
2017-08-22 11:30:00,2,301.26198067444847,300.7858585859485
2017-08-22 11:45:00,2,301.3704704060773,300.91008279015364
2017-08-22 12:00:00,2,301.4723813743092,301.0273020200009
2017-08-22 12:15:00,2,301.5681170848581,301.138246744408
2017-08-22 12:30:00,2,301.65752624304105,301.2429410196466
2017-08-22 12:45:00,2,301.73993407366515,301.3406869059135
2017-08-22 13:00:00,2,301.81464109898707,301.4305696670218
2017-08-22 13:15:00,2,301.88120085220726,301.51193986395515
2017-08-22 13:30:00,2,301.94002352325356,301.5849774294066
2017-08-22 13:45:00,2,301.99325758135654,301.651153064131
2017-08-22 14:00:00,2,302.0431818273348,301.71249380677534
2017-08-22 14:15:00,2,302.0908737046917,301.7703448029551
2017-08-22 14:30:00,2,302.135875102684,301.8245096869822
2017-08-22 14:45:00,2,302.17560692227676,301.87306661989845
2017-08-22 15:00:00,2,302.20717365089587,301.9133667135278
2017-08-22 15:15:00,2,302.2286599525679,301.94328771728095
2017-08-22 15:30:00,2,302.23936880600706,301.96181058413674
2017-08-22 15:45:00,2,302.2396529208856,301.96881144370076
2017-08-22 16:00:00,2,302.23012342751787,301.96418299850643
2017-08-22 16:15:00,2,302.2110016043583,301.9497063895202
2017-08-22 16:30:00,2,302.1822617658291,301.9259137162027
2017-08-22 16:45:00,2,302.14379820242846,301.89299709887615
2017-08-22 17:00:00,2,302.09572181065,301.8508143311004
2017-08-22 17:15:00,2,302.03838680174556,301.79948835712605
2017-08-22 17:30:00,2,301.97313498858426,301.7399179817574
2017-08-22 17:45:00,2,301.9019792387703,301.6738521006745
2017-08-22 18:00:00,2,301.8264568532917,301.60390817251084
2017-08-22 18:15:00,2,301.7471437977308,301.53127685125776
2017-08-22 18:30:00,2,301.66436928071687,301.45598047348784
2017-08-22 18:45:00,2,301.5782544729448,301.37779882577104
2017-08-22 19:00:00,2,301.48898527008606,301.29724691169804
2017-08-22 19:15:00,2,301.39802336877295,301.215379084934
2017-08-22 19:30:00,2,301.3072628598884,301.13122754616666
2017-08-22 19:45:00,2,301.21815635344586,301.0419947874627
2017-08-22 20:00:00,2,301.13156535468,300.947627076575
2017-08-22 20:15:00,2,301.0478795705455,300.8512775585821
2017-08-22 20:30:00,2,300.96719632325437,300.75588272778623
2017-08-22 20:45:00,2,300.8894213483744,300.6626374557597
2017-08-22 21:00:00,2,300.81436104328264,300.5714592546591
2017-08-22 21:15:00,2,300.7418005691166,300.4818887133318
2017-08-22 21:30:00,2,300.67169665611857,300.3936996065935
2017-08-22 21:45:00,2,300.60451324505954,300.3072188556749
2017-08-22 22:00:00,2,300.5408610607124,300.2231688884423
2017-08-22 22:15:00,2,300.4811092980216,300.142136371783
2017-08-22 22:30:00,2,300.42529909424906,300.0651252699208
2017-08-22 22:45:00,2,300.37310511071155,299.9956177637698
2017-08-22 23:00:00,2,300.32405255000657,299.93334683791693
2017-08-22 23:15:00,2,300.27771447630045,299.8761668422556
2017-08-22 23:30:00,2,300.2336836091122,299.8223235702046
2017-08-22 23:45:00,2,300.1914438332785,299.7709491676084
2017-08-23 00:00:00,2,300.1505105964456,299.72162804862523
2017-08-23 00:15:00,2,300.110538846143,299.67402972899544
2017-08-23 00:30:00,2,300.07129410980997,299.6278286039796
2017-08-23 00:45:00,2,300.03260010044374,299.5827425262928
2017-08-23 01:00:00,2,299.99431939945293,299.538558546382
2017-08-23 01:15:00,2,299.95634747643663,299.49512413029635
2017-08-23 01:30:00,2,299.9186017786821,299.4523221633451
2017-08-23 01:45:00,2,299.8810089717034,299.4100470042693
2017-08-23 02:00:00,2,299.84350432959945,299.3681981150001
2017-08-23 02:15:00,2,299.8060335530749,299.3266919616041
2017-08-23 02:30:00,2,299.7684978188561,299.2853526973591
2017-08-23 02:45:00,2,299.7306342018222,299.24381683522995
2017-08-23 03:00:00,2,299.6921407276436,299.2015586483123
2017-08-23 03:15:00,2,299.6528588237277,299.15809717883974
2017-08-23 03:30:00,2,299.6129192568828,299.11332632781205
2017-08-23 03:45:00,2,299.5728254220828,299.0677233548645
2017-08-23 04:00:00,2,299.5331383945048,299.0221480103588
2017-08-23 04:15:00,2,299.4942490615665,298.9774285543018
2017-08-23 04:30:00,2,299.4564176136736,298.93416434257097
2017-08-23 04:45:00,2,299.4199427683544,298.8928641548959
2017-08-23 05:00:00,2,299.3851541525901,298.85409832455707
2017-08-23 05:15:00,2,299.35230679741454,298.8182620441316
2017-08-23 05:30:00,2,299.32161126818204,298.7857272016157
2017-08-23 05:45:00,2,299.29383667173886,298.7570435637112
2017-08-23 06:00:00,2,299.27105623497533,298.733714965112
2017-08-23 06:15:00,2,299.25549261768924,298.71814300736645
2017-08-23 06:30:00,2,299.2488489059111,298.7124351073362
2017-08-23 06:45:00,2,299.25210946317077,298.7178337184539
2017-08-23 07:00:00,2,299.265650180792,298.7343326237703
2017-08-23 07:15:00,2,299.28920903744415,298.7608097777049
2017-08-23 07:30:00,2,299.32150254198143,298.7953692921811
2017-08-23 07:45:00,2,299.36066812675244,298.8358039157653
2017-08-23 08:00:00,2,299.4052221794385,298.88045455527356
2017-08-23 08:15:00,2,299.4564214612092,298.92939286697475
2017-08-23 08:30:00,2,299.5178090748552,298.9838492332381
2017-08-23 08:45:00,2,299.5936597503918,299.04379117107743
2017-08-23 09:00:00,2,299.68706831352927,299.1140553337336
2017-08-23 09:15:00,2,299.79718999038374,299.19966170993627
2017-08-23 09:30:00,2,299.9210194651267,299.3076895003279
2017-08-23 09:45:00,2,300.05534770244407,299.43855034742336
2017-08-23 10:00:00,2,300.1971130686672,299.59089846055025
2017-08-23 10:15:00,2,300.3431130681464,299.75953246188965
2017-08-23 10:30:00,2,300.4916040552298,299.93161372383656
2017-08-23 10:45:00,2,300.6449000521232,300.1024077029617
2017-08-23 11:00:00,2,300.8064384537367,300.27509711399387
2017-08-23 11:15:00,2,300.97733335086133,300.4531695785972
2017-08-23 11:30:00,2,301.1553058750773,300.6359386002545
2017-08-23 11:45:00,2,301.3356478772934,300.81931616801023
2017-08-23 12:00:00,2,301.5137699733176,300.9988142461398
2017-08-23 12:15:00,2,301.68618472040674,301.17127406023377
2017-08-23 12:30:00,2,301.8497514146225,301.33467678209763
2017-08-23 12:45:00,2,301.9995657670918,301.48655642363724
2017-08-23 13:00:00,2,302.13008216242315,301.62359273151213
2017-08-23 13:15:00,2,302.23758371548445,301.7427345855083
2017-08-23 13:30:00,2,302.3220428482344,301.84310725832074
2017-08-23 13:45:00,2,302.3882219503785,301.9271016539236
2017-08-23 14:00:00,2,302.44167679167623,301.998690282922
2017-08-23 14:15:00,2,302.4858790778604,302.0609472180879
2017-08-23 14:30:00,2,302.52262206011096,302.1153446351453
2017-08-23 14:45:00,2,302.55302430956755,302.1624966752181
2017-08-23 15:00:00,2,302.57765336892896,302.2027157679355
2017-08-23 15:15:00,2,302.5964376201332,302.235997329585
2017-08-23 15:30:00,2,302.60875394482804,302.2617449807329
2017-08-23 15:45:00,2,302.6132428810935,302.2785433681405
2017-08-23 16:00:00,2,302.60849835951217,302.28460909999734
2017-08-23 16:15:00,2,302.59345545858235,302.27999453285963
2017-08-23 16:30:00,2,302.5674981258032,302.26442286468193
2017-08-23 16:45:00,2,302.5302497272691,302.23711689473686
2017-08-23 17:00:00,2,302.48156241033263,302.19831079511886
2017-08-23 17:15:00,2,302.4219195151335,302.1485791304231
2017-08-23 17:30:00,2,302.3531419403127,302.0892277980339
2017-08-23 17:45:00,2,302.2777287417672,302.02201853904296
2017-08-23 18:00:00,2,302.19763437338383,301.95030080961556
2017-08-23 18:15:00,2,302.1138170581905,301.87566958791706
2017-08-23 18:30:00,2,302.02683111614647,301.7981641203949
2017-08-23 18:45:00,2,301.93705900088315,301.71737356664875
2017-08-23 19:00:00,2,301.8449560055288,301.6332972823534
2017-08-23 19:15:00,2,301.7520692935079,301.5467665476847
2017-08-23 19:30:00,2,301.6599578324275,301.4591668985143
2017-08-23 19:45:00,2,301.5689694383906,301.3717977171727
2017-08-23 20:00:00,2,301.47882368563114,301.286826754113
2017-08-23 20:15:00,2,301.3892416839153,301.1978714546619
2017-08-23 20:30:00,2,301.3002421218477,301.10293088972435
2017-08-23 20:45:00,2,301.21244220536204,301.0042609221071
2017-08-23 21:00:00,2,301.1265695979356,300.9048750093034
2017-08-23 21:15:00,2,301.043062046569,300.8066027816275
2017-08-23 21:30:00,2,300.9621593765103,300.7100906785385
2017-08-23 21:45:00,2,300.88414078375934,300.61555173508197
2017-08-23 22:00:00,2,300.8092138628121,300.52319570155544
2017-08-23 22:15:00,2,300.7374101633024,300.4331994431999
2017-08-23 22:30:00,2,300.66852887021906,300.34549986074234
2017-08-23 22:45:00,2,300.6020175694042,300.25957786183835
2017-08-23 23:00:00,2,300.5372512103889,300.1743682203438
2017-08-23 23:15:00,2,300.4737621900791,300.09116694329873
2017-08-23 23:30:00,2,300.41139024078785,300.01263281699084
2017-08-23 23:45:00,2,300.3504820641454,299.93873788502407
2017-08-24 00:00:00,2,300.2914661700008,299.86834884610045
2017-08-24 00:15:00,2,300.2345469605267,299.8007434186171
2017-08-24 00:30:00,2,300.17970140613414,299.7357146102468
2017-08-24 00:45:00,2,300.1266960025662,299.6730630517659
2017-08-24 01:00:00,2,300.0752376321509,299.6123526329499
2017-08-24 01:15:00,2,300.02513079527773,299.55307536066863
2017-08-24 01:30:00,2,299.9763014528439,299.4949103408285
2017-08-24 01:45:00,2,299.92864643780285,299.4377971495135
2017-08-24 02:00:00,2,299.8820248828741,299.3818309199598
2017-08-24 02:15:00,2,299.836314222013,299.3271173250528
2017-08-24 02:30:00,2,299.7914792264972,299.2737613807015
2017-08-24 02:45:00,2,299.7476883303296,299.22194400798753
2017-08-24 03:00:00,2,299.70515850194784,299.1719046130095
2017-08-24 03:15:00,2,299.6640117128594,299.1238392748739
2017-08-24 03:30:00,2,299.6242032281718,299.07776871447027
2017-08-24 03:45:00,2,299.5854198083142,299.03343958848865
2017-08-24 04:00:00,2,299.547268134769,298.9903432540635
2017-08-24 04:15:00,2,299.5094468967428,298.9479461051057
2017-08-24 04:30:00,2,299.4718303452632,298.90596462937907
2017-08-24 04:45:00,2,299.4345726339425,298.86448326955224
2017-08-24 05:00:00,2,299.3979174421124,298.8237823815942
2017-08-24 05:15:00,2,299.36202906640784,298.78411090025867
2017-08-24 05:30:00,2,299.3269915113376,298.7455944658758
2017-08-24 05:45:00,2,299.29320630913054,298.7086215470811
2017-08-24 06:00:00,2,299.26216554232917,298.67462603895626
2017-08-24 06:15:00,2,299.2358965476243,298.6457780529314
2017-08-24 06:30:00,2,299.2168025720436,298.6250722627029
2017-08-24 06:45:00,2,299.2077760475443,298.6156828310522
2017-08-24 07:00:00,2,299.21148365892674,298.6206791550976
2017-08-24 07:15:00,2,299.2292493150664,298.6415376211177
2017-08-24 07:30:00,2,299.2620483626644,298.67822513305487
2017-08-24 07:45:00,2,299.3123604889838,298.7307256471801
2017-08-24 08:00:00,2,299.38235338115254,298.7990035347189
2017-08-24 08:15:00,2,299.47230236807934,298.88092489198084
2017-08-24 08:30:00,2,299.58113063965925,298.96871764767604
2017-08-24 08:45:00,2,299.70725887689304,299.06581644235644
2017-08-24 09:00:00,2,299.8488223083823,299.17718575653555
2017-08-24 09:15:00,2,300.0035094356973,299.31215100134136
2017-08-24 09:30:00,2,300.168815794859,299.47132207631785
2017-08-24 09:45:00,2,300.3421312497743,299.6538138055089
2017-08-24 10:00:00,2,300.5205583329099,299.85439374808675
2017-08-24 10:15:00,2,300.70095470644475,300.0589686498943
2017-08-24 10:30:00,2,300.8807690281212,300.2594023095514
2017-08-24 10:45:00,2,301.0590669917263,300.4549092400746
2017-08-24 11:00:00,2,301.2352226502732,300.6473599273212
2017-08-24 11:15:00,2,301.4084704145627,300.83740783633846
2017-08-24 11:30:00,2,301.57835281512814,301.02414506840034
2017-08-24 11:45:00,2,301.7439413695932,301.20609358041384
2017-08-24 12:00:00,2,301.90458061585105,301.3821057905122
2017-08-24 12:15:00,2,302.05953591618106,301.55136373246023
2017-08-24 12:30:00,2,302.2072771858627,301.7130090917639
2017-08-24 12:45:00,2,302.34591552298025,301.8657143735082
2017-08-24 13:00:00,2,302.47388242395954,302.0080313438286
2017-08-24 13:15:00,2,302.59018451559575,302.1389582417647
2017-08-24 13:30:00,2,302.6942564166418,302.2579943949749
2017-08-24 13:45:00,2,302.7856189483956,302.3648577171841
2017-08-24 14:00:00,2,302.8639678006058,302.4593077088115
2017-08-24 14:15:00,2,302.92919663369474,302.5411372381972
2017-08-24 14:30:00,2,302.9816401515778,302.61039423179653
2017-08-24 14:45:00,2,303.02231516756405,302.66755302147857
2017-08-24 15:00:00,2,303.0523207324301,302.71328123885775
2017-08-24 15:15:00,2,303.0722788113124,302.74799134270324
2017-08-24 15:30:00,2,303.0823989383871,302.7716315363564
2017-08-24 15:45:00,2,303.082820330823,302.7836968814677
2017-08-24 16:00:00,2,303.07367172291225,302.78429330062744
2017-08-24 16:15:00,2,303.0548780181796,302.77496604751633
2017-08-24 16:30:00,2,303.02627768539134,302.75632862274267
2017-08-24 16:45:00,2,302.98765460197336,302.72786314622044
2017-08-24 17:00:00,2,302.9390920741789,302.68901011889983
2017-08-24 17:15:00,2,302.88107434444703,302.63994608293854
2017-08-24 17:30:00,2,302.8151742827553,302.58187549061245
2017-08-24 17:45:00,2,302.74365662694703,302.5170076139644
2017-08-24 18:00:00,2,302.6683368260044,302.44835114165414
2017-08-24 18:15:00,2,302.5900849898046,302.37718136685083
2017-08-24 18:30:00,2,302.5092125387375,302.3032951340969
2017-08-24 18:45:00,2,302.4256424342566,302.22598537945584
2017-08-24 19:00:00,2,302.3393923478896,302.1448916418644
2017-08-24 19:15:00,2,302.2516616901239,302.0605954716574
2017-08-24 19:30:00,2,302.16391492321674,301.97429074432085
2017-08-24 19:45:00,2,302.07692168649254,301.8870675679012
2017-08-24 20:00:00,2,301.9909215053043,301.7996041540002
2017-08-24 20:15:00,2,301.9059461623232,301.71229897668803
2017-08-24 20:30:00,2,301.8218843318117,301.62554577544955
2017-08-24 20:45:00,2,301.7383957681405,301.5396768405661
2017-08-24 21:00:00,2,301.65509992512693,301.45297983414133
2017-08-24 21:15:00,2,301.5717335133358,301.36340991283305
2017-08-24 21:30:00,2,301.48843519189626,301.2703164943088
2017-08-24 21:45:00,2,301.4062412985034,301.1750071075967
2017-08-24 22:00:00,2,301.32635426595914,301.0795923926981
2017-08-24 22:15:00,2,301.24951624074026,300.98582309212674
2017-08-24 22:30:00,2,301.1760188560733,300.894674305232
2017-08-24 22:45:00,2,301.1058402554652,300.8064467790741
2017-08-24 23:00:00,2,301.03880025848935,300.72105333498837
2017-08-24 23:15:00,2,300.9746679395487,300.6382565340559
2017-08-24 23:30:00,2,300.9131959439667,300.5577415812959
2017-08-24 23:45:00,2,300.85411298986213,300.47907953360055
2017-08-25 00:00:00,2,300.7971466377657,300.40148130574306
2017-08-25 00:15:00,2,300.7420524723882,300.32758791181914
2017-08-25 00:30:00,2,300.68864242008334,300.25899437440853
2017-08-25 00:45:00,2,300.6367842519843,300.19472433856
2017-08-25 01:00:00,2,300.5863099922925,300.1330627578522
2017-08-25 01:15:00,2,300.5370558596876,300.07283938082014
2017-08-25 01:30:00,2,300.4891096037034,300.0137541458176
2017-08-25 01:45:00,2,300.44308552196185,299.95639534215985
2017-08-25 02:00:00,2,300.39977358259523,299.9019396397264
2017-08-25 02:15:00,2,300.3597684954583,299.8515950420692
2017-08-25 02:30:00,2,300.3232670581653,299.8060331304931
2017-08-25 02:45:00,2,300.28984962248194,299.7650867445764
2017-08-25 03:00:00,2,300.25884880841204,299.7279760442295
2017-08-25 03:15:00,2,300.2297083006986,299.6939279039706
2017-08-25 03:30:00,2,300.20196977515957,299.6622124465534
2017-08-25 03:45:00,2,300.17511566987616,299.6319317777961
2017-08-25 04:00:00,2,300.1486799527145,299.6024643152625
2017-08-25 04:15:00,2,300.1223486143449,299.57345331198053
2017-08-25 04:30:00,2,300.0959729895248,299.5447147377412
2017-08-25 04:45:00,2,300.0695786039569,299.5161635966373
2017-08-25 05:00:00,2,300.0432269466876,299.48774769804123
2017-08-25 05:15:00,2,300.01694060816607,299.4594108011999
2017-08-25 05:30:00,2,299.990712607169,299.431074467577
2017-08-25 05:45:00,2,299.9648122992602,299.4028534361052
2017-08-25 06:00:00,2,299.9405449565729,299.37571148191597
2017-08-25 06:15:00,2,299.9199652797145,299.35161892621323
2017-08-25 06:30:00,2,299.905476141467,299.33350700669354
2017-08-25 06:45:00,2,299.8998818137648,299.3249445200959
2017-08-25 07:00:00,2,299.9058009769438,299.3293783201386
2017-08-25 07:15:00,2,299.924486424435,299.34874306000506
2017-08-25 07:30:00,2,299.9567006097341,299.3827233533285
2017-08-25 07:45:00,2,300.0042404179686,299.43048877887827
2017-08-25 08:00:00,2,300.0685427111847,299.49060732670614
2017-08-25 08:15:00,2,300.14922774866136,299.5552366024108
2017-08-25 08:30:00,2,300.2448152533208,299.6270547329507
2017-08-25 08:45:00,2,300.3541884708437,299.71520783217886
2017-08-25 09:00:00,2,300.4765008857587,299.8266180900738
2017-08-25 09:15:00,2,300.61045885687184,299.96170406541154
2017-08-25 09:30:00,2,300.75431645591397,300.1231040666241
2017-08-25 09:45:00,2,300.9061726868781,300.2981598314695
2017-08-25 10:00:00,2,301.06418871480565,300.4770818111125
2017-08-25 10:15:00,2,301.2264971931728,300.6566105025864
2017-08-25 10:30:00,2,301.39114217104066,300.83650107441883
2017-08-25 10:45:00,2,301.5559221375198,301.01567930873114
2017-08-25 11:00:00,2,301.7189997628176,301.19231483160536
2017-08-25 11:15:00,2,301.87874608176304,301.3648317619156
2017-08-25 11:30:00,2,302.03265731641847,301.53131443752386
2017-08-25 11:45:00,2,302.1756031549006,301.68822392453416
2017-08-25 12:00:00,2,302.30249390061175,301.8311716947931
2017-08-25 12:15:00,2,302.41053688593865,301.9568604421927
2017-08-25 12:30:00,2,302.5001609705789,302.0648314919939
2017-08-25 12:45:00,2,302.57580223841876,302.1580719398033
2017-08-25 13:00:00,2,302.64235616121334,302.24105797402575
2017-08-25 13:15:00,2,302.7027480889969,302.3172088132923
2017-08-25 13:30:00,2,302.7579102113437,302.3877422636949
2017-08-25 13:45:00,2,302.80699081478,302.4520174499054
2017-08-25 14:00:00,2,302.84885360616187,302.5086940996146
2017-08-25 14:15:00,2,302.8825078623058,302.55655648868225
2017-08-25 14:30:00,2,302.90800027871836,302.59533666632507
2017-08-25 14:45:00,2,302.92734311898664,302.62631171875506
2017-08-25 15:00:00,2,302.94269096577557,302.65149051835715
2017-08-25 15:15:00,2,302.9549785748628,302.6723299902302
2017-08-25 15:30:00,2,302.96400759387933,302.68855510218015
2017-08-25 15:45:00,2,302.9684953816522,302.6999770338276
2017-08-25 16:00:00,2,302.9669127959112,302.70542791141105
2017-08-25 16:15:00,2,302.9580760776666,302.70344248860425
2017-08-25 16:30:00,2,302.9411448401261,302.6929179019911
2017-08-25 16:45:00,2,302.9152926424121,302.67318319224665
2017-08-25 17:00:00,2,302.88000117976094,302.64372627123646
2017-08-25 17:15:00,2,302.8353283714782,302.60454863278113
2017-08-25 17:30:00,2,302.78247081858143,302.5565249983922
2017-08-25 17:45:00,2,302.7230910988179,302.5009092620838
2017-08-25 18:00:00,2,302.6584154359609,302.44019816524485
2017-08-25 18:15:00,2,302.58921348376504,302.3756240755531
2017-08-25 18:30:00,2,302.515820883036,302.3071371019122
2017-08-25 18:45:00,2,302.4376232297688,302.23390513631034
2017-08-25 19:00:00,2,302.35393362041793,302.155147291877
2017-08-25 19:15:00,2,302.26546625219015,302.0710440480868
2017-08-25 19:30:00,2,302.17375305678513,301.98284524994943
2017-08-25 19:45:00,2,302.0806243425967,301.8927465755727
2017-08-25 20:00:00,2,301.98759335769427,301.8047112242152
2017-08-25 20:15:00,2,301.89556446191386,301.7118840280227
2017-08-25 20:30:00,2,301.80524343773493,301.6130552014292
2017-08-25 20:45:00,2,301.717771891282,301.5118008004948
2017-08-25 21:00:00,2,301.63422851392346,301.41209146853856
2017-08-25 21:15:00,2,301.55519573300023,301.31611881429694
2017-08-25 21:30:00,2,301.48075519010945,301.2244459213508
2017-08-25 21:45:00,2,301.4105017758151,301.13680213531075
2017-08-25 22:00:00,2,301.3438780236279,301.05267338726594
2017-08-25 22:15:00,2,301.2804119478105,300.9715687842031
2017-08-25 22:30:00,2,301.2197138461059,300.89305316822634
2017-08-25 22:45:00,2,301.16139614517,300.81666548027374
2017-08-25 23:00:00,2,301.10509048531475,300.74185204035473
2017-08-25 23:15:00,2,301.05049173921566,300.6678554234672
2017-08-25 23:30:00,2,300.99744395001335,300.59615429040787
2017-08-25 23:45:00,2,300.94607968600826,300.52910364433717
2017-08-26 00:00:00,2,300.8965980929931,300.4667138786511
2017-08-26 00:15:00,2,300.84911094022914,300.407912066172
2017-08-26 00:30:00,2,300.80357589011595,300.35185417309367
2017-08-26 00:45:00,2,300.75970026270994,300.2980364627459
2017-08-26 01:00:00,2,300.7171090547545,300.2459652447241
2017-08-26 01:15:00,2,300.6755278191559,300.1950805648929
2017-08-26 01:30:00,2,300.63488364966435,300.1450055443995
2017-08-26 01:45:00,2,300.5952829145119,300.0957610730492
2017-08-26 02:00:00,2,300.55684873946615,300.0476732100963
2017-08-26 02:15:00,2,300.5196385971859,300.0011063506653
2017-08-26 02:30:00,2,300.4835959142477,299.9562287725124
2017-08-26 02:45:00,2,300.4484800375478,299.91293845406733
2017-08-26 03:00:00,2,300.41400505041787,299.8709656005854
2017-08-26 03:15:00,2,300.37995487001376,299.830029648441
2017-08-26 03:30:00,2,300.3462521098751,299.7899846622138
2017-08-26 03:45:00,2,300.3130601178516,299.7508812298431
2017-08-26 04:00:00,2,300.2806114375145,299.7128823000097
2017-08-26 04:15:00,2,300.2490583411564,299.676185105163
2017-08-26 04:30:00,2,300.21848828704,299.6410731335668
2017-08-26 04:45:00,2,300.1890155576478,299.60771453893625
2017-08-26 05:00:00,2,300.160791237691,299.57627100876994
2017-08-26 05:15:00,2,300.1339500401547,299.54697020983997
2017-08-26 05:30:00,2,300.1085134821032,299.5199126145032
2017-08-26 05:45:00,2,300.0845573287055,299.49509446363714
2017-08-26 06:00:00,2,300.0631046988423,299.47300103044336
2017-08-26 06:15:00,2,300.0458819857942,299.45488428526005
2017-08-26 06:30:00,2,300.0350822985615,299.4431600188574
2017-08-26 06:45:00,2,300.0334004089026,299.4411355389784
2017-08-26 07:00:00,2,300.04307265993583,299.4516718970981
2017-08-26 07:15:00,2,300.064953829385,299.47574273656306
2017-08-26 07:30:00,2,300.0995001960891,299.51296341743483
2017-08-26 07:45:00,2,300.1485614194967,299.5630014327212
2017-08-26 08:00:00,2,300.21422081363886,299.62536754759896
2017-08-26 08:15:00,2,300.29722463219514,299.6948858797397
2017-08-26 08:30:00,2,300.39713998308315,299.77123214588585
2017-08-26 08:45:00,2,300.5127196806363,299.86154237363945
2017-08-26 09:00:00,2,300.6416919113211,299.97487351023284
2017-08-26 09:15:00,2,300.7808496301107,300.11160225436777
2017-08-26 09:30:00,2,300.9271533064809,300.27427059844194
2017-08-26 09:45:00,2,301.07896326243474,300.44844738519066
2017-08-26 10:00:00,2,301.23528611767813,300.62473459360467
2017-08-26 10:15:00,2,301.3947110429711,300.800973487183
2017-08-26 10:30:00,2,301.55516272338735,300.9772743741103
2017-08-26 10:45:00,2,301.7128046468076,301.1519472546866
2017-08-26 11:00:00,2,301.8635146611548,301.3214029515624
2017-08-26 11:15:00,2,302.00434623168866,301.4821424800973
2017-08-26 11:30:00,2,302.1339155940459,301.6322050368756
2017-08-26 11:45:00,2,302.2523559203833,301.77120316802086
2017-08-26 12:00:00,2,302.36032785277905,301.8994881049472
2017-08-26 12:15:00,2,302.4582367621293,302.0173505894031
2017-08-26 12:30:00,2,302.5465549576425,302.1250672385752
2017-08-26 12:45:00,2,302.62645372241496,302.223364037438
2017-08-26 13:00:00,2,302.69910755645327,302.31327061091
2017-08-26 13:15:00,2,302.7651129068203,302.3955771791756
2017-08-26 13:30:00,2,302.82494739618596,302.470825046337
2017-08-26 13:45:00,2,302.8796348046347,302.53976633371036
2017-08-26 14:00:00,2,302.9300884186018,302.603260085243
2017-08-26 14:15:00,2,302.976510978499,302.6617432627933
2017-08-26 14:30:00,2,303.0181519607083,302.7146498682034
2017-08-26 14:45:00,2,303.0527867361861,302.76013393282824
2017-08-26 15:00:00,2,303.0782148074579,302.79588431729155
2017-08-26 15:15:00,2,303.09317413895513,302.820127224372
2017-08-26 15:30:00,2,303.09719591505507,302.831817463821
2017-08-26 15:45:00,2,303.09043519517786,302.83071501397296
2017-08-26 16:00:00,2,303.07330071301743,302.8189390902195
2017-08-26 16:15:00,2,303.04606007250925,302.79758662954407
2017-08-26 16:30:00,2,303.00906401996207,302.76673992738796
2017-08-26 16:45:00,2,302.9629376406665,302.7264435636624
2017-08-26 17:00:00,2,302.90842443105794,302.67711428174533
2017-08-26 17:15:00,2,302.846183831152,302.61944272410096
2017-08-26 17:30:00,2,302.777513634723,302.5544124214487
2017-08-26 17:45:00,2,302.70415038020343,302.4847246004211
2017-08-26 18:00:00,2,302.62731102120654,302.41210716395204
2017-08-26 18:15:00,2,302.5473457129464,302.3369316616037
2017-08-26 18:30:00,2,302.46446192233464,302.25899959577526
2017-08-26 18:45:00,2,302.37884689106727,302.17817619071866
2017-08-26 19:00:00,2,302.29075974151147,302.09475085530715
2017-08-26 19:15:00,2,302.20142158186655,302.0098461878065
2017-08-26 19:30:00,2,302.11227892415803,301.9258588923735
2017-08-26 19:45:00,2,302.02427215619286,301.8419740855799
2017-08-26 20:00:00,2,301.93787423856065,301.75149390157856
2017-08-26 20:15:00,2,301.8532747833242,301.65582465436023
2017-08-26 20:30:00,2,301.7706429973179,301.55883747400935
2017-08-26 20:45:00,2,301.69044735323143,301.4631297465041
2017-08-26 21:00:00,2,301.6131871269675,301.36968252243724
2017-08-26 21:15:00,2,301.5391289211081,301.27875773504456
2017-08-26 21:30:00,2,301.4683134204198,301.1904643379798
2017-08-26 21:45:00,2,301.40061376743824,301.104841586135
2017-08-26 22:00:00,2,301.335817992561,301.02179090751775
2017-08-26 22:15:00,2,301.2736974983907,300.94106279528603
2017-08-26 22:30:00,2,301.2141188430276,300.8623690394383
2017-08-26 22:45:00,2,301.15720173134434,300.7853959651709
2017-08-26 23:00:00,2,301.10311004979263,300.7119080616973
2017-08-26 23:15:00,2,301.05187752618303,300.6446536281648
2017-08-26 23:30:00,2,301.00333364129483,300.5834422193223
2017-08-26 23:45:00,2,300.9570005786097,300.52655980522223
2017-08-27 00:00:00,2,300.9123447305086,300.4725004688605
2017-08-27 00:15:00,2,300.86896648780595,300.42048111829524
2017-08-27 00:30:00,2,300.8265456402184,300.3701331882993
2017-08-27 00:45:00,2,300.784695689349,300.32108195168377
2017-08-27 01:00:00,2,300.7430311848291,300.2728278141788
2017-08-27 01:15:00,2,300.70126386630625,300.2248670921397
2017-08-27 01:30:00,2,300.6592422974369,300.17685531542963
2017-08-27 01:45:00,2,300.6170107085751,300.1287095145874
2017-08-27 02:00:00,2,300.5746988548233,300.0805527113942
2017-08-27 02:15:00,2,300.5324088971691,300.0325620707224
2017-08-27 02:30:00,2,300.49029303683795,299.98494477312084
2017-08-27 02:45:00,2,300.4487506768449,299.93806270277406
2017-08-27 03:00:00,2,300.4082201815051,299.89240709276163
2017-08-27 03:15:00,2,300.36897799879534,299.8484143924962
2017-08-27 03:30:00,2,300.3311385883888,299.8063449881903
2017-08-27 03:45:00,2,300.2947016231204,299.76618553580744
2017-08-27 04:00:00,2,300.25961031155623,299.72784522237777
2017-08-27 04:15:00,2,300.22578692817416,299.6912262229778
2017-08-27 04:30:00,2,300.1931499491602,299.65622303343497
2017-08-27 04:45:00,2,300.1616470188342,299.622859406527
2017-08-27 05:00:00,2,300.1312671786332,299.5910611529902
2017-08-27 05:15:00,2,300.1020129762961,299.5607421044986
2017-08-27 05:30:00,2,300.0740437579287,299.531880029236
2017-08-27 05:45:00,2,300.0482882263658,299.50523289884103
2017-08-27 06:00:00,2,300.0267175816974,299.48267022241225
2017-08-27 06:15:00,2,300.0113843115352,299.4666392154648
2017-08-27 06:30:00,2,300.00363444603215,299.4589751240662
2017-08-27 06:45:00,2,300.00373298136486,299.460074792693
2017-08-27 07:00:00,2,300.01148138885884,299.469434724715
2017-08-27 07:15:00,2,300.02701879989695,299.4865374161814
2017-08-27 07:30:00,2,300.0515975058208,299.511877876313
2017-08-27 07:45:00,2,300.0883896375413,299.54738840808136
2017-08-27 08:00:00,2,300.1403793613372,299.59495255353613
2017-08-27 08:15:00,2,300.208258331152,299.65369889458333
2017-08-27 08:30:00,2,300.29140064707,299.7189187583395
2017-08-27 08:45:00,2,300.3892963401661,299.7945882546994
2017-08-27 09:00:00,2,300.5011991155076,299.88055609321333
2017-08-27 09:15:00,2,300.62537907571664,299.9861267088057
2017-08-27 09:30:00,2,300.75927169281005,300.11338446068964
2017-08-27 09:45:00,2,300.8994702934103,300.2603673846736
2017-08-27 10:00:00,2,301.0424736641375,300.4237610815308
2017-08-27 10:15:00,2,301.18527039961936,300.5902666359586
2017-08-27 10:30:00,2,301.3260696997949,300.75221934127774
2017-08-27 10:45:00,2,301.4652323824938,300.9089025623113
2017-08-27 11:00:00,2,301.6037923745025,301.0629261073217
2017-08-27 11:15:00,2,301.74205047434435,301.2162344698141
2017-08-27 11:30:00,2,301.87950294634516,301.368761587528
2017-08-27 11:45:00,2,302.0148999661775,301.5191061997616
2017-08-27 12:00:00,2,302.1467713246876,301.66561214428725
2017-08-27 12:15:00,2,302.2737650469715,301.8069211340483
2017-08-27 12:30:00,2,302.3950282280149,301.9421716555635
2017-08-27 12:45:00,2,302.51063978404346,302.07103440368815
2017-08-27 13:00:00,2,302.621013160887,302.19347405822725
2017-08-27 13:15:00,2,302.72623398391613,302.309398736002
2017-08-27 13:30:00,2,302.8258885656945,302.41843441280224
2017-08-27 13:45:00,2,302.9188156316226,302.5199236979979
2017-08-27 14:00:00,2,303.00369395001803,302.6131172330709
2017-08-27 14:15:00,2,303.0794500742734,302.69734192919987
2017-08-27 14:30:00,2,303.14493346625295,302.77171428110586
2017-08-27 14:45:00,2,303.19810503627934,302.8346931540315
2017-08-27 15:00:00,2,303.23711975441256,302.8844763033796
2017-08-27 15:15:00,2,303.2610696977586,302.9197373626606
2017-08-27 15:30:00,2,303.2702253682397,302.94012900547244
2017-08-27 15:45:00,2,303.2661054934461,302.94619445676085
2017-08-27 16:00:00,2,303.250321051965,302.93874394958453
2017-08-27 16:15:00,2,303.2237637412212,302.920320078388
2017-08-27 16:30:00,2,303.18687520955433,302.8921025502027
2017-08-27 16:45:00,2,303.1398219844488,302.8544222968641
2017-08-27 17:00:00,2,303.0826975229153,302.80691384956924
2017-08-27 17:15:00,2,303.01594723339906,302.74950328252817
2017-08-27 17:30:00,2,302.94110163398676,302.68306850763037
2017-08-27 17:45:00,2,302.8603003967107,302.60974481981197
2017-08-27 18:00:00,2,302.77521735347074,302.5323248527772
2017-08-27 18:15:00,2,302.6866328357443,302.45203994764336
2017-08-27 18:30:00,2,302.594955408569,302.3688962091566
2017-08-27 18:45:00,2,302.5006114192599,302.28271083994673
2017-08-27 19:00:00,2,302.40414498930284,302.1938077034771
2017-08-27 19:15:00,2,302.30697957308263,302.1033211517972
2017-08-27 19:30:00,2,302.21067773482673,302.0140591896159
2017-08-27 19:45:00,2,302.11624429053455,301.92471334835847
2017-08-27 20:00:00,2,302.0241836079135,301.83102075183996
2017-08-27 20:15:00,2,301.93468661680697,301.7331643905755
2017-08-27 20:30:00,2,301.84778250102056,301.63397409039226
2017-08-27 20:45:00,2,301.7634417303932,301.53573284266304
2017-08-27 21:00:00,2,301.6815903498216,301.43922796978046
2017-08-27 21:15:00,2,301.6021121887142,301.3443570473099
2017-08-27 21:30:00,2,301.5249597520993,301.25091947866116
2017-08-27 21:45:00,2,301.4503297642007,301.1589959599064
2017-08-27 22:00:00,2,301.3784348514849,301.06885738568803
2017-08-27 22:15:00,2,301.30933128459696,300.98067991551835
2017-08-27 22:30:00,2,301.24297090557656,300.8944021635401
2017-08-27 22:45:00,2,301.1792724976326,300.8095084473288
2017-08-27 23:00:00,2,301.11807285129925,300.7282723507855
2017-08-27 23:15:00,2,301.0591347487206,300.6529436032168
2017-08-27 23:30:00,2,301.0022033975877,300.5827058662929
2017-08-27 23:45:00,2,300.9470762546368,300.51577408264154
2017-08-28 00:00:00,2,300.893628883106,300.45113276550893
2017-08-28 00:15:00,2,300.841769611705,300.38863443018573
2017-08-28 00:30:00,2,300.79148207218805,300.32846833855194
2017-08-28 00:45:00,2,300.74296162364277,300.27087274575183
2017-08-28 01:00:00,2,300.69643992342236,300.21605583487195
2017-08-28 01:15:00,2,300.6520239909577,300.1641384680433
2017-08-28 01:30:00,2,300.60960171645473,300.11502514845984
2017-08-28 01:45:00,2,300.5686953160546,300.0682653985071
2017-08-28 02:00:00,2,300.5287307733825,300.0231607474892
2017-08-28 02:15:00,2,300.4892801553465,299.97903418900006
2017-08-28 02:30:00,2,300.45014736158146,299.93550339714284
2017-08-28 02:45:00,2,300.4114621075925,299.8924554380797
2017-08-28 03:00:00,2,300.37349880443867,299.85012342366093
2017-08-28 03:15:00,2,300.336440428144,299.80884707161965
2017-08-28 03:30:00,2,300.30017246668166,299.76868476850206
2017-08-28 03:45:00,2,300.2642304481519,299.72919093172334
2017-08-28 04:00:00,2,300.2281421298975,299.68964152577814
2017-08-28 04:15:00,2,300.191621027461,299.6494337232236
2017-08-28 04:30:00,2,300.1547800132812,299.608454634285
2017-08-28 04:45:00,2,300.1185193977338,299.56757120076463
2017-08-28 05:00:00,2,300.0839912865814,299.5283367290728
2017-08-28 05:15:00,2,300.05203106183455,299.4923588680863
2017-08-28 05:30:00,2,300.0230570667385,299.46049432814385
2017-08-28 05:45:00,2,299.99739993034143,299.4331531294134
2017-08-28 06:00:00,2,299.9760727015194,299.41111717278704
2017-08-28 06:15:00,2,299.9602418614843,299.39563000114066
2017-08-28 06:30:00,2,299.95070168278716,299.3873722221747
2017-08-28 06:45:00,2,299.94802911742863,299.3866602124382
2017-08-28 07:00:00,2,299.952750356517,299.3936843631399
2017-08-28 07:15:00,2,299.9658648914048,299.40895852187924
2017-08-28 07:30:00,2,299.98915307038413,299.43364914191994
2017-08-28 07:45:00,2,300.0248951886572,299.4693305025292
2017-08-28 08:00:00,2,300.07486923375575,299.51691775806773
2017-08-28 08:15:00,2,300.1387478183013,299.57525021878524
2017-08-28 08:30:00,2,300.2152628771797,299.63749639983394
2017-08-28 08:45:00,2,300.3039421484683,299.70787114838083
2017-08-28 09:00:00,2,300.40456049310086,299.78783851696255
2017-08-28 09:15:00,2,300.5157129026055,299.87958426645486
2017-08-28 09:30:00,2,300.63551764297273,299.9874916347924
2017-08-28 09:45:00,2,300.76280920346295,300.1125462287706
2017-08-28 10:00:00,2,300.8967548697047,300.25596020222105
2017-08-28 10:15:00,2,301.0360592022136,300.41567417278316
2017-08-28 10:30:00,2,301.1783952624021,300.58067833318756
2017-08-28 10:45:00,2,301.3199064101652,300.74223800482434
2017-08-28 11:00:00,2,301.4566772360264,300.8967505982842
2017-08-28 11:15:00,2,301.58587576533483,301.04325794143455
2017-08-28 11:30:00,2,301.70635562524444,301.1815949450741
2017-08-28 11:45:00,2,301.8192042367431,301.3123571889332
2017-08-28 12:00:00,2,301.926037584526,301.4366931114971
2017-08-28 12:15:00,2,302.02764284940366,301.5555073995491
2017-08-28 12:30:00,2,302.1239966578895,301.66887710500475
2017-08-28 12:45:00,2,302.2144298196576,301.77609995001205
2017-08-28 13:00:00,2,302.2981597027523,301.8762055756377
2017-08-28 13:15:00,2,302.37455063976574,301.96841040375557
2017-08-28 13:30:00,2,302.4435175098358,302.0525029473423
2017-08-28 13:45:00,2,302.50600671239084,302.12906321504147
2017-08-28 14:00:00,2,302.56308820323045,302.19901397058015
2017-08-28 14:15:00,2,302.6152498011389,302.2630168356362
2017-08-28 14:30:00,2,302.6625462987882,302.32119863547115
2017-08-28 14:45:00,2,302.7043269549413,302.37308615350133
2017-08-28 15:00:00,2,302.73966515514195,302.4178347545711
2017-08-28 15:15:00,2,302.76764712424887,302.45452520956707
2017-08-28 15:30:00,2,302.7873710072604,302.48220309618074
2017-08-28 15:45:00,2,302.7976198347118,302.4996426146559
2017-08-28 16:00:00,2,302.79725074387983,302.50487319126347
2017-08-28 16:15:00,2,302.7854796390785,302.4987917764636
2017-08-28 16:30:00,2,302.76196160881904,302.4814889742494
2017-08-28 16:45:00,2,302.726627714418,302.45232065210257
2017-08-28 17:00:00,2,302.6796806097,302.41169528550876
2017-08-28 17:15:00,2,302.6215985658784,302.36037352849837
2017-08-28 17:30:00,2,302.5537929191022,302.2994503589901
2017-08-28 17:45:00,2,302.4782667137303,302.23001425145424
2017-08-28 18:00:00,2,302.3968889437991,302.1552178461957
2017-08-28 18:15:00,2,302.31096476465143,302.0768747886959
2017-08-28 18:30:00,2,302.2214591210602,301.9956135541672
2017-08-28 18:45:00,2,302.12912320248853,301.91183749407264
2017-08-28 19:00:00,2,302.0347268047787,301.82686871063447
2017-08-28 19:15:00,2,301.9398480633785,301.7405449420463
2017-08-28 19:30:00,2,301.8460692324232,301.65241894166473
2017-08-28 19:45:00,2,301.75421838436523,301.5589020084775
2017-08-28 20:00:00,2,301.6645595250588,301.46065661298036
2017-08-28 20:15:00,2,301.5771087953682,301.3606863318058
2017-08-28 20:30:00,2,301.49179633619895,301.26121593993145
2017-08-28 20:45:00,2,301.4085344124889,301.1629101706611
2017-08-28 21:00:00,2,301.32720781495414,301.06556803069856
2017-08-28 21:15:00,2,301.24767534319454,300.96883537953016
2017-08-28 21:30:00,2,301.16990353417765,300.8725363132729
2017-08-28 21:45:00,2,301.09414172130533,300.77666168859463
2017-08-28 22:00:00,2,301.0205930758539,300.68101168469
2017-08-28 22:15:00,2,300.9492803074094,300.5859350162478
2017-08-28 22:30:00,2,300.8802887204769,300.49639899580274
2017-08-28 22:45:00,2,300.8139915784643,300.4131919490066
2017-08-28 23:00:00,2,300.75085270071844,300.3351163823382
2017-08-28 23:15:00,2,300.69120395548293,300.26154650694434
2017-08-28 23:30:00,2,300.635109912294,300.19262420480203
2017-08-28 23:45:00,2,300.58220390309765,300.1282911599011
2017-08-29 00:00:00,2,300.5319320676739,300.06786798293643
2017-08-29 00:15:00,2,300.4838354009136,300.0104090445298
2017-08-29 00:30:00,2,300.4375784885339,299.95518193021854
2017-08-29 00:45:00,2,300.3928748837029,299.90189462864765
2017-08-29 01:00:00,2,300.3495479389625,299.8506392025541
2017-08-29 01:15:00,2,300.3075290645531,299.80166347677834
2017-08-29 01:30:00,2,300.26675331027735,299.75510773383286
2017-08-29 01:45:00,2,300.2270355264058,299.71083395749145
2017-08-29 02:00:00,2,300.18812431231146,299.668393797198
2017-08-29 02:15:00,2,300.1498005937592,299.6272118471122
2017-08-29 02:30:00,2,300.1119358063651,299.58692916935496
2017-08-29 02:45:00,2,300.07452653595027,299.54722537734324
2017-08-29 03:00:00,2,300.0375858625466,299.5079291458712
2017-08-29 03:15:00,2,300.0011026368337,299.4689341932589
2017-08-29 03:30:00,2,299.96537052458547,299.4305355761458
2017-08-29 03:45:00,2,299.9316867731821,299.3941334890786
2017-08-29 04:00:00,2,299.90152761843547,299.36188768946033
2017-08-29 04:15:00,2,299.87550151689607,299.3351174433595
2017-08-29 04:30:00,2,299.8531889593468,299.3135408914928
2017-08-29 04:45:00,2,299.8332878866781,299.2955963140208
2017-08-29 05:00:00,2,299.8144246437353,299.2789037801258
2017-08-29 05:15:00,2,299.7956750606667,299.26174580103583
2017-08-29 05:30:00,2,299.7766345500674,299.2432928193712
2017-08-29 05:45:00,2,299.7571910101101,299.2234069660308
2017-08-29 06:00:00,2,299.73772878090836,299.20268445888644
2017-08-29 06:15:00,2,299.71951396472474,299.1826058718461
2017-08-29 06:30:00,2,299.704276645296,299.1653643789731
2017-08-29 06:45:00,2,299.6939653416592,299.15341567280495
2017-08-29 07:00:00,2,299.6903564493809,299.14895259965056
2017-08-29 07:15:00,2,299.6952141024711,299.1537896322451
2017-08-29 07:30:00,2,299.71083175674175,299.1698486814002
2017-08-29 07:45:00,2,299.7409490517617,299.1997492137632
2017-08-29 08:00:00,2,299.7889169398047,299.2457541375848
2017-08-29 08:15:00,2,299.85531973649523,299.3077345116998
2017-08-29 08:30:00,2,299.9391407222789,299.3820386228455
2017-08-29 08:45:00,2,300.03979675851195,299.4610416908843
2017-08-29 09:00:00,2,300.1568968272437,299.5495415645719
2017-08-29 09:15:00,2,300.2892941626986,299.66168740532044
2017-08-29 09:30:00,2,300.43561613207527,299.8014174036223
2017-08-29 09:45:00,2,300.59525557312827,299.96698675663646
2017-08-29 10:00:00,2,300.76779295593013,300.16166916825966
2017-08-29 10:15:00,2,300.9520349534257,300.37141032593047
2017-08-29 10:30:00,2,301.1450893666592,300.584759054412
2017-08-29 10:45:00,2,301.3404295958249,300.79600213266724
2017-08-29 11:00:00,2,301.53000571852715,301.0012928567173
2017-08-29 11:15:00,2,301.707588301895,301.19669094044536
2017-08-29 11:30:00,2,301.869654285395,301.3789610715259
2017-08-29 11:45:00,2,302.01614319083296,301.5469473200263
2017-08-29 12:00:00,2,302.14861682188655,301.7015140963471
2017-08-29 12:15:00,2,302.2679650869361,301.8436881376873
2017-08-29 12:30:00,2,302.3743977068142,301.97351332091665
2017-08-29 12:45:00,2,302.4678435532803,302.09026544476296
2017-08-29 13:00:00,2,302.54851262557884,302.1933777252842
2017-08-29 13:15:00,2,302.61712700639964,302.28302426585003
2017-08-29 13:30:00,2,302.67442846879385,302.35978058681843
2017-08-29 13:45:00,2,302.72068208769366,302.42396744604895
2017-08-29 14:00:00,2,302.7558211881935,302.4754221954743
2017-08-29 14:15:00,2,302.77942992967627,302.51363463983535
2017-08-29 14:30:00,2,302.79151344829774,302.53839797087386
2017-08-29 14:45:00,2,302.79330473852275,302.5503940671286
2017-08-29 15:00:00,2,302.78645148873176,302.5512107854351
2017-08-29 15:15:00,2,302.772501042564,302.5425421224866
2017-08-29 15:30:00,2,302.7526749015116,302.5272781200814
2017-08-29 15:45:00,2,302.7280387007053,302.5072569149258
2017-08-29 16:00:00,2,302.6991276392148,302.4829567279993
2017-08-29 16:15:00,2,302.6657482369135,302.4540479234754
2017-08-29 16:30:00,2,302.6275324613088,302.42004095199786
2017-08-29 16:45:00,2,302.5844204647537,302.38070448317745
2017-08-29 17:00:00,2,302.53638252974935,302.33598367814244
2017-08-29 17:15:00,2,302.4832108808854,302.2858189730646
2017-08-29 17:30:00,2,302.4252869171094,302.2306144167906
2017-08-29 17:45:00,2,302.3634983652732,302.1716724317068
2017-08-29 18:00:00,2,302.29859419814085,302.10994214853787
2017-08-29 18:15:00,2,302.2309648282873,302.04570782870945
2017-08-29 18:30:00,2,302.16077984977585,301.97882801126553
2017-08-29 18:45:00,2,302.0880384500316,301.90903626944055
2017-08-29 19:00:00,2,302.0129643386764,301.83636592496396
2017-08-29 19:15:00,2,301.9369295474581,301.76161234773883
2017-08-29 19:30:00,2,301.86159300322856,301.68615284747057
2017-08-29 19:45:00,2,301.7879581513331,301.61144693992316
2017-08-29 20:00:00,2,301.7164573997405,301.5379339265513
2017-08-29 20:15:00,2,301.64723285772214,301.46374350821895
2017-08-29 20:30:00,2,301.5802868101459,301.38815265215516
2017-08-29 20:45:00,2,301.51557221935474,301.31209852381056
2017-08-29 21:00:00,2,301.45303303968046,301.23695909370673
2017-08-29 21:15:00,2,301.39257616536605,301.1635882461394
2017-08-29 21:30:00,2,301.3340313743583,301.092162138723
2017-08-29 21:45:00,2,301.2771120014581,301.0224145012251
2017-08-29 22:00:00,2,301.22150019798363,300.9539107869801
2017-08-29 22:15:00,2,301.16693288925546,300.8862253528073
2017-08-29 22:30:00,2,301.11327185669086,300.8190614188873
2017-08-29 22:45:00,2,301.0605761844616,300.7522881863312
2017-08-29 23:00:00,2,301.00892441433535,300.68585926143817
2017-08-29 23:15:00,2,300.9583130519637,300.6196659723795
2017-08-29 23:30:00,2,300.9087947216362,300.5533959088316
2017-08-29 23:45:00,2,300.86072476904155,300.4892906135978
2017-08-30 00:00:00,2,300.81451076129576,300.4296458783982
2017-08-30 00:15:00,2,300.77037846554845,300.37456339697263
2017-08-30 00:30:00,2,300.72833538760244,300.3230961732592
2017-08-30 00:45:00,2,300.6881368990465,300.2743349161625
2017-08-30 01:00:00,2,300.64944040989707,300.2276685526435
2017-08-30 01:15:00,2,300.61194874943726,300.18266473781284
2017-08-30 01:30:00,2,300.57536131383995,300.1388879471251
2017-08-30 01:45:00,2,300.5392264588203,300.0957863857535
2017-08-30 02:00:00,2,300.5031201670394,300.0527618485214
2017-08-30 02:15:00,2,300.4668129925442,300.0093644417184
2017-08-30 02:30:00,2,300.43034625631327,299.9655100454739
2017-08-30 02:45:00,2,300.3940932670494,299.92158203492465
2017-08-30 03:00:00,2,300.35848962984403,299.87824600084497
2017-08-30 03:15:00,2,300.3238299529791,299.83612753827373
2017-08-30 03:30:00,2,300.29022516782715,299.79562019302807
2017-08-30 03:45:00,2,300.257616227176,299.75694435104054
2017-08-30 04:00:00,2,300.22595601777056,299.72022560432345
2017-08-30 04:15:00,2,300.19526571181524,299.685721863887
2017-08-30 04:30:00,2,300.1655607618329,299.6534424312289
2017-08-30 04:45:00,2,300.13665248804386,299.6229311147573
2017-08-30 05:00:00,2,300.1081734355838,299.59336464888895
2017-08-30 05:15:00,2,300.07981338688865,299.56388343083023
2017-08-30 05:30:00,2,300.0515143062273,299.53391498542715
2017-08-30 05:45:00,2,300.0239165433135,299.50397952586815
2017-08-30 06:00:00,2,299.9987672467358,299.47604818578264
2017-08-30 06:15:00,2,299.97829663749496,299.45299573233217
2017-08-30 06:30:00,2,299.96455818214434,299.4375995301722
2017-08-30 06:45:00,2,299.95946055275624,299.4321751365706
2017-08-30 07:00:00,2,299.9646281350637,299.43848273873823
2017-08-30 07:15:00,2,299.98075731617115,299.45675384252775
2017-08-30 07:30:00,2,300.0081054161296,299.4864532051034
2017-08-30 07:45:00,2,300.04685823899877,299.5265279951742
2017-08-30 08:00:00,2,300.0960412250487,299.57510132826116
2017-08-30 08:15:00,2,300.1529388266391,299.62898239486424
2017-08-30 08:30:00,2,300.21448708427573,299.6825317603187
2017-08-30 08:45:00,2,300.27984701303393,299.7368541879699
2017-08-30 09:00:00,2,300.3512524935936,299.7953961858336
2017-08-30 09:15:00,2,300.43522227891305,299.8681510289818
2017-08-30 09:30:00,2,300.53883840452033,299.9638857896237
2017-08-30 09:45:00,2,300.66656596963156,300.0896427270985
2017-08-30 10:00:00,2,300.8188300075976,300.2530059834093
2017-08-30 10:15:00,2,300.9902501960343,300.4427658557404
2017-08-30 10:30:00,2,301.17280721608955,300.6430476566371
2017-08-30 10:45:00,2,301.35786165316415,300.84183832981324
2017-08-30 11:00:00,2,301.5373732899391,301.03314497305234
2017-08-30 11:15:00,2,301.7052666174438,301.2140369827245
2017-08-30 11:30:00,2,301.85859304337464,301.38273784591865
2017-08-30 11:45:00,2,301.9982411049841,301.53921282971453
2017-08-30 12:00:00,2,302.1263982088679,301.68476106436106
2017-08-30 12:15:00,2,302.2444941239729,301.82064893665694
2017-08-30 12:30:00,2,302.3531834082347,301.9473797742861
2017-08-30 12:45:00,2,302.45273025210327,302.06490345351574
2017-08-30 13:00:00,2,302.54323501083104,302.17303996349176
2017-08-30 13:15:00,2,302.62467692307104,302.2716514162411
2017-08-30 13:30:00,2,302.69698229458993,302.360608973163
2017-08-30 13:45:00,2,302.7599513146458,302.4396845237302
2017-08-30 14:00:00,2,302.81337894446347,302.50856941463866
2017-08-30 14:15:00,2,302.857031069551,302.5669433083466
2017-08-30 14:30:00,2,302.89079675602136,302.6145704042526
2017-08-30 14:45:00,2,302.91474347864704,302.6513474418846
2017-08-30 15:00:00,2,302.92898168304964,302.6772098861801
2017-08-30 15:15:00,2,302.9334462338133,302.6919548722513
2017-08-30 15:30:00,2,302.9284467712428,302.6954158505431
2017-08-30 15:45:00,2,302.9153933140924,302.68866249596135
2017-08-30 16:00:00,2,302.89569921050816,302.6743357436637
2017-08-30 16:15:00,2,302.86982056074555,302.6541281895023
2017-08-30 16:30:00,2,302.83758726495483,302.6279495614664
2017-08-30 16:45:00,2,302.7985366268263,302.5949165187701
2017-08-30 17:00:00,2,302.7522377648587,302.5542516696213
2017-08-30 17:15:00,2,302.69836293711126,302.5055888109075
2017-08-30 17:30:00,2,302.63741252251043,302.4491473800239
2017-08-30 17:45:00,2,302.5708535766622,302.386615598621
2017-08-30 18:00:00,2,302.5001223676095,302.32006682544386
2017-08-30 18:15:00,2,302.42612327513234,302.2505703671541
2017-08-30 18:30:00,2,302.34942881564314,302.1783344761509
2017-08-30 18:45:00,2,302.27032099601433,302.1032403658882
2017-08-30 19:00:00,2,302.18915080363837,302.02539212366867
2017-08-30 19:15:00,2,302.1071881446328,301.945564019073
2017-08-30 19:30:00,2,302.0258758045451,301.865024186082
2017-08-30 19:45:00,2,301.94605254562623,301.78517187797866
2017-08-30 20:00:00,2,301.8680827326302,301.7063081263178
2017-08-30 20:15:00,2,301.7921005226415,301.62615753654615
2017-08-30 20:30:00,2,301.71828293946294,301.54369471142775
2017-08-30 20:45:00,2,301.6471949070582,301.4604716191852
2017-08-30 21:00:00,2,301.57944020593857,301.3787146497456
2017-08-30 21:15:00,2,301.51534132510926,301.29991915237446
2017-08-30 21:30:00,2,301.45480641209485,301.2245756549279
2017-08-30 21:45:00,2,301.3971507305616,301.1524044636308
2017-08-30 22:00:00,2,301.34152918368886,301.082723339272
2017-08-30 22:15:00,2,301.28726936607404,301.01476120040365
2017-08-30 22:30:00,2,301.2339669008131,300.9478590482215
2017-08-30 22:45:00,2,301.1815528122388,300.88157809264925
2017-08-30 23:00:00,2,301.13002400178743,300.81564411294136
2017-08-30 23:15:00,2,301.0793030463142,300.74979046405895
2017-08-30 23:30:00,2,301.0292466192266,300.68353798409015
2017-08-30 23:45:00,2,300.9796196602908,300.61780775551466
2017-08-31 00:00:00,2,300.93014189496705,300.55451832935734
2017-08-31 00:15:00,2,300.88061217006305,300.4932788091922
2017-08-31 00:30:00,2,300.8312132432502,300.4328540463842
2017-08-31 00:45:00,2,300.7828581015781,300.37310343932074
2017-08-31 01:00:00,2,300.73667857744664,300.31528458471905
2017-08-31 01:15:00,2,300.6935257845833,300.26108166434
2017-08-31 01:30:00,2,300.6537336530627,300.2115532060969
2017-08-31 01:45:00,2,300.61688541754523,300.16668667968986
2017-08-31 02:00:00,2,300.58227259546635,300.12571312742983
2017-08-31 02:15:00,2,300.54930603524343,300.08769454978864
2017-08-31 02:30:00,2,300.5175447373884,300.0518624887562
2017-08-31 02:45:00,2,300.4866088615711,300.017635798098
2017-08-31 03:00:00,2,300.4561853631437,299.98469262285056
2017-08-31 03:15:00,2,300.42605029778525,299.952537978172
2017-08-31 03:30:00,2,300.396030195129,299.92074245996434
2017-08-31 03:45:00,2,300.365940402136,299.8890364003795
2017-08-31 04:00:00,2,300.335623930371,299.85725291856056
2017-08-31 04:15:00,2,300.30498237476706,299.82527893689075
2017-08-31 04:30:00,2,300.27394975516256,299.7929111738142
2017-08-31 04:45:00,2,300.2424242785999,299.7600277512786
2017-08-31 05:00:00,2,300.210264653216,299.7265243798159
2017-08-31 05:15:00,2,300.17734913484145,299.6922278549116
2017-08-31 05:30:00,2,300.1437995260083,299.65715517157753
2017-08-31 05:45:00,2,300.1105243366865,299.62202442873195
2017-08-31 06:00:00,2,300.07926141859144,299.5886682367231
2017-08-31 06:15:00,2,300.05224801064145,299.55956053313537
2017-08-31 06:30:00,2,300.0315874898403,299.53720879615696
2017-08-31 06:45:00,2,300.01903699943176,299.52369252602574
2017-08-31 07:00:00,2,300.015829796125,299.52041730275437
2017-08-31 07:15:00,2,300.02277389246603,299.5281113541666
2017-08-31 07:30:00,2,300.04062676421415,299.54667944204664
2017-08-31 07:45:00,2,300.0703896544221,299.5762184812948
2017-08-31 08:00:00,2,300.11282652689437,299.6167802406411
2017-08-31 08:15:00,2,300.16798107817414,299.66760343553347
2017-08-31 08:30:00,2,300.2357649050053,299.72608948938307
2017-08-31 08:45:00,2,300.31605866299793,299.7883956236185
2017-08-31 09:00:00,2,300.4076850840829,299.8573639121885
2017-08-31 09:15:00,2,300.5079524087928,299.94225688519197
2017-08-31 09:30:00,2,300.6143318498286,300.0447555368243
2017-08-31 09:45:00,2,300.72632397961644,300.1628373185466
2017-08-31 10:00:00,2,300.8443395918507,300.2997185764415
2017-08-31 10:15:00,2,300.9682457414119,300.4473464502354
2017-08-31 10:30:00,2,301.09703270084503,300.5983577340002
2017-08-31 10:45:00,2,301.22816339309793,300.74921794272996
2017-08-31 11:00:00,2,301.3586718996929,300.89832868103264
2017-08-31 11:15:00,2,301.4860226626384,301.04413945606234
2017-08-31 11:30:00,2,301.6083405659474,301.1848678334097
2017-08-31 11:45:00,2,301.72432715937873,301.3189185846492
2017-08-31 12:00:00,2,301.83310187355204,301.44515104583354
2017-08-31 12:15:00,2,301.93394766359285,301.56279510232577
2017-08-31 12:30:00,2,302.0262420510291,301.6712467800607
2017-08-31 12:45:00,2,302.1093584497788,301.7699467534374
2017-08-31 13:00:00,2,302.18283354312314,301.858429547375
2017-08-31 13:15:00,2,302.24640878356456,301.9364180360224
2017-08-31 13:30:00,2,302.3004544637031,302.00415168600426
2017-08-31 13:45:00,2,302.34652088760987,302.06273415624287
2017-08-31 14:00:00,2,302.3862032299964,302.1136477367814
2017-08-31 14:15:00,2,302.420245238947,302.1579120263661
2017-08-31 14:30:00,2,302.4487766881019,302.1958107889386
2017-08-31 14:45:00,2,302.47160285043304,302.2271395865746
2017-08-31 15:00:00,2,302.4883504958994,302.2514716574045
2017-08-31 15:15:00,2,302.4984343739907,302.2682212041276
2017-08-31 15:30:00,2,302.50129981999277,302.276664325491
2017-08-31 15:45:00,2,302.49656625161276,302.2761564853285
2017-08-31 16:00:00,2,302.4839556909841,302.267383680376
2017-08-31 16:15:00,2,302.46306691337287,302.2504161575744
2017-08-31 16:30:00,2,302.4335919995198,302.22509127107253
2017-08-31 16:45:00,2,302.3954345018721,302.19127741169854
2017-08-31 17:00:00,2,302.3486792334902,302.1489688370045
2017-08-31 17:15:00,2,302.29346119851215,302.09832472978974
2017-08-31 17:30:00,2,302.2306246010589,302.0399316632957
2017-08-31 17:45:00,2,302.1618368383691,301.9752522240202
2017-08-31 18:00:00,2,302.08864006078795,301.9065520295262
2017-08-31 18:15:00,2,302.01200109335446,301.83521224329644
2017-08-31 18:30:00,2,301.932426891025,301.76171401067376
2017-08-31 18:45:00,2,301.8498129666696,301.68639335167137
2017-08-31 19:00:00,2,301.7640755126882,301.6094448943877
2017-08-31 19:15:00,2,301.6762047020955,301.52879583913534
2017-08-31 19:30:00,2,301.58769901087516,301.44218950565295
2017-08-31 19:45:00,2,301.5000922101257,301.34831113966897
2017-08-31 20:00:00,2,301.4145375927646,301.2502963245543
2017-08-31 20:15:00,2,301.33165155933045,301.1520227537347
2017-08-31 20:30:00,2,301.25165898051466,301.05562100404774
2017-08-31 20:45:00,2,301.1745301431075,300.96149730533756
2017-08-31 21:00:00,2,301.1001084387741,300.8693126456485
2017-08-31 21:15:00,2,301.028198651285,300.7786534042751
2017-08-31 21:30:00,2,300.9586487441657,300.68920741100817
2017-08-31 21:45:00,2,300.89146217918045,300.60064855375924
2017-08-31 22:00:00,2,300.82669761739663,300.5142943206164
2017-08-31 22:15:00,2,300.7643513683455,300.43407063641683
2017-08-31 22:30:00,2,300.70437566521804,300.3601980953028
2017-08-31 22:45:00,2,300.6467628499022,300.2910213385935
2017-08-31 23:00:00,2,300.5915017940662,300.22530558313673
2017-08-31 23:15:00,2,300.53851752049843,300.16270423695266
2017-08-31 23:30:00,2,300.48771146726267,300.1032230287208
2017-08-31 23:45:00,2,300.4390268668819,300.04678480716467
2017-09-01 00:00:00,2,300.39236741853233,299.99314052368294
2017-08-01 00:15:00,3,300.25220109099473,298.69965439178833
2017-08-01 00:30:00,3,300.2013978585321,298.64005701375606
2017-08-01 00:45:00,3,300.15228348599453,298.58342285837386
2017-08-01 01:00:00,3,300.1034509236555,298.528165746061
2017-08-01 01:15:00,3,300.0539692284621,298.4730566308358
2017-08-01 01:30:00,3,300.0034395691955,298.4173412498266
2017-08-01 01:45:00,3,299.9520006559422,298.36078205477276
2017-08-01 02:00:00,3,299.8999853801208,298.30349245755485
2017-08-01 02:15:00,3,299.84766770264014,298.2456891300662
2017-08-01 02:30:00,3,299.7954167528508,298.1877474425551
2017-08-01 02:45:00,3,299.7440647778755,298.13050721345894
2017-08-01 03:00:00,3,299.6945369022741,298.0751855344479
2017-08-01 03:15:00,3,299.64744996973343,298.0229085546711
2017-08-01 03:30:00,3,299.60299127719856,297.97421050993665
2017-08-01 03:45:00,3,299.56079053481994,297.9287632873051
2017-08-01 04:00:00,3,299.5202403501204,297.88561883086993
2017-08-01 04:15:00,3,299.48086352139956,297.8437707089663
2017-08-01 04:30:00,3,299.44243028873245,297.8026180063544
2017-08-01 04:45:00,3,299.4049156281797,297.76208617288484
2017-08-01 05:00:00,3,299.3683509398689,297.7224138916172
2017-08-01 05:15:00,3,299.33275880833986,297.683885932989
2017-08-01 05:30:00,3,299.29880414371553,297.64734585747243
2017-08-01 05:45:00,3,299.27084029427425,297.6167286458619
2017-08-01 06:00:00,3,299.2567504870044,297.59846910404633
2017-08-01 06:15:00,3,299.25852582820164,297.59647312138986
2017-08-01 06:30:00,3,299.27348576346316,297.6101167239046
2017-08-01 06:45:00,3,299.2996737053722,297.63693452488593
2017-08-01 07:00:00,3,299.3358726211785,297.6749013535738
2017-08-01 07:15:00,3,299.3800085718335,297.7221974789508
2017-08-01 07:30:00,3,299.42992033338976,297.77632471777275
2017-08-01 07:45:00,3,299.48429391564434,297.834699796604
2017-08-01 08:00:00,3,299.5423664024718,297.8950347842544
2017-08-01 08:15:00,3,299.60420008621105,297.953603580704
2017-08-01 08:30:00,3,299.67094152484754,298.00988496221436
2017-08-01 08:45:00,3,299.7442768193076,298.0715221824603
2017-08-01 09:00:00,3,299.8254107542585,298.14387272056024
2017-08-01 09:15:00,3,299.91461390525535,298.22822370653233
2017-08-01 09:30:00,3,300.0109787559276,298.32374506948025
2017-08-01 09:45:00,3,300.1127874756707,298.42987378665515
2017-08-01 10:00:00,3,300.21828033097233,298.5490711552686
2017-08-01 10:15:00,3,300.3259200681212,298.6757385689395
2017-08-01 10:30:00,3,300.4345783235065,298.80380901261367
2017-08-01 10:45:00,3,300.5438038492316,298.9308386409647
2017-08-01 11:00:00,3,300.65347809101024,299.056748685682
2017-08-01 11:15:00,3,300.7633311038803,299.182037558603
2017-08-01 11:30:00,3,300.8728263768683,299.3067335653655
2017-08-01 11:45:00,3,300.98104202863885,299.43020338286317
2017-08-01 12:00:00,3,301.0869398170097,299.5514588114322
2017-08-01 12:15:00,3,301.1896928357976,299.669595846393
2017-08-01 12:30:00,3,301.28964453069517,299.78456424066445
2017-08-01 12:45:00,3,301.3894775684503,299.8979748457967
2017-08-01 13:00:00,3,301.492032504079,300.0126357127176
2017-08-01 13:15:00,3,301.59863566800215,300.13111465017
2017-08-01 13:30:00,3,301.70882272932846,300.25429796807055
2017-08-01 13:45:00,3,301.8196551201637,300.3805696543362
2017-08-01 14:00:00,3,301.92740548146156,300.50654380611013
2017-08-01 14:15:00,3,302.02916279777713,300.6286691055447
2017-08-01 14:30:00,3,302.12312265831383,300.7443190189502
2017-08-01 14:45:00,3,302.20843411273717,300.8520116863593
2017-08-01 15:00:00,3,302.2851810980851,300.95123694678074
2017-08-01 15:15:00,3,302.35350269578055,301.0420456785329
2017-08-01 15:30:00,3,302.4130349115805,301.12409782712496
2017-08-01 15:45:00,3,302.4636086365458,301.19692746275416
2017-08-01 16:00:00,3,302.5051679792585,301.26016763705366
2017-08-01 16:15:00,3,302.53663758349455,301.3129936660257
2017-08-01 16:30:00,3,302.55720113551104,301.3542152574016
2017-08-01 16:45:00,3,302.5679850905582,301.38374015835427
2017-08-01 17:00:00,3,302.5710972578295,301.403113343025
2017-08-01 17:15:00,3,302.5678801359232,301.414052496173
2017-08-01 17:30:00,3,302.55864798997453,301.4174921790153
2017-08-01 17:45:00,3,302.5432172820991,301.4135726098344
2017-08-01 18:00:00,3,302.5205105959826,301.401332137926
2017-08-01 18:15:00,3,302.4874355040181,301.37818789634287
2017-08-01 18:30:00,3,302.440760057009,301.34074835718656
2017-08-01 18:45:00,3,302.378229204726,301.2860079798117
2017-08-01 19:00:00,3,302.29516453853415,301.2088630932958
2017-08-01 19:15:00,3,302.18382462226987,301.1033809152954
2017-08-01 19:30:00,3,302.04990958391915,300.9713488103108
2017-08-01 19:45:00,3,301.90670594787605,300.8229295061539
2017-08-01 20:00:00,3,301.76413720836473,300.6715439774526
2017-08-01 20:15:00,3,301.6273064006492,300.5245693372766
2017-08-01 20:30:00,3,301.4981606291237,300.3857721255756
2017-08-01 20:45:00,3,301.3769223393995,300.2572028929074
2017-08-01 21:00:00,3,301.2630216411947,300.13531633192383
2017-08-01 21:15:00,3,301.155640726496,300.0183689105569
2017-08-01 21:30:00,3,301.05409784287235,299.9056558484351
2017-08-01 21:45:00,3,300.95820642927845,299.79591598220094
2017-08-01 22:00:00,3,300.86792344819423,299.68919571630613
2017-08-01 22:15:00,3,300.7830227652755,299.5861922779851
2017-08-01 22:30:00,3,300.7031205607134,299.48736385832535
2017-08-01 22:45:00,3,300.6277768890481,299.39264501021665
2017-08-01 23:00:00,3,300.5565376984832,299.3015797711299
2017-08-01 23:15:00,3,300.4889628018028,299.2134496664202
2017-08-01 23:30:00,3,300.4247527008424,299.1276644173471
2017-08-01 23:45:00,3,300.36396033070713,299.04925891782415
2017-08-02 00:00:00,3,300.3067025074987,298.97900539305954
2017-08-02 00:15:00,3,300.2529183794874,298.9150731224714
2017-08-02 00:30:00,3,300.2023720068586,298.85565028872844
2017-08-02 00:45:00,3,300.15467877854434,298.7998049764291
2017-08-02 01:00:00,3,300.1094273403732,298.74714323318716
2017-08-02 01:15:00,3,300.06625918584325,298.69735459148325
2017-08-02 01:30:00,3,300.0246671433163,298.6499124350481
2017-08-02 01:45:00,3,299.9836102887266,298.6039129386671
2017-08-02 02:00:00,3,299.9420246473549,298.55826895110806
2017-08-02 02:15:00,3,299.8992543605305,298.5120774474735
2017-08-02 02:30:00,3,299.85526119071386,298.4650197199652
2017-08-02 02:45:00,3,299.81097547240364,298.4176292734499
2017-08-02 03:00:00,3,299.7675600565706,298.3709899713924
2017-08-02 03:15:00,3,299.7257690699052,298.32611346672167
2017-08-02 03:30:00,3,299.68582507242354,298.28345012449313
2017-08-02 03:45:00,3,299.6473116902259,298.2426601048541
2017-08-02 04:00:00,3,299.6095544748135,298.2028342612025
2017-08-02 04:15:00,3,299.5720409720636,298.16300151313146
2017-08-02 04:30:00,3,299.5345092496648,298.12253260271257
2017-08-02 04:45:00,3,299.4967696107832,298.08125847956086
2017-08-02 05:00:00,3,299.45866221424797,298.03931889770206
2017-08-02 05:15:00,3,299.420118576358,297.9969575198454
2017-08-02 05:30:00,3,299.38200392667216,297.9551800884021
2017-08-02 05:45:00,3,299.34959004024245,297.9185982458059
2017-08-02 06:00:00,3,299.33224440123155,297.89494240857107
2017-08-02 06:15:00,3,299.33354816627,297.8896783561074
2017-08-02 06:30:00,3,299.35188015660964,297.90331538019007
2017-08-02 06:45:00,3,299.3852680984806,297.9337894490804
2017-08-02 07:00:00,3,299.4320239442761,297.978882821116
2017-08-02 07:15:00,3,299.4896359800286,298.0362447314162
2017-08-02 07:30:00,3,299.55564425514115,298.1024806064761
2017-08-02 07:45:00,3,299.6289094780896,298.1756549927395
2017-08-02 08:00:00,3,299.70943623568684,298.2518093158278
2017-08-02 08:15:00,3,299.7977156780915,298.3255314771184
2017-08-02 08:30:00,3,299.8943855783215,298.4048027991103
2017-08-02 08:45:00,3,299.9988751731968,298.4957246424047
2017-08-02 09:00:00,3,300.1092203456983,298.59924271610384
2017-08-02 09:15:00,3,300.2229256124578,298.7142717792274
2017-08-02 09:30:00,3,300.33818976696347,298.8428100342922
2017-08-02 09:45:00,3,300.4546384513133,298.9782345117988
2017-08-02 10:00:00,3,300.572588648706,299.11493344845945
2017-08-02 10:15:00,3,300.6920378442728,299.2510925575482
2017-08-02 10:30:00,3,300.8125988843433,299.38707541945
2017-08-02 10:45:00,3,300.93382943472034,299.5234102120576
2017-08-02 11:00:00,3,301.0553637462969,299.659993486584
2017-08-02 11:15:00,3,301.17674946836325,299.79619620085344
2017-08-02 11:30:00,3,301.2972266678684,299.9311245749985
2017-08-02 11:45:00,3,301.4152981001673,300.0636067543036
2017-08-02 12:00:00,3,301.52927575380045,300.1922991561854
2017-08-02 12:15:00,3,301.6379155016162,300.31602516912733
2017-08-02 12:30:00,3,301.7405138429585,300.4340476037788
2017-08-02 12:45:00,3,301.83620745836146,300.54584228594985
2017-08-02 13:00:00,3,301.9237988575518,300.6507874001195
2017-08-02 13:15:00,3,302.00227081748307,300.74818275156804
2017-08-02 13:30:00,3,302.0715283321177,300.8377323950853
2017-08-02 13:45:00,3,302.13323809415493,300.92016674478947
2017-08-02 14:00:00,3,302.18947312387513,300.99693635339565
2017-08-02 14:15:00,3,302.2407479186949,301.06896499890627
2017-08-02 14:30:00,3,302.2870551176838,301.13619574224714
2017-08-02 14:45:00,3,302.329547156952,301.19866508025575
2017-08-02 15:00:00,3,302.3692684650654,301.2571595747321
2017-08-02 15:15:00,3,302.4062719853554,301.31228017401327
2017-08-02 15:30:00,3,302.4407164934433,301.36421559037
2017-08-02 15:45:00,3,302.4725557788365,301.4129862876588
2017-08-02 16:00:00,3,302.5006240383814,301.45799882813674
2017-08-02 16:15:00,3,302.52339147095387,301.49785878598107
2017-08-02 16:30:00,3,302.53958197291314,301.5309805031759
2017-08-02 16:45:00,3,302.5487407582456,301.55620625594145
2017-08-02 17:00:00,3,302.55146145550833,301.57310766432664
2017-08-02 17:15:00,3,302.54745078494597,301.5814016671102
2017-08-02 17:30:00,3,302.53560488715704,301.5802057740399
2017-08-02 17:45:00,3,302.5145451985922,301.56824663426966
2017-08-02 18:00:00,3,302.4823108405521,301.54383304288956
2017-08-02 18:15:00,3,302.4359432854027,301.50463009276064
2017-08-02 18:30:00,3,302.3737554862353,301.4486743794996
2017-08-02 18:45:00,3,302.2955133985005,301.37506145890825
2017-08-02 19:00:00,3,302.198898948158,301.28160082430253
2017-08-02 19:15:00,3,302.0795751659004,301.1654687726136
2017-08-02 19:30:00,3,301.94293780732613,301.0296661687902
2017-08-02 19:45:00,3,301.79985337122037,300.8838906222607
2017-08-02 20:00:00,3,301.65837921693253,300.73659085539566
2017-08-02 20:15:00,3,301.5225672236106,300.5941791030554
2017-08-02 20:30:00,3,301.3940885900004,300.4572674426631
2017-08-02 20:45:00,3,301.273869082366,300.32625527954593
2017-08-02 21:00:00,3,301.1623339863693,300.2020633355958
2017-08-02 21:15:00,3,301.05931444061,300.0834625277456
2017-08-02 21:30:00,3,300.96419018161265,299.9702503102038
2017-08-02 21:45:00,3,300.875999652768,299.8626812931219
2017-08-02 22:00:00,3,300.7936976833562,299.7605961766775
2017-08-02 22:15:00,3,300.7163702207305,299.6632908459138
2017-08-02 22:30:00,3,300.64339931546186,299.56991764871555
2017-08-02 22:45:00,3,300.57466361289966,299.47978527161314
2017-08-02 23:00:00,3,300.5101793092628,299.39307410934595
2017-08-02 23:15:00,3,300.4498054978302,299.31448812716667
2017-08-02 23:30:00,3,300.3931331528456,299.24440359720285
2017-08-02 23:45:00,3,300.3393411416459,299.18039037596026
2017-08-03 00:00:00,3,300.28757249458215,299.11999421288465
2017-08-03 00:15:00,3,300.2372156182259,299.0618590076038
2017-08-03 00:30:00,3,300.18789639600595,299.0054918272187
2017-08-03 00:45:00,3,300.139427873658,298.9507216746206
2017-08-03 01:00:00,3,300.09170826151836,298.89740018870964
2017-08-03 01:15:00,3,300.0446516836111,298.8453528004232
2017-08-03 01:30:00,3,299.9982137643563,298.79441358023496
2017-08-03 01:45:00,3,299.9523985706246,298.7443928916938
2017-08-03 02:00:00,3,299.9071128697571,298.69497040514705
2017-08-03 02:15:00,3,299.862213405542,298.6456908383787
2017-08-03 02:30:00,3,299.8177609806688,298.5962996784287
2017-08-03 02:45:00,3,299.77430113598524,298.5472237059122
2017-08-03 03:00:00,3,299.73254359526624,298.4995274099687
2017-08-03 03:15:00,3,299.69300566148695,298.45437127461435
2017-08-03 03:30:00,3,299.6558379402949,298.4123867094972
2017-08-03 03:45:00,3,299.6206307751237,298.3733114153708
2017-08-03 04:00:00,3,299.58674728134434,298.336221347646
2017-08-03 04:15:00,3,299.553712589585,298.30013196658626
2017-08-03 04:30:00,3,299.52132071878475,298.26446961995237
2017-08-03 04:45:00,3,299.4895733699394,298.2291765382748
2017-08-03 05:00:00,3,299.4585266825525,298.1946013374044
2017-08-03 05:15:00,3,299.4282252196698,298.16100150321506
2017-08-03 05:30:00,3,299.39934368790546,298.129077441976
2017-08-03 05:45:00,3,299.3759112447159,298.10224765489113
2017-08-03 06:00:00,3,299.3651153814766,298.0865165938017
2017-08-03 06:15:00,3,299.3696126431858,298.0862380545585
2017-08-03 06:30:00,3,299.3882922784984,298.1021103012477
2017-08-03 06:45:00,3,299.4205177494285,298.13307576895346
2017-08-03 07:00:00,3,299.4653331237843,298.1778007860665
2017-08-03 07:15:00,3,299.52009083921905,298.2338297842625
2017-08-03 07:30:00,3,299.5818130734268,298.2976572186151
2017-08-03 07:45:00,3,299.6487924390043,298.36603514860224
2017-08-03 08:00:00,3,299.720674244842,298.4357885495372
2017-08-03 08:15:00,3,299.79825090137183,298.5012126368819
2017-08-03 08:30:00,3,299.88272269530506,298.56986216391
2017-08-03 08:45:00,3,299.97332427767964,298.64772070951983
2017-08-03 09:00:00,3,300.0671491517614,298.7353069099827
2017-08-03 09:15:00,3,300.1609766418603,298.8302630880024
2017-08-03 09:30:00,3,300.25324850785387,298.93172248404795
2017-08-03 09:45:00,3,300.3460295832648,299.0418343810334
2017-08-03 10:00:00,3,300.4429181465973,299.15688542082967
2017-08-03 10:15:00,3,300.54644422119605,299.2745638052212
2017-08-03 10:30:00,3,300.6574107811524,299.39583124001535
2017-08-03 10:45:00,3,300.77431757285837,299.52160546466706
2017-08-03 11:00:00,3,300.894244049238,299.6510925375907
2017-08-03 11:15:00,3,301.0143615369166,299.78210923925025
2017-08-03 11:30:00,3,301.1321124272996,299.91201741054283
2017-08-03 11:45:00,3,301.24428424044044,300.0380245080615
2017-08-03 12:00:00,3,301.3479617057483,300.157445623925
2017-08-03 12:15:00,3,301.44151193344965,300.26824593079255
2017-08-03 12:30:00,3,301.52574589095826,300.3701989814729
2017-08-03 12:45:00,3,301.6054271782879,300.4659900206031
2017-08-03 13:00:00,3,301.68572397187364,300.56028231582377
2017-08-03 13:15:00,3,301.76945262649286,300.657427865414
2017-08-03 13:30:00,3,301.857293929087,300.75971181956606
2017-08-03 13:45:00,3,301.94853838553536,300.86708119321816
2017-08-03 14:00:00,3,302.0420766774434,300.97803920252824
2017-08-03 14:15:00,3,302.13673807122274,301.0906822279813
2017-08-03 14:30:00,3,302.2311702711812,301.2031852117703
2017-08-03 14:45:00,3,302.3233025154305,301.3136641695789
2017-08-03 15:00:00,3,302.41071432687505,301.42002001193225
2017-08-03 15:15:00,3,302.4912878875283,301.5201582809901
2017-08-03 15:30:00,3,302.5634020852319,301.6121797763605
2017-08-03 15:45:00,3,302.62557907832985,301.6941788597131
2017-08-03 16:00:00,3,302.6765981042399,301.7647361335779
2017-08-03 16:15:00,3,302.7150153796015,301.82260931515543
2017-08-03 16:30:00,3,302.7400911627026,301.866745063502
2017-08-03 16:45:00,3,302.7529127782954,301.8971541459246
2017-08-03 17:00:00,3,302.7555492075665,301.91518106597135
2017-08-03 17:15:00,3,302.7491800030789,301.9223755007364
2017-08-03 17:30:00,3,302.73390681681127,301.9193475521787
2017-08-03 17:45:00,3,302.70914954719706,301.90571963358303
2017-08-03 18:00:00,3,302.6735796392378,301.8802151066948
2017-08-03 18:15:00,3,302.62512031824576,301.8408380905403
2017-08-03 18:30:00,3,302.56241759383573,301.78575178564216
2017-08-03 18:45:00,3,302.4844064603012,301.7134613991416
2017-08-03 19:00:00,3,302.38809541711686,301.6212422532475
2017-08-03 19:15:00,3,302.27113972599767,301.506896638386
2017-08-03 19:30:00,3,302.1397122259542,301.3745710100149
2017-08-03 19:45:00,3,302.00326861254024,301.2330632555016
2017-08-03 20:00:00,3,301.8682054413541,301.09070722552957
2017-08-03 20:15:00,3,301.7375261992124,300.9539217107811
2017-08-03 20:30:00,3,301.61245836070276,300.8237886081097
2017-08-03 20:45:00,3,301.4939542540746,300.7003052488266
2017-08-03 21:00:00,3,301.3826271668676,300.58114906348095
2017-08-03 21:15:00,3,301.27849545365774,300.4665970448516
2017-08-03 21:30:00,3,301.18126573153495,300.35541963768594
2017-08-03 21:45:00,3,301.09077192357853,300.2480909564375
2017-08-03 22:00:00,3,301.0068678347804,300.14576318648744
2017-08-03 22:15:00,3,300.9292068598361,300.0491975195393
2017-08-03 22:30:00,3,300.8571822690584,299.95839033974784
2017-08-03 22:45:00,3,300.78986062806825,299.8726350227886
2017-08-03 23:00:00,3,300.72624571892993,299.790819606612
2017-08-03 23:15:00,3,300.6655312903968,299.71172844814794
2017-08-03 23:30:00,3,300.6072200742825,299.63400809731405
2017-08-03 23:45:00,3,300.5512170768406,299.560619599401
2017-08-04 00:00:00,3,300.4974931073969,299.4931388365475
2017-08-04 00:15:00,3,300.44587362350927,299.43055094240776
2017-08-04 00:30:00,3,300.3961182554686,299.3710997969687
2017-08-04 00:45:00,3,300.3480850536667,299.31364316892547
2017-08-04 01:00:00,3,300.30171546907434,299.2577909674061
2017-08-04 01:15:00,3,300.2569786557744,299.20350221428316
2017-08-04 01:30:00,3,300.21391871138405,299.15086471549233
2017-08-04 01:45:00,3,300.1726827836815,299.1000981538664
2017-08-04 02:00:00,3,300.1333878939233,299.0515057894358
2017-08-04 02:15:00,3,300.0960474169836,299.0053376709405
2017-08-04 02:30:00,3,300.0605837573968,298.9616793216233
2017-08-04 02:45:00,3,300.0268496600723,298.92044941114233
2017-08-04 03:00:00,3,299.9946698200024,298.8814660162743
2017-08-04 03:15:00,3,299.9638749034851,298.8445174264345
2017-08-04 03:30:00,3,299.93431279921174,298.8094028773548
2017-08-04 03:45:00,3,299.9058520413197,298.77605021163413
2017-08-04 04:00:00,3,299.8783820316474,298.74429747194563
2017-08-04 04:15:00,3,299.8518104380807,298.7139419225717
2017-08-04 04:30:00,3,299.8260995296941,298.684892048759
2017-08-04 04:45:00,3,299.80137282324233,298.65728824120174
2017-08-04 05:00:00,3,299.7778610330733,298.63147646409175
2017-08-04 05:15:00,3,299.75577617662464,298.6078420919816
2017-08-04 05:30:00,3,299.7353099017314,298.5866472483233
2017-08-04 05:45:00,3,299.7166338621672,298.56785640117346
2017-08-04 06:00:00,3,299.70000381584936,298.551395308528
2017-08-04 06:15:00,3,299.68691866303055,298.5380081715515
2017-08-04 06:30:00,3,299.67964610164404,298.52953183776896
2017-08-04 06:45:00,3,299.6801462854489,298.5282585582333
2017-08-04 07:00:00,3,299.69030551951306,298.5367159249546
2017-08-04 07:15:00,3,299.71333799384536,298.5581519594679
2017-08-04 07:30:00,3,299.752239475224,298.5957974232354
2017-08-04 07:45:00,3,299.8089000378401,298.6515628576434
2017-08-04 08:00:00,3,299.8833666916706,298.72355266743347
2017-08-04 08:15:00,3,299.97354493613346,298.80447082574034
2017-08-04 08:30:00,3,300.0769319436413,298.8867571402223
2017-08-04 08:45:00,3,300.19107494834475,298.9810574655971
2017-08-04 09:00:00,3,300.31341206288005,299.0933635478004
2017-08-04 09:15:00,3,300.44038554302597,299.2238215589643
2017-08-04 09:30:00,3,300.5679327505597,299.3718272938165
2017-08-04 09:45:00,3,300.69282816990415,299.524361827114
2017-08-04 10:00:00,3,300.81317669871163,299.6714098595054
2017-08-04 10:15:00,3,300.92810574577,299.80977585994816
2017-08-04 10:30:00,3,301.0373668832654,299.94031341204675
2017-08-04 10:45:00,3,301.1409872762736,300.06454559712284
2017-08-04 11:00:00,3,301.23878076692944,300.1829955645744
2017-08-04 11:15:00,3,301.3300596650072,300.2952202472767
2017-08-04 11:30:00,3,301.4146490872336,300.40061473959463
2017-08-04 11:45:00,3,301.4922678506468,300.4987055848512
2017-08-04 12:00:00,3,301.5628259417906,300.5892089055909
2017-08-04 12:15:00,3,301.62715033545265,300.6723456534211
2017-08-04 12:30:00,3,301.68613337234217,300.7486267772813
2017-08-04 12:45:00,3,301.7397328499051,300.81841138787564
2017-08-04 13:00:00,3,301.7887547403169,300.88234565424045
2017-08-04 13:15:00,3,301.8355276758874,300.94211423306564
2017-08-04 13:30:00,3,301.883446871356,301.00087514065194
2017-08-04 13:45:00,3,301.9367489035831,301.063006828932
2017-08-04 14:00:00,3,301.99802645229715,301.13233240783177
2017-08-04 14:15:00,3,302.06601195779496,301.2098418885409
2017-08-04 14:30:00,3,302.13716013099463,301.2931457717824
2017-08-04 14:45:00,3,302.20736103730854,301.37786123409
2017-08-04 15:00:00,3,302.2732492876196,301.4596084944116
2017-08-04 15:15:00,3,302.332481893826,301.5352294612408
2017-08-04 15:30:00,3,302.3837829369203,301.6027668000645
2017-08-04 15:45:00,3,302.4271696348633,301.6616607959149
2017-08-04 16:00:00,3,302.4630038041151,301.7121342837352
2017-08-04 16:15:00,3,302.4910491591041,301.7542348649206
2017-08-04 16:30:00,3,302.51082513587846,301.78747636867433
2017-08-04 16:45:00,3,302.52227523612396,301.8115805434886
2017-08-04 17:00:00,3,302.5261431965271,301.8268339793279
2017-08-04 17:15:00,3,302.52275183850475,301.83340602573014
2017-08-04 17:30:00,3,302.5116523700757,301.8309756873178
2017-08-04 17:45:00,3,302.49212917222576,301.81903579166953
2017-08-04 18:00:00,3,302.46363681395735,301.797005242739
2017-08-04 18:15:00,3,302.42450961734465,301.7636881118682
2017-08-04 18:30:00,3,302.372851479229,301.7173390994632
2017-08-04 18:45:00,3,302.30683528397503,301.6558026338076
2017-08-04 19:00:00,3,302.22331427391913,301.57582872511995
2017-08-04 19:15:00,3,302.1202802245783,301.47536136686483
2017-08-04 19:30:00,3,302.0038868551354,301.35775206052983
2017-08-04 19:45:00,3,301.8830559189305,301.2312431355788
2017-08-04 20:00:00,3,301.76361732895697,301.1041783225708
2017-08-04 20:15:00,3,301.64821256195074,300.97996304087735
2017-08-04 20:30:00,3,301.5378436043182,300.86091394084013
2017-08-04 20:45:00,3,301.4332217045952,300.7474908433477
2017-08-04 21:00:00,3,301.3348135617739,300.63857607183434
2017-08-04 21:15:00,3,301.2426420604494,300.53441560818703
2017-08-04 21:30:00,3,301.15634445201835,300.43386124404844
2017-08-04 21:45:00,3,301.0752530784765,300.3366193673424
2017-08-04 22:00:00,3,300.99863930727565,300.24286254685194
2017-08-04 22:15:00,3,300.92586268174375,300.1526182943694
2017-08-04 22:30:00,3,300.856596894095,300.0657264866315
2017-08-04 22:45:00,3,300.7911952134401,299.9821744569703
2017-08-04 23:00:00,3,300.7301188359002,299.90212593868876
2017-08-04 23:15:00,3,300.6734866289296,299.82539787311947
2017-08-04 23:30:00,3,300.6209885533019,299.7551788904837
2017-08-04 23:45:00,3,300.57176974798665,299.69263221821893
2017-08-05 00:00:00,3,300.5248807478948,299.6360235169819
2017-08-05 00:15:00,3,300.4796293979731,299.58299220303525
2017-08-05 00:30:00,3,300.4356707101874,299.53211281119786
2017-08-05 00:45:00,3,300.3930726515678,299.48302324296395
2017-08-05 01:00:00,3,300.3519793605138,299.43583556056586
2017-08-05 01:15:00,3,300.3123936665435,299.39061868111787
2017-08-05 01:30:00,3,300.2741545463822,299.3471828734512
2017-08-05 01:45:00,3,300.23689122390675,299.3050619196192
2017-08-05 02:00:00,3,300.2001697762823,299.26361701469983
2017-08-05 02:15:00,3,300.16366583565826,299.2222042030904
2017-08-05 02:30:00,3,300.1272717597833,299.1804608939453
2017-08-05 02:45:00,3,300.0911650851,299.13863823092646
2017-08-05 03:00:00,3,300.05567864488233,299.0975405273448
2017-08-05 03:15:00,3,300.0211083759287,299.0580716648138
2017-08-05 03:30:00,3,299.98763691704715,299.020796272063
2017-08-05 03:45:00,3,299.95531970451447,298.98585275763486
2017-08-05 04:00:00,3,299.9240198742509,298.9528163379977
2017-08-05 04:15:00,3,299.8935238809113,298.9210172359319
2017-08-05 04:30:00,3,299.86366183698243,298.8898867757356
2017-08-05 04:45:00,3,299.83422697415966,298.85900127561683
2017-08-05 05:00:00,3,299.80503103987564,298.82802297297826
2017-08-05 05:15:00,3,299.77601389383364,298.7967506536335
2017-08-05 05:30:00,3,299.747933876984,298.7657966999373
2017-08-05 05:45:00,3,299.7248674550476,298.7385573951992
2017-08-05 06:00:00,3,299.71386237702734,298.7211112353272
2017-08-05 06:15:00,3,299.7181143556012,298.718309698119
2017-08-05 06:30:00,3,299.7370368546141,298.73143238423404
2017-08-05 06:45:00,3,299.7697735433487,298.759647308205
2017-08-05 07:00:00,3,299.81568361270655,298.80156442002425
2017-08-05 07:15:00,3,299.8727278243423,298.85469517707423
2017-08-05 07:30:00,3,299.93831972116953,298.91900213902994
2017-08-05 07:45:00,3,300.01048958546124,298.99087239646224
2017-08-05 08:00:00,3,300.08792818224913,299.0615681237101
2017-08-05 08:15:00,3,300.1700840438397,299.1317849660255
2017-08-05 08:30:00,3,300.2573214471305,299.20767761733566
2017-08-05 08:45:00,3,300.3504230604202,299.29344020554913
2017-08-05 09:00:00,3,300.44937636375084,299.3904478372113
2017-08-05 09:15:00,3,300.5532361420875,299.5036311131255
2017-08-05 09:30:00,3,300.6607973743965,299.6271769983861
2017-08-05 09:45:00,3,300.7710363502592,299.75450416944983
2017-08-05 10:00:00,3,300.88315576000866,299.882253663346
2017-08-05 10:15:00,3,300.9963708868555,300.00970629121485
2017-08-05 10:30:00,3,301.10955121406147,300.13678486523884
2017-08-05 10:45:00,3,301.22127707581393,300.2628532546304
2017-08-05 11:00:00,3,301.33029574111254,300.3867295753536
2017-08-05 11:15:00,3,301.43560935096167,300.50717869225167
2017-08-05 11:30:00,3,301.5364615646267,300.6232392458274
2017-08-05 11:45:00,3,301.6322734490623,300.7342907453735
2017-08-05 12:00:00,3,301.7226528298709,300.83997806808185
2017-08-05 12:15:00,3,301.80739694338854,300.9401410183632
2017-08-05 12:30:00,3,301.8869895862973,301.0351218244838
2017-08-05 12:45:00,3,301.96331346835456,301.12616575920606
2017-08-05 13:00:00,3,302.0382392902823,301.2150748867561
2017-08-05 13:15:00,3,302.112578191423,301.30336837042495
2017-08-05 13:30:00,3,302.1864135588587,301.3917895759254
2017-08-05 13:45:00,3,302.25963786165136,301.480420544746
2017-08-05 14:00:00,3,302.3318995871081,301.56890241875556
2017-08-05 14:15:00,3,302.40204552917197,301.6562850033324
2017-08-05 14:30:00,3,302.46904267109784,301.74107655620344
2017-08-05 14:45:00,3,302.5315734855564,301.82160281665017
2017-08-05 15:00:00,3,302.5874999218952,301.8960348914179
2017-08-05 15:15:00,3,302.6351306221115,301.9625869617815
2017-08-05 15:30:00,3,302.6739899207716,302.0202697914624
2017-08-05 15:45:00,3,302.7044940510589,302.0690723656582
2017-08-05 16:00:00,3,302.72770413428907,302.1095863254241
2017-08-05 16:15:00,3,302.7450903785525,302.14252108914224
2017-08-05 16:30:00,3,302.75709714485725,302.1684749348913
2017-08-05 16:45:00,3,302.76326795658633,302.187610254301
2017-08-05 17:00:00,3,302.76422851516963,302.2000987992028
2017-08-05 17:15:00,3,302.7604446752915,302.2062151731102
2017-08-05 17:30:00,3,302.7509914814836,302.20568674474015
2017-08-05 17:45:00,3,302.7348560249171,302.1976679390176
2017-08-05 18:00:00,3,302.71072378959667,302.1806823744641
2017-08-05 18:15:00,3,302.6758103160909,302.1522641994997
2017-08-05 18:30:00,3,302.6272506347154,302.10943501544546
2017-08-05 18:45:00,3,302.5625881282814,302.0493503773452
2017-08-05 19:00:00,3,302.47786962967143,301.96783529021224
2017-08-05 19:15:00,3,302.3682586118175,301.8611006776437
2017-08-05 19:30:00,3,302.2398271162255,301.7321103347474
2017-08-05 19:45:00,3,302.10457840339484,301.5910218795687
2017-08-05 20:00:00,3,301.971413950454,301.44768560034163
2017-08-05 20:15:00,3,301.8447947597851,301.3091645895995
2017-08-05 20:30:00,3,301.7262689705212,301.1799317192331
2017-08-05 20:45:00,3,301.61579014921233,301.0586608725076
2017-08-05 21:00:00,3,301.512683617081,300.943830352352
2017-08-05 21:15:00,3,301.41613221027444,300.8352890619802
2017-08-05 21:30:00,3,301.32538589768967,300.7307174182774
2017-08-05 21:45:00,3,301.23986919346066,300.6292761322111
2017-08-05 22:00:00,3,301.1590132875158,300.5310150029697
2017-08-05 22:15:00,3,301.0822041420504,300.43593991208866
2017-08-05 22:30:00,3,301.00903323703454,300.34382885777126
2017-08-05 22:45:00,3,300.9397252534358,300.25459932835577
2017-08-05 23:00:00,3,300.8746989120193,300.16840899344953
2017-08-05 23:15:00,3,300.814108860891,300.0850196193375
2017-08-05 23:30:00,3,300.7577160683476,300.0087706135671
2017-08-05 23:45:00,3,300.70477537119734,299.9408455321941
2017-08-06 00:00:00,3,300.6544320558637,299.8792401003088
2017-08-06 00:15:00,3,300.60602612864005,299.82149427656566
2017-08-06 00:30:00,3,300.5592220122261,299.7662380941281
2017-08-06 00:45:00,3,300.5141135483348,299.713202945581
2017-08-06 01:00:00,3,300.4708720405125,299.66256509500283
2017-08-06 01:15:00,3,300.42952847511145,299.6144188595563
2017-08-06 01:30:00,3,300.38983019323894,299.56850307941295
2017-08-06 01:45:00,3,300.3509460767991,299.5240412000933
2017-08-06 02:00:00,3,300.31194851521815,299.47991800931294
2017-08-06 02:15:00,3,300.2723105269515,299.4351324373515
2017-08-06 02:30:00,3,300.2320339874348,299.389300372352
2017-08-06 02:45:00,3,300.19181317387796,299.34297738505137
2017-08-06 03:00:00,3,300.1525560138784,299.2973959221935
2017-08-06 03:15:00,3,300.1149321539628,299.2538217190755
2017-08-06 03:30:00,3,300.079079142621,299.21285503908825
2017-08-06 03:45:00,3,300.04420195143786,299.1739635083484
2017-08-06 04:00:00,3,300.0092068126502,299.13579597361854
2017-08-06 04:15:00,3,299.9733595990707,299.09699351948376
2017-08-06 04:30:00,3,299.9365254755174,299.0569155324232
2017-08-06 04:45:00,3,299.8993189943197,299.0159072707178
2017-08-06 05:00:00,3,299.8625519065216,298.9749121376827
2017-08-06 05:15:00,3,299.82680600460094,298.9348763593441
2017-08-06 05:30:00,3,299.7932100987812,298.897143804543
2017-08-06 05:45:00,3,299.7665775104862,298.8658909424531
2017-08-06 06:00:00,3,299.75495959220524,298.84776393406366
2017-08-06 06:15:00,3,299.7614166425153,298.84749573781625
2017-08-06 06:30:00,3,299.78450826763157,298.86555568600403
2017-08-06 06:45:00,3,299.8225226943531,298.90004992121817
2017-08-06 07:00:00,3,299.8742634287492,298.9489996739435
2017-08-06 07:15:00,3,299.93783741883266,299.0100399135961
2017-08-06 07:30:00,3,300.01096377813536,299.0811695787698
2017-08-06 07:45:00,3,300.09131628534743,299.15998383514216
2017-08-06 08:00:00,3,300.177140957628,299.2395364972827
2017-08-06 08:15:00,3,300.26797420664,299.31733982099263
2017-08-06 08:30:00,3,300.36400586262323,299.4001256499437
2017-08-06 08:45:00,3,300.46561797105346,299.4928483876229
2017-08-06 09:00:00,3,300.5729922594964,299.5972038021458
2017-08-06 09:15:00,3,300.68570125168446,299.71918764576037
2017-08-06 09:30:00,3,300.80302284643994,299.8525869086548
2017-08-06 09:45:00,3,300.9242523090907,299.99060107142213
2017-08-06 10:00:00,3,301.048264905539,300.12964572418605
2017-08-06 10:15:00,3,301.173599477386,300.2686472333258
2017-08-06 10:30:00,3,301.29909467013067,300.40734222330997
2017-08-06 10:45:00,3,301.4244351224884,300.54555225158003
2017-08-06 11:00:00,3,301.5497450449766,300.68311888421306
2017-08-06 11:15:00,3,301.6749494079452,300.81983535538706
2017-08-06 11:30:00,3,301.7994928951717,300.9552690021261
2017-08-06 11:45:00,3,301.9219884862405,301.08854124957764
2017-08-06 12:00:00,3,302.0407721456305,301.2184476880622
2017-08-06 12:15:00,3,302.15455572984047,301.3438676897308
2017-08-06 12:30:00,3,302.26273915602275,301.4642172565506
2017-08-06 12:45:00,3,302.36504826406707,301.5794383498604
2017-08-06 13:00:00,3,302.4609026248953,301.68955961919426
2017-08-06 13:15:00,3,302.5495209386626,301.794368520552
2017-08-06 13:30:00,3,302.63046422705145,301.8934902337619
2017-08-06 13:45:00,3,302.7041034888128,301.9867556949701
2017-08-06 14:00:00,3,302.7711180695143,302.0742492005354
2017-08-06 14:15:00,3,302.83186502474933,302.155998642177
2017-08-06 14:30:00,3,302.8863622454551,302.2317403865935
2017-08-06 14:45:00,3,302.93445495877654,302.3009492774038
2017-08-06 15:00:00,3,302.9759670786621,302.3629873497673
2017-08-06 15:15:00,3,303.0105553255437,302.4173533227323
2017-08-06 15:30:00,3,303.0382950659547,302.46398101791226
2017-08-06 15:45:00,3,303.0606159762259,302.5038027546542
2017-08-06 16:00:00,3,303.0790266974495,302.5382909528826
2017-08-06 16:15:00,3,303.09383638307685,302.5682980539342
2017-08-06 16:30:00,3,303.1045733725492,302.5936478946874
2017-08-06 16:45:00,3,303.1107507436946,302.61379495991184
2017-08-06 17:00:00,3,303.1125900805367,302.6280712858006
2017-08-06 17:15:00,3,303.1101432587894,302.6361422902109
2017-08-06 17:30:00,3,303.10298118030465,302.6377539297679
2017-08-06 17:45:00,3,303.0904146167631,302.6326028885042
2017-08-06 18:00:00,3,303.07102922690746,302.6196678584575
2017-08-06 18:15:00,3,303.041563135136,302.59641039023575
2017-08-06 18:30:00,3,302.9985664713251,302.55932197873904
2017-08-06 18:45:00,3,302.93901696695116,302.50480957639684
2017-08-06 19:00:00,3,302.85829492718483,302.42776553429604
2017-08-06 19:15:00,3,302.75115247812846,302.32368083753363
2017-08-06 19:30:00,3,302.62433787335937,302.19560906115106
2017-08-06 19:45:00,3,302.4905540751261,302.0539117610733
2017-08-06 20:00:00,3,302.3589262160704,301.91094008031723
2017-08-06 20:15:00,3,302.23396563957243,301.77399538112303
2017-08-06 20:30:00,3,302.11714120997465,301.6454965780021
2017-08-06 20:45:00,3,302.00804558116295,301.5254828545901
2017-08-06 21:00:00,3,301.9055721771762,301.4132714551865
2017-08-06 21:15:00,3,301.80862920713264,301.30681835820354
2017-08-06 21:30:00,3,301.71630524391463,301.2041890209586
2017-08-06 21:45:00,3,301.6278639171116,301.10403399013524
2017-08-06 22:00:00,3,301.54269321371123,301.0049205730318
2017-08-06 22:15:00,3,301.46027419833484,300.90641352468697
2017-08-06 22:30:00,3,301.38033148483044,300.8086873270596
2017-08-06 22:45:00,3,301.30313947389817,300.7121876451172
2017-08-06 23:00:00,3,301.229112165445,300.617423573665
2017-08-06 23:15:00,3,301.1584223930429,300.5247153970262
2017-08-06 23:30:00,3,301.0910644691586,300.43387541611713
2017-08-06 23:45:00,3,301.0270401107778,300.34710994100493
2017-08-07 00:00:00,3,300.966282871728,300.2675964603808
2017-08-07 00:15:00,3,300.90862230184894,300.19491450267986
2017-08-07 00:30:00,3,300.8538698203959,300.127092888969
2017-08-07 00:45:00,3,300.8019324052102,300.0629581952538
2017-08-07 01:00:00,3,300.75282078000896,300.0025911703251
2017-08-07 01:15:00,3,300.7065367994008,299.9465440242999
2017-08-07 01:30:00,3,300.6630315482571,299.8950878629204
2017-08-07 01:45:00,3,300.6222565095177,299.84801964770895
2017-08-07 02:00:00,3,300.58408752941506,299.80483727661715
2017-08-07 02:15:00,3,300.5483110452737,299.76497585519854
2017-08-07 02:30:00,3,300.5145319644319,299.72782764550107
2017-08-07 02:45:00,3,300.4819347136418,299.6925921649286
2017-08-07 03:00:00,3,300.449660095871,299.658342781561
2017-08-07 03:15:00,3,300.41711758857275,299.62426961814094
2017-08-07 03:30:00,3,300.38401961785104,299.58983816757444
2017-08-07 03:45:00,3,300.35033893907865,299.5547340217775
2017-08-07 04:00:00,3,300.31609301564424,299.51869855104377
2017-08-07 04:15:00,3,300.2813331233532,299.4814960210361
2017-08-07 04:30:00,3,300.2463308130576,299.44314084540895
2017-08-07 04:45:00,3,300.21163726486077,299.4041279318143
2017-08-07 05:00:00,3,300.1777858105969,299.3652876789522
2017-08-07 05:15:00,3,300.1451272402018,299.3274315791576
2017-08-07 05:30:00,3,300.114589780133,299.29186465902757
2017-08-07 05:45:00,3,300.0906162368404,299.26231123054947
2017-08-07 06:00:00,3,300.0808722290487,299.24500230898093
2017-08-07 06:15:00,3,300.08864293634116,299.24475500612226
2017-08-07 06:30:00,3,300.1130329860417,299.26240805582665
2017-08-07 06:45:00,3,300.15222287782535,299.2961981448926
2017-08-07 07:00:00,3,300.2042683036879,299.3436550110819
2017-08-07 07:15:00,3,300.26656216873846,299.4022698960758
2017-08-07 07:30:00,3,300.3366318529475,299.4715743706878
2017-08-07 07:45:00,3,300.41300145521365,299.54805703151885
2017-08-07 08:00:00,3,300.4950711905919,299.623747137836
2017-08-07 08:15:00,3,300.58329324698633,299.69895805137884
2017-08-07 08:30:00,3,300.67887450242216,299.7810052271426
2017-08-07 08:45:00,3,300.7817844241866,299.87449346588664
2017-08-07 09:00:00,3,300.8904399559577,299.9808669131469
2017-08-07 09:15:00,3,301.00246764985786,300.10328510392856
2017-08-07 09:30:00,3,301.11584137550284,300.2340260614477
2017-08-07 09:45:00,3,301.2302022747968,300.3661211022493
2017-08-07 10:00:00,3,301.34621537792214,300.49729558261737
2017-08-07 10:15:00,3,301.4639258072346,300.62820291266803
2017-08-07 10:30:00,3,301.5827820274407,300.7597578866734
2017-08-07 10:45:00,3,301.7020816231135,300.89199207456136
2017-08-07 11:00:00,3,301.82108742000804,301.0242362199499
2017-08-07 11:15:00,3,301.9389721351636,301.1555969052764
2017-08-07 11:30:00,3,302.0544754236627,301.2849191552429
2017-08-07 11:45:00,3,302.16524952619574,301.410386283645
2017-08-07 12:00:00,3,302.2689990052512,301.5297805237165
2017-08-07 12:15:00,3,302.3643845482819,301.6412968366829
2017-08-07 12:30:00,3,302.45154702135477,301.74446645600784
2017-08-07 12:45:00,3,302.5325221144104,301.84056606146595
2017-08-07 13:00:00,3,302.60931768650045,301.9317647274461
2017-08-07 13:15:00,3,302.6825577269799,302.01972798142276
2017-08-07 13:30:00,3,302.752691738304,302.10534234736963
2017-08-07 13:45:00,3,302.82115269238705,302.1895374654172
2017-08-07 14:00:00,3,302.8889298864344,302.27332005718074
2017-08-07 14:15:00,3,302.9561135887052,302.3571280892219
2017-08-07 14:30:00,3,303.0222589652744,302.44055331655596
2017-08-07 14:45:00,3,303.0867907545364,302.5226699570871
2017-08-07 15:00:00,3,303.1491052162654,302.6024310451851
2017-08-07 15:15:00,3,303.2080859433262,302.678648534526
2017-08-07 15:30:00,3,303.2626237297561,302.7499044885502
2017-08-07 15:45:00,3,303.3110749173363,302.81461221523773
2017-08-07 16:00:00,3,303.3512517392487,302.8711075660471
2017-08-07 16:15:00,3,303.3813492851211,302.9175604247253
2017-08-07 16:30:00,3,303.40061710922,302.95259144913103
2017-08-07 16:45:00,3,303.4099633722396,302.9763570721614
2017-08-07 17:00:00,3,303.41136745349155,302.99029354706073
2017-08-07 17:15:00,3,303.4061262869121,302.9958319326013
2017-08-07 17:30:00,3,303.39463695553195,302.99367873301236
2017-08-07 17:45:00,3,303.3769637206764,302.98401464811343
2017-08-07 18:00:00,3,303.3522616026835,302.9661448984092
2017-08-07 18:15:00,3,303.31754459726477,302.9377644726377
2017-08-07 18:30:00,3,303.269374040603,302.8954497766092
2017-08-07 18:45:00,3,303.2045797466276,302.8355569075674
2017-08-07 19:00:00,3,303.1186435173403,302.75306977619624
2017-08-07 19:15:00,3,303.00676632229863,302.6438265250442
2017-08-07 19:30:00,3,302.87562982499475,302.5109917194966
2017-08-07 19:45:00,3,302.7373153878225,302.3651376946041
2017-08-07 20:00:00,3,302.60040861422044,302.21815806684776
2017-08-07 20:15:00,3,302.4691524561919,302.07566280506825
2017-08-07 20:30:00,3,302.3450845610229,301.9408284934231
2017-08-07 20:45:00,3,302.2283729003938,301.81518324232496
2017-08-07 21:00:00,3,302.1185645409019,301.6958728633897
2017-08-07 21:15:00,3,302.0149756313198,301.58129796748847
2017-08-07 21:30:00,3,301.9170250734509,301.47078319209385
2017-08-07 21:45:00,3,301.82458172226205,301.36324614216073
2017-08-07 22:00:00,3,301.73762389803915,301.2588180998947
2017-08-07 22:15:00,3,301.65593409756184,301.15818902077683
2017-08-07 22:30:00,3,301.5791288440897,301.06176834452566
2017-08-07 22:45:00,3,301.50675509345547,300.9694553182852
2017-08-07 23:00:00,3,301.43835083826554,300.8807958686446
2017-08-07 23:15:00,3,301.3734735680991,300.79511416675064
2017-08-07 23:30:00,3,301.31175626088975,300.7109834833046
2017-08-07 23:45:00,3,301.2530002681112,300.6338440220829
2017-08-08 00:00:00,3,301.19707002963565,300.5644403269009
2017-08-08 00:15:00,3,301.14377591875393,300.5007714017758
2017-08-08 00:30:00,3,301.0927975869094,300.4408647917522
2017-08-08 00:45:00,3,301.04354525712205,300.3835689281899
2017-08-08 01:00:00,3,300.9953366500632,300.3281664919355
2017-08-08 01:15:00,3,300.9476163907855,300.2740090106894
2017-08-08 01:30:00,3,300.9001587366366,300.22059686980356
2017-08-08 01:45:00,3,300.85339198138496,300.1678381044269
2017-08-08 02:00:00,3,300.80787947590676,300.1159494924059
2017-08-08 02:15:00,3,300.76395000086643,300.0651398953691
2017-08-08 02:30:00,3,300.72174770104294,300.01551741028356
2017-08-08 02:45:00,3,300.68114061098555,299.9672660237536
2017-08-08 03:00:00,3,300.6419915714466,299.92080159387297
2017-08-08 03:15:00,3,300.6042900108964,299.8766567982809
2017-08-08 03:30:00,3,300.56798957077365,299.83509935626574
2017-08-08 03:45:00,3,300.5327643982918,299.79574888091867
2017-08-08 04:00:00,3,300.4981409007571,299.7576644684734
2017-08-08 04:15:00,3,300.4638037783747,299.71986997709826
2017-08-08 04:30:00,3,300.4297537118344,299.6818687582947
2017-08-08 04:45:00,3,300.39624785452025,299.6438087473562
2017-08-08 05:00:00,3,300.3635710886034,299.60623205161295
2017-08-08 05:15:00,3,300.33194569178085,299.569732328718
2017-08-08 05:30:00,3,300.3022112300651,299.53551066346665
2017-08-08 05:45:00,3,300.2785336319607,299.5071722286602
2017-08-08 06:00:00,3,300.2679652684455,299.4905051752964
2017-08-08 06:15:00,3,300.27299662973775,299.4895681676588
2017-08-08 06:30:00,3,300.2921918573672,299.50468461946076
2017-08-08 06:45:00,3,300.3242076810317,299.534257140212
2017-08-08 07:00:00,3,300.3683079484968,299.57677119802
2017-08-08 07:15:00,3,300.4231657863967,299.63087291125476
2017-08-08 07:30:00,3,300.4871098615907,299.69396257000733
2017-08-08 07:45:00,3,300.5587733495648,299.76336428350737
2017-08-08 08:00:00,3,300.63757523732403,299.8354843363528
2017-08-08 08:15:00,3,300.7235772421352,299.9063192741083
2017-08-08 08:30:00,3,300.8172056111305,299.98304901952343
2017-08-08 08:45:00,3,300.9183381444017,300.0711098070049
2017-08-08 09:00:00,3,301.0259313826598,300.1716461720015
2017-08-08 09:15:00,3,301.1383374456347,300.2844476117838
2017-08-08 09:30:00,3,301.2541465337104,300.4116010664041
2017-08-08 09:45:00,3,301.37256344342575,300.5460406122435
2017-08-08 10:00:00,3,301.49316322389814,300.6818048376423
2017-08-08 10:15:00,3,301.6153924033714,300.816772384178
2017-08-08 10:30:00,3,301.7383372865425,300.9509595068833
2017-08-08 10:45:00,3,301.8604183450255,301.08431469161866
2017-08-08 11:00:00,3,301.97979744557193,301.2159283852974
2017-08-08 11:15:00,3,302.0948654977422,301.3444009532511
2017-08-08 11:30:00,3,302.2044452476127,301.4683882365154
2017-08-08 11:45:00,3,302.30765777029706,301.58686416212964
2017-08-08 12:00:00,3,302.4039348537984,301.69913031336307
2017-08-08 12:15:00,3,302.49303401135484,301.804768999248
2017-08-08 12:30:00,3,302.57543149708897,301.9038911143846
2017-08-08 12:45:00,3,302.65265193630574,301.99737119975043
2017-08-08 13:00:00,3,302.7261280684762,302.08650877156657
2017-08-08 13:15:00,3,302.796478086456,302.17239871933424
2017-08-08 13:30:00,3,302.8644970839996,302.2560183330544
2017-08-08 13:45:00,3,302.9320079187486,302.33884868409694
2017-08-08 14:00:00,3,303.00038150824696,302.42249214291576
2017-08-08 14:15:00,3,303.0699163722629,302.5077419280591
2017-08-08 14:30:00,3,303.1396702478169,302.5939170567456
2017-08-08 14:45:00,3,303.2068494011636,302.6786491798291
2017-08-08 15:00:00,3,303.268313019747,302.7587035700602
2017-08-08 15:15:00,3,303.321812702263,302.8312119131865
2017-08-08 15:30:00,3,303.36629520869366,302.8944540394376
2017-08-08 15:45:00,3,303.4019319255789,302.9480892394131
2017-08-08 16:00:00,3,303.42924304768155,302.9925552497025
2017-08-08 16:15:00,3,303.4475639504319,303.0278676365608
2017-08-08 16:30:00,3,303.45605437687783,303.0531007263787
2017-08-08 16:45:00,3,303.4550674992337,303.06745052251915
2017-08-08 17:00:00,3,303.4457109918023,303.0712080367771
2017-08-08 17:15:00,3,303.4287789715188,303.06517293156725
2017-08-08 17:30:00,3,303.4044976502992,303.04998035413934
2017-08-08 17:45:00,3,303.372940417077,303.02599368898495
2017-08-08 18:00:00,3,303.3334145938852,302.99276925401074
2017-08-08 18:15:00,3,303.28325130794025,302.94836403449295
2017-08-08 18:30:00,3,303.21985090137133,302.8901443401704
2017-08-08 18:45:00,3,303.1417322840315,302.81588296726676
2017-08-08 19:00:00,3,303.0456688350392,302.7222239786775
2017-08-08 19:15:00,3,302.92747462970124,302.6062044802264
2017-08-08 19:30:00,3,302.793544646812,302.47151879119303
2017-08-08 19:45:00,3,302.6543777810026,302.3261543272021
2017-08-08 20:00:00,3,302.516788997861,302.17984859667655
2017-08-08 20:15:00,3,302.3838881005914,302.03700401200314
2017-08-08 20:30:00,3,302.2568883400083,301.8990784977363
2017-08-08 20:45:00,3,302.13658591453554,301.7668302569955
2017-08-08 21:00:00,3,302.023364264084,301.6401795480605
2017-08-08 21:15:00,3,301.9170481140414,301.5171930725171
2017-08-08 21:30:00,3,301.817078938814,301.3974241599002
2017-08-08 21:45:00,3,301.7226928158613,301.2812873731229
2017-08-08 22:00:00,3,301.63314888316756,301.1689851358735
2017-08-08 22:15:00,3,301.54781606252027,301.06015367846067
2017-08-08 22:30:00,3,301.4663521846601,300.95403848164483
2017-08-08 22:45:00,3,301.3889988653722,300.85139822613735
2017-08-08 23:00:00,3,301.3160335538833,300.75774376074764
2017-08-08 23:15:00,3,301.24740515823504,300.67365211981377
2017-08-08 23:30:00,3,301.1828732405656,300.59672183666953
2017-08-08 23:45:00,3,301.12226808176894,300.5248705078875
2017-08-09 00:00:00,3,301.06546759131754,300.4573673488582
2017-08-09 00:15:00,3,301.01228970138465,300.39420040030274
2017-08-09 00:30:00,3,300.9624738710574,300.335335389075
2017-08-09 00:45:00,3,300.9156932103234,300.28048041999193
2017-08-09 01:00:00,3,300.87161641705035,300.2292085259404
2017-08-09 01:15:00,3,300.8299229012192,300.1810937270354
2017-08-09 01:30:00,3,300.7900694399459,300.1355542550762
2017-08-09 01:45:00,3,300.7507873662013,300.09152370402995
2017-08-09 02:00:00,3,300.7106975987169,300.0475943292672
2017-08-09 02:15:00,3,300.6689201509307,300.0025237417561
2017-08-09 02:30:00,3,300.6252768127381,299.9557550995191
2017-08-09 02:45:00,3,300.5806648957862,299.907735499489
2017-08-09 03:00:00,3,300.5363307446405,299.8596024846733
2017-08-09 03:15:00,3,300.4931131576477,299.8124915233491
2017-08-09 03:30:00,3,300.4514055910215,299.7670661244196
2017-08-09 03:45:00,3,300.41130274735167,299.7235014359335
2017-08-09 04:00:00,3,300.3727299584382,299.6816988738407
2017-08-09 04:15:00,3,300.33555125906287,299.641475852178
2017-08-09 04:30:00,3,300.29957573095265,299.60259748290383
2017-08-09 04:45:00,3,300.26448674238236,299.5646779193275
2017-08-09 05:00:00,3,300.2299688427522,299.5272211561441
2017-08-09 05:15:00,3,300.1958735180774,299.48985143443747
2017-08-09 05:30:00,3,300.1629098993421,299.4531300008789
2017-08-09 05:45:00,3,300.1354975764794,299.4210436283018
2017-08-09 06:00:00,3,300.12181836487935,299.40061329793036
2017-08-09 06:15:00,3,300.12541408237956,299.39713824735054
2017-08-09 06:30:00,3,300.1451932055458,299.4115385102356
2017-08-09 06:45:00,3,300.179756420631,299.442417930764
2017-08-09 07:00:00,3,300.2278943211536,299.48839584266756
2017-08-09 07:15:00,3,300.2873734121343,299.5472282903619
2017-08-09 07:30:00,3,300.35570614233427,299.6158567695579
2017-08-09 07:45:00,3,300.43090081720453,299.69079323712333
2017-08-09 08:00:00,3,300.51132737308086,299.768175475975
2017-08-09 08:15:00,3,300.5962585452538,299.83984074332596
2017-08-09 08:30:00,3,300.68577234664235,299.9127737088356
2017-08-09 08:45:00,3,300.7800955729171,299.99343982107627
2017-08-09 09:00:00,3,300.8793061398404,300.0837764085701
2017-08-09 09:15:00,3,300.98259047141823,300.18318642519563
2017-08-09 09:30:00,3,301.0887573240194,300.2918213796112
2017-08-09 09:45:00,3,301.1970260322025,300.4130389656324
2017-08-09 10:00:00,3,301.30675592964724,300.5404743531217
2017-08-09 10:15:00,3,301.4170680367288,300.66813803344326
2017-08-09 10:30:00,3,301.5269009435905,300.79371952630476
2017-08-09 10:45:00,3,301.63514110548005,300.916920299017
2017-08-09 11:00:00,3,301.7409273971499,301.03770196252003
2017-08-09 11:15:00,3,301.8435954483707,301.1556161652278
2017-08-09 11:30:00,3,301.9427601634356,301.27001953431454
2017-08-09 11:45:00,3,302.0385732808174,301.3805453628406
2017-08-09 12:00:00,3,302.13138365013793,301.4872202417966
2017-08-09 12:15:00,3,302.2213434756894,301.59024267957034
2017-08-09 12:30:00,3,302.30891882193123,301.69007996707916
2017-08-09 12:45:00,3,302.39516713434205,301.7876745980914
2017-08-09 13:00:00,3,302.4805099946338,301.8841642170569
2017-08-09 13:15:00,3,302.5645277669765,301.9803561396729
2017-08-09 13:30:00,3,302.64639568085784,302.0762839123987
2017-08-09 13:45:00,3,302.72510763690457,302.1711604948737
2017-08-09 14:00:00,3,302.7998324527792,302.26373607163293
2017-08-09 14:15:00,3,302.86984825781263,302.35268215342575
2017-08-09 14:30:00,3,302.934379627379,302.43671637893357
2017-08-09 14:45:00,3,302.9923931907362,302.51452470339035
2017-08-09 15:00:00,3,303.042957488428,302.5848391478807
2017-08-09 15:15:00,3,303.0853369734135,302.6466021245587
2017-08-09 15:30:00,3,303.1193017706987,302.6992724283907
2017-08-09 15:45:00,3,303.1455633617397,302.7432006893151
2017-08-09 16:00:00,3,303.16485671126156,302.7792585479652
2017-08-09 16:15:00,3,303.1763363892328,302.8075800452097
2017-08-09 16:30:00,3,303.17916249732536,302.8273576166724
2017-08-09 16:45:00,3,303.1745446756717,302.83815764460695
2017-08-09 17:00:00,3,303.1644478580224,302.8408551608754
2017-08-09 17:15:00,3,303.14999728770664,302.8365308245816
2017-08-09 17:30:00,3,303.13142748377646,302.8258139221392
2017-08-09 17:45:00,3,303.1088523939802,302.8092153011938
2017-08-09 18:00:00,3,303.0814291286636,302.786509556403
2017-08-09 18:15:00,3,303.04585295109274,302.75559403098634
2017-08-09 18:30:00,3,302.99855397418406,302.713040177883
2017-08-09 18:45:00,3,302.93631071433106,302.65514381974623
2017-08-09 19:00:00,3,302.8533947346851,302.5763903554481
2017-08-09 19:15:00,3,302.74334016326776,302.47228676580033
2017-08-09 19:30:00,3,302.6135063658888,302.3427798350456
2017-08-09 19:45:00,3,302.47628416927955,302.1974805061628
2017-08-09 20:00:00,3,302.33949392346415,302.0488820768056
2017-08-09 20:15:00,3,302.2067356942177,301.90277168429003
2017-08-09 20:30:00,3,302.079569413206,301.76186917077524
2017-08-09 20:45:00,3,301.9592959282875,301.62735855765726
2017-08-09 21:00:00,3,301.8468564607205,301.4998708380657
2017-08-09 21:15:00,3,301.7424798649628,301.3775168194906
2017-08-09 21:30:00,3,301.6457839076451,301.259951911004
2017-08-09 21:45:00,3,301.55587786497637,301.1475751817055
2017-08-09 22:00:00,3,301.47170005489556,301.04027537533
2017-08-09 22:15:00,3,301.3923060802328,300.9371545224069
2017-08-09 22:30:00,3,301.31700535407145,300.83653091016913
2017-08-09 22:45:00,3,301.24550227503977,300.7428725452554
2017-08-09 23:00:00,3,301.17768585408425,300.65818440443564
2017-08-09 23:15:00,3,301.11339608341177,300.5809949080436
2017-08-09 23:30:00,3,301.0524217829897,300.50915013583665
2017-08-09 23:45:00,3,300.994554369294,300.4413672699015
2017-08-10 00:00:00,3,300.93950269675156,300.37709360763665
2017-08-10 00:15:00,3,300.88690047588597,300.31591631637735
2017-08-10 00:30:00,3,300.83628263029465,300.25723575502485
2017-08-10 00:45:00,3,300.7869638725413,300.20024606992064
2017-08-10 01:00:00,3,300.7382968811148,300.144129542811
2017-08-10 01:15:00,3,300.6898761324448,300.08826462906006
2017-08-10 01:30:00,3,300.6416811313883,300.0325089800093
2017-08-10 01:45:00,3,300.5943280240033,299.97745579782094
2017-08-10 02:00:00,3,300.5486272340688,299.92420937896117
2017-08-10 02:15:00,3,300.5051407095536,299.8738264737992
2017-08-10 02:30:00,3,300.46390349797434,299.82668743926104
2017-08-10 02:45:00,3,300.4240383563304,299.7820830840828
2017-08-10 03:00:00,3,300.3843890991046,299.7385492709924
2017-08-10 03:15:00,3,300.34416326323367,299.6946564415321
2017-08-10 03:30:00,3,300.3030390749113,299.64960522093605
2017-08-10 03:45:00,3,300.2610614230845,299.6033264139079
2017-08-10 04:00:00,3,300.2183950969348,299.5561653717778
2017-08-10 04:15:00,3,300.1751848215929,299.50851597222294
2017-08-10 04:30:00,3,300.1316852147642,299.46076533444574
2017-08-10 04:45:00,3,300.0885763897616,299.4134936810905
2017-08-10 05:00:00,3,300.0466204321051,299.3674335138689
2017-08-10 05:15:00,3,300.00632271128717,299.3232171595528
2017-08-10 05:30:00,3,299.96853952696125,299.2817981838996
2017-08-10 05:45:00,3,299.9374721879814,299.2469863258253
2017-08-10 06:00:00,3,299.92111765821886,299.22535324313867
2017-08-10 06:15:00,3,299.9228136260685,299.2217116243513
2017-08-10 06:30:00,3,299.9412314508059,299.23659817167885
2017-08-10 06:45:00,3,299.97482080291815,299.26842062716923
2017-08-10 07:00:00,3,300.0222992522122,299.3156770413331
2017-08-10 07:15:00,3,300.08145134582145,299.3760017312442
2017-08-10 07:30:00,3,300.1499604593403,299.4462904660682
2017-08-10 07:45:00,3,300.22588045468854,299.52313168318966
2017-08-10 08:00:00,3,300.30796160319676,299.6030274620229
2017-08-10 08:15:00,3,300.3962446672655,299.6765388781568
2017-08-10 08:30:00,3,300.49169067992943,299.7524156800845
2017-08-10 08:45:00,3,300.59504672875704,299.8379503451355
2017-08-10 09:00:00,3,300.7059190335233,299.9351391544332
2017-08-10 09:15:00,3,300.82302458391894,300.0427840624533
2017-08-10 09:30:00,3,300.94508597104414,300.15983770347765
2017-08-10 09:45:00,3,301.07153799724665,300.29196701380357
2017-08-10 10:00:00,3,301.2020336567953,300.43319782518506
2017-08-10 10:15:00,3,301.3358362821299,300.57708490714566
2017-08-10 10:30:00,3,301.47174831851953,300.72058162427965
2017-08-10 10:45:00,3,301.6080143874058,300.86302365463
2017-08-10 11:00:00,3,301.742897336821,301.0039121730321
2017-08-10 11:15:00,3,301.875023123898,301.14215603863227
2017-08-10 11:30:00,3,302.00342650528944,301.27657972107636
2017-08-10 11:45:00,3,302.12756215596414,301.40638914441513
2017-08-10 12:00:00,3,302.2471026696687,301.5311886535575
2017-08-10 12:15:00,3,302.3617664300432,301.6508108927219
2017-08-10 12:30:00,3,302.47214392763954,301.7657185515759
2017-08-10 12:45:00,3,302.58071441735933,301.87764012284794
2017-08-10 13:00:00,3,302.6899181358119,301.9892279107135
2017-08-10 13:15:00,3,302.800642912991,302.1028520104049
2017-08-10 13:30:00,3,302.91225152003585,302.2193708385408
2017-08-10 13:45:00,3,303.02299579381304,302.3377242201331
2017-08-10 14:00:00,3,303.1309124792946,302.45563276596357
2017-08-10 14:15:00,3,303.23427680614503,302.57063451557394
2017-08-10 14:30:00,3,303.33152399405145,302.68056066857054
2017-08-10 14:45:00,3,303.4209094923749,302.78343544450337
2017-08-10 15:00:00,3,303.50083133534366,302.8774423690532
2017-08-10 15:15:00,3,303.5699501407585,302.96104882172347
2017-08-10 15:30:00,3,303.6274230568942,303.03328601505905
2017-08-10 15:45:00,3,303.6731484579437,303.09394165333595
2017-08-10 16:00:00,3,303.7072025556806,303.14316051320253
2017-08-10 16:15:00,3,303.72921646468353,303.1810377115809
2017-08-10 16:30:00,3,303.7388934787964,303.20770959325904
2017-08-10 16:45:00,3,303.7368546275827,303.22407260043656
2017-08-10 17:00:00,3,303.7248320620168,303.2295228678945
2017-08-10 17:15:00,3,303.70421945446657,303.2240982399046
2017-08-10 17:30:00,3,303.6755275109681,303.2084677923177
2017-08-10 17:45:00,3,303.6388084028658,303.1830999508905
2017-08-10 18:00:00,3,303.5930057803518,303.1466675949659
2017-08-10 18:15:00,3,303.5344164152874,303.09820593105803
2017-08-10 18:30:00,3,303.45908716787613,303.03478044552315
2017-08-10 18:45:00,3,303.3640349661185,302.9526209546644
2017-08-10 19:00:00,3,303.2440980489664,302.8461861558992
2017-08-10 19:15:00,3,303.0932370392817,302.7115880931163
2017-08-10 19:30:00,3,302.92010495435176,302.54889602612485
2017-08-10 19:45:00,3,302.73917011321214,302.36750864952114
2017-08-10 20:00:00,3,302.56005982185593,302.1793354145899
2017-08-10 20:15:00,3,302.3875244890227,301.9942513785773
2017-08-10 20:30:00,3,302.22362482166676,301.81724170252414
2017-08-10 20:45:00,3,302.0695777126572,301.6505464479091
2017-08-10 21:00:00,3,301.9259820934261,301.4905326157378
2017-08-10 21:15:00,3,301.7927229990294,301.3355464961043
2017-08-10 21:30:00,3,301.66919598073576,301.1862770570029
2017-08-10 21:45:00,3,301.5545289612803,301.0434726683247
2017-08-10 22:00:00,3,301.44777018108675,300.90645449015256
2017-08-10 22:15:00,3,301.34801023412956,300.7783809243822
2017-08-10 22:30:00,3,301.25456900440713,300.6637031392807
2017-08-10 22:45:00,3,301.1672743956851,300.56121116953324
2017-08-10 23:00:00,3,301.08610607660216,300.46770847291975
2017-08-10 23:15:00,3,301.01086948213106,300.381176612659
2017-08-10 23:30:00,3,300.94121149889463,300.30100216682587
2017-08-10 23:45:00,3,300.8767232616647,300.2270166661882
2017-08-11 00:00:00,3,300.81698219751115,300.15888955778473
2017-08-11 00:15:00,3,300.7615626859012,300.0960910626767
2017-08-11 00:30:00,3,300.71002832585424,300.0380200415131
2017-08-11 00:45:00,3,300.6617976796071,299.98401374487696
2017-08-11 01:00:00,3,300.6162214526931,299.9333484893769
2017-08-11 01:15:00,3,300.572765403142,299.8853337399994
2017-08-11 01:30:00,3,300.5309548839543,299.8393602337793
2017-08-11 01:45:00,3,300.49020521107343,299.7948714602844
2017-08-11 02:00:00,3,300.4499927961696,299.7513880867042
2017-08-11 02:15:00,3,300.40995124977115,299.7085410101609
2017-08-11 02:30:00,3,300.3697834348867,299.66597040451796
2017-08-11 02:45:00,3,300.32906328842523,299.6231247029042
2017-08-11 03:00:00,3,300.28734110037055,299.5792738049097
2017-08-11 03:15:00,3,300.2443840280435,299.5337848315494
2017-08-11 03:30:00,3,300.20038018039696,299.4865397577621
2017-08-11 03:45:00,3,300.15607865151213,299.4381720470499
2017-08-11 04:00:00,3,300.1123102414922,299.3897569805066
2017-08-11 04:15:00,3,300.0696255948501,299.3422673989947
2017-08-11 04:30:00,3,300.02829695433866,299.2962799222436
2017-08-11 04:45:00,3,299.9884111699326,299.2520089329778
2017-08-11 05:00:00,3,299.9499484270699,299.2094669081147
2017-08-11 05:15:00,3,299.91283347141723,299.1685856583189
2017-08-11 05:30:00,3,299.8770373276906,299.1293632733572
2017-08-11 05:45:00,3,299.8454536182964,299.0946774871877
2017-08-11 06:00:00,3,299.8273696095453,299.07160227571075
2017-08-11 06:15:00,3,299.8276957619002,299.06639529202545
2017-08-11 06:30:00,3,299.8453216802587,299.0804706983131
2017-08-11 06:45:00,3,299.8782630908425,299.11215395390843
2017-08-11 07:00:00,3,299.92474943286095,299.15930465131646
2017-08-11 07:15:00,3,299.98223669442444,299.21882569229854
2017-08-11 07:30:00,3,300.04824791585577,299.28748969464635
2017-08-11 07:45:00,3,300.12073394702753,299.3618396932785
2017-08-11 08:00:00,3,300.1982130656358,299.43858649309317
2017-08-11 08:15:00,3,300.28028456622195,299.5131904673763
2017-08-11 08:30:00,3,300.36746917518605,299.58256999981614
2017-08-11 08:45:00,3,300.46062704453897,299.6563968961186
2017-08-11 09:00:00,3,300.5598324921322,299.74091523209665
2017-08-11 09:15:00,3,300.66421645693765,299.8364964479088
2017-08-11 09:30:00,3,300.77261572292656,299.94113027201064
2017-08-11 09:45:00,3,300.88406418189726,300.0536645449281
2017-08-11 10:00:00,3,300.99771767908015,300.1769050486456
2017-08-11 10:15:00,3,301.1125890864636,300.30948189321117
2017-08-11 10:30:00,3,301.2276624427224,300.4443904091206
2017-08-11 10:45:00,3,301.34202796654233,300.57665425225906
2017-08-11 11:00:00,3,301.4548644654192,300.70426852955893
2017-08-11 11:15:00,3,301.56539077320446,300.8279309943213
2017-08-11 11:30:00,3,301.67288268349444,300.94895566846856
2017-08-11 11:45:00,3,301.7767926919975,301.0673654641576
2017-08-11 12:00:00,3,301.8769861220887,301.18236062192125
2017-08-11 12:15:00,3,301.9735453164409,301.2931397753303
2017-08-11 12:30:00,3,302.06696809504047,301.3995514458233
2017-08-11 12:45:00,3,302.1580532812699,301.50219486194436
2017-08-11 13:00:00,3,302.24677253566756,301.6019628368458
2017-08-11 13:15:00,3,302.332281747177,301.69947253388955
2017-08-11 13:30:00,3,302.41382501034013,301.79488617502
2017-08-11 13:45:00,3,302.4915930960016,301.88827333783325
2017-08-11 14:00:00,3,302.56612036152967,301.97975346896226
2017-08-11 14:15:00,3,302.6374751439161,302.0692229878965
2017-08-11 14:30:00,3,302.705374767085,302.1561996861989
2017-08-11 14:45:00,3,302.7695585222093,302.24000823906835
2017-08-11 15:00:00,3,302.8297622713749,302.3199485706415
2017-08-11 15:15:00,3,302.885472802527,302.39526340382787
2017-08-11 15:30:00,3,302.93649139853704,302.46535044762163
2017-08-11 15:45:00,3,302.9823980294965,302.5298278434495
2017-08-11 16:00:00,3,303.022009547123,302.58813165848557
2017-08-11 16:15:00,3,303.05404719198395,302.6388172178849
2017-08-11 16:30:00,3,303.07743789580337,302.68035213570863
2017-08-11 16:45:00,3,303.09160883195534,302.7117075019975
2017-08-11 17:00:00,3,303.0969613006028,302.7324964900401
2017-08-11 17:15:00,3,303.0934019047986,302.74231476629177
2017-08-11 17:30:00,3,303.08063896555615,302.7406822908916
2017-08-11 17:45:00,3,303.0591680919852,302.72781559832356
2017-08-11 18:00:00,3,303.0286532264883,302.7039453049358
2017-08-11 18:15:00,3,302.98629765050225,302.66772450987196
2017-08-11 18:30:00,3,302.9291555958815,302.6164589697352
2017-08-11 18:45:00,3,302.8543253394404,302.5469513177358
2017-08-11 19:00:00,3,302.75651447526053,302.45433667563054
2017-08-11 19:15:00,3,302.6307726560724,302.33515917689084
2017-08-11 19:30:00,3,302.48519869970215,302.19282091009353
2017-08-11 19:45:00,3,302.33267946065433,302.03726011142805
2017-08-11 20:00:00,3,302.1816566006762,301.87614924751244
2017-08-11 20:15:00,3,302.0361177609841,301.7170040963444
2017-08-11 20:30:00,3,301.8976913769166,301.5646132769792
2017-08-11 20:45:00,3,301.76737661965575,301.4216263604468
2017-08-11 21:00:00,3,301.64565176028265,301.2838436530014
2017-08-11 21:15:00,3,301.53235517268797,301.15005796640975
2017-08-11 21:30:00,3,301.4268810737442,301.02112250607064
2017-08-11 21:45:00,3,301.3283193358703,300.8976720224257
2017-08-11 22:00:00,3,301.235676560599,300.779184826447
2017-08-11 22:15:00,3,301.14803503185544,300.66393308666926
2017-08-11 22:30:00,3,301.0646788000452,300.55553884399427
2017-08-11 22:45:00,3,300.98521122669615,300.45680286802184
2017-08-11 23:00:00,3,300.90936840691893,300.36633932296553
2017-08-11 23:15:00,3,300.8368815242314,300.2815563530293
2017-08-11 23:30:00,3,300.7674726516758,300.20088109764157
2017-08-11 23:45:00,3,300.7009014186312,300.12385206248103
2017-08-12 00:00:00,3,300.63694077216854,300.0503758178737
2017-08-12 00:15:00,3,300.57535393969914,299.98025909511676
2017-08-12 00:30:00,3,300.51601154876397,299.91324562254965
2017-08-12 00:45:00,3,300.4591040001315,299.8492640806959
2017-08-12 01:00:00,3,300.40487599274013,299.7884277370897
2017-08-12 01:15:00,3,300.3533926786377,299.73082571878206
2017-08-12 01:30:00,3,300.3044422755523,299.6763004259811
2017-08-12 01:45:00,3,300.257389277147,299.6243219106426
2017-08-12 02:00:00,3,300.2115164102765,299.5741517686041
2017-08-12 02:15:00,3,300.16631017053686,299.5251323804397
2017-08-12 02:30:00,3,300.1214928101033,299.47682685344523
2017-08-12 02:45:00,3,300.07698053424775,299.42894143892704
2017-08-12 03:00:00,3,300.0327157383986,299.3811700426247
2017-08-12 03:15:00,3,299.9886449559227,299.3331816411398
2017-08-12 03:30:00,3,299.9447679228237,299.28476031676655
2017-08-12 03:45:00,3,299.90103398021586,299.2359279264569
2017-08-12 04:00:00,3,299.85735208840026,299.18689295634186
2017-08-12 04:15:00,3,299.8136649516784,299.13790462024286
2017-08-12 04:30:00,3,299.7702953466982,299.089496170604
2017-08-12 04:45:00,3,299.728670906825,299.0430023915913
2017-08-12 05:00:00,3,299.69055191751437,299.00034338323087
2017-08-12 05:15:00,3,299.65711082028355,298.9633089838932
2017-08-12 05:30:00,3,299.62867120004876,298.93256830677683
2017-08-12 05:45:00,3,299.60492601699093,298.9078561110707
2017-08-12 06:00:00,3,299.5875670888836,298.89024850365223
2017-08-12 06:15:00,3,299.5820005152204,298.8836136940548
2017-08-12 06:30:00,3,299.5923190901193,298.8925029702121
2017-08-12 06:45:00,3,299.61980085276707,298.91956895589567
2017-08-12 07:00:00,3,299.66346348736073,298.9637628576911
2017-08-12 07:15:00,3,299.71968654287326,299.021071649545
2017-08-12 07:30:00,3,299.7845337927242,299.087040735291
2017-08-12 07:45:00,3,299.8558702157992,299.15784387731685
2017-08-12 08:00:00,3,299.93283355942197,299.23072640326177
2017-08-12 08:15:00,3,300.01553622172895,299.3005513813251
2017-08-12 08:30:00,3,300.10505036805876,299.36883283908287
2017-08-12 08:45:00,3,300.20307759633533,299.44404235738114
2017-08-12 09:00:00,3,300.3103511280019,299.531712394966
2017-08-12 09:15:00,3,300.42617713825155,299.63231271268205
2017-08-12 09:30:00,3,300.54875197424883,299.74394069007593
2017-08-12 09:45:00,3,300.6746271855733,299.86468452834697
2017-08-12 10:00:00,3,300.79951769811254,299.99676326285004
2017-08-12 10:15:00,3,300.91969601567234,300.1349537191912
2017-08-12 10:30:00,3,301.03330560822263,300.2705764204168
2017-08-12 10:45:00,3,301.1416896270847,300.3994425524799
2017-08-12 11:00:00,3,301.24751636506585,300.52220941999684
2017-08-12 11:15:00,3,301.3526221742419,300.64103019177884
2017-08-12 11:30:00,3,301.4576823193352,300.7573770295844
2017-08-12 11:45:00,3,301.5624759202926,300.87364191784087
2017-08-12 12:00:00,3,301.66642968823606,300.99010664052975
2017-08-12 12:15:00,3,301.7689348439465,301.1057074407951
2017-08-12 12:30:00,3,301.8697380969783,301.2194049966683
2017-08-12 12:45:00,3,301.9688024101875,301.3308606878901
2017-08-12 13:00:00,3,302.06555231072485,301.44024709717286
2017-08-12 13:15:00,3,302.1590027141392,301.5477249910248
2017-08-12 13:30:00,3,302.2485102219057,301.65331068440025
2017-08-12 13:45:00,3,302.3342243406439,301.75704365634704
2017-08-12 14:00:00,3,302.416605207342,301.858893868352
2017-08-12 14:15:00,3,302.4960217426896,301.9586705450398
2017-08-12 14:30:00,3,302.57221163152326,302.0558312525936
2017-08-12 14:45:00,3,302.644177884915,302.14930471448986
2017-08-12 15:00:00,3,302.711138037585,302.2377365261502
2017-08-12 15:15:00,3,302.7714631269882,302.31943546416915
2017-08-12 15:30:00,3,302.822550308971,302.3920787343272
2017-08-12 15:45:00,3,302.86244270328706,302.4532297981376
2017-08-12 16:00:00,3,302.8903307096895,302.5008809994806
2017-08-12 16:15:00,3,302.90570270311207,302.53425894967717
2017-08-12 16:30:00,3,302.9086176049362,302.55368473146314
2017-08-12 16:45:00,3,302.90035790629764,302.56022912807066
2017-08-12 17:00:00,3,302.88310049163704,302.5559272762739
2017-08-12 17:15:00,3,302.85981059508543,302.54362479110074
2017-08-12 17:30:00,3,302.832944546179,302.526175082846
2017-08-12 17:45:00,3,302.8040565847599,302.50569408745065
2017-08-12 18:00:00,3,302.77249119733887,302.48198459988794
2017-08-12 18:15:00,3,302.7334186202193,302.4512039812418
2017-08-12 18:30:00,3,302.68177109269664,302.40766190430054
2017-08-12 18:45:00,3,302.6135362222916,302.3461358861267
2017-08-12 19:00:00,3,302.52307429067656,302.2611019328478
2017-08-12 19:15:00,3,302.4056855122844,302.1492665465591
2017-08-12 19:30:00,3,302.2694011051451,302.0142284930094
2017-08-12 19:45:00,3,302.1266313414667,301.86530591933285
2017-08-12 20:00:00,3,301.9854598763852,301.7137778001348
2017-08-12 20:15:00,3,301.8497125830593,301.5660629140827
2017-08-12 20:30:00,3,301.72076386570467,301.42475210353683
2017-08-12 20:45:00,3,301.5988839374761,301.2906625417609
2017-08-12 21:00:00,3,301.4837582036936,301.16211744468734
2017-08-12 21:15:00,3,301.3747646829969,301.036432113839
2017-08-12 21:30:00,3,301.2713424627307,300.9130285774834
2017-08-12 21:45:00,3,301.17338021005435,300.79266766063427
2017-08-12 22:00:00,3,301.08086986309905,300.6761021661764
2017-08-12 22:15:00,3,300.99359423136804,300.5633490322631
2017-08-12 22:30:00,3,300.91111600271114,300.4524934667087
2017-08-12 22:45:00,3,300.832760242461,300.3518612115622
2017-08-12 23:00:00,3,300.7577581924425,300.2613776630461
2017-08-12 23:15:00,3,300.6854132869184,300.1770170652711
2017-08-12 23:30:00,3,300.6153467788618,300.09577622809456
2017-08-12 23:45:00,3,300.547916305849,300.01712638498094
2017-08-13 00:00:00,3,300.4837455911011,299.94195647778224
2017-08-13 00:15:00,3,300.4231989945831,299.87115330384523
2017-08-13 00:30:00,3,300.36618512877226,299.8048867978608
2017-08-13 00:45:00,3,300.3119389465439,299.74249713511205
2017-08-13 01:00:00,3,300.2595095728707,299.6828777127499
2017-08-13 01:15:00,3,300.2082231419253,299.62500770951766
2017-08-13 01:30:00,3,300.1577421307048,299.5682629376388
2017-08-13 01:45:00,3,300.1081106868632,299.5124219501137
2017-08-13 02:00:00,3,300.0595074292188,299.45747147457985
2017-08-13 02:15:00,3,300.0120779249413,299.4034575675587
2017-08-13 02:30:00,3,299.96587499539396,299.35042020147864
2017-08-13 02:45:00,3,299.9206936711063,299.2983509848392
2017-08-13 03:00:00,3,299.8762266164286,299.2472026358475
2017-08-13 03:15:00,3,299.8322469188807,299.1969404014238
2017-08-13 03:30:00,3,299.7888614849251,299.1478078264617
2017-08-13 03:45:00,3,299.74702450421296,299.10073466417435
2017-08-13 04:00:00,3,299.7079650948918,299.05713046018434
2017-08-13 04:15:00,3,299.6725007379832,299.01819068938204
2017-08-13 04:30:00,3,299.6408879432165,298.9844855501422
2017-08-13 04:45:00,3,299.6128414550578,298.95563239800384
2017-08-13 05:00:00,3,299.58785768060756,298.93072392712554
2017-08-13 05:15:00,3,299.5654922858174,298.90890022057863
2017-08-13 05:30:00,3,299.54510415020604,298.88934090476164
2017-08-13 05:45:00,3,299.5274097190324,298.87281760308355
2017-08-13 06:00:00,3,299.51827279438334,298.86332198713967
2017-08-13 06:15:00,3,299.5215007551147,298.86518374427556
2017-08-13 06:30:00,3,299.5371816000497,298.8803175178988
2017-08-13 06:45:00,3,299.5653755382319,298.9089218010662
2017-08-13 07:00:00,3,299.60616122692034,298.95004196976686
2017-08-13 07:15:00,3,299.65786409358407,299.0021133862776
2017-08-13 07:30:00,3,299.71759945647653,299.0625522593405
2017-08-13 07:45:00,3,299.78279262816994,299.12798656716916
2017-08-13 08:00:00,3,299.8520725432746,299.1955627718784
2017-08-13 08:15:00,3,299.9261283209813,299.26273268504383
2017-08-13 08:30:00,3,300.00652181405314,299.32761199857896
2017-08-13 08:45:00,3,300.094648259515,299.3976210304385
2017-08-13 09:00:00,3,300.19113797305135,299.4774664306785
2017-08-13 09:15:00,3,300.2957965985351,299.5667261484351
2017-08-13 09:30:00,3,300.4082057365387,299.66568047235387
2017-08-13 09:45:00,3,300.5279362213886,299.7768875225583
2017-08-13 10:00:00,3,300.6544548421421,299.9079996600367
2017-08-13 10:15:00,3,300.7867841014559,300.0528346618546
2017-08-13 10:30:00,3,300.9230247767743,300.2030509692938
2017-08-13 10:45:00,3,301.0590101506759,300.35255571953064
2017-08-13 11:00:00,3,301.1896978631024,300.4973929525526
2017-08-13 11:15:00,3,301.3107636080113,300.63458454863314
2017-08-13 11:30:00,3,301.41976943362243,300.7619533097875
2017-08-13 11:45:00,3,301.5174213958843,300.8788750177513
2017-08-13 12:00:00,3,301.60589151462005,300.9862624016776
2017-08-13 12:15:00,3,301.68699022684825,301.08566864321733
2017-08-13 12:30:00,3,301.7626873089949,301.1789328204845
2017-08-13 12:45:00,3,301.83616565409613,301.2685216686354
2017-08-13 13:00:00,3,301.91035650461527,301.35725297296665
2017-08-13 13:15:00,3,301.9869630469515,301.4475069512684
2017-08-13 13:30:00,3,302.0669167711365,301.5408424905966
2017-08-13 13:45:00,3,302.15086024849654,301.63813131292466
2017-08-13 14:00:00,3,302.2388217653227,301.739584875276
2017-08-13 14:15:00,3,302.32987786827346,301.8446067725224
2017-08-13 14:30:00,3,302.4218481217564,301.9513759152212
2017-08-13 14:45:00,3,302.5101225961647,302.0563585731565
2017-08-13 15:00:00,3,302.5898315956894,302.1551795781554
2017-08-13 15:15:00,3,302.65742174875965,302.24370148550554
2017-08-13 15:30:00,3,302.7120270644955,302.31963241554365
2017-08-13 15:45:00,3,302.75745873457254,302.384485201163
2017-08-13 16:00:00,3,302.79801891646446,302.441932000408
2017-08-13 16:15:00,3,302.83488866559463,302.49434666514077
2017-08-13 16:30:00,3,302.86691728017985,302.54118789194735
2017-08-13 16:45:00,3,302.8913724576101,302.57952445579355
2017-08-13 17:00:00,3,302.9049097153811,302.6052954019808
2017-08-13 17:15:00,3,302.9027269556828,302.6136979981887
2017-08-13 17:30:00,3,302.87981871711514,302.5999395000903
2017-08-13 17:45:00,3,302.83351921219344,302.5607869345144
2017-08-13 18:00:00,3,302.76385484057465,302.4964104989174
2017-08-13 18:15:00,3,302.6771632745554,302.41196971157024
2017-08-13 18:30:00,3,302.58108854085935,302.3148152751162
2017-08-13 18:45:00,3,302.4795404424758,302.2112732289916
2017-08-13 19:00:00,3,302.3737358746439,302.1039572518617
2017-08-13 19:15:00,3,302.26594341382975,301.99405645212306
2017-08-13 19:30:00,3,302.1595179728202,301.88393617266433
2017-08-13 19:45:00,3,302.05624220782096,301.7758796260625
2017-08-13 20:00:00,3,301.9562991389622,301.67115368288046
2017-08-13 20:15:00,3,301.8593020809244,301.5703646321727
2017-08-13 20:30:00,3,301.7647321681647,301.4711505809446
2017-08-13 20:45:00,3,301.67209132046736,301.37302836480615
2017-08-13 21:00:00,3,301.58091933474856,301.2774923612787
2017-08-13 21:15:00,3,301.490816260854,301.18334951380143
2017-08-13 21:30:00,3,301.40182603451075,301.08750333835917
2017-08-13 21:45:00,3,301.3150524101116,300.98962427788285
2017-08-13 22:00:00,3,301.23167153052725,300.8915425256436
2017-08-13 22:15:00,3,301.15221446713224,300.7952705186426
2017-08-13 22:30:00,3,301.07667890525914,300.7018701023066
2017-08-13 22:45:00,3,301.0047225847871,300.6113830787964
2017-08-13 23:00:00,3,300.93585338696295,300.52322114768117
2017-08-13 23:15:00,3,300.86957486486307,300.4363907267567
2017-08-13 23:30:00,3,300.80561636663975,300.3522471989576
2017-08-13 23:45:00,3,300.74430081409184,300.2742455921644
2017-08-14 00:00:00,3,300.68612591159956,300.20292474900117
2017-08-14 00:15:00,3,300.6313294238459,300.1371276017384
2017-08-14 00:30:00,3,300.5795511442649,300.0754924418165
2017-08-14 00:45:00,3,300.5293071421906,300.01652382809175
2017-08-14 01:00:00,3,300.4788720697856,299.95845031779896
2017-08-14 01:15:00,3,300.4270996453156,299.8995482451253
2017-08-14 01:30:00,3,300.3738271970125,299.83895600966133
2017-08-14 01:45:00,3,300.32039601587826,299.7774883241984
2017-08-14 02:00:00,3,300.2686534209321,299.7172887577508
2017-08-14 02:15:00,3,300.21993959374305,299.66058487797625
2017-08-14 02:30:00,3,300.1749199077469,299.6087207367762
2017-08-14 02:45:00,3,300.13373586147225,299.5620082095372
2017-08-14 03:00:00,3,300.09624648633906,299.5201279974382
2017-08-14 03:15:00,3,300.0621811199518,299.4825618208703
2017-08-14 03:30:00,3,300.031052640007,299.4487759624375
2017-08-14 03:45:00,3,300.0018451397389,299.41777662485043
2017-08-14 04:00:00,3,299.97339447226324,299.38823364358603
2017-08-14 04:15:00,3,299.9448409378191,299.35895380596867
2017-08-14 04:30:00,3,299.9156430548437,299.3291126093241
2017-08-14 04:45:00,3,299.88538842467256,299.29812491814675
2017-08-14 05:00:00,3,299.8537218631716,299.2654416809594
2017-08-14 05:15:00,3,299.8204075095448,299.23040725104704
2017-08-14 05:30:00,3,299.78561698785416,299.1928774460299
2017-08-14 05:45:00,3,299.7519569998203,299.1551844365584
2017-08-14 06:00:00,3,299.72665831310616,299.1236053977991
2017-08-14 06:15:00,3,299.7154298677131,299.10492273599186
2017-08-14 06:30:00,3,299.7197367124711,299.1027986221318
2017-08-14 06:45:00,3,299.73964641843736,299.11796745301916
2017-08-14 07:00:00,3,299.7747022441575,299.14987655106694
2017-08-14 07:15:00,3,299.82330612715555,299.19729471746524
2017-08-14 07:30:00,3,299.88365910335943,299.25743313901904
2017-08-14 07:45:00,3,299.9540418330822,299.3270868841499
2017-08-14 08:00:00,3,300.0331564920048,299.402403270373
2017-08-14 08:15:00,3,300.1206321256732,299.47423443984064
2017-08-14 08:30:00,3,300.2166893587266,299.54890573496243
2017-08-14 08:45:00,3,300.3213974035584,299.6338808774238
2017-08-14 09:00:00,3,300.4343111586192,299.7320707666715
2017-08-14 09:15:00,3,300.55433545733763,299.84266687786396
2017-08-14 09:30:00,3,300.6801262917435,299.96903895284737
2017-08-14 09:45:00,3,300.810195261257,300.11010497413844
2017-08-14 10:00:00,3,300.94230562769457,300.25686569102845
2017-08-14 10:15:00,3,301.07377074210257,300.40228785025914
2017-08-14 10:30:00,3,301.2024077673292,300.5435276742666
2017-08-14 10:45:00,3,301.32721899224913,300.6803751456175
2017-08-14 11:00:00,3,301.4479656374934,300.8133327952936
2017-08-14 11:15:00,3,301.5644453898433,300.9425940998007
2017-08-14 11:30:00,3,301.6761564290213,301.06779477773915
2017-08-14 11:45:00,3,301.78194231575134,301.1880540960735
2017-08-14 12:00:00,3,301.88054404663706,301.30225687254887
2017-08-14 12:15:00,3,301.97120641382196,301.40948490062215
2017-08-14 12:30:00,3,302.05472101155635,301.509899888016
2017-08-14 12:45:00,3,302.1346612805021,301.6056144546112
2017-08-14 13:00:00,3,302.21483292680745,301.699999849023
2017-08-14 13:15:00,3,302.2969785151943,301.79589053895813
2017-08-14 13:30:00,3,302.38078944313355,301.89419958056726
2017-08-14 13:45:00,3,302.4641810330179,301.99368360282267
2017-08-14 14:00:00,3,302.54425610625105,302.09154734937687
2017-08-14 14:15:00,3,302.6173872814852,302.18402456627496
2017-08-14 14:30:00,3,302.6806568400287,302.26750064912426
2017-08-14 14:45:00,3,302.7335883896174,302.3399494156561
2017-08-14 15:00:00,3,302.77799222469775,302.4020980094683
2017-08-14 15:15:00,3,302.81832339255004,302.45765821405007
2017-08-14 15:30:00,3,302.8582596868758,302.51088675666216
2017-08-14 15:45:00,3,302.8977555778584,302.56376325908764
2017-08-14 16:00:00,3,302.9351118576492,302.61545764793266
2017-08-14 16:15:00,3,302.9680090540875,302.66350346899173
2017-08-14 16:30:00,3,302.9946500527532,302.70541803519114
2017-08-14 16:45:00,3,303.01432561221833,302.73990058750735
2017-08-14 17:00:00,3,303.0261752744361,302.765709278111
2017-08-14 17:15:00,3,303.0263189812028,302.7794131909124
2017-08-14 17:30:00,3,303.010497252807,302.77602787932267
2017-08-14 17:45:00,3,302.9758624946875,302.75151202138755
2017-08-14 18:00:00,3,302.92222661741425,302.70478067364814
2017-08-14 18:15:00,3,302.8515298910721,302.63764916046466
2017-08-14 18:30:00,3,302.7663606489014,302.5537435096839
2017-08-14 18:45:00,3,302.6674395661807,302.45524099117154
2017-08-14 19:00:00,3,302.55447381629654,302.3428247801555
2017-08-14 19:15:00,3,302.430768653056,302.2185194118856
2017-08-14 19:30:00,3,302.3021160451268,302.08720837984345
2017-08-14 19:45:00,3,302.17335832577515,301.9548411972385
2017-08-14 20:00:00,3,302.04725008270503,301.8260056464857
2017-08-14 20:15:00,3,301.9249151940833,301.70322546903606
2017-08-14 20:30:00,3,301.8068926749088,301.5832106965851
2017-08-14 20:45:00,3,301.6941474056852,301.46453485262964
2017-08-14 21:00:00,3,301.5873888614269,301.3457887524109
2017-08-14 21:15:00,3,301.4866131918958,301.2282807378767
2017-08-14 21:30:00,3,301.39154753146477,301.11390688333734
2017-08-14 21:45:00,3,301.30233241027037,301.00392288218853
2017-08-14 22:00:00,3,301.2192015903826,300.89891209112164
2017-08-14 22:15:00,3,301.1420918137657,300.79901933282684
2017-08-14 22:30:00,3,301.07078127193387,300.7041719932181
2017-08-14 22:45:00,3,301.00521765039423,300.61418869431554
2017-08-14 23:00:00,3,300.9453719634589,300.5300317465457
2017-08-14 23:15:00,3,300.8910261263831,300.45578857580165
2017-08-14 23:30:00,3,300.84167982402033,300.3914816208089
2017-08-14 23:45:00,3,300.79639670689005,300.3345561742198
2017-08-15 00:00:00,3,300.7541385184647,300.28240382898156
2017-08-15 00:15:00,3,300.7140861740648,300.23339899701807
2017-08-15 00:30:00,3,300.67556935518223,300.18665957458825
2017-08-15 00:45:00,3,300.63785415061795,300.14151694694806
2017-08-15 01:00:00,3,300.6003263758402,300.0973254121954
2017-08-15 01:15:00,3,300.56258703153156,300.05352445770507
2017-08-15 01:30:00,3,300.52435698976535,300.00965767264194
2017-08-15 01:45:00,3,300.4853166787449,299.9652494632962
2017-08-15 02:00:00,3,300.4451579521322,299.9197597376306
2017-08-15 02:15:00,3,300.4037532978643,299.87273397617344
2017-08-15 02:30:00,3,300.3613642065789,299.82414339403056
2017-08-15 02:45:00,3,300.31881768780033,299.7746583999261
2017-08-15 03:00:00,3,300.27701206327635,299.72540886569936
2017-08-15 03:15:00,3,300.23653824159015,299.677456563524
2017-08-15 03:30:00,3,300.1977552440582,299.6315581879383
2017-08-15 03:45:00,3,300.16105668168166,299.5883314985594
2017-08-15 04:00:00,3,300.1268282381839,299.548374305105
2017-08-15 04:15:00,3,300.09530035023073,299.51226467581046
2017-08-15 04:30:00,3,300.06643919629744,299.48008512410115
2017-08-15 04:45:00,3,300.0398061358108,299.45132382755315
2017-08-15 05:00:00,3,300.01480986964555,299.4251538666185
2017-08-15 05:15:00,3,299.99096834192693,299.40077576731716
2017-08-15 05:30:00,3,299.9678120133915,299.377488688177
2017-08-15 05:45:00,3,299.94604932354457,299.35574126796166
2017-08-15 06:00:00,3,299.9304321758351,299.338638615066
2017-08-15 06:15:00,3,299.9253511258708,299.3304396573934
2017-08-15 06:30:00,3,299.9322514303827,299.3340608031878
2017-08-15 06:45:00,3,299.9515721934768,299.35067921720275
2017-08-15 07:00:00,3,299.98312228112883,299.3803493735471
2017-08-15 07:15:00,3,300.0252985392037,299.42201667926696
2017-08-15 07:30:00,3,300.07639742430644,299.47361024167276
2017-08-15 07:45:00,3,300.13630191953285,299.5332287171161
2017-08-15 08:00:00,3,300.20553025715355,299.59877018843457
2017-08-15 08:15:00,3,300.2847619963426,299.6631932295969
2017-08-15 08:30:00,3,300.3744337624453,299.7327644922931
2017-08-15 08:45:00,3,300.47349573750336,299.8128251632335
2017-08-15 09:00:00,3,300.57948359434096,299.9056793676982
2017-08-15 09:15:00,3,300.6893267877458,300.01006111105914
2017-08-15 09:30:00,3,300.80038813009554,300.12803909290955
2017-08-15 09:45:00,3,300.91147929899586,300.256073013858
2017-08-15 10:00:00,3,301.02260036384484,300.3866951840997
2017-08-15 10:15:00,3,301.1334264561336,300.51537372202927
2017-08-15 10:30:00,3,301.24304823389247,300.64085290394655
2017-08-15 10:45:00,3,301.34985906365637,300.76291263798214
2017-08-15 11:00:00,3,301.45212979994204,300.88088870995665
2017-08-15 11:15:00,3,301.54851940040527,300.9936099212907
2017-08-15 11:30:00,3,301.6382050758301,301.0999332565047
2017-08-15 11:45:00,3,301.72089179111015,301.19915429424333
2017-08-15 12:00:00,3,301.7966405040488,301.29104250650914
2017-08-15 12:15:00,3,301.8654962213846,301.3756227875515
2017-08-15 12:30:00,3,301.92849154888944,301.45357480519965
2017-08-15 12:45:00,3,301.989051506647,301.5270260546783
2017-08-15 13:00:00,3,302.0504916799685,301.5991274459159
2017-08-15 13:15:00,3,302.11431126977686,301.6727189800817
2017-08-15 13:30:00,3,302.1804680239657,301.7492126864874
2017-08-15 13:45:00,3,302.2476775801868,301.8282805854476
2017-08-15 14:00:00,3,302.31428674465974,301.90839742517943
2017-08-15 14:15:00,3,302.3787865662568,301.98764812372445
2017-08-15 14:30:00,3,302.440014569376,302.0643619979689
2017-08-15 14:45:00,3,302.497256226105,302.1373791603554
2017-08-15 15:00:00,3,302.5499626074906,302.20588541400474
2017-08-15 15:15:00,3,302.5973591065591,302.2690738775758
2017-08-15 15:30:00,3,302.63870006043976,302.3261340500669
2017-08-15 15:45:00,3,302.6735691784116,302.3764615907095
2017-08-15 16:00:00,3,302.7016529029514,302.41954000069325
2017-08-15 16:15:00,3,302.7221019214326,302.454511589941
2017-08-15 16:30:00,3,302.7339636964743,302.48036095990983
2017-08-15 16:45:00,3,302.7367316836759,302.49608439760726
2017-08-15 17:00:00,3,302.73044006813404,302.5010442167116
2017-08-15 17:15:00,3,302.7146986167482,302.4947162443359
2017-08-15 17:30:00,3,302.68932692136747,302.4768663478743
2017-08-15 17:45:00,3,302.6545022192571,302.44777252816135
2017-08-15 18:00:00,3,302.610082279445,302.4077056170389
2017-08-15 18:15:00,3,302.5545396706041,302.35588388701325
2017-08-15 18:30:00,3,302.4858306018185,302.29061162749235
2017-08-15 18:45:00,3,302.4029664855365,302.21017559634953
2017-08-15 19:00:00,3,302.3047831851774,302.1135688621868
2017-08-15 19:15:00,3,302.19240371872644,302.0022921729806
2017-08-15 19:30:00,3,302.0727090544801,301.882287318785
2017-08-15 19:45:00,3,301.953251283326,301.7576596441968
2017-08-15 20:00:00,3,301.8385749016078,301.6337445027282
2017-08-15 20:15:00,3,301.73064053543567,301.514007521431
2017-08-15 20:30:00,3,301.6298398000249,301.4002089171777
2017-08-15 20:45:00,3,301.5356072671275,301.2928709588464
2017-08-15 21:00:00,3,301.4470600077512,301.19099843837284
2017-08-15 21:15:00,3,301.3633719843826,301.09255258388055
2017-08-15 21:30:00,3,301.2839172337208,300.9966637349788
2017-08-15 21:45:00,3,301.20836840930673,300.9033767253089
2017-08-15 22:00:00,3,301.1364706382451,300.8128710778509
2017-08-15 22:15:00,3,301.06790170642404,300.72501001284473
2017-08-15 22:30:00,3,301.00232087746707,300.6393107876138
2017-08-15 22:45:00,3,300.9394543629617,300.5545620714342
2017-08-15 23:00:00,3,300.8790688745838,300.47565319238845
2017-08-15 23:15:00,3,300.82092780060765,300.4035946971451
2017-08-15 23:30:00,3,300.76480132854624,300.33658227711436
2017-08-15 23:45:00,3,300.7104975955204,300.27273178647573
2017-08-16 00:00:00,3,300.65784479797276,300.2111712300977
2017-08-16 00:15:00,3,300.606673802862,300.1517289701087
2017-08-16 00:30:00,3,300.55693023986464,300.09443517216414
2017-08-16 00:45:00,3,300.5088761678769,300.0393980334944
2017-08-16 01:00:00,3,300.46281400520974,299.9867714279148
2017-08-16 01:15:00,3,300.4188575950891,299.9366456456333
2017-08-16 01:30:00,3,300.376856549204,299.8889193441462
2017-08-16 01:45:00,3,300.3362920179813,299.8432147611769
2017-08-16 02:00:00,3,300.2965903733402,299.7990009643371
2017-08-16 02:15:00,3,300.25735436518113,299.75580660212506
2017-08-16 02:30:00,3,300.2183363359035,299.7132911764114
2017-08-16 02:45:00,3,300.1793448487048,299.6711925649314
2017-08-16 03:00:00,3,300.14021922397507,299.62927157499433
2017-08-16 03:15:00,3,300.10084798910384,299.58731576697653
2017-08-16 03:30:00,3,300.0612417607679,299.5452190355393
2017-08-16 03:45:00,3,300.02163429109163,299.5030136206788
2017-08-16 04:00:00,3,299.9822628195572,299.46076674844295
2017-08-16 04:15:00,3,299.9432497028886,299.41847563512863
2017-08-16 04:30:00,3,299.9049362635751,299.37641277836883
2017-08-16 04:45:00,3,299.86853776100537,299.3357794502197
2017-08-16 05:00:00,3,299.8355137350117,299.29859821797777
2017-08-16 05:15:00,3,299.8067413704402,299.26646514379297
2017-08-16 05:30:00,3,299.7821896979889,299.2397503439074
2017-08-16 05:45:00,3,299.7619721198385,299.218552947734
2017-08-16 06:00:00,3,299.7492771997182,299.204534802994
2017-08-16 06:15:00,3,299.74728828156833,299.20042890786016
2017-08-16 06:30:00,3,299.7573110012216,299.2083688384697
2017-08-16 06:45:00,3,299.77962993368703,299.22920340794076
2017-08-16 07:00:00,3,299.8139859523073,299.26279079995834
2017-08-16 07:15:00,3,299.859204167016,299.30771165764645
2017-08-16 07:30:00,3,299.91354481026923,299.3617622036665
2017-08-16 07:45:00,3,299.97502964626256,299.42195217827174
2017-08-16 08:00:00,3,300.0421041225282,299.4848609282923
2017-08-16 08:15:00,3,300.11354276652304,299.5434586364748
2017-08-16 08:30:00,3,300.18870867900307,299.6028936859813
2017-08-16 08:45:00,3,300.26803744302345,299.66846016335984
2017-08-16 09:00:00,3,300.3521259284582,299.7423133858757
2017-08-16 09:15:00,3,300.4406696676133,299.8243968891145
2017-08-16 09:30:00,3,300.53297958533426,299.91428820262485
2017-08-16 09:45:00,3,300.6291092244335,300.01319437339447
2017-08-16 10:00:00,3,300.7295642076559,300.12407525886914
2017-08-16 10:15:00,3,300.83394158442604,300.2417113152514
2017-08-16 10:30:00,3,300.9409127035492,300.36149663230896
2017-08-16 10:45:00,3,301.04807102962855,300.48083603092334
2017-08-16 11:00:00,3,301.15279074028024,300.59837146380085
2017-08-16 11:15:00,3,301.2531776198509,300.7128444465938
2017-08-16 11:30:00,3,301.34835947109036,300.8231317611631
2017-08-16 11:45:00,3,301.43862575993376,300.92873043849175
2017-08-16 12:00:00,3,301.52489684672025,301.02985867170594
2017-08-16 12:15:00,3,301.6079374943362,301.12707300578677
2017-08-16 12:30:00,3,301.68873664248235,301.22119748041536
2017-08-16 12:45:00,3,301.76909369263626,301.31356749066475
2017-08-16 13:00:00,3,301.85014322941123,301.405739140615
2017-08-16 13:15:00,3,301.931851189175,301.49880836129773
2017-08-16 13:30:00,3,302.0137096833528,301.5930575640776
2017-08-16 13:45:00,3,302.0947822424049,301.6880008479302
2017-08-16 14:00:00,3,302.1737959061027,301.78254618334057
2017-08-16 14:15:00,3,302.2494282274079,301.87523687316235
2017-08-16 14:30:00,3,302.3205912155936,301.9645346662873
2017-08-16 14:45:00,3,302.3870500532067,302.0493537722603
2017-08-16 15:00:00,3,302.44869278321687,302.129203363239
2017-08-16 15:15:00,3,302.5043684059414,302.2033885149523
2017-08-16 15:30:00,3,302.55294302672655,302.2706983719583
2017-08-16 15:45:00,3,302.59360149474065,302.32986353826556
2017-08-16 16:00:00,3,302.6255650259413,302.37972399351474
2017-08-16 16:15:00,3,302.6471047743173,302.41866050894987
2017-08-16 16:30:00,3,302.65709429178514,302.44511677579806
2017-08-16 16:45:00,3,302.65666128307504,302.458994806799
2017-08-16 17:00:00,3,302.6476076706445,302.46161450836746
2017-08-16 17:15:00,3,302.63081412454017,302.4543108272872
2017-08-16 17:30:00,3,302.60616053163983,302.4375204332275
2017-08-16 17:45:00,3,302.57320101557065,302.41108718780333
2017-08-16 18:00:00,3,302.53140781228126,302.37448024325136
2017-08-16 18:15:00,3,302.4787385834524,302.3262918929251
2017-08-16 18:30:00,3,302.4126881368417,302.26426141602246
2017-08-16 18:45:00,3,302.33015173045004,302.18530744181624
2017-08-16 19:00:00,3,302.22792217220154,302.0865139997397
2017-08-16 19:15:00,3,302.1078523281823,301.968832332632
2017-08-16 19:30:00,3,301.9782457999774,301.83830208964156
2017-08-16 19:45:00,3,301.8469664496081,301.701785884948
2017-08-16 20:00:00,3,301.71821326544614,301.5637516127659
2017-08-16 20:15:00,3,301.5936264987804,301.4276242031193
2017-08-16 20:30:00,3,301.47384667080684,301.29545689584484
2017-08-16 20:45:00,3,301.3597728815295,301.16795299447506
2017-08-16 21:00:00,3,301.25219097656793,301.04328934696366
2017-08-16 21:15:00,3,301.1513126417167,300.9214718040871
2017-08-16 21:30:00,3,301.0570091561649,300.8036757755671
2017-08-16 21:45:00,3,300.9692324060894,300.6909008523837
2017-08-16 22:00:00,3,300.8878852367972,300.5833806957801
2017-08-16 22:15:00,3,300.81266265941633,300.48018710630697
2017-08-16 22:30:00,3,300.74307211032084,300.38645460991074
2017-08-16 22:45:00,3,300.6784757656759,300.30369270940685
2017-08-16 23:00:00,3,300.6182489989657,300.22969734926414
2017-08-16 23:15:00,3,300.56183476137613,300.1618372573686
2017-08-16 23:30:00,3,300.508629360851,300.0985363774566
2017-08-16 23:45:00,3,300.4577764327965,300.0388584000418
2017-08-17 00:00:00,3,300.40839193668666,299.98189075203635
2017-08-17 00:15:00,3,300.35981464852443,299.9266809063763
2017-08-17 00:30:00,3,300.3115771362149,299.8724020491711
2017-08-17 00:45:00,3,300.2632548902898,299.81837423902255
2017-08-17 01:00:00,3,300.2144768080181,299.76399728075035
2017-08-17 01:15:00,3,300.16499812181354,299.70873900727605
2017-08-17 01:30:00,3,300.11486098686964,299.6523702107372
2017-08-17 01:45:00,3,300.06457008904374,299.5953362142398
2017-08-17 02:00:00,3,300.0147848501226,299.538673723552
2017-08-17 02:15:00,3,299.9660232783331,299.48350177782686
2017-08-17 02:30:00,3,299.91888247425294,299.4308016738332
2017-08-17 02:45:00,3,299.8746313859428,299.38164197648155
2017-08-17 03:00:00,3,299.8345946939264,299.33714193097813
2017-08-17 03:15:00,3,299.79952997580466,299.29812436004136
2017-08-17 03:30:00,3,299.76944956490854,299.2648149534706
2017-08-17 03:45:00,3,299.74338137731064,299.236359846541
2017-08-17 04:00:00,3,299.72002973362834,299.2112358099685
2017-08-17 04:15:00,3,299.698426354651,299.18803379582795
2017-08-17 04:30:00,3,299.678066251862,299.16594280719784
2017-08-17 04:45:00,3,299.65888011493996,299.1448242975642
2017-08-17 05:00:00,3,299.6409777380562,299.1249445342134
2017-08-17 05:15:00,3,299.6244389692575,299.1066244306343
2017-08-17 05:30:00,3,299.60916600779245,299.0899813659137
2017-08-17 05:45:00,3,299.5962197643487,299.07616344268934
2017-08-17 06:00:00,3,299.5906380232632,299.0688487719743
2017-08-17 06:15:00,3,299.59641844640845,299.0722058019036
2017-08-17 06:30:00,3,299.6139430532064,299.08819041393485
2017-08-17 06:45:00,3,299.6427007359657,299.1167668670789
2017-08-17 07:00:00,3,299.6823382519515,299.15645716254494
2017-08-17 07:15:00,3,299.73177605599375,299.20561319185606
2017-08-17 07:30:00,3,299.7891466172833,299.2621124418616
2017-08-17 07:45:00,3,299.85274557291564,299.32325150381337
2017-08-17 08:00:00,3,299.9216652329961,299.3853097581378
2017-08-17 08:15:00,3,299.9959260562752,299.444161226422
2017-08-17 08:30:00,3,300.07627116730754,299.5066274032094
2017-08-17 08:45:00,3,300.163842087968,299.57842381628234
2017-08-17 09:00:00,3,300.2592805142233,299.66148542726233
2017-08-17 09:15:00,3,300.36152176331615,299.7554035656896
2017-08-17 09:30:00,3,300.46863656660935,299.85972917913233
2017-08-17 09:45:00,3,300.5791548514699,299.9776367686638
2017-08-17 10:00:00,3,300.6922437234963,300.1035429016583
2017-08-17 10:15:00,3,300.8072195040395,300.231602623817
2017-08-17 10:30:00,3,300.92325109044697,300.3590581588207
2017-08-17 10:45:00,3,301.03993688044704,300.4858201561904
2017-08-17 11:00:00,3,301.15727670187295,300.6124733835389
2017-08-17 11:15:00,3,301.27507181474374,300.73921328896284
2017-08-17 11:30:00,3,301.3923763236474,300.8654473843008
2017-08-17 11:45:00,3,301.50679867633613,300.9896377795203
2017-08-17 12:00:00,3,301.6155454315661,301.1096687313666
2017-08-17 12:15:00,3,301.7166754425946,301.22362521055777
2017-08-17 12:30:00,3,301.8098339081161,301.3306435759231
2017-08-17 12:45:00,3,301.8964591670099,301.4313229990253
2017-08-17 13:00:00,3,301.9780486516137,301.5271408324352
2017-08-17 13:15:00,3,302.0551848530453,301.61941658874514
2017-08-17 13:30:00,3,302.12829901943843,301.70892047253096
2017-08-17 13:45:00,3,302.1979489982584,301.7961017559783
2017-08-17 14:00:00,3,302.26420668144823,301.88104385862437
2017-08-17 14:15:00,3,302.32675749690776,301.9632932438859
2017-08-17 14:30:00,3,302.38514832486726,302.04200341624176
2017-08-17 14:45:00,3,302.4384835721219,302.11605029843975
2017-08-17 15:00:00,3,302.4861259530283,302.1841791777254
2017-08-17 15:15:00,3,302.52820426972454,302.24555480130437
2017-08-17 15:30:00,3,302.5650471159368,302.300323911141
2017-08-17 15:45:00,3,302.5980791436629,302.34970710041983
2017-08-17 16:00:00,3,302.6283191664256,302.39521681545824
2017-08-17 16:15:00,3,302.65481927136574,302.4371440884393
2017-08-17 16:30:00,3,302.6758942435249,302.47385324796306
2017-08-17 16:45:00,3,302.6896330144811,302.50281683269924
2017-08-17 17:00:00,3,302.69495659104797,302.5220363406353
2017-08-17 17:15:00,3,302.69093199914715,302.5300504539529
2017-08-17 17:30:00,3,302.67680115809316,302.5257901222447
2017-08-17 17:45:00,3,302.65241951375623,302.50897702598405
2017-08-17 18:00:00,3,302.61693019056986,302.47930585287395
2017-08-17 18:15:00,3,302.5672172108941,302.43496249747847
2017-08-17 18:30:00,3,302.5002001617162,302.3729756355179
2017-08-17 18:45:00,3,302.41318235012113,302.29021805389095
2017-08-17 19:00:00,3,302.30364314660477,302.1842671116663
2017-08-17 19:15:00,3,302.1731001048264,302.05640342566124
2017-08-17 19:30:00,3,302.0305802627118,301.9139395183879
2017-08-17 19:45:00,3,301.88595804734587,301.7644152776153
2017-08-17 20:00:00,3,301.7451631986157,301.6134094618287
2017-08-17 20:15:00,3,301.61074520959056,301.4659408508634
2017-08-17 20:30:00,3,301.4836633716041,301.32486393113504
2017-08-17 20:45:00,3,301.3648296832036,301.19172262850583
2017-08-17 21:00:00,3,301.25491728684835,301.0641203684526
2017-08-17 21:15:00,3,301.15398180201095,300.9417572382832
2017-08-17 21:30:00,3,301.0614911788517,300.82560236040894
2017-08-17 21:45:00,3,300.97634530408163,300.7161185728993
2017-08-17 22:00:00,3,300.89732519965673,300.61270799517683
2017-08-17 22:15:00,3,300.82342193533077,300.51405981263633
2017-08-17 22:30:00,3,300.75387722219745,300.4188107411642
2017-08-17 22:45:00,3,300.6881804927451,300.332291319227
2017-08-17 23:00:00,3,300.62596135404,300.25482412519193
2017-08-17 23:15:00,3,300.566875813686,300.18391866144265
2017-08-17 23:30:00,3,300.51044691209614,300.11727848450437
2017-08-17 23:45:00,3,300.455832340015,300.0535640579688
2017-08-18 00:00:00,3,300.4021631594056,299.9919455303869
2017-08-18 00:15:00,3,300.3488439990759,299.9317455960666
2017-08-18 00:30:00,3,300.2958048685282,299.8726161049511
2017-08-18 00:45:00,3,300.24390142507224,299.8148947274631
2017-08-18 01:00:00,3,300.194157708421,299.7594124905246
2017-08-18 01:15:00,3,300.1471524364143,299.70693212229804
2017-08-18 01:30:00,3,300.1030598651159,299.6578035363021
2017-08-18 01:45:00,3,300.0618408503864,299.61200280211705
2017-08-18 02:00:00,3,300.02339495364623,299.56934780082463
2017-08-18 02:15:00,3,299.9876224405479,299.52966137202145
2017-08-18 02:30:00,3,299.95425812969586,299.49266626942523
2017-08-18 02:45:00,3,299.9224450225484,299.4576790127393
2017-08-18 03:00:00,3,299.89109050495875,299.42363427121506
2017-08-18 03:15:00,3,299.8593549009409,299.38945094508574
2017-08-18 03:30:00,3,299.8270091520092,299.3546122177986
2017-08-18 03:45:00,3,299.79498261522644,299.31970630517503
2017-08-18 04:00:00,3,299.7646249560414,299.2862592268533
2017-08-18 04:15:00,3,299.73685856341626,299.2556530662778
2017-08-18 04:30:00,3,299.71196929996677,299.2284807256871
2017-08-18 04:45:00,3,299.68957718128047,299.2044710593756
2017-08-18 05:00:00,3,299.66907177433046,299.1828540525663
2017-08-18 05:15:00,3,299.64999558319823,299.1628478472874
2017-08-18 05:30:00,3,299.632112450779,299.1439943621151
2017-08-18 05:45:00,3,299.6173002859851,299.1279881304198
2017-08-18 06:00:00,3,299.61198436899434,299.119617648025
2017-08-18 06:15:00,3,299.6192173562403,299.1230489704063
2017-08-18 06:30:00,3,299.63736019037026,299.1388762157439
2017-08-18 06:45:00,3,299.6642876189162,299.16529301788796
2017-08-18 07:00:00,3,299.6989046295748,299.2002141617772
2017-08-18 07:15:00,3,299.74124142985266,299.24236984903223
2017-08-18 07:30:00,3,299.7919134109555,299.29143080219006
2017-08-18 07:45:00,3,299.85139329139105,299.3466096976893
2017-08-18 08:00:00,3,299.9201837230759,299.40459119368705
2017-08-18 08:15:00,3,299.99818003544874,299.4629174360111
2017-08-18 08:30:00,3,300.08467826883367,299.5280339557537
2017-08-18 08:45:00,3,300.1778934469367,299.60374174639145
2017-08-18 09:00:00,3,300.27500642683236,299.68937864458275
2017-08-18 09:15:00,3,300.3729765608426,299.78248493655616
2017-08-18 09:30:00,3,300.46928404703664,299.88184206120866
2017-08-18 09:45:00,3,300.5634829978237,299.9892572587649
2017-08-18 10:00:00,3,300.6563350976291,300.0994136019402
2017-08-18 10:15:00,3,300.7482527893915,300.208112121888
2017-08-18 10:30:00,3,300.83957235526873,300.31432022506516
2017-08-18 10:45:00,3,300.931765908232,300.41919073007404
2017-08-18 11:00:00,3,301.02662408576566,300.52440255924716
2017-08-18 11:15:00,3,301.12508599272815,300.6306531263192
2017-08-18 11:30:00,3,301.2266661047988,300.738549497788
2017-08-18 11:45:00,3,301.32857227347523,300.8481756963689
2017-08-18 12:00:00,3,301.4273520439,300.9573129750962
2017-08-18 12:15:00,3,301.5205748845474,301.06282844766696
2017-08-18 12:30:00,3,301.6077215134747,301.1627401549174
2017-08-18 12:45:00,3,301.69070093653545,301.25735615616566
2017-08-18 13:00:00,3,301.7717676926068,301.3487592072803
2017-08-18 13:15:00,3,301.8519548561125,301.439329673056
2017-08-18 13:30:00,3,301.9309110426578,301.53028552936564
2017-08-18 13:45:00,3,302.00715583092466,301.6210746662012
2017-08-18 14:00:00,3,302.0789983193797,301.70990140051344
2017-08-18 14:15:00,3,302.14508646669674,301.79469879013425
2017-08-18 14:30:00,3,302.204533308634,301.8738103645706
2017-08-18 14:45:00,3,302.2568902370904,301.9461928673022
2017-08-18 15:00:00,3,302.3018678065244,302.0112151900312
2017-08-18 15:15:00,3,302.33814753472643,302.06785604581717
2017-08-18 15:30:00,3,302.3661128185716,302.11553378644714
2017-08-18 15:45:00,3,302.3887094012002,302.1556367719672
2017-08-18 16:00:00,3,302.4073197833272,302.190493803729
2017-08-18 16:15:00,3,302.4218550768217,302.22147545365834
2017-08-18 16:30:00,3,302.4314409985353,302.24804695098726
2017-08-18 16:45:00,3,302.43487073312104,302.26855143258155
2017-08-18 17:00:00,3,302.431620193918,302.28038664480533
2017-08-18 17:15:00,3,302.42135575546104,302.2821525598353
2017-08-18 17:30:00,3,302.40366969937105,302.2736054569929
2017-08-18 17:45:00,3,302.3782377441443,302.2549021047835
2017-08-18 18:00:00,3,302.34383544142185,302.2251704483974
2017-08-18 18:15:00,3,302.2966066029357,302.1815198770091
2017-08-18 18:30:00,3,302.2323738594577,302.12101371802555
2017-08-18 18:45:00,3,302.147510936099,302.0404014642244
2017-08-18 19:00:00,3,302.0391322208438,301.93754404598894
2017-08-18 19:15:00,3,301.90843643919067,301.81169749735454
2017-08-18 19:30:00,3,301.7646667909853,301.66476486375495
2017-08-18 19:45:00,3,301.61863162051793,301.50606110659464
2017-08-18 20:00:00,3,301.47727913751197,301.3470587700267
2017-08-18 20:15:00,3,301.34383796646546,301.19575845300096
2017-08-18 20:30:00,3,301.2193170385503,301.0550900050071
2017-08-18 20:45:00,3,301.10362651358406,300.9226009728293
2017-08-18 21:00:00,3,300.9961841013871,300.7950853647021
2017-08-18 21:15:00,3,300.896221604617,300.6718038689516
2017-08-18 21:30:00,3,300.8030695327081,300.5532606109473
2017-08-18 21:45:00,3,300.7164823260843,300.4398022299319
2017-08-18 22:00:00,3,300.63634889195254,300.33031836188275
2017-08-18 22:15:00,3,300.56239196730866,300.23262786104516
2017-08-18 22:30:00,3,300.49395855916976,300.1472775862328
2017-08-18 22:45:00,3,300.42971226769345,300.0704177556222
2017-08-18 23:00:00,3,300.3682380107758,299.9983047903096
2017-08-18 23:15:00,3,300.30853333882266,299.9289706264167
2017-08-18 23:30:00,3,300.2502039681945,299.8618942657181
2017-08-18 23:45:00,3,300.19372699213216,299.7973625397175
2017-08-19 00:00:00,3,300.1397736369903,299.73590921592614
2017-08-19 00:15:00,3,300.0886818420922,299.67790216024736
2017-08-19 00:30:00,3,300.04030929223904,299.6232600836109
2017-08-19 00:45:00,3,299.9938460104839,299.5713159594883
2017-08-19 01:00:00,3,299.94833275807326,299.52106382106757
2017-08-19 01:15:00,3,299.90308301881123,299.47157467262974
2017-08-19 01:30:00,3,299.8577278998593,299.4222600181532
2017-08-19 01:45:00,3,299.81218951067746,299.3729086475056
2017-08-19 02:00:00,3,299.7665037321621,299.32353413730056
2017-08-19 02:15:00,3,299.72070749757,299.27419572221663
2017-08-19 02:30:00,3,299.67488331083956,299.2249443658239
2017-08-19 02:45:00,3,299.62925687244444,299.1758207344026
2017-08-19 03:00:00,3,299.58401844878654,299.12679120735703
2017-08-19 03:15:00,3,299.53926743409585,299.07773802140895
2017-08-19 03:30:00,3,299.4952677964297,299.02874764713704
2017-08-19 03:45:00,3,299.452753687771,298.98048373739874
2017-08-19 04:00:00,3,299.41253650027585,298.93403823539444
2017-08-19 04:15:00,3,299.3751334825383,298.8904194961095
2017-08-19 04:30:00,3,299.3408391190871,298.85029299854386
2017-08-19 04:45:00,3,299.31000116008204,298.81423209041657
2017-08-19 05:00:00,3,299.2829305187619,298.7825811781969
2017-08-19 05:15:00,3,299.2597399857854,298.75548503311313
2017-08-19 05:30:00,3,299.2402530341291,298.7328891780125
2017-08-19 05:45:00,3,299.22595400038125,298.7163740013036
2017-08-19 06:00:00,3,299.2232796817082,298.7106432978178
2017-08-19 06:15:00,3,299.2360094313879,298.7201057037142
2017-08-19 06:30:00,3,299.2629727295884,298.74562712288406
2017-08-19 06:45:00,3,299.3018227229964,298.78473276469816
2017-08-19 07:00:00,3,299.35057760630286,298.8340144729044
2017-08-19 07:15:00,3,299.40674937603904,298.8907675562915
2017-08-19 07:30:00,3,299.46834091644666,298.9523728146592
2017-08-19 07:45:00,3,299.5345988338857,299.0168246413018
2017-08-19 08:00:00,3,299.6057680847616,299.08164324549426
2017-08-19 08:15:00,3,299.6828942918258,299.1417559508959
2017-08-19 08:30:00,3,299.7671687083414,299.20508468791684
2017-08-19 08:45:00,3,299.8583721237157,299.27818562474744
2017-08-19 09:00:00,3,299.9542240633404,299.36186146759553
2017-08-19 09:15:00,3,300.0516098871781,299.45352567679635
2017-08-19 09:30:00,3,300.1483829525187,299.55067792227345
2017-08-19 09:45:00,3,300.24492520754825,299.65339951516785
2017-08-19 10:00:00,3,300.3428803765307,299.76623123934405
2017-08-19 10:15:00,3,300.4433677693274,299.8850409294689
2017-08-19 10:30:00,3,300.54697114874557,300.00573940909317
2017-08-19 10:45:00,3,300.65465309861173,300.12709540984156
2017-08-19 11:00:00,3,300.7673644411861,300.24964377206265
2017-08-19 11:15:00,3,300.88538386903326,300.3734648866793
2017-08-19 11:30:00,3,301.0075846988869,300.50006388970394
2017-08-19 11:45:00,3,301.1298469711221,300.62885226870236
2017-08-19 12:00:00,3,301.24713170083464,300.75631312241194
2017-08-19 12:15:00,3,301.3559243515359,300.8782351620723
2017-08-19 12:30:00,3,301.45537622831995,300.9921549456473
2017-08-19 12:45:00,3,301.5477590210204,301.09849134381216
2017-08-19 13:00:00,3,301.63590386716254,301.1996711629477
2017-08-19 13:15:00,3,301.7213762975884,301.29828136014623
2017-08-19 13:30:00,3,301.8045628168962,301.3957576271245
2017-08-19 13:45:00,3,301.88505283742836,301.4921468790808
2017-08-19 14:00:00,3,301.9620442406987,301.5865669544183
2017-08-19 14:15:00,3,302.03424765092547,301.6775867258993
2017-08-19 14:30:00,3,302.1005542076396,301.7636436843374
2017-08-19 14:45:00,3,302.160836943881,301.84370666054417
2017-08-19 15:00:00,3,302.2151696484293,301.9173968665061
2017-08-19 15:15:00,3,302.26328698211694,301.9845160909578
2017-08-19 15:30:00,3,302.3051715686154,302.0448731280071
2017-08-19 15:45:00,3,302.340442688988,302.09832167248175
2017-08-19 16:00:00,3,302.3678695554558,302.1443575615617
2017-08-19 16:15:00,3,302.3861507434258,302.18169685148996
2017-08-19 16:30:00,3,302.3944852583435,302.2089587582951
2017-08-19 16:45:00,3,302.3931510074354,302.22570383231573
2017-08-19 17:00:00,3,302.3833337893472,302.23225291986535
2017-08-19 17:15:00,3,302.3657271949787,302.22814971258185
2017-08-19 17:30:00,3,302.34043881806485,302.21328297251245
2017-08-19 17:45:00,3,302.3075287808939,302.1878546805317
2017-08-19 18:00:00,3,302.26607610083954,302.1509960383231
2017-08-19 18:15:00,3,302.21247080289703,302.1013785369605
2017-08-19 18:30:00,3,302.1426225545099,302.03587071908595
2017-08-19 18:45:00,3,302.0528815753043,301.95066961197034
2017-08-19 19:00:00,3,301.9406502279076,301.8432243910713
2017-08-19 19:15:00,3,301.8077790016788,301.7156539554379
2017-08-19 19:30:00,3,301.6635331843244,301.56921090132926
2017-08-19 19:45:00,3,301.51779931864087,301.4120917540257
2017-08-19 20:00:00,3,301.3765167702653,301.2547311532857
2017-08-19 20:15:00,3,301.2423063727263,301.10423591117564
2017-08-19 20:30:00,3,301.1160334522076,300.96301289660835
2017-08-19 20:45:00,3,300.9980067286829,300.8300607713792
2017-08-19 21:00:00,3,300.8881730021651,300.7021041791184
2017-08-19 21:15:00,3,300.78610870016405,300.5783662464457
2017-08-19 21:30:00,3,300.6911724808403,300.45952211756395
2017-08-19 21:45:00,3,300.6026421833759,300.3459474018962
2017-08-19 22:00:00,3,300.51980245830634,300.2369991466893
2017-08-19 22:15:00,3,300.44198724440594,300.13354042366717
2017-08-19 22:30:00,3,300.3685564743328,300.0397719998851
2017-08-19 22:45:00,3,300.29880724763217,299.95515011057324
2017-08-19 23:00:00,3,300.23204278071114,299.87663115629493
2017-08-19 23:15:00,3,300.1676782709754,299.8017130572722
2017-08-19 23:30:00,3,300.1054050011265,299.7294038849952
2017-08-19 23:45:00,3,300.0454683577853,299.6598272212395
2017-08-20 00:00:00,3,299.9882820698938,299.59348069616203
2017-08-20 00:15:00,3,299.93405033162037,299.5307118194264
2017-08-20 00:30:00,3,299.8826565491522,299.4714782551879
2017-08-20 00:45:00,3,299.83356930610194,299.4153372929583
2017-08-20 01:00:00,3,299.7861628367557,299.3616514212551
2017-08-20 01:15:00,3,299.73997107728866,299.3098407489233
2017-08-20 01:30:00,3,299.6948224538789,299.25960822126314
2017-08-20 01:45:00,3,299.6510321180687,299.2110720340802
2017-08-20 02:00:00,3,299.6090167330558,299.1645946617562
2017-08-20 02:15:00,3,299.56899533584357,299.1204764050853
2017-08-20 02:30:00,3,299.5308392889717,299.0786583976836
2017-08-20 02:45:00,3,299.4937897686923,299.03853449532596
2017-08-20 03:00:00,3,299.4569459096826,298.9991705850331
2017-08-20 03:15:00,3,299.41969971847533,298.9597285788584
2017-08-20 03:30:00,3,299.38191210942665,298.91982700253675
2017-08-20 03:45:00,3,299.344144451923,298.8796753213787
2017-08-20 04:00:00,3,299.3071760068215,298.83982064631437
2017-08-20 04:15:00,3,299.2716251316586,298.80081392762867
2017-08-20 04:30:00,3,299.23784499207585,298.76301382145846
2017-08-20 04:45:00,3,299.20561995257884,298.72644832613355
2017-08-20 05:00:00,3,299.17440703786457,298.69085753314255
2017-08-20 05:15:00,3,299.14372453917093,298.6560032338962
2017-08-20 05:30:00,3,299.11325501191396,298.62161248007186
2017-08-20 05:45:00,3,299.0846038925429,298.5891620819357
2017-08-20 06:00:00,3,299.0640741711874,298.563576202588
2017-08-20 06:15:00,3,299.05654975477205,298.550410019796
2017-08-20 06:30:00,3,299.06320465141715,298.55257956832276
2017-08-20 06:45:00,3,299.08397453751724,298.5704821415326
2017-08-20 07:00:00,3,299.11797632858594,298.6033084029217
2017-08-20 07:15:00,3,299.16260094246803,298.6485379592431
2017-08-20 07:30:00,3,299.2151292342775,298.7029106763179
2017-08-20 07:45:00,3,299.2750594553798,298.7639936901187
2017-08-20 08:00:00,3,299.3436892031576,298.8303498301647
2017-08-20 08:15:00,3,299.4229677975422,298.89989049676564
2017-08-20 08:30:00,3,299.5138370058325,298.9688083224311
2017-08-20 08:45:00,3,299.6153242653484,299.04583714310587
2017-08-20 09:00:00,3,299.72549120202046,299.1359066657531
2017-08-20 09:15:00,3,299.8422974267688,299.23825452841294
2017-08-20 09:30:00,3,299.964151661573,299.350226150824
2017-08-20 09:45:00,3,300.0894452889917,299.4706077636871
2017-08-20 10:00:00,3,300.21628867296585,299.6042815344264
2017-08-20 10:15:00,3,300.34263104797367,299.74414335130024
2017-08-20 10:30:00,3,300.4668449564173,299.8829646260882
2017-08-20 10:45:00,3,300.58846903953173,300.0171828528494
2017-08-20 11:00:00,3,300.70766106370314,300.1469955036378
2017-08-20 11:15:00,3,300.8243608836578,300.27378365890775
2017-08-20 11:30:00,3,300.9379577309678,300.3983447367712
2017-08-20 11:45:00,3,301.04697309093353,300.519971962314
2017-08-20 12:00:00,3,301.14984993299385,300.6370067085913
2017-08-20 12:15:00,3,301.2455782709898,300.74782878255024
2017-08-20 12:30:00,3,301.3345183598794,300.85193612053956
2017-08-20 12:45:00,3,301.4192916621764,300.9506361576594
2017-08-20 13:00:00,3,301.5025871267845,301.04649819400584
2017-08-20 13:15:00,3,301.5856004481352,301.1419806447417
2017-08-20 13:30:00,3,301.6679879468809,301.23811189851347
2017-08-20 13:45:00,3,301.7477030359433,301.3339023218651
2017-08-20 14:00:00,3,301.82226118334825,301.4269559173512
2017-08-20 14:15:00,3,301.88974192097385,301.5146477156153
2017-08-20 14:30:00,3,301.9492606290551,301.5951917334181
2017-08-20 14:45:00,3,302.0013923697723,301.6681740962017
2017-08-20 15:00:00,3,302.04714578867265,301.73408802757973
2017-08-20 15:15:00,3,302.0869368711494,301.7934656185905
2017-08-20 15:30:00,3,302.12127347583646,301.8468449039792
2017-08-20 15:45:00,3,302.1505261518248,301.89464914176216
2017-08-20 16:00:00,3,302.1741023708829,301.93669225611467
2017-08-20 16:15:00,3,302.19086566562066,301.97201355874125
2017-08-20 16:30:00,3,302.19983799930344,301.9991266491077
2017-08-20 16:45:00,3,302.2007648688368,302.0171233293144
2017-08-20 17:00:00,3,302.19422018359586,302.0258440687935
2017-08-20 17:15:00,3,302.1799729524609,302.0245003098943
2017-08-20 17:30:00,3,302.1574844200556,302.0119807461607
2017-08-20 17:45:00,3,302.12685279208483,301.98785775710695
2017-08-20 18:00:00,3,302.08747231488405,301.9527153566562
2017-08-20 18:15:00,3,302.0365118679353,301.9056784866251
2017-08-20 18:30:00,3,301.9706034867662,301.8440612878136
2017-08-20 18:45:00,3,301.88674045097963,301.76443309650347
2017-08-20 19:00:00,3,301.7828944000402,301.66434857979084
2017-08-20 19:15:00,3,301.66141380349626,301.54554041215874
2017-08-20 19:30:00,3,301.5308303315352,301.413068650238
2017-08-20 19:45:00,3,301.3992311011427,301.27413878543877
2017-08-20 20:00:00,3,301.2709587086704,301.1347686184639
2017-08-20 20:15:00,3,301.14774842856616,300.99910599543824
2017-08-20 20:30:00,3,301.0303895473883,300.86902016423073
2017-08-20 20:45:00,3,300.9201670509305,300.74625366670693
2017-08-20 21:00:00,3,300.8182554056466,300.6285800847641
2017-08-20 21:15:00,3,300.725046545426,300.51603967512557
2017-08-20 21:30:00,3,300.64013321756374,300.409804446222
2017-08-20 21:45:00,3,300.56230696830806,300.310315567967
2017-08-20 22:00:00,3,300.49017385719065,300.2168126130152
2017-08-20 22:15:00,3,300.4226181436554,300.1278808602119
2017-08-20 22:30:00,3,300.3588150480396,300.0417480957197
2017-08-20 22:45:00,3,300.298124567095,299.96141233610155
2017-08-20 23:00:00,3,300.24004007875084,299.8882400833011
2017-08-20 23:15:00,3,300.1841846328475,299.8207951100335
2017-08-20 23:30:00,3,300.1302241901237,299.7570472701797
2017-08-20 23:45:00,3,300.07774737141887,299.69569000185066
2017-08-21 00:00:00,3,300.0263536262676,299.6361214925796
2017-08-21 00:15:00,3,299.9757319325188,299.57802074475745
2017-08-21 00:30:00,3,299.92571239705666,299.5211395085941
2017-08-21 00:45:00,3,299.87636735700437,299.4653741832314
2017-08-21 01:00:00,3,299.8278531768565,299.4107888077393
2017-08-21 01:15:00,3,299.7802433222394,299.35749393312454
2017-08-21 01:30:00,3,299.73358258882536,299.3055588567326
2017-08-21 01:45:00,3,299.6879880324702,299.25499910437173
2017-08-21 02:00:00,3,299.64351550827945,299.2057525120567
2017-08-21 02:15:00,3,299.60009774234703,299.15765699918546
2017-08-21 02:30:00,3,299.55750362613696,299.11039402098555
2017-08-21 02:45:00,3,299.5152221833389,299.06343231197127
2017-08-21 03:00:00,3,299.47274007933856,299.01614711799857
2017-08-21 03:15:00,3,299.4297762032926,298.9680568161767
2017-08-21 03:30:00,3,299.3864159615028,298.9191170511408
2017-08-21 03:45:00,3,299.3432513512559,298.86988552568056
2017-08-21 04:00:00,3,299.30096177931273,298.82126099049606
2017-08-21 04:15:00,3,299.25999061210325,298.77404510985525
2017-08-21 04:30:00,3,299.22072044801223,298.72891175780774
2017-08-21 04:45:00,3,299.18394749010895,298.6867807659222
2017-08-21 05:00:00,3,299.15058182695884,298.6488093672977
2017-08-21 05:15:00,3,299.1211801726208,298.61603218351854
2017-08-21 05:30:00,3,299.0959200632719,298.5887890667448
2017-08-21 05:45:00,3,299.07610905569896,298.5679700220161
2017-08-21 06:00:00,3,299.06611590671724,298.5563256961258
2017-08-21 06:15:00,3,299.06868801166274,298.5567551297802
2017-08-21 06:30:00,3,299.0833468779019,298.5701696240429
2017-08-21 06:45:00,3,299.1082218895431,298.595460562406
2017-08-21 07:00:00,3,299.14146137860604,298.6306230633583
2017-08-21 07:15:00,3,299.1815992104982,298.6732763822808
2017-08-21 07:30:00,3,299.2281447780144,298.72211977252505
2017-08-21 07:45:00,3,299.281979474641,298.7764109766114
2017-08-21 08:00:00,3,299.3442351758605,298.8352501628062
2017-08-21 08:15:00,3,299.41478412889944,298.8936537605751
2017-08-21 08:30:00,3,299.4926665228437,298.9536558707848
2017-08-21 08:45:00,3,299.5787052077794,299.0217710147539
2017-08-21 09:00:00,3,299.67461005567367,299.10204384635335
2017-08-21 09:15:00,3,299.78104648769346,299.195437838778
2017-08-21 09:30:00,3,299.8972264691156,299.30139255707087
2017-08-21 09:45:00,3,300.02035628618955,299.41924255598707
2017-08-21 10:00:00,3,300.14613094041783,299.5520735818053
2017-08-21 10:15:00,3,300.27031345123896,299.6908630192054
2017-08-21 10:30:00,3,300.39026162049737,299.82767209173414
2017-08-21 10:45:00,3,300.50616388094073,299.9590360407749
2017-08-21 11:00:00,3,300.6196290934717,300.0856682754864
2017-08-21 11:15:00,3,300.73184853224245,300.2096050227145
2017-08-21 11:30:00,3,300.842991354734,300.3320770584595
2017-08-21 11:45:00,3,300.9518354210268,300.4527736878033
2017-08-21 12:00:00,3,301.0566075995994,300.57030017808944
2017-08-21 12:15:00,3,301.15601264248517,300.6831646506004
2017-08-21 12:30:00,3,301.2499749379627,300.79071285901557
2017-08-21 12:45:00,3,301.3392934035604,300.89334925241417
2017-08-21 13:00:00,3,301.4244960800476,300.9920178025264
2017-08-21 13:15:00,3,301.50549883904216,301.0874862506569
2017-08-21 13:30:00,3,301.5819223661601,301.17993402889334
2017-08-21 13:45:00,3,301.6533603682642,301.2689927491868
2017-08-21 14:00:00,3,301.7194055066876,301.3540426264266
2017-08-21 14:15:00,3,301.77953204600027,301.4343029783663
2017-08-21 14:30:00,3,301.83336305028155,301.5089807109717
2017-08-21 14:45:00,3,301.88101609153824,301.5775908355888
2017-08-21 15:00:00,3,301.92272517755833,301.639942892744
2017-08-21 15:15:00,3,301.9583932951932,301.69589124358174
2017-08-21 15:30:00,3,301.98789799104554,301.74529050054036
2017-08-21 15:45:00,3,302.0113994917726,301.7880772484221
2017-08-21 16:00:00,3,302.02888502170384,301.8240780556184
2017-08-21 16:15:00,3,302.0387745576093,301.8522691185976
2017-08-21 16:30:00,3,302.04048479602477,301.8713811240671
2017-08-21 16:45:00,3,302.03467325996405,301.88095519467873
2017-08-21 17:00:00,3,302.0204947833017,301.8810373131505
2017-08-21 17:15:00,3,301.9964622659709,301.87122471538896
2017-08-21 17:30:00,3,301.9624170814552,301.84943708414824
2017-08-21 17:45:00,3,301.9194867452194,301.8151954718195
2017-08-21 18:00:00,3,301.8680449850069,301.7689704673035
2017-08-21 18:15:00,3,301.8062696471411,301.71043523988004
2017-08-21 18:30:00,3,301.7319080245037,301.6381402326729
2017-08-21 18:45:00,3,301.6410501392586,301.54899368880905
2017-08-21 19:00:00,3,301.52982781882474,301.4407257923633
2017-08-21 19:15:00,3,301.40393396566134,301.31196364990194
2017-08-21 19:30:00,3,301.27312054587975,301.1700355432695
2017-08-21 19:45:00,3,301.1441065189636,301.0257979299637
2017-08-21 20:00:00,3,301.02008935910555,300.8866063090031
2017-08-21 20:15:00,3,300.9021380802618,300.7547522562745
2017-08-21 20:30:00,3,300.79054747277263,300.6307502877999
2017-08-21 20:45:00,3,300.6859251942728,300.51085652167615
2017-08-21 21:00:00,3,300.5888097930127,300.39424232455207
2017-08-21 21:15:00,3,300.4992299269462,300.28225227128985
2017-08-21 21:30:00,3,300.41672521129266,300.17610029922014
2017-08-21 21:45:00,3,300.3403929197851,300.07577899598465
2017-08-21 22:00:00,3,300.26925561761897,299.98018927782323
2017-08-21 22:15:00,3,300.2025081112953,299.88959655310947
2017-08-21 22:30:00,3,300.13959515113095,299.807451311828
2017-08-21 22:45:00,3,300.08027874844566,299.7335820778578
2017-08-21 23:00:00,3,300.0243941840591,299.66585170816825
2017-08-21 23:15:00,3,299.97169456182917,299.602476984111
2017-08-21 23:30:00,3,299.9217929688021,299.5425800004269
2017-08-21 23:45:00,3,299.87407620659764,299.48569264067925
2017-08-22 00:00:00,3,299.8279509447151,299.43135476053357
2017-08-22 00:15:00,3,299.78300191346847,299.37908061175665
2017-08-22 00:30:00,3,299.73895490966055,299.3284609321496
2017-08-22 00:45:00,3,299.69560523196697,299.2791770414437
2017-08-22 01:00:00,3,299.6527822254102,299.23096386288177
2017-08-22 01:15:00,3,299.6103523297061,299.18359214015584
2017-08-22 01:30:00,3,299.56834422751837,299.1369867944376
2017-08-22 01:45:00,3,299.5271777806916,299.09137744988556
2017-08-22 02:00:00,3,299.48734302459223,299.0471999708078
2017-08-22 02:15:00,3,299.4491207908367,299.0048451301486
2017-08-22 02:30:00,3,299.41277474416285,298.964645804403
2017-08-22 02:45:00,3,299.37903001976326,298.9271739137461
2017-08-22 03:00:00,3,299.3487493553367,298.8933605214421
2017-08-22 03:15:00,3,299.32247194692707,298.8639302445362
2017-08-22 03:30:00,3,299.3001953373186,298.83902714680073
2017-08-22 03:45:00,3,299.28107965251866,298.8180329971005
2017-08-22 04:00:00,3,299.2639515933181,298.79979745911874
2017-08-22 04:15:00,3,299.2478808952529,298.78314623984124
2017-08-22 04:30:00,3,299.2322107821906,298.7671753480237
2017-08-22 04:45:00,3,299.21632114208904,298.751170712803
2017-08-22 05:00:00,3,299.19966253028264,298.73448019842067
2017-08-22 05:15:00,3,299.18187186817187,298.71652167158817
2017-08-22 05:30:00,3,299.16288069113983,298.6969934831391
2017-08-22 05:45:00,3,299.14435464026286,298.677296612664
2017-08-22 06:00:00,3,299.1315519735712,298.66169291140824
2017-08-22 06:15:00,3,299.12879780092635,298.65516205400314
2017-08-22 06:30:00,3,299.1374091612018,298.6607270463649
2017-08-22 06:45:00,3,299.1575731421712,298.6790642986662
2017-08-22 07:00:00,3,299.1885645182228,298.7091970198605
2017-08-22 07:15:00,3,299.2282301786569,298.748978823264
2017-08-22 07:30:00,3,299.27457178790667,298.7955063728257
2017-08-22 07:45:00,3,299.3278041333815,298.8466602001887
2017-08-22 08:00:00,3,299.388970356605,298.8993875254115
2017-08-22 08:15:00,3,299.45831895046507,298.95229823995084
2017-08-22 08:30:00,3,299.5355062130172,299.011676363717
2017-08-22 08:45:00,3,299.619361707938,299.0813071496202
2017-08-22 09:00:00,3,299.7081529899094,299.1610137531551
2017-08-22 09:15:00,3,299.80000727673735,299.24896650804175
2017-08-22 09:30:00,3,299.89353243818385,299.3441514476615
2017-08-22 09:45:00,3,299.9886924382121,299.4503247605571
2017-08-22 10:00:00,3,300.0862888431823,299.56304623177357
2017-08-22 10:15:00,3,300.1864544302502,299.6777829233928
2017-08-22 10:30:00,3,300.2883611866354,299.79214409708135
2017-08-22 10:45:00,3,300.3899647482485,299.9049063418242
2017-08-22 11:00:00,3,300.4888291760808,300.0148537363209
2017-08-22 11:15:00,3,300.5830196955687,300.12090893289053
2017-08-22 11:30:00,3,300.6715978011093,300.22223335907324
2017-08-22 11:45:00,3,300.7550882755601,300.3184721192391
2017-08-22 12:00:00,3,300.83453936554486,300.40997540203375
2017-08-22 12:15:00,3,300.9106787449184,300.497491418755
2017-08-22 12:30:00,3,300.98460267594294,300.58199642903975
2017-08-22 12:45:00,3,301.0578370390898,300.6647649156611
2017-08-22 13:00:00,3,301.1311251844128,300.74723554509427
2017-08-22 13:15:00,3,301.2042692161671,300.8306157320908
2017-08-22 13:30:00,3,301.2769398985129,300.9154410931058
2017-08-22 13:45:00,3,301.34948647020144,301.00184894348865
2017-08-22 14:00:00,3,301.4228709254147,301.0899668542748
2017-08-22 14:15:00,3,301.49806027024306,301.1800124734073
2017-08-22 14:30:00,3,301.5747880900951,301.2717775653263
2017-08-22 14:45:00,3,301.65047303316294,301.36341335699785
2017-08-22 15:00:00,3,301.72173709115305,301.4518112020017
2017-08-22 15:15:00,3,301.78588272163915,301.5339063389405
2017-08-22 15:30:00,3,301.8414369653605,301.6077103360523
2017-08-22 15:45:00,3,301.8881571294507,301.6725603521629
2017-08-22 16:00:00,3,301.9261812858912,301.7281855334025
2017-08-22 16:15:00,3,301.95513699907065,301.77409193117796
2017-08-22 16:30:00,3,301.9746794799242,301.8097745312493
2017-08-22 16:45:00,3,301.9843547264938,301.8349284587052
2017-08-22 17:00:00,3,301.9831979618937,301.8489962600822
2017-08-22 17:15:00,3,301.96989634894675,301.8508411489693
2017-08-22 17:30:00,3,301.9444059205332,301.83847620742824
2017-08-22 17:45:00,3,301.9078993736117,301.81165167800043
2017-08-22 18:00:00,3,301.86077226040896,301.77096372037
2017-08-22 18:15:00,3,301.80115397212427,301.7160316956127
2017-08-22 18:30:00,3,301.72668388083684,301.6452162815984
2017-08-22 18:45:00,3,301.6330558834915,301.55507110574626
2017-08-22 19:00:00,3,301.5161545463146,301.4429723335553
2017-08-22 19:15:00,3,301.383211906111,301.30982186351207
2017-08-22 19:30:00,3,301.24561665560543,301.1626479838528
2017-08-22 19:45:00,3,301.1110844684256,301.0129754184704
2017-08-22 20:00:00,3,300.9834015215432,300.8694992319744
2017-08-22 20:15:00,3,300.8638731626299,300.7352972265012
2017-08-22 20:30:00,3,300.7525292810655,300.6101870886082
2017-08-22 20:45:00,3,300.6488019097131,300.4921970419977
2017-08-22 21:00:00,3,300.55188621563957,300.3782786204926
2017-08-22 21:15:00,3,300.46094530821335,300.2674222228683
2017-08-22 21:30:00,3,300.37541814917773,300.15994400441605
2017-08-22 21:45:00,3,300.29549367304986,300.05657357917954
2017-08-22 22:00:00,3,300.2216078708959,299.9579632900501
2017-08-22 22:15:00,3,300.1538993424457,299.86408401690477
2017-08-22 22:30:00,3,300.09210981786936,299.7792647721977
2017-08-22 22:45:00,3,300.03555975859734,299.7051832982212
2017-08-22 23:00:00,3,299.98342292800584,299.63977299828554
2017-08-22 23:15:00,3,299.9349513079527,299.5801884891176
2017-08-22 23:30:00,3,299.8894737252829,299.5245755566019
2017-08-22 23:45:00,3,299.8462013035106,299.4720020624802
2017-08-23 00:00:00,3,299.80436989027254,299.4218607427952
2017-08-23 00:15:00,3,299.7634495090423,299.3735891038759
2017-08-23 00:30:00,3,299.7231105177385,299.3266902870413
2017-08-23 00:45:00,3,299.68313288217934,299.2807934405508
2017-08-23 01:00:00,3,299.6433642581404,299.23565066093533
2017-08-23 01:15:00,3,299.6037027248007,299.19109686156753
2017-08-23 01:30:00,3,299.5640781039171,299.1470099470746
2017-08-23 01:45:00,3,299.5244342446898,299.10328366024055
2017-08-23 02:00:00,3,299.4847236648346,299.0598194791515
2017-08-23 02:15:00,3,299.44490749482276,299.0165295947517
2017-08-23 02:30:00,3,299.4048927008011,298.9732681306144
2017-08-23 02:45:00,3,299.36438488643375,298.9296776192121
2017-08-23 03:00:00,3,299.32301893508816,298.885186555694
2017-08-23 03:15:00,3,299.28057394907887,298.8392229361284
2017-08-23 03:30:00,3,299.2372082843766,298.79163203860844
2017-08-23 03:45:00,3,299.19367598010393,298.74300505958377
2017-08-23 04:00:00,3,299.1508362193821,298.69443681420415
2017-08-23 04:15:00,3,299.1092609275062,298.6469698815877
2017-08-23 04:30:00,3,299.0692977333937,298.6013439667095
2017-08-23 04:45:00,3,299.03132408250235,298.5581642203145
2017-08-23 05:00:00,3,298.9957087934052,298.51801952355345
2017-08-23 05:15:00,3,298.9626712126262,298.4813743676379
2017-08-23 05:30:00,3,298.9323812151305,298.4486102346852
2017-08-23 05:45:00,3,298.9066282956523,298.42112646031984
2017-08-23 06:00:00,3,298.8906775118932,298.4025865541113
2017-08-23 06:15:00,3,298.8881644360517,298.3970128646955
2017-08-23 06:30:00,3,298.8992580002005,298.40622495491033
2017-08-23 06:45:00,3,298.92217590525075,298.4292593152838
2017-08-23 07:00:00,3,298.95467785093444,298.46360379452733
2017-08-23 07:15:00,3,298.99470071418716,298.50643932905615
2017-08-23 07:30:00,3,299.0400604324154,298.55451844258
2017-08-23 07:45:00,3,299.08903854675174,298.6055155905099
2017-08-23 08:00:00,3,299.1406161093943,298.6576789096592
2017-08-23 08:15:00,3,299.1953532974397,298.71055607599584
2017-08-23 08:30:00,3,299.25553551843774,298.7637358983746
2017-08-23 08:45:00,3,299.32444098027617,298.81804929315444
2017-08-23 09:00:00,3,299.4046840473776,298.8802486638858
2017-08-23 09:15:00,3,299.4958861313155,298.9549345080781
2017-08-23 09:30:00,3,299.5959491773731,299.0427411440849
2017-08-23 09:45:00,3,299.70251866855693,299.1422915353897
2017-08-23 10:00:00,3,299.8137200070019,299.25287699908773
2017-08-23 10:15:00,3,299.9276203691947,299.3775425333334
2017-08-23 10:30:00,3,300.0430592123947,299.509518609993
2017-08-23 10:45:00,3,300.16189940534815,299.64315173257717
2017-08-23 11:00:00,3,300.2873311945565,299.7779978484323
2017-08-23 11:15:00,3,300.42113898857036,299.91631523051177
2017-08-23 11:30:00,3,300.5624013559351,300.0595724920852
2017-08-23 11:45:00,3,300.70744451108715,300.2065653545446
2017-08-23 12:00:00,3,300.85213787240554,300.35406927697034
2017-08-23 12:15:00,3,300.99354087503457,300.49874182851084
2017-08-23 12:30:00,3,301.1302421713225,300.6386891987689
2017-08-23 12:45:00,3,301.26070848782837,300.77328914109233
2017-08-23 13:00:00,3,301.38230327906916,300.90210454463744
2017-08-23 13:15:00,3,301.4923717873881,301.0242304554018
2017-08-23 13:30:00,3,301.59000366765144,301.13882496253586
2017-08-23 13:45:00,3,301.67761482001094,301.24634256039275
2017-08-23 14:00:00,3,301.7587915395461,301.3485049995278
2017-08-23 14:15:00,3,301.83586267333663,301.446998984147
2017-08-23 14:30:00,3,301.90997728792485,301.5428702000819
2017-08-23 14:45:00,3,301.9819952145985,301.63656827439235
2017-08-23 15:00:00,3,302.0522793602389,301.72811440972225
2017-08-23 15:15:00,3,302.12036395511325,301.817066572107
2017-08-23 15:30:00,3,302.1850452183355,301.902404308868
2017-08-23 15:45:00,3,302.2441375571615,301.9822212138826
2017-08-23 16:00:00,3,302.29527295753564,302.05379236616744
2017-08-23 16:15:00,3,302.3363947588082,302.11464065954306
2017-08-23 16:30:00,3,302.36600715221556,302.1630185303768
2017-08-23 16:45:00,3,302.3829801820726,302.1978861913926
2017-08-23 17:00:00,3,302.3863586638575,302.2184341581287
2017-08-23 17:15:00,3,302.37522450273093,302.22375954516514
2017-08-23 17:30:00,3,302.3501414642072,302.21353966051095
2017-08-23 17:45:00,3,302.31292651888435,302.18856432790176
2017-08-23 18:00:00,3,302.26448725715966,302.149646425159
2017-08-23 18:15:00,3,302.2030909331303,302.09606760704384
2017-08-23 18:30:00,3,302.1261958796561,302.0255873921807
2017-08-23 18:45:00,3,302.02979498389595,301.93394872145666
2017-08-23 19:00:00,3,301.91013050564726,301.8179524546091
2017-08-23 19:15:00,3,301.77493994352545,301.6814946480192
2017-08-23 19:30:00,3,301.6355859416486,301.53485541079976
2017-08-23 19:45:00,3,301.49833362459054,301.389165237434
2017-08-23 20:00:00,3,301.3653323042029,301.2482891825716
2017-08-23 20:15:00,3,301.23697745694125,301.1133828304233
2017-08-23 20:30:00,3,301.11328136892377,300.9824553977299
2017-08-23 20:45:00,3,300.9947943837737,300.8546878458057
2017-08-23 21:00:00,3,300.88210563874486,300.73113090542256
2017-08-23 21:15:00,3,300.7753411364929,300.61018910595953
2017-08-23 21:30:00,3,300.6743566368013,300.49175930829523
2017-08-23 21:45:00,3,300.57912732583475,300.37677059001874
2017-08-23 22:00:00,3,300.4895828887347,300.26608530514125
2017-08-23 22:15:00,3,300.405437750469,300.15994740850095
2017-08-23 22:30:00,3,300.32611889015095,300.057918488375
2017-08-23 22:45:00,3,300.2506065106221,299.958798574473
2017-08-23 23:00:00,3,300.17783029207595,299.86273656325346
2017-08-23 23:15:00,3,300.10699975201186,299.77328577747136
2017-08-23 23:30:00,3,300.0378230898138,299.6902591244584
2017-08-23 23:45:00,3,299.97081466324164,299.6118177246943
2017-08-24 00:00:00,3,299.9066211116012,299.53688347323435
2017-08-24 00:15:00,3,299.84551756059346,299.46538492933837
2017-08-24 00:30:00,3,299.78741566816564,299.3974276098738
2017-08-24 00:45:00,3,299.73191752486076,299.3326932063148
2017-08-24 01:00:00,3,299.67852170190486,299.270453310774
2017-08-24 01:15:00,3,299.6268287031515,299.209913761624
2017-08-24 01:30:00,3,299.5765986142323,299.1505384064844
2017-08-24 01:45:00,3,299.52761432051494,299.09215593014386
2017-08-24 02:00:00,3,299.4796579863592,299.03483897235105
2017-08-24 02:15:00,3,299.4325599816843,298.9787078861864
2017-08-24 02:30:00,3,299.38629080775155,298.9239028680854
2017-08-24 02:45:00,3,299.3411321078568,298.8706752115829
2017-08-24 03:00:00,3,299.2974352545809,298.8193481187881
2017-08-24 03:15:00,3,299.2553945792362,298.77016811057047
2017-08-24 03:30:00,3,299.21494477701174,298.7231208020832
2017-08-24 03:45:00,3,299.17561662336027,298.6778362862624
2017-08-24 04:00:00,3,299.1368297208662,298.6337367169323
2017-08-24 04:15:00,3,299.09816122379016,298.5902895885568
2017-08-24 04:30:00,3,299.05946602540035,298.547230734746
2017-08-24 04:45:00,3,299.0210261692898,298.50467097270877
2017-08-24 05:00:00,3,298.9832518214482,298.4629464091083
2017-08-24 05:15:00,3,298.94641290339683,298.4223664950195
2017-08-24 05:30:00,3,298.91065879782053,298.38312473991886
2017-08-24 05:45:00,3,298.87728511514194,298.346446474696
2017-08-24 06:00:00,3,298.85080203550336,298.315998792683
2017-08-24 06:15:00,3,298.8354977600345,298.29626298135105
2017-08-24 06:30:00,3,298.8333517745479,298.2904670573595
2017-08-24 06:45:00,3,298.84513130906817,298.3001459501223
2017-08-24 07:00:00,3,298.87069986960654,298.3255552965119
2017-08-24 07:15:00,3,298.90823253821276,298.3654675791784
2017-08-24 07:30:00,3,298.95620727111867,298.4178995173735
2017-08-24 07:45:00,3,299.01612824509283,298.48100691443284
2017-08-24 08:00:00,3,299.0899730200557,298.55377024723265
2017-08-24 08:15:00,3,299.1780192564389,298.63339441467303
2017-08-24 08:30:00,3,299.27934917414336,298.7139819473531
2017-08-24 08:45:00,3,299.3927172313513,298.8033585409074
2017-08-24 09:00:00,3,299.5169073153574,298.9068555223265
2017-08-24 09:15:00,3,299.65067236054057,299.02450787776667
2017-08-24 09:30:00,3,299.7922758792211,299.1538470510717
2017-08-24 09:45:00,3,299.93973103248555,299.29402832865213
2017-08-24 10:00:00,3,300.0909498097038,299.4525715648829
2017-08-24 10:15:00,3,300.24374062624764,299.62197208912727
2017-08-24 10:30:00,3,300.3963070608725,299.7931047596495
2017-08-24 10:45:00,3,300.5480039755588,299.96160148084783
2017-08-24 11:00:00,3,300.6989995620458,300.1273857709553
2017-08-24 11:15:00,3,300.84931733783895,300.29175429541175
2017-08-24 11:30:00,3,300.9983038814592,300.4551279657208
2017-08-24 11:45:00,3,301.14451479500434,300.61645893472433
2017-08-24 12:00:00,3,301.28645135655523,300.77394520773373
2017-08-24 12:15:00,3,301.423105424906,300.9259892728028
2017-08-24 12:30:00,3,301.55467043642534,301.0722966113048
2017-08-24 12:45:00,3,301.68236577334693,301.213970109878
2017-08-24 13:00:00,3,301.8069615117725,301.3525421820839
2017-08-24 13:15:00,3,301.92830924155174,301.4889466432657
2017-08-24 13:30:00,3,302.04568687358096,301.6230808272487
2017-08-24 13:45:00,3,302.1579690767889,301.7539768933629
2017-08-24 14:00:00,3,302.2639853527293,301.88026128274964
2017-08-24 14:15:00,3,302.3627047195635,302.00053733501414
2017-08-24 14:30:00,3,302.45345455099675,302.11368052452434
2017-08-24 14:45:00,3,302.5360828287379,302.2189743318433
2017-08-24 15:00:00,3,302.6107202022201,302.3160286121884
2017-08-24 15:15:00,3,302.6773424866805,302.4044981012678
2017-08-24 15:30:00,3,302.7357005630267,302.4841801032609
2017-08-24 15:45:00,3,302.78563235184635,302.5547413330588
2017-08-24 16:00:00,3,302.82690391743705,302.61571455763794
2017-08-24 16:15:00,3,302.85875533972586,302.66627102173
2017-08-24 16:30:00,3,302.8803084109319,302.7054914271137
2017-08-24 16:45:00,3,302.8907067747331,302.7325593062901
2017-08-24 17:00:00,3,302.889152031344,302.74656646747104
2017-08-24 17:15:00,3,302.87461426294846,302.74641745459206
2017-08-24 17:30:00,3,302.84732585390253,302.7316949936365
2017-08-24 17:45:00,3,302.8087970260665,302.7032132429787
2017-08-24 18:00:00,3,302.7598903567203,302.661913741869
2017-08-24 18:15:00,3,302.6994218958396,302.6073900944209
2017-08-24 18:30:00,3,302.6251793443145,302.53748533144017
2017-08-24 18:45:00,3,302.53286685022914,302.4475712834574
2017-08-24 19:00:00,3,302.41896636523524,302.33432441741417
2017-08-24 19:15:00,3,302.29049804500727,302.2018997912102
2017-08-24 19:30:00,3,302.1577272963021,302.0597643404557
2017-08-24 19:45:00,3,302.0268735853805,301.91778451980207
2017-08-24 20:00:00,3,301.9005316065372,301.7814832454786
2017-08-24 20:15:00,3,301.779397284541,301.652171017043
2017-08-24 20:30:00,3,301.6632262659005,301.52930324004564
2017-08-24 20:45:00,3,301.55116984208,301.4120237215772
2017-08-24 21:00:00,3,301.44224532572264,301.29782633242854
2017-08-24 21:15:00,3,301.3356527921738,301.1859681670135
2017-08-24 21:30:00,3,301.2312153976035,301.0749407209885
2017-08-24 21:45:00,3,301.13010100756634,300.962470869363
2017-08-24 22:00:00,3,301.0337368575642,300.84975419225924
2017-08-24 22:15:00,3,300.9428694344506,300.73941032979263
2017-08-24 22:30:00,3,300.8575997572015,300.6333593523332
2017-08-24 22:45:00,3,300.77761640025153,300.53219019860103
2017-08-24 23:00:00,3,300.70242459397406,300.4355872703411
2017-08-24 23:15:00,3,300.631497738954,300.3429105359289
2017-08-24 23:30:00,3,300.56433023379645,300.2534100315958
2017-08-24 23:45:00,3,300.5004330284569,300.16580217141126
2017-08-25 00:00:00,3,300.43934951687027,300.0843811907844
2017-08-25 00:15:00,3,300.3806824166227,300.0102028538639
2017-08-25 00:30:00,3,300.3241557746481,299.94145392265494
2017-08-25 00:45:00,3,300.26964487938625,299.87609835194775
2017-08-25 01:00:00,3,300.2169696971712,299.81297677406593
2017-08-25 01:15:00,3,300.1658989188532,299.7515299983736
2017-08-25 01:30:00,3,300.116501583338,299.6916248962185
2017-08-25 01:45:00,3,300.0696262704028,299.63388528365596
2017-08-25 02:00:00,3,300.02635792435956,299.57963057533743
2017-08-25 02:15:00,3,299.98743385653734,299.5302464023766
2017-08-25 02:30:00,3,299.95298516747954,299.4864399732985
2017-08-25 02:45:00,3,299.92227355868437,299.4478616504475
2017-08-25 03:00:00,3,299.89428068347155,299.41344064417206
2017-08-25 03:15:00,3,299.8682080190413,299.3821241713905
2017-08-25 03:30:00,3,299.8433966125609,299.3529660667137
2017-08-25 03:45:00,3,299.81910150782585,299.32511055566505
2017-08-25 04:00:00,3,299.7946765266968,299.2978441545928
2017-08-25 04:15:00,3,299.76973347394073,299.27065766211393
2017-08-25 04:30:00,3,299.744163192052,299.2432936232944
2017-08-25 04:45:00,3,299.7181638130351,299.2157238230071
2017-08-25 05:00:00,3,299.69198254698114,299.18802127156613
2017-08-25 05:15:00,3,299.6657582331079,299.1602366063237
2017-08-25 05:30:00,3,299.6395541700513,299.13235816114764
2017-08-25 05:45:00,3,299.614269254765,299.1050527309785
2017-08-25 06:00:00,3,299.59347396442865,299.0808539329808
2017-08-25 06:15:00,3,299.5813701514305,299.0636497656248
2017-08-25 06:30:00,3,299.5803979837069,299.05703374933364
2017-08-25 06:45:00,3,299.5918483120499,299.06342052107107
2017-08-25 07:00:00,3,299.6162813726702,299.0839893657354
2017-08-25 07:15:00,3,299.65243819841885,299.11835939010984
2017-08-25 07:30:00,3,299.698809365004,299.16497436779616
2017-08-25 07:45:00,3,299.75587495409115,299.2221004905266
2017-08-25 08:00:00,3,299.8245296059673,299.2874152507237
2017-08-25 08:15:00,3,299.9042920800101,299.35290853268305
2017-08-25 08:30:00,3,299.993883932702,299.4238651675219
2017-08-25 08:45:00,3,300.09260314580854,299.5051858415898
2017-08-25 09:00:00,3,300.2002448831883,299.5985174858906
2017-08-25 09:15:00,3,300.316374458264,299.706384870086
2017-08-25 09:30:00,3,300.43972538350755,299.83605802572583
2017-08-25 09:45:00,3,300.56852017840924,299.98015002316333
2017-08-25 10:00:00,3,300.70106658245584,300.12980448027815
2017-08-25 10:15:00,3,300.83578655502396,300.27983837189885
2017-08-25 10:30:00,3,300.97136204308185,300.4286060867483
2017-08-25 10:45:00,3,301.10669636780017,300.5759450741374
2017-08-25 11:00:00,3,301.24059032948475,300.72149769208374
2017-08-25 11:15:00,3,301.3718600801105,300.8644675437827
2017-08-25 11:30:00,3,301.4987189830171,301.003427064807
2017-08-25 11:45:00,3,301.61714358980856,301.1357128742597
2017-08-25 12:00:00,3,301.72288283070475,301.2578579022638
2017-08-25 12:15:00,3,301.81372822314387,301.3670665221343
2017-08-25 12:30:00,3,301.8909349269533,301.46300726294976
2017-08-25 12:45:00,3,301.9597289685043,301.5487394216445
2017-08-25 13:00:00,3,302.02550345088684,301.62919534966665
2017-08-25 13:15:00,3,302.091371779706,301.7087624018901
2017-08-25 13:30:00,3,302.15832145767314,301.78995438524004
2017-08-25 13:45:00,3,302.22561331957183,301.87287508994797
2017-08-25 14:00:00,3,302.2917530599704,301.9561107447413
2017-08-25 14:15:00,3,302.3551611525509,302.03777604411755
2017-08-25 14:30:00,3,302.4150639733917,302.11651839681406
2017-08-25 14:45:00,3,302.4724916823533,302.19234075359714
2017-08-25 15:00:00,3,302.528914486159,302.26619777969086
2017-08-25 15:15:00,3,302.58479791690985,302.3388176823711
2017-08-25 15:30:00,3,302.6395335539777,302.4098711691692
2017-08-25 15:45:00,3,302.69135830865645,302.47786282670785
2017-08-25 16:00:00,3,302.7381160727464,302.54066804384405
2017-08-25 16:15:00,3,302.7775216029182,302.59609117279865
2017-08-25 16:30:00,3,302.80773036714334,302.64149676900246
2017-08-25 16:45:00,3,302.8276606293481,302.67508172677947
2017-08-25 17:00:00,3,302.83627161826865,302.6959147296023
2017-08-25 17:15:00,3,302.8319024977602,302.70296922469026
2017-08-25 17:30:00,3,302.81415531466445,302.695382881389
2017-08-25 17:45:00,3,302.78368306368753,302.6730042218963
2017-08-25 18:00:00,3,302.7406490365441,302.63594223675466
2017-08-25 18:15:00,3,302.6843381739494,302.5839054574991
2017-08-25 18:30:00,3,302.6132640280216,302.5154768340104
2017-08-25 18:45:00,3,302.5229014107636,302.4265991093585
2017-08-25 19:00:00,3,302.4091484988511,302.3139069942827
2017-08-25 19:15:00,3,302.27793447151845,302.1807797820548
2017-08-25 19:30:00,3,302.13891554131374,302.03579649179375
2017-08-25 19:45:00,3,301.99938812909096,301.8897011317347
2017-08-25 20:00:00,3,301.8635825199353,301.74846397271324
2017-08-25 20:15:00,3,301.7333481726586,301.6125542607051
2017-08-25 20:30:00,3,301.60952712592155,301.4802807296201
2017-08-25 20:45:00,3,301.49331927582307,301.3524503869647
2017-08-25 21:00:00,3,301.3857379377903,301.22968391357483
2017-08-25 21:15:00,3,301.2870338309422,301.11239511429693
2017-08-25 21:30:00,3,301.1967415210767,301.00140209256165
2017-08-25 21:45:00,3,301.1137323541616,300.89703542618656
2017-08-25 22:00:00,3,301.0367403733975,300.79880071906723
2017-08-25 22:15:00,3,300.9647331210295,300.7057355547021
2017-08-25 22:30:00,3,300.89690806067745,300.6168254666867
2017-08-25 22:45:00,3,300.83257782233153,300.53110204302993
2017-08-25 23:00:00,3,300.77114049710383,300.4473497832765
2017-08-25 23:15:00,3,300.7121022577392,300.3680626445815
2017-08-25 23:30:00,3,300.65519466795854,300.2950338691272
2017-08-25 23:45:00,3,300.60057932136436,300.2275142688645
2017-08-26 00:00:00,3,300.5484836241709,300.1640970972238
2017-08-26 00:15:00,3,300.4989447822793,300.1039524583689
2017-08-26 00:30:00,3,300.45181819832703,300.0467658211887
2017-08-26 00:45:00,3,300.4066969603323,299.99217664948907
2017-08-26 01:00:00,3,300.36309642115486,299.93954531966847
2017-08-26 01:15:00,3,300.32069193924445,299.88816832660495
2017-08-26 01:30:00,3,300.2794250672052,299.83765485999965
2017-08-26 01:45:00,3,300.23942020447396,299.7880855363857
2017-08-26 02:00:00,3,300.2007949439434,299.7398326695261
2017-08-26 02:15:00,3,300.16358444330984,299.69326341602834
2017-08-26 02:30:00,3,300.1276739215834,299.6485025563334
2017-08-26 02:45:00,3,300.0926828447915,299.60535705571715
2017-08-26 03:00:00,3,300.0581772329492,299.5634470155869
2017-08-26 03:15:00,3,300.0238525798002,299.5224036518823
2017-08-26 03:30:00,3,299.989633771672,299.48205549515546
2017-08-26 03:45:00,3,299.9558267158877,299.4425390865949
2017-08-26 04:00:00,3,299.92283997158125,299.40418630561413
2017-08-26 04:15:00,3,299.8909367067519,299.36730604248703
2017-08-26 04:30:00,3,299.8602666427408,299.3322301647062
2017-08-26 04:45:00,3,299.83101361155684,299.29918453029535
2017-08-26 05:00:00,3,299.80337405353123,299.2683882463473
2017-08-26 05:15:00,3,299.7774734549514,299.2400723427098
2017-08-26 05:30:00,3,299.7532838594997,299.21428099458086
2017-08-26 05:45:00,3,299.7314344269373,299.19144582081657
2017-08-26 06:00:00,3,299.7152413683745,299.1735967896725
2017-08-26 06:15:00,3,299.70839175517483,299.1639225620003
2017-08-26 06:30:00,3,299.7129148845685,299.1653226598821
2017-08-26 06:45:00,3,299.7298195220571,299.17961025171076
2017-08-26 07:00:00,3,299.7589253491186,299.20728961642754
2017-08-26 07:15:00,3,299.79838734744277,299.24733347580263
2017-08-26 07:30:00,3,299.8465227125758,299.2979025367698
2017-08-26 07:45:00,3,299.9040797836661,299.35746713242366
2017-08-26 08:00:00,3,299.972702824135,299.4241756160229
2017-08-26 08:15:00,3,300.05294298064496,299.49041536708944
2017-08-26 08:30:00,3,300.14445485199803,299.56306802565985
2017-08-26 08:45:00,3,300.24654310541996,299.64749603587734
2017-08-26 09:00:00,3,300.3575335849591,299.7443476987783
2017-08-26 09:15:00,3,300.4748470663208,299.85252210978626
2017-08-26 09:30:00,3,300.5961615008208,299.97465527835277
2017-08-26 09:45:00,3,300.7205561342559,300.1119650737403
2017-08-26 10:00:00,3,300.8479611195868,300.25678139496915
2017-08-26 10:15:00,3,300.978182405112,300.4031596148183
2017-08-26 10:30:00,3,301.1099987500537,300.54892771734524
2017-08-26 10:45:00,3,301.2405180212374,300.69319227443873
2017-08-26 11:00:00,3,301.3665202796566,300.83455645693357
2017-08-26 11:15:00,3,301.48572353652486,300.97110086679464
2017-08-26 11:30:00,3,301.5968235832742,301.1009785581718
2017-08-26 11:45:00,3,301.6990810334374,301.22280662200694
2017-08-26 12:00:00,3,301.79233373363843,301.3357715281098
2017-08-26 12:15:00,3,301.87678247810123,301.4396056237174
2017-08-26 12:30:00,3,301.9537549535385,301.53499853132763
2017-08-26 12:45:00,3,302.0262793205207,301.62400964688226
2017-08-26 13:00:00,3,302.09702676186816,301.7093974689081
2017-08-26 13:15:00,3,302.1672082407946,301.7934581957497
2017-08-26 13:30:00,3,302.2376802021491,301.87791009982357
2017-08-26 13:45:00,3,302.30950759295087,301.96400481331295
2017-08-26 14:00:00,3,302.38295738302605,302.05240738734534
2017-08-26 14:15:00,3,302.45752092007297,302.1428321404057
2017-08-26 14:30:00,3,302.53181199722496,302.2338198818659
2017-08-26 14:45:00,3,302.60239893301656,302.3223874301272
2017-08-26 15:00:00,3,302.6657086978246,302.4046968237907
2017-08-26 15:15:00,3,302.71989013725647,302.47769866062777
2017-08-26 15:30:00,3,302.76410323566273,302.53990037048374
2017-08-26 15:45:00,3,302.7981811139675,302.5910142721423
2017-08-26 16:00:00,3,302.82316847836864,302.6316512271712
2017-08-26 16:15:00,3,302.8395263009509,302.66269263908436
2017-08-26 16:30:00,3,302.84622835738486,302.68421755389693
2017-08-26 16:45:00,3,302.8427669762856,302.69558440191514
2017-08-26 17:00:00,3,302.8289711710163,302.6958302609948
2017-08-26 17:15:00,3,302.8041404381757,302.6837537175594
2017-08-26 17:30:00,3,302.7684125059208,302.65869429350016
2017-08-26 17:45:00,3,302.7228917647276,302.62094003573065
2017-08-26 18:00:00,3,302.6678939657725,302.57084245362375
2017-08-26 18:15:00,3,302.60181791983035,302.50780196456583
2017-08-26 18:30:00,3,302.5225416723162,302.43003224748077
2017-08-26 18:45:00,3,302.42611384958866,302.3341182666003
2017-08-26 19:00:00,3,302.30945689998083,302.2180172735006
2017-08-26 19:15:00,3,302.1794442891664,302.0863083292392
2017-08-26 19:30:00,3,302.0459726224824,301.9468977132701
2017-08-26 19:45:00,3,301.91523849984804,301.8060164911967
2017-08-26 20:00:00,3,301.7900102796405,301.66843604751904
2017-08-26 20:15:00,3,301.6711219860105,301.53647317010365
2017-08-26 20:30:00,3,301.5586602649538,301.4107303177133
2017-08-26 20:45:00,3,301.45283977090617,301.29126696610706
2017-08-26 21:00:00,3,301.35383052823016,301.1758707690762
2017-08-26 21:15:00,3,301.26147350384775,301.06418579786225
2017-08-26 21:30:00,3,301.1753395944913,300.9569647048293
2017-08-26 21:45:00,3,301.09484242810333,300.8547133857397
2017-08-26 22:00:00,3,301.0193477118806,300.75722964684286
2017-08-26 22:15:00,3,300.9482561083043,300.66380654787406
2017-08-26 22:30:00,3,300.88115755820155,300.5735199888579
2017-08-26 22:45:00,3,300.81805854781845,300.48794153863696
2017-08-26 23:00:00,3,300.75906075720286,300.4105533257135
2017-08-26 23:15:00,3,300.7040874471701,300.3413748582933
2017-08-26 23:30:00,3,300.6527741111423,300.27845332793
2017-08-26 23:45:00,3,300.60431583942363,300.21984734064694
2017-08-27 00:00:00,3,300.5578548837464,300.1643020709752
2017-08-27 00:15:00,3,300.51279253024,300.11110433761195
2017-08-27 00:30:00,3,300.4686812093767,300.05974605804306
2017-08-27 00:45:00,3,300.42502008702616,300.00966926043697
2017-08-27 01:00:00,3,300.38135785846566,299.96025659614105
2017-08-27 01:15:00,3,300.33737704086633,299.9109626916196
2017-08-27 01:30:00,3,300.2929281260587,299.8614462436379
2017-08-27 01:45:00,3,300.2481025293458,299.811648364387
2017-08-27 02:00:00,3,300.20309355130024,299.76172073459315
2017-08-27 02:15:00,3,300.158049965018,299.7118638423443
2017-08-27 02:30:00,3,300.1131926780985,299.6623298711649
2017-08-27 02:45:00,3,300.0691027590777,299.61358304348795
2017-08-27 03:00:00,3,300.0264052459553,299.5662410263688
2017-08-27 03:15:00,3,299.9854663638022,299.5208238365623
2017-08-27 03:30:00,3,299.9464008343362,299.4775881297117
2017-08-27 03:45:00,3,299.9091480757881,299.43654762694337
2017-08-27 04:00:00,3,299.87357088075447,299.3975871265906
2017-08-27 04:15:00,3,299.8395165326202,299.3605553741869
2017-08-27 04:30:00,3,299.8068341932703,299.3252883339819
2017-08-27 04:45:00,3,299.7754007779217,299.29173985153386
2017-08-27 05:00:00,3,299.74515104269165,299.25977483675103
2017-08-27 05:15:00,3,299.7160566082583,299.22923487407115
2017-08-27 05:30:00,3,299.6883412712376,299.2002548205807
2017-08-27 05:45:00,3,299.6638748447759,299.1743563070885
2017-08-27 06:00:00,3,299.64699000529515,299.1549557292689
2017-08-27 06:15:00,3,299.6407157258217,299.1455557562662
2017-08-27 06:30:00,3,299.6453684493182,299.14770649504754
2017-08-27 06:45:00,3,299.6593816567062,299.160604858298
2017-08-27 07:00:00,3,299.68092094078935,299.18229655796824
2017-08-27 07:15:00,3,299.7089697660714,299.2110476962785
2017-08-27 07:30:00,3,299.7437014752748,299.24629188146594
2017-08-27 07:45:00,3,299.78741785996493,299.2887318623061
2017-08-27 08:00:00,3,299.8422823756715,299.33895689824874
2017-08-27 08:15:00,3,299.9081407110947,299.39454745907994
2017-08-27 08:30:00,3,299.9838960687604,299.4524304643163
2017-08-27 08:45:00,3,300.06914791036274,299.5183856989931
2017-08-27 09:00:00,3,300.16336337232815,299.59640298677795
2017-08-27 09:15:00,3,300.26544752037563,299.6867796164394
2017-08-27 09:30:00,3,300.37403794350496,299.7880084632696
2017-08-27 09:45:00,3,300.4868786189887,299.898845364855
2017-08-27 10:00:00,3,300.6013468489243,300.02279435746283
2017-08-27 10:15:00,3,300.71518718177646,300.15394172297164
2017-08-27 10:30:00,3,300.8270889753981,300.28482646218396
2017-08-27 10:45:00,3,300.9374162334354,300.4116453606965
2017-08-27 11:00:00,3,301.0472363034041,300.5338728221374
2017-08-27 11:15:00,3,301.1571206845352,300.6539248231533
2017-08-27 11:30:00,3,301.267020725878,300.77377534448664
2017-08-27 11:45:00,3,301.3763750238578,300.8936849070557
2017-08-27 12:00:00,3,301.4843604329126,301.01278551771054
2017-08-27 12:15:00,3,301.5903133361255,301.13007786298516
2017-08-27 12:30:00,3,301.69455657420616,301.24533403842736
2017-08-27 12:45:00,3,301.79861005659143,301.35947198254786
2017-08-27 13:00:00,3,301.9039263054363,301.4740901214873
2017-08-27 13:15:00,3,302.01102338227906,301.5905434909007
2017-08-27 13:30:00,3,302.1196402134553,301.70930911180125
2017-08-27 13:45:00,3,302.22887255700635,301.8299423603712
2017-08-27 14:00:00,3,302.33735026948017,301.9513207706736
2017-08-27 14:15:00,3,302.4435024802263,302.0719150516936
2017-08-27 14:30:00,3,302.5453878593205,302.1897080591098
2017-08-27 14:45:00,3,302.63990283658023,302.3019151244013
2017-08-27 15:00:00,3,302.72400724227106,302.4054168448969
2017-08-27 15:15:00,3,302.7956733780524,302.49760916138337
2017-08-27 15:30:00,3,302.8542386909388,302.577219772342
2017-08-27 15:45:00,3,302.900566333005,302.6443491036314
2017-08-27 16:00:00,3,302.9357513943156,302.6996591746807
2017-08-27 16:15:00,3,302.9597634035012,302.74332017131655
2017-08-27 16:30:00,3,302.9724554319965,302.7748878385295
2017-08-27 16:45:00,3,302.973839415677,302.7939665963577
2017-08-27 17:00:00,3,302.9632282508449,302.800037639792
2017-08-27 17:15:00,3,302.9394440301224,302.7920662331318
2017-08-27 17:30:00,3,302.90254565566954,302.76924334988894
2017-08-27 17:45:00,3,302.8538282183833,302.73172994809505
2017-08-27 18:00:00,3,302.79394924340465,302.67998721189616
2017-08-27 18:15:00,3,302.7216024314366,302.61365435412506
2017-08-27 18:30:00,3,302.63467165818054,302.531143093853
2017-08-27 18:45:00,3,302.52950476545453,302.4290846923061
2017-08-27 19:00:00,3,302.40363986392623,302.30556724063626
2017-08-27 19:15:00,3,302.2645792546532,302.1656919978441
2017-08-27 19:30:00,3,302.12266975592087,302.01967573288397
2017-08-27 19:45:00,3,301.98435733624154,301.873166166035
2017-08-27 20:00:00,3,301.8525231376198,301.730658459938
2017-08-27 20:15:00,3,301.72802024322476,301.5945159196177
2017-08-27 20:30:00,3,301.61073701043887,301.46529365073263
2017-08-27 20:45:00,3,301.50019131287456,301.34304010664255
2017-08-27 21:00:00,3,301.39576329112805,301.22446059269197
2017-08-27 21:15:00,3,301.29679115086867,301.10826480594505
2017-08-27 21:30:00,3,301.20277223708865,300.99478904241084
2017-08-27 21:45:00,3,301.1136404346307,300.88475194753875
2017-08-27 22:00:00,3,301.0294134573988,300.77855753550335
2017-08-27 22:15:00,3,300.94991162002816,300.6761030764023
2017-08-27 22:30:00,3,300.8748514554379,300.5767770964921
2017-08-27 22:45:00,3,300.8039972874817,300.48220989216236
2017-08-27 23:00:00,3,300.73703974188754,300.39605608054956
2017-08-27 23:15:00,3,300.67355097282444,300.3178419954293
2017-08-27 23:30:00,3,300.6130419954108,300.2450185168616
2017-08-27 23:45:00,3,300.55503828648165,300.17559121385955
2017-08-28 00:00:00,3,300.4991835156733,300.1088194579418
2017-08-28 00:15:00,3,300.4452275240664,300.04464625840586
2017-08-28 00:30:00,3,300.3930854045615,299.98315973460547
2017-08-28 00:45:00,3,300.34302184866516,299.92451632562677
2017-08-28 01:00:00,3,300.2953663392296,299.86893348392647
2017-08-28 01:15:00,3,300.2502577226214,299.81656717211047
2017-08-28 01:30:00,3,300.20751610284805,299.7672908797819
2017-08-28 01:45:00,3,300.1664472132165,299.7205188385127
2017-08-28 02:00:00,3,300.12623845350515,299.6753697639627
2017-08-28 02:15:00,3,300.08631261837587,299.6310186192656
2017-08-28 02:30:00,3,300.0464456056431,299.5870100346629
2017-08-28 02:45:00,3,300.0068910948894,299.5433803744731
2017-08-28 03:00:00,3,299.96800053047616,299.5004446635608
2017-08-28 03:15:00,3,299.9299782139668,299.458485075547
2017-08-28 03:30:00,3,299.8928016483277,299.4174999637064
2017-08-28 03:45:00,3,299.8559861252756,299.37706417514926
2017-08-28 04:00:00,3,299.8189033024365,299.3364832802362
2017-08-28 04:15:00,3,299.7810906932891,299.2950936693833
2017-08-28 04:30:00,3,299.74266350144205,299.25280022590505
2017-08-28 04:45:00,3,299.7049097563269,299.2106303153068
2017-08-28 05:00:00,3,299.6694610677139,299.1704119021789
2017-08-28 05:15:00,3,299.6374305293228,299.1339729372948
2017-08-28 05:30:00,3,299.6092937976998,299.10227070511905
2017-08-28 05:45:00,3,299.5858374858556,299.0762049004672
2017-08-28 06:00:00,3,299.5696548125163,299.0576354425684
2017-08-28 06:15:00,3,299.5622673653061,299.0483329123569
2017-08-28 06:30:00,3,299.5633638140823,299.0487742894346
2017-08-28 06:45:00,3,299.5723193162336,299.0583407012012
2017-08-28 07:00:00,3,299.58887506474946,299.07625406655967
2017-08-28 07:15:00,3,299.61361217028644,299.10239734228907
2017-08-28 07:30:00,3,299.64766925805867,299.1373346662526
2017-08-28 07:45:00,3,299.69213395159807,299.1815249683593
2017-08-28 08:00:00,3,299.7474435653071,299.2343708183926
2017-08-28 08:15:00,3,299.8119450873952,299.293274166447
2017-08-28 08:30:00,3,299.8834151746642,299.3508834738615
2017-08-28 08:45:00,3,299.96119727589553,299.4116845788407
2017-08-28 09:00:00,3,300.04565677003717,299.48077529507634
2017-08-28 09:15:00,3,300.1362584914624,299.55979232520707
2017-08-28 09:30:00,3,300.23190803167375,299.647975296308
2017-08-28 09:45:00,3,300.33223655811423,299.7443955215133
2017-08-28 10:00:00,3,300.437204634823,299.8493549121728
2017-08-28 10:15:00,3,300.5464437308094,299.9673981808117
2017-08-28 10:30:00,3,300.65895568777466,300.0955733710735
2017-08-28 10:45:00,3,300.77205557952374,300.2264992900889
2017-08-28 11:00:00,3,300.88250225843785,300.3543130125099
2017-08-28 11:15:00,3,300.98779172929676,300.47579633127987
2017-08-28 11:30:00,3,301.08681518479284,300.58969445418245
2017-08-28 11:45:00,3,301.1802728273655,300.6971245368549
2017-08-28 12:00:00,3,301.26944460429223,300.7998291672972
2017-08-28 12:15:00,3,301.3553295889412,300.8990528823943
2017-08-28 12:30:00,3,301.4391270879898,300.9956898318965
2017-08-28 12:45:00,3,301.52227808631454,301.09079012972643
2017-08-28 13:00:00,3,301.60553311131315,301.1855612275471
2017-08-28 13:15:00,3,301.6884307962296,301.2808428770067
2017-08-28 13:30:00,3,301.77020357597644,301.3767481593246
2017-08-28 13:45:00,3,301.8510125357223,301.47296308640693
2017-08-28 14:00:00,3,301.9313128461462,301.56929992401103
2017-08-28 14:15:00,3,302.0111117514134,301.66563031826934
2017-08-28 14:30:00,3,302.09003827542307,301.76151346435336
2017-08-28 14:45:00,3,302.167307902732,301.8561130545271
2017-08-28 15:00:00,3,302.2418505366001,301.94823021766877
2017-08-28 15:15:00,3,302.31237214575987,302.0364282893056
2017-08-28 15:30:00,3,302.3773688110899,302.1191128620869
2017-08-28 15:45:00,3,302.4347559014094,302.1942107969118
2017-08-28 16:00:00,3,302.4825472248799,302.25940918662525
2017-08-28 16:15:00,3,302.51907413463124,302.3128314536469
2017-08-28 16:30:00,3,302.543032894299,302.3530595206509
2017-08-28 16:45:00,3,302.5534579425022,302.37921962446813
2017-08-28 17:00:00,3,302.54948562335034,302.39046261839724
2017-08-28 17:15:00,3,302.5296076150011,302.3854771052844
2017-08-28 17:30:00,3,302.49335142068946,302.36307739112016
2017-08-28 17:45:00,3,302.4418082567142,302.3226443042457
2017-08-28 18:00:00,3,302.3765134770148,302.26495637156034
2017-08-28 18:15:00,3,302.29805471980063,302.19141619037225
2017-08-28 18:30:00,3,302.2061156935779,302.1026931576292
2017-08-28 18:45:00,3,302.0983107199485,301.997617435552
2017-08-28 19:00:00,3,301.97319340185214,301.8752701157256
2017-08-28 19:15:00,3,301.8377874902349,301.7385057526609
2017-08-28 19:30:00,3,301.70115719957164,301.59372006393596
2017-08-28 19:45:00,3,301.56863536342655,301.44915129558655
2017-08-28 20:00:00,3,301.4423354523101,301.3101735728627
2017-08-28 20:15:00,3,301.3226808817275,301.17859254379044
2017-08-28 20:30:00,3,301.20937336282367,301.05356275361
2017-08-28 20:45:00,3,301.1018846336383,300.93138773871283
2017-08-28 21:00:00,3,300.99960276768724,300.8107534776851
2017-08-28 21:15:00,3,300.90189464724943,300.6920364919674
2017-08-28 21:30:00,3,300.80835166265575,300.5757606961553
2017-08-28 21:45:00,3,300.7191071421347,300.4619875310253
2017-08-28 22:00:00,3,300.63427664245006,300.3498447420513
2017-08-28 22:15:00,3,300.553626027269,300.2441879571111
2017-08-28 22:30:00,3,300.47693897297626,300.14747545159577
2017-08-28 22:45:00,3,300.40447828775416,300.0583578756708
2017-08-28 23:00:00,3,300.3366791498556,299.975206125371
2017-08-28 23:15:00,3,300.2737894967517,299.8977317875556
2017-08-28 23:30:00,3,300.2157223278732,299.8262642512465
2017-08-28 23:45:00,3,300.16183647172414,299.76056538614887
2017-08-29 00:00:00,3,300.11123327832433,299.69957966471634
2017-08-29 00:15:00,3,300.0631682487291,299.64198795329116
2017-08-29 00:30:00,3,300.0171136649631,299.58680893058084
2017-08-29 00:45:00,3,299.972669884128,299.53365727723605
2017-08-29 01:00:00,3,299.9295826347803,299.4826072530318
2017-08-29 01:15:00,3,299.8877201758796,299.4338667768657
2017-08-29 01:30:00,3,299.8469624453182,299.3874818313061
2017-08-29 01:45:00,3,299.8070692441936,299.3431804743177
2017-08-29 02:00:00,3,299.7677441047267,299.3004581857833
2017-08-29 02:15:00,3,299.7287466661496,299.2587938183974
2017-08-29 02:30:00,3,299.6899820990653,299.217841899012
2017-08-29 02:45:00,3,299.65158183476245,299.17745537582255
2017-08-29 03:00:00,3,299.6136919979228,299.1375582824117
2017-08-29 03:15:00,3,299.5763638126111,299.0980577768268
2017-08-29 03:30:00,3,299.5399866448145,299.05928034794465
2017-08-29 03:45:00,3,299.506150621579,299.02274484628776
2017-08-29 04:00:00,3,299.4765754349179,298.99071562913974
2017-08-29 04:15:00,3,299.4518992937771,298.9645513975671
2017-08-29 04:30:00,3,299.4315798519419,298.94395919956804
2017-08-29 04:45:00,3,299.41409827448945,298.9272799071387
2017-08-29 05:00:00,3,299.3978302553133,298.91238678528487
2017-08-29 05:15:00,3,299.38163322493244,298.8974626358005
2017-08-29 05:30:00,3,299.36490811627823,298.8813012757204
2017-08-29 05:45:00,3,299.34744226479353,298.8634412719683
2017-08-29 06:00:00,3,299.3299774178826,298.84465324962554
2017-08-29 06:15:00,3,299.31493614089544,298.8272552904446
2017-08-29 06:30:00,3,299.3049913650722,298.8144218207834
2017-08-29 06:45:00,3,299.3023479391947,298.80906679617715
2017-08-29 07:00:00,3,299.3083829097798,298.8131710271651
2017-08-29 07:15:00,3,299.324152038863,298.8278470040892
2017-08-29 07:30:00,3,299.35083443136233,298.8539538828229
2017-08-29 07:45:00,3,299.39108299178406,298.89300184814294
2017-08-29 08:00:00,3,299.44718220663924,298.946209472911
2017-08-29 08:15:00,3,299.5186773864778,299.01258890195874
2017-08-29 08:30:00,3,299.6038041704176,299.08743919330607
2017-08-29 08:45:00,3,299.7016515562799,299.1663801104093
2017-08-29 09:00:00,3,299.8119603565822,299.25509628166424
2017-08-29 09:15:00,3,299.9342691347375,299.3580640174098
2017-08-29 09:30:00,3,300.06756996142104,299.4741978522474
2017-08-29 09:45:00,3,300.2112769552092,299.60623665225523
2017-08-29 10:00:00,3,300.3650548005414,299.7638020898714
2017-08-29 10:15:00,3,300.5280663179681,299.9434662410676
2017-08-29 10:30:00,3,300.6981420990117,300.1335430881709
2017-08-29 10:45:00,3,300.8700279350342,300.3242065415014
2017-08-29 11:00:00,3,301.03742310193593,300.50959223973473
2017-08-29 11:15:00,3,301.19532177547524,300.6864297202418
2017-08-29 11:30:00,3,301.3411257902536,300.8529001525023
2017-08-29 11:45:00,3,301.4749156181621,301.0084070013005
2017-08-29 12:00:00,3,301.5980414235096,301.15361732680424
2017-08-29 12:15:00,3,301.71232776274064,301.29003870995103
2017-08-29 12:30:00,3,301.8196382241503,301.41942093948074
2017-08-29 12:45:00,3,301.921054947791,301.54297696634353
2017-08-29 13:00:00,3,302.016256937994,301.66068957657484
2017-08-29 13:15:00,3,302.10370314154045,301.7712182656248
2017-08-29 13:30:00,3,302.1823433252519,301.8726911935634
2017-08-29 13:45:00,3,302.2515500084094,301.96362714492057
2017-08-29 14:00:00,3,302.3103510606898,302.0430082169273
2017-08-29 14:15:00,3,302.3578458796498,302.10995429926874
2017-08-29 14:30:00,3,302.3938437226218,302.16405422908474
2017-08-29 14:45:00,3,302.4196265631681,302.2062502848548
2017-08-29 15:00:00,3,302.43702640326063,302.23830567750736
2017-08-29 15:15:00,3,302.4478041981191,302.2622092552485
2017-08-29 15:30:00,3,302.4535736336114,302.2799212643475
2017-08-29 15:45:00,3,302.4561290623385,302.29338357117274
2017-08-29 16:00:00,3,302.4565359361243,302.30400305734736
2017-08-29 16:15:00,3,302.45448837828934,302.3120204777892
2017-08-29 16:30:00,3,302.44920069694024,302.3167754210054
2017-08-29 16:45:00,3,302.4402672107027,302.3175108367268
2017-08-29 17:00:00,3,302.4269743571339,302.3132575232421
2017-08-29 17:15:00,3,302.40735433722926,302.30224988057734
2017-08-29 17:30:00,3,302.37991607054505,302.2824850753169
2017-08-29 17:45:00,3,302.3442034140976,302.25265133920203
2017-08-29 18:00:00,3,302.29992226901487,302.2121969496163
2017-08-29 18:15:00,3,302.2460823609329,302.1605651714974
2017-08-29 18:30:00,3,302.18057764881416,302.09623684013786
2017-08-29 18:45:00,3,302.1001085881364,302.0162069936781
2017-08-29 19:00:00,3,302.0028365977502,301.9187250131499
2017-08-29 19:15:00,3,301.89486016952213,301.80723433754093
2017-08-29 19:30:00,3,301.78463789163845,301.68950851373364
2017-08-29 19:45:00,3,301.67744448501696,301.5723602643146
2017-08-29 20:00:00,3,301.57559982913523,301.4591909522069
2017-08-29 20:15:00,3,301.479803643066,301.3514918726152
2017-08-29 20:30:00,3,301.38995501562613,301.24987829887823
2017-08-29 20:45:00,3,301.3055891653953,301.15348531079457
2017-08-29 21:00:00,3,301.2261368949341,301.06154959496087
2017-08-29 21:15:00,3,301.1510041779359,300.97392657917504
2017-08-29 21:30:00,3,301.07958973885826,300.8899616204002
2017-08-29 21:45:00,3,301.0112524226739,300.8085022632715
2017-08-29 22:00:00,3,300.9453808702246,300.728828899125
2017-08-29 22:15:00,3,300.88147405159856,300.6505552242831
2017-08-29 22:30:00,3,300.81924731875824,300.5734483483405
2017-08-29 22:45:00,3,300.75876780737474,300.4973923016373
2017-08-29 23:00:00,3,300.700149379095,300.4223159696327
2017-08-29 23:15:00,3,300.6433578909364,300.3480046460294
2017-08-29 23:30:00,3,300.58840983257636,300.2741696413269
2017-08-29 23:45:00,3,300.53573833076894,300.20540048303457
2017-08-30 00:00:00,3,300.48584075431893,300.1428743604027
2017-08-30 00:15:00,3,300.4389418022846,300.08556266428127
2017-08-30 00:30:00,3,300.3949632103709,300.03223511411096
2017-08-30 00:45:00,3,300.35350632573994,299.9821060360249
2017-08-30 01:00:00,3,300.3140536100332,299.9346289039388
2017-08-30 01:15:00,3,300.27615505904834,299.889273387274
2017-08-30 01:30:00,3,300.23934983685837,299.8454136236598
2017-08-30 01:45:00,3,300.20294144835435,299.8022712930348
2017-08-30 02:00:00,3,300.16627008162504,299.7590249670957
2017-08-30 02:15:00,3,300.1289669371248,299.7150401786495
2017-08-30 02:30:00,3,300.0910842443702,299.67016194823145
2017-08-30 02:45:00,3,300.0532319752665,299.6248891999967
2017-08-30 03:00:00,3,300.0161284948616,299.5801251258834
2017-08-30 03:15:00,3,299.9802450784978,299.5367152769576
2017-08-30 03:30:00,3,299.94575601443023,299.49518054415756
2017-08-30 03:45:00,3,299.91256454765596,299.4557649052591
2017-08-30 04:00:00,3,299.88052319792536,299.41859420955257
2017-08-30 04:15:00,3,299.8495368540846,299.38383746838343
2017-08-30 04:30:00,3,299.8194629478799,299.3513357980301
2017-08-30 04:45:00,3,299.79000520807085,299.320442176936
2017-08-30 05:00:00,3,299.7607954097392,299.29020997009246
2017-08-30 05:15:00,3,299.7315724996536,299.2597555709526
2017-08-30 05:30:00,3,299.7024059206685,299.2287249535077
2017-08-30 05:45:00,3,299.67459635570344,299.19826726170453
2017-08-30 06:00:00,3,299.65197287056196,299.17180835032696
2017-08-30 06:15:00,3,299.6386984858895,299.1538437697271
2017-08-30 06:30:00,3,299.636819697617,299.1477017270167
2017-08-30 06:45:00,3,299.6467891719918,299.15471980920023
2017-08-30 07:00:00,3,299.66827241186184,299.1747024982117
2017-08-30 07:15:00,3,299.6997671998279,299.2063877305858
2017-08-30 07:30:00,3,299.7397164060244,299.2479213730453
2017-08-30 07:45:00,3,299.78721917629434,299.29722542309014
2017-08-30 08:00:00,3,299.8411558660947,299.35174521710303
2017-08-30 08:15:00,3,299.89967111007735,299.4081852684384
2017-08-30 08:30:00,3,299.96095560282373,299.4624012954446
2017-08-30 08:45:00,3,300.0253187147955,299.51803097500374
2017-08-30 09:00:00,3,300.09491652834845,299.57878791628514
2017-08-30 09:15:00,3,300.17381535033667,299.64599795967706
2017-08-30 09:30:00,3,300.26672122242036,299.72516161254117
2017-08-30 09:45:00,3,300.37668650167063,299.8246960051004
2017-08-30 10:00:00,3,300.5044303914055,299.95368073353785
2017-08-30 10:15:00,3,300.64673754791954,300.10547530081635
2017-08-30 10:30:00,3,300.79778515944463,300.2687973880184
2017-08-30 10:45:00,3,300.9506738118116,300.4341508660981
2017-08-30 11:00:00,3,301.0989264944219,300.59533813448274
2017-08-30 11:15:00,3,301.23779342058685,300.7486659678339
2017-08-30 11:30:00,3,301.36495503144374,300.8920772786628
2017-08-30 11:45:00,3,301.48085997431264,301.02516769671496
2017-08-30 12:00:00,3,301.5872284794791,301.1487781347148
2017-08-30 12:15:00,3,301.68566178095824,301.26423607056967
2017-08-30 12:30:00,3,301.77806701986674,301.3731676393594
2017-08-30 12:45:00,3,301.8669082979601,301.47762929189764
2017-08-30 13:00:00,3,301.95392117503627,301.57968658068364
2017-08-30 13:15:00,3,302.0395585602224,301.6806957544514
2017-08-30 13:30:00,3,302.12339716460355,301.7809120377477
2017-08-30 13:45:00,3,302.2044044377126,301.8795425591826
2017-08-30 14:00:00,3,302.28141371283704,301.97531546621684
2017-08-30 14:15:00,3,302.35283602358584,302.06651592017994
2017-08-30 14:30:00,3,302.4172878190327,302.1512378424463
2017-08-30 14:45:00,3,302.4743074694904,302.2280756446201
2017-08-30 15:00:00,3,302.52362588204915,302.29634901756526
2017-08-30 15:15:00,3,302.56474573590606,302.3556956343509
2017-08-30 15:30:00,3,302.5982792646472,302.40644294102384
2017-08-30 15:45:00,3,302.62609635626757,302.45009504230114
2017-08-30 16:00:00,3,302.64901506601706,302.48805897104444
2017-08-30 16:15:00,3,302.6665321442179,302.5203499611074
2017-08-30 16:30:00,3,302.67759040029574,302.5457311937537
2017-08-30 16:45:00,3,302.6809125929582,302.5623681486618
2017-08-30 17:00:00,3,302.67502596428534,302.56844047767606
2017-08-30 17:15:00,3,302.6576436396718,302.5618563949791
2017-08-30 17:30:00,3,302.62737906639364,302.5408765089467
2017-08-30 17:45:00,3,302.58499623179245,302.50524896730326
2017-08-30 18:00:00,3,302.5316716390283,302.45601170441665
2017-08-30 18:15:00,3,302.46763677007186,302.39416196347906
2017-08-30 18:30:00,3,302.39187012414834,302.31936213295506
2017-08-30 18:45:00,3,302.3016737306122,302.22916379107215
2017-08-30 19:00:00,3,302.1955379086193,302.12237618835576
2017-08-30 19:15:00,3,302.0794913985924,302.00259150788975
2017-08-30 19:30:00,3,301.96158987159225,301.8774807646422
2017-08-30 19:45:00,3,301.8467004120329,301.7537168465092
2017-08-30 20:00:00,3,301.7369233949436,301.63393211985215
2017-08-30 20:15:00,3,301.632877277924,301.519504189912
2017-08-30 20:30:00,3,301.5346861152268,301.41033906667207
2017-08-30 20:45:00,3,301.4428232617303,301.3060183370056
2017-08-30 21:00:00,3,301.3577454179144,301.20694519047936
2017-08-30 21:15:00,3,301.27947802521265,301.11382382914957
2017-08-30 21:30:00,3,301.207434679248,301.02594569428646
2017-08-30 21:45:00,3,301.1401280316726,300.9425041630555
2017-08-30 22:00:00,3,301.07591894327004,300.8625804367765
2017-08-30 22:15:00,3,301.0135934098287,300.785126645413
2017-08-30 22:30:00,3,300.9525012473023,300.70918248893844
2017-08-30 22:45:00,3,300.89266241237465,300.6341392451286
2017-08-30 23:00:00,3,300.834236925288,300.5596953648038
2017-08-30 23:15:00,3,300.77720750237336,300.485522894546
2017-08-30 23:30:00,3,300.721413088383,300.4118122581079
2017-08-30 23:45:00,3,300.6665728367355,300.3418566824288
2017-08-31 00:00:00,3,300.6123172149456,300.27575867259526
2017-08-31 00:15:00,3,300.55830441763743,300.211592804189
2017-08-31 00:30:00,3,300.5046714727519,300.14785789936747
2017-08-31 00:45:00,3,300.45268445190135,300.0849266370342
2017-08-31 01:00:00,3,300.4039284171691,300.0246700770437
2017-08-31 01:15:00,3,300.3594815918031,299.96911630106115
2017-08-31 01:30:00,3,300.3196012051669,299.9193180263029
2017-08-31 01:45:00,3,300.28343325931775,299.8749699229508
2017-08-31 02:00:00,3,300.2497602029503,299.83489345766174
2017-08-31 02:15:00,3,300.21764471981083,299.7977960248912
2017-08-31 02:30:00,3,300.1864582964681,299.7626844574147
2017-08-31 02:45:00,3,300.1557334167873,299.72886529710746
2017-08-31 03:00:00,3,300.1251265115542,299.6959317819972
2017-08-31 03:15:00,3,300.09442443137124,299.66349375110696
2017-08-31 03:30:00,3,300.06347085847085,299.63118677085777
2017-08-31 03:45:00,3,300.03207264319775,299.5987202924736
2017-08-31 04:00:00,3,300.00007477486116,299.56588137426775
2017-08-31 04:15:00,3,299.96740227700184,299.5325372129527
2017-08-31 04:30:00,3,299.93403611498763,299.49850863969954
2017-08-31 04:45:00,3,299.899948887762,299.46372780385514
2017-08-31 05:00:00,3,299.86506188284073,299.42814617707955
2017-08-31 05:15:00,3,299.829290799728,299.39165641514364
2017-08-31 05:30:00,3,299.7928503399088,299.35436053644565
2017-08-31 05:45:00,3,299.7570154428282,299.31718468642737
2017-08-31 06:00:00,3,299.7244285010247,299.2825557652675
2017-08-31 06:15:00,3,299.6988233314267,299.25394168321424
2017-08-31 06:30:00,3,299.68304157615205,299.2346141337233
2017-08-31 06:45:00,3,299.6785183766462,299.22668096583976
2017-08-31 07:00:00,3,299.68570551419214,299.23097879666227
2017-08-31 07:15:00,3,299.70450742516823,299.2474295165552
2017-08-31 07:30:00,3,299.73451899371673,299.27545919968975
2017-08-31 07:45:00,3,299.7753234238599,299.3142565489509
2017-08-31 08:00:00,3,299.82624880922793,299.3626392132645
2017-08-31 08:15:00,3,299.8859770649002,299.41837149222584
2017-08-31 08:30:00,3,299.9535548399677,299.47661721457064
2017-08-31 08:45:00,3,300.02904371441036,299.5368613217702
2017-08-31 09:00:00,3,300.1120761672596,299.6040931365966
2017-08-31 09:15:00,3,300.20103155557746,299.68094065546967
2017-08-31 09:30:00,3,300.2940813341706,299.76680430192505
2017-08-31 09:45:00,3,300.39059781691947,299.860039617851
2017-08-31 10:00:00,3,300.4908946634558,299.9617687639026
2017-08-31 10:15:00,3,300.595153639411,300.07744577881357
2017-08-31 10:30:00,3,300.70261098861346,300.2023760092202
2017-08-31 10:45:00,3,300.8113088109507,300.3300061535653
2017-08-31 11:00:00,3,300.9190254897956,300.45592351320477
2017-08-31 11:15:00,3,301.0240233412192,300.57809234072073
2017-08-31 11:30:00,3,301.1249468947106,300.6956253021408
2017-08-31 11:45:00,3,301.2204536256573,300.80771225839817
2017-08-31 12:00:00,3,301.3095593334217,300.9133938381481
2017-08-31 12:15:00,3,301.3918906155995,301.01193375732345
2017-08-31 12:30:00,3,301.4681461357083,301.10341039295423
2017-08-31 12:45:00,3,301.5399172069718,301.1888919862851
2017-08-31 13:00:00,3,301.60832550357657,301.26986389595334
2017-08-31 13:15:00,3,301.6735421504373,301.3475643942121
2017-08-31 13:30:00,3,301.7354724100008,301.4227487855216
2017-08-31 13:45:00,3,301.794656210315,301.49587911803525
2017-08-31 14:00:00,3,301.8518628053191,301.5674051892662
2017-08-31 14:15:00,3,301.9073311587625,301.6375920771483
2017-08-31 14:30:00,3,301.960887225692,301.7063206810112
2017-08-31 14:45:00,3,302.01218880317646,301.7731138957907
2017-08-31 15:00:00,3,302.06062004441384,301.8372272104785
2017-08-31 15:15:00,3,302.1051145243618,301.8976639898763
2017-08-31 15:30:00,3,302.14465291002807,301.9533090669174
2017-08-31 15:45:00,3,302.1784412499408,302.0031418529576
2017-08-31 16:00:00,3,302.2057124274564,302.0462654330854
2017-08-31 16:15:00,3,302.22534749897517,302.0814101944178
2017-08-31 16:30:00,3,302.23625260895113,302.10729946641163
2017-08-31 16:45:00,3,302.23755600797887,302.1230645191159
2017-08-31 17:00:00,3,302.22835606049915,302.1275766495513
2017-08-31 17:15:00,3,302.2070444760008,302.1186281940791
2017-08-31 17:30:00,3,302.1727308933644,302.0945874845976
2017-08-31 17:45:00,3,302.12627320659305,302.05549566742224
2017-08-31 18:00:00,3,302.06883365213685,302.00261329625897
2017-08-31 18:15:00,3,302.000509375539,301.93699375687805
2017-08-31 18:30:00,3,301.9198497967558,301.8582066943602
2017-08-31 18:45:00,3,301.8235141300577,301.76403524821535
2017-08-31 19:00:00,3,301.70996033037756,301.6534055426367
2017-08-31 19:15:00,3,301.58520157842247,301.5246838442816
2017-08-31 19:30:00,3,301.4573408061765,301.38555846744543
2017-08-31 19:45:00,3,301.33217318114924,301.2458264084016
2017-08-31 20:00:00,3,301.2128697416235,301.11170381204795
2017-08-31 20:15:00,3,301.1006471183447,300.9860712773927
2017-08-31 20:30:00,3,300.995604633188,300.86560823046494
2017-08-31 20:45:00,3,300.89727229308204,300.74831299639845
2017-08-31 21:00:00,3,300.8049563738745,300.63421573346307
2017-08-31 21:15:00,3,300.71793590471987,300.52374957534903
2017-08-31 21:30:00,3,300.6356106349823,300.41673283263276
2017-08-31 21:45:00,3,300.5576380384637,300.311909791277
2017-08-31 22:00:00,3,300.4837822521985,300.21506881771813
2017-08-31 22:15:00,3,300.4137722880167,300.12786233286016
2017-08-31 22:30:00,3,300.3473206856033,300.04817393723334
2017-08-31 22:45:00,3,300.28421748838804,299.97363577552113
2017-08-31 23:00:00,3,300.2242811097428,299.9031751716142
2017-08-31 23:15:00,3,300.1672855911335,299.8366034111051
2017-08-31 23:30:00,3,300.1130386872558,299.7738681449222
2017-08-31 23:45:00,3,300.06151594621804,299.71478657580366
2017-09-01 00:00:00,3,300.01266459831754,299.65906387950764
2017-08-01 00:15:00,4,300.34836368358543,298.8224700359952
2017-08-01 00:30:00,4,300.2959506211699,298.76481255186474
2017-08-01 00:45:00,4,300.2447856388872,298.7094784519615
2017-08-01 01:00:00,4,300.19323523605067,298.6547780572122
2017-08-01 01:15:00,4,300.1402735814769,298.5992123128789
2017-08-01 01:30:00,4,300.08553191612316,298.5419712720918
2017-08-01 01:45:00,4,300.02929497499105,298.4829830491585
2017-08-01 02:00:00,4,299.9720689981434,298.422600008198
2017-08-01 02:15:00,4,299.91427178485185,298.36124672358955
2017-08-01 02:30:00,4,299.85640364325167,298.29946930373853
2017-08-01 02:45:00,4,299.799452131312,298.2382691614599
2017-08-01 03:00:00,4,299.7444859521023,298.1790136749283
2017-08-01 03:15:00,4,299.69222258205787,298.12294598878043
2017-08-01 03:30:00,4,299.6428905029473,298.0706460192368
2017-08-01 03:45:00,4,299.59608204530014,298.0217437478518
2017-08-01 04:00:00,4,299.5511409651515,297.9752255419712
2017-08-01 04:15:00,4,299.5075803284357,297.93007965879525
2017-08-01 04:30:00,4,299.4651773149619,297.88575509645506
2017-08-01 04:45:00,4,299.4238715419144,297.8422021638972
2017-08-01 05:00:00,4,299.383638201197,297.79962438595294
2017-08-01 05:15:00,4,299.3444601154053,297.7582486656429
2017-08-01 05:30:00,4,299.30726654339594,297.71920338574387
2017-08-01 05:45:00,4,299.2827149305933,297.6920008211152
2017-08-01 06:00:00,4,299.2956087402777,297.6942837492977
2017-08-01 06:15:00,4,299.3532468943452,297.7340016580922
2017-08-01 06:30:00,4,299.44692640255505,297.79050688882336
2017-08-01 06:45:00,4,299.5682658772897,297.89028588766826
2017-08-01 07:00:00,4,299.71057866451235,298.0286970537939
2017-08-01 07:15:00,4,299.86541838881163,298.1888154377145
2017-08-01 07:30:00,4,300.0254697433304,298.3577820187181
2017-08-01 07:45:00,4,300.18698420503887,298.5308314816674
2017-08-01 08:00:00,4,300.34834881126494,298.7083104377066
2017-08-01 08:15:00,4,300.5084462251064,298.89843114856717
2017-08-01 08:30:00,4,300.66718662905583,299.0890206130611
2017-08-01 08:45:00,4,300.8255588816738,299.27219956989023
2017-08-01 09:00:00,4,300.98398944268854,299.44599997702267
2017-08-01 09:15:00,4,301.14131606283155,299.6101044608515
2017-08-01 09:30:00,4,301.2960440393897,299.7694463156786
2017-08-01 09:45:00,4,301.44643076048976,299.9250480431642
2017-08-01 10:00:00,4,301.5906953776839,300.0738536826473
2017-08-01 10:15:00,4,301.7271851723185,300.2141672856086
2017-08-01 10:30:00,4,301.8549306694945,300.3477377432218
2017-08-01 10:45:00,4,301.9742147197998,300.4751189711418
2017-08-01 11:00:00,4,302.08557802895933,300.5957799639766
2017-08-01 11:15:00,4,302.18894525921723,300.7089049475732
2017-08-01 11:30:00,4,302.2836243149804,300.8135774528784
2017-08-01 11:45:00,4,302.368240287877,300.90861112019417
2017-08-01 12:00:00,4,302.4414604586736,300.99257434515323
2017-08-01 12:15:00,4,302.5025721646584,301.06520858392656
2017-08-01 12:30:00,4,302.5531352753131,301.12857698529234
2017-08-01 12:45:00,4,302.5988511597073,301.186975801728
2017-08-01 13:00:00,4,302.64530150508847,301.2451461755377
2017-08-01 13:15:00,4,302.6951652446194,301.30602080015024
2017-08-01 13:30:00,4,302.74823280860954,301.3697021928406
2017-08-01 13:45:00,4,302.80120948240716,301.4336741225643
2017-08-01 14:00:00,4,302.85013028637496,301.4943495481032
2017-08-01 14:15:00,4,302.89217763284785,301.54874036326777
2017-08-01 14:30:00,4,302.9257964982817,301.59509037141993
2017-08-01 14:45:00,4,302.95028054242243,301.6326173822856
2017-08-01 15:00:00,4,302.96531535185835,301.6609740119707
2017-08-01 15:15:00,4,302.9707691876972,301.6799036159912
2017-08-01 15:30:00,4,302.96685063111727,301.68928984837805
2017-08-01 15:45:00,4,302.95382825727813,301.68914683462225
2017-08-01 16:00:00,4,302.9317426388108,301.67950213465633
2017-08-01 16:15:00,4,302.90078636991734,301.66044792007665
2017-08-01 16:30:00,4,302.86148845969103,301.63227473881295
2017-08-01 16:45:00,4,302.8147176628517,301.59572192615866
2017-08-01 17:00:00,4,302.7619794548056,301.5521364403495
2017-08-01 17:15:00,4,302.7046383226143,301.50298213155753
2017-08-01 17:30:00,4,302.6431774615889,301.4492357216855
2017-08-01 17:45:00,4,302.5779133955578,301.3913846197441
2017-08-01 18:00:00,4,302.50890676742546,301.32946019853205
2017-08-01 18:15:00,4,302.4353139125469,301.26290066868717
2017-08-01 18:30:00,4,302.3560474832747,301.19103395272367
2017-08-01 18:45:00,4,302.27013404325396,301.11280688987773
2017-08-01 19:00:00,4,302.1763434130969,301.0266122339378
2017-08-01 19:15:00,4,302.07316267929315,300.93078706732484
2017-08-01 19:30:00,4,301.96198708606124,300.8257127319062
2017-08-01 19:45:00,4,301.84733222412444,300.71477495976774
2017-08-01 20:00:00,4,301.7334984206667,300.602862958437
2017-08-01 20:15:00,4,301.6229654932282,300.49544528572255
2017-08-01 20:30:00,4,301.5167098085742,300.389164869017
2017-08-01 20:45:00,4,301.4147490221543,300.28258171394657
2017-08-01 21:00:00,4,301.31666008975384,300.17508258678373
2017-08-01 21:15:00,4,301.22192622598556,300.0673215775561
2017-08-01 21:30:00,4,301.13025507912045,299.9602796133692
2017-08-01 21:45:00,4,301.04195179877553,299.8547504681844
2017-08-01 22:00:00,4,300.9574278956384,299.75124779350193
2017-08-01 22:15:00,4,300.8767936912208,299.6498606491508
2017-08-01 22:30:00,4,300.79990848659685,299.54930162598544
2017-08-01 22:45:00,4,300.72651956660314,299.4576262272294
2017-08-01 23:00:00,4,300.65632060672846,299.37541889367486
2017-08-01 23:15:00,4,300.58898765985913,299.2995814606748
2017-08-01 23:30:00,4,300.5243504498791,299.22759613644445
2017-08-01 23:45:00,4,300.46265757708386,299.15879748745306
2017-08-02 00:00:00,4,300.4042003838598,299.0935462978847
2017-08-02 00:15:00,4,300.3490229716736,299.0321738957422
2017-08-02 00:30:00,4,300.2969362908209,298.9745734892051
2017-08-02 00:45:00,4,300.24755624949256,298.9203018257748
2017-08-02 01:00:00,4,300.2004596801876,298.86882834398233
2017-08-02 01:15:00,4,300.155282990535,298.8196909954437
2017-08-02 01:30:00,4,300.11146741819226,298.77233321696514
2017-08-02 01:45:00,4,300.0677836490769,298.72581808142985
2017-08-02 02:00:00,4,300.02298304541915,298.67897743671625
2017-08-02 02:15:00,4,299.97632900380313,298.63084243780605
2017-08-02 02:30:00,4,299.9278494584906,298.58114766001796
2017-08-02 02:45:00,4,299.8787599834731,298.53065070397
2017-08-02 03:00:00,4,299.8305311543892,298.48072957602335
2017-08-02 03:15:00,4,299.78410504711155,298.43261751548744
2017-08-02 03:30:00,4,299.7397581609668,298.38683196958675
2017-08-02 03:45:00,4,299.69699497247825,298.3429521525511
2017-08-02 04:00:00,4,299.655054778641,298.2999525864401
2017-08-02 04:15:00,4,299.61341955175754,298.25684163222456
2017-08-02 04:30:00,4,299.57185576112073,298.21306110429964
2017-08-02 04:45:00,4,299.5301021013585,298.1684808400718
2017-08-02 05:00:00,4,299.4878860835425,298.12319434753726
2017-08-02 05:15:00,4,299.4450721821236,298.0773703089402
2017-08-02 05:30:00,4,299.4028565133357,298.0323520104111
2017-08-02 05:45:00,4,299.37313501166443,297.9987000749869
2017-08-02 06:00:00,4,299.3831601613721,297.9960839158979
2017-08-02 06:15:00,4,299.4436716123486,298.03403352683296
2017-08-02 06:30:00,4,299.54882733942,298.10108790927245
2017-08-02 06:45:00,4,299.69078718609757,298.2153352794936
2017-08-02 07:00:00,4,299.86205222870467,298.37489128123036
2017-08-02 07:15:00,4,300.05298628678867,298.5644680366167
2017-08-02 07:30:00,4,300.25504759965196,298.77031399852854
2017-08-02 07:45:00,4,300.4632974806464,298.9872584984186
2017-08-02 08:00:00,4,300.67499150162,299.2239298452539
2017-08-02 08:15:00,4,300.8882194987333,299.4641778757278
2017-08-02 08:30:00,4,301.10162876888074,299.6959659081951
2017-08-02 08:45:00,4,301.31239769706133,299.91521029484034
2017-08-02 09:00:00,4,301.51592446463115,300.1173283522938
2017-08-02 09:15:00,4,301.7069527429819,300.3064337167898
2017-08-02 09:30:00,4,301.88215098158736,300.48365100411456
2017-08-02 09:45:00,4,302.04321419335446,300.6480662437004
2017-08-02 10:00:00,4,302.19345186881117,300.80110467769424
2017-08-02 10:15:00,4,302.33457259008986,300.9478477944281
2017-08-02 10:30:00,4,302.4671373003028,301.0897263276096
2017-08-02 10:45:00,4,302.5916633793711,301.2255120290267
2017-08-02 11:00:00,4,302.70845183139176,301.35368762816745
2017-08-02 11:15:00,4,302.8171893213314,301.4731277292662
2017-08-02 11:30:00,4,302.916776778069,301.58281477635126
2017-08-02 11:45:00,4,303.0048426908291,301.68227602171737
2017-08-02 12:00:00,4,303.0790833100859,301.7699550055294
2017-08-02 12:15:00,4,303.1383121505562,301.84437375490154
2017-08-02 12:30:00,4,303.1827854870888,301.9054506788792
2017-08-02 12:45:00,4,303.2136482347756,301.9542937605229
2017-08-02 13:00:00,4,303.2318434804557,301.9919250712645
2017-08-02 13:15:00,4,303.23801030423436,302.01867017636977
2017-08-02 13:30:00,4,303.23341277836204,302.03492063322267
2017-08-02 13:45:00,4,303.2210397657196,302.0421911088006
2017-08-02 14:00:00,4,303.2038832542723,302.0427230071019
2017-08-02 14:15:00,4,303.1834698106053,302.03828115944776
2017-08-02 14:30:00,4,303.1604297216844,302.02978246949345
2017-08-02 14:45:00,4,303.13542710934473,302.0177457596996
2017-08-02 15:00:00,4,303.1087537564678,302.0025065804297
2017-08-02 15:15:00,4,303.08016292615525,301.9841190351588
2017-08-02 15:30:00,4,303.04921670243806,301.9623864431587
2017-08-02 15:45:00,4,303.0155735801107,301.93706090193234
2017-08-02 16:00:00,4,302.9788742363301,301.907894180983
2017-08-02 16:15:00,4,302.93835043528355,301.87440201393844
2017-08-02 16:30:00,4,302.89294855407195,301.8358362880693
2017-08-02 16:45:00,4,302.84243078256236,301.7918141725448
2017-08-02 17:00:00,4,302.78781242766837,301.7428741978391
2017-08-02 17:15:00,4,302.73014715703795,301.69010124783836
2017-08-02 17:30:00,4,302.6695922182262,301.63418945733673
2017-08-02 17:45:00,4,302.60520000009865,301.5748567204462
2017-08-02 18:00:00,4,302.5356134808456,301.5108791491479
2017-08-02 18:15:00,4,302.4592363503219,301.44077317146343
2017-08-02 18:30:00,4,302.3752690374252,301.3634745801735
2017-08-02 18:45:00,4,302.28335308679004,301.2782980342944
2017-08-02 19:00:00,4,302.182955286426,301.1845897934091
2017-08-02 19:15:00,4,302.0733312483458,301.08212983276746
2017-08-02 19:30:00,4,301.95588515279235,300.97252739898374
2017-08-02 19:45:00,4,301.8349643119378,300.8603802023429
2017-08-02 20:00:00,4,301.71480444053054,300.7474448714875
2017-08-02 20:15:00,4,301.59782382287653,300.63073618238155
2017-08-02 20:30:00,4,301.48525015350424,300.5093459248713
2017-08-02 20:45:00,4,301.37823058042494,300.386532392698
2017-08-02 21:00:00,4,301.2776046297544,300.26634971243226
2017-08-02 21:15:00,4,301.1835626331514,300.1512077402473
2017-08-02 21:30:00,4,301.09573929757926,300.04151343120236
2017-08-02 21:45:00,4,301.0133188157776,299.9361592688416
2017-08-02 22:00:00,4,300.93537107079374,299.83635690109327
2017-08-02 22:15:00,4,300.86110990809624,299.7455139522499
2017-08-02 22:30:00,4,300.7900890275873,299.6630318132643
2017-08-02 22:45:00,4,300.722447177921,299.58658059493155
2017-08-02 23:00:00,4,300.65843815369726,299.51461480398535
2017-08-02 23:15:00,4,300.598072568012,299.4467321978372
2017-08-02 23:30:00,4,300.540994749481,299.3828129929905
2017-08-02 23:45:00,4,300.48631502815965,299.32230659437795
2017-08-03 00:00:00,4,300.4330993212057,299.2642799116751
2017-08-03 00:15:00,4,300.3807170531896,299.20783631668826
2017-08-03 00:30:00,4,300.32882241498055,299.15240213290116
2017-08-03 00:45:00,4,300.2772878617227,299.0977273082902
2017-08-03 01:00:00,4,300.22607616018126,299.0437336882313
2017-08-03 01:15:00,4,300.1751570600747,298.99038208880927
2017-08-03 01:30:00,4,300.1245422576078,298.93761793669773
2017-08-03 01:45:00,4,300.0743271092926,298.88532908482443
2017-08-03 02:00:00,4,300.02455989425783,298.8332918119495
2017-08-03 02:15:00,4,299.9752037729468,298.78117436391335
2017-08-03 02:30:00,4,299.92635440533854,298.72884293843595
2017-08-03 02:45:00,4,299.878639384108,298.67685511905154
2017-08-03 03:00:00,4,299.83285891867894,298.62639898841724
2017-08-03 03:15:00,4,299.78957494886976,298.57870559668123
2017-08-03 03:30:00,4,299.7489233809895,298.5343893706636
2017-08-03 03:45:00,4,299.71040826247685,298.4930888269588
2017-08-03 04:00:00,4,299.6732967493409,298.4537595717598
2017-08-03 04:15:00,4,299.63705190376567,298.4153358624929
2017-08-03 04:30:00,4,299.60144531059774,298.3772251302532
2017-08-03 04:45:00,4,299.5664894339806,298.33940202281127
2017-08-03 05:00:00,4,299.53225762184604,298.3022693051972
2017-08-03 05:15:00,4,299.49880812654055,298.2661184025064
2017-08-03 05:30:00,4,299.4670883565534,298.2319572551761
2017-08-03 05:45:00,4,299.4464640970087,298.20804054295763
2017-08-03 06:00:00,4,299.4589550316456,298.2104771114385
2017-08-03 06:15:00,4,299.5138841549081,298.2480795488116
2017-08-03 06:30:00,4,299.60697802282806,298.30955582834997
2017-08-03 06:45:00,4,299.7321531442181,298.40850667047005
2017-08-03 07:00:00,4,299.88191784787415,298.5464591550404
2017-08-03 07:15:00,4,300.0456821717449,298.7107560763904
2017-08-03 07:30:00,4,300.2151105541395,298.887758871609
2017-08-03 07:45:00,4,300.38887487517,299.0721238567772
2017-08-03 08:00:00,4,300.5685302500738,299.26638030664543
2017-08-03 08:15:00,4,300.7547535837079,299.4792738097447
2017-08-03 08:30:00,4,300.94604385899953,299.6963330185706
2017-08-03 08:45:00,4,301.13553118602437,299.90265795622327
2017-08-03 09:00:00,4,301.3148854711149,300.0890840289142
2017-08-03 09:15:00,4,301.47799006704764,300.2576231838917
2017-08-03 09:30:00,4,301.6238868064708,300.41146457462816
2017-08-03 09:45:00,4,301.75985183187845,300.5547744226621
2017-08-03 10:00:00,4,301.89448874648224,300.6914785141729
2017-08-03 10:15:00,4,302.03243790594934,300.8289694321236
2017-08-03 10:30:00,4,302.17363018979046,300.9700143453208
2017-08-03 10:45:00,4,302.3127121738572,301.1108167741961
2017-08-03 11:00:00,4,302.44381552191396,301.2454143265914
2017-08-03 11:15:00,4,302.56305778052104,301.36949795032467
2017-08-03 11:30:00,4,302.667545184207,301.48050996432727
2017-08-03 11:45:00,4,302.753581781237,301.57592339695816
2017-08-03 12:00:00,4,302.81832080766014,301.65306108628386
2017-08-03 12:15:00,4,302.8611389454401,301.7117401444058
2017-08-03 12:30:00,4,302.88534706002156,301.7543677160368
2017-08-03 12:45:00,4,302.90018596805993,301.78722332600086
2017-08-03 13:00:00,4,302.9145984634848,301.8179071481332
2017-08-03 13:15:00,4,302.9332667914946,301.85172246924355
2017-08-03 13:30:00,4,302.9574778527576,301.890424035646
2017-08-03 13:45:00,4,302.9864806832855,301.93319309104055
2017-08-03 14:00:00,4,303.0188461103707,301.9782412276625
2017-08-03 14:15:00,4,303.0530247587003,302.0238099486064
2017-08-03 14:30:00,4,303.08718736436197,302.0682241040007
2017-08-03 14:45:00,4,303.1186769245133,302.10955663973294
2017-08-03 15:00:00,4,303.14497321334096,302.14579691967225
2017-08-03 15:15:00,4,303.1642853468343,302.1752920674164
2017-08-03 15:30:00,4,303.17538315574524,302.1968519178519
2017-08-03 15:45:00,4,303.1770826699387,302.2094933726659
2017-08-03 16:00:00,4,303.1683942617471,302.21224239425067
2017-08-03 16:15:00,4,303.14854781391676,302.20425426756447
2017-08-03 16:30:00,4,303.11785625523845,302.18529999819475
2017-08-03 16:45:00,4,303.07756293753937,302.156126948399
2017-08-03 17:00:00,4,303.0295887473715,302.11834708922
2017-08-03 17:15:00,4,302.9756008929216,302.0737213906635
2017-08-03 17:30:00,4,302.91642809821377,302.0234193511798
2017-08-03 17:45:00,4,302.8520478652702,301.9676829964027
2017-08-03 18:00:00,4,302.78180261571003,301.90594940447016
2017-08-03 18:15:00,4,302.70488174426896,301.8372747447058
2017-08-03 18:30:00,4,302.6207714121051,301.7607077029479
2017-08-03 18:45:00,4,302.52917614796644,301.67601182526516
2017-08-03 19:00:00,4,302.4298733397014,301.58291212679666
2017-08-03 19:15:00,4,302.32311628929136,301.4813813459436
2017-08-03 19:30:00,4,302.21070814286253,301.372622723297
2017-08-03 19:45:00,4,302.0957878249993,301.25959462349675
2017-08-03 20:00:00,4,301.98100330465985,301.14581029487755
2017-08-03 20:15:00,4,301.86776424189105,301.0348490628788
2017-08-03 20:30:00,4,301.7569162739581,300.92663143373875
2017-08-03 20:45:00,4,301.6497233367701,300.81743560654724
2017-08-03 21:00:00,4,301.5472899174807,300.7054881400609
2017-08-03 21:15:00,4,301.4500487143517,300.59281987095136
2017-08-03 21:30:00,4,301.358055107403,300.48228333138997
2017-08-03 21:45:00,4,301.2715043289318,300.375751137704
2017-08-03 22:00:00,4,301.1905554135112,300.2739630002883
2017-08-03 22:15:00,4,301.1150605908197,300.1768245401516
2017-08-03 22:30:00,4,301.04450100633454,300.0828314054225
2017-08-03 22:45:00,4,300.9779150298472,299.99796854497805
2017-08-03 23:00:00,4,300.91427054587706,299.922271377136
2017-08-03 23:15:00,4,300.85277455996294,299.85245787204565
2017-08-03 23:30:00,4,300.7930013777072,299.78569995804196
2017-08-03 23:45:00,4,300.73499943656594,299.7209222002193
2017-08-04 00:00:00,4,300.67887401657646,299.6581186957428
2017-08-04 00:15:00,4,300.624540116381,299.59735101442766
2017-08-04 00:30:00,4,300.57183351322254,299.53838405854776
2017-08-04 00:45:00,4,300.520705815541,299.4808861034922
2017-08-04 01:00:00,4,300.4711961699312,299.4246618475394
2017-08-04 01:15:00,4,300.42336677874266,299.36970282178083
2017-08-04 01:30:00,4,300.3773356879022,299.31619205121797
2017-08-04 01:45:00,4,300.33326748558784,299.2644691315142
2017-08-04 02:00:00,4,300.2912606468085,299.214902135338
2017-08-04 02:15:00,4,300.2513050942839,299.16774417088965
2017-08-04 02:30:00,4,300.2133019915421,299.123058847468
2017-08-04 02:45:00,4,300.17708335549486,299.08074672958304
2017-08-04 03:00:00,4,300.14245635823926,299.0406191931897
2017-08-04 03:15:00,4,300.1092392584407,299.0024656433906
2017-08-04 03:30:00,4,300.0772740352578,298.96609364699333
2017-08-04 03:45:00,4,300.0464340832045,298.93145233815426
2017-08-04 04:00:00,4,300.016618165523,298.8984046108544
2017-08-04 04:15:00,4,299.9877407039557,298.86677314278853
2017-08-04 04:30:00,4,299.95978609697204,298.8364741721677
2017-08-04 04:45:00,4,299.932944341451,298.8077141722903
2017-08-04 05:00:00,4,299.90749801508025,298.7809146306245
2017-08-04 05:15:00,4,299.88366063126506,298.75647996089435
2017-08-04 05:30:00,4,299.86161309326496,298.7346402884565
2017-08-04 05:45:00,4,299.84154347407303,298.71531362060136
2017-08-04 06:00:00,4,299.8238803447037,298.69854393089696
2017-08-04 06:15:00,4,299.8110409754725,298.685735263466
2017-08-04 06:30:00,4,299.8067787979733,298.6799435628864
2017-08-04 06:45:00,4,299.8141706420089,298.6847297843693
2017-08-04 07:00:00,4,299.8373937268955,298.7047524936726
2017-08-04 07:15:00,4,299.88599840901884,298.74627735061574
2017-08-04 07:30:00,4,299.9684166218957,298.81189857630534
2017-08-04 07:45:00,4,300.089014768393,298.9107092708841
2017-08-04 08:00:00,4,300.2467986695123,299.0533593098474
2017-08-04 08:15:00,4,300.4366954996932,299.2382302468057
2017-08-04 08:30:00,4,300.6514119443799,299.45620367601873
2017-08-04 08:45:00,4,300.88298680272317,299.7058521738762
2017-08-04 09:00:00,4,301.1220108220718,299.9710867441002
2017-08-04 09:15:00,4,301.35395981361995,300.228317456694
2017-08-04 09:30:00,4,301.56656181864173,300.4613041191964
2017-08-04 09:45:00,4,301.7540069555518,300.664239594412
2017-08-04 10:00:00,4,301.91484453174934,300.83803484412755
2017-08-04 10:15:00,4,302.0518779557431,300.9879339442806
2017-08-04 10:30:00,4,302.1693070711034,301.1197640836656
2017-08-04 10:45:00,4,302.27050150937447,301.23732451317017
2017-08-04 11:00:00,4,302.3573781423661,301.3421060487263
2017-08-04 11:15:00,4,302.4300564667682,301.4339309309382
2017-08-04 11:30:00,4,302.48873358381184,301.51239623505074
2017-08-04 11:45:00,4,302.5348878486822,301.57807230919445
2017-08-04 12:00:00,4,302.5710311659154,301.6327412929939
2017-08-04 12:15:00,4,302.60003390597103,301.6788931318755
2017-08-04 12:30:00,4,302.62359176170924,301.71846622113094
2017-08-04 12:45:00,4,302.6420204817579,301.7522538404635
2017-08-04 13:00:00,4,302.65622114542214,301.7807766959145
2017-08-04 13:15:00,4,302.6679642683019,301.80514130566337
2017-08-04 13:30:00,4,302.679766642776,301.82748684381255
2017-08-04 13:45:00,4,302.69555688994205,301.851105673054
2017-08-04 14:00:00,4,302.7177066505747,301.8789227334738
2017-08-04 14:15:00,4,302.7448797018904,301.91143012510867
2017-08-04 14:30:00,4,302.7735490126537,301.94625377536823
2017-08-04 14:45:00,4,302.79949533013985,301.9793948755942
2017-08-04 15:00:00,4,302.8193225843413,302.00701750969074
2017-08-04 15:15:00,4,302.8307632595804,302.0263840064105
2017-08-04 15:30:00,4,302.8327448548006,302.03615202528306
2017-08-04 15:45:00,4,302.82580648202276,302.0364101864643
2017-08-04 16:00:00,4,302.810761573537,302.0279579929578
2017-08-04 16:15:00,4,302.7878718378203,302.0114069954782
2017-08-04 16:30:00,4,302.75716099501733,301.9870164595417
2017-08-04 16:45:00,4,302.719018544018,301.95504988466826
2017-08-04 17:00:00,4,302.6746709115248,301.9161951553374
2017-08-04 17:15:00,4,302.6252406920446,301.87158112608824
2017-08-04 17:30:00,4,302.57120731394133,301.8221137662539
2017-08-04 17:45:00,4,302.5127634573853,301.76822655280006
2017-08-04 18:00:00,4,302.45023461153426,301.7099691026552
2017-08-04 18:15:00,4,302.38337333959953,301.6474834672688
2017-08-04 18:30:00,4,302.3115762156494,301.58043418162754
2017-08-04 18:45:00,4,302.23405838448343,301.50796132142693
2017-08-04 19:00:00,4,302.1500880802227,301.4290053290391
2017-08-04 19:15:00,4,302.05974525195455,301.3430308650419
2017-08-04 19:30:00,4,301.9647032654729,301.2511300059982
2017-08-04 19:45:00,4,301.8676728731668,301.1558984701993
2017-08-04 20:00:00,4,301.77083184719913,301.06066962745376
2017-08-04 20:15:00,4,301.67526663138153,300.96724271655427
2017-08-04 20:30:00,4,301.5815434695646,300.87205716342106
2017-08-04 20:45:00,4,301.49057817087646,300.7741617463363
2017-08-04 21:00:00,4,301.40326541911674,300.6744479394142
2017-08-04 21:15:00,4,301.3200270552125,300.5751478899671
2017-08-04 21:30:00,4,301.2408112563123,300.47808719271023
2017-08-04 21:45:00,4,301.16516329220144,300.3839126332968
2017-08-04 22:00:00,4,301.09251646296053,300.2922918066083
2017-08-04 22:15:00,4,301.0223785936303,300.2022199305673
2017-08-04 22:30:00,4,300.9546227136179,300.1158951355188
2017-08-04 22:45:00,4,300.8899444716246,300.03677908214246
2017-08-04 23:00:00,4,300.82912753248104,299.96530286503355
2017-08-04 23:15:00,4,300.7724866299406,299.90021619857475
2017-08-04 23:30:00,4,300.7197697185186,299.84017808369043
2017-08-04 23:45:00,4,300.6700248430152,299.7840882456013
2017-08-05 00:00:00,4,300.6221897041073,299.7309461525201
2017-08-05 00:15:00,4,300.5755262863215,299.6798566372861
2017-08-05 00:30:00,4,300.5297192919549,299.63023595934493
2017-08-05 00:45:00,4,300.4849501482517,299.5819239785899
2017-08-05 01:00:00,4,300.4414759514238,299.5350156411206
2017-08-05 01:15:00,4,300.3993661172096,299.48959329122
2017-08-05 01:30:00,4,300.3584788619427,299.445521698035
2017-08-05 01:45:00,4,300.3184147372676,299.4023650579698
2017-08-05 02:00:00,4,300.2787236975337,299.3594887110859
2017-08-05 02:15:00,4,300.2391254163085,299.3162888394326
2017-08-05 02:30:00,4,300.19957744920276,299.2724934615028
2017-08-05 02:45:00,4,300.16023296621916,299.2284392553722
2017-08-05 03:00:00,4,300.12139614924337,299.18499311615284
2017-08-05 03:15:00,4,300.0833910114782,299.143115058641
2017-08-05 03:30:00,4,300.04645261212113,299.1034132483913
2017-08-05 03:45:00,4,300.0106867728526,299.0660443127809
2017-08-05 04:00:00,4,299.9760332927628,299.03059071797435
2017-08-05 04:15:00,4,299.9423396492416,298.9964172735769
2017-08-05 04:30:00,4,299.9094124866496,298.96298051372855
2017-08-05 04:45:00,4,299.8769938402639,298.92983294250104
2017-08-05 05:00:00,4,299.8448589190521,298.8965856298387
2017-08-05 05:15:00,4,299.8129416096943,298.86301100305326
2017-08-05 05:30:00,4,299.78228126113294,298.8300132885884
2017-08-05 05:45:00,4,299.76186426960004,298.8052478155927
2017-08-05 06:00:00,4,299.7724545033326,298.8038852081907
2017-08-05 06:15:00,4,299.8242709336824,298.83532536150193
2017-08-05 06:30:00,4,299.91475485669275,298.89226348385097
2017-08-05 06:45:00,4,300.0391894943823,298.9920300692947
2017-08-05 07:00:00,4,300.1930199431889,299.135541560665
2017-08-05 07:15:00,4,300.3685156839757,299.31141752713376
2017-08-05 07:30:00,4,300.557539661739,299.507728489626
2017-08-05 07:45:00,4,300.7539088326158,299.7195807066986
2017-08-05 08:00:00,4,300.9526478513859,299.9486536909945
2017-08-05 08:15:00,4,301.14929628656483,300.1764425754544
2017-08-05 08:30:00,4,301.3412191149506,300.3909675877319
2017-08-05 08:45:00,4,301.5280228982726,300.5903675278958
2017-08-05 09:00:00,4,301.7098274329858,300.77455198112796
2017-08-05 09:15:00,4,301.88576201561096,300.9504568470505
2017-08-05 09:30:00,4,302.0545864588016,301.12031575302035
2017-08-05 09:45:00,4,302.21543597443184,301.2809966847259
2017-08-05 10:00:00,4,302.36737674143114,301.4348551068934
2017-08-05 10:15:00,4,302.50883500527385,301.5814002096786
2017-08-05 10:30:00,4,302.6387431909593,301.71858305833626
2017-08-05 10:45:00,4,302.75629383481817,301.84461545186923
2017-08-05 11:00:00,4,302.86076153283574,301.9583735792391
2017-08-05 11:15:00,4,302.95166200984676,302.05876908160764
2017-08-05 11:30:00,4,303.0287095090507,302.1468354468829
2017-08-05 11:45:00,4,303.09116742914273,302.222396038772
2017-08-05 12:00:00,4,303.1385491362411,302.2846737543641
2017-08-05 12:15:00,4,303.17142516227636,302.3335122642399
2017-08-05 12:30:00,4,303.1921573612485,302.3706806575947
2017-08-05 12:45:00,4,303.20575885756546,302.40007266411624
2017-08-05 13:00:00,4,303.2166675285008,302.42576658418886
2017-08-05 13:15:00,4,303.22694018661224,302.45013969274623
2017-08-05 13:30:00,4,303.2371014123249,302.47375520847504
2017-08-05 13:45:00,4,303.24717986816864,302.4963377560838
2017-08-05 14:00:00,4,303.2568727370764,302.5174598647009
2017-08-05 14:15:00,4,303.26550058470633,302.53663123641894
2017-08-05 14:30:00,4,303.2717941105696,302.55289996032604
2017-08-05 14:45:00,4,303.2733254910527,302.56446428213724
2017-08-05 15:00:00,4,303.2677681287551,302.56914292256187
2017-08-05 15:15:00,4,303.25358911849764,302.5651153237081
2017-08-05 15:30:00,4,303.2304271790937,302.5516752911861
2017-08-05 15:45:00,4,303.2000859117596,302.52975829144333
2017-08-05 16:00:00,4,303.1649116054512,302.5012872945909
2017-08-05 16:15:00,4,303.1259980960614,302.46798440115754
2017-08-05 16:30:00,4,303.0831451866413,302.4302871439957
2017-08-05 16:45:00,4,303.03552022984616,302.3877405695531
2017-08-05 17:00:00,4,302.9829620115108,302.3400226063623
2017-08-05 17:15:00,4,302.92637381263177,302.2875682049677
2017-08-05 17:30:00,4,302.8665796809318,302.2312507620813
2017-08-05 17:45:00,4,302.80389120277164,302.17175958107765
2017-08-05 18:00:00,4,302.738160757957,302.1090945256361
2017-08-05 18:15:00,4,302.66853005466385,302.0430577771656
2017-08-05 18:30:00,4,302.593754350985,301.97260166632924
2017-08-05 18:45:00,4,302.51210494938016,301.8960351142611
2017-08-05 19:00:00,4,302.4220875126372,301.8114662617516
2017-08-05 19:15:00,4,302.322648339096,301.717541651588
2017-08-05 19:30:00,4,302.21541692186156,301.6152733427903
2017-08-05 19:45:00,4,302.10524094493616,301.50859591320943
2017-08-05 20:00:00,4,301.9967402756843,301.403489227495
2017-08-05 20:15:00,4,301.8924921061632,301.29912091810553
2017-08-05 20:30:00,4,301.7934108160855,301.19435675372273
2017-08-05 20:45:00,4,301.69936676117925,301.08941872029806
2017-08-05 21:00:00,4,301.6098367449836,300.9854324196672
2017-08-05 21:15:00,4,301.5242517487631,300.88353645649687
2017-08-05 21:30:00,4,301.4421469400621,300.78419144709795
2017-08-05 21:45:00,4,301.3632499646571,300.6872056031535
2017-08-05 22:00:00,4,301.28726436137003,300.5919512907745
2017-08-05 22:15:00,4,301.21379979795074,300.49713964145957
2017-08-05 22:30:00,4,301.14268808324044,300.40707102442474
2017-08-05 22:45:00,4,301.0745091679173,300.3243578937132
2017-08-05 23:00:00,4,301.01001236705577,300.2485742154056
2017-08-05 23:15:00,4,300.9495622013241,300.1784223785221
2017-08-05 23:30:00,4,300.89300244207817,300.11297977147
2017-08-05 23:45:00,4,300.8395322959095,300.05156206743357
2017-08-06 00:00:00,4,300.7882173713993,299.9934028849113
2017-08-06 00:15:00,4,300.73837334007237,299.9376967268667
2017-08-06 00:30:00,4,300.68969811345437,299.88387221348813
2017-08-06 00:45:00,4,300.642393225097,299.83178126147516
2017-08-06 01:00:00,4,300.5967539157227,299.78155891941935
2017-08-06 01:15:00,4,300.5528928160736,299.73333693626944
2017-08-06 01:30:00,4,300.51056288533994,299.68691923364054
2017-08-06 01:45:00,4,300.46885974380297,299.6415385565953
2017-08-06 02:00:00,4,300.4267840733282,299.59606085452094
2017-08-06 02:15:00,4,300.3837445685086,299.5494753352429
2017-08-06 02:30:00,4,300.3397630186713,299.50144546891465
2017-08-06 02:45:00,4,300.29568510284463,299.4526693378983
2017-08-06 03:00:00,4,300.25259160695697,299.4045644938711
2017-08-06 03:15:00,4,300.21126498845945,299.3585366111198
2017-08-06 03:30:00,4,300.17184768386966,299.3151988428652
2017-08-06 03:45:00,4,300.13338071459935,299.273878832927
2017-08-06 04:00:00,4,300.094589148913,299.233033247465
2017-08-06 04:15:00,4,300.0546487336853,299.19118522612905
2017-08-06 04:30:00,4,300.0134515714418,299.1477202021897
2017-08-06 04:45:00,4,299.97178175954303,299.10314193842277
2017-08-06 05:00:00,4,299.93064763484,299.05859772065
2017-08-06 05:15:00,4,299.8907680222278,299.0152017931149
2017-08-06 05:30:00,4,299.85365228168126,298.9747179386191
2017-08-06 05:45:00,4,299.8297309659677,298.9461063703362
2017-08-06 06:00:00,4,299.8420312099296,298.945906958056
2017-08-06 06:15:00,4,299.8997824170331,298.9831912942939
2017-08-06 06:30:00,4,299.99810763978934,299.0459860821589
2017-08-06 06:45:00,4,300.13132649733535,299.15414523891303
2017-08-06 07:00:00,4,300.29467315610145,299.30786083577016
2017-08-06 07:15:00,4,300.48146110634553,299.49495137103276
2017-08-06 07:30:00,4,300.6842107286789,299.70340262746845
2017-08-06 07:45:00,4,300.8953399343718,299.9273895802532
2017-08-06 08:00:00,4,301.10832560593417,300.17125897710036
2017-08-06 08:15:00,4,301.3180649511595,300.41442404933787
2017-08-06 08:30:00,4,301.5221606374752,300.6429230805918
2017-08-06 08:45:00,4,301.72116615953166,300.85502188685945
2017-08-06 09:00:00,4,301.916114725348,301.0514585891437
2017-08-06 09:15:00,4,302.10670833127136,301.24015103020025
2017-08-06 09:30:00,4,302.29162128674375,301.4232589176198
2017-08-06 09:45:00,4,302.4689280887734,301.59746159061444
2017-08-06 10:00:00,4,302.63722367226967,301.7645300339875
2017-08-06 10:15:00,4,302.7953633669567,301.92449016507436
2017-08-06 10:30:00,4,302.94276566944046,302.0760854706412
2017-08-06 10:45:00,4,303.08024315087965,302.21858079574616
2017-08-06 11:00:00,4,303.2088257321904,302.35193190255893
2017-08-06 11:15:00,4,303.32865388085656,302.4762607750922
2017-08-06 11:30:00,4,303.43882067199115,302.5918511084205
2017-08-06 11:45:00,4,303.5370376760137,302.69731548935465
2017-08-06 12:00:00,4,303.62099159177234,302.7905456587065
2017-08-06 12:15:00,4,303.68942692691564,302.87014840325224
2017-08-06 12:30:00,4,303.7427856970197,302.9364895290401
2017-08-06 12:45:00,4,303.7831155932308,302.991459728447
2017-08-06 13:00:00,4,303.81227607183115,303.0369388734362
2017-08-06 13:15:00,4,303.83127585121224,303.07377681167605
2017-08-06 13:30:00,4,303.84096462307406,303.1021499750692
2017-08-06 13:45:00,4,303.842740537614,303.1224309291069
2017-08-06 14:00:00,4,303.83798605743726,303.13534614256224
2017-08-06 14:15:00,4,303.8274751950785,303.14154970845107
2017-08-06 14:30:00,4,303.81142960005207,303.14126045138073
2017-08-06 14:45:00,4,303.7896645205372,303.13425602864214
2017-08-06 15:00:00,4,303.761908036059,303.12011887819955
2017-08-06 15:15:00,4,303.72780272192284,303.09843208655826
2017-08-06 15:30:00,4,303.687541603983,303.06928967394475
2017-08-06 15:45:00,4,303.6426804648995,303.03371629139457
2017-08-06 16:00:00,4,303.59458366648977,302.99313452951515
2017-08-06 16:15:00,4,303.5438419406947,302.9486098820228
2017-08-06 16:30:00,4,303.49047670006456,302.9005453466104
2017-08-06 16:45:00,4,303.43438829225306,302.8490642926227
2017-08-06 17:00:00,4,303.376071319838,302.79455630192695
2017-08-06 17:15:00,4,303.315985702979,302.7376722737482
2017-08-06 17:30:00,4,303.2544671476,302.6790471271434
2017-08-06 17:45:00,4,303.1916037634154,302.6190365766681
2017-08-06 18:00:00,4,303.12701139777084,302.5574024089099
2017-08-06 18:15:00,4,303.0594890498712,302.4935984006437
2017-08-06 18:30:00,4,302.9875657781007,302.42629059077234
2017-08-06 18:45:00,4,302.90955886481913,302.35358234609004
2017-08-06 19:00:00,4,302.8238010655684,302.2733107072898
2017-08-06 19:15:00,4,302.729221782931,302.18386985379766
2017-08-06 19:30:00,4,302.6276665809463,302.08582909274406
2017-08-06 19:45:00,4,302.5237315028503,301.98262328211194
2017-08-06 20:00:00,4,302.42158122836224,301.87881614044403
2017-08-06 20:15:00,4,302.3235092790891,301.7784615840809
2017-08-06 20:30:00,4,302.2301891812268,301.68230100095076
2017-08-06 20:45:00,4,302.14098739692395,301.5878319165731
2017-08-06 21:00:00,4,302.05487006273137,301.4941014476897
2017-08-06 21:15:00,4,301.9710035063279,301.39982211613255
2017-08-06 21:30:00,4,301.88881177434,301.3047592076078
2017-08-06 21:45:00,4,301.8079075058668,301.2090754181417
2017-08-06 22:00:00,4,301.7280059374848,301.112793130867
2017-08-06 22:15:00,4,301.6488815066672,301.01563451006257
2017-08-06 22:30:00,4,301.5705587480344,300.91713494907833
2017-08-06 22:45:00,4,301.4936869977069,300.81756155152607
2017-08-06 23:00:00,4,301.419023819365,300.72374073971116
2017-08-06 23:15:00,4,301.34698102711906,300.6375050382144
2017-08-06 23:30:00,4,301.27772519886923,300.55720375172524
2017-08-06 23:45:00,4,301.21143018885516,300.48094554220097
2017-08-07 00:00:00,4,301.14818493648374,300.4078773301136
2017-08-07 00:15:00,4,301.08793839456155,300.3378403193214
2017-08-07 00:30:00,4,301.030554769359,300.2708664763455
2017-08-07 00:45:00,4,300.9758830783152,300.20713238674045
2017-08-07 01:00:00,4,300.9238964039537,300.1470300889179
2017-08-07 01:15:00,4,300.8746310029955,300.0909997717439
2017-08-07 01:30:00,4,300.82810296032534,300.0392546856311
2017-08-07 01:45:00,4,300.78433643581053,299.99166276524716
2017-08-07 02:00:00,4,300.7432593094492,299.9478228739803
2017-08-07 02:15:00,4,300.7046789451796,299.90723115371327
2017-08-07 02:30:00,4,300.6681595506238,299.86926486972294
2017-08-07 02:45:00,4,300.63272976064707,299.8330206835167
2017-08-07 03:00:00,4,300.5973761557256,299.7974396641015
2017-08-07 03:15:00,4,300.561441107058,299.76162845069024
2017-08-07 03:30:00,4,300.5246437901663,299.7250448564839
2017-08-07 03:45:00,4,300.48701670634665,299.68741294262975
2017-08-07 04:00:00,4,300.44865864358053,299.64852657422927
2017-08-07 04:15:00,4,300.40971684970054,299.6082306227483
2017-08-07 04:30:00,4,300.37058246713997,299.5666712196148
2017-08-07 04:45:00,4,300.3319071198278,299.52449224400834
2017-08-07 05:00:00,4,300.2942752623049,299.48262934641883
2017-08-07 05:15:00,4,300.2580561503995,299.4419375552039
2017-08-07 05:30:00,4,300.22447528728077,299.4040391622774
2017-08-07 05:45:00,4,300.20339182950886,299.37735600145083
2017-08-07 06:00:00,4,300.21748679674573,299.37818607280576
2017-08-07 06:15:00,4,300.2773278512137,299.41566564730397
2017-08-07 06:30:00,4,300.37941638184674,299.4815428673519
2017-08-07 06:45:00,4,300.51714808675337,299.5927595203735
2017-08-07 07:00:00,4,300.6834797588279,299.7483861568165
2017-08-07 07:15:00,4,300.86936031929673,299.93483238773194
2017-08-07 07:30:00,4,301.06671285269044,300.1394304846644
2017-08-07 07:45:00,4,301.27058124210504,300.3580655552361
2017-08-07 08:00:00,4,301.4779677277799,300.5947239520376
2017-08-07 08:15:00,4,301.68654812409494,300.83208086257036
2017-08-07 08:30:00,4,301.8947671500991,301.0587157140949
2017-08-07 08:45:00,4,302.1003391634724,301.2716292955915
2017-08-07 09:00:00,4,302.29951900225,301.46829443726324
2017-08-07 09:15:00,4,302.4878445973672,301.65338595519023
2017-08-07 09:30:00,4,302.6626155053212,301.82799645936205
2017-08-07 09:45:00,4,302.8250214885693,301.9902980786297
2017-08-07 10:00:00,4,302.9771809264467,302.1444710038005
2017-08-07 10:15:00,4,303.12036725541293,302.2924984430184
2017-08-07 10:30:00,4,303.2549556061383,302.433951020921
2017-08-07 10:45:00,4,303.3804938103505,302.56750483603946
2017-08-07 11:00:00,4,303.49600998815885,302.69172111351514
2017-08-07 11:15:00,4,303.6005591038973,302.8058440554105
2017-08-07 11:30:00,4,303.69312849018496,302.909642902881
2017-08-07 11:45:00,4,303.77135182040195,303.0013264143529
2017-08-07 12:00:00,4,303.8328297492027,303.07826615458504
2017-08-07 12:15:00,4,303.8764499026872,303.1386631303869
2017-08-07 12:30:00,4,303.90375869078713,303.1833660924187
2017-08-07 12:45:00,4,303.91972547283143,303.21622535432897
2017-08-07 13:00:00,4,303.9290608932504,303.241744421216
2017-08-07 13:15:00,4,303.9341929107927,303.26276366160084
2017-08-07 13:30:00,4,303.93638075568805,303.28045577712754
2017-08-07 13:45:00,4,303.9372813369445,303.29565798340224
2017-08-07 14:00:00,4,303.938256087272,303.3093334013881
2017-08-07 14:15:00,4,303.93960304304454,303.32210389799417
2017-08-07 14:30:00,4,303.94087838074455,303.3338962389597
2017-08-07 14:45:00,4,303.94133874517354,303.3440948271947
2017-08-07 15:00:00,4,303.94019993307813,303.35187604264314
2017-08-07 15:15:00,4,303.93654673187103,303.3563727793488
2017-08-07 15:30:00,4,303.9290866975012,303.35647758639857
2017-08-07 15:45:00,4,303.9154870489875,303.35043855206743
2017-08-07 16:00:00,4,303.8933212005485,303.3361859949385
2017-08-07 16:15:00,4,303.86138968195587,303.3122172459402
2017-08-07 16:30:00,4,303.81973027637855,303.27812673975524
2017-08-07 16:45:00,4,303.7695706943951,303.23475394994813
2017-08-07 17:00:00,4,303.71298971508566,303.18385440352256
2017-08-07 17:15:00,4,303.6516120450027,303.1273015578647
2017-08-07 17:30:00,4,303.58660481375125,303.06658882030314
2017-08-07 17:45:00,4,303.51888278776687,303.0027527335963
2017-08-07 18:00:00,4,303.4487197284034,302.93620282461416
2017-08-07 18:15:00,4,303.37527445654075,302.8665337382656
2017-08-07 18:30:00,4,303.2971528527248,302.7928123420878
2017-08-07 18:45:00,4,303.2126577211475,302.71342423959
2017-08-07 19:00:00,4,303.1204580763037,302.6264697656764
2017-08-07 19:15:00,4,303.01975205614394,302.530611853516
2017-08-07 19:30:00,4,302.91224762176154,302.42650445002494
2017-08-07 19:45:00,4,302.801978926738,302.31745821085786
2017-08-07 20:00:00,4,302.6925701775859,302.2079080703561
2017-08-07 20:15:00,4,302.5860414749516,302.1032700709836
2017-08-07 20:30:00,4,302.4831890222509,301.99869610032636
2017-08-07 20:45:00,4,302.38412823686184,301.8932342308841
2017-08-07 21:00:00,4,302.28864070263677,301.7864675820177
2017-08-07 21:15:00,4,302.1963760569123,301.6794947225706
2017-08-07 21:30:00,4,302.10714181821453,301.5735031933651
2017-08-07 21:45:00,4,302.02127809541605,301.46927967887194
2017-08-07 22:00:00,4,301.93919291597473,301.3672536922567
2017-08-07 22:15:00,4,301.8609843926876,301.2674432166594
2017-08-07 22:30:00,4,301.78649512645586,301.1696809184098
2017-08-07 22:45:00,4,301.71544360098056,301.0800090080383
2017-08-07 23:00:00,4,301.64750251033024,300.9991059232056
2017-08-07 23:15:00,4,301.58233757394777,300.92444206004734
2017-08-07 23:30:00,4,301.51968445862053,300.8536947888136
2017-08-07 23:45:00,4,301.45946599150227,300.78596719281245
2017-08-08 00:00:00,4,301.4016520358098,300.7212661657804
2017-08-08 00:15:00,4,301.34612094476967,300.65968514090304
2017-08-08 00:30:00,4,301.29256598346984,300.6009712081855
2017-08-08 00:45:00,4,301.24032944778594,300.5444326063084
2017-08-08 01:00:00,4,301.18866034850316,300.48914036524843
2017-08-08 01:15:00,4,301.1369839168789,300.4342322017249
2017-08-08 01:30:00,4,301.08517558815396,300.37926291611916
2017-08-08 01:45:00,4,301.03394874000486,300.324429983786
2017-08-08 02:00:00,4,300.98419169144853,300.2703140383916
2017-08-08 02:15:00,4,300.93641221248464,300.21739486166047
2017-08-08 02:30:00,4,300.89068719215214,300.1658629920976
2017-08-08 02:45:00,4,300.846759881466,300.11586226530466
2017-08-08 03:00:00,4,300.8043714298016,300.06772468379427
2017-08-08 03:15:00,4,300.76339535438893,300.0218784739619
2017-08-08 03:30:00,4,300.72371291845036,299.97849449373535
2017-08-08 03:45:00,4,300.6850106718608,299.93714127888336
2017-08-08 04:00:00,4,300.64683578089716,299.89685992314594
2017-08-08 04:15:00,4,300.6088445373995,299.8566353754692
2017-08-08 04:30:00,4,300.57101074703047,299.81593130882754
2017-08-08 04:45:00,4,300.53366026285556,299.7749391493644
2017-08-08 05:00:00,4,300.4971734056074,299.7343200636612
2017-08-08 05:15:00,4,300.4618179105209,299.69477492576743
2017-08-08 05:30:00,4,300.4287059168899,299.65783898884115
2017-08-08 05:45:00,4,300.40727010478844,299.63162755880626
2017-08-08 06:00:00,4,300.4189373242786,299.6315567433358
2017-08-08 06:15:00,4,300.4722314426586,299.6660811379319
2017-08-08 06:30:00,4,300.5624110167376,299.7222329162405
2017-08-08 06:45:00,4,300.68534669164643,299.8203800567433
2017-08-08 07:00:00,4,300.83825596192077,299.96253271033765
2017-08-08 07:15:00,4,301.01509361293097,300.13773605661595
2017-08-08 07:30:00,4,301.20824575738243,300.33396446460654
2017-08-08 07:45:00,4,301.4112137491586,300.544651444948
2017-08-08 08:00:00,4,301.61934629536904,300.7780571170317
2017-08-08 08:15:00,4,301.8293991832156,301.0145048257821
2017-08-08 08:30:00,4,302.0395004032485,301.2417844651659
2017-08-08 08:45:00,4,302.24777438563734,301.456878101634
2017-08-08 09:00:00,4,302.451476020495,301.6569490360973
2017-08-08 09:15:00,4,302.64688188476373,301.84666523320266
2017-08-08 09:30:00,4,302.8309525267862,302.0270974587821
2017-08-08 09:45:00,4,303.0039046476878,302.1960502607008
2017-08-08 10:00:00,4,303.1672179746815,302.35583789160853
2017-08-08 10:15:00,4,303.3213864186493,302.50934980823797
2017-08-08 10:30:00,4,303.4655645102395,302.6561383330906
2017-08-08 10:45:00,4,303.5967911278291,302.7932665098476
2017-08-08 11:00:00,4,303.71228507967095,302.91753372834955
2017-08-08 11:15:00,4,303.81103214026234,303.0270355820943
2017-08-08 11:30:00,4,303.8928472029049,303.1208249405861
2017-08-08 11:45:00,4,303.9577726003172,303.20003236341705
2017-08-08 12:00:00,4,304.00613256258214,303.2652686212981
2017-08-08 12:15:00,4,304.03864512060034,303.3166706649361
2017-08-08 12:30:00,4,304.05745489064446,303.35545930181473
2017-08-08 12:45:00,4,304.06703309426484,303.3846920436411
2017-08-08 13:00:00,4,304.0713725472907,303.40775547064095
2017-08-08 13:15:00,4,304.0722180948009,303.4266077280478
2017-08-08 13:30:00,4,304.0705324813359,303.4420225586975
2017-08-08 13:45:00,4,304.0685404781965,303.45509010240926
2017-08-08 14:00:00,4,304.0682397633966,303.4674049717591
2017-08-08 14:15:00,4,304.07020745273934,303.4801231685097
2017-08-08 14:30:00,4,304.07339478934716,303.4929590850003
2017-08-08 14:45:00,4,304.0746138464007,303.50379887934645
2017-08-08 15:00:00,4,304.0704687708062,303.50966432901527
2017-08-08 15:15:00,4,304.05877267083804,303.508085302705
2017-08-08 15:30:00,4,304.03864984735674,303.49779833149677
2017-08-08 15:45:00,4,304.01029313042307,303.478662951812
2017-08-08 16:00:00,4,303.9741055474401,303.4509631033745
2017-08-08 16:15:00,4,303.92996771878313,303.41480250299156
2017-08-08 16:30:00,4,303.8778742372753,303.3701152079901
2017-08-08 16:45:00,4,303.81810731051974,303.3170644820833
2017-08-08 17:00:00,4,303.751774043451,303.25648073853125
2017-08-08 17:15:00,4,303.68013298198923,303.18958888351335
2017-08-08 17:30:00,4,303.6038157547987,303.1174406349936
2017-08-08 17:45:00,4,303.52347273685143,303.04078580365217
2017-08-08 18:00:00,4,303.4395225221427,302.96011833431703
2017-08-08 18:15:00,4,303.351461709937,302.87572413891576
2017-08-08 18:30:00,4,303.258702893527,302.78740301916395
2017-08-08 18:45:00,4,303.161173259865,302.69485039799537
2017-08-08 19:00:00,4,303.058618270923,302.5976494937832
2017-08-08 19:15:00,4,302.9506189734732,302.4958158538669
2017-08-08 19:30:00,4,302.8386034749707,302.39090370033966
2017-08-08 19:45:00,4,302.7251657566063,302.28307592496196
2017-08-08 20:00:00,4,302.6123253425616,302.17199594509907
2017-08-08 20:15:00,4,302.50111146837645,302.0568009093136
2017-08-08 20:30:00,4,302.3921589697255,301.9370932301953
2017-08-08 20:45:00,4,302.28648861131484,301.81509174196185
2017-08-08 21:00:00,4,302.1849478326364,301.69357418141504
2017-08-08 21:15:00,4,302.08778943988955,301.5741494895298
2017-08-08 21:30:00,4,301.99480228665215,301.45683154004075
2017-08-08 21:45:00,4,301.90549305307127,301.3421587824113
2017-08-08 22:00:00,4,301.81934293854897,301.23615816462404
2017-08-08 22:15:00,4,301.7359163150095,301.1391947090905
2017-08-08 22:30:00,4,301.6550967776919,301.048487315095
2017-08-08 22:45:00,4,301.5774589995482,300.96200753680034
2017-08-08 23:00:00,4,301.50357895718616,300.8794292347184
2017-08-08 23:15:00,4,301.43358961099176,300.80109389747895
2017-08-08 23:30:00,4,301.3673689726033,300.7271134791239
2017-08-08 23:45:00,4,301.30486410643124,300.65735265764147
2017-08-09 00:00:00,4,301.24604806644845,300.5916720672934
2017-08-09 00:15:00,4,301.1907934674732,300.52996943211076
2017-08-09 00:30:00,4,301.1388618102217,300.4720958016728
2017-08-09 00:45:00,4,301.08992339609364,300.41779636892693
2017-08-09 01:00:00,4,301.0436371656328,300.3667452575143
2017-08-09 01:15:00,4,300.99968205736985,300.3185932859373
2017-08-09 01:30:00,4,300.95743271153856,300.27272841501025
2017-08-09 01:45:00,4,300.9153388561457,300.22789730670337
2017-08-09 02:00:00,4,300.87176640906495,300.18245560519046
2017-08-09 02:15:00,4,300.82573174512834,300.13501978756165
2017-08-09 02:30:00,4,300.7771488996527,300.08509650088365
2017-08-09 02:45:00,4,300.72726090138116,300.0334270177029
2017-08-09 03:00:00,4,300.6776540298907,299.9815143029142
2017-08-09 03:15:00,4,300.6294082832545,299.9307724131902
2017-08-09 03:30:00,4,300.58304293188075,299.88201535072426
2017-08-09 03:45:00,4,300.5386112558671,299.8354309754127
2017-08-09 04:00:00,4,300.495959394806,299.79084110106356
2017-08-09 04:15:00,4,300.45488896484363,299.7479682008784
2017-08-09 04:30:00,4,300.41515891336394,299.70650483878933
2017-08-09 04:45:00,4,300.3763926703001,299.6660030346078
2017-08-09 05:00:00,4,300.3382074571345,299.62589551358275
2017-08-09 05:15:00,4,300.3003943547379,299.58572646982725
2017-08-09 05:30:00,4,300.26392418692626,299.54633473031834
2017-08-09 05:45:00,4,300.2391953455887,299.51719192593225
2017-08-09 06:00:00,4,300.2511366292414,299.51694793403345
2017-08-09 06:15:00,4,300.3112467790147,299.5561728947138
2017-08-09 06:30:00,4,300.41539781695695,299.62216917039734
2017-08-09 06:45:00,4,300.5567994712086,299.73047716865153
2017-08-09 07:00:00,4,300.72850462990556,299.8839276590946
2017-08-09 07:15:00,4,300.9209966119879,300.0699109959989
2017-08-09 07:30:00,4,301.12517369797763,300.27363507672356
2017-08-09 07:45:00,4,301.33406088122746,300.4864709833824
2017-08-09 08:00:00,4,301.542354964987,300.7072021176284
2017-08-09 08:15:00,4,301.7458912516155,300.9382282378122
2017-08-09 08:30:00,4,301.94240465831206,301.162435967755
2017-08-09 08:45:00,4,302.13142318029384,301.3699022413398
2017-08-09 09:00:00,4,302.3125783387151,301.5558812288112
2017-08-09 09:15:00,4,302.4850728379959,301.7291882908097
2017-08-09 09:30:00,4,302.64806655550007,301.8942292342113
2017-08-09 09:45:00,4,302.80093136769506,302.0503261052411
2017-08-09 10:00:00,4,302.94306640757776,302.19402699643416
2017-08-09 10:15:00,4,303.07391354832464,302.3292257707248
2017-08-09 10:30:00,4,303.1931835282489,302.45688921292805
2017-08-09 10:45:00,4,303.3004780687413,302.5754916161191
2017-08-09 11:00:00,4,303.39546948006154,302.6831199113724
2017-08-09 11:15:00,4,303.4780889438709,302.7786780295198
2017-08-09 11:30:00,4,303.5485572134688,302.8620369400816
2017-08-09 11:45:00,4,303.6077950623963,302.93374292119444
2017-08-09 12:00:00,4,303.65674597807805,302.9941137610996
2017-08-09 12:15:00,4,303.6959099766413,303.0451178688254
2017-08-09 12:30:00,4,303.7264504430099,303.0883443124592
2017-08-09 12:45:00,4,303.7511497989182,303.12599557144716
2017-08-09 13:00:00,4,303.77229880893714,303.1602547425355
2017-08-09 13:15:00,4,303.79076819770967,303.1922308522791
2017-08-09 13:30:00,4,303.8065152881736,303.22176435041285
2017-08-09 13:45:00,4,303.8189294694986,303.2479397445386
2017-08-09 14:00:00,4,303.8273481348366,303.2697206771035
2017-08-09 14:15:00,4,303.8311307414787,303.28625135673593
2017-08-09 14:30:00,4,303.8295012564117,303.2967198385335
2017-08-09 14:45:00,4,303.82125659754536,303.3001118532163
2017-08-09 15:00:00,4,303.80532280923296,303.2953393256936
2017-08-09 15:15:00,4,303.7809873087277,303.2815324282606
2017-08-09 15:30:00,4,303.7482203346737,303.2584575362707
2017-08-09 15:45:00,4,303.70814275987533,303.22678839191957
2017-08-09 16:00:00,4,303.6618206139618,303.18755724231966
2017-08-09 16:15:00,4,303.60939041440474,303.14144046019203
2017-08-09 16:30:00,4,303.5510203325665,303.08875582624677
2017-08-09 16:45:00,4,303.48743010491336,303.03000807876697
2017-08-09 17:00:00,4,303.4201035970556,302.96632267822724
2017-08-09 17:15:00,4,303.35047111458107,302.89915204391025
2017-08-09 17:30:00,4,303.2792240135558,302.8296339347615
2017-08-09 17:45:00,4,303.2066475351533,302.758437280108
2017-08-09 18:00:00,4,303.1328669202985,302.6864278328313
2017-08-09 18:15:00,4,303.05706456131793,302.6135419438295
2017-08-09 18:30:00,4,302.977934344508,302.53876500209265
2017-08-09 18:45:00,4,302.89398233672915,302.4606199477848
2017-08-09 19:00:00,4,302.8030698232349,302.3773797499097
2017-08-09 19:15:00,4,302.7030805626938,302.2879048422184
2017-08-09 19:30:00,4,302.5966888943535,302.1908081055926
2017-08-09 19:45:00,4,302.4879519552,302.08822676559134
2017-08-09 20:00:00,4,302.379228753321,301.97723204117887
2017-08-09 20:15:00,4,302.2715773078513,301.8601663335352
2017-08-09 20:30:00,4,302.1657471683444,301.7394589295541
2017-08-09 20:45:00,4,302.0632183184938,301.6179208257172
2017-08-09 21:00:00,4,301.96545553401955,301.49802261137955
2017-08-09 21:15:00,4,301.8731824144236,301.3811458870524
2017-08-09 21:30:00,4,301.7863900881125,301.26814612789593
2017-08-09 21:45:00,4,301.7044209298319,301.165820167581
2017-08-09 22:00:00,4,301.62639058111665,301.07415793296354
2017-08-09 22:15:00,4,301.5515319675592,300.9894416167023
2017-08-09 22:30:00,4,301.47935287093406,300.90860174315407
2017-08-09 22:45:00,4,301.4098032506137,300.8306557038743
2017-08-09 23:00:00,4,301.34300097853304,300.75588562292336
2017-08-09 23:15:00,4,301.2789558177096,300.684670682075
2017-08-09 23:30:00,4,301.21758061143186,300.61701740863134
2017-08-09 23:45:00,4,301.15876762569025,300.5526046957413
2017-08-10 00:00:00,4,301.1023065229312,300.4909464357893
2017-08-10 00:15:00,4,301.04789688769984,300.4315085304545
2017-08-10 00:30:00,4,300.99511134596514,300.37369458307495
2017-08-10 00:45:00,4,300.94323770329413,300.3167868463519
2017-08-10 01:00:00,4,300.8916005549719,300.26005879606134
2017-08-10 01:15:00,4,300.8398139491057,300.2029786556876
2017-08-10 01:30:00,4,300.78792996836467,300.14552252112657
2017-08-10 01:45:00,4,300.7366931907511,300.08843559412406
2017-08-10 02:00:00,4,300.68705141429746,300.032976555052
2017-08-10 02:15:00,4,300.63967585736054,299.98032549069205
2017-08-10 02:30:00,4,300.59462662211314,299.9308908715714
2017-08-10 02:45:00,4,300.55088926499405,299.8838536883718
2017-08-10 03:00:00,4,300.5071566693549,299.83759819125726
2017-08-10 03:15:00,4,300.4625817660302,299.7906366620134
2017-08-10 03:30:00,4,300.41685738378914,299.74222234555174
2017-08-10 03:45:00,4,300.37004580347434,299.6923594436023
2017-08-10 04:00:00,4,300.32232196950986,299.6414229333859
2017-08-10 04:15:00,4,300.2738451075999,299.589801169461
2017-08-10 04:30:00,4,300.2249270141669,299.5379065066769
2017-08-10 04:45:00,4,300.17641009671115,299.48642510480107
2017-08-10 05:00:00,4,300.12922294751576,299.4362296387575
2017-08-10 05:15:00,4,300.0839687394594,299.3880562807754
2017-08-10 05:30:00,4,300.0418205073178,299.3432251731304
2017-08-10 05:45:00,4,300.0130693930729,299.31120546310103
2017-08-10 06:00:00,4,300.02296410430546,299.3104947877495
2017-08-10 06:15:00,4,300.08305148605217,299.3515713259015
2017-08-10 06:30:00,4,300.18879045053774,299.4228336680724
2017-08-10 06:45:00,4,300.3329480764509,299.53288090397996
2017-08-10 07:00:00,4,300.508205674867,299.6874042511729
2017-08-10 07:15:00,4,300.7045606341836,299.8755905640848
2017-08-10 07:30:00,4,300.9127210138032,300.08208269560794
2017-08-10 07:45:00,4,301.12677850922415,300.29766942003266
2017-08-10 08:00:00,4,301.3432050863148,300.5208637634485
2017-08-10 08:15:00,4,301.5596295433668,300.75961986465956
2017-08-10 08:30:00,4,301.7747276962348,300.9973257982316
2017-08-10 08:45:00,4,301.98733272673246,301.2219405589327
2017-08-10 09:00:00,4,302.19642392003624,301.4270104180481
2017-08-10 09:15:00,4,302.40052461333335,301.6206790295801
2017-08-10 09:30:00,4,302.5982213018124,301.8076997308364
2017-08-10 09:45:00,4,302.78903156967203,301.9877450248981
2017-08-10 10:00:00,4,302.9726677600377,302.1575808827987
2017-08-10 10:15:00,4,303.1481978000628,302.3216645918656
2017-08-10 10:30:00,4,303.3141812609183,302.4805289497808
2017-08-10 10:45:00,4,303.4686690501305,302.6313080123968
2017-08-10 11:00:00,4,303.6098111929842,302.77073848636246
2017-08-10 11:15:00,4,303.7361419240766,302.89664877509705
2017-08-10 11:30:00,4,303.84671631167396,303.0081413327966
2017-08-10 11:45:00,4,303.9411703020334,303.1050142536613
2017-08-10 12:00:00,4,304.01940548170455,303.1871676586676
2017-08-10 12:15:00,4,304.0814069219139,303.2541410143048
2017-08-10 12:30:00,4,304.12890416404684,303.308976927513
2017-08-10 12:45:00,4,304.167360459576,303.3562276470917
2017-08-10 13:00:00,4,304.2020069410254,303.40039810916664
2017-08-10 13:15:00,4,304.2354177028407,303.4440435247135
2017-08-10 13:30:00,4,304.26812998160017,303.4873736583084
2017-08-10 13:45:00,4,304.29896702805127,303.52894430735637
2017-08-10 14:00:00,4,304.32619198319577,303.56676653614625
2017-08-10 14:15:00,4,304.3482241020776,303.59910940620665
2017-08-10 14:30:00,4,304.3635815332324,303.6245423819703
2017-08-10 14:45:00,4,304.37045037399673,303.6415797974244
2017-08-10 15:00:00,4,304.36716828936636,303.6487001562689
2017-08-10 15:15:00,4,304.3524815561584,303.64463019036845
2017-08-10 15:30:00,4,304.32576289117105,303.62869639684715
2017-08-10 15:45:00,4,304.28725185780354,303.60099462353617
2017-08-10 16:00:00,4,304.2374330731955,303.56203045570624
2017-08-10 16:15:00,4,304.1762284724346,303.5120404781691
2017-08-10 16:30:00,4,304.10331396369423,303.45099475474444
2017-08-10 16:45:00,4,304.0198461194824,303.37954137733857
2017-08-10 17:00:00,4,303.92858482405893,303.2995582037783
2017-08-10 17:15:00,4,303.8322672844432,303.2133982653385
2017-08-10 17:30:00,4,303.7324170962017,303.12329165353344
2017-08-10 17:45:00,4,303.6294272510944,303.0313008906843
2017-08-10 18:00:00,4,303.5233329154349,302.9380066771058
2017-08-10 18:15:00,4,303.41327459493436,302.8427510904171
2017-08-10 18:30:00,4,303.2980910787997,302.74457041051284
2017-08-10 18:45:00,4,303.1767844369212,302.6422192344403
2017-08-10 19:00:00,4,303.0477304561336,302.53203533823176
2017-08-10 19:15:00,4,302.90916859813126,302.41021631316596
2017-08-10 19:30:00,4,302.764484707955,302.2778425319775
2017-08-10 19:45:00,4,302.61876031320503,302.1381079894822
2017-08-10 20:00:00,4,302.4751729503736,301.99122366967185
2017-08-10 20:15:00,4,302.33522917766356,301.8377622998032
2017-08-10 20:30:00,4,302.199752860573,301.6813281389523
2017-08-10 20:45:00,4,302.0698911813107,301.52563644955376
2017-08-10 21:00:00,4,301.9466424409802,301.37246726803403
2017-08-10 21:15:00,4,301.83036600120505,301.22754524932907
2017-08-10 21:30:00,4,301.72089259403845,301.0972768908526
2017-08-10 21:45:00,4,301.61772269002466,300.98033767714685
2017-08-10 22:00:00,4,301.52022355740104,300.8723868362925
2017-08-10 22:15:00,4,301.4277639173076,300.770464922801
2017-08-10 22:30:00,4,301.33994522223844,300.6737198032046
2017-08-10 22:45:00,4,301.2569483429826,300.5824135016613
2017-08-10 23:00:00,4,301.1790796834921,300.4969219664024
2017-08-10 23:15:00,4,301.1063752158141,300.4172959882747
2017-08-10 23:30:00,4,301.03863487111425,300.34328879731186
2017-08-10 23:45:00,4,300.9755574340918,300.27453912166675
2017-08-11 00:00:00,4,300.91679871893575,300.2106782825233
2017-08-11 00:15:00,4,300.8619885919175,300.1513374121238
2017-08-11 00:30:00,4,300.8106882476165,300.0960678287079
2017-08-11 00:45:00,4,300.7622773663244,300.04424455804985
2017-08-11 01:00:00,4,300.71611651873195,299.99513836614796
2017-08-11 01:15:00,4,300.67170597477497,299.9480905026277
2017-08-11 01:30:00,4,300.62858750827667,299.90254900833907
2017-08-11 01:45:00,4,300.58613282279254,299.85799105328874
2017-08-11 02:00:00,4,300.54376999249297,299.81394347047376
2017-08-11 02:15:00,4,300.5011358464277,299.7700508868069
2017-08-11 02:30:00,4,300.4579473868156,299.72596951317854
2017-08-11 02:45:00,4,300.41374493829164,299.68112462356487
2017-08-11 03:00:00,4,300.36806421872507,299.63474759506653
2017-08-11 03:15:00,4,300.32071801286304,299.5862247661454
2017-08-11 03:30:00,4,300.27201206249816,299.5355618651619
2017-08-11 03:45:00,4,300.22288306104326,299.48358636186055
2017-08-11 04:00:00,4,300.17432659451686,299.4315442751707
2017-08-11 04:15:00,4,300.1269878524545,299.3804986705005
2017-08-11 04:30:00,4,300.08117898547823,299.33104960111996
2017-08-11 04:45:00,4,300.0369951215403,299.2834087291966
2017-08-11 05:00:00,4,299.994408715969,299.2375841782406
2017-08-11 05:15:00,4,299.95332973577155,299.19350524000345
2017-08-11 05:30:00,4,299.91386277872283,299.1513763686226
2017-08-11 05:45:00,4,299.8847268970209,299.1196517253569
2017-08-11 06:00:00,4,299.8928337079302,299.11770104725827
2017-08-11 06:15:00,4,299.9518619310056,299.1581475044636
2017-08-11 06:30:00,4,300.0577323699228,299.23299022433974
2017-08-11 06:45:00,4,300.2027454314195,299.34029484311384
2017-08-11 07:00:00,4,300.378937657134,299.4905184394834
2017-08-11 07:15:00,4,300.5757010145892,299.6756207730018
2017-08-11 07:30:00,4,300.78321412635523,299.879099984649
2017-08-11 07:45:00,4,300.99470439307083,300.08952553916635
2017-08-11 08:00:00,4,301.2052148850458,300.3030097587507
2017-08-11 08:15:00,4,301.4107212648923,300.52191122663623
2017-08-11 08:30:00,4,301.6089258231344,300.7458894024453
2017-08-11 08:45:00,4,301.79952494670067,300.9602107483432
2017-08-11 09:00:00,4,301.9830532013229,301.1565042768459
2017-08-11 09:15:00,4,302.1592167999303,301.33544713698234
2017-08-11 09:30:00,4,302.3272159765574,301.504766473957
2017-08-11 09:45:00,4,302.48654111285504,301.66739625022984
2017-08-11 10:00:00,4,302.63672279471166,301.8213154728252
2017-08-11 10:15:00,4,302.7768573805066,301.96419757674084
2017-08-11 10:30:00,4,302.905926887407,302.09849640349137
2017-08-11 10:45:00,4,303.0229992300025,302.22453361608723
2017-08-11 11:00:00,4,303.12738987452616,302.3407930434066
2017-08-11 11:15:00,4,303.2186467898725,302.44573833996674
2017-08-11 11:30:00,4,303.29682435344625,302.53865259463043
2017-08-11 11:45:00,4,303.3628018013008,302.6195802313526
2017-08-11 12:00:00,4,303.4175665524845,302.6888383203521
2017-08-11 12:15:00,4,303.46165209544176,302.74667505661864
2017-08-11 12:30:00,4,303.4960926488162,302.79404634141974
2017-08-11 12:45:00,4,303.52320095740146,302.83415071577906
2017-08-11 13:00:00,4,303.5447268645498,302.86946014390253
2017-08-11 13:15:00,4,303.561189274611,302.90070369768756
2017-08-11 13:30:00,4,303.57285055202846,302.92762892866045
2017-08-11 13:45:00,4,303.5807151424289,302.9502311136187
2017-08-11 14:00:00,4,303.5858271698639,302.9689922925612
2017-08-11 14:15:00,4,303.5884943602238,302.98434231674975
2017-08-11 14:30:00,4,303.5884863892444,302.9962764950306
2017-08-11 14:45:00,4,303.58539246526715,303.0044299842588
2017-08-11 15:00:00,4,303.57875800433203,303.0082856523943
2017-08-11 15:15:00,4,303.56794645247726,303.007254045539
2017-08-11 15:30:00,4,303.55225910033056,303.00071640747444
2017-08-11 15:45:00,4,303.53101834148043,302.98807944090686
2017-08-11 16:00:00,4,303.5034881438462,302.9687103554237
2017-08-11 16:15:00,4,303.46873429069854,302.9419108526895
2017-08-11 16:30:00,4,303.4262886048809,302.9071232607315
2017-08-11 16:45:00,4,303.37616503872704,302.8642402556666
2017-08-11 17:00:00,4,303.319363985929,302.8139371310022
2017-08-11 17:15:00,4,303.2571466565015,302.75736431618077
2017-08-11 17:30:00,4,303.1901399644965,302.69552666381986
2017-08-11 17:45:00,4,303.1189623195561,302.6290513010879
2017-08-11 18:00:00,4,303.0439707743603,302.55873597364734
2017-08-11 18:15:00,4,302.9644668746807,302.4848389691748
2017-08-11 18:30:00,4,302.8792038359751,302.40651216097604
2017-08-11 18:45:00,4,302.7863247480854,302.3221373975913
2017-08-11 19:00:00,4,302.68347707688855,302.2299020096835
2017-08-11 19:15:00,4,302.5689797797729,302.12962689958
2017-08-11 19:30:00,4,302.44611876602414,302.0196934546651
2017-08-11 19:45:00,4,302.32022788930647,301.9026949906767
2017-08-11 20:00:00,4,302.1950208303448,301.7777297285506
2017-08-11 20:15:00,4,302.07235115174325,301.64494417198296
2017-08-11 20:30:00,4,301.95321123166855,301.5084656330732
2017-08-11 20:45:00,4,301.8388035072798,301.3725857993061
2017-08-11 21:00:00,4,301.7300736446781,301.2396840905133
2017-08-11 21:15:00,4,301.6272944759499,301.1099146944727
2017-08-11 21:30:00,4,301.5302022534976,300.98763828040626
2017-08-11 21:45:00,4,301.43812948708165,300.8770769132129
2017-08-11 22:00:00,4,301.3502780453511,300.7765719746284
2017-08-11 22:15:00,4,301.26592161218497,300.6823095528982
2017-08-11 22:30:00,4,301.18452869240474,300.59174826978244
2017-08-11 22:45:00,4,301.1058905615544,300.5041947977585
2017-08-11 23:00:00,4,301.0299290876386,300.4198192590394
2017-08-11 23:15:00,4,300.9565252207206,300.33874782233033
2017-08-11 23:30:00,4,300.88551921597127,300.2608421495273
2017-08-11 23:45:00,4,300.81677466988566,300.1858496770785
2017-08-12 00:00:00,4,300.7501514612376,300.11353686285014
2017-08-12 00:15:00,4,300.6854807710183,300.0437090031473
2017-08-12 00:30:00,4,300.6227151917569,299.97627624732536
2017-08-12 00:45:00,4,300.5621923641323,299.9113894955564
2017-08-12 01:00:00,4,300.50429741588823,299.8493451525509
2017-08-12 01:15:00,4,300.44917655787094,299.7903414538572
2017-08-12 01:30:00,4,300.39662122892616,299.73424640162284
2017-08-12 01:45:00,4,300.34589210695736,299.6804768340291
2017-08-12 02:00:00,4,300.2961559761828,299.62821553521337
2017-08-12 02:15:00,4,300.246836333191,299.5767574263532
2017-08-12 02:30:00,4,300.1976477553123,299.52566249816243
2017-08-12 02:45:00,4,300.1485566643536,299.47466245391195
2017-08-12 03:00:00,4,300.0995878898528,299.4235012901547
2017-08-12 03:15:00,4,300.0507917393652,299.3719496275466
2017-08-12 03:30:00,4,300.00225300191676,299.3199160064859
2017-08-12 03:45:00,4,299.9538823184779,299.2674738427122
2017-08-12 04:00:00,4,299.9054953394713,299.2147892022865
2017-08-12 04:15:00,4,299.8569726211222,299.16203869364267
2017-08-12 04:30:00,4,299.8086763018653,299.10976230024755
2017-08-12 04:45:00,4,299.7622775856075,299.05944839672077
2017-08-12 05:00:00,4,299.71982126055127,299.0132444453609
2017-08-12 05:15:00,4,299.6826639393692,298.97313251715303
2017-08-12 05:30:00,4,299.6511762391882,298.93983414799914
2017-08-12 05:45:00,4,299.62511576374646,298.9132137044134
2017-08-12 06:00:00,4,299.610262199081,298.8981833626492
2017-08-12 06:15:00,4,299.6249315652996,298.9079984477867
2017-08-12 06:30:00,4,299.6828818788071,298.9547851534504
2017-08-12 06:45:00,4,299.7884247987724,299.03906785462317
2017-08-12 07:00:00,4,299.9385465562201,299.14988059730825
2017-08-12 07:15:00,4,300.12241197387357,299.3031384091054
2017-08-12 07:30:00,4,300.32787216697244,299.4937612424988
2017-08-12 07:45:00,4,300.5463869027133,299.70572187579467
2017-08-12 08:00:00,4,300.77235329143235,299.9272268756828
2017-08-12 08:15:00,4,301.00050855398007,300.1541082011059
2017-08-12 08:30:00,4,301.22720428694316,300.3950464327182
2017-08-12 08:45:00,4,301.4510408014535,300.6331535080252
2017-08-12 09:00:00,4,301.67164784303185,300.8542826316463
2017-08-12 09:15:00,4,301.8878998699867,301.0622872170767
2017-08-12 09:30:00,4,302.09716694457694,301.26181335291193
2017-08-12 09:45:00,4,302.2936223429995,301.4512391037812
2017-08-12 10:00:00,4,302.4700710441603,301.6245299528678
2017-08-12 10:15:00,4,302.6210648967142,301.77691704632645
2017-08-12 10:30:00,4,302.74576986199196,301.9104668399381
2017-08-12 10:45:00,4,302.85003050718984,302.0289326278673
2017-08-12 11:00:00,4,302.9408706948558,302.13627103669046
2017-08-12 11:15:00,4,303.0224418176095,302.2352700229358
2017-08-12 11:30:00,4,303.0963546818857,302.3269510858069
2017-08-12 11:45:00,4,303.1626917177771,302.41094825694717
2017-08-12 12:00:00,4,303.2209056263953,302.48631239702854
2017-08-12 12:15:00,4,303.27034887864164,302.55218868194873
2017-08-12 12:30:00,4,303.31127083037273,302.60847223101655
2017-08-12 12:45:00,4,303.34526078321136,302.6582260707057
2017-08-12 13:00:00,4,303.3735732297452,302.7034361185073
2017-08-12 13:15:00,4,303.3965613282039,302.7443262836373
2017-08-12 13:30:00,4,303.41460991838676,302.78051925187185
2017-08-12 13:45:00,4,303.42919752953844,302.8123480334352
2017-08-12 14:00:00,4,303.44201262979027,302.84089043166836
2017-08-12 14:15:00,4,303.4537479445319,302.8671192091007
2017-08-12 14:30:00,4,303.4638020321766,302.8910363299251
2017-08-12 14:45:00,4,303.4703493627711,302.91140312846096
2017-08-12 15:00:00,4,303.4714483965024,302.9262576791487
2017-08-12 15:15:00,4,303.4655208213158,302.93371671515285
2017-08-12 15:30:00,4,303.4515468521162,302.9324773349863
2017-08-12 15:45:00,4,303.4288665114812,302.9219001208871
2017-08-12 16:00:00,4,303.39743088847416,302.90183231078333
2017-08-12 16:15:00,4,303.3570196006058,302.8721886848489
2017-08-12 16:30:00,4,303.3074101145143,302.83278478873893
2017-08-12 16:45:00,4,303.2487493355189,302.78361513807084
2017-08-12 17:00:00,4,303.1822006545732,302.72541633172926
2017-08-12 17:15:00,4,303.1098040949872,302.65977595036605
2017-08-12 17:30:00,4,303.03342408735904,302.5886102710047
2017-08-12 17:45:00,4,302.9545335576514,302.5135732474978
2017-08-12 18:00:00,4,302.87372508405963,302.4358802929547
2017-08-12 18:15:00,4,302.7901912155441,302.35607988529193
2017-08-12 18:30:00,4,302.70251154290924,302.2733638248495
2017-08-12 18:45:00,4,302.6089247701617,302.1860349376027
2017-08-12 19:00:00,4,302.50726439740293,302.09203992865815
2017-08-12 19:15:00,4,302.3959796575545,301.99065082486624
2017-08-12 19:30:00,4,302.27815559046843,301.8837232535294
2017-08-12 19:45:00,4,302.1585983999153,301.7720069388325
2017-08-12 20:00:00,4,302.0405487090439,301.65419812023373
2017-08-12 20:15:00,4,301.92555066765885,301.53173981517267
2017-08-12 20:30:00,4,301.81416061337336,301.4066253815572
2017-08-12 20:45:00,4,301.70657671202304,301.28129443076034
2017-08-12 21:00:00,4,301.60271725522324,301.1572555879096
2017-08-12 21:15:00,4,301.5022775919856,301.0346489277763
2017-08-12 21:30:00,4,301.40506227313614,300.9124090792388
2017-08-12 21:45:00,4,301.3114112621116,300.7959582829096
2017-08-12 22:00:00,4,301.2217211754191,300.6894364900431
2017-08-12 22:15:00,4,301.1360604523527,300.59188147724115
2017-08-12 22:30:00,4,301.05417160130963,300.50048533719735
2017-08-12 22:45:00,4,300.97546370524657,300.4131638164885
2017-08-12 23:00:00,4,300.8992200432314,300.3288614643686
2017-08-12 23:15:00,4,300.82480787670926,300.2469320525795
2017-08-12 23:30:00,4,300.7519773540728,300.1669858936831
2017-08-12 23:45:00,4,300.68135239817366,300.0892558749446
2017-08-13 00:00:00,4,300.61382095761,300.0145477074679
2017-08-13 00:15:00,4,300.54990957805916,299.94368555389735
2017-08-13 00:30:00,4,300.48956656943005,299.87692969985517
2017-08-13 00:45:00,4,300.4319491209736,299.81369792076566
2017-08-13 01:00:00,4,300.3760050973936,299.75289240154757
2017-08-13 01:15:00,4,300.32096599388666,299.69346406674146
2017-08-13 01:30:00,4,300.2664685710109,299.63477935583336
2017-08-13 01:45:00,4,300.21263525951696,299.57666333033853
2017-08-13 02:00:00,4,300.15974983714705,299.5191864789114
2017-08-13 02:15:00,4,300.10803589140625,299.4624797992093
2017-08-13 02:30:00,4,300.05757527774733,299.4066340099165
2017-08-13 02:45:00,4,300.00810364107093,299.35163361988907
2017-08-13 03:00:00,4,299.9592236109744,299.2973802456139
2017-08-13 03:15:00,4,299.9106479683631,299.2437832246477
2017-08-13 03:30:00,4,299.8625079984536,299.1911000355847
2017-08-13 03:45:00,4,299.81593809369605,299.14040360685163
2017-08-13 04:00:00,4,299.77240431473496,299.0933272483562
2017-08-13 04:15:00,4,299.7329020669586,299.0512622695837
2017-08-13 04:30:00,4,299.6977629544167,299.01487187822306
2017-08-13 04:45:00,4,299.666674361838,298.9837377205224
2017-08-13 05:00:00,4,299.63906994016196,298.9568765529364
2017-08-13 05:15:00,4,299.61442948668446,298.9333747734887
2017-08-13 05:30:00,4,299.5920752411794,298.91246622728585
2017-08-13 05:45:00,4,299.57685283487007,298.89894505674766
2017-08-13 06:00:00,4,299.58858015410925,298.9066375921787
2017-08-13 06:15:00,4,299.64029752596264,298.946581923314
2017-08-13 06:30:00,4,299.7316983240147,299.01604574874295
2017-08-13 06:45:00,4,299.8591068130127,299.10863522870534
2017-08-13 07:00:00,4,300.0166420053527,299.23897363105436
2017-08-13 07:15:00,4,300.1916584589756,299.401648243086
2017-08-13 07:30:00,4,300.3708234990953,299.57794378561897
2017-08-13 07:45:00,4,300.54588883856434,299.75296093615157
2017-08-13 08:00:00,4,300.71332839007295,299.9217238838567
2017-08-13 08:15:00,4,300.8732414036296,300.0866519788933
2017-08-13 08:30:00,4,301.0267445752908,300.25520966645223
2017-08-13 08:45:00,4,301.1744096615586,300.41854284501534
2017-08-13 09:00:00,4,301.3184887410647,300.5699536539646
2017-08-13 09:15:00,4,301.46313321026577,300.71317730203384
2017-08-13 09:30:00,4,301.61228140238205,300.8576662525898
2017-08-13 09:45:00,4,301.7688047924284,301.0082571893254
2017-08-13 10:00:00,4,301.93243466580645,301.1666765192083
2017-08-13 10:15:00,4,302.10052322817023,301.3326532831456
2017-08-13 10:30:00,4,302.26896380816714,301.50166373089877
2017-08-13 10:45:00,4,302.4303026386695,301.66611126735233
2017-08-13 11:00:00,4,302.57557623493005,301.81923281272265
2017-08-13 11:15:00,4,302.69688402671613,301.9541362928488
2017-08-13 11:30:00,4,302.7908384295394,302.06653982609646
2017-08-13 11:45:00,4,302.8605982085891,302.15685182599816
2017-08-13 12:00:00,4,302.91154330101597,302.2287461312742
2017-08-13 12:15:00,4,302.94799320961175,302.28633158027156
2017-08-13 12:30:00,4,302.97414475836024,302.3335239312793
2017-08-13 12:45:00,4,302.99593932956935,302.3748593167645
2017-08-13 13:00:00,4,303.0184647087099,302.41478117151553
2017-08-13 13:15:00,4,303.0444192041482,302.4563057759322
2017-08-13 13:30:00,4,303.07488631524683,302.5007871195044
2017-08-13 13:45:00,4,303.11027753223897,302.54858301703257
2017-08-13 14:00:00,4,303.1501775890688,302.59937562137947
2017-08-13 14:15:00,4,303.19284176277796,302.65196522630964
2017-08-13 14:30:00,4,303.2349423391511,302.70371062039607
2017-08-13 14:45:00,4,303.27068239539943,302.750184432623
2017-08-13 15:00:00,4,303.2947878621195,302.78665939724425
2017-08-13 15:15:00,4,303.3050982596547,302.8101849855288
2017-08-13 15:30:00,4,303.3024120009617,302.8205960721933
2017-08-13 15:45:00,4,303.290535614227,302.8204361427173
2017-08-13 16:00:00,4,303.2734861439433,302.81318432372575
2017-08-13 16:15:00,4,303.2526672580067,302.80109327593703
2017-08-13 16:30:00,4,303.22785732973637,302.7845532896764
2017-08-13 16:45:00,4,303.19782841283813,302.76274364864224
2017-08-13 17:00:00,4,303.1612191836974,302.73445985224805
2017-08-13 17:15:00,4,303.116426290229,302.69829106348226
2017-08-13 17:30:00,4,303.0619740280809,302.65304839724894
2017-08-13 17:45:00,4,302.99773378014874,302.59815616608836
2017-08-13 18:00:00,4,302.92462210469967,302.53383944437843
2017-08-13 18:15:00,4,302.8449368325568,302.4612636745146
2017-08-13 18:30:00,4,302.7610069912976,302.3821363077853
2017-08-13 18:45:00,4,302.6735815412704,302.2978449160688
2017-08-13 19:00:00,4,302.58273729084596,302.2089664740098
2017-08-13 19:15:00,4,302.48967265278594,302.1165786697643
2017-08-13 19:30:00,4,302.39667638382946,302.0224344939546
2017-08-13 19:45:00,4,302.30475480838965,301.9281754483054
2017-08-13 20:00:00,4,302.2136757734474,301.8347848259044
2017-08-13 20:15:00,4,302.1229573722119,301.74225629866345
2017-08-13 20:30:00,4,302.0321758510676,301.6487512358103
2017-08-13 20:45:00,4,301.9410272803526,301.5545553653458
2017-08-13 21:00:00,4,301.8492801262076,301.4618311066777
2017-08-13 21:15:00,4,301.75676214054243,301.3660589336117
2017-08-13 21:30:00,4,301.6638391826124,301.26526961565685
2017-08-13 21:45:00,4,301.5721785754122,301.1607777190312
2017-08-13 22:00:00,4,301.4834505132193,301.05531178015286
2017-08-13 22:15:00,4,301.39845012385274,300.9510177407871
2017-08-13 22:30:00,4,301.317276929825,300.8485185702184
2017-08-13 22:45:00,4,301.23959487426157,300.7494570790192
2017-08-13 23:00:00,4,301.16488548487234,300.65810031257536
2017-08-13 23:15:00,4,301.09262871092784,300.5741997015916
2017-08-13 23:30:00,4,301.02258941993887,300.4952470282161
2017-08-13 23:45:00,4,300.9552639456331,300.41962804357297
2017-08-14 00:00:00,4,300.89132516043566,300.34735566856966
2017-08-14 00:15:00,4,300.8310931294167,300.2790846392241
2017-08-14 00:30:00,4,300.7741264662318,300.21483110989044
2017-08-14 00:45:00,4,300.7185967084649,300.15324909352296
2017-08-14 01:00:00,4,300.6624559946504,300.0921024495713
2017-08-14 01:15:00,4,300.60444292587493,300.0293245895463
2017-08-14 01:30:00,4,300.54449636382196,299.9641158896279
2017-08-14 01:45:00,4,300.4842556501897,299.8976620890022
2017-08-14 02:00:00,4,300.4259019438971,299.8325397259128
2017-08-14 02:15:00,4,300.37102523324336,299.7712850135108
2017-08-14 02:30:00,4,300.32041673428984,299.7153686564992
2017-08-14 02:45:00,4,300.2742068969118,299.6650807273098
2017-08-14 03:00:00,4,300.23217569662575,299.62001291365834
2017-08-14 03:15:00,4,300.1939650591433,299.5795569834619
2017-08-14 03:30:00,4,300.1589833632999,299.54309356186275
2017-08-14 03:45:00,4,300.12605613576125,299.50950054765
2017-08-14 04:00:00,4,300.0938763772302,299.47731267474967
2017-08-14 04:15:00,4,300.0615010618878,299.445250163601
2017-08-14 04:30:00,4,300.0283401857693,299.41244126953916
2017-08-14 04:45:00,4,299.99393208051015,299.37824797433353
2017-08-14 05:00:00,4,299.9578982540568,299.34206815644035
2017-08-14 05:15:00,4,299.92004604282755,299.30325248627634
2017-08-14 05:30:00,4,299.8807498542645,299.2619035332405
2017-08-14 05:45:00,4,299.8458764176556,299.2234547971621
2017-08-14 06:00:00,4,299.83338537539,299.2020355341977
2017-08-14 06:15:00,4,299.85767828186374,299.21124871514775
2017-08-14 06:30:00,4,299.92096344795823,299.25287233583396
2017-08-14 06:45:00,4,300.0205132055186,299.31924668036424
2017-08-14 07:00:00,4,300.1521095005197,299.4256688029889
2017-08-14 07:15:00,4,300.3091068458771,299.5713313710826
2017-08-14 07:30:00,4,300.4854353031328,299.7450087007325
2017-08-14 07:45:00,4,300.6761755723655,299.9368885957576
2017-08-14 08:00:00,4,300.8771038242895,300.1429273170093
2017-08-14 08:15:00,4,301.08441658962727,300.3720183616897
2017-08-14 08:30:00,4,301.29544412759765,300.60623276114904
2017-08-14 08:45:00,4,301.50843194266986,300.8329839233501
2017-08-14 09:00:00,4,301.7216731200928,301.04548535069364
2017-08-14 09:15:00,4,301.9327577264901,301.24924309741493
2017-08-14 09:30:00,4,302.1388026974342,301.446726094454
2017-08-14 09:45:00,4,302.3361516167213,301.63321110670614
2017-08-14 10:00:00,4,302.52128387337467,301.8113703213196
2017-08-14 10:15:00,4,302.69121065171225,301.97978671156795
2017-08-14 10:30:00,4,302.84419436927124,302.13584064374265
2017-08-14 10:45:00,4,302.9804632306069,302.2782507446249
2017-08-14 11:00:00,4,303.1009904067922,302.40710320423307
2017-08-14 11:15:00,4,303.2062814694165,302.5226259505211
2017-08-14 11:30:00,4,303.2961659807192,302.62412296548985
2017-08-14 11:45:00,4,303.3694915085422,302.7118101354379
2017-08-14 12:00:00,4,303.42525212370265,302.7849150291534
2017-08-14 12:15:00,4,303.4634658275267,302.8427820341354
2017-08-14 12:30:00,4,303.4868537666657,302.88704283881646
2017-08-14 12:45:00,4,303.50264964070783,302.9227082299906
2017-08-14 13:00:00,4,303.51775344739303,302.9557307229554
2017-08-14 13:15:00,4,303.53537041080534,302.9898684238336
2017-08-14 13:30:00,4,303.55562915582163,303.02568505932226
2017-08-14 13:45:00,4,303.5764304088418,303.0614499572483
2017-08-14 14:00:00,4,303.5950981803816,303.09463425166723
2017-08-14 14:15:00,4,303.6089090741383,303.12281410570984
2017-08-14 14:30:00,4,303.6163688943455,303.14457391278006
2017-08-14 14:45:00,4,303.6185724905404,303.16035223973114
2017-08-14 15:00:00,4,303.61771650996735,303.1719648487619
2017-08-14 15:15:00,4,303.61569912057826,303.18139811468444
2017-08-14 15:30:00,4,303.61340161180834,303.18949673755606
2017-08-14 15:45:00,4,303.60909152583133,303.19512145519946
2017-08-14 16:00:00,4,303.60008830385397,303.1958949578069
2017-08-14 16:15:00,4,303.5844227690862,303.1895997701113
2017-08-14 16:30:00,4,303.5607103486467,303.1747073496255
2017-08-14 16:45:00,4,303.52801629063964,303.15046723364884
2017-08-14 17:00:00,4,303.4864824378979,303.11683541235124
2017-08-14 17:15:00,4,303.4361732548696,303.07395989451066
2017-08-14 17:30:00,4,303.37698888551745,303.0219959673738
2017-08-14 17:45:00,4,303.3088342273416,302.96097212841823
2017-08-14 18:00:00,4,303.2320636470981,302.8909046556903
2017-08-14 18:15:00,4,303.1472208469479,302.81194849878176
2017-08-14 18:30:00,4,303.05473179089387,302.7242192033908
2017-08-14 18:45:00,4,302.9538951007776,302.6272840412457
2017-08-14 19:00:00,4,302.8439768369939,302.5207614944353
2017-08-14 19:15:00,4,302.7262291633283,302.40555425828154
2017-08-14 19:30:00,4,302.6038266737483,302.2843954336937
2017-08-14 19:45:00,4,302.4800553590313,302.1611228723727
2017-08-14 20:00:00,4,302.35705607581093,302.0397897222094
2017-08-14 20:15:00,4,302.23581800971266,301.9236147154681
2017-08-14 20:30:00,4,302.1170571743252,301.80495839433337
2017-08-14 20:45:00,4,302.0022264216185,301.6809225532396
2017-08-14 21:00:00,4,301.89247708493485,301.5543459432638
2017-08-14 21:15:00,4,301.78804677349325,301.42912283035156
2017-08-14 21:30:00,4,301.68883537092415,301.3073621914306
2017-08-14 21:45:00,4,301.5952524750356,301.1895528577321
2017-08-14 22:00:00,4,301.5077809593562,301.07528445630487
2017-08-14 22:15:00,4,301.426513625881,300.9685125702057
2017-08-14 22:30:00,4,301.3513110432525,300.87345705240546
2017-08-14 22:45:00,4,301.2821626239085,300.78963382462285
2017-08-14 23:00:00,4,301.21908447354093,300.71467811335884
2017-08-14 23:15:00,4,301.16188891025786,300.64689083301295
2017-08-14 23:30:00,4,301.1100210626159,300.58544316084334
2017-08-14 23:45:00,4,301.06235619324286,300.52950076435866
2017-08-15 00:00:00,4,301.0176697649551,300.4778549121313
2017-08-15 00:15:00,4,300.97503663272124,300.42921562067977
2017-08-15 00:30:00,4,300.9337191171545,300.3824919375136
2017-08-15 00:45:00,4,300.8928924221353,300.3367960166717
2017-08-15 01:00:00,4,300.8518725121785,300.2914207718471
2017-08-15 01:15:00,4,300.81025596539035,300.2458562835625
2017-08-15 01:30:00,4,300.76778385464644,300.1997158380473
2017-08-15 01:45:00,4,300.7241245011435,300.1525478120543
2017-08-15 02:00:00,4,300.6789727338544,300.10380699981914
2017-08-15 02:15:00,4,300.6322530453013,300.05307310072635
2017-08-15 02:30:00,4,300.58434418233077,300.00044306113773
2017-08-15 02:45:00,4,300.53625407203185,299.9467828476895
2017-08-15 03:00:00,4,300.4890337373294,299.89340056863193
2017-08-15 03:15:00,4,300.4433554632689,299.84145604318627
2017-08-15 03:30:00,4,300.3996064417323,299.79173119370824
2017-08-15 03:45:00,4,300.3581918055595,299.74484982825254
2017-08-15 04:00:00,4,300.3195279342906,299.7014447897149
2017-08-15 04:15:00,4,300.28388992552266,299.66216750087966
2017-08-15 04:30:00,4,300.2512598525243,299.62713883298125
2017-08-15 04:45:00,4,300.22113673994966,299.59581437506273
2017-08-15 05:00:00,4,300.1928410751348,299.56729188670954
2017-08-15 05:15:00,4,300.16582426444455,299.5406361189987
2017-08-15 05:30:00,4,300.13960163529725,299.515131406833
2017-08-15 05:45:00,4,300.1175758898105,299.49365654494363
2017-08-15 06:00:00,4,300.11440204579804,299.48637160498487
2017-08-15 06:15:00,4,300.14320058392667,299.5042306496461
2017-08-15 06:30:00,4,300.20660070893024,299.5484574421262
2017-08-15 06:45:00,4,300.3021867300876,299.61555457673586
2017-08-15 07:00:00,4,300.4255040338718,299.717750607005
2017-08-15 07:15:00,4,300.569108418682,299.8533500454086
2017-08-15 07:30:00,4,300.7267026301393,300.0118788502803
2017-08-15 07:45:00,4,300.8970318745161,300.18625179840797
2017-08-15 08:00:00,4,301.07978218047725,300.37577027551026
2017-08-15 08:15:00,4,301.273086175689,300.59025343262863
2017-08-15 08:30:00,4,301.474086338656,300.813857859282
2017-08-15 08:45:00,4,301.67764919847633,301.0323386225715
2017-08-15 09:00:00,4,301.87710229771835,301.2357354525242
2017-08-15 09:15:00,4,302.06596969227706,301.4257225319882
2017-08-15 09:30:00,4,302.24045559672857,301.6034525782274
2017-08-15 09:45:00,4,302.4011224611434,301.7674688930755
2017-08-15 10:00:00,4,302.5499402250608,301.92040159071416
2017-08-15 10:15:00,4,302.6879700402123,302.0647173510141
2017-08-15 10:30:00,4,302.81487348866324,302.2000670899606
2017-08-15 10:45:00,4,302.92838413121706,302.32399622292183
2017-08-15 11:00:00,4,303.02605774572737,302.4337089325634
2017-08-15 11:15:00,4,303.1063806087018,302.5272670294868
2017-08-15 11:30:00,4,303.169063397042,302.6038831956129
2017-08-15 11:45:00,4,303.21496777195364,302.66402645445305
2017-08-15 12:00:00,4,303.2453631066459,302.7093224340275
2017-08-15 12:15:00,4,303.2614899998359,302.74108648745334
2017-08-15 12:30:00,4,303.2665104666852,302.76174512724236
2017-08-15 12:45:00,4,303.26698138272,302.7761559537612
2017-08-15 13:00:00,4,303.2682773384124,302.7895713607861
2017-08-15 13:15:00,4,303.2726506620825,302.8051148949164
2017-08-15 13:30:00,4,303.2800873174988,302.8231835111956
2017-08-15 13:45:00,4,303.2889722387807,302.8422948836599
2017-08-15 14:00:00,4,303.2973044901061,302.8603717735882
2017-08-15 14:15:00,4,303.3032031712373,302.87554184537476
2017-08-15 14:30:00,4,303.30554750650145,302.886522547529
2017-08-15 14:45:00,4,303.30403649933163,302.89275906379413
2017-08-15 15:00:00,4,303.298252312427,302.89405295998887
2017-08-15 15:15:00,4,303.28754695472196,302.89010217631835
2017-08-15 15:30:00,4,303.2712040804029,302.88034059120025
2017-08-15 15:45:00,4,303.2485713765235,302.86414857487927
2017-08-15 16:00:00,4,303.2195158929354,302.84116083552954
2017-08-15 16:15:00,4,303.18377931762313,302.811259442027
2017-08-15 16:30:00,4,303.1412119629914,302.7742293243449
2017-08-15 16:45:00,4,303.09220872645614,302.7302302090949
2017-08-15 17:00:00,4,303.0375094402154,302.6798988441636
2017-08-15 17:15:00,4,302.97747796141937,302.6239311170923
2017-08-15 17:30:00,4,302.9124952518672,302.56286512991755
2017-08-15 17:45:00,4,302.84304352630954,302.497098636163
2017-08-15 18:00:00,4,302.76937091087416,302.4267454707285
2017-08-15 18:15:00,4,302.6910181879335,302.35184763886986
2017-08-15 18:30:00,4,302.607241786567,302.2722017813576
2017-08-15 18:45:00,4,302.51759947382715,302.1873486466599
2017-08-15 19:00:00,4,302.4218569409891,302.09702274644064
2017-08-15 19:15:00,4,302.3207687755397,302.0022636836148
2017-08-15 19:30:00,4,302.2175456877437,301.90603332968675
2017-08-15 19:45:00,4,302.11584177012134,301.80932188772096
2017-08-15 20:00:00,4,302.0179636370037,301.70917667195323
2017-08-15 20:15:00,4,301.9249123302458,301.6056054362245
2017-08-15 20:30:00,4,301.8367742874842,301.50175253270714
2017-08-15 20:45:00,4,301.7529293013874,301.4002590335071
2017-08-15 21:00:00,4,301.67257140615004,301.3018512683834
2017-08-15 21:15:00,4,301.5950391679762,301.2058950977946
2017-08-15 21:30:00,4,301.5199292446195,301.11128619515597
2017-08-15 21:45:00,4,301.4471940172227,301.0176345591269
2017-08-15 22:00:00,4,301.3768398598608,300.93027721465995
2017-08-15 22:15:00,4,301.308745747919,300.8500975428743
2017-08-15 22:30:00,4,301.2427277881904,300.7750561132208
2017-08-15 22:45:00,4,301.17864861896334,300.7031431622837
2017-08-15 23:00:00,4,301.11638919762987,300.6334900433458
2017-08-15 23:15:00,4,301.055803131124,300.565977200374
2017-08-15 23:30:00,4,300.99673693006406,300.500597478739
2017-08-15 23:45:00,4,300.9390732632798,300.4372251873083
2017-08-16 00:00:00,4,300.8827049009167,300.37566352662407
2017-08-16 00:15:00,4,300.82751272467215,300.3157298805911
2017-08-16 00:30:00,4,300.7735096509952,300.2573679524295
2017-08-16 00:45:00,4,300.72109129184236,300.2007729491793
2017-08-16 01:00:00,4,300.6706859196714,300.14628506053555
2017-08-16 01:15:00,4,300.6224750241889,300.0941445000434
2017-08-16 01:30:00,4,300.57630567984415,300.04430067934214
2017-08-16 01:45:00,4,300.53156488236164,299.9963368369645
2017-08-16 02:00:00,4,300.487574208272,299.9496530948646
2017-08-16 02:15:00,4,300.44387612465374,299.90373267125995
2017-08-16 02:30:00,4,300.4001960218774,299.85821831825166
2017-08-16 02:45:00,4,300.3563254606066,299.812839095856
2017-08-16 03:00:00,4,300.3120988772339,299.7673484149187
2017-08-16 03:15:00,4,300.26741463377476,299.7215357682641
2017-08-16 03:30:00,4,300.22232237802336,299.67532298194203
2017-08-16 03:45:00,4,300.1771539455091,299.6288044681292
2017-08-16 04:00:00,4,300.1322542823171,299.58212736055964
2017-08-16 04:15:00,4,300.0878334422526,299.53537447126246
2017-08-16 04:30:00,4,300.0443326836994,299.4889475512026
2017-08-16 04:45:00,4,300.0031418611511,299.4442626067111
2017-08-16 05:00:00,4,299.96592316536305,299.40359306855794
2017-08-16 05:15:00,4,299.9336775164899,299.3686806319553
2017-08-16 05:30:00,4,299.9063655322649,299.33990636887074
2017-08-16 05:45:00,4,299.88606266346596,299.3191234336493
2017-08-16 06:00:00,4,299.8835448060461,299.31330657454356
2017-08-16 06:15:00,4,299.90918715547593,299.33107758950706
2017-08-16 06:30:00,4,299.96699979489574,299.37599882618196
2017-08-16 06:45:00,4,300.05669245473933,299.4419934283894
2017-08-16 07:00:00,4,300.17520022568704,299.5342009368446
2017-08-16 07:15:00,4,300.31717363373764,299.65939532540676
2017-08-16 07:30:00,4,300.4772357634938,299.8121859018402
2017-08-16 07:45:00,4,300.6492282773204,299.98234659889016
2017-08-16 08:00:00,4,300.8275235051401,300.16231942346485
2017-08-16 08:15:00,4,301.006626233666,300.3489680741068
2017-08-16 08:30:00,4,301.18353103582393,300.5465435542619
2017-08-16 08:45:00,4,301.35795485831187,300.74179315068506
2017-08-16 09:00:00,4,301.5290609877924,300.9242866892523
2017-08-16 09:15:00,4,301.69482429169653,301.09559743983954
2017-08-16 09:30:00,4,301.8537376710573,301.2588990507181
2017-08-16 09:45:00,4,302.0064130738185,301.41532649340786
2017-08-16 10:00:00,4,302.15383000434554,301.5636158359657
2017-08-16 10:15:00,4,302.29589586722676,301.70600725634023
2017-08-16 10:30:00,4,302.43087697565414,301.8435123947934
2017-08-16 10:45:00,4,302.55428914337904,301.97325021079456
2017-08-16 11:00:00,4,302.66174194953055,302.0907335423754
2017-08-16 11:15:00,4,302.7507415347734,302.19250103257855
2017-08-16 11:30:00,4,302.8211469582452,302.2774767308206
2017-08-16 11:45:00,4,302.8761424421278,302.3472236284896
2017-08-16 12:00:00,4,302.91947213332276,302.4044851260289
2017-08-16 12:15:00,4,302.9534319774182,302.4514377288587
2017-08-16 12:30:00,4,302.98022878426013,302.4915532054073
2017-08-16 12:45:00,4,303.0036474159076,302.52819391553544
2017-08-16 13:00:00,4,303.0269007398454,302.56400487805746
2017-08-16 13:15:00,4,303.05115736826133,302.60024890004
2017-08-16 13:30:00,4,303.07602256400304,302.6367740376712
2017-08-16 13:45:00,4,303.100373828658,302.6725429362247
2017-08-16 14:00:00,4,303.12283984656733,302.7062055293273
2017-08-16 14:15:00,4,303.1421476824892,302.73649440827256
2017-08-16 14:30:00,4,303.15717939913264,302.76228046403446
2017-08-16 14:45:00,4,303.16651067628084,302.7823728222813
2017-08-16 15:00:00,4,303.1690629957839,302.795572312837
2017-08-16 15:15:00,4,303.16437342416236,302.8009765948048
2017-08-16 15:30:00,4,303.1522155467869,302.798144024552
2017-08-16 15:45:00,4,303.13234983211396,302.78688104961236
2017-08-16 16:00:00,4,303.1043374271604,302.76699445662615
2017-08-16 16:15:00,4,303.0680236305102,302.7383552016556
2017-08-16 16:30:00,4,303.0236346448974,302.70104903672325
2017-08-16 16:45:00,4,302.97180064967483,302.6555666205173
2017-08-16 17:00:00,4,302.9137810674532,302.60293283299967
2017-08-16 17:15:00,4,302.8507476160845,302.54437755565885
2017-08-16 17:30:00,4,302.7832361523214,302.4807960085052
2017-08-16 17:45:00,4,302.711432405478,302.412614808839
2017-08-16 18:00:00,4,302.63555466031687,302.33991588429
2017-08-16 18:15:00,4,302.5550796511871,302.263001480814
2017-08-16 18:30:00,4,302.4689728685143,302.1814350674426
2017-08-16 18:45:00,4,302.37583783287005,302.09411051666393
2017-08-16 19:00:00,4,302.2746704455209,302.00019252658694
2017-08-16 19:15:00,4,302.16647094055094,301.9012964830076
2017-08-16 19:30:00,4,302.05469541335174,301.7983649478302
2017-08-16 19:45:00,4,301.94236186451417,301.6913799651345
2017-08-16 20:00:00,4,301.83090306828996,301.5777954892755
2017-08-16 20:15:00,4,301.7208095524568,301.4572678371718
2017-08-16 20:30:00,4,301.6125073349661,301.33245928530727
2017-08-16 20:45:00,4,301.50726788960725,301.20664682046635
2017-08-16 21:00:00,4,301.4063933417365,301.0821386396375
2017-08-16 21:15:00,4,301.31051070983204,300.95961474372166
2017-08-16 21:30:00,4,301.21982240794375,300.84302728153705
2017-08-16 21:45:00,4,301.13460904109184,300.7376956312639
2017-08-16 22:00:00,4,301.05504943347876,300.64345377010676
2017-08-16 22:15:00,4,300.98102455352387,300.55755686024935
2017-08-16 22:30:00,4,300.9121515286229,300.47784462106245
2017-08-16 22:45:00,4,300.8478387983712,300.4034543101012
2017-08-16 23:00:00,4,300.78748240648736,300.33413901306443
2017-08-16 23:15:00,4,300.7305419552366,300.26959430624197
2017-08-16 23:30:00,4,300.67639495768253,300.2091642197379
2017-08-16 23:45:00,4,300.62408338561977,300.15178067414195
2017-08-17 00:00:00,4,300.57263498791144,300.0962036946462
2017-08-17 00:15:00,4,300.5213681682335,300.04137612656916
2017-08-17 00:30:00,4,300.46983329416406,299.9865509701827
2017-08-17 00:45:00,4,300.4176258907854,299.93115074678434
2017-08-17 01:00:00,4,300.3644191985901,299.87464304895167
2017-08-17 01:15:00,4,300.3100733878936,299.8165850097933
2017-08-17 01:30:00,4,300.2547630621816,299.7569063891186
2017-08-17 01:45:00,4,300.19909328974285,299.69623994988314
2017-08-17 02:00:00,4,300.1438022139498,299.6357715702775
2017-08-17 02:15:00,4,300.08947514588095,299.576709092021
2017-08-17 02:30:00,4,300.0368274668147,299.52012996441874
2017-08-17 02:45:00,4,299.98740284774834,299.46728095581915
2017-08-17 03:00:00,4,299.9427866575883,299.4194876243291
2017-08-17 03:15:00,4,299.9038616699535,299.37770637210986
2017-08-17 03:30:00,4,299.87061631382284,299.3421613827686
2017-08-17 03:45:00,4,299.8418887062921,299.3118480459469
2017-08-17 04:00:00,4,299.81617647418716,299.2850578428053
2017-08-17 04:15:00,4,299.79238442450617,299.2602753248095
2017-08-17 04:30:00,4,299.7699548117992,299.23668695263916
2017-08-17 04:45:00,4,299.74881694647496,299.21416578811846
2017-08-17 05:00:00,4,299.7290918104813,299.1929766776674
2017-08-17 05:15:00,4,299.7108613771106,299.17344905952694
2017-08-17 05:30:00,4,299.694069628753,299.15577817608226
2017-08-17 05:45:00,4,299.6827030807686,299.1438123570726
2017-08-17 06:00:00,4,299.69204875703196,299.1484914623764
2017-08-17 06:15:00,4,299.734354691856,299.18031871024573
2017-08-17 06:30:00,4,299.8103701507537,299.23983512574085
2017-08-17 06:45:00,4,299.9174121341155,299.31736109123375
2017-08-17 07:00:00,4,300.0528810717105,299.4286516944846
2017-08-17 07:15:00,4,300.2121150021855,299.57542497320935
2017-08-17 07:30:00,4,300.3889514992483,299.74768704466305
2017-08-17 07:45:00,4,300.57754650483196,299.93527586128204
2017-08-17 08:00:00,4,300.773284020718,300.13360276969047
2017-08-17 08:15:00,4,300.97225803501425,300.34973137095824
2017-08-17 08:30:00,4,301.1719452176378,300.56806051749584
2017-08-17 08:45:00,4,301.3708509274679,300.77702494737144
2017-08-17 09:00:00,4,301.56690839228537,300.9719774100864
2017-08-17 09:15:00,4,301.75682399704544,301.1575881781189
2017-08-17 09:30:00,4,301.9377128673764,301.33606662618365
2017-08-17 09:45:00,4,302.1087798699928,301.5060385757822
2017-08-17 10:00:00,4,302.26991666839757,301.6641441936301
2017-08-17 10:15:00,4,302.4201473130165,301.81367900941024
2017-08-17 10:30:00,4,302.5592013105336,301.9556620738658
2017-08-17 10:45:00,4,302.68824236355334,302.089722510339
2017-08-17 11:00:00,4,302.80791236810086,302.21534900267187
2017-08-17 11:15:00,4,302.91791015063126,302.3319148380771
2017-08-17 11:30:00,4,303.01736134691765,302.43832585299657
2017-08-17 11:45:00,4,303.1031854905898,302.53256346901475
2017-08-17 12:00:00,4,303.1720972013973,302.61212961604883
2017-08-17 12:15:00,4,303.22252961381736,302.6756617293228
2017-08-17 12:30:00,4,303.2557828328866,302.72486251428853
2017-08-17 12:45:00,4,303.2765555464982,302.7633226857397
2017-08-17 13:00:00,4,303.2894256616468,302.7946823834166
2017-08-17 13:15:00,4,303.29667242379475,302.82099122775446
2017-08-17 13:30:00,4,303.299208557775,302.8426787693853
2017-08-17 13:45:00,4,303.2978762856476,302.85963815428954
2017-08-17 14:00:00,4,303.2932775387711,302.87189100661175
2017-08-17 14:15:00,4,303.2854758991497,302.87950297534826
2017-08-17 14:30:00,4,303.27423526785344,302.8823918257094
2017-08-17 14:45:00,4,303.2593765766165,302.8803816359181
2017-08-17 15:00:00,4,303.24091379957554,302.8733314678371
2017-08-17 15:15:00,4,303.2185435588913,302.8610776016548
2017-08-17 15:30:00,4,303.1918166587114,302.8434913921922
2017-08-17 15:45:00,4,303.16090194226865,302.82066650646664
2017-08-17 16:00:00,4,303.1259593511253,302.7927940802166
2017-08-17 16:15:00,4,303.0870146284892,302.75998627838067
2017-08-17 16:30:00,4,303.0436449459246,302.7220369418933
2017-08-17 16:45:00,4,302.99469522664066,302.6783021515119
2017-08-17 17:00:00,4,302.9395439355226,302.6282803322878
2017-08-17 17:15:00,4,302.8787973554116,302.5721898052892
2017-08-17 17:30:00,4,302.81320027121023,302.51069503493943
2017-08-17 17:45:00,4,302.7429140426355,302.4442276900754
2017-08-17 18:00:00,4,302.66759980371523,302.3729827321075
2017-08-17 18:15:00,4,302.58610661514047,302.2966785306141
2017-08-17 18:30:00,4,302.4971101213549,302.2142028301758
2017-08-17 18:45:00,4,302.39927507999994,302.12416061572367
2017-08-17 19:00:00,4,302.29190922384703,302.02582772664863
2017-08-17 19:15:00,4,302.1758742287473,301.92168818055916
2017-08-17 19:30:00,4,302.0549091436131,301.81106612980506
2017-08-17 19:45:00,4,301.93341276079536,301.69671433226756
2017-08-17 20:00:00,4,301.81423115850333,301.57550599973024
2017-08-17 20:15:00,4,301.6986384023005,301.4480951142317
2017-08-17 20:30:00,4,301.5873260446969,301.31841994961525
2017-08-17 20:45:00,4,301.4815468507306,301.1904453729349
2017-08-17 21:00:00,4,301.38249156966424,301.0666492076657
2017-08-17 21:15:00,4,301.2906435330359,300.9478545800963
2017-08-17 21:30:00,4,301.2057523196401,300.83511410331676
2017-08-17 21:45:00,4,301.1268360178586,300.7342808289904
2017-08-17 22:00:00,4,301.05273948310304,300.64496423105953
2017-08-17 22:15:00,4,300.98253869526457,300.56343777976684
2017-08-17 22:30:00,4,300.91558811697854,300.4866678224606
2017-08-17 22:45:00,4,300.8515150929694,300.4134876604352
2017-08-17 23:00:00,4,300.7900816243854,300.34379512311193
2017-08-17 23:15:00,4,300.73105071766645,300.2775784792846
2017-08-17 23:30:00,4,300.6739928531726,300.2144351842804
2017-08-17 23:45:00,4,300.6180043376106,300.15348882679615
2017-08-18 00:00:00,4,300.56215100304786,300.0936755412964
2017-08-18 00:15:00,4,300.50583694690073,300.0341285350032
2017-08-18 00:30:00,4,300.44910943442517,299.9746059728057
2017-08-18 00:45:00,4,300.39313939323887,299.91577651094946
2017-08-18 01:00:00,4,300.3392557142066,299.8588197359963
2017-08-18 01:15:00,4,300.28820537160715,299.80471809451217
2017-08-18 01:30:00,4,300.24021940214226,299.75389868053537
2017-08-18 01:45:00,4,300.1952446642378,299.7063336799701
2017-08-18 02:00:00,4,300.15316120376974,299.66182727545777
2017-08-18 02:15:00,4,300.11387253786654,299.62021500937743
2017-08-18 02:30:00,4,300.07710020292035,299.5812258320366
2017-08-18 02:45:00,4,300.0418833336013,299.54412251139456
2017-08-18 03:00:00,4,300.00700655468796,299.50774637084413
2017-08-18 03:15:00,4,299.97155582517945,299.47094501244237
2017-08-18 03:30:00,4,299.9353293406209,299.43324079674784
2017-08-18 03:45:00,4,299.8994669424887,299.3954211871555
2017-08-18 04:00:00,4,299.8655530742076,299.35927421706873
2017-08-18 04:15:00,4,299.83463928435503,299.32634095097205
2017-08-18 04:30:00,4,299.80701822712837,299.29721558981953
2017-08-18 04:45:00,4,299.7822058791918,299.2715159350092
2017-08-18 05:00:00,4,299.75948578813234,299.24835434248666
2017-08-18 05:15:00,4,299.7383492750393,299.2268657908063
2017-08-18 05:30:00,4,299.7186443889758,299.206703305413
2017-08-18 05:45:00,4,299.70650275370895,299.19358524688937
2017-08-18 06:00:00,4,299.7211326508712,299.20113857735856
2017-08-18 06:15:00,4,299.77074748522705,299.2375998775631
2017-08-18 06:30:00,4,299.84858742346154,299.29728700718397
2017-08-18 06:45:00,4,299.94679611774046,299.37161039437837
2017-08-18 07:00:00,4,300.0621198514524,299.4685162086627
2017-08-18 07:15:00,4,300.1970381405425,299.5917997023445
2017-08-18 07:30:00,4,300.35533842417163,299.74174298931587
2017-08-18 07:45:00,4,300.53758128900074,299.91783325062624
2017-08-18 08:00:00,4,300.7403189967338,300.11847123348474
2017-08-18 08:15:00,4,300.9555391700542,300.3489903260118
2017-08-18 08:30:00,4,301.1751569539949,300.58495155608244
2017-08-18 08:45:00,4,301.39192650256564,300.8058577147461
2017-08-18 09:00:00,4,301.5980996784948,301.0083917948821
2017-08-18 09:15:00,4,301.7861202012492,301.19309110931437
2017-08-18 09:30:00,4,301.9520545985925,301.3597175089703
2017-08-18 09:45:00,4,302.0973755446718,301.5084877426056
2017-08-18 10:00:00,4,302.2253309235222,301.6404255045059
2017-08-18 10:15:00,4,302.3380350807709,301.75746297439724
2017-08-18 10:30:00,4,302.43767308035683,301.86472932178634
2017-08-18 10:45:00,4,302.52883162579707,301.9659099940519
2017-08-18 11:00:00,4,302.6158762872681,302.06329149331776
2017-08-18 11:15:00,4,302.7005389388045,302.1578493735437
2017-08-18 11:30:00,4,302.78165440675537,302.24860976161165
2017-08-18 11:45:00,4,302.85474690090774,302.3322807859864
2017-08-18 12:00:00,4,302.915071899839,302.40469490499623
2017-08-18 12:15:00,4,302.95993707293684,302.4628682778309
2017-08-18 12:30:00,4,302.9900193326261,302.5068069044721
2017-08-18 12:45:00,4,303.0101360528285,302.5405300608255
2017-08-18 13:00:00,4,303.02518378648654,302.5691688994355
2017-08-18 13:15:00,4,303.0378027689138,302.59566680920045
2017-08-18 13:30:00,4,303.0485200966965,302.6203478024025
2017-08-18 13:45:00,4,303.05612614640745,302.6418499584611
2017-08-18 14:00:00,4,303.0590094208672,302.6583567914553
2017-08-18 14:15:00,4,303.05594306493356,302.66841696334694
2017-08-18 14:30:00,4,303.0462099888029,302.67117352246527
2017-08-18 14:45:00,4,303.0294939268977,302.66624456218426
2017-08-18 15:00:00,4,303.00570275207565,302.6534930219255
2017-08-18 15:15:00,4,302.974720450949,302.6328318154975
2017-08-18 15:30:00,4,302.9368808385005,302.60446366812096
2017-08-18 15:45:00,4,302.8937311398433,302.56931183467873
2017-08-18 16:00:00,4,302.8466832322561,302.528615823621
2017-08-18 16:15:00,4,302.79590324165844,302.4831536120437
2017-08-18 16:30:00,4,302.7410654127776,302.4329934603264
2017-08-18 16:45:00,4,302.6816328234196,302.37781624048523
2017-08-18 17:00:00,4,302.61777307911825,302.31756569267424
2017-08-18 17:15:00,4,302.55009210172636,302.2526905839188
2017-08-18 17:30:00,4,302.4787991181068,302.18377050339626
2017-08-18 17:45:00,4,302.4041232347774,302.1119380082616
2017-08-18 18:00:00,4,302.326036854576,302.0376689011239
2017-08-18 18:15:00,4,302.2434242922,301.9605793256585
2017-08-18 18:30:00,4,302.15470640076944,301.8800396921968
2017-08-18 18:45:00,4,302.0580024188644,301.79396624367456
2017-08-18 19:00:00,4,301.95199832422963,301.6990084716823
2017-08-18 19:15:00,4,301.8369940697069,301.5935904378698
2017-08-18 19:30:00,4,301.71660119027416,301.48070831613114
2017-08-18 19:45:00,4,301.5959203083636,301.35886064715123
2017-08-18 20:00:00,4,301.47872688038734,301.22937269494395
2017-08-18 20:15:00,4,301.36690864290176,301.09741075144603
2017-08-18 20:30:00,4,301.26108438013824,300.96752411662976
2017-08-18 20:45:00,4,301.1612159921581,300.84136133601794
2017-08-18 21:00:00,4,301.0669493128773,300.7195010528743
2017-08-18 21:15:00,4,300.97779539204424,300.608799773423
2017-08-18 21:30:00,4,300.8933980207141,300.5095181453978
2017-08-18 21:45:00,4,300.81389678537613,300.41859667350917
2017-08-18 22:00:00,4,300.7395376434359,300.33381283921085
2017-08-18 22:15:00,4,300.67030369259146,300.254606756869
2017-08-18 22:30:00,4,300.6056628753381,300.18084599856047
2017-08-18 22:45:00,4,300.54419399811616,300.1116857701233
2017-08-18 23:00:00,4,300.4843684058133,300.0456457137596
2017-08-18 23:15:00,4,300.42516268942313,299.9813195858794
2017-08-18 23:30:00,4,300.3662989121502,299.91802902351617
2017-08-18 23:45:00,4,300.30856863913203,299.8560747799185
2017-08-19 00:00:00,4,300.2529602773111,299.7962917729136
2017-08-19 00:15:00,4,300.20000632681297,299.7393774406104
2017-08-19 00:30:00,4,300.14961037869176,299.68540160918457
2017-08-19 00:45:00,4,300.1008265557085,299.63364392393703
2017-08-19 01:00:00,4,300.0525455590616,299.58297319914914
2017-08-19 01:15:00,4,300.0040195329768,299.53239499175197
2017-08-19 01:30:00,4,299.9548877053252,299.48134645573896
2017-08-19 01:45:00,4,299.905126037383,299.42969371095677
2017-08-19 02:00:00,4,299.8548424206221,299.37753394735637
2017-08-19 02:15:00,4,299.8041359364024,299.3249945447777
2017-08-19 02:30:00,4,299.75315613855963,299.27218691138046
2017-08-19 02:45:00,4,299.7022386289815,299.21922224124853
2017-08-19 03:00:00,4,299.6516962649251,299.1661562523289
2017-08-19 03:15:00,4,299.6017499393785,299.11299922784957
2017-08-19 03:30:00,4,299.5527956244323,299.0600104649085
2017-08-19 03:45:00,4,299.5056855461583,299.0080175891237
2017-08-19 04:00:00,4,299.46129593660197,298.9582018969382
2017-08-19 04:15:00,4,299.4201567573023,298.9115774100154
2017-08-19 04:30:00,4,299.3825594614373,298.868786277081
2017-08-19 04:45:00,4,299.34887724615805,298.8304111230643
2017-08-19 05:00:00,4,299.3194433325669,298.7968140728218
2017-08-19 05:15:00,4,299.2943619647066,298.7681453314451
2017-08-19 05:30:00,4,299.27351149580903,298.74447367288116
2017-08-19 05:45:00,4,299.2628677584401,298.73162857609486
2017-08-19 06:00:00,4,299.2833033268323,298.74447306670345
2017-08-19 06:15:00,4,299.34739704840234,298.7936859633464
2017-08-19 06:30:00,4,299.4528507727961,298.8740488275723
2017-08-19 06:45:00,4,299.5931748623156,298.9811056051008
2017-08-19 07:00:00,4,299.76126529803463,299.12576527342117
2017-08-19 07:15:00,4,299.94718926297395,299.3024045350133
2017-08-19 07:30:00,4,300.1423215627492,299.4964406198999
2017-08-19 07:45:00,4,300.3428285486013,299.69817699981724
2017-08-19 08:00:00,4,300.54733831028983,299.90629971903996
2017-08-19 08:15:00,4,300.75449466945275,300.1301704348842
2017-08-19 08:30:00,4,300.96201622945927,300.3544092684549
2017-08-19 08:45:00,4,301.16419282614714,300.5651114054561
2017-08-19 09:00:00,4,301.35390853624955,300.75422998295255
2017-08-19 09:15:00,4,301.52519135447704,300.9252924713168
2017-08-19 09:30:00,4,301.6761463557695,301.0813629633967
2017-08-19 09:45:00,4,301.8114849951063,301.2246078551762
2017-08-19 10:00:00,4,301.9372415497847,301.3572284013669
2017-08-19 10:15:00,4,302.0567391240464,301.4804733877714
2017-08-19 10:30:00,4,302.1716802492065,301.6003219600448
2017-08-19 10:45:00,4,302.2843548622483,301.7195675991054
2017-08-19 11:00:00,4,302.39656191468083,301.8383644047614
2017-08-19 11:15:00,4,302.5084304482937,301.9557295089444
2017-08-19 11:30:00,4,302.61739714023935,302.069247484439
2017-08-19 11:45:00,4,302.7161908640504,302.17411229562885
2017-08-19 12:00:00,4,302.79737347058244,302.2646156643612
2017-08-19 12:15:00,4,302.85710473790914,302.3367888238065
2017-08-19 12:30:00,4,302.89644793111245,302.3904807186628
2017-08-19 12:45:00,4,302.921791611784,302.43129111437014
2017-08-19 13:00:00,4,302.93967987899424,302.4651294006688
2017-08-19 13:15:00,4,302.95370651700347,302.49536391310863
2017-08-19 13:30:00,4,302.96510430840743,302.52274718180075
2017-08-19 13:45:00,4,302.97370485565875,302.5466264907401
2017-08-19 14:00:00,4,302.9787787977504,302.5660186905252
2017-08-19 14:15:00,4,302.97947561332523,302.580073208804
2017-08-19 14:30:00,4,302.975147139215,302.5882172321311
2017-08-19 14:45:00,4,302.96559020892414,302.59021133565295
2017-08-19 15:00:00,4,302.95074382284423,302.5860036078802
2017-08-19 15:15:00,4,302.93030849022887,302.57547373623555
2017-08-19 15:30:00,4,302.90377213451904,302.5582741508338
2017-08-19 15:45:00,4,302.87036730514103,302.5338188310773
2017-08-19 16:00:00,4,302.8292542427673,302.5013489920786
2017-08-19 16:15:00,4,302.77953327464337,302.4600855496929
2017-08-19 16:30:00,4,302.72106675237205,302.4096326468325
2017-08-19 16:45:00,4,302.6546981605545,302.35037705329313
2017-08-19 17:00:00,4,302.5821525220845,302.28357769864334
2017-08-19 17:15:00,4,302.50506243188363,302.21078091522946
2017-08-19 17:30:00,4,302.42425716184994,302.1334426262505
2017-08-19 17:45:00,4,302.3405487646223,302.0533988339399
2017-08-19 18:00:00,4,302.2543400947801,301.9715067013654
2017-08-19 18:15:00,4,302.1646795470726,301.88745579386904
2017-08-19 18:30:00,4,302.0700388843301,301.80023178081797
2017-08-19 18:45:00,4,301.96870982100813,301.70911396248334
2017-08-19 19:00:00,4,301.8596630818624,301.6114565356741
2017-08-19 19:15:00,4,301.74352395897165,301.5050697569624
2017-08-19 19:30:00,4,301.6237336946682,301.3919613175308
2017-08-19 19:45:00,4,301.50430647309713,301.2733522782164
2017-08-19 20:00:00,4,301.38784855524943,301.1480411827123
2017-08-19 20:15:00,4,301.27556137062334,301.01899906862985
2017-08-19 20:30:00,4,301.1679402679316,300.89021883362767
2017-08-19 20:45:00,4,301.06548417376627,300.7641471187812
2017-08-19 21:00:00,4,300.96851447838054,300.6411759717242
2017-08-19 21:15:00,4,300.87697224601015,300.52438019637367
2017-08-19 21:30:00,4,300.79053026808185,300.41872418655936
2017-08-19 21:45:00,4,300.7087320037648,300.32358274920136
2017-08-19 22:00:00,4,300.6310871629109,300.23573163055426
2017-08-19 22:15:00,4,300.5571211070872,300.15270112346
2017-08-19 22:30:00,4,300.486344468305,300.07346923989496
2017-08-19 22:45:00,4,300.4181490310658,299.99759635582
2017-08-19 23:00:00,4,300.3519157792417,299.9245364333536
2017-08-19 23:15:00,4,300.28714762720983,299.8535931640733
2017-08-19 23:30:00,4,300.2236707521838,299.784313485565
2017-08-19 23:45:00,4,300.1619713048817,299.71684750371344
2017-08-20 00:00:00,4,300.10269649758067,299.651783086198
2017-08-20 00:15:00,4,300.04619793568673,299.5896771521876
2017-08-20 00:30:00,4,299.9924103381426,299.53066034518
2017-08-20 00:45:00,4,299.94074382369814,299.4743385229723
2017-08-20 01:00:00,4,299.8904928397878,299.4200459572649
2017-08-20 01:15:00,4,299.84115134320587,299.36718026869926
2017-08-20 01:30:00,4,299.79257840183124,299.3154889510685
2017-08-20 01:45:00,4,299.7452340018499,299.2652185034766
2017-08-20 02:00:00,4,299.69970519216764,299.21689139154455
2017-08-20 02:15:00,4,299.656309862101,299.17092797137485
2017-08-20 02:30:00,4,299.6148894580466,299.12727645065377
2017-08-20 02:45:00,4,299.57451032311883,299.08520899373076
2017-08-20 03:00:00,4,299.5340965588808,299.04363285794216
2017-08-20 03:15:00,4,299.4929515514308,299.00161285264693
2017-08-20 03:30:00,4,299.45096131676695,298.9587845171897
2017-08-20 03:45:00,4,299.4088717117799,298.9154870688996
2017-08-20 04:00:00,4,299.3676681296754,298.87243420828617
2017-08-20 04:15:00,4,299.3281011058764,298.8303084639559
2017-08-20 04:30:00,4,299.29058436118675,298.7895289710129
2017-08-20 04:45:00,4,299.254845289972,298.75010205032373
2017-08-20 05:00:00,4,299.22023299922324,298.71170273815557
2017-08-20 05:15:00,4,299.18618606745497,298.67404616876473
2017-08-20 05:30:00,4,299.15243113246544,298.6369525941943
2017-08-20 05:45:00,4,299.1243171661283,298.60547048640433
2017-08-20 06:00:00,4,299.12082882861745,298.5937594996268
2017-08-20 06:15:00,4,299.1566841601304,298.61500970719146
2017-08-20 06:30:00,4,299.2338275290744,298.66944869757793
2017-08-20 06:45:00,4,299.34852728594234,298.7469013484534
2017-08-20 07:00:00,4,299.49384868025004,298.8641030291618
2017-08-20 07:15:00,4,299.65840219109606,299.0169731117896
2017-08-20 07:30:00,4,299.83272755962054,299.1899119776826
2017-08-20 07:45:00,4,300.0155222976924,299.37310921901565
2017-08-20 08:00:00,4,300.2086771140204,299.56591321163137
2017-08-20 08:15:00,4,300.4121411194374,299.77149631400164
2017-08-20 08:30:00,4,300.623661365831,299.9978580658702
2017-08-20 08:45:00,4,300.83942057278364,300.227996880329
2017-08-20 09:00:00,4,301.05544737552304,300.44469851906024
2017-08-20 09:15:00,4,301.26770039888845,300.6487429418676
2017-08-20 09:30:00,4,301.47247045101403,300.8429087976329
2017-08-20 09:45:00,4,301.66707800193825,301.0270558715159
2017-08-20 10:00:00,4,301.8490554695395,301.19805702216405
2017-08-20 10:15:00,4,302.0156917688239,301.35694498307606
2017-08-20 10:30:00,4,302.16523979492064,301.5050716220027
2017-08-20 10:45:00,4,302.29826296546275,301.6422909603662
2017-08-20 11:00:00,4,302.41617561117357,301.76816491702533
2017-08-20 11:15:00,4,302.51970542874795,301.8824300206192
2017-08-20 11:30:00,4,302.60869815551735,301.98449291309674
2017-08-20 11:45:00,4,302.6818788117766,302.0730075816865
2017-08-20 12:00:00,4,302.73797733172086,302.1463883527512
2017-08-20 12:15:00,4,302.77673672729003,302.2037258672059
2017-08-20 12:30:00,4,302.8003797071337,302.2462476471203
2017-08-20 12:45:00,4,302.81493633439266,302.2794975275544
2017-08-20 13:00:00,4,302.8261207232167,302.3088997447132
2017-08-20 13:15:00,4,302.8367207390729,302.33736511410336
2017-08-20 13:30:00,4,302.8469588751469,302.36500259384314
2017-08-20 13:45:00,4,302.8548137672332,302.38994716151035
2017-08-20 14:00:00,4,302.8577755204504,302.40972377257714
2017-08-20 14:15:00,4,302.85405910901545,302.42234943478024
2017-08-20 14:30:00,4,302.8429762747468,302.4268812187831
2017-08-20 14:45:00,4,302.82514846256066,302.4234893401268
2017-08-20 15:00:00,4,302.8015267788008,302.41290139748617
2017-08-20 15:15:00,4,302.77233848612144,302.39558528490926
2017-08-20 15:30:00,4,302.7373282977271,302.3715767229715
2017-08-20 15:45:00,4,302.69679952815613,302.3409531360062
2017-08-20 16:00:00,4,302.6511883886453,302.3039995244261
2017-08-20 16:15:00,4,302.6004422820154,302.26093603670483
2017-08-20 16:30:00,4,302.54418043459515,302.21167986408
2017-08-20 16:45:00,4,302.48213502413574,302.1561158711751
2017-08-20 17:00:00,4,302.415254248078,302.0947210736693
2017-08-20 17:15:00,4,302.34487583961504,302.02858551682897
2017-08-20 17:30:00,4,302.2718261824636,301.9590332834997
2017-08-20 17:45:00,4,302.19654229555294,301.88722795626364
2017-08-20 18:00:00,4,302.1189706015788,301.8137096472046
2017-08-20 18:15:00,4,302.0379841205811,301.73789621132653
2017-08-20 18:30:00,4,301.95205075086136,301.6584400884091
2017-08-20 18:45:00,4,301.8599552912478,301.5740046393303
2017-08-20 19:00:00,4,301.76117181657906,301.4842813678764
2017-08-20 19:15:00,4,301.6567136982838,301.38982805457806
2017-08-20 19:30:00,4,301.5497791560455,301.2904573361777
2017-08-20 19:45:00,4,301.4430961215046,301.18753819718626
2017-08-20 20:00:00,4,301.3379115948094,301.0794509997596
2017-08-20 20:15:00,4,301.2346534055389,300.96603307486265
2017-08-20 20:30:00,4,301.13387247616043,300.84976666137896
2017-08-20 20:45:00,4,301.0373390006878,300.7340168580381
2017-08-20 21:00:00,4,300.94688555417855,300.6216148047014
2017-08-20 21:15:00,4,300.86340770012646,300.51406700394
2017-08-20 21:30:00,4,300.78678864517013,300.41254934192165
2017-08-20 21:45:00,4,300.7158796138064,300.3222688513621
2017-08-20 22:00:00,4,300.64929375801336,300.24258912024953
2017-08-20 22:15:00,4,300.58597729058687,300.1698457284869
2017-08-20 22:30:00,4,300.5252073055559,300.10102437877595
2017-08-20 22:45:00,4,300.4664549311048,300.03479613400845
2017-08-20 23:00:00,4,300.40932320284924,299.9708164353685
2017-08-20 23:15:00,4,300.35352804302346,299.9089185331835
2017-08-20 23:30:00,4,300.2988068841414,299.84880629174904
2017-08-20 23:45:00,4,300.2448189287084,299.7900449171076
2017-08-21 00:00:00,4,300.19124447920143,299.7321779741417
2017-08-21 00:15:00,4,300.1378497638507,299.67484185632475
2017-08-21 00:30:00,4,300.0845387685698,299.6178420607246
2017-08-21 00:45:00,4,300.0314726389014,299.5612268492826
2017-08-21 01:00:00,4,299.9788967499292,299.5052186329016
2017-08-21 01:15:00,4,299.92695673317536,299.4500413725168
2017-08-21 01:30:00,4,299.87576126578597,299.3958418755424
2017-08-21 01:45:00,4,299.8255093514598,299.3427032915605
2017-08-21 02:00:00,4,299.77632735424464,299.29062499072836
2017-08-21 02:15:00,4,299.7281894557826,299.23949156766486
2017-08-21 02:30:00,4,299.68086487292214,299.18899719770394
2017-08-21 02:45:00,4,299.633776726689,299.1385820700423
2017-08-21 03:00:00,4,299.586353860575,299.0875954832143
2017-08-21 03:15:00,4,299.538316338535,299.0355894730249
2017-08-21 03:30:00,4,299.48981069017896,298.9826243067092
2017-08-21 03:45:00,4,299.441540717157,298.92938473981883
2017-08-21 04:00:00,4,299.39428300549037,298.87685638107223
2017-08-21 04:15:00,4,299.348531538015,298.8258687968545
2017-08-21 04:30:00,4,299.30470130751706,298.77710795493
2017-08-21 04:45:00,4,299.26366949601174,298.73155523947486
2017-08-21 05:00:00,4,299.2264696519964,298.6904886698912
2017-08-21 05:15:00,4,299.19376205410515,298.6550722905192
2017-08-21 05:30:00,4,299.1658567046466,298.6258108988251
2017-08-21 05:45:00,4,299.1475045518666,298.6066379640803
2017-08-21 06:00:00,4,299.1538479331258,298.60775370953957
2017-08-21 06:15:00,4,299.19393555492707,298.637710795505
2017-08-21 06:30:00,4,299.26552268634646,298.6949288781887
2017-08-21 06:45:00,4,299.36312390685976,298.76339609437474
2017-08-21 07:00:00,4,299.48293480041065,298.8622247617042
2017-08-21 07:15:00,4,299.624113600662,298.99337210441104
2017-08-21 07:30:00,4,299.7869851446954,299.15118231794696
2017-08-21 07:45:00,4,299.97034722433676,299.3310747839728
2017-08-21 08:00:00,4,300.1699967943056,299.5296939214813
2017-08-21 08:15:00,4,300.3769528744397,299.7430516087777
2017-08-21 08:30:00,4,300.5836814829859,299.9721815181496
2017-08-21 08:45:00,4,300.7898632658961,300.1995687361966
2017-08-21 09:00:00,4,300.9978299593008,300.41551687780714
2017-08-21 09:15:00,4,301.20784873209794,300.6185171685195
2017-08-21 09:30:00,4,301.41719869065486,300.8130762299867
2017-08-21 09:45:00,4,301.6190472025308,301.00081822284227
2017-08-21 10:00:00,4,301.80572110745663,301.1802665554614
2017-08-21 10:15:00,4,301.97135005804154,301.3463682705383
2017-08-21 10:30:00,4,302.11397509255767,301.4954618018917
2017-08-21 10:45:00,4,302.23752353338045,301.6283466934888
2017-08-21 11:00:00,4,302.34729955080945,301.74851059743855
2017-08-21 11:15:00,4,302.4463708735747,301.8588121846621
2017-08-21 11:30:00,4,302.53526802594257,301.9597517416167
2017-08-21 11:45:00,4,302.6119420346052,302.0496714942194
2017-08-21 12:00:00,4,302.67394249866607,302.12626225366915
2017-08-21 12:15:00,4,302.7202574077789,302.1881866418578
2017-08-21 12:30:00,4,302.7525216514412,302.23667211501396
2017-08-21 12:45:00,4,302.77440519159165,302.27566021988656
2017-08-21 13:00:00,4,302.7889684309244,302.30820833584744
2017-08-21 13:15:00,4,302.79767165215793,302.3354049578256
2017-08-21 13:30:00,4,302.80099345036945,302.3570534537958
2017-08-21 13:45:00,4,302.79903009671585,302.37266096230746
2017-08-21 14:00:00,4,302.79170717255494,302.38187671624763
2017-08-21 14:15:00,4,302.7787669991887,302.3844559643203
2017-08-21 14:30:00,4,302.76010293849475,302.38029380118974
2017-08-21 14:45:00,4,302.7361165105745,302.369590149929
2017-08-21 15:00:00,4,302.7072822507861,302.3527359239281
2017-08-21 15:15:00,4,302.6735952525772,302.3299377425218
2017-08-21 15:30:00,4,302.6347845385789,302.3011547640018
2017-08-21 15:45:00,4,302.5911085988874,302.2664419636943
2017-08-21 16:00:00,4,302.5429449390706,302.2260081313026
2017-08-21 16:15:00,4,302.4901271554794,302.1799206963868
2017-08-21 16:30:00,4,302.4320381470676,302.1278363577563
2017-08-21 16:45:00,4,302.3677311137544,302.0690724336728
2017-08-21 17:00:00,4,302.2967575514065,302.0029307335967
2017-08-21 17:15:00,4,302.21910170953885,301.92962729076976
2017-08-21 17:30:00,4,302.13588041929404,301.8500736850772
2017-08-21 17:45:00,4,302.0490889902501,301.7658067937811
2017-08-21 18:00:00,4,301.96000867265457,301.6787973589193
2017-08-21 18:15:00,4,301.86834425219433,301.5899688963911
2017-08-21 18:30:00,4,301.7733991563073,301.4992126022474
2017-08-21 18:45:00,4,301.67393143676105,301.4061030836758
2017-08-21 19:00:00,4,301.5688513238934,301.3099098683693
2017-08-21 19:15:00,4,301.4594515400656,301.20977530951836
2017-08-21 19:30:00,4,301.34882144973716,301.1077200510395
2017-08-21 19:45:00,4,301.2396077294241,300.9963204088814
2017-08-21 20:00:00,4,301.133197719404,300.87738541877076
2017-08-21 20:15:00,4,301.03005807276884,300.7560167993634
2017-08-21 20:30:00,4,300.93051124686684,300.6358335820804
2017-08-21 20:45:00,4,300.8356114058804,300.51834681334043
2017-08-21 21:00:00,4,300.7464086958698,300.40373391158397
2017-08-21 21:15:00,4,300.6633124464663,300.2962305619454
2017-08-21 21:30:00,4,300.5860994302542,300.20020121052465
2017-08-21 21:45:00,4,300.51396794082376,300.1146511957497
2017-08-21 22:00:00,4,300.4459965446904,300.0362746363566
2017-08-21 22:15:00,4,300.3814501072304,299.96255747353064
2017-08-21 22:30:00,4,300.3198752146664,299.8924968874922
2017-08-21 22:45:00,4,300.26118424259795,299.82595237661326
2017-08-21 23:00:00,4,300.20535559635783,299.7629056844863
2017-08-21 23:15:00,4,300.15224451147577,299.7031557014656
2017-08-21 23:30:00,4,300.10151440791196,299.6462824555494
2017-08-21 23:45:00,4,300.0525311515144,299.59171405373843
2017-08-22 00:00:00,4,300.0046687649144,299.5388753741826
2017-08-22 00:15:00,4,299.95750894043067,299.4873142256573
2017-08-22 00:30:00,4,299.91079663653016,299.4367265391439
2017-08-22 00:45:00,4,299.86435273985154,299.3868801345709
2017-08-22 01:00:00,4,299.81803734126305,299.33756001339685
2017-08-22 01:15:00,4,299.7717534562367,299.28857505787425
2017-08-22 01:30:00,4,299.72560255427527,299.2399238239201
2017-08-22 01:45:00,4,299.6801662421541,299.19197517866587
2017-08-22 02:00:00,4,299.6360931797501,299.14532547264537
2017-08-22 02:15:00,4,299.5937556329071,299.10048365744854
2017-08-22 02:30:00,4,299.55348261987535,299.05786483307963
2017-08-22 02:45:00,4,299.51610875094707,299.0181340447913
2017-08-22 03:00:00,4,299.48259260038037,298.98232206611914
2017-08-22 03:15:00,4,299.45351060421984,298.95120609120823
2017-08-22 03:30:00,4,299.4288234409461,298.9249084008082
2017-08-22 03:45:00,4,299.4075515179491,298.9027143302669
2017-08-22 04:00:00,4,299.3883724125939,298.88337636774753
2017-08-22 04:15:00,4,299.3702614654721,298.8655397765844
2017-08-22 04:30:00,4,299.35250232589044,298.84823126393803
2017-08-22 04:45:00,4,299.334409929044,298.8307195157247
2017-08-22 05:00:00,4,299.31538359616104,298.8123313724566
2017-08-22 05:15:00,4,299.2950451236308,298.7924724875086
2017-08-22 05:30:00,4,299.27343373139894,298.77098361110643
2017-08-22 05:45:00,4,299.25554974239776,298.75242802486423
2017-08-22 06:00:00,4,299.25812079964084,298.7493922497726
2017-08-22 06:15:00,4,299.2955716781597,298.77420930750355
2017-08-22 06:30:00,4,299.3712403766172,298.82721538504995
2017-08-22 06:45:00,4,299.4825218878896,298.90697382848134
2017-08-22 07:00:00,4,299.623438754169,299.02585126445507
2017-08-22 07:15:00,4,299.7840588468238,299.17904075564206
2017-08-22 07:30:00,4,299.9555491315151,299.352479903326
2017-08-22 07:45:00,4,300.13452154017443,299.5370015847268
2017-08-22 08:00:00,4,300.31992253852854,299.73263202768396
2017-08-22 08:15:00,4,300.5090804638766,299.9433612190887
2017-08-22 08:30:00,4,300.69847272212314,300.15391425916414
2017-08-22 08:45:00,4,300.8845028782701,300.3529130892132
2017-08-22 09:00:00,4,301.06384514570954,300.53450744084347
2017-08-22 09:15:00,4,301.23338986524794,300.7028382918007
2017-08-22 09:30:00,4,301.39158095487954,300.8601203395008
2017-08-22 09:45:00,4,301.5397082236969,301.00736834726496
2017-08-22 10:00:00,4,301.67948435961955,301.14789824527105
2017-08-22 10:15:00,4,301.8117628857846,301.2826898467953
2017-08-22 10:30:00,4,301.93579864131556,301.410372139993
2017-08-22 10:45:00,4,302.0480066444822,301.52796289838614
2017-08-22 11:00:00,4,302.14448570756065,301.6321716438594
2017-08-22 11:15:00,4,302.2228762375367,301.7206343742785
2017-08-22 11:30:00,4,302.2829874209167,301.7927829294158
2017-08-22 11:45:00,4,302.3271747125246,301.8500325638031
2017-08-22 12:00:00,4,302.3582877607136,301.89470265818517
2017-08-22 12:15:00,4,302.37853812063264,301.9290296776974
2017-08-22 12:30:00,4,302.39080159925834,301.95549117486775
2017-08-22 12:45:00,4,302.39888076889355,301.9767341764473
2017-08-22 13:00:00,4,302.4054435887092,301.9963280740292
2017-08-22 13:15:00,4,302.4113536453838,302.0155687980399
2017-08-22 13:30:00,4,302.41694352261874,302.0342757883905
2017-08-22 13:45:00,4,302.4237280047192,302.0525975280713
2017-08-22 14:00:00,4,302.43322695902924,302.0713946068607
2017-08-22 14:15:00,4,302.4456288053018,302.0913218353562
2017-08-22 14:30:00,4,302.4598175355224,302.11188416104784
2017-08-22 14:45:00,4,302.4728807314364,302.1311012585674
2017-08-22 15:00:00,4,302.4815396828432,302.14623841911373
2017-08-22 15:15:00,4,302.4832765009907,302.1548187109574
2017-08-22 15:30:00,4,302.4765236505969,302.1552131416888
2017-08-22 15:45:00,4,302.4609444553982,302.1467846153884
2017-08-22 16:00:00,4,302.4368073181779,302.1295335159462
2017-08-22 16:15:00,4,302.40406869132715,302.1035177105535
2017-08-22 16:30:00,4,302.3623768816237,302.0684696462774
2017-08-22 16:45:00,4,302.3111971146737,302.0238901639038
2017-08-22 17:00:00,4,302.25045962541793,301.9694243815284
2017-08-22 17:15:00,4,302.18041149890456,301.90513151969924
2017-08-22 17:30:00,4,302.1023916632909,301.8320867985328
2017-08-22 17:45:00,4,302.01859928245284,301.7522905450676
2017-08-22 18:00:00,4,301.93051260105784,301.66763044409475
2017-08-22 18:15:00,4,301.8379960228887,301.5793795228446
2017-08-22 18:30:00,4,301.740539180103,301.4876563579621
2017-08-22 18:45:00,4,301.6368920458168,301.39183507939435
2017-08-22 19:00:00,4,301.5258450252587,301.29180781518943
2017-08-22 19:15:00,4,301.41020562630365,301.18726266250377
2017-08-22 19:30:00,4,301.29443066831817,301.0799569234462
2017-08-22 19:45:00,4,301.1818652224922,300.96599983745364
2017-08-22 20:00:00,4,301.07430204406296,300.84672541299386
2017-08-22 20:15:00,4,300.97234010683366,300.7267256193901
2017-08-22 20:30:00,4,300.87589450544993,300.6095791447688
2017-08-22 20:45:00,4,300.7845192616319,300.4963409005843
2017-08-22 21:00:00,4,300.6976225307566,300.38620768225826
2017-08-22 21:15:00,4,300.6146129169023,300.27678424818873
2017-08-22 21:30:00,4,300.5352302428128,300.1763938497355
2017-08-22 21:45:00,4,300.46009431862024,300.0862060830236
2017-08-22 22:00:00,4,300.39005230237933,300.00408883830494
2017-08-22 22:15:00,4,300.32552505112534,299.92847511045534
2017-08-22 22:30:00,4,300.2664040441109,299.85895922166634
2017-08-22 22:45:00,4,300.21203250437384,299.7952870222327
2017-08-22 23:00:00,4,300.16157077288244,299.7367594725681
2017-08-22 23:15:00,4,300.1142909897939,299.68240053067694
2017-08-22 23:30:00,4,300.06952010474134,299.6312532477446
2017-08-22 23:45:00,4,300.02638468754344,299.5824324598209
2017-08-23 00:00:00,4,299.9840608194516,299.53514631172993
2017-08-23 00:15:00,4,299.94201567987375,299.48877503529957
2017-08-23 00:30:00,4,299.89995146095805,299.44290775594703
2017-08-23 00:45:00,4,299.85769286975824,299.39729711551934
2017-08-23 01:00:00,4,299.8151370171834,299.35179173290265
2017-08-23 01:15:00,4,299.77223266236757,299.3062932195479
2017-08-23 01:30:00,4,299.7289575493959,299.2607328793656
2017-08-23 01:45:00,4,299.6852975590555,299.2150532717265
2017-08-23 02:00:00,4,299.64124315519473,299.16920186030126
2017-08-23 02:15:00,4,299.5967904358709,299.12313341119375
2017-08-23 02:30:00,4,299.55186410640596,299.076721580848
2017-08-23 02:45:00,4,299.50615300463824,299.0295872473427
2017-08-23 03:00:00,4,299.459293973016,298.98113548310306
2017-08-23 03:15:00,4,299.411127113658,298.93084430889803
2017-08-23 03:30:00,4,299.36193594838545,298.878713354793
2017-08-23 03:45:00,4,299.3126373440828,298.825529627792
2017-08-23 04:00:00,4,299.2642150824946,298.7725300714744
2017-08-23 04:15:00,4,299.21730194745726,298.7208101033569
2017-08-23 04:30:00,4,299.1722613176652,298.67110482418326
2017-08-23 04:45:00,4,299.1294717947953,298.6240118316126
2017-08-23 05:00:00,4,299.08931852506737,298.5801443665524
2017-08-23 05:15:00,4,299.05204923641423,298.540017816236
2017-08-23 05:30:00,4,299.0179635457826,298.5041999242708
2017-08-23 05:45:00,4,298.9925604911248,298.47749923525265
2017-08-23 06:00:00,4,298.9929382563366,298.47194726636167
2017-08-23 06:15:00,4,299.03059277055536,298.4980870579755
2017-08-23 06:30:00,4,299.1046171602216,298.55446472799133
2017-08-23 06:45:00,4,299.2080933582784,298.6289953746471
2017-08-23 07:00:00,4,299.331238569775,298.73148128330956
2017-08-23 07:15:00,4,299.4591563617038,298.8533275687199
2017-08-23 07:30:00,4,299.5770267733704,298.97502297071543
2017-08-23 07:45:00,4,299.6763619583625,299.0813859739678
2017-08-23 08:00:00,4,299.75940281491626,299.1712990352711
2017-08-23 08:15:00,4,299.8447701384833,299.2585210408743
2017-08-23 08:30:00,4,299.9512623767685,299.36154461951963
2017-08-23 08:45:00,4,300.0890132990498,299.49401543743994
2017-08-23 09:00:00,4,300.25951081910193,299.66432038292646
2017-08-23 09:15:00,4,300.45283667694093,299.86977015871133
2017-08-23 09:30:00,4,300.6562234321508,300.08878955530514
2017-08-23 09:45:00,4,300.8599445671689,300.305415131007
2017-08-23 10:00:00,4,301.0570777869922,300.5112920729609
2017-08-23 10:15:00,4,301.24241107612403,300.70340017194184
2017-08-23 10:30:00,4,301.4145019883073,300.882049707094
2017-08-23 10:45:00,4,301.578854918534,301.0508714516669
2017-08-23 11:00:00,4,301.74196345577406,301.21474311441824
2017-08-23 11:15:00,4,301.9058833724958,301.37594377777947
2017-08-23 11:30:00,4,302.067398505136,301.5325525128063
2017-08-23 11:45:00,4,302.21994713936886,301.67984325942217
2017-08-23 12:00:00,4,302.35763728143934,301.81305455955845
2017-08-23 12:15:00,4,302.47714829007055,301.9293676643281
2017-08-23 12:30:00,4,302.57830023686097,302.029360211812
2017-08-23 12:45:00,4,302.6619038099032,302.11615903871024
2017-08-23 13:00:00,4,302.72751028770045,302.19114812038566
2017-08-23 13:15:00,4,302.7743073529997,302.253548796432
2017-08-23 13:30:00,4,302.8034348535239,302.3027028609271
2017-08-23 13:45:00,4,302.8198214226824,302.3402663848378
2017-08-23 14:00:00,4,302.82894962712936,302.3695657841709
2017-08-23 14:15:00,4,302.8340700040615,302.39348350307836
2017-08-23 14:30:00,4,302.8367175183903,302.41358393371434
2017-08-23 14:45:00,4,302.8380232845159,302.430666203889
2017-08-23 15:00:00,4,302.83853916336386,302.4452061616004
2017-08-23 15:15:00,4,302.837904083848,302.45726185529605
2017-08-23 15:30:00,4,302.8347392962454,302.46599755562806
2017-08-23 15:45:00,4,302.8262517434107,302.4694377714283
2017-08-23 16:00:00,4,302.809987441273,302.46522115760536
2017-08-23 16:15:00,4,302.7844079102014,302.4514955122235
2017-08-23 16:30:00,4,302.74860893620695,302.4271685516877
2017-08-23 16:45:00,4,302.7018037324134,302.39153390129457
2017-08-23 17:00:00,4,302.6433137086233,302.3440182424907
2017-08-23 17:15:00,4,302.5733895433444,302.28461528669277
2017-08-23 17:30:00,4,302.49397112628805,302.2144903492197
2017-08-23 17:45:00,4,302.4078079781196,302.135906435901
2017-08-23 18:00:00,4,302.3168745331731,302.05111308221086
2017-08-23 18:15:00,4,302.22157163654833,301.96210385015974
2017-08-23 18:30:00,4,302.12160734252694,301.8690465026722
2017-08-23 18:45:00,4,302.0160430594337,301.7707051199782
2017-08-23 19:00:00,4,301.9040883977292,301.6660090079659
2017-08-23 19:15:00,4,301.7887646532295,301.55609648017975
2017-08-23 19:30:00,4,301.6739783177698,301.44405715244466
2017-08-23 19:45:00,4,301.56099881754056,301.3331697760294
2017-08-23 20:00:00,4,301.44949841369623,301.2272990866475
2017-08-23 20:15:00,4,301.3389537325585,301.1194814187978
2017-08-23 20:30:00,4,301.2293164752031,301.00545869938003
2017-08-23 20:45:00,4,301.12161127089763,300.8861286931358
2017-08-23 21:00:00,4,301.01701903984286,300.76492945875907
2017-08-23 21:15:00,4,300.91614313865074,300.64474655422913
2017-08-23 21:30:00,4,300.81922460458634,300.5268565821549
2017-08-23 21:45:00,4,300.7266168296339,300.41139607938305
2017-08-23 22:00:00,4,300.6385653863102,300.2972528254347
2017-08-23 22:15:00,4,300.55500112213474,300.19211853076706
2017-08-23 22:30:00,4,300.4754559936375,300.0976404634707
2017-08-23 22:45:00,4,300.39887551184677,300.0106173102108
2017-08-23 23:00:00,4,300.3241396164338,299.9273860558882
2017-08-23 23:15:00,4,300.25046880548746,299.84593386598374
2017-08-23 23:30:00,4,300.17768880556304,299.7658561724917
2017-08-23 23:45:00,4,300.10660653878705,299.6877224855922
2017-08-24 00:00:00,4,300.0381502767081,299.6123455884318
2017-08-24 00:15:00,4,299.9727544574445,299.5402315616299
2017-08-24 00:30:00,4,299.9103888960074,299.47137133595993
2017-08-24 00:45:00,4,299.85064500180584,299.4052827466289
2017-08-24 01:00:00,4,299.7930123650937,299.34124100382985
2017-08-24 01:15:00,4,299.73713242726967,299.2785939100691
2017-08-24 01:30:00,4,299.6828153100582,299.2169711922788
2017-08-24 01:45:00,4,299.6297835710598,299.15626968444457
2017-08-24 02:00:00,4,299.57771186072574,299.09652163029074
2017-08-24 02:15:00,4,299.52635883217755,299.0377737465377
2017-08-24 02:30:00,4,299.4756894046558,298.9801426755439
2017-08-24 02:45:00,4,299.4260757695088,298.9239385699878
2017-08-24 03:00:00,4,299.37797619552305,298.86958108248797
2017-08-24 03:15:00,4,299.33164866925466,298.8173901711332
2017-08-24 03:30:00,4,299.28702483820217,298.7673591954438
2017-08-24 03:45:00,4,299.2435345876591,298.71905243606835
2017-08-24 04:00:00,4,299.20048182479195,298.6718003268508
2017-08-24 04:15:00,4,299.1573751452559,298.6250069656043
2017-08-24 04:30:00,4,299.11407201229025,298.57841270200186
2017-08-24 04:45:00,4,299.0709603467231,298.5322080426516
2017-08-24 05:00:00,4,299.0285725804877,298.48683412552907
2017-08-24 05:15:00,4,298.98725309533046,298.4426753913683
2017-08-24 05:30:00,4,298.94726153008014,298.4000639191643
2017-08-24 05:45:00,4,298.9129831408182,298.36317361484356
2017-08-24 06:00:00,4,298.90025478595487,298.3442686948025
2017-08-24 06:15:00,4,298.9252764517467,298.35712689998815
2017-08-24 06:30:00,4,298.9947766698872,298.4056737727805
2017-08-24 06:45:00,4,299.1082933369393,298.4788179799446
2017-08-24 07:00:00,4,299.26052446617075,298.599224173646
2017-08-24 07:15:00,4,299.44020931804005,298.7656557821536
2017-08-24 07:30:00,4,299.6368297941178,298.9594754903245
2017-08-24 07:45:00,4,299.8459786706207,299.16729199054896
2017-08-24 08:00:00,4,300.0661775647996,299.38664134398266
2017-08-24 08:15:00,4,300.29455563371783,299.62067044717344
2017-08-24 08:30:00,4,300.5276968464466,299.8750307389125
2017-08-24 08:45:00,4,300.7629859436701,300.1307564717152
2017-08-24 09:00:00,4,300.9980315117981,300.3740597755241
2017-08-24 09:15:00,4,301.22974884876254,300.5979369567544
2017-08-24 09:30:00,4,301.45560735879354,300.80669675802824
2017-08-24 09:45:00,4,301.6734085315997,301.01197274157937
2017-08-24 10:00:00,4,301.8805540972104,301.21487541200713
2017-08-24 10:15:00,4,302.0741535652537,301.41059047116806
2017-08-24 10:30:00,4,302.25246811161236,301.5950465495713
2017-08-24 10:45:00,4,302.41640418967825,301.7674072777184
2017-08-24 11:00:00,4,302.5675377723594,301.928548821708
2017-08-24 11:15:00,4,302.7066338108976,302.0788827278795
2017-08-24 11:30:00,4,302.83376914001457,302.21735987306755
2017-08-24 11:45:00,4,302.94794405432316,302.3447136135527
2017-08-24 12:00:00,4,303.0482264165113,302.46010600785456
2017-08-24 12:15:00,4,303.1343713939628,302.5625110835613
2017-08-24 12:30:00,4,303.20784005393386,302.65283966629715
2017-08-24 12:45:00,4,303.2721091273444,302.7339987375141
2017-08-24 13:00:00,4,303.33008943141317,302.80891898454814
2017-08-24 13:15:00,4,303.3829906645828,302.8790450968659
2017-08-24 13:30:00,4,303.43084170852393,302.94430920684687
2017-08-24 13:45:00,4,303.4728932696616,303.0038454746117
2017-08-24 14:00:00,4,303.5082315386433,303.0566719259341
2017-08-24 14:15:00,4,303.53609842428824,303.1020079053555
2017-08-24 14:30:00,4,303.5561213102987,303.13939202972887
2017-08-24 14:45:00,4,303.5684674339994,303.1687088348605
2017-08-24 15:00:00,4,303.5733977007787,303.1899459743039
2017-08-24 15:15:00,4,303.570695451026,303.20291251661433
2017-08-24 15:30:00,4,303.5601752611512,303.20733448862586
2017-08-24 15:45:00,4,303.5418681488101,303.2030718729873
2017-08-24 16:00:00,4,303.51580737331386,303.19009510371865
2017-08-24 16:15:00,4,303.48171551342944,303.1682808701871
2017-08-24 16:30:00,4,303.43903847073614,303.137185019718
2017-08-24 16:45:00,4,303.3869101241405,303.09610544249244
2017-08-24 17:00:00,4,303.3250685591767,303.0445614817269
2017-08-24 17:15:00,4,303.2538861078402,302.98275789389885
2017-08-24 17:30:00,4,303.1749670931204,302.91199330328203
2017-08-24 17:45:00,4,303.0907696134305,302.83443511149926
2017-08-24 18:00:00,4,303.00311496394016,302.7520773710817
2017-08-24 18:15:00,4,302.9123108205524,302.665724581252
2017-08-24 18:30:00,4,302.8176562818596,302.57476141495914
2017-08-24 18:45:00,4,302.7174361059694,302.4780554183785
2017-08-24 19:00:00,4,302.6102436790739,302.37429401590055
2017-08-24 19:15:00,4,302.49848898177214,302.2641276696448
2017-08-24 19:30:00,4,302.3858459617841,302.1502201098825
2017-08-24 19:45:00,4,302.274422874342,302.0355042872917
2017-08-24 20:00:00,4,302.1649506890304,301.9219205947831
2017-08-24 20:15:00,4,302.05751415931934,301.8103731010329
2017-08-24 20:30:00,4,301.95181324308186,301.7013528497778
2017-08-24 20:45:00,4,301.8471120976402,301.5943139889557
2017-08-24 21:00:00,4,301.7426316484634,301.489173488829
2017-08-24 21:15:00,4,301.6378444949344,301.38190228818036
2017-08-24 21:30:00,4,301.5329803615697,301.2691329050066
2017-08-24 21:45:00,4,301.42989340417574,301.15179701539876
2017-08-24 22:00:00,4,301.33065733669036,301.03335758840046
2017-08-24 22:15:00,4,301.23641869281687,300.9170141726909
2017-08-24 22:30:00,4,301.14748079356895,300.80434612096957
2017-08-24 22:45:00,4,301.063613389343,300.6951807163362
2017-08-24 23:00:00,4,300.9843489089831,300.5917242251371
2017-08-24 23:15:00,4,300.90917127259524,300.4978809620225
2017-08-24 23:30:00,4,300.83757858666416,300.41299726276225
2017-08-24 23:45:00,4,300.76907864969235,300.3342255071281
2017-08-25 00:00:00,4,300.70321220153494,300.25930691860754
2017-08-25 00:15:00,4,300.63958452051577,300.18725979874114
2017-08-25 00:30:00,4,300.57794041311615,300.11782188954294
2017-08-25 00:45:00,4,300.51823280427584,300.05082643198887
2017-08-25 01:00:00,4,300.46041979007106,299.9859299132499
2017-08-25 01:15:00,4,300.40436956139405,299.92263323693965
2017-08-25 01:30:00,4,300.3501989066056,299.86074199754836
2017-08-25 01:45:00,4,300.29892532793434,299.80101764566615
2017-08-25 02:00:00,4,300.251817222712,299.74503967819516
2017-08-25 02:15:00,4,300.20969927535657,299.69438275891093
2017-08-25 02:30:00,4,300.17266103802973,299.6497631964832
2017-08-25 02:45:00,4,300.1397533965367,299.61067196279964
2017-08-25 03:00:00,4,300.1096583214155,299.57579252345505
2017-08-25 03:15:00,4,300.08136762744476,299.54384631008674
2017-08-25 03:30:00,4,300.05417646417294,299.5137674419439
2017-08-25 03:45:00,4,300.02727941575296,299.4846888991121
2017-08-25 04:00:00,4,299.999963229177,299.45582483986954
2017-08-25 04:15:00,4,299.97181036448194,299.42665978191883
2017-08-25 04:30:00,4,299.9427331965607,299.3969849656104
2017-08-25 04:45:00,4,299.9130176637343,299.3668468676492
2017-08-25 05:00:00,4,299.8830070189325,299.3363905944883
2017-08-25 05:15:00,4,299.85290523013236,299.3057196761922
2017-08-25 05:30:00,4,299.82286808266826,299.27492151728967
2017-08-25 05:45:00,4,299.7959784503936,299.2466110120247
2017-08-25 06:00:00,4,299.78443555434256,299.22985084580716
2017-08-25 06:15:00,4,299.80307508513,299.2366306291416
2017-08-25 06:30:00,4,299.8590798380406,299.27115734742705
2017-08-25 06:45:00,4,299.9527994233225,299.33226152221584
2017-08-25 07:00:00,4,300.08102007179383,299.4365511474455
2017-08-25 07:15:00,4,300.235824067506,299.582422146241
2017-08-25 07:30:00,4,300.40910292541423,299.75675981310565
2017-08-25 07:45:00,4,300.59634165116404,299.94935456451566
2017-08-25 08:00:00,4,300.79413777953437,300.158185425625
2017-08-25 08:15:00,4,300.9973407388329,300.3869841804553
2017-08-25 08:30:00,4,301.20138214317825,300.6180918144358
2017-08-25 08:45:00,4,301.40506871944575,300.8401692959941
2017-08-25 09:00:00,4,301.60844939175604,301.0502167353171
2017-08-25 09:15:00,4,301.8104042529713,301.24723113937375
2017-08-25 09:30:00,4,302.00926942209026,301.4382635558903
2017-08-25 09:45:00,4,302.20332607887843,301.62842771558337
2017-08-25 10:00:00,4,302.3909045895131,301.8162620706716
2017-08-25 10:15:00,4,302.570196235973,301.9976778527425
2017-08-25 10:30:00,4,302.7392306965117,302.1692212121507
2017-08-25 10:45:00,4,302.8956863782901,302.32871162315786
2017-08-25 11:00:00,4,303.03808467429224,302.4748540995569
2017-08-25 11:15:00,4,303.16550032603783,302.6067067898764
2017-08-25 11:30:00,4,303.27584817395064,302.7235393951148
2017-08-25 11:45:00,4,303.36355273651174,302.82238785497094
2017-08-25 12:00:00,4,303.42366901240086,302.898914235358
2017-08-25 12:15:00,4,303.4553236570618,302.95082840682903
2017-08-25 12:30:00,4,303.46329091880693,302.98080115017893
2017-08-25 12:45:00,4,303.45813310182655,302.99648099736237
2017-08-25 13:00:00,4,303.44946667446067,303.0064508910202
2017-08-25 13:15:00,4,303.4423444140262,303.01633479962203
2017-08-25 13:30:00,4,303.43818654635203,303.0279071825209
2017-08-25 13:45:00,4,303.4358732730803,303.04028358949853
2017-08-25 14:00:00,4,303.4334276354091,303.0516077778285
2017-08-25 14:15:00,4,303.42907315907564,303.06016572398164
2017-08-25 14:30:00,4,303.4221738059668,303.0652216202922
2017-08-25 14:45:00,4,303.414131953654,303.06754850551687
2017-08-25 15:00:00,4,303.40663962629554,303.06869468247857
2017-08-25 15:15:00,4,303.4001604236982,303.06969513211163
2017-08-25 15:30:00,4,303.39394224863025,303.0703242240891
2017-08-25 15:45:00,4,303.3859022416681,303.0689987066094
2017-08-25 16:00:00,4,303.3735508505896,303.0634674288042
2017-08-25 16:15:00,4,303.35525295199363,303.0518364627155
2017-08-25 16:30:00,4,303.3299378651798,303.0328579953092
2017-08-25 16:45:00,4,303.29619206904636,303.0055703595006
2017-08-25 17:00:00,4,303.2528934287764,302.9688612515005
2017-08-25 17:15:00,4,303.1997168046908,302.9221291247773
2017-08-25 17:30:00,4,303.1376710085276,302.8658748503092
2017-08-25 17:45:00,4,303.0681975969756,302.8013123399278
2017-08-25 18:00:00,4,302.9921212614488,302.72951180833934
2017-08-25 18:15:00,4,302.9098043109906,302.6509880434549
2017-08-25 18:30:00,4,302.8209489260333,302.56533294349623
2017-08-25 18:45:00,4,302.7231903647726,302.4709909311686
2017-08-25 19:00:00,4,302.61415838645,302.3665138004554
2017-08-25 19:15:00,4,302.4955760655208,302.2523478661208
2017-08-25 19:30:00,4,302.37134397389224,302.1314522167527
2017-08-25 19:45:00,4,302.24556708684895,302.0086849221398
2017-08-25 20:00:00,4,302.1212707651485,301.89039600909297
2017-08-25 20:15:00,4,302.0000003000038,301.7703040544568
2017-08-25 20:30:00,4,301.8827639834066,301.64478995274277
2017-08-25 20:45:00,4,301.77132694775565,301.51669472773665
2017-08-25 21:00:00,4,301.6672879730401,301.3910663191172
2017-08-25 21:15:00,4,301.57128304207544,301.27142530907776
2017-08-25 21:30:00,4,301.48303242746266,301.1587949213984
2017-08-25 21:45:00,4,301.4014083180844,301.0522749435292
2017-08-25 22:00:00,4,301.3251014010037,300.94898462334083
2017-08-25 22:15:00,4,301.2530767070861,300.856230612617
2017-08-25 22:30:00,4,301.18455593594035,300.77373423767864
2017-08-25 22:45:00,4,301.1188704768562,300.69775872100365
2017-08-25 23:00:00,4,301.05544394602725,300.62529804812584
2017-08-25 23:15:00,4,300.9938248745424,300.5551250078428
2017-08-25 23:30:00,4,300.9338317242451,300.48709855340724
2017-08-25 23:45:00,4,300.8758055464834,300.4214907460216
2017-08-26 00:00:00,4,300.8201623571338,300.35861072337343
2017-08-26 00:15:00,4,300.7670769540344,300.29860900943964
2017-08-26 00:30:00,4,300.71645641209255,300.24137757149276
2017-08-26 00:45:00,4,300.6678583898266,300.186447817532
2017-08-26 01:00:00,4,300.6207524283283,300.133086541236
2017-08-26 01:15:00,4,300.57480146761594,300.0806029433192
2017-08-26 01:30:00,4,300.5299695684782,300.02869250031495
2017-08-26 01:45:00,4,300.48640882620197,299.97753544929185
2017-08-26 02:00:00,4,300.44425100808786,299.9275755446408
2017-08-26 02:15:00,4,300.40353473086833,299.8792142711473
2017-08-26 02:30:00,4,300.36412047287143,299.8325675797195
2017-08-26 02:45:00,4,300.325539808274,299.7873877323304
2017-08-26 03:00:00,4,300.28726801723235,299.74322473870893
2017-08-26 03:15:00,4,300.24895256643737,299.6996629504321
2017-08-26 03:30:00,4,300.210532513091,299.65653980461445
2017-08-26 03:45:00,4,300.1724186578898,299.6140670584617
2017-08-26 04:00:00,4,300.1351358870824,299.5726790710163
2017-08-26 04:15:00,4,300.09901880088483,299.532765102152
2017-08-26 04:30:00,4,300.06424602685786,299.4946883785544
2017-08-26 04:45:00,4,300.03100662132704,299.4586806946706
2017-08-26 05:00:00,4,299.9995123227384,299.42497721184685
2017-08-26 05:15:00,4,299.9699199170728,299.393852451514
2017-08-26 05:30:00,4,299.94228049685654,299.36545667215455
2017-08-26 05:45:00,4,299.91964269308,299.34238832122514
2017-08-26 06:00:00,4,299.91464592415537,299.33359050900555
2017-08-26 06:15:00,4,299.9417014714441,299.3504089136023
2017-08-26 06:30:00,4,300.00750452781597,299.3959467897567
2017-08-26 06:45:00,4,300.1117682304826,299.4684707827719
2017-08-26 07:00:00,4,300.249324436167,299.5834899548051
2017-08-26 07:15:00,4,300.4100442656572,299.73757447332144
2017-08-26 07:30:00,4,300.5850653969009,299.9162827121609
2017-08-26 07:45:00,4,300.7721683970823,300.1101896527562
2017-08-26 08:00:00,4,300.9716255397139,300.3191664143193
2017-08-26 08:15:00,4,301.1814581748564,300.5521827171264
2017-08-26 08:30:00,4,301.3980733987687,300.7924712290578
2017-08-26 08:45:00,4,301.61717974903894,301.0256657628975
2017-08-26 09:00:00,4,301.83426704622025,301.2447017377382
2017-08-26 09:15:00,4,302.04448843124845,301.4466515402359
2017-08-26 09:30:00,4,302.2443590041885,301.6364703623543
2017-08-26 09:45:00,4,302.4336337498527,301.8207861010236
2017-08-26 10:00:00,4,302.6130455834923,302.000481598183
2017-08-26 10:15:00,4,302.78209917177287,302.17322590082694
2017-08-26 10:30:00,4,302.9392107058325,302.3360447060629
2017-08-26 10:45:00,4,303.0801091150857,302.4855012703441
2017-08-26 11:00:00,4,303.20051270301764,302.61825776342516
2017-08-26 11:15:00,4,303.29844162092235,302.7319411054501
2017-08-26 11:30:00,4,303.374247604389,302.82521853447804
2017-08-26 11:45:00,4,303.4298122038753,302.9001808974434
2017-08-26 12:00:00,4,303.4673208139912,302.95865658831593
2017-08-26 12:15:00,4,303.4888709508935,303.0019530384554
2017-08-26 12:30:00,4,303.4981006463595,303.032598887133
2017-08-26 12:45:00,4,303.5009808894688,303.0551020192685
2017-08-26 13:00:00,4,303.5023560364959,303.0740601590999
2017-08-26 13:15:00,4,303.50430904075864,303.09215660438184
2017-08-26 13:30:00,4,303.5074779842348,303.1102223850877
2017-08-26 13:45:00,4,303.512630868235,303.12854291377823
2017-08-26 14:00:00,4,303.5202496029308,303.1474266574002
2017-08-26 14:15:00,4,303.5299488747255,303.16689389810864
2017-08-26 14:30:00,4,303.5402244747412,303.1860021634217
2017-08-26 14:45:00,4,303.5478323783714,303.20242830386377
2017-08-26 15:00:00,4,303.5496214626158,303.2132528543098
2017-08-26 15:15:00,4,303.54345723144655,303.21613389401114
2017-08-26 15:30:00,4,303.5282028164083,303.20976713080785
2017-08-26 15:45:00,4,303.50326007140615,303.19357395003556
2017-08-26 16:00:00,4,303.4684728943934,303.1672754553547
2017-08-26 16:15:00,4,303.42402831008934,303.13076759151807
2017-08-26 16:30:00,4,303.3701626274501,303.08409914935277
2017-08-26 16:45:00,4,303.30718982259697,303.0275210228423
2017-08-26 17:00:00,4,303.23579641554744,302.96153210733104
2017-08-26 17:15:00,4,303.156669362247,302.88686721910955
2017-08-26 17:30:00,4,303.07116084814356,302.8047039970082
2017-08-26 17:45:00,4,302.98112551631823,302.7165833621126
2017-08-26 18:00:00,4,302.88764330342207,302.62409587718406
2017-08-26 18:15:00,4,302.79038453713355,302.528179527955
2017-08-26 18:30:00,4,302.6888273499654,302.4288996189915
2017-08-26 18:45:00,4,302.58208903128957,302.325509798566
2017-08-26 19:00:00,4,302.4694643007592,302.2176182094692
2017-08-26 19:15:00,4,302.3534791228085,302.1071792556807
2017-08-26 19:30:00,4,302.2377167579496,301.9974492691839
2017-08-26 19:45:00,4,302.12447039571936,301.88816604479644
2017-08-26 20:00:00,4,302.01474548160786,301.7742079547729
2017-08-26 20:15:00,4,301.9087710147045,301.65558262536126
2017-08-26 20:30:00,4,301.80661667539533,301.535488873319
2017-08-26 20:45:00,4,301.70883296082536,301.4170045827921
2017-08-26 21:00:00,4,301.61599835633064,301.30178185149714
2017-08-26 21:15:00,4,301.5282811934654,301.19015854333696
2017-08-26 21:30:00,4,301.4454921326177,301.0810034342136
2017-08-26 21:45:00,4,301.3672191299076,300.98078935114324
2017-08-26 22:00:00,4,301.2929638950929,300.89103310505897
2017-08-26 22:15:00,4,301.2222424324622,300.8091002402625
2017-08-26 22:30:00,4,301.15477930683704,300.73219414273535
2017-08-26 22:45:00,4,301.0907899241837,300.65924278547163
2017-08-26 23:00:00,4,301.0305684565917,300.5904322235444
2017-08-26 23:15:00,4,300.9741554225668,300.5261056275159
2017-08-26 23:30:00,4,300.9212112472438,300.46610123262604
2017-08-26 23:45:00,4,300.8708346745205,300.40965083495064
2017-08-27 00:00:00,4,300.82206193898867,300.3557290816678
2017-08-27 00:15:00,4,300.7742401802226,300.30346592709236
2017-08-27 00:30:00,4,300.726907257547,300.25224325158507
2017-08-27 00:45:00,4,300.67954116958964,300.2015125172664
2017-08-27 01:00:00,4,300.6316682423817,300.1507089575833
2017-08-27 01:15:00,4,300.58297928752535,300.09933474060364
2017-08-27 01:30:00,4,300.53337101779863,300.0471050863301
2017-08-27 01:45:00,4,300.4830266148589,299.99405289196824
2017-08-27 02:00:00,4,300.43223264628085,299.94044082638425
2017-08-27 02:15:00,4,300.3812053550165,299.8865643675195
2017-08-27 02:30:00,4,300.33024557645615,299.83277105236033
2017-08-27 02:45:00,4,300.28009289711974,299.7796620617598
2017-08-27 03:00:00,4,300.2315243868547,299.7280068965995
2017-08-27 03:15:00,4,300.18498776146583,299.6784330945387
2017-08-27 03:30:00,4,300.14061990038465,299.6312399502564
2017-08-27 03:45:00,4,300.0983444260608,299.5864398523777
2017-08-27 04:00:00,4,300.05799378188414,299.5438996630981
2017-08-27 04:15:00,4,300.0193839890135,299.5034488995911
2017-08-27 04:30:00,4,299.9823276600137,299.4648982204235
2017-08-27 04:45:00,4,299.9466479061611,299.4281711690272
2017-08-27 05:00:00,4,299.9122313727581,299.39308073227187
2017-08-27 05:15:00,4,299.87902319302395,299.35940721009945
2017-08-27 05:30:00,4,299.8473535597639,299.327398482385
2017-08-27 05:45:00,4,299.8217831488413,299.3009584557566
2017-08-27 06:00:00,4,299.81464647319626,299.2891883177735
2017-08-27 06:15:00,4,299.8337176201768,299.30007581223396
2017-08-27 06:30:00,4,299.87812298733667,299.3346215938744
2017-08-27 06:45:00,4,299.9428882876029,299.38715868537196
2017-08-27 07:00:00,4,300.02497104035143,299.4480732894706
2017-08-27 07:15:00,4,300.1268273230628,299.5306906144078
2017-08-27 07:30:00,4,300.251302672992,299.64236383448406
2017-08-27 07:45:00,4,300.40079016951114,299.78396315359646
2017-08-27 08:00:00,4,300.5743590080578,299.95273257470774
2017-08-27 08:15:00,4,300.7651104941309,300.14300792554934
2017-08-27 08:30:00,4,300.96554908870723,300.3496460241119
2017-08-27 08:45:00,4,301.17086912502754,300.5752580651241
2017-08-27 09:00:00,4,301.37799315894347,300.8002910652337
2017-08-27 09:15:00,4,301.583603668516,301.01445750201725
2017-08-27 09:30:00,4,301.7834536335448,301.2145258340364
2017-08-27 09:45:00,4,301.9728664911396,301.40064082653765
2017-08-27 10:00:00,4,302.1480630458389,301.57547826677126
2017-08-27 10:15:00,4,302.3066033753102,301.7383814653367
2017-08-27 10:30:00,4,302.4480564296587,301.88766391800294
2017-08-27 10:45:00,4,302.5749610946614,302.02359797014157
2017-08-27 11:00:00,4,302.6904114709983,302.14817985768053
2017-08-27 11:15:00,4,302.79605297865567,302.2632161052884
2017-08-27 11:30:00,4,302.89214296798565,302.3692011806897
2017-08-27 11:45:00,4,302.97789948963754,302.4654990064933
2017-08-27 12:00:00,4,303.05233364537776,302.5511129513239
2017-08-27 12:15:00,4,303.11511216495506,302.62557534183554
2017-08-27 12:30:00,4,303.16817667072036,302.68996311705683
2017-08-27 12:45:00,4,303.21606907161174,302.74909411645916
2017-08-27 13:00:00,4,303.26276879259984,302.80680048987097
2017-08-27 13:15:00,4,303.3100215199461,302.864495535784
2017-08-27 13:30:00,4,303.35792742354585,302.92179267352515
2017-08-27 13:45:00,4,303.4055469548532,302.9776439468245
2017-08-27 14:00:00,4,303.451462005312,303.03098564354536
2017-08-27 14:15:00,4,303.49416422886725,303.0808489168148
2017-08-27 14:30:00,4,303.5317720446081,303.1259008666982
2017-08-27 14:45:00,4,303.5610642278832,303.16389375458505
2017-08-27 15:00:00,4,303.5790052891633,303.19216399045104
2017-08-27 15:15:00,4,303.58387789448244,303.20863037968286
2017-08-27 15:30:00,4,303.57533861252455,303.21238547886105
2017-08-27 15:45:00,4,303.55429940740885,303.2037269873889
2017-08-27 16:00:00,4,303.52230353990905,303.18365057798593
2017-08-27 16:15:00,4,303.4804237435523,303.15310805040224
2017-08-27 16:30:00,4,303.4291304407513,303.112580954634
2017-08-27 16:45:00,4,303.3682842943179,303.06198008558977
2017-08-27 17:00:00,4,303.2974505860854,303.00089243245856
2017-08-27 17:15:00,4,303.21678527935035,302.9292341024726
2017-08-27 17:30:00,4,303.12782395368794,302.84782914529865
2017-08-27 17:45:00,4,303.03279197921097,302.7588232398418
2017-08-27 18:00:00,4,302.9332588925629,302.66413995007485
2017-08-27 18:15:00,4,302.82941925610226,302.5653423086096
2017-08-27 18:30:00,4,302.72082930098736,302.46258480010636
2017-08-27 18:45:00,4,302.6068216945877,302.3551118773205
2017-08-27 19:00:00,4,302.4871120816778,302.2426687165948
2017-08-27 19:15:00,4,302.364559282371,302.1272476004011
2017-08-27 19:30:00,4,302.24294255567423,302.01253999242897
2017-08-27 19:45:00,4,302.12465172847305,301.90069463010457
2017-08-27 20:00:00,4,302.0107267397763,301.78524016876526
2017-08-27 20:15:00,4,301.90138473267365,301.6653978418444
2017-08-27 20:30:00,4,301.79644732868303,301.5442423943698
2017-08-27 20:45:00,4,301.69561534191325,301.4246197670697
2017-08-27 21:00:00,4,301.5985343051911,301.3075181780883
2017-08-27 21:15:00,4,301.504814388338,301.19249864475194
2017-08-27 21:30:00,4,301.41424449351865,301.0784855281539
2017-08-27 21:45:00,4,301.3271213454125,300.9681063279794
2017-08-27 22:00:00,4,301.24378794630667,300.86654642100734
2017-08-27 22:15:00,4,301.1642895432703,300.7740408551785
2017-08-27 22:30:00,4,301.0885042091162,300.68816712000864
2017-08-27 22:45:00,4,301.0163406981096,300.6069000840949
2017-08-27 23:00:00,4,300.94759975188606,300.5293855910997
2017-08-27 23:15:00,4,300.88192580359146,300.4553000841387
2017-08-27 23:30:00,4,300.8188779399946,300.3842491492021
2017-08-27 23:45:00,4,300.7580030161343,300.31575822193673
2017-08-28 00:00:00,4,300.69895525650037,300.24947967355087
2017-08-28 00:15:00,4,300.64149985732024,300.18524651507886
2017-08-28 00:30:00,4,300.58560164065574,300.1230901138933
2017-08-28 00:45:00,4,300.53165553991,300.0633043436098
2017-08-28 01:00:00,4,300.4801247665871,300.0063159995732
2017-08-28 01:15:00,4,300.4312265508629,299.95243130224816
2017-08-28 01:30:00,4,300.38477532279876,299.90155338209956
2017-08-28 01:45:00,4,300.3399464367247,299.8530080208441
2017-08-28 02:00:00,4,300.2957851933638,299.8057878778759
2017-08-28 02:15:00,4,300.25163834017116,299.758987624264
2017-08-28 02:30:00,4,300.20728868748233,299.71216204926765
2017-08-28 02:45:00,4,300.163104778312,299.6654470179266
2017-08-28 03:00:00,4,300.11961149882967,299.6193115207572
2017-08-28 03:15:00,4,300.0771336985056,299.57418681655884
2017-08-28 03:30:00,4,300.03559686175777,299.5300948942476
2017-08-28 03:45:00,4,299.9943234851094,299.4864573477162
2017-08-28 04:00:00,4,299.9525438170354,299.4423803846664
2017-08-28 04:15:00,4,299.9097788287399,299.39712094297647
2017-08-28 04:30:00,4,299.8662431352858,299.35069662820854
2017-08-28 04:45:00,4,299.82348353458787,299.3043985420098
2017-08-28 05:00:00,4,299.7833919153066,299.26032561447477
2017-08-28 05:15:00,4,299.7472324460757,299.22047886837254
2017-08-28 05:30:00,4,299.71557369723814,299.18592509107094
2017-08-28 05:45:00,4,299.69138364817496,299.1595551489876
2017-08-28 06:00:00,4,299.6839202276299,299.1479403496673
2017-08-28 06:15:00,4,299.69770103270025,299.15602167039833
2017-08-28 06:30:00,4,299.7301641603864,299.18314692433285
2017-08-28 06:45:00,4,299.77749720722386,299.2250419952489
2017-08-28 07:00:00,4,299.838985775828,299.27838138357737
2017-08-28 07:15:00,4,299.9203881350224,299.33997186113857
2017-08-28 07:30:00,4,300.02893536202106,299.4280613152994
2017-08-28 07:45:00,4,300.1665349435007,299.5513268954508
2017-08-28 08:00:00,4,300.33004100528916,299.7068335531521
2017-08-28 08:15:00,4,300.51061966045273,299.8849470565546
2017-08-28 08:30:00,4,300.6994259224001,300.07617643386914
2017-08-28 08:45:00,4,300.8921996231135,300.27675309433624
2017-08-28 09:00:00,4,301.08663282525674,300.4885340530452
2017-08-28 09:15:00,4,301.278912051311,300.6985989923367
2017-08-28 09:30:00,4,301.4655367144053,300.89665468183676
2017-08-28 09:45:00,4,301.6453577428136,301.0791022124945
2017-08-28 10:00:00,4,301.81824648916694,301.252389579794
2017-08-28 10:15:00,4,301.98332475427344,301.41967094073215
2017-08-28 10:30:00,4,302.13800448683173,301.5790479165601
2017-08-28 10:45:00,4,302.2775639792638,301.72602449865116
2017-08-28 11:00:00,4,302.3978498047728,301.85650126549496
2017-08-28 11:15:00,4,302.4968880517512,301.96828867238327
2017-08-28 11:30:00,4,302.57530490130335,302.06153698132255
2017-08-28 11:45:00,4,302.63658897372216,302.1385012538862
2017-08-28 12:00:00,4,302.6845088408373,302.2021842603087
2017-08-28 12:15:00,4,302.72169973842364,302.25520433776757
2017-08-28 12:30:00,4,302.7511045427905,302.3001025316894
2017-08-28 12:45:00,4,302.77641390540197,302.33964273378433
2017-08-28 13:00:00,4,302.8001739685203,302.37724575885534
2017-08-28 13:15:00,4,302.8233528360828,302.4142488860753
2017-08-28 13:30:00,4,302.84608509066123,302.450390303223
2017-08-28 13:45:00,4,302.8684368638912,302.4851180737099
2017-08-28 14:00:00,4,302.8904663666482,302.518131422934
2017-08-28 14:15:00,4,302.91162940627333,302.5491127644845
2017-08-28 14:30:00,4,302.93113678665117,302.57750854001404
2017-08-28 14:45:00,4,302.94827879953726,302.60263123459634
2017-08-28 15:00:00,4,302.9621731000961,302.6237487309793
2017-08-28 15:15:00,4,302.97174624854165,302.64006681934524
2017-08-28 15:30:00,4,302.9757027289898,302.6505623255405
2017-08-28 15:45:00,4,302.97195322897016,302.6536741254924
2017-08-28 16:00:00,4,302.9583005558206,302.6475156348764
2017-08-28 16:15:00,4,302.93349936551306,302.63055944066343
2017-08-28 16:30:00,4,302.8971104337712,302.6020726897362
2017-08-28 16:45:00,4,302.8488987628427,302.5616653632747
2017-08-28 17:00:00,4,302.7888446526849,302.5092181266214
2017-08-28 17:15:00,4,302.7171433879643,302.44488829526375
2017-08-28 17:30:00,4,302.6349588279671,302.3694318588508
2017-08-28 17:45:00,4,302.54407899144735,302.284607532313
2017-08-28 18:00:00,4,302.44634592945124,302.19232524406755
2017-08-28 18:15:00,4,302.34294453057254,302.0946499505169
2017-08-28 18:30:00,4,302.23448897488674,301.99284136921887
2017-08-28 18:45:00,4,302.12092842935385,301.88771205274446
2017-08-28 19:00:00,4,302.0024448939158,301.779956235788
2017-08-28 19:15:00,4,301.88201727242773,301.6697308480506
2017-08-28 19:30:00,4,301.7631986499829,301.558064176715
2017-08-28 19:45:00,4,301.6479165344812,301.4394677788295
2017-08-28 20:00:00,4,301.5367485112253,301.31553405856647
2017-08-28 20:15:00,4,301.42961830904585,301.1904890040996
2017-08-28 20:30:00,4,301.3262131507753,301.0670163796683
2017-08-28 20:45:00,4,301.22619523613406,300.9454609752331
2017-08-28 21:00:00,4,301.1292042673995,300.82460615922855
2017-08-28 21:15:00,4,301.03485858083116,300.7068296518545
2017-08-28 21:30:00,4,300.94303229711625,300.5970558477971
2017-08-28 21:45:00,4,300.8542391669629,300.49534864254946
2017-08-28 22:00:00,4,300.7689381536071,300.39932099897874
2017-08-28 22:15:00,4,300.6871774476882,300.30699648303596
2017-08-28 22:30:00,4,300.6089950802918,300.2177012056286
2017-08-28 22:45:00,4,300.5348372052871,300.13191486958993
2017-08-28 23:00:00,4,300.46525845117213,300.05069446893026
2017-08-28 23:15:00,4,300.4005826819691,299.97501495026467
2017-08-28 23:30:00,4,300.3407234516505,299.90522581639294
2017-08-28 23:45:00,4,300.28496457014296,299.8407554827945
2017-08-29 00:00:00,4,300.2323653634144,299.7803947262075
2017-08-29 00:15:00,4,300.18218826895236,299.72290771409325
2017-08-29 00:30:00,4,300.13390146537324,299.6674538144697
2017-08-29 00:45:00,4,300.08700558339785,299.61369585042274
2017-08-29 01:00:00,4,300.0411566316264,299.561685874845
2017-08-29 01:15:00,4,299.9962110325474,299.51162608122297
2017-08-29 01:30:00,4,299.95207696318226,299.4635909035439
2017-08-29 01:45:00,4,299.908531774105,299.4173327253078
2017-08-29 02:00:00,4,299.86528846096746,299.37235382615825
2017-08-29 02:15:00,4,299.822121794049,299.3281374841114
2017-08-29 02:30:00,4,299.7789750327194,299.2843590207186
2017-08-29 02:45:00,4,299.7360672136526,299.2409156484722
2017-08-29 03:00:00,4,299.6936365180289,299.19778717593357
2017-08-29 03:15:00,4,299.65180135616384,299.15493858196254
2017-08-29 03:30:00,4,299.61107050498833,299.11285777671816
2017-08-29 03:45:00,4,299.5733836918084,299.0734235288974
2017-08-29 04:00:00,4,299.54081880564667,299.039274481701
2017-08-29 04:15:00,4,299.51408769300986,299.01187948237805
2017-08-29 04:30:00,4,299.49239876732196,298.990715623578
2017-08-29 04:45:00,4,299.4737412506932,298.97368851930173
2017-08-29 05:00:00,4,299.45610462970524,298.9582206682882
2017-08-29 05:15:00,4,299.43821300185016,298.94223394549215
2017-08-29 05:30:00,4,299.4195534210853,298.92456847639664
2017-08-29 05:45:00,4,299.40003995725584,298.9049912147921
2017-08-29 06:00:00,4,299.3816613409515,298.88555409878376
2017-08-29 06:15:00,4,299.37095549870503,298.8717926668596
2017-08-29 06:30:00,4,299.37465392203325,298.8705784565443
2017-08-29 06:45:00,4,299.39694522046136,298.8865017945744
2017-08-29 07:00:00,4,299.4404526323725,298.921866008672
2017-08-29 07:15:00,4,299.5111391251762,298.9774704543927
2017-08-29 07:30:00,4,299.6136117789276,299.05225234427996
2017-08-29 07:45:00,4,299.7514255089963,299.1665483358032
2017-08-29 08:00:00,4,299.92370162870935,299.3266405302663
2017-08-29 08:15:00,4,300.1210117320618,299.52275935932045
2017-08-29 08:30:00,4,300.33303264624493,299.740904516804
2017-08-29 08:45:00,4,300.5541370859203,299.9744257837382
2017-08-29 09:00:00,4,300.7814841035146,300.2263711069324
2017-08-29 09:15:00,4,301.01218078266487,300.47685313623424
2017-08-29 09:30:00,4,301.24421915841793,300.7167039989131
2017-08-29 09:45:00,4,301.4777804050562,300.95182047977744
2017-08-29 10:00:00,4,301.7141719842011,301.18798962215084
2017-08-29 10:15:00,4,301.9529262362182,301.42586454305666
2017-08-29 10:30:00,4,302.1893058010052,301.6609619818582
2017-08-29 10:45:00,4,302.4128410241192,301.8849152626671
2017-08-29 11:00:00,4,302.6121582882993,302.08863496736546
2017-08-29 11:15:00,4,302.7805194284349,302.26578599743095
2017-08-29 11:30:00,4,302.91635321096965,302.4160086819694
2017-08-29 11:45:00,4,303.0230537387559,302.5415749645266
2017-08-29 12:00:00,4,303.1058573970854,302.6460323053661
2017-08-29 12:15:00,4,303.1695890170427,302.7331536953093
2017-08-29 12:30:00,4,303.21910153071076,302.80673582872805
2017-08-29 12:45:00,4,303.2587791678708,302.8701274657899
2017-08-29 13:00:00,4,303.2908393677638,302.92515948552995
2017-08-29 13:15:00,4,303.3154520683774,302.97190508486045
2017-08-29 13:30:00,4,303.33196007213996,303.00931394065867
2017-08-29 13:45:00,4,303.3390135180055,303.0358527745535
2017-08-29 14:00:00,4,303.335392946406,303.05012500680647
2017-08-29 14:15:00,4,303.3202941930919,303.0512323569617
2017-08-29 14:30:00,4,303.2938434263964,303.03924580185975
2017-08-29 14:45:00,4,303.25789989568256,303.01557558116855
2017-08-29 15:00:00,4,303.21462041916436,302.9823239297299
2017-08-29 15:15:00,4,303.16541170339104,302.9412979865888
2017-08-29 15:30:00,4,303.11137974344297,302.8938976279474
2017-08-29 15:45:00,4,303.0541999825569,302.841597296799
2017-08-29 16:00:00,4,302.9951252209879,302.78580472440035
2017-08-29 16:15:00,4,302.93442450296624,302.7273507175981
2017-08-29 16:30:00,4,302.87188180578966,302.66644418280504
2017-08-29 16:45:00,4,302.80744041768656,302.6030466820057
2017-08-29 17:00:00,4,302.74092577934897,302.53700395025464
2017-08-29 17:15:00,4,302.6717778446524,302.46803176680817
2017-08-29 17:30:00,4,302.5999037276872,302.39630035703124
2017-08-29 17:45:00,4,302.5256169273045,302.32209947023637
2017-08-29 18:00:00,4,302.4490567462499,302.24564858333014
2017-08-29 18:15:00,4,302.3699103722865,302.1670022193749
2017-08-29 18:30:00,4,302.28745124393254,302.0855455044552
2017-08-29 18:45:00,4,302.200488961858,302.0000321914572
2017-08-29 19:00:00,4,302.10842428578854,301.9096230245399
2017-08-29 19:15:00,4,302.0138272945011,301.8153650283419
2017-08-29 19:30:00,4,301.9202505197194,301.7199847963908
2017-08-29 19:45:00,4,301.8298461347427,301.62661233136214
2017-08-29 20:00:00,4,301.743444530872,301.53594761393475
2017-08-29 20:15:00,4,301.6611297160094,301.44720694318323
2017-08-29 20:30:00,4,301.58259076343995,301.3596353746843
2017-08-29 20:45:00,4,301.5073432287564,301.27295495302604
2017-08-29 21:00:00,4,301.43496970020067,301.18729460799045
2017-08-29 21:15:00,4,301.36510262053235,301.1031020154231
2017-08-29 21:30:00,4,301.297347784877,301.0206102187527
2017-08-29 21:45:00,4,301.2312180447841,300.93957134993286
2017-08-29 22:00:00,4,301.16623403708536,300.8593368738883
2017-08-29 22:15:00,4,301.1020260881634,300.7790121079863
2017-08-29 22:30:00,4,301.038464059516,300.6979066050229
2017-08-29 22:45:00,4,300.97582669997934,300.62077357074327
2017-08-29 23:00:00,4,300.91441969648014,300.54876696589065
2017-08-29 23:15:00,4,300.85433874570805,300.4805407094443
2017-08-29 23:30:00,4,300.79572847719965,300.4147096756333
2017-08-29 23:45:00,4,300.73923784256596,300.35104501287793
2017-08-30 00:00:00,4,300.6855611707709,300.290164076691
2017-08-30 00:15:00,4,300.63502784525946,300.23271073439633
2017-08-30 00:30:00,4,300.5875772494159,300.1788540354071
2017-08-30 00:45:00,4,300.54274668828805,300.128203199805
2017-08-30 01:00:00,4,300.49994261072453,300.0800472923076
2017-08-30 01:15:00,4,300.4586702370139,300.03366558641613
2017-08-30 01:30:00,4,300.4184262258892,299.9883774083205
2017-08-30 01:45:00,4,300.37842068325483,299.94340713042993
2017-08-30 02:00:00,4,300.3379216715777,299.89794104620967
2017-08-30 02:15:00,4,300.2965614282803,299.8513853805921
2017-08-30 02:30:00,4,300.25446114680767,299.80368887866683
2017-08-30 02:45:00,4,300.2123509219036,299.75548927664573
2017-08-30 03:00:00,4,300.1710533231636,299.7078016528904
2017-08-30 03:15:00,4,300.13109568083064,299.6615234874628
2017-08-30 03:30:00,4,300.0926400952319,299.61715842728853
2017-08-30 03:45:00,4,300.05548956468687,299.57488435062805
2017-08-30 04:00:00,4,300.0194261929308,299.53478109438703
2017-08-30 04:15:00,4,299.98436170723625,299.49704072558853
2017-08-30 04:30:00,4,299.9502256709607,299.4615568670323
2017-08-30 04:45:00,4,299.9167867764471,299.4277188082934
2017-08-30 05:00:00,4,299.88373929921903,299.39460780443517
2017-08-30 05:15:00,4,299.8508465206396,299.3613645991791
2017-08-30 05:30:00,4,299.818167651205,299.32770938194375
2017-08-30 05:45:00,4,299.7888773302575,299.29641188493923
2017-08-30 06:00:00,4,299.7739899641933,299.276165943128
2017-08-30 06:15:00,4,299.78639786637416,299.2781251014769
2017-08-30 06:30:00,4,299.83218093155585,299.3076829978643
2017-08-30 06:45:00,4,299.91138910933915,299.3571108947946
2017-08-30 07:00:00,4,300.02115461164516,299.4441114228381
2017-08-30 07:15:00,4,300.1535853111668,299.5687052482352
2017-08-30 07:30:00,4,300.2990568034271,299.7163454593881
2017-08-30 07:45:00,4,300.44879448156115,299.8725253241776
2017-08-30 08:00:00,4,300.5942871888629,300.02792354334974
2017-08-30 08:15:00,4,300.726359861726,300.17700954313665
2017-08-30 08:30:00,4,300.8398807196143,300.31784624198343
2017-08-30 08:45:00,4,300.93835445105674,300.4420308972229
2017-08-30 09:00:00,4,301.0334422814948,300.5536851536331
2017-08-30 09:15:00,4,301.1457213945379,300.6682401091713
2017-08-30 09:30:00,4,301.29089141186813,300.80135695858917
2017-08-30 09:45:00,4,301.4734768673491,300.97147782526304
2017-08-30 10:00:00,4,301.68805321303336,301.17923132960743
2017-08-30 10:15:00,4,301.91960227235137,301.4087374077511
2017-08-30 10:30:00,4,302.15155449801364,301.6395659950349
2017-08-30 10:45:00,4,302.36938173768505,301.85614799325776
2017-08-30 11:00:00,4,302.5619052357044,302.0497494638846
2017-08-30 11:15:00,4,302.72265647359484,302.2163435067214
2017-08-30 11:30:00,4,302.85055295235696,302.35500106872604
2017-08-30 11:45:00,4,302.94979062051493,302.4688014439818
2017-08-30 12:00:00,4,303.0258292552561,302.56182466358126
2017-08-30 12:15:00,4,303.08295772154656,302.63763117953624
2017-08-30 12:30:00,4,303.125730998313,302.6998577541328
2017-08-30 12:45:00,4,303.15973030919855,302.7528004719917
2017-08-30 13:00:00,4,303.18913122981564,302.8002338716559
2017-08-30 13:15:00,4,303.21570751646414,302.8441611635116
2017-08-30 13:30:00,4,303.239624559056,302.884768709544
2017-08-30 13:45:00,4,303.2600219047299,302.92113444833853
2017-08-30 14:00:00,4,303.27583334839557,302.9520660269082
2017-08-30 14:15:00,4,303.28614502481895,302.9765837978162
2017-08-30 14:30:00,4,303.29023618713694,302.99398301322833
2017-08-30 14:45:00,4,303.28746720806004,303.0037139638016
2017-08-30 15:00:00,4,303.2773346862809,303.0052929033672
2017-08-30 15:15:00,4,303.2592060436433,302.9981618947413
2017-08-30 15:30:00,4,303.23284799198836,302.9820898864407
2017-08-30 15:45:00,4,303.19981791007217,302.9579200341318
2017-08-30 16:00:00,4,303.16195228832913,302.9271910067027
2017-08-30 16:15:00,4,303.1198232884285,302.89104034978516
2017-08-30 16:30:00,4,303.0731116624487,302.8496744763344
2017-08-30 16:45:00,4,303.0210873578376,302.80259968701085
2017-08-30 17:00:00,4,302.962968600767,302.7490540424901
2017-08-30 17:15:00,4,302.8978555581509,302.6882736346313
2017-08-30 17:30:00,4,302.82561314723864,302.61998886098826
2017-08-30 17:45:00,4,302.747476881579,302.54493421047954
2017-08-30 18:00:00,4,302.66483650367456,302.46443170522053
2017-08-30 18:15:00,4,302.5783454711727,302.37982332592514
2017-08-30 18:30:00,4,302.4880591840172,302.29160849929644
2017-08-30 18:45:00,4,302.393333007731,302.19924342154366
2017-08-30 19:00:00,4,302.29388377866417,302.10224354745236
2017-08-30 19:15:00,4,302.1922055125482,302.0017291817919
2017-08-30 19:30:00,4,302.09151249799095,301.90029041293604
2017-08-30 19:45:00,4,301.99357874784135,301.80092461196836
2017-08-30 20:00:00,4,301.89897153706363,301.7041264555936
2017-08-30 20:15:00,4,301.80771562903544,301.608601466967
2017-08-30 20:30:00,4,301.71993868657455,301.5125944414817
2017-08-30 20:45:00,4,301.63649052351496,301.4162697783039
2017-08-30 21:00:00,4,301.55826659055816,301.32165608816416
2017-08-30 21:15:00,4,301.4856232454941,301.23083757899195
2017-08-30 21:30:00,4,301.41813694195673,301.1447402076095
2017-08-30 21:45:00,4,301.3542411696746,301.0628357563335
2017-08-30 22:00:00,4,301.29216094831867,300.9835942300343
2017-08-30 22:15:00,4,301.23063099786344,300.90503933623006
2017-08-30 22:30:00,4,301.1690703145052,300.8276296280599
2017-08-30 22:45:00,4,301.107716116126,300.753852848344
2017-08-30 23:00:00,4,301.04695350362437,300.68392452813634
2017-08-30 23:15:00,4,300.9869184013037,300.6166221734418
2017-08-30 23:30:00,4,300.92753976679916,300.5507513555285
2017-08-30 23:45:00,4,300.8685766967329,300.48558234378805
2017-08-31 00:00:00,4,300.80969758988607,300.4205920662513
2017-08-31 00:15:00,4,300.75065404996883,300.355247252314
2017-08-31 00:30:00,4,300.691793498121,300.2894421792626
2017-08-31 00:45:00,4,300.6346973244752,300.2242774400662
2017-08-31 01:00:00,4,300.5812336516996,300.16190133487925
2017-08-31 01:15:00,4,300.5326666692953,300.1044816182916
2017-08-31 01:30:00,4,300.489288868423,300.0531424668339
2017-08-31 01:45:00,4,300.4500423502105,300.00751557191194
2017-08-31 02:00:00,4,300.4134466782851,299.9662576389952
2017-08-31 02:15:00,4,300.3783867583246,299.92791626286714
2017-08-31 02:30:00,4,300.34413170823757,299.8913962539407
2017-08-31 02:45:00,4,300.31014389165,299.85594224147405
2017-08-31 03:00:00,4,300.2760398677647,299.8211114178486
2017-08-31 03:15:00,4,300.2415935383643,299.78648823925556
2017-08-31 03:30:00,4,300.2066453505568,299.7516915552918
2017-08-31 03:45:00,4,300.17098423559594,299.71641701448095
2017-08-31 04:00:00,4,300.1344377309599,299.68044106537485
2017-08-31 04:15:00,4,300.0969335313436,299.64363152015665
2017-08-31 04:30:00,4,300.0584736792948,299.60581491138254
2017-08-31 04:45:00,4,300.0190656073729,299.56695142695065
2017-08-31 05:00:00,4,299.97866298970126,299.52702694936806
2017-08-31 05:15:00,4,299.93720607502183,299.48596108707807
2017-08-31 05:30:00,4,299.89499275086877,299.44393492128694
2017-08-31 05:45:00,4,299.85365640081966,299.40218068558517
2017-08-31 06:00:00,4,299.81788579483356,299.3649011078585
2017-08-31 06:15:00,4,299.79682922694934,299.33953301217394
2017-08-31 06:30:00,4,299.7970868637739,299.3329285582667
2017-08-31 06:45:00,4,299.81989687588384,299.347728097292
2017-08-31 07:00:00,4,299.8649351528554,299.38291344958935
2017-08-31 07:15:00,4,299.9334596606322,299.435176260648
2017-08-31 07:30:00,4,300.02601193488505,299.50608165526126
2017-08-31 07:45:00,4,300.14286284459126,299.6058555132606
2017-08-31 08:00:00,4,300.2820017019757,299.73598848661385
2017-08-31 08:15:00,4,300.43886117749,299.8905953592222
2017-08-31 08:30:00,4,300.60888746781876,300.0630026301587
2017-08-31 08:45:00,4,300.78770373898703,300.2497112766672
2017-08-31 09:00:00,4,300.9696007108639,300.4517060666395
2017-08-31 09:15:00,4,301.14730974492414,300.65318661573707
2017-08-31 09:30:00,4,301.31620241148863,300.8398274042335
2017-08-31 09:45:00,4,301.477271605916,301.0129211509446
2017-08-31 10:00:00,4,301.6331689322687,301.1779325455102
2017-08-31 10:15:00,4,301.78548288194645,301.3387006857716
2017-08-31 10:30:00,4,301.93375149440897,301.4956226323587
2017-08-31 10:45:00,4,302.07424168010874,301.64599623424874
2017-08-31 11:00:00,4,302.2029546943254,301.7858888695411
2017-08-31 11:15:00,4,302.3171584018248,301.91205479716496
2017-08-31 11:30:00,4,302.4153411063959,302.0226001514611
2017-08-31 11:45:00,4,302.4966167947365,302.11655574720265
2017-08-31 12:00:00,4,302.56065096039,302.19334061153074
2017-08-31 12:15:00,4,302.6074551844803,302.25366496085576
2017-08-31 12:30:00,4,302.6392280083863,302.29978300467195
2017-08-31 12:45:00,4,302.6607364642312,302.3352471965427
2017-08-31 13:00:00,4,302.675788692477,302.3635268219044
2017-08-31 13:15:00,4,302.68607906205864,302.38663479522813
2017-08-31 13:30:00,4,302.69235051502415,302.40525287817525
2017-08-31 13:45:00,4,302.6956726096938,302.4197956309812
2017-08-31 14:00:00,4,302.6970110810158,302.4308363117035
2017-08-31 14:15:00,4,302.6965552957567,302.43877086808686
2017-08-31 14:30:00,4,302.6942910199108,302.44368740253213
2017-08-31 14:45:00,4,302.6900620697377,302.44549747749096
2017-08-31 15:00:00,4,302.6829734621464,302.44376140246146
2017-08-31 15:15:00,4,302.6715673506169,302.4375718050419
2017-08-31 15:30:00,4,302.6548293575055,302.4259164101321
2017-08-31 15:45:00,4,302.6322208533371,302.4080466279964
2017-08-31 16:00:00,4,302.60331225799297,302.38347702538465
2017-08-31 16:15:00,4,302.5674767325226,302.3518486430897
2017-08-31 16:30:00,4,302.5241545091929,302.31260398840107
2017-08-31 16:45:00,4,302.4730122759007,302.2653004615849
2017-08-31 17:00:00,4,302.4138866801682,302.20964478495796
2017-08-31 17:15:00,4,302.34642336106054,302.14569214875416
2017-08-31 17:30:00,4,302.2709302410692,302.0738985020965
2017-08-31 17:45:00,4,302.1889729283828,301.9951354427577
2017-08-31 18:00:00,4,302.1021306176613,301.9113372195916
2017-08-31 18:15:00,4,302.01115725616995,301.8240537721613
2017-08-31 18:30:00,4,301.9159377692128,301.7342193336555
2017-08-31 18:45:00,4,301.81505646840276,301.64144512049063
2017-08-31 19:00:00,4,301.7074632232446,301.54447940103427
2017-08-31 19:15:00,4,301.59523018900717,301.44204062014217
2017-08-31 19:30:00,4,301.48180184406846,301.33013398407775
2017-08-31 19:45:00,4,301.3704250083109,301.2090550276969
2017-08-31 20:00:00,4,301.2632955854191,301.0839938602159
2017-08-31 20:15:00,4,301.16137702191287,300.9600589199577
2017-08-31 20:30:00,4,301.0647966562743,300.8395436982382
2017-08-31 20:45:00,4,300.9731987959957,300.7218234126513
2017-08-31 21:00:00,4,300.8860389437227,300.6114505354605
2017-08-31 21:15:00,4,300.8027571647133,300.5110636779625
2017-08-31 21:30:00,4,300.72291217041436,300.4187933171523
2017-08-31 21:45:00,4,300.6463471083146,300.3318193421328
2017-08-31 22:00:00,4,300.5730166650285,300.2486956890697
2017-08-31 22:15:00,4,300.50280016902803,300.1692106369614
2017-08-31 22:30:00,4,300.4355303132533,300.09348645825963
2017-08-31 22:45:00,4,300.37111553963217,300.02152447232095
2017-08-31 23:00:00,4,300.3094736049524,299.95318503583536
2017-08-31 23:15:00,4,300.250445983827,299.88825761128817
2017-08-31 23:30:00,4,300.193900496233,299.8265310200273
2017-08-31 23:45:00,4,300.13990028022425,299.76785343987046
2017-09-01 00:00:00,4,300.08846741148045,299.71207601222284
