time,zone,T_model,T_ep
2017-08-01 00:15:00,1,300.72883558054303,298.99835892826786
2017-08-01 00:30:00,1,300.6560843955166,298.92947968824234
2017-08-01 00:45:00,1,300.5863190991594,298.8637063608523
2017-08-01 01:00:00,1,300.51797947347364,298.79962980130796
2017-08-01 01:15:00,1,300.44993092184393,298.73587937462827
2017-08-01 01:30:00,1,300.38157101264113,298.6715928962256
2017-08-01 01:45:00,1,300.31285740892656,298.6065709301641
2017-08-01 02:00:00,1,300.2440031954692,298.54102996539297
2017-08-01 02:15:00,1,300.1752091332415,298.47526392398555
2017-08-01 02:30:00,1,300.10679492788455,298.409693679531
2017-08-01 02:45:00,1,300.03961042267184,298.3451969831565
2017-08-01 03:00:00,1,299.9747092995861,298.2830051234132
2017-08-01 03:15:00,1,299.91286575432224,298.22421449119116
2017-08-01 03:30:00,1,299.85436605713704,298.1692850432114
2017-08-01 03:45:00,1,299.79881079635607,298.1177992265056
2017-08-01 04:00:00,1,299.74547377024334,298.0687675247065
2017-08-01 04:15:00,1,299.6937562139188,298.02122486106975
2017-08-01 04:30:00,1,299.64335206878064,297.97464971924836
2017-08-01 04:45:00,1,299.59421298967624,297.92900383770046
2017-08-01 05:00:00,1,299.5463824727158,297.88449223176576
2017-08-01 05:15:00,1,299.4999056841753,297.8413353493437
2017-08-01 05:30:00,1,299.4554447561494,297.8003526620832
2017-08-01 05:45:00,1,299.41551950799834,297.7638155952024
2017-08-01 06:00:00,1,299.38277047919445,297.734328478767
2017-08-01 06:15:00,1,299.35901843025454,297.7140049681892
2017-08-01 06:30:00,1,299.34563971115466,297.70410920857813
2017-08-01 06:45:00,1,299.34451114854346,297.7058564775482
2017-08-01 07:00:00,1,299.3574253262341,297.7203298584556
2017-08-01 07:15:00,1,299.38477272542474,297.7475049623813
2017-08-01 07:30:00,1,299.42588692947425,297.78564708555143
2017-08-01 07:45:00,1,299.4798995564556,297.83299812582413
2017-08-01 08:00:00,1,299.54582056298483,297.88806580599874
2017-08-01 08:15:00,1,299.62312540537107,297.948766160971
2017-08-01 08:30:00,1,299.7121550044375,298.0128713564
2017-08-01 08:45:00,1,299.8139798231249,298.0871094083599
2017-08-01 09:00:00,1,299.9293924166923,298.17524268482657
2017-08-01 09:15:00,1,300.05817917064337,298.2758585147061
2017-08-01 09:30:00,1,300.19887304534797,298.38614754915966
2017-08-01 09:45:00,1,300.3491277044252,298.5106129566209
2017-08-01 10:00:00,1,300.50647203579666,298.65076218311657
2017-08-01 10:15:00,1,300.6685886737436,298.8100281121578
2017-08-01 10:30:00,1,300.83358181180876,298.9795926183897
2017-08-01 10:45:00,1,301.0003351556061,299.14965129087796
2017-08-01 11:00:00,1,301.1681440018601,299.31671053889255
2017-08-01 11:15:00,1,301.3361559341613,299.4813392871498
2017-08-01 11:30:00,1,301.50325877676664,299.644387335203
2017-08-01 11:45:00,1,301.66797122613366,299.805617077002
2017-08-01 12:00:00,1,301.8287408381024,299.9634718069191
2017-08-01 12:15:00,1,301.98430310909214,300.11633894581274
2017-08-01 12:30:00,1,302.135134672694,300.2642300339767
2017-08-01 12:45:00,1,302.2854531280621,300.4100336251434
2017-08-01 13:00:00,1,302.43992733936676,300.55840440785494
2017-08-01 13:15:00,1,302.60080324988127,300.71311341337145
2017-08-01 13:30:00,1,302.7675746102382,300.87473945992446
2017-08-01 13:45:00,1,302.93653750410886,301.0399573488577
2017-08-01 14:00:00,1,303.10282972129386,301.20346997539167
2017-08-01 14:15:00,1,303.2623094394179,301.36059634576577
2017-08-01 14:30:00,1,303.41206570151843,301.5084094357521
2017-08-01 14:45:00,1,303.5503739124438,301.64550654267197
2017-08-01 15:00:00,1,303.67617388661324,301.7715243163942
2017-08-01 15:15:00,1,303.78847953765063,301.8865026392082
2017-08-01 15:30:00,1,303.886503621686,301.99009385185616
2017-08-01 15:45:00,1,303.97003000156104,302.0817516012094
2017-08-01 16:00:00,1,304.039167704344,302.160995785492
2017-08-01 16:15:00,1,304.09319049845305,302.2264262388555
2017-08-01 16:30:00,1,304.131275567687,302.2761446995463
2017-08-01 16:45:00,1,304.1537204123245,302.3100884390055
2017-08-01 17:00:00,1,304.1617258942794,302.3300339691049
2017-08-01 17:15:00,1,304.155979121857,302.33755377161674
2017-08-01 17:30:00,1,304.13664502254824,302.3331097915717
2017-08-01 17:45:00,1,304.10377898412264,302.31647595429524
2017-08-01 18:00:00,1,304.0566828146698,302.2864008708764
2017-08-01 18:15:00,1,303.9924066967301,302.23997307627616
2017-08-01 18:30:00,1,303.90785622454524,302.1738871307289
2017-08-01 18:45:00,1,303.8012334403463,302.08592802180414
2017-08-01 19:00:00,1,303.6689254120068,301.97160284300844
2017-08-01 19:15:00,1,303.5040330524205,301.82576218809015
2017-08-01 19:30:00,1,303.3125053525365,301.6526454082953
2017-08-01 19:45:00,1,303.10923701520016,301.4655444871762
2017-08-01 20:00:00,1,302.9062899784389,301.27808057822944
2017-08-01 20:15:00,1,302.7104103253447,301.09835633289237
2017-08-01 20:30:00,1,302.524529427058,300.93040237115906
2017-08-01 20:45:00,1,302.3493451531217,300.7742893230883
2017-08-01 21:00:00,1,302.1844477638033,300.6276710258663
2017-08-01 21:15:00,1,302.02900429464444,300.48922637275876
2017-08-01 21:30:00,1,301.88221273942963,300.35821784515133
2017-08-01 21:45:00,1,301.7437231877932,300.23088878499806
2017-08-01 22:00:00,1,301.61335923285696,300.10624117119437
2017-08-01 22:15:00,1,301.49077898311776,299.9852533451923
2017-08-01 22:30:00,1,301.3754745740714,299.8688980950586
2017-08-01 22:45:00,1,301.26686728372067,299.75725575220997
2017-08-01 23:00:00,1,301.16436117484596,299.64958562001226
2017-08-01 23:15:00,1,301.0673728729751,299.5447321779069
2017-08-01 23:30:00,1,300.9754549428688,299.4492626033938
2017-08-01 23:45:00,1,300.8885150954573,299.3636494247601
2017-08-02 00:00:00,1,300.8065690056094,299.2852435880654
2017-08-02 00:15:00,1,300.72948694501326,299.21193510338094
2017-08-02 00:30:00,1,300.6569717243433,299.1429687303856
2017-08-02 00:45:00,1,300.5885735775875,299.0781405632129
2017-08-02 01:00:00,1,300.5238006042788,299.01713285343845
2017-08-02 01:15:00,1,300.46220619135966,298.9594406265452
2017-08-02 01:30:00,1,300.40322204719746,298.9043651850082
2017-08-02 01:45:00,1,300.3457689662001,298.8508841351942
2017-08-02 02:00:00,1,300.2886736471945,298.79782377815184
2017-08-02 02:15:00,1,300.23112438127606,298.74423561063065
2017-08-02 02:30:00,1,300.17291027890474,298.6898396076355
2017-08-02 02:45:00,1,300.1148152403689,298.635308638418
2017-08-02 03:00:00,1,300.0579794057152,298.5818757608529
2017-08-02 03:15:00,1,300.0032079705825,298.53061350382796
2017-08-02 03:30:00,1,299.95076332505494,298.48192114821546
2017-08-02 03:45:00,1,299.9001782290045,298.4353407443998
2017-08-02 04:00:00,1,299.8506532103429,298.3898738232612
2017-08-02 04:15:00,1,299.80154677295155,298.3445601227517
2017-08-02 04:30:00,1,299.75252708522584,298.29884144811615
2017-08-02 04:45:00,1,299.7034150604665,298.25257465925984
2017-08-02 05:00:00,1,299.6540797497463,298.2058459488588
2017-08-02 05:15:00,1,299.6044668907429,298.15881767153945
2017-08-02 05:30:00,1,299.5553893940593,298.1124987561818
2017-08-02 05:45:00,1,299.5101088903587,298.0697964977688
2017-08-02 06:00:00,1,299.47228291906157,298.03421779123687
2017-08-02 06:15:00,1,299.44474191549074,298.0089782091674
2017-08-02 06:30:00,1,299.4297143004949,297.9967904914112
2017-08-02 06:45:00,1,299.4293455360913,297.9997075956909
2017-08-02 07:00:00,1,299.445448442185,298.0192237447806
2017-08-02 07:15:00,1,299.4785508948069,298.05538368195835
2017-08-02 07:30:00,1,299.52828913057596,298.1056099141743
2017-08-02 07:45:00,1,299.5946356975408,298.167552150271
2017-08-02 08:00:00,1,299.67813953525905,298.2391086698061
2017-08-02 08:15:00,1,299.779243148466,298.31540521468787
2017-08-02 08:30:00,1,299.8979461866915,298.40391605204877
2017-08-02 08:45:00,1,300.03290408668045,298.50797628018535
2017-08-02 09:00:00,1,300.18123201816996,298.6221667225584
2017-08-02 09:15:00,1,300.3392849969961,298.75038528682813
2017-08-02 09:30:00,1,300.5039884903914,298.8934362757263
2017-08-02 09:45:00,1,300.6738581230839,299.05251235781026
2017-08-02 10:00:00,1,300.84830195182997,299.2287241293003
2017-08-02 10:15:00,1,301.02648813614206,299.4112769175858
2017-08-02 10:30:00,1,301.2072801716288,299.5929774260385
2017-08-02 10:45:00,1,301.38962076240415,299.77272688196103
2017-08-02 11:00:00,1,301.57258405753754,299.95170615332756
2017-08-02 11:15:00,1,301.7551449082019,300.1302351687655
2017-08-02 11:30:00,1,301.9359678755781,300.3071298576848
2017-08-02 11:45:00,1,302.11295969875215,300.48022018331636
2017-08-02 12:00:00,1,302.2838622071398,300.64724554591425
2017-08-02 12:15:00,1,302.4469549252088,300.80657376551125
2017-08-02 12:30:00,1,302.6016150201285,300.95740041658865
2017-08-02 12:45:00,1,302.74825128384254,301.09937046663396
2017-08-02 13:00:00,1,302.8869826350365,301.23227298795507
2017-08-02 13:15:00,1,303.0171282483261,301.3559611343077
2017-08-02 13:30:00,1,303.1382241007181,301.4708759025451
2017-08-02 13:45:00,1,303.25153528972703,301.5787018567461
2017-08-02 14:00:00,1,303.35876240048077,301.6814903437956
2017-08-02 14:15:00,1,303.46046949609047,301.77974279503366
2017-08-02 14:30:00,1,303.55647490620873,301.87233670169906
2017-08-02 14:45:00,1,303.64697933304586,301.9589130409068
2017-08-02 15:00:00,1,303.73238886950014,302.0404161833302
2017-08-02 15:15:00,1,303.8118365000403,302.11733526251203
2017-08-02 15:30:00,1,303.883735803645,302.18946001017315
2017-08-02 15:45:00,1,303.9467164724589,302.2564945702217
2017-08-02 16:00:00,1,303.99959355554023,302.31729549825445
2017-08-02 16:15:00,1,304.04093170391917,302.3696891418719
2017-08-02 16:30:00,1,304.0695370476835,302.41157056419036
2017-08-02 16:45:00,1,304.0849463434649,302.4418628123242
2017-08-02 17:00:00,1,304.0874435063886,302.46026881194376
2017-08-02 17:15:00,1,304.07684504342814,302.46584924501815
2017-08-02 17:30:00,1,304.0522573365555,302.45655019794054
2017-08-02 17:45:00,1,304.0120584555734,302.43037052517343
2017-08-02 18:00:00,1,303.954173622524,302.38556589843654
2017-08-02 18:15:00,1,303.87548945246544,302.32015612466535
2017-08-02 18:30:00,1,303.7743636850111,302.23310899016275
2017-08-02 18:45:00,1,303.65119978220866,302.1249807117979
2017-08-02 19:00:00,1,303.5048097381303,301.9948434886722
2017-08-02 19:15:00,1,303.3316319242916,301.84011818586947
2017-08-02 19:30:00,1,303.1375523131321,301.66522676305067
2017-08-02 19:45:00,1,302.9350703431899,301.4809646727539
2017-08-02 20:00:00,1,302.7342380948904,301.2978245041099
2017-08-02 20:15:00,1,302.54057372270483,301.1222699126971
2017-08-02 20:30:00,1,302.3565861601996,300.9558990464076
2017-08-02 20:45:00,1,302.1836244746086,300.7999667277471
2017-08-02 21:00:00,1,302.0223316922317,300.65581527038216
2017-08-02 21:15:00,1,301.87261780791243,300.51871281399696
2017-08-02 21:30:00,1,301.7338203019937,300.386841044966
2017-08-02 21:45:00,1,301.6048198133899,300.26057809326664
2017-08-02 22:00:00,1,301.4843599257949,300.14027575421886
2017-08-02 22:15:00,1,301.37131441040964,300.025381563178
2017-08-02 22:30:00,1,301.2648551938503,299.9147884201498
2017-08-02 22:45:00,1,301.16466601792814,299.80688124883517
2017-08-02 23:00:00,1,301.0706255191905,299.7096314375453
2017-08-02 23:15:00,1,300.9824891385633,299.6234657604797
2017-08-02 23:30:00,1,300.8997640729561,299.54499647567974
2017-08-02 23:45:00,1,300.8215507051837,299.4712370960067
2017-08-03 00:00:00,1,300.7468658966588,299.40072760541625
2017-08-03 00:15:00,1,300.6749449696749,299.33289330271447
2017-08-03 00:30:00,1,300.6052657638009,299.2673791907916
2017-08-03 00:45:00,1,300.53751263493785,299.20385080327475
2017-08-03 01:00:00,1,300.47147922322665,299.14202760055235
2017-08-03 01:15:00,1,300.4069907647192,299.08170970068284
2017-08-03 01:30:00,1,300.3438955830318,299.0227512351567
2017-08-03 01:45:00,1,300.2820513900958,298.9649651301119
2017-08-03 02:00:00,1,300.22123685499463,298.9080067727957
2017-08-03 02:15:00,1,300.1611757390925,298.85143279351155
2017-08-03 02:30:00,1,300.10181880167346,298.79507371267323
2017-08-03 02:45:00,1,300.04376174941166,298.739448439921
2017-08-03 03:00:00,1,299.9879040449973,298.6856440106278
2017-08-03 03:15:00,1,299.93494783966713,298.6347693083378
2017-08-03 03:30:00,1,299.8851388097829,298.5873577575515
2017-08-03 03:45:00,1,299.83801082228644,298.54304055529343
2017-08-03 04:00:00,1,299.7927675118643,298.5008466476252
2017-08-03 04:15:00,1,299.7487706323464,298.4598445020185
2017-08-03 04:30:00,1,299.70571054874017,298.4195586832065
2017-08-03 04:45:00,1,299.6635723255449,298.37997573944125
2017-08-03 05:00:00,1,299.6224427912019,298.3414360033904
2017-08-03 05:15:00,1,299.5823988531716,298.30411426083606
2017-08-03 05:30:00,1,299.5441140349691,298.2686700186539
2017-08-03 05:45:00,1,299.51008398393157,298.2370658163535
2017-08-03 06:00:00,1,299.4828972897908,298.21178647921863
2017-08-03 06:15:00,1,299.46447165894546,298.1951728977116
2017-08-03 06:30:00,1,299.45700576000974,298.1895720316635
2017-08-03 06:45:00,1,299.4639603515197,298.1976398832678
2017-08-03 07:00:00,1,299.4880934713781,298.22127803678603
2017-08-03 07:15:00,1,299.5296345645622,298.25977737941
2017-08-03 07:30:00,1,299.58697624102666,298.31019187029085
2017-08-03 07:45:00,1,299.6580332840607,298.3696867306253
2017-08-03 08:00:00,1,299.7414716306732,298.4361136189885
2017-08-03 08:15:00,1,299.83728392492765,298.5042164303664
2017-08-03 08:30:00,1,299.9460890873214,298.58133056070415
2017-08-03 08:45:00,1,300.0668642437068,298.6714807714528
2017-08-03 09:00:00,1,300.19634862193675,298.77213999345423
2017-08-03 09:15:00,1,300.3305862713917,298.8781464988108
2017-08-03 09:30:00,1,300.467111972971,298.99175861469166
2017-08-03 09:45:00,1,300.6073134715198,299.1160763878202
2017-08-03 10:00:00,1,300.7544220003571,299.25775642985064
2017-08-03 10:15:00,1,300.9106840291792,299.41634658349165
2017-08-03 10:30:00,1,301.0764451787751,299.5848438875413
2017-08-03 10:45:00,1,301.24932353961174,299.75750475555236
2017-08-03 11:00:00,1,301.42562129295266,299.9307729506687
2017-08-03 11:15:00,1,301.6019136651995,300.10294091061223
2017-08-03 11:30:00,1,301.77508433301995,300.2718429791539
2017-08-03 11:45:00,1,301.94134435949104,300.4342430950164
2017-08-03 12:00:00,1,302.0971763328535,300.5866608659127
2017-08-03 12:15:00,1,302.2404217194711,300.7266768285959
2017-08-03 12:30:00,1,302.37196781128785,300.8547762245718
2017-08-03 12:45:00,1,302.49812120707264,300.97567597849263
2017-08-03 13:00:00,1,302.6259407815705,301.0963773405073
2017-08-03 13:15:00,1,302.75922497619644,301.2225214021031
2017-08-03 13:30:00,1,302.8987609792814,301.35632056304405
2017-08-03 13:45:00,1,303.0434298170438,301.49702742682905
2017-08-03 14:00:00,1,303.19138244439426,301.6424876329328
2017-08-03 14:15:00,1,303.340506305679,301.7902565346227
2017-08-03 14:30:00,1,303.48858315828005,301.9378967131371
2017-08-03 14:45:00,1,303.63283015270594,302.08260570561004
2017-08-03 15:00:00,1,303.7697000658685,302.22103463814693
2017-08-03 15:15:00,1,303.8957038882429,302.3498803547065
2017-08-03 15:30:00,1,304.0081019143945,302.46651003538983
2017-08-03 15:45:00,1,304.10462915307284,302.56895753599395
2017-08-03 16:00:00,1,304.1835762250596,302.6557526710489
2017-08-03 16:15:00,1,304.2435945026912,302.7253608286814
2017-08-03 16:30:00,1,304.284037573486,302.77644850284236
2017-08-03 16:45:00,1,304.30561143666455,302.80932081668044
2017-08-03 17:00:00,1,304.3098789354234,302.82560758575175
2017-08-03 17:15:00,1,304.2975667503574,302.8264512705765
2017-08-03 17:30:00,1,304.26867923749387,302.8118898724136
2017-08-03 17:45:00,1,304.22296247500685,302.78131972812434
2017-08-03 18:00:00,1,304.1595357347127,302.73360029106175
2017-08-03 18:15:00,1,304.0766240427496,302.667110130817
2017-08-03 18:30:00,1,303.9729610421382,302.58083339096885
2017-08-03 18:45:00,1,303.8480559941599,302.4744049039234
2017-08-03 19:00:00,1,303.7002725300903,302.3459199125499
2017-08-03 19:15:00,1,303.52837637585236,302.1943336298562
2017-08-03 19:30:00,1,303.3394192796121,302.0249668864848
2017-08-03 19:45:00,1,303.1444497510412,301.8478181666186
2017-08-03 20:00:00,1,302.9515199956508,301.6717018815337
2017-08-03 20:15:00,1,302.7647547448131,301.5018913238807
2017-08-03 20:30:00,1,302.58595450013854,301.3414174587566
2017-08-03 20:45:00,1,302.4162851684148,301.1928458673165
2017-08-03 21:00:00,1,302.25644828819975,301.0523079103519
2017-08-03 21:15:00,1,302.1064856050369,300.9187753904486
2017-08-03 21:30:00,1,301.9660781151082,300.79028331306745
2017-08-03 21:45:00,1,301.83504127487697,300.66586333447407
2017-08-03 22:00:00,1,301.7132034500855,300.5463708891444
2017-08-03 22:15:00,1,301.6001489698053,300.4329430941181
2017-08-03 22:30:00,1,301.4951413104291,300.3258695372452
2017-08-03 22:45:00,1,301.3970293140708,300.2243928097883
2017-08-03 23:00:00,1,301.30456943895376,300.1270851281026
2017-08-03 23:15:00,1,301.21673536316916,300.0318294314171
2017-08-03 23:30:00,1,301.13282536647824,299.9433995188872
2017-08-03 23:45:00,1,301.0525444103156,299.86281793645884
2017-08-04 00:00:00,1,300.97571845517723,299.78806936672913
2017-08-04 00:15:00,1,300.9020675928607,299.7169982355652
2017-08-04 00:30:00,1,300.83125690477925,299.64850780168064
2017-08-04 00:45:00,1,300.76306614096984,299.582302287093
2017-08-04 01:00:00,1,300.6973711907068,299.5183258508426
2017-08-04 01:15:00,1,300.6340819752707,299.4565017521988
2017-08-04 01:30:00,1,300.5732051358238,299.3968205718035
2017-08-04 01:45:00,1,300.5148814106167,299.3394537994925
2017-08-04 02:00:00,1,300.4592427931034,299.2846726340085
2017-08-04 02:15:00,1,300.40631664817454,299.2326771905524
2017-08-04 02:30:00,1,300.356024317016,299.1834915366463
2017-08-04 02:45:00,1,300.3081965386755,299.1369833679407
2017-08-04 03:00:00,1,300.26262084942294,299.09294060506863
2017-08-04 03:15:00,1,300.2190854401104,299.0511379752261
2017-08-04 03:30:00,1,300.1773965282028,299.01137142410283
2017-08-04 03:45:00,1,300.1373888910755,298.97360470979527
2017-08-04 04:00:00,1,300.09892710193276,298.93767753198875
2017-08-04 04:15:00,1,300.0618976372926,298.9033822186713
2017-08-04 04:30:00,1,300.026262220427,298.87056443897103
2017-08-04 04:45:00,1,299.99221785968115,298.8393891059432
2017-08-04 05:00:00,1,299.96009632647514,298.8102479820939
2017-08-04 05:15:00,1,299.9301594446434,298.78351982396833
2017-08-04 05:30:00,1,299.90256407447123,298.75941687914906
2017-08-04 05:45:00,1,299.87736142812156,298.73784899161444
2017-08-04 06:00:00,1,299.85461293633085,298.71871183604895
2017-08-04 06:15:00,1,299.8355618333153,298.7027339834573
2017-08-04 06:30:00,1,299.82238303175666,298.6917363305917
2017-08-04 06:45:00,1,299.8172934384511,298.6880596947543
2017-08-04 07:00:00,1,299.8224057296608,298.69425561524906
2017-08-04 07:15:00,1,299.84075668073723,298.71311913365446
2017-08-04 07:30:00,1,299.875773730536,298.7477888599615
2017-08-04 07:45:00,1,299.9305169061373,298.8004319865835
2017-08-04 08:00:00,1,300.00667964847764,298.8707188732235
2017-08-04 08:15:00,1,300.10365989456193,298.95498232461654
2017-08-04 08:30:00,1,300.2198273892123,299.03980340093415
2017-08-04 08:45:00,1,300.353312945258,299.1360823049857
2017-08-04 09:00:00,1,300.5017178414965,299.255220493877
2017-08-04 09:15:00,1,300.66066522401456,299.39682516413814
2017-08-04 09:30:00,1,300.82466867985903,299.55559064175674
2017-08-04 09:45:00,1,300.9889243156326,299.7264796326873
2017-08-04 10:00:00,1,301.14996601293024,299.89501549326275
2017-08-04 10:15:00,1,301.3060232056759,300.0538711435776
2017-08-04 10:30:00,1,301.4564386117161,300.20335836809954
2017-08-04 10:45:00,1,301.60090779118207,300.3458989129408
2017-08-04 11:00:00,1,301.73884709728304,300.482332407359
2017-08-04 11:15:00,1,301.8687821245561,300.61156226145664
2017-08-04 11:30:00,1,301.98943794121857,300.7320878137314
2017-08-04 11:45:00,1,302.10022673796,300.8431036696195
2017-08-04 12:00:00,1,302.20133208130864,300.94477727141634
2017-08-04 12:15:00,1,302.2941792909701,301.0383594381355
2017-08-04 12:30:00,1,302.38073038127595,301.1256043893587
2017-08-04 12:45:00,1,302.4626179939436,301.2079737579289
2017-08-04 13:00:00,1,302.54222872348805,301.28729406369024
2017-08-04 13:15:00,1,302.6243971609427,301.36694387727556
2017-08-04 13:30:00,1,302.71459005676786,301.45170636723316
2017-08-04 13:45:00,1,302.8177052404608,301.5466284019735
2017-08-04 14:00:00,1,302.93545036480435,301.65429145982904
2017-08-04 14:15:00,1,303.0636902825889,301.7724972633081
2017-08-04 14:30:00,1,303.19564303968156,301.89535673751243
2017-08-04 14:45:00,1,303.3248625291322,302.0162856010843
2017-08-04 15:00:00,1,303.44640763264874,302.130238464501
2017-08-04 15:15:00,1,303.5568557411065,302.2341892956884
2017-08-04 15:30:00,1,303.65431878506286,302.32685551622916
2017-08-04 15:45:00,1,303.73827757942627,302.4081406606597
2017-08-04 16:00:00,1,303.80858735838433,302.4781524593694
2017-08-04 16:15:00,1,303.8644885944353,302.53642076177306
2017-08-04 16:30:00,1,303.90509899510965,302.5819688667859
2017-08-04 16:45:00,1,303.93015836742785,302.614408651133
2017-08-04 17:00:00,1,303.94015077289066,302.63391324135813
2017-08-04 17:15:00,1,303.93511397437925,302.64022468656543
2017-08-04 17:30:00,1,303.91454984966987,302.6324656251031
2017-08-04 17:45:00,1,303.8779693439517,302.6098827649726
2017-08-04 18:00:00,1,303.8253508678986,302.57200976676353
2017-08-04 18:15:00,1,303.7555454963002,302.51785185752334
2017-08-04 18:30:00,1,303.66714996530226,302.44605878773893
2017-08-04 18:45:00,1,303.55909407104696,302.3551405247454
2017-08-04 19:00:00,1,303.42913919293676,302.2425423773682
2017-08-04 19:15:00,1,303.2759376655289,302.1074278973576
2017-08-04 19:30:00,1,303.1063876654963,301.9554256133077
2017-08-04 19:45:00,1,302.9310431975497,301.79649870279195
2017-08-04 20:00:00,1,302.7574482960729,301.63936815388587
2017-08-04 20:15:00,1,302.5894107347411,301.48910001604884
2017-08-04 20:30:00,1,302.42853684955884,301.3464574252247
2017-08-04 20:45:00,1,302.27581141441755,301.21045407360185
2017-08-04 21:00:00,1,302.1318517582694,301.0806147389609
2017-08-04 21:15:00,1,301.9967370820911,300.95789396219317
2017-08-04 21:30:00,1,301.8700963615887,300.84084491953564
2017-08-04 21:45:00,1,301.7512301158637,300.7277889690842
2017-08-04 22:00:00,1,301.63932017833906,300.61824416838664
2017-08-04 22:15:00,1,301.533581461679,300.5122674691578
2017-08-04 22:30:00,1,301.4334881021834,300.4098904991245
2017-08-04 22:45:00,1,301.33916309486403,300.3111475983056
2017-08-04 23:00:00,1,301.25092620710274,300.21572867731027
2017-08-04 23:15:00,1,301.1688241134415,300.1284874439987
2017-08-04 23:30:00,1,301.09249440717576,300.0512875805613
2017-08-04 23:45:00,1,301.0210072011766,299.9819802199119
2017-08-05 00:00:00,1,300.9532770345436,299.91752767689877
2017-08-05 00:15:00,1,300.8884528764971,299.8559895213268
2017-08-05 00:30:00,1,300.8260233724971,299.7966949584919
2017-08-05 00:45:00,1,300.7658869188184,299.7396519873003
2017-08-05 01:00:00,1,300.7080752786623,299.684980232318
2017-08-05 01:15:00,1,300.65252544935026,299.6326422529102
2017-08-05 01:30:00,1,300.59902078696837,299.58236723380844
2017-08-05 01:45:00,1,300.54711412490093,299.53364312366494
2017-08-05 02:00:00,1,300.4962699066606,299.4858080921875
2017-08-05 02:15:00,1,300.4460548469869,299.43823170744696
2017-08-05 02:30:00,1,300.3962938691746,299.39059411745086
2017-08-05 02:45:00,1,300.34723594643015,299.34317094596247
2017-08-05 03:00:00,1,300.29937896635863,299.2967477626073
2017-08-05 03:15:00,1,300.25314850679143,299.25217817237274
2017-08-05 03:30:00,1,300.20874307851597,299.2099680442536
2017-08-05 03:45:00,1,300.1660985768052,299.1702449681985
2017-08-05 04:00:00,1,300.1249837146603,299.1326102022181
2017-08-05 04:15:00,1,300.0851351299366,299.0964912085742
2017-08-05 04:30:00,1,300.0462902375717,299.0614021763871
2017-08-05 04:45:00,1,300.00812837936485,299.0268757228769
2017-08-05 05:00:00,1,299.9703406046991,298.9924404178629
2017-08-05 05:15:00,1,299.9327570780297,298.957774772494
2017-08-05 05:30:00,1,299.8960433170692,298.92347675360503
2017-08-05 05:45:00,1,299.86286104744966,298.8917657364142
2017-08-05 06:00:00,1,299.8360109242821,298.86565614429884
2017-08-05 06:15:00,1,299.8176801886765,298.8478669068566
2017-08-05 06:30:00,1,299.8099893120401,298.84085031784906
2017-08-05 06:45:00,1,299.8154028962195,298.8472603181892
2017-08-05 07:00:00,1,299.8363078161952,298.8694787738373
2017-08-05 07:15:00,1,299.87341474817606,298.9071818987815
2017-08-05 07:30:00,1,299.9261236740491,298.95821808642427
2017-08-05 07:45:00,1,299.9936664938947,299.0196911632708
2017-08-05 08:00:00,1,300.0752550558723,299.0875184624738
2017-08-05 08:15:00,1,300.1702118220362,299.15826069641633
2017-08-05 08:30:00,1,300.27829484480895,299.2380822729925
2017-08-05 08:45:00,1,300.39957420404363,299.3291520641584
2017-08-05 09:00:00,1,300.53332912542606,299.4337108084863
2017-08-05 09:15:00,1,300.6777900075762,299.5545777730283
2017-08-05 09:30:00,1,300.8308631169058,299.6942127082468
2017-08-05 09:45:00,1,300.99067572164773,299.85474982077665
2017-08-05 10:00:00,1,301.1555534435458,300.02418251997904
2017-08-05 10:15:00,1,301.3236973896116,300.19341963833386
2017-08-05 10:30:00,1,301.4931923585936,300.359865983339
2017-08-05 10:45:00,1,301.662059059716,300.5237517117875
2017-08-05 11:00:00,1,301.8284940558859,300.68485370828955
2017-08-05 11:15:00,1,301.99090375901534,300.84191170645937
2017-08-05 11:30:00,1,302.14793084127984,300.99335678864486
2017-08-05 11:45:00,1,302.2983981617733,301.13792051226363
2017-08-05 12:00:00,1,302.4413329793544,301.2748080247835
2017-08-05 12:15:00,1,302.57605771280805,301.4036704050464
2017-08-05 12:30:00,1,302.70325560002806,301.5252103449577
2017-08-05 12:45:00,1,302.8262995196092,301.6418577865844
2017-08-05 13:00:00,1,302.9486536847922,301.75689593207454
2017-08-05 13:15:00,1,303.07180296516594,301.8727802268375
2017-08-05 13:30:00,1,303.1956981649355,301.99034895140886
2017-08-05 13:45:00,1,303.3196493158668,302.10923587818405
2017-08-05 14:00:00,1,303.44257678491255,302.22841809489813
2017-08-05 14:15:00,1,303.5629512969102,302.3460361834987
2017-08-05 14:30:00,1,303.67873915335633,302.45960609268974
2017-08-05 14:45:00,1,303.78695151743284,302.56679544949174
2017-08-05 15:00:00,1,303.8845943008247,302.6653369616105
2017-08-05 15:15:00,1,303.96949748714775,302.7531876785323
2017-08-05 15:30:00,1,304.0411584286219,302.8295876801063
2017-08-05 15:45:00,1,304.10097050114024,302.8947999183644
2017-08-05 16:00:00,1,304.1504691858964,302.9489842747107
2017-08-05 16:15:00,1,304.1898738859736,302.99245843108986
2017-08-05 16:30:00,1,304.21841653902845,303.0259146111358
2017-08-05 16:45:00,1,304.2349076202291,303.049443293208
2017-08-05 17:00:00,1,304.2387638849725,303.06308926142117
2017-08-05 17:15:00,1,304.22941059976876,303.066949322627
2017-08-05 17:30:00,1,304.20628576985644,303.0601842327429
2017-08-05 17:45:00,1,304.16920901950255,303.04127551614465
2017-08-05 18:00:00,1,304.1176304845596,303.00824235898307
2017-08-05 18:15:00,1,304.049144843279,302.9583071930615
2017-08-05 18:30:00,1,303.9611828759601,302.8886657212039
2017-08-05 18:45:00,1,303.8519333907216,302.79726086546304
2017-08-05 19:00:00,1,303.7184439606082,302.6806750015741
2017-08-05 19:15:00,1,303.5565256170198,302.53614359225077
2017-08-05 19:30:00,1,303.3725892181722,302.3686886325044
2017-08-05 19:45:00,1,303.1800931575557,302.1906209794154
2017-08-05 20:00:00,1,302.9897994197212,302.014003256375
2017-08-05 20:15:00,1,302.8075812341306,301.8460217045315
2017-08-05 20:30:00,1,302.63584198882666,301.6884853658681
2017-08-05 20:45:00,1,302.474998244052,301.5413563937104
2017-08-05 21:00:00,1,302.32454296346475,301.4038126774505
2017-08-05 21:15:00,1,302.18363539768274,301.27594855087165
2017-08-05 21:30:00,1,302.05136971520636,301.15392312862605
2017-08-05 21:45:00,1,301.92690117552513,301.03524224360774
2017-08-05 22:00:00,1,301.8094004395608,300.9195698621903
2017-08-05 22:15:00,1,301.69804220278155,300.80723550569616
2017-08-05 22:30:00,1,301.5922377299224,300.69832574925823
2017-08-05 22:45:00,1,301.4920962920833,300.5927818387235
2017-08-05 23:00:00,1,301.3980020593349,300.4902119268454
2017-08-05 23:15:00,1,301.3100916939614,300.3958465597847
2017-08-05 23:30:00,1,301.2280975719159,300.31193063042826
2017-08-05 23:45:00,1,301.1512180873733,300.236360397596
2017-08-06 00:00:00,1,301.0784801657654,300.1660512573924
2017-08-06 00:15:00,1,301.0090882885611,300.0990877657
2017-08-06 00:30:00,1,300.9425467581274,300.0348455803698
2017-08-06 00:45:00,1,300.878773749234,299.9733580585292
2017-08-06 01:00:00,1,300.8178411535985,299.91475873346633
2017-08-06 01:15:00,1,300.75972740038895,299.85902662012955
2017-08-06 01:30:00,1,300.7041409592078,299.8058193303645
2017-08-06 01:45:00,1,300.65021921774564,299.7543365885163
2017-08-06 02:00:00,1,300.596925595514,299.7035046732146
2017-08-06 02:15:00,1,300.5435124196066,299.6523328332539
2017-08-06 02:30:00,1,300.489775856173,299.6004107457019
2017-08-06 02:45:00,1,300.43637334994,299.5483300690466
2017-08-06 03:00:00,1,300.38433900628434,299.497395003498
2017-08-06 03:15:00,1,300.33448748388014,299.44887342077845
2017-08-06 03:30:00,1,300.28703495016265,299.40324499697516
2017-08-06 03:45:00,1,300.24111576362804,299.3597758944383
2017-08-06 04:00:00,1,300.1954212171797,299.31694013371913
2017-08-06 04:15:00,1,300.1489778076184,299.27328707699934
2017-08-06 04:30:00,1,300.10147612332275,299.22819684631236
2017-08-06 04:45:00,1,300.05349536556514,299.18216417533347
2017-08-06 05:00:00,1,300.0059528533266,299.13631744093175
2017-08-06 05:15:00,1,299.9595763925679,299.0917123103709
2017-08-06 05:30:00,1,299.9155729814684,299.04977895017635
2017-08-06 05:45:00,1,299.87720407121753,299.01338045500256
2017-08-06 06:00:00,1,299.84782966950115,298.9857151530202
2017-08-06 06:15:00,1,299.8297813860289,298.9695503602038
2017-08-06 06:30:00,1,299.82502365895897,298.96670024918103
2017-08-06 06:45:00,1,299.8352858182054,298.9787039537919
2017-08-06 07:00:00,1,299.8619229686008,299.0071543383167
2017-08-06 07:15:00,1,299.90536985899973,299.05126481817894
2017-08-06 07:30:00,1,299.9652754223794,299.1092717469385
2017-08-06 07:45:00,1,300.0407579164345,299.17859515994945
2017-08-06 08:00:00,1,300.13078994833904,299.2552698417791
2017-08-06 08:15:00,1,300.23489380894415,299.3345220132143
2017-08-06 08:30:00,1,300.35268535297297,299.4226897678153
2017-08-06 08:45:00,1,300.48368259741846,299.5217900217438
2017-08-06 09:00:00,1,300.627193158836,299.6349309035233
2017-08-06 09:15:00,1,300.781933366951,299.7656938218738
2017-08-06 09:30:00,1,300.94626713704923,299.9165572748385
2017-08-06 09:45:00,1,301.11852557724643,300.09046819607994
2017-08-06 10:00:00,1,301.29678512225007,300.2743047413184
2017-08-06 10:15:00,1,301.4788429317378,300.45801394583276
2017-08-06 10:30:00,1,301.66280182419905,300.63903794492103
2017-08-06 10:45:00,1,301.8477136384732,300.8186986241894
2017-08-06 11:00:00,1,302.03315082339026,300.99826692397494
2017-08-06 11:15:00,1,302.2184715279416,301.17757317675864
2017-08-06 11:30:00,1,302.4025348667697,301.3553140159643
2017-08-06 11:45:00,1,302.58332444949775,301.5295451301443
2017-08-06 12:00:00,1,302.7585682041477,301.6982509773866
2017-08-06 12:15:00,1,302.92647993236005,301.8599009774797
2017-08-06 12:30:00,1,303.0865258336271,302.0139062826521
2017-08-06 12:45:00,1,303.239710014298,302.160565725302
2017-08-06 13:00:00,1,303.3868430342264,302.30047606230477
2017-08-06 13:15:00,1,303.5275818232163,302.43393539233784
2017-08-06 13:30:00,1,303.6611375504097,302.5609343888725
2017-08-06 13:45:00,1,303.7872633573648,302.6815954200908
2017-08-06 14:00:00,1,303.9059002580276,302.7960638667628
2017-08-06 14:15:00,1,304.01654267254025,302.9040532975678
2017-08-06 14:30:00,1,304.1184484539602,303.00482904325366
2017-08-06 14:45:00,1,304.2110404737101,303.0975492946095
2017-08-06 15:00:00,1,304.29378966332905,303.18142045061734
2017-08-06 15:15:00,1,304.3658458712179,303.2556167117157
2017-08-06 15:30:00,1,304.42676721143994,303.31988910495767
2017-08-06 15:45:00,1,304.4778206649496,303.3754728058835
2017-08-06 16:00:00,1,304.5207056118044,303.4241418902087
2017-08-06 16:15:00,1,304.55544197863355,303.46637327667446
2017-08-06 16:30:00,1,304.580932196998,303.5011361333868
2017-08-06 16:45:00,1,304.59608677254687,303.52711783301476
2017-08-06 17:00:00,1,304.6005771672835,303.54355018374935
2017-08-06 17:15:00,1,304.593998745025,303.54980706499134
2017-08-06 17:30:00,1,304.5756940725189,303.54506505950155
2017-08-06 17:45:00,1,304.54510004773397,303.52852140160286
2017-08-06 18:00:00,1,304.50114080961094,303.4987387696885
2017-08-06 18:15:00,1,304.44070219166,303.45279255572973
2017-08-06 18:30:00,1,304.36048687245716,303.387259949787
2017-08-06 18:45:00,1,304.2580069591008,303.2993194225284
2017-08-06 19:00:00,1,304.12955850469086,303.18465573145124
2017-08-06 19:15:00,1,303.9705151145119,303.04000231775456
2017-08-06 19:30:00,1,303.7880110742717,302.8712111027225
2017-08-06 19:45:00,1,303.59637438720597,302.69166557047384
2017-08-06 20:00:00,1,303.40677842436685,302.5140120164253
2017-08-06 20:15:00,1,303.22527134346734,302.3452927492078
2017-08-06 20:30:00,1,303.05424139714114,302.1883307850514
2017-08-06 20:45:00,1,302.89374729454926,302.0437176835082
2017-08-06 21:00:00,1,302.74281651115433,301.9089070509373
2017-08-06 21:15:00,1,302.6002978466421,301.7812536003506
2017-08-06 21:30:00,1,302.4651270698319,301.6591546291897
2017-08-06 21:45:00,1,302.336368913156,301.5416143152609
2017-08-06 22:00:00,1,302.21320142750466,301.4256185342226
2017-08-06 22:15:00,1,302.09490228436624,301.30992183514616
2017-08-06 22:30:00,1,301.9809946873135,301.1948185484033
2017-08-06 22:45:00,1,301.87157979706166,301.08116830098504
2017-08-06 23:00:00,1,301.7669750836832,300.9696784710195
2017-08-06 23:15:00,1,301.66729460723394,300.86035880056806
2017-08-06 23:30:00,1,301.5724530945124,300.75602810356395
2017-08-06 23:45:00,1,301.4823208228955,300.66082861971853
2017-08-07 00:00:00,1,301.3967049189358,300.5741353987725
2017-08-07 00:15:00,1,301.31533566623403,300.4932541766653
2017-08-07 00:30:00,1,301.2379726358819,300.416370914337
2017-08-07 00:45:00,1,301.1645929130244,300.3432335945202
2017-08-07 01:00:00,1,301.09534791733415,300.27440851174657
2017-08-07 01:15:00,1,301.03032512736496,300.210411874437
2017-08-07 01:30:00,1,300.9694456279973,300.1513281153392
2017-08-07 01:45:00,1,300.9125202392813,300.09686590483443
2017-08-07 02:00:00,1,300.85928151277335,300.0465478621613
2017-08-07 02:15:00,1,300.8094124410324,299.99986540905905
2017-08-07 02:30:00,1,300.7624454209143,299.95621835659216
2017-08-07 02:45:00,1,300.7174844605945,299.91473743473733
2017-08-07 03:00:00,1,300.6735439639452,299.8744045118591
2017-08-07 03:15:00,1,300.62991615404167,299.8343653652386
2017-08-07 03:30:00,1,300.586198402736,299.7941118335862
2017-08-07 03:45:00,1,300.5422024618385,299.7533697143744
2017-08-07 04:00:00,1,300.4977891295257,299.71190750246217
2017-08-07 04:15:00,1,300.45285154642255,299.6695042718323
2017-08-07 04:30:00,1,300.4075393673994,299.62618523062395
2017-08-07 04:45:00,1,300.3624314533366,299.5824744757433
2017-08-07 05:00:00,1,300.31819541366633,299.5392288050427
2017-08-07 05:15:00,1,300.2753177247689,299.49726157258294
2017-08-07 05:30:00,1,300.2347743377228,299.45794308972677
2017-08-07 05:45:00,1,300.19945466145856,299.4236820894419
2017-08-07 06:00:00,1,300.1723702576031,299.39722630923393
2017-08-07 06:15:00,1,300.15577506096287,299.3811526481498
2017-08-07 06:30:00,1,300.1517902319019,299.37770001500894
2017-08-07 06:45:00,1,300.16219493457174,299.3888270216684
2017-08-07 07:00:00,1,300.18816148494875,299.4159591007375
2017-08-07 07:15:00,1,300.2298091596482,299.4580904263865
2017-08-07 07:30:00,1,300.2865844071686,299.5130576067394
2017-08-07 07:45:00,1,300.3580489189551,299.5783835699356
2017-08-07 08:00:00,1,300.4440151350056,299.6505851595493
2017-08-07 08:15:00,1,300.54483699374975,299.72634991691194
2017-08-07 08:30:00,1,300.66137275154665,299.8127408113658
2017-08-07 08:45:00,1,300.79313177066086,299.9108030494328
2017-08-07 09:00:00,1,300.9377807323622,300.0242683563484
2017-08-07 09:15:00,1,301.0919460511067,300.1558042568138
2017-08-07 09:30:00,1,301.25250694666966,300.30557079853855
2017-08-07 09:45:00,1,301.41801020902074,300.4734944302166
2017-08-07 10:00:00,1,301.5880718243965,300.6480149077919
2017-08-07 10:15:00,1,301.7619457901611,300.82207744859477
2017-08-07 10:30:00,1,301.93843833377963,300.994877050454
2017-08-07 10:45:00,1,302.1162307831948,301.1675511248051
2017-08-07 11:00:00,1,302.29397802703164,301.34018601030357
2017-08-07 11:15:00,1,302.47024812925497,301.51157918642144
2017-08-07 11:30:00,1,302.64327831072706,301.6797092737138
2017-08-07 11:45:00,1,302.81031002927034,301.84182245250804
2017-08-07 12:00:00,1,302.96855402987757,301.9950681771506
2017-08-07 12:15:00,1,303.11615148727236,302.1374801562866
2017-08-07 12:30:00,1,303.2532498891876,302.26906445387266
2017-08-07 12:45:00,1,303.3831109481743,302.3922316928222
2017-08-07 13:00:00,1,303.50917902089446,302.51037104623936
2017-08-07 13:15:00,1,303.6328955119568,302.6257334275364
2017-08-07 13:30:00,1,303.7544806441459,302.73928806653527
2017-08-07 13:45:00,1,303.87448321048623,302.8521792815132
2017-08-07 14:00:00,1,303.99334422662173,302.965521344168
2017-08-07 14:15:00,1,304.11058462884296,303.07929138401056
2017-08-07 14:30:00,1,304.22516479799174,303.19228524621303
2017-08-07 14:45:00,1,304.3360893354763,303.3029608121622
2017-08-07 15:00:00,1,304.44237828066474,303.4099023037614
2017-08-07 15:15:00,1,304.5426962353572,303.51145845079964
2017-08-07 15:30:00,1,304.6351358999083,303.6055223644577
2017-08-07 15:45:00,1,304.71674119655205,303.6899236943848
2017-08-07 16:00:00,1,304.7847342047942,303.76254466244757
2017-08-07 16:15:00,1,304.8366417654107,303.82122984775674
2017-08-07 16:30:00,1,304.87108225794293,303.864626173727
2017-08-07 16:45:00,1,304.8888533631019,303.89318493169355
2017-08-07 17:00:00,1,304.8919851248431,303.9084990058159
2017-08-07 17:15:00,1,304.88167093175537,303.91160965263373
2017-08-07 17:30:00,1,304.8582046944424,303.90254674544525
2017-08-07 17:45:00,1,304.8218042691223,303.8810440399939
2017-08-07 18:00:00,1,304.7719726958789,303.84610259357515
2017-08-07 18:15:00,1,304.70586408844207,303.79506057276296
2017-08-07 18:30:00,1,304.62015021275704,303.7245110931969
2017-08-07 18:45:00,1,304.51209531675454,303.6314764639594
2017-08-07 19:00:00,1,304.3780105823388,303.51167537035667
2017-08-07 19:15:00,1,304.21367628202944,303.362175893003
2017-08-07 19:30:00,1,304.0262430646879,303.1889201418706
2017-08-07 19:45:00,1,303.8295282305845,303.00487121051435
2017-08-07 20:00:00,1,303.63417526238123,302.822102226693
2017-08-07 20:15:00,1,303.4459269584697,302.6472747116086
2017-08-07 20:30:00,1,303.26718364750946,302.4842205692836
2017-08-07 20:45:00,1,303.098516977243,302.3322421796251
2017-08-07 21:00:00,1,302.9396023357129,302.18877944952754
2017-08-07 21:15:00,1,302.78973083995936,302.05272321620964
2017-08-07 21:30:00,1,302.6482031825583,301.92364683718574
2017-08-07 21:45:00,1,302.51473575447864,301.79834759175
2017-08-07 22:00:00,1,302.3891890427004,301.67599544592997
2017-08-07 22:15:00,1,302.2712440385985,301.55747940146017
2017-08-07 22:30:00,1,302.16040660246813,301.44364063429106
2017-08-07 22:45:00,1,302.05609920500467,301.33449797083614
2017-08-07 23:00:00,1,301.9577264807818,301.22932628855915
2017-08-07 23:15:00,1,301.86471097058103,301.12650086636535
2017-08-07 23:30:00,1,301.77656255080774,301.0330005158336
2017-08-07 23:45:00,1,301.69299644329254,300.9490558565796
2017-08-08 00:00:00,1,301.6138107516135,300.8716980310234
2017-08-08 00:15:00,1,301.5387411119341,300.79863909982447
2017-08-08 00:30:00,1,301.4673555159868,300.7290256833562
2017-08-08 00:45:00,1,301.3988698720193,300.66245079223734
2017-08-08 01:00:00,1,301.3323860589722,300.5982502104743
2017-08-08 01:15:00,1,301.2671709425633,300.5355673587313
2017-08-08 01:30:00,1,301.2028612161735,300.4738484676513
2017-08-08 01:45:00,1,301.13976870959874,300.4131962914576
2017-08-08 02:00:00,1,301.0783964272676,300.3540383217277
2017-08-08 02:15:00,1,301.0190025865106,300.2966011328297
2017-08-08 02:30:00,1,300.9616617315886,300.2408666943584
2017-08-08 02:45:00,1,300.90642008024474,300.18689285076755
2017-08-08 03:00:00,1,300.853390546745,300.13500328466864
2017-08-08 03:15:00,1,300.802677853352,300.08563229950914
2017-08-08 03:30:00,1,300.7541996572112,300.03894334601404
2017-08-08 03:45:00,1,300.70746150433496,299.9944957164306
2017-08-08 04:00:00,1,300.6617629987231,299.9513502995305
2017-08-08 04:15:00,1,300.61655027850173,299.9085542117344
2017-08-08 04:30:00,1,300.5716489733305,299.86563785121166
2017-08-08 04:45:00,1,300.5273263198795,299.8228117465514
2017-08-08 05:00:00,1,300.4839926828419,299.7807016791104
2017-08-08 05:15:00,1,300.441979068724,299.73992560803686
2017-08-08 05:30:00,1,300.4021689340289,299.7016988732201
2017-08-08 05:45:00,1,300.36736372224124,299.66833491741903
2017-08-08 06:00:00,1,300.34047466166777,299.64253535993157
2017-08-08 06:15:00,1,300.32347690756353,299.6265999803916
2017-08-08 06:30:00,1,300.31793130073476,299.62210690483965
2017-08-08 06:45:00,1,300.3251297437495,299.6302396777725
2017-08-08 07:00:00,1,300.3462432231667,299.6521698399937
2017-08-08 07:15:00,1,300.38189602411285,299.6875807784931
2017-08-08 07:30:00,1,300.43228479522526,299.73557570865376
2017-08-08 07:45:00,1,300.4977080731515,299.7948542924208
2017-08-08 08:00:00,1,300.57874969318925,299.86317346447447
2017-08-08 08:15:00,1,300.6758317113017,299.935658487919
2017-08-08 08:30:00,1,300.789118688722,300.01911295201006
2017-08-08 08:45:00,1,300.91797086295503,300.11687383644863
2017-08-08 09:00:00,1,301.06060104023845,300.22634285213786
2017-08-08 09:15:00,1,301.214346729087,300.3511850417942
2017-08-08 09:30:00,1,301.37662424485,300.492361645662
2017-08-08 09:45:00,1,301.54566391508314,300.6571729394124
2017-08-08 10:00:00,1,301.72024934564337,300.8337498644348
2017-08-08 10:15:00,1,301.8990581440394,301.0123169197288
2017-08-08 10:30:00,1,302.08038870324464,301.18936510755447
2017-08-08 10:45:00,1,302.26178969468833,301.36442255106533
2017-08-08 11:00:00,1,302.4405957555826,301.53671997555983
2017-08-08 11:15:00,1,302.6145171278945,301.70452031919586
2017-08-08 11:30:00,1,302.78179312538407,301.86587109255487
2017-08-08 11:45:00,1,302.9410493546662,302.01924480170146
2017-08-08 12:00:00,1,303.0912779356599,302.16365421101375
2017-08-08 12:15:00,1,303.2318549216376,302.2985648688094
2017-08-08 12:30:00,1,303.36345200002927,302.42442022830375
2017-08-08 12:45:00,1,303.4891178715179,302.54316583560495
2017-08-08 13:00:00,1,303.61190698694804,302.6574809000939
2017-08-08 13:15:00,1,303.73307081947297,302.7694042798183
2017-08-08 13:30:00,1,303.85291588298,302.88042001157123
2017-08-08 13:45:00,1,303.9724865433279,302.9924687631739
2017-08-08 14:00:00,1,304.0927923141375,303.10721460328665
2017-08-08 14:15:00,1,304.2136954088943,303.2247473287458
2017-08-08 14:30:00,1,304.33355887285506,303.342966532872
2017-08-08 14:45:00,1,304.44850793806626,303.4577386676806
2017-08-08 15:00:00,1,304.5542191954786,303.5644857291047
2017-08-08 15:15:00,1,304.6474214775957,303.6598320510281
2017-08-08 15:30:00,1,304.7264129684875,303.7423001830607
2017-08-08 15:45:00,1,304.79130211989144,303.8120970585785
2017-08-08 16:00:00,1,304.8428394517988,303.8700636701677
2017-08-08 16:15:00,1,304.8812227792298,303.9159362500117
2017-08-08 16:30:00,1,304.90576852805356,303.94797594786377
2017-08-08 16:45:00,1,304.91560399600513,303.9650824188017
2017-08-08 17:00:00,1,304.91064082098313,303.9676910631029
2017-08-08 17:15:00,1,304.8908325579523,303.95658518632956
2017-08-08 17:30:00,1,304.8561199622906,303.93215678771134
2017-08-08 17:45:00,1,304.8067401943853,303.8945957950389
2017-08-08 18:00:00,1,304.7423551571793,303.8433061749265
2017-08-08 18:15:00,1,304.66041600504116,303.7767536316111
2017-08-08 18:30:00,1,304.5584319423538,303.6900228227393
2017-08-08 18:45:00,1,304.43547684695085,303.5814447775184
2017-08-08 19:00:00,1,304.28930729221383,303.4491526897606
2017-08-08 19:15:00,1,304.11637368300205,303.29186163337687
2017-08-08 19:30:00,1,303.9237566452942,303.11544751293616
2017-08-08 19:45:00,1,303.7240139885226,302.9312959613411
2017-08-08 20:00:00,1,303.5261578365493,302.74899275420137
2017-08-08 20:15:00,1,303.3347508621891,302.57292258381614
2017-08-08 20:30:00,1,303.1517347033276,302.4055570315153
2017-08-08 20:45:00,1,302.9781714044939,302.2479311184919
2017-08-08 21:00:00,1,302.81453642426163,302.10016618457865
2017-08-08 21:15:00,1,302.66065802043033,301.9573225048317
2017-08-08 21:30:00,1,302.51592769808786,301.8175377650621
2017-08-08 21:45:00,1,302.3795199349156,301.68139083103387
2017-08-08 22:00:00,1,302.2505825765857,301.54954662908773
2017-08-08 22:15:00,1,302.12832368285035,301.4216357762374
2017-08-08 22:30:00,1,302.01218320413216,301.295579488406
2017-08-08 22:45:00,1,301.9021384972467,301.18069089329055
2017-08-08 23:00:00,1,301.79828818789053,301.07801266988014
2017-08-08 23:15:00,1,301.70047671728076,300.9840255966308
2017-08-08 23:30:00,1,301.6083838317236,300.89582322737675
2017-08-08 23:45:00,1,301.5217848099617,300.8125526423376
2017-08-09 00:00:00,1,301.44051295086723,300.7343938198834
2017-08-09 00:15:00,1,301.3643309357479,300.66144481582245
2017-08-09 00:30:00,1,301.2929161058086,300.59342579088644
2017-08-09 00:45:00,1,301.225883974173,300.52985657604853
2017-08-09 01:00:00,1,301.16283871515583,300.4702655258086
2017-08-09 01:15:00,1,301.10340077901196,300.41424624493254
2017-08-09 01:30:00,1,301.0469597855499,300.36117649502825
2017-08-09 01:45:00,1,300.99213673484553,300.3098247380556
2017-08-09 02:00:00,1,300.9373744081509,300.25859768760273
2017-08-09 02:15:00,1,300.88159025610975,300.20616748118675
2017-08-09 02:30:00,1,300.824442253413,300.15206418624786
2017-08-09 02:45:00,1,300.76671139085806,300.09699359604275
2017-08-09 03:00:00,1,300.7096029781059,300.0423443291028
2017-08-09 03:15:00,1,300.65400076068966,299.98930066971303
2017-08-09 03:30:00,1,300.600355705855,299.9383887434171
2017-08-09 03:45:00,1,300.5487654866736,299.8896239391153
2017-08-09 04:00:00,1,300.4991324940388,299.84282670975233
2017-08-09 04:15:00,1,300.4512948046101,299.7977993127499
2017-08-09 04:30:00,1,300.40502975992183,299.75430327838757
2017-08-09 04:45:00,1,300.3599521850894,299.7119293199933
2017-08-09 05:00:00,1,300.31563449235784,299.67014306837495
2017-08-09 05:15:00,1,300.2718024155716,299.62853080447354
2017-08-09 05:30:00,1,300.2290445109298,299.5876713088139
2017-08-09 05:45:00,1,300.1900278502625,299.5500123250134
2017-08-09 06:00:00,1,300.1578059725094,299.5186501552577
2017-08-09 06:15:00,1,300.1348704688797,299.49645034546245
2017-08-09 06:30:00,1,300.123414356449,299.4858903793374
2017-08-09 06:45:00,1,300.12593797039256,299.4895029596666
2017-08-09 07:00:00,1,300.14475481696263,299.50952614058906
2017-08-09 07:15:00,1,300.1807792450764,299.54675760458264
2017-08-09 07:30:00,1,300.23381011571183,299.59890550821376
2017-08-09 07:45:00,1,300.3032755877608,299.66309427968486
2017-08-09 08:00:00,1,300.3880246926267,299.73631146978755
2017-08-09 08:15:00,1,300.4869278706928,299.8109299116935
2017-08-09 08:30:00,1,300.59923408472804,299.8940953121307
2017-08-09 08:45:00,1,300.7242254870819,299.98982263419475
2017-08-09 09:00:00,1,300.86101654252707,300.0967824975803
2017-08-09 09:15:00,1,301.00785028580816,300.2108284157808
2017-08-09 09:30:00,1,301.1625344807779,300.3367114662639
2017-08-09 09:45:00,1,301.32327820869267,300.4766664614061
2017-08-09 10:00:00,1,301.4885263201452,300.633056242084
2017-08-09 10:15:00,1,301.6565581391834,300.80238437545455
2017-08-09 10:30:00,1,301.82556909232545,300.9733247218654
2017-08-09 10:45:00,1,301.99380409284447,301.13942979540764
2017-08-09 11:00:00,1,302.159764448053,301.2997048921763
2017-08-09 11:15:00,1,302.3221556243592,301.4552609310895
2017-08-09 11:30:00,1,302.48002113805217,301.6065488347073
2017-08-09 11:45:00,1,302.6330673670405,301.75329725993726
2017-08-09 12:00:00,1,302.78127811697675,301.89522036005656
2017-08-09 12:15:00,1,302.9245030600862,302.0321958576723
2017-08-09 12:30:00,1,303.0632967449841,302.16449227924284
2017-08-09 12:45:00,1,303.1998339103843,302.2931308963797
2017-08-09 13:00:00,1,303.3358725148971,302.4197586522206
2017-08-09 13:15:00,1,303.47150061282804,302.5458130606833
2017-08-09 13:30:00,1,303.6056969868554,302.67163492108966
2017-08-09 13:45:00,1,303.73703104548827,302.7963686154591
2017-08-09 14:00:00,1,303.86404071966587,302.91847277393333
2017-08-09 14:15:00,1,303.9851741213703,303.03621598425116
2017-08-09 14:30:00,1,304.0988523048127,303.1478657937066
2017-08-09 14:45:00,1,304.2034458134137,303.2516671139824
2017-08-09 15:00:00,1,304.29746451819165,303.3459713040567
2017-08-09 15:15:00,1,304.379525680229,303.42940557619164
2017-08-09 15:30:00,1,304.4487485230722,303.50129583393226
2017-08-09 15:45:00,1,304.5053090994438,303.5620016034399
2017-08-09 16:00:00,1,304.5497222909419,303.61234524104464
2017-08-09 16:15:00,1,304.5819727704328,303.6518920515673
2017-08-09 16:30:00,1,304.6014972137217,303.67889846144425
2017-08-09 16:45:00,1,304.60826944175966,303.69306202434836
2017-08-09 17:00:00,1,304.6030816193452,303.6960220299815
2017-08-09 17:15:00,1,304.58621027404234,303.68926668825816
2017-08-09 17:30:00,1,304.5575527250767,303.6733514365545
2017-08-09 17:45:00,1,304.51746307068817,303.6494105554451
2017-08-09 18:00:00,1,304.46552960001065,303.6133125054916
2017-08-09 18:15:00,1,304.39855414084144,303.5616571579294
2017-08-09 18:30:00,1,304.3129253958419,303.49169579233467
2017-08-09 18:45:00,1,304.2059840707813,303.4010432852692
2017-08-09 19:00:00,1,304.0732126162742,303.28476269954547
2017-08-09 19:15:00,1,303.9087920049084,303.1388730013366
2017-08-09 19:30:00,1,303.7206062844235,302.96826777646766
2017-08-09 19:45:00,1,303.52306765536565,302.7852383706486
2017-08-09 20:00:00,1,303.32614994453576,302.60170064837837
2017-08-09 20:15:00,1,303.13489419172373,302.4237452403326
2017-08-09 20:30:00,1,302.9516179426224,302.2539749936913
2017-08-09 20:45:00,1,302.7779583495509,302.0936498102058
2017-08-09 21:00:00,1,302.6150559413943,301.944534091895
2017-08-09 21:15:00,1,302.46324327290563,301.8021111385277
2017-08-09 21:30:00,1,302.32212941995334,301.66467920032414
2017-08-09 21:45:00,1,302.19069019701476,301.53265601937306
2017-08-09 22:00:00,1,302.06765739837493,301.40623095455453
2017-08-09 22:15:00,1,301.9518688254463,301.28435261547975
2017-08-09 22:30:00,1,301.8424357742949,301.1682821896034
2017-08-09 22:45:00,1,301.73891848486545,301.0625922495452
2017-08-09 23:00:00,1,301.6411015069578,300.9668402135369
2017-08-09 23:15:00,1,301.5487219372186,300.8782332645118
2017-08-09 23:30:00,1,301.4614318391259,300.79476345970284
2017-08-09 23:45:00,1,301.37882963488994,300.71571720173415
2017-08-10 00:00:00,1,301.3004490577486,300.6408212405455
2017-08-10 00:15:00,1,301.2257869948694,300.56962390952583
2017-08-10 00:30:00,1,301.15426988702245,300.50139334117836
2017-08-10 00:45:00,1,301.0851154877656,300.4352309572078
2017-08-10 01:00:00,1,301.01754581769086,300.37028692832234
2017-08-10 01:15:00,1,300.95100893715284,300.30594872252675
2017-08-10 01:30:00,1,300.8853546499359,300.2421105684375
2017-08-10 01:45:00,1,300.8211526183137,300.17940864556897
2017-08-10 02:00:00,1,300.7592923993772,300.11895691944295
2017-08-10 02:15:00,1,300.70045329803526,300.06177183995226
2017-08-10 02:30:00,1,300.64474610465254,300.0081311172743
2017-08-10 02:45:00,1,300.59124048822616,299.95717565460507
2017-08-10 03:00:00,1,300.53859108621185,299.9073375586461
2017-08-10 03:15:00,1,300.4857942303536,299.85719966184035
2017-08-10 03:30:00,1,300.4323712674181,299.80605123398385
2017-08-10 03:45:00,1,300.37827764070704,299.75389060811113
2017-08-10 04:00:00,1,300.32364242271126,299.7010602422997
2017-08-10 04:15:00,1,300.26860084950283,299.6479040464246
2017-08-10 04:30:00,1,300.21340402964046,299.5947814577979
2017-08-10 04:45:00,1,300.15876639434055,299.5423093451926
2017-08-10 05:00:00,1,300.1055502037853,299.49127422977904
2017-08-10 05:15:00,1,300.05437256757006,299.44232557917326
2017-08-10 05:30:00,1,300.00612116650615,299.3964173012617
2017-08-10 05:45:00,1,299.96315541636716,299.3556582027566
2017-08-10 06:00:00,1,299.9280226090818,299.3224010953717
2017-08-10 06:15:00,1,299.90280767938475,299.29893996661633
2017-08-10 06:30:00,1,299.8894587631564,299.2876609278003
2017-08-10 06:45:00,1,299.89039325730073,299.2908221796854
2017-08-10 07:00:00,1,299.90794367952,299.31050760152505
2017-08-10 07:15:00,1,299.94318718924933,299.34752741854936
2017-08-10 07:30:00,1,299.99623415301477,299.4003557256641
2017-08-10 07:45:00,1,300.06639048125396,299.46587236569127
2017-08-10 08:00:00,1,300.1527202701437,299.5411074612392
2017-08-10 08:15:00,1,300.25495740883133,299.6211067808872
2017-08-10 08:30:00,1,300.3734658272751,299.70834592074795
2017-08-10 08:45:00,1,300.5083623525252,299.809301438382
2017-08-10 09:00:00,1,300.658577948863,299.9245542964486
2017-08-10 09:15:00,1,300.8219660873925,300.04805865661984
2017-08-10 09:30:00,1,300.9962274964263,300.1859606743645
2017-08-10 09:45:00,1,301.1797339839223,300.34098987878247
2017-08-10 10:00:00,1,301.3711596885399,300.51565008901866
2017-08-10 10:15:00,1,301.56883240265927,300.7083678521807
2017-08-10 10:30:00,1,301.77068367976494,300.90611433148564
2017-08-10 10:45:00,1,301.9742019943415,301.10057656539215
2017-08-10 11:00:00,1,302.1769092104746,301.289861748433
2017-08-10 11:15:00,1,302.3766674503671,301.4741733236198
2017-08-10 11:30:00,1,302.57179299967595,301.65329961290473
2017-08-10 11:45:00,1,302.76113249173335,301.82651099641504
2017-08-10 12:00:00,1,302.9438438750777,301.99321006287585
2017-08-10 12:15:00,1,303.11920373478785,302.1528295700169
2017-08-10 12:30:00,1,303.2879289639826,302.3057394502056
2017-08-10 12:45:00,1,303.4540697706038,302.45443359394903
2017-08-10 13:00:00,1,303.62190576374917,302.6029192745058
2017-08-10 13:15:00,1,303.79321865599053,302.75443057700505
2017-08-10 13:30:00,1,303.9674736195517,302.9097707328432
2017-08-10 13:45:00,1,304.1424793876647,303.0672126046117
2017-08-10 14:00:00,1,304.315417031687,303.2237054647756
2017-08-10 14:15:00,1,304.48343443245363,303.37616712438455
2017-08-10 14:30:00,1,304.64381669016745,303.5218665219165
2017-08-10 14:45:00,1,304.7938118189949,303.65819360099374
2017-08-10 15:00:00,1,304.93087258556477,303.78270492139313
2017-08-10 15:15:00,1,305.05268691616413,303.89336007269316
2017-08-10 15:30:00,1,305.1574983679406,303.98891036109825
2017-08-10 15:45:00,1,305.2444463440373,304.06907682461656
2017-08-10 16:00:00,1,305.3130003522118,304.1339038158984
2017-08-10 16:15:00,1,305.3622830499249,304.18319158124996
2017-08-10 16:30:00,1,305.3917533888273,304.21681182469047
2017-08-10 16:45:00,1,305.40161105703953,304.2352478093385
2017-08-10 17:00:00,1,305.39293602686627,304.23940612661005
2017-08-10 17:15:00,1,305.36649153377283,304.2297897162791
2017-08-10 17:30:00,1,305.3226447257359,304.20689401026357
2017-08-10 17:45:00,1,305.26193830955253,304.1693902925524
2017-08-10 18:00:00,1,305.1840020440172,304.11371329432916
2017-08-10 18:15:00,1,305.08551665704795,304.03690399194267
2017-08-10 18:30:00,1,304.96288094191937,303.9365728990907
2017-08-10 18:45:00,1,304.8139070189246,303.81080674318076
2017-08-10 19:00:00,1,304.63463585567473,303.65527164383536
2017-08-10 19:15:00,1,304.4197342194289,303.46677603195377
2017-08-10 19:30:00,1,304.1783222882901,303.25195800587403
2017-08-10 19:45:00,1,303.9268399744378,303.0234387086916
2017-08-10 20:00:00,1,303.6771714444137,302.7940169394998
2017-08-10 20:15:00,1,303.43569495153605,302.5720191640379
2017-08-10 20:30:00,1,303.20542396800596,302.36220154223696
2017-08-10 20:45:00,1,302.98805629019637,302.16769957804013
2017-08-10 21:00:00,1,302.7844563132799,301.98407533547004
2017-08-10 21:15:00,1,302.5946383478605,301.80621700060925
2017-08-10 21:30:00,1,302.41800756431627,301.6337226925838
2017-08-10 21:45:00,1,302.2536020254746,301.4678640375855
2017-08-10 22:00:00,1,302.1003156658116,301.30813868000007
2017-08-10 22:15:00,1,301.9570545974495,301.16167651166614
2017-08-10 22:30:00,1,301.822929250513,301.0312721451561
2017-08-10 22:45:00,1,301.69755264887243,300.9135094449288
2017-08-10 23:00:00,1,301.58074648208117,300.80466494598824
2017-08-10 23:15:00,1,301.4721970960273,300.70326890302096
2017-08-10 23:30:00,1,301.3714394317137,300.6091825177335
2017-08-10 23:45:00,1,301.27795212316795,300.5222689744676
2017-08-11 00:00:00,1,301.19119784871407,300.44201687596086
2017-08-11 00:15:00,1,301.1106305106357,300.3677550801565
2017-08-11 00:30:00,1,301.03565542989384,300.29879454952726
2017-08-11 00:45:00,1,300.96551788515904,300.2343767940186
2017-08-11 01:00:00,1,300.8994345079424,300.17371798424267
2017-08-11 01:15:00,1,300.8367506484245,300.1161363141597
2017-08-11 01:30:00,1,300.7768972977956,300.0610499789368
2017-08-11 01:45:00,1,300.71923875370743,300.00788889422444
2017-08-11 02:00:00,1,300.66318293503645,299.95612304391614
2017-08-11 02:15:00,1,300.60829702892255,299.905346965744
2017-08-11 02:30:00,1,300.5541922677805,299.85518850295784
2017-08-11 02:45:00,1,300.50024803337135,299.8050619021578
2017-08-11 03:00:00,1,300.4457742989653,299.7541785364308
2017-08-11 03:15:00,1,300.3903048085971,299.7018578821004
2017-08-11 03:30:00,1,300.33384862735244,299.64799249493126
2017-08-11 03:45:00,1,300.27710779900127,299.59329512393526
2017-08-11 04:00:00,1,300.2209927195106,299.5389132155587
2017-08-11 04:15:00,1,300.16616885882047,299.4858186363815
2017-08-11 04:30:00,1,300.1130044208141,299.43452965069474
2017-08-11 04:45:00,1,300.06165155337993,299.3851978035958
2017-08-11 05:00:00,1,300.0121284798056,299.3377967696048
2017-08-11 05:15:00,1,299.9643771095962,299.2922395406303
2017-08-11 05:30:00,1,299.9183120373008,299.24844597094364
2017-08-11 05:45:00,1,299.8747819406658,299.2075502490954
2017-08-11 06:00:00,1,299.8375116612568,299.1725358301197
2017-08-11 06:15:00,1,299.8102922338475,299.14724612454404
2017-08-11 06:30:00,1,299.7953863438145,299.1347006912448
2017-08-11 06:45:00,1,299.7948728000571,299.1370484492941
2017-08-11 07:00:00,1,299.81069077009323,299.1558102791518
2017-08-11 07:15:00,1,299.84367234823594,299.19123193039013
2017-08-11 07:30:00,1,299.8938573208487,299.2416994480368
2017-08-11 07:45:00,1,299.96058527239893,299.3041517246803
2017-08-11 08:00:00,1,300.0427188551234,299.3758818990956
2017-08-11 08:15:00,1,300.1394092383768,299.4540642709498
2017-08-11 08:30:00,1,300.2503208326241,299.5350940257024
2017-08-11 08:45:00,1,300.37535677342265,299.62669756449486
2017-08-11 09:00:00,1,300.51367406940824,299.73227294954876
2017-08-11 09:15:00,1,300.66342935732035,299.8490846958812
2017-08-11 09:30:00,1,300.82243858010094,299.9715903118669
2017-08-11 09:45:00,1,300.9887519966492,300.10566673449654
2017-08-11 10:00:00,1,301.16061034930885,300.2538119502311
2017-08-11 10:15:00,1,301.33612791554754,300.4165318075415
2017-08-11 10:30:00,1,301.5134138812704,300.5942187735739
2017-08-11 10:45:00,1,301.6907441323991,300.7742361024948
2017-08-11 11:00:00,1,301.86657599916157,300.9486264512531
2017-08-11 11:15:00,1,302.0394697232093,301.1163184899082
2017-08-11 11:30:00,1,302.20819721516284,301.2786114257885
2017-08-11 11:45:00,1,302.3719557451222,301.43612938927345
2017-08-11 12:00:00,1,302.5303345263056,301.588555170831
2017-08-11 12:15:00,1,302.68306753132254,301.73529892702504
2017-08-11 12:30:00,1,302.8307104434835,301.87577655296707
2017-08-11 12:45:00,1,302.97527831282594,302.01105788878715
2017-08-11 13:00:00,1,303.1182280907743,302.1424842726426
2017-08-11 13:15:00,1,303.2593450207234,302.2710960764242
2017-08-11 13:30:00,1,303.3976870584952,302.3973446352252
2017-08-11 13:45:00,1,303.5328989230034,302.5215337079147
2017-08-11 14:00:00,1,303.6647942644673,302.64379970583883
2017-08-11 14:15:00,1,303.79256057916933,302.76364234792777
2017-08-11 14:30:00,1,303.9150446925451,302.87999379015486
2017-08-11 14:45:00,1,304.0312946814641,302.9917749627657
2017-08-11 15:00:00,1,304.14042503421484,303.09804345213917
2017-08-11 15:15:00,1,304.24119059782566,303.1977369954652
2017-08-11 15:30:00,1,304.33218507525913,303.28999177263046
2017-08-11 15:45:00,1,304.4120067415355,303.37423450895113
2017-08-11 16:00:00,1,304.4794634678729,303.44948779647126
2017-08-11 16:15:00,1,304.5334387574141,303.5141460925594
2017-08-11 16:30:00,1,304.5725899661405,303.56633535991745
2017-08-11 16:45:00,1,304.59588246800155,303.60471196375363
2017-08-11 17:00:00,1,304.60326990095416,303.62872440173754
2017-08-11 17:15:00,1,304.59473063192627,303.63760798243845
2017-08-11 17:30:00,1,304.57024294928397,303.6303788901746
2017-08-11 17:45:00,1,304.5301019263717,303.6072195367508
2017-08-11 18:00:00,1,304.4739392046592,303.5677134928793
2017-08-11 18:15:00,1,304.3988502879731,303.5085658027753
2017-08-11 18:30:00,1,304.30162888450053,303.4271423433311
2017-08-11 18:45:00,1,304.1798299133616,303.32178484700455
2017-08-11 19:00:00,1,304.02947515953605,303.18869344425497
2017-08-11 19:15:00,1,303.8464599030491,303.0252365662404
2017-08-11 19:30:00,1,303.6396635877286,302.8380984285203
2017-08-11 19:45:00,1,303.4240549731251,302.6394745171841
2017-08-11 20:00:00,1,303.21024839634435,302.4406410195845
2017-08-11 20:15:00,1,303.003707765385,302.2481305475707
2017-08-11 20:30:00,1,302.80684743929635,302.0659484424896
2017-08-11 20:45:00,1,302.6209896883386,301.8981606887388
2017-08-11 21:00:00,1,302.44675389139627,301.7382237297513
2017-08-11 21:15:00,1,302.28402078293965,301.5826802463431
2017-08-11 21:30:00,1,302.13213363621605,301.4320484098458
2017-08-11 21:45:00,1,301.9900409133293,301.2874295349818
2017-08-11 22:00:00,1,301.85655627082394,301.14842848938036
2017-08-11 22:15:00,1,301.7305753719491,301.0133893506334
2017-08-11 22:30:00,1,301.6111882652461,300.89066930459694
2017-08-11 22:45:00,1,301.49780931819095,300.7799455136606
2017-08-11 23:00:00,1,301.3900439440968,300.67701869817273
2017-08-11 23:15:00,1,301.28750800625596,300.5790246677527
2017-08-11 23:30:00,1,301.18980456648825,300.4852793865715
2017-08-11 23:45:00,1,301.0965751590039,300.39591041243574
2017-08-12 00:00:00,1,301.0074834641881,300.3108362650417
2017-08-12 00:15:00,1,300.9221891731943,300.229663482514
2017-08-12 00:30:00,1,300.8404508614523,300.15202844370833
2017-08-12 00:45:00,1,300.7623459870135,300.0778901739643
2017-08-12 01:00:00,1,300.68805209599685,300.00742231273597
2017-08-12 01:15:00,1,300.6175971311605,299.9407217518568
2017-08-12 01:30:00,1,300.5507448782641,299.8775721597797
2017-08-12 01:45:00,1,300.48682773959456,299.8173423715177
2017-08-12 02:00:00,1,300.4250453755882,299.75920480351226
2017-08-12 02:15:00,1,300.36477319037306,299.702458436976
2017-08-12 02:30:00,1,300.30559983032487,299.6466590093958
2017-08-12 02:45:00,1,300.2472625291007,299.5915212203275
2017-08-12 03:00:00,1,300.189541913218,299.5367585529944
2017-08-12 03:15:00,1,300.13226811908964,299.48208859231863
2017-08-12 03:30:00,1,300.07539374455985,299.4273509226485
2017-08-12 03:45:00,1,300.01890502772227,299.37256358904716
2017-08-12 04:00:00,1,299.9627638935412,299.31785953842865
2017-08-12 04:15:00,1,299.9069446195453,299.26339040958493
2017-08-12 04:30:00,1,299.85182206075683,299.2096585353474
2017-08-12 04:45:00,1,299.79909573350164,299.1580696863989
2017-08-12 05:00:00,1,299.75101140503193,299.1106242966452
2017-08-12 05:15:00,1,299.7091850697072,299.0691556626697
2017-08-12 05:30:00,1,299.6741671130762,299.0342481621436
2017-08-12 05:45:00,1,299.6455090310771,299.00554117208685
2017-08-12 06:00:00,1,299.62352391677064,298.98322627914473
2017-08-12 06:15:00,1,299.6100581469659,298.9686970430715
2017-08-12 06:30:00,1,299.6074906784118,298.9643246095447
2017-08-12 06:45:00,1,299.6179125408688,298.9726717477006
2017-08-12 07:00:00,1,299.6425543272945,298.99518347348555
2017-08-12 07:15:00,1,299.68086145833774,299.0314354628289
2017-08-12 07:30:00,1,299.7317472400981,299.0790096131296
2017-08-12 07:45:00,1,299.79536036847077,299.13592687634
2017-08-12 08:00:00,1,299.87240940887824,299.20103683359486
2017-08-12 08:15:00,1,299.96375559388633,299.2718679623068
2017-08-12 08:30:00,1,300.07058004998504,299.3482626025939
2017-08-12 08:45:00,1,300.19436690671637,299.4383413464888
2017-08-12 09:00:00,1,300.33545944763,299.54530828162865
2017-08-12 09:15:00,1,300.4924598593778,299.6662352989711
2017-08-12 09:30:00,1,300.66256174749896,299.79583086087507
2017-08-12 09:45:00,1,300.8410021897419,299.9390372176227
2017-08-12 10:00:00,1,301.0220365312663,300.0960675761051
2017-08-12 10:15:00,1,301.20062491842924,300.26698671775694
2017-08-12 10:30:00,1,301.3738797618384,300.4429001348736
2017-08-12 10:45:00,1,301.54247719067945,300.61331354234164
2017-08-12 11:00:00,1,301.70862740460575,300.77667146363797
2017-08-12 11:15:00,1,301.8737133403266,300.93657072126575
2017-08-12 11:30:00,1,302.03796649287824,301.09580933684924
2017-08-12 11:45:00,1,302.20078415286775,301.25444365288195
2017-08-12 12:00:00,1,302.3612061642642,301.4109536714592
2017-08-12 12:15:00,1,302.5182357209795,301.56374862893006
2017-08-12 12:30:00,1,302.6717070746541,301.7113444522355
2017-08-12 12:45:00,1,302.8228528128221,301.8547150266819
2017-08-12 13:00:00,1,302.97252265969473,301.9952549164801
2017-08-12 13:15:00,1,303.12022805626253,302.13375408581976
2017-08-12 13:30:00,1,303.2650347013551,302.27048657795797
2017-08-12 13:45:00,1,303.4068628667791,302.4055857982446
2017-08-12 14:00:00,1,303.545830663569,302.53875075480687
2017-08-12 14:15:00,1,303.6812939935183,302.66921117949414
2017-08-12 14:30:00,1,303.8119337732437,302.7957863935943
2017-08-12 14:45:00,1,303.93591348090155,302.9168669930928
2017-08-12 15:00:00,1,304.0509314014339,303.03075318671205
2017-08-12 15:15:00,1,304.1533535654501,303.13523907767205
2017-08-12 15:30:00,1,304.2392139792044,303.2269788146879
2017-08-12 15:45:00,1,304.3058602136375,303.30245952080566
2017-08-12 16:00:00,1,304.3523100109343,303.3597107177336
2017-08-12 16:15:00,1,304.3793397372923,303.3984343664167
2017-08-12 16:30:00,1,304.3883783244888,303.41909413248663
2017-08-12 16:45:00,1,304.38074488903135,303.42311755221397
2017-08-12 17:00:00,1,304.35839452511743,303.4132581906828
2017-08-12 17:15:00,1,304.3245048734128,303.3930977967261
2017-08-12 17:30:00,1,304.28202275791597,303.3658452741837
2017-08-12 17:45:00,1,304.23289435113065,303.3335708994835
2017-08-12 18:00:00,1,304.1765424336442,303.2953568789806
2017-08-12 18:15:00,1,304.10735361404954,303.2461658817656
2017-08-12 18:30:00,1,304.01908754658626,303.178643848854
2017-08-12 18:45:00,1,303.9075790411326,303.0865572912506
2017-08-12 19:00:00,1,303.7681930236948,302.96509388978217
2017-08-12 19:15:00,1,303.59697083818537,302.81266224802755
2017-08-12 19:30:00,1,303.4027659599473,302.63693927631726
2017-08-12 19:45:00,1,303.2001285616967,302.450084931833
2017-08-12 20:00:00,1,302.9993468404098,302.26324183719294
2017-08-12 20:15:00,1,302.80574597153753,302.08253601196736
2017-08-12 20:30:00,1,302.6215027075468,301.9115248418439
2017-08-12 20:45:00,1,302.44717878114267,301.7525084634459
2017-08-12 21:00:00,1,302.2825017356876,301.60338500935444
2017-08-12 21:15:00,1,302.1267821348892,301.4580076331669
2017-08-12 21:30:00,1,301.9793222390965,301.31438603716424
2017-08-12 21:45:00,1,301.8398534348028,301.17371462869886
2017-08-12 22:00:00,1,301.7082512303155,301.0374122996313
2017-08-12 22:15:00,1,301.58419826122173,300.9053854768605
2017-08-12 22:30:00,1,301.4671340295683,300.7811965497936
2017-08-12 22:45:00,1,301.3562066176906,300.6686688183311
2017-08-12 23:00:00,1,301.2504476056265,300.5657363653398
2017-08-12 23:15:00,1,301.14897050986394,300.4684515128729
2017-08-12 23:30:00,1,301.0512234013131,300.3745460952947
2017-08-12 23:45:00,1,300.9574588495919,300.2839846290957
2017-08-13 00:00:00,1,300.8682869016833,300.1977358857086
2017-08-13 00:15:00,1,300.7840835461792,300.1165484376603
2017-08-13 00:30:00,1,300.70476076831284,300.0404255506074
2017-08-13 00:45:00,1,300.62955095960683,299.9686135334864
2017-08-13 01:00:00,1,300.55742891679444,299.90001341447646
2017-08-13 01:15:00,1,300.4875582318947,299.8336284875564
2017-08-13 01:30:00,1,300.41941808196384,299.7688221701864
2017-08-13 01:45:00,1,300.3528673214726,299.70534421901453
2017-08-13 02:00:00,1,300.28793550094093,299.64313928331285
2017-08-13 02:15:00,1,300.2246562417264,299.582178593925
2017-08-13 02:30:00,1,300.163035082036,299.52241063768145
2017-08-13 02:45:00,1,300.1029140749564,299.4637681101679
2017-08-13 03:00:00,1,300.0440373958545,299.4061754483821
2017-08-13 03:15:00,1,299.98619302934685,299.3495692917205
2017-08-13 03:30:00,1,299.929505533852,299.2941999478505
2017-08-13 03:45:00,1,299.8750764281713,299.2410781007027
2017-08-13 04:00:00,1,299.82441987117534,299.19171021934096
2017-08-13 04:15:00,1,299.77860175751545,299.1473319280738
2017-08-13 04:30:00,1,299.7380044105122,299.1085274113488
2017-08-13 04:45:00,1,299.7023718250334,299.07486093571583
2017-08-13 05:00:00,1,299.67115798470775,299.0454121998591
2017-08-13 05:15:00,1,299.64381705120513,299.01940976873635
2017-08-13 05:30:00,1,299.61950588761454,298.9958047396232
2017-08-13 05:45:00,1,299.597037373472,298.97386562706004
2017-08-13 06:00:00,1,299.5773674062436,298.9542758637208
2017-08-13 06:15:00,1,299.5622696937882,298.9390642497733
2017-08-13 06:30:00,1,299.55380120996114,298.93105485494095
2017-08-13 06:45:00,1,299.55533553719334,298.9336288665301
2017-08-13 07:00:00,1,299.570598032187,298.9499322914239
2017-08-13 07:15:00,1,299.6019266547613,298.98153625287665
2017-08-13 07:30:00,1,299.6493285782417,299.0273585569772
2017-08-13 07:45:00,1,299.7112979826299,299.0843767678695
2017-08-13 08:00:00,1,299.78625871701564,299.14996424193544
2017-08-13 08:15:00,1,299.8740521983885,299.2224833459809
2017-08-13 08:30:00,1,299.97520795106107,299.2993160605445
2017-08-13 08:45:00,1,300.0900014456503,299.38574253568476
2017-08-13 09:00:00,1,300.2181840132918,299.48405597951916
2017-08-13 09:15:00,1,300.35905103387853,299.5913999372685
2017-08-13 09:30:00,1,300.5119719788323,299.70852776877973
2017-08-13 09:45:00,1,300.6766077161094,299.83880031804165
2017-08-13 10:00:00,1,300.85221271473347,299.9898638188999
2017-08-13 10:15:00,1,301.03722566159166,300.1698096481374
2017-08-13 10:30:00,1,301.2290478748078,300.36283244438914
2017-08-13 10:45:00,1,301.42261183187117,300.5550749998946
2017-08-13 11:00:00,1,301.6116080672594,300.73944164520736
2017-08-13 11:15:00,1,301.79011898514904,300.91250170039996
2017-08-13 11:30:00,1,301.954354723325,301.0721926551758
2017-08-13 11:45:00,1,302.10430712095854,301.21832343921625
2017-08-13 12:00:00,1,302.2419099728052,301.35251068280525
2017-08-13 12:15:00,1,302.3690742133058,301.4769616195098
2017-08-13 12:30:00,1,302.4882681886846,301.59421372046916
2017-08-13 12:45:00,1,302.60400605079303,301.70779617175185
2017-08-13 13:00:00,1,302.7207452290127,301.821720518007
2017-08-13 13:15:00,1,302.84133128540856,301.93920549371563
2017-08-13 13:30:00,1,302.9672119422721,302.0620714814034
2017-08-13 13:45:00,1,303.09900390884854,302.1909999521412
2017-08-13 14:00:00,1,303.2365469902562,302.3257842202263
2017-08-13 14:15:00,1,303.3788277412724,302.4654375809606
2017-08-13 14:30:00,1,303.52345543768877,302.6074285598292
2017-08-13 14:45:00,1,303.66463365181113,302.74666249370654
2017-08-13 15:00:00,1,303.79557266905715,302.8768661654786
2017-08-13 15:15:00,1,303.9111268298939,302.99250028367624
2017-08-13 15:30:00,1,304.0095031273216,303.09125007437433
2017-08-13 15:45:00,1,304.09378287928894,303.17618401639817
2017-08-13 16:00:00,1,304.167694672051,303.252429607171
2017-08-13 16:15:00,1,304.2315609486657,303.3221405520421
2017-08-13 16:30:00,1,304.2831856247454,303.38317691672205
2017-08-13 16:45:00,1,304.3189368084239,303.4307238108762
2017-08-13 17:00:00,1,304.3344962873306,303.4592681211723
2017-08-13 17:15:00,1,304.3236928267411,303.462360685619
2017-08-13 17:30:00,1,304.2803255161276,303.434151876539
2017-08-13 17:45:00,1,304.2017075568064,303.371636397592
2017-08-13 18:00:00,1,304.08883159981735,303.276867731732
2017-08-13 18:15:00,1,303.95066983178117,303.15855518728637
2017-08-13 18:30:00,1,303.79847736980287,303.0275291170092
2017-08-13 18:45:00,1,303.63906133670343,302.8907889077873
2017-08-13 19:00:00,1,303.4752903830949,302.75079570517386
2017-08-13 19:15:00,1,303.31033831630447,302.6090270825425
2017-08-13 19:30:00,1,303.14839812176433,302.4679192909485
2017-08-13 19:45:00,1,302.9920605052998,302.3297795162233
2017-08-13 20:00:00,1,302.8419684723163,302.19595763756274
2017-08-13 20:15:00,1,302.6978479336787,302.06711995285735
2017-08-13 20:30:00,1,302.5590778978638,301.94351240138786
2017-08-13 20:45:00,1,302.4249262912028,301.8252090754894
2017-08-13 21:00:00,1,302.2946696666919,301.70981481901674
2017-08-13 21:15:00,1,302.1676637401895,301.59812930009787
2017-08-13 21:30:00,1,302.0436865060381,301.486604398364
2017-08-13 21:45:00,1,301.9235712931411,301.372768981433
2017-08-13 22:00:00,1,301.8083775124798,301.25796069183457
2017-08-13 22:15:00,1,301.69861402886266,301.1448900417686
2017-08-13 22:30:00,1,301.5942518855352,301.03527183876156
2017-08-13 22:45:00,1,301.4948745279428,300.92923315257747
2017-08-13 23:00:00,1,301.3998883002601,300.825755566573
2017-08-13 23:15:00,1,301.30869207074596,300.7254329236829
2017-08-13 23:30:00,1,301.22091749464073,300.6324895291582
2017-08-13 23:45:00,1,301.1368456335339,300.5471910141146
2017-08-14 00:00:00,1,301.05700232648724,300.4678432052976
2017-08-14 00:15:00,1,300.9816613897034,300.39324336707665
2017-08-14 00:30:00,1,300.9104783620165,300.32276727393185
2017-08-14 00:45:00,1,300.84189666032955,300.2552609243607
2017-08-14 01:00:00,1,300.7739756169983,300.18882754615873
2017-08-14 01:15:00,1,300.705304321312,300.12157357880534
2017-08-14 01:30:00,1,300.63548639426836,300.0526954003067
2017-08-14 01:45:00,1,300.56580581590174,299.98325170622985
2017-08-14 02:00:00,1,300.4982991595553,299.91559240739934
2017-08-14 02:15:00,1,300.4345555367273,299.8519733710938
2017-08-14 02:30:00,1,300.3754612005264,299.79362686021625
2017-08-14 02:45:00,1,300.32142378014294,299.7407259012696
2017-08-14 03:00:00,1,300.27253852066985,299.692865662106
2017-08-14 03:15:00,1,300.22865830511427,299.6495034270832
2017-08-14 03:30:00,1,300.18923043927833,299.61013263207195
2017-08-14 03:45:00,1,300.15281156100787,299.57371082831935
2017-08-14 04:00:00,1,300.1176667623506,299.5388468373945
2017-08-14 04:15:00,1,300.082491248488,299.50434691127003
2017-08-14 04:30:00,1,300.04646038295533,299.46941446435034
2017-08-14 04:45:00,1,300.008991803172,299.433461422753
2017-08-14 05:00:00,1,299.96961958410253,299.39590709543313
2017-08-14 05:15:00,1,299.9280218725446,299.35606862700223
2017-08-14 05:30:00,1,299.8843106577822,299.31387321436665
2017-08-14 05:45:00,1,299.84018159209234,299.2710169025004
2017-08-14 06:00:00,1,299.8000223923178,299.2316313968877
2017-08-14 06:15:00,1,299.7683642436804,299.2003230973513
2017-08-14 06:30:00,1,299.7484400861225,299.18096419012517
2017-08-14 06:45:00,1,299.74308018500466,299.17676258871376
2017-08-14 07:00:00,1,299.75456214631396,299.18976701745987
2017-08-14 07:15:00,1,299.78383813866645,299.2205784517358
2017-08-14 07:30:00,1,299.8310777185063,299.26863400613104
2017-08-14 07:45:00,1,299.8958548770865,299.3305374405352
2017-08-14 08:00:00,1,299.9775360465436,299.40328219060206
2017-08-14 08:15:00,1,300.075905933958,299.48235903916367
2017-08-14 08:30:00,1,300.1910111345669,299.56801533226917
2017-08-14 08:45:00,1,300.3225847731088,299.66571679417075
2017-08-14 09:00:00,1,300.46970671188853,299.7743115005494
2017-08-14 09:15:00,1,300.63060801878413,299.90051430111015
2017-08-14 09:30:00,1,300.80303152224144,300.0455870838679
2017-08-14 09:45:00,1,300.98431988942866,300.2112624746433
2017-08-14 10:00:00,1,301.17107775123065,300.3964259183518
2017-08-14 10:15:00,1,301.3595380102384,300.5861962157444
2017-08-14 10:30:00,1,301.5465719542847,300.7707827488252
2017-08-14 10:45:00,1,301.73045819274904,300.9485595632548
2017-08-14 11:00:00,1,301.91037184313876,301.12123539310323
2017-08-14 11:15:00,1,302.085514758316,301.289720009484
2017-08-14 11:30:00,1,302.25478263768247,301.45313532122304
2017-08-14 11:45:00,1,302.4164243501138,301.6094941418971
2017-08-14 12:00:00,1,302.5686518577376,301.75676708577697
2017-08-14 12:15:00,1,302.7102989847116,301.89366817526087
2017-08-14 12:30:00,1,302.84235706770215,302.0210099836854
2017-08-14 12:45:00,1,302.9699936475827,302.1428291530216
2017-08-14 13:00:00,1,303.098685455771,302.2645763937759
2017-08-14 13:15:00,1,303.230533256036,302.38991943696175
2017-08-14 13:30:00,1,303.3647309397669,302.5191291429434
2017-08-14 13:45:00,1,303.49851171782893,302.64949354591386
2017-08-14 14:00:00,1,303.62747381340205,302.77624444903466
2017-08-14 14:15:00,1,303.7450425461516,302.89318342889175
2017-08-14 14:30:00,1,303.8449639949338,302.9946432589497
2017-08-14 14:45:00,1,303.9241114315021,303.0777705927281
2017-08-14 15:00:00,1,303.98407349051695,303.1447909088034
2017-08-14 15:15:00,1,304.0336165927976,303.20342874897517
2017-08-14 15:30:00,1,304.0810690492072,303.26137421000783
2017-08-14 15:45:00,1,304.12882915533794,303.3213323604436
2017-08-14 16:00:00,1,304.17624502420466,303.38147408780935
2017-08-14 16:15:00,1,304.2203264844847,303.43779040237973
2017-08-14 16:30:00,1,304.25748809623354,303.48667709080195
2017-08-14 16:45:00,1,304.2855223849226,303.52650220589373
2017-08-14 17:00:00,1,304.3023734098492,303.5553680451954
2017-08-14 17:15:00,1,304.3015912708345,303.5677091579893
2017-08-14 17:30:00,1,304.2764176144803,303.5561928970079
2017-08-14 17:45:00,1,304.2228888348306,303.5160318422994
2017-08-14 18:00:00,1,304.14122182382533,303.44735752201444
2017-08-14 18:15:00,1,304.0348393919402,303.3542576513112
2017-08-14 18:30:00,1,303.90824047743524,303.241806756977
2017-08-14 18:45:00,1,303.7639122745175,303.11285656117946
2017-08-14 19:00:00,1,303.60266381739194,302.968541313537
2017-08-14 19:15:00,1,303.4286979780252,302.8118045492107
2017-08-14 19:30:00,1,303.2490428586461,302.6480781732923
2017-08-14 19:45:00,1,303.06979021918335,302.48253270921043
2017-08-14 20:00:00,1,302.89460341532526,302.3209534281036
2017-08-14 20:15:00,1,302.72512361868945,302.167788904098
2017-08-14 20:30:00,1,302.5620580993805,302.02540186120365
2017-08-14 20:45:00,1,302.4062952280807,301.8901163219979
2017-08-14 21:00:00,1,302.258486448145,301.7558046390618
2017-08-14 21:15:00,1,302.11860339466125,301.6212806788784
2017-08-14 21:30:00,1,301.98632416814115,301.4889199258232
2017-08-14 21:45:00,1,301.8617487399428,301.36125384208174
2017-08-14 22:00:00,1,301.7451227308725,301.23952339560145
2017-08-14 22:15:00,1,301.6363959706415,301.12380497958935
2017-08-14 22:30:00,1,301.53532779221206,301.0136064558548
2017-08-14 22:45:00,1,301.4418486368686,300.90840416626463
2017-08-14 23:00:00,1,301.35592541472766,300.81520258462876
2017-08-14 23:15:00,1,301.27731958695256,300.734413640388
2017-08-14 23:30:00,1,301.2054612364171,300.66286834378576
2017-08-14 23:45:00,1,301.13925707952166,300.59756529151394
2017-08-15 00:00:00,1,301.07746734085055,300.536754030378
2017-08-15 00:15:00,1,301.0190892637155,300.47948187607005
2017-08-15 00:30:00,1,300.96331918585685,300.42498290120136
2017-08-15 00:45:00,1,300.90934250541665,300.3724206810264
2017-08-15 01:00:00,1,300.8564507441347,300.32099583650313
2017-08-15 01:15:00,1,300.80416215122904,300.27011693510826
2017-08-15 01:30:00,1,300.75210933932965,300.21937451085296
2017-08-15 01:45:00,1,300.6998007561292,300.1683204818151
2017-08-15 02:00:00,1,300.6467133638757,300.11639268352945
2017-08-15 02:15:00,1,300.5925057338012,300.0630975824868
2017-08-15 02:30:00,1,300.5372747142109,300.0084087799208
2017-08-15 02:45:00,1,300.4818181920927,299.9530654500497
2017-08-15 03:00:00,1,300.4271396980739,299.89826631846404
2017-08-15 03:15:00,1,300.3739724901554,299.8450746801477
2017-08-15 03:30:00,1,300.32280872102825,299.79419354320606
2017-08-15 03:45:00,1,300.27420980688373,299.74618773198296
2017-08-15 04:00:00,1,300.2287618641394,299.7016336147043
2017-08-15 04:15:00,1,300.18685151293727,299.661146338437
2017-08-15 04:30:00,1,300.14850891109694,299.62478886232344
2017-08-15 04:45:00,1,300.11323696793977,299.59198974844867
2017-08-15 05:00:00,1,300.08031165781705,299.56189200065165
2017-08-15 05:15:00,1,300.049119381511,299.5337193253169
2017-08-15 05:30:00,1,300.0190575421984,299.5067133754051
2017-08-15 05:45:00,1,299.9897836325063,299.4804844389821
2017-08-15 06:00:00,1,299.96306814237204,299.45614599383265
2017-08-15 06:15:00,1,299.94167390182685,299.43608788553144
2017-08-15 06:30:00,1,299.9282779786726,299.42340177844034
2017-08-15 06:45:00,1,299.92600773456286,299.42147464812064
2017-08-15 07:00:00,1,299.93760266639714,299.43307111498234
2017-08-15 07:15:00,1,299.9640999779097,299.4591397554457
2017-08-15 07:30:00,1,300.0055232437361,299.4989099249849
2017-08-15 07:45:00,1,300.06248585095335,299.5508720556527
2017-08-15 08:00:00,1,300.13581430306806,299.6139146756286
2017-08-15 08:15:00,1,300.2263709482476,299.6843558931818
2017-08-15 08:30:00,1,300.33469780346906,299.76375904260385
2017-08-15 08:45:00,1,300.4596955632899,299.85619426907033
2017-08-15 09:00:00,1,300.5984691630384,299.95955562778386
2017-08-15 09:15:00,1,300.74715146415934,300.0778292521226
2017-08-15 09:30:00,1,300.9021589353805,300.2104040623099
2017-08-15 09:45:00,1,301.0613834909617,300.3584921940805
2017-08-15 10:00:00,1,301.2239115652352,300.52185368984516
2017-08-15 10:15:00,1,301.3886552500493,300.6892096673249
2017-08-15 10:30:00,1,301.5540012944385,300.8530897632681
2017-08-15 10:45:00,1,301.7175912264527,301.0114585331776
2017-08-15 11:00:00,1,301.87692505039035,301.164033794929
2017-08-15 11:15:00,1,302.02987635805374,301.30994293325887
2017-08-15 11:30:00,1,302.1749378178741,301.4478325958498
2017-08-15 11:45:00,1,302.3113328393139,301.57675105938245
2017-08-15 12:00:00,1,302.4387396614905,301.6963985944827
2017-08-15 12:15:00,1,302.557001703436,301.80678176458576
2017-08-15 12:30:00,1,302.6674276651849,301.9089158816788
2017-08-15 12:45:00,1,302.77474496186676,302.0060557337702
2017-08-15 13:00:00,1,302.8838010664075,302.1028416375004
2017-08-15 13:15:00,1,302.99682898060416,302.20309631404274
2017-08-15 13:30:00,1,303.11375126024984,302.3081866098509
2017-08-15 13:45:00,1,303.2327873890361,302.4169113029571
2017-08-15 14:00:00,1,303.35149057006504,302.52667617245555
2017-08-15 14:15:00,1,303.46733175277427,302.6347349895964
2017-08-15 14:30:00,1,303.5781335011932,302.73892260787136
2017-08-15 14:45:00,1,303.6823469908958,302.83780551968465
2017-08-15 15:00:00,1,303.7787066078714,302.9302749849636
2017-08-15 15:15:00,1,303.8656618585156,303.01506889440236
2017-08-15 15:30:00,1,303.9418573332317,303.0910149685362
2017-08-15 15:45:00,1,304.0066688803049,303.1574655575735
2017-08-15 16:00:00,1,304.05940169003156,303.21379082142863
2017-08-15 16:15:00,1,304.09841957570234,303.2585807143588
2017-08-15 16:30:00,1,304.12204014053987,303.29033008806977
2017-08-15 16:45:00,1,304.1293487732554,303.307968167067
2017-08-15 17:00:00,1,304.1201061771131,303.31074084144325
2017-08-15 17:15:00,1,304.0935414768732,303.29777226708404
2017-08-15 17:30:00,1,304.049482104787,303.2686115020826
2017-08-15 17:45:00,1,303.9886915980293,303.22368231371513
2017-08-15 18:00:00,1,303.9118343404517,303.16352665843607
2017-08-15 18:15:00,1,303.8179887080341,303.08749214899626
2017-08-15 18:30:00,1,303.70545431519037,302.9944833153128
2017-08-15 18:45:00,1,303.5737458215622,302.882614538904
2017-08-15 19:00:00,1,303.42255376777007,302.75158019072836
2017-08-15 19:15:00,1,303.25402404073293,302.6040918476658
2017-08-15 19:30:00,1,303.07639198536975,302.4471362486653
2017-08-15 19:45:00,1,302.8990024513022,302.2895751879093
2017-08-15 20:00:00,1,302.72790889711996,302.1353892077478
2017-08-15 20:15:00,1,302.56600679309224,301.987744968539
2017-08-15 20:30:00,1,302.4141756138414,301.84914292263346
2017-08-15 20:45:00,1,302.2720685377566,301.720524021236
2017-08-15 21:00:00,1,302.1388157400987,301.60059527080597
2017-08-15 21:15:00,1,302.0134706392393,301.4849851769067
2017-08-15 21:30:00,1,301.8951970745485,301.3717391396009
2017-08-15 21:45:00,1,301.7833824456568,301.2610484026738
2017-08-15 22:00:00,1,301.6775086887309,301.1535273675877
2017-08-15 22:15:00,1,301.57704307448876,301.0491563629792
2017-08-15 22:30:00,1,301.4814730054961,300.9469581073203
2017-08-15 22:45:00,1,301.3903925791117,300.85071936611297
2017-08-15 23:00:00,1,301.30346031003523,300.7627056076529
2017-08-15 23:15:00,1,301.2203341106316,300.6814333433625
2017-08-15 23:30:00,1,301.14067310208804,300.6045206171467
2017-08-15 23:45:00,1,301.06416561810755,300.5306193914978
2017-08-16 00:00:00,1,300.9905231530838,300.459393576807
2017-08-16 00:15:00,1,300.91947050470526,300.39081057273063
2017-08-16 00:30:00,1,300.8508463695895,300.3248127780373
2017-08-16 00:45:00,1,300.78481246490435,300.26144032982734
2017-08-16 01:00:00,1,300.72162138949665,300.20085549495724
2017-08-16 01:15:00,1,300.6613674057976,300.1431694658763
2017-08-16 01:30:00,1,300.60389827963326,300.08825774813107
2017-08-16 01:45:00,1,300.54870251949137,300.0356684309968
2017-08-16 02:00:00,1,300.49516503361406,299.98479004945705
2017-08-16 02:15:00,1,300.4428095897236,299.93510336168475
2017-08-16 02:30:00,1,300.3912988555342,299.88624632196394
2017-08-16 02:45:00,1,300.3403469178127,299.83794032445087
2017-08-16 03:00:00,1,300.2897099195185,299.78992945224354
2017-08-16 03:15:00,1,300.23921003567244,299.7419906842281
2017-08-16 03:30:00,1,300.18878197500317,299.6940273434378
2017-08-16 03:45:00,1,300.13855137087194,299.6461056666176
2017-08-16 04:00:00,1,300.0886745569752,299.5983333697239
2017-08-16 04:15:00,1,300.0392286863862,299.5507438165847
2017-08-16 04:30:00,1,299.99058502378455,299.5036752562542
2017-08-16 04:45:00,1,299.944258268345,299.45843826032666
2017-08-16 05:00:00,1,299.9021784580352,299.4171628246096
2017-08-16 05:15:00,1,299.8655810703754,299.3813962453108
2017-08-16 05:30:00,1,299.83457141000764,299.3513066518148
2017-08-16 05:45:00,1,299.8084769869887,299.32624786893786
2017-08-16 06:00:00,1,299.7881435275808,299.3063833217262
2017-08-16 06:15:00,1,299.77545565961043,299.2928119801343
2017-08-16 06:30:00,1,299.77234728978294,299.28757598413614
2017-08-16 06:45:00,1,299.78054375164777,299.29289909936875
2017-08-16 07:00:00,1,299.8013598996614,299.31043906616316
2017-08-16 07:15:00,1,299.8352775218627,299.34082977180447
2017-08-16 07:30:00,1,299.88215804354985,299.38299279104075
2017-08-16 07:45:00,1,299.9414725931814,299.43485029343265
2017-08-16 08:00:00,1,300.0126655404166,299.4942085019061
2017-08-16 08:15:00,1,300.0950005649183,299.55606754955994
2017-08-16 08:30:00,1,300.1878512030966,299.6233754171838
2017-08-16 08:45:00,1,300.2914185990882,299.70031065129234
2017-08-16 09:00:00,1,300.40593512697615,299.7876006336996
2017-08-16 09:15:00,1,300.53056489460886,299.88173748388897
2017-08-16 09:30:00,1,300.6639303813545,299.9862126909864
2017-08-16 09:45:00,1,300.80532260181764,300.1044715475531
2017-08-16 10:00:00,1,300.95447441385835,300.2383282379258
2017-08-16 10:15:00,1,301.1103445128792,300.39146879502476
2017-08-16 10:30:00,1,301.27095268311666,300.55340399950967
2017-08-16 10:45:00,1,301.43309203717735,300.7145494608145
2017-08-16 11:00:00,1,301.59329787213477,300.87040550751897
2017-08-16 11:15:00,1,301.7487001574353,301.0194550533169
2017-08-16 11:30:00,1,301.89738325058823,301.16104431748255
2017-08-16 11:45:00,1,302.0393317063828,301.2951545441681
2017-08-16 12:00:00,1,302.1755064159265,301.4235263479279
2017-08-16 12:15:00,1,302.3065875845705,301.54760074077876
2017-08-16 12:30:00,1,302.4337762820032,301.6683686791585
2017-08-16 12:45:00,1,302.5601316288797,301.7873882187372
2017-08-16 13:00:00,1,302.6883766713149,301.90682020974947
2017-08-16 13:15:00,1,302.81925917638114,302.02825678963245
2017-08-16 13:30:00,1,302.9522003632564,302.15207318064245
2017-08-16 13:45:00,1,303.0859824179478,302.2775012468515
2017-08-16 14:00:00,1,303.21834924587586,302.40268140971756
2017-08-16 14:15:00,1,303.34652404086245,302.5250922088116
2017-08-16 14:30:00,1,303.4681738526441,302.64235082157245
2017-08-16 14:45:00,1,303.5817407004289,302.7532620737397
2017-08-16 15:00:00,1,303.6861177952644,302.85768280276085
2017-08-16 15:15:00,1,303.7800368861168,302.954776868682
2017-08-16 15:30:00,1,303.86219609902724,303.04259796721976
2017-08-16 15:45:00,1,303.93144109301994,303.11919322182627
2017-08-16 16:00:00,1,303.9867617747129,303.1831567908009
2017-08-16 16:15:00,1,304.0266796712414,303.2325051833273
2017-08-16 16:30:00,1,304.05005787422687,303.26498566762314
2017-08-16 16:45:00,1,304.05706133949775,303.280494801073
2017-08-16 17:00:00,1,304.048658568755,303.28092845355394
2017-08-16 17:15:00,1,304.02511347470244,303.2678055524368
2017-08-16 17:30:00,1,303.9860210767337,303.2411935678849
2017-08-16 17:45:00,1,303.93102999707287,303.2006250856154
2017-08-16 18:00:00,1,303.8601113415218,303.145574722515
2017-08-16 18:15:00,1,303.7717071920809,303.07484455141844
2017-08-16 18:30:00,1,303.6636450464186,302.9858992992651
2017-08-16 18:45:00,1,303.5334779071506,302.87524325144904
2017-08-16 19:00:00,1,303.3788642812385,302.7405549227799
2017-08-16 19:15:00,1,303.20262620000557,302.5844382509954
2017-08-16 19:30:00,1,303.0146326914995,302.41551835199886
2017-08-16 19:45:00,1,302.8247064805074,302.24277189055704
2017-08-16 20:00:00,1,302.6385541926626,302.0717880648233
2017-08-16 20:15:00,1,302.45867632624754,301.9057081985297
2017-08-16 20:30:00,1,302.28608812183927,301.7474627646741
2017-08-16 20:45:00,1,302.1218090218899,301.598542346099
2017-08-16 21:00:00,1,301.9667024683337,301.4539462551704
2017-08-16 21:15:00,1,301.82101758052505,301.31216807852496
2017-08-16 21:30:00,1,301.68458551079163,301.17460078491297
2017-08-16 21:45:00,1,301.5572559186964,301.04280289561854
2017-08-16 22:00:00,1,301.43883233081004,300.91703516253864
2017-08-16 22:15:00,1,301.3289150993614,300.7984734681764
2017-08-16 22:30:00,1,301.22693220477265,300.69263610663637
2017-08-16 22:45:00,1,301.1322068990001,300.5988927895054
2017-08-16 23:00:00,1,301.04404103158777,300.5137407921387
2017-08-16 23:15:00,1,300.96174741351876,300.4345923628935
2017-08-16 23:30:00,1,300.88454861240035,300.3603435001707
2017-08-16 23:45:00,1,300.8113540765651,300.2902613627458
2017-08-17 00:00:00,1,300.7410324581392,300.22334452662136
2017-08-17 00:15:00,1,300.6727116985082,300.15850653802164
2017-08-17 00:30:00,1,300.6057475001566,300.0948673316138
2017-08-17 00:45:00,1,300.53954462709993,300.03174540088514
2017-08-17 01:00:00,1,300.4735652048426,299.9685458920075
2017-08-17 01:15:00,1,300.40742319663286,299.90475077521967
2017-08-17 01:30:00,1,300.3410497939095,299.8401641854422
2017-08-17 01:45:00,1,300.27494542634616,299.77526303760885
2017-08-17 02:00:00,1,300.20987996419075,299.71108155496876
2017-08-17 02:15:00,1,300.1464851276562,299.64869774176486
2017-08-17 02:30:00,1,300.0854536873034,299.58907535130373
2017-08-17 02:45:00,1,300.0282827036313,299.53334192683246
2017-08-17 03:00:00,1,299.9766488218469,299.48269516614783
2017-08-17 03:15:00,1,299.931608507373,299.4379819872819
2017-08-17 03:30:00,1,299.89330183970685,299.3994089470677
2017-08-17 03:45:00,1,299.8605762860191,299.365995714915
2017-08-17 04:00:00,1,299.8317681906853,299.33611663466087
2017-08-17 04:15:00,1,299.8055704586538,299.30838608511044
2017-08-17 04:30:00,1,299.781255342864,299.282119998847
2017-08-17 04:45:00,1,299.75867831278674,299.25708019327396
2017-08-17 05:00:00,1,299.7379659779997,299.2335098690979
2017-08-17 05:15:00,1,299.71922905382786,299.2117309861046
2017-08-17 05:30:00,1,299.70232359678994,299.19178929821743
2017-08-17 05:45:00,1,299.68714537709343,299.17396517036394
2017-08-17 06:00:00,1,299.67550077394367,299.1598507152436
2017-08-17 06:15:00,1,299.6698225150344,299.15185794094805
2017-08-17 06:30:00,1,299.6719063610047,299.1521753125373
2017-08-17 06:45:00,1,299.6834503901325,299.16247663063143
2017-08-17 07:00:00,1,299.70622676265936,299.1840292221138
2017-08-17 07:15:00,1,299.7413958690272,299.2170953166961
2017-08-17 07:30:00,1,299.7890542299142,299.26045800162336
2017-08-17 07:45:00,1,299.8488285145772,299.3124282551862
2017-08-17 08:00:00,1,299.9205239314435,299.3708948867345
2017-08-17 08:15:00,1,300.004523754174,299.43241543395266
2017-08-17 08:30:00,1,300.10162833682,299.5035721499809
2017-08-17 08:45:00,1,300.2128946075904,299.58875086262816
2017-08-17 09:00:00,1,300.3387268170619,299.6874173948524
2017-08-17 09:15:00,1,300.4775683793286,299.79527022351067
2017-08-17 09:30:00,1,300.6267449230067,299.9175993617318
2017-08-17 09:45:00,1,300.7839926918412,300.0567078277622
2017-08-17 10:00:00,1,300.9475930917459,300.21817603829646
2017-08-17 10:15:00,1,301.1157589740702,300.3895438196704
2017-08-17 10:30:00,1,301.28683120028086,300.5611838264535
2017-08-17 10:45:00,1,301.45988523010084,300.73050166390067
2017-08-17 11:00:00,1,301.6343922165946,300.89865982628885
2017-08-17 11:15:00,1,301.80953898573017,301.0665836537094
2017-08-17 11:30:00,1,301.9837717810479,301.2332943738443
2017-08-17 11:45:00,1,302.1539753556248,301.3965113269441
2017-08-17 12:00:00,1,302.3166489678832,301.55289230481327
2017-08-17 12:15:00,1,302.46931970136893,301.6996594013819
2017-08-17 12:30:00,1,302.61174217081066,301.83597035246595
2017-08-17 12:45:00,1,302.74678909699117,301.9633858918143
2017-08-17 13:00:00,1,302.87756163909233,302.0847915917799
2017-08-17 13:15:00,1,303.0052701878396,302.2025460091066
2017-08-17 13:30:00,1,303.1297985604154,302.31790820044915
2017-08-17 13:45:00,1,303.25083196527277,302.43161640289605
2017-08-17 14:00:00,1,303.3679204653688,302.54371712307153
2017-08-17 14:15:00,1,303.4801133678598,302.6532155642938
2017-08-17 14:30:00,1,303.58631632696716,302.7585548491692
2017-08-17 14:45:00,1,303.68584387304395,302.8579303799392
2017-08-17 15:00:00,1,303.77811993826873,302.9494265557761
2017-08-17 15:15:00,1,303.8621238867395,303.0319009392151
2017-08-17 15:30:00,1,303.93694947590984,303.1055663086676
2017-08-17 15:45:00,1,304.00281177555945,303.17223222859224
2017-08-17 16:00:00,1,304.0602831781589,303.23386117778267
2017-08-17 16:15:00,1,304.1084120602322,303.29004814193956
2017-08-17 16:30:00,1,304.1451485791559,303.33790703539904
2017-08-17 16:45:00,1,304.1680307285912,303.3740552506437
2017-08-17 17:00:00,1,304.17545840996644,303.3961761083546
2017-08-17 17:15:00,1,304.1663037359019,303.4024877742685
2017-08-17 17:30:00,1,304.1398262820309,303.3914147102722
2017-08-17 17:45:00,1,304.09581920816316,303.36245027917283
2017-08-17 18:00:00,1,304.0335939078768,303.3153522360435
2017-08-17 18:15:00,1,303.9500148184404,303.2474398983333
2017-08-17 18:30:00,1,303.84178194553306,303.15502598551666
2017-08-17 18:45:00,1,303.706619094131,303.0359556965701
2017-08-17 19:00:00,1,303.5431708152002,302.8894346348253
2017-08-17 19:15:00,1,303.3542155441664,302.71866119197773
2017-08-17 19:30:00,1,303.15040275049273,302.53278342909255
2017-08-17 19:45:00,1,302.9437158152781,302.34317674648656
2017-08-17 20:00:00,1,302.74185519706134,302.15624635292244
2017-08-17 20:15:00,1,302.5484831086543,301.97646326668075
2017-08-17 20:30:00,1,302.36510648265084,301.80724638229003
2017-08-17 20:45:00,1,302.1928455630906,301.65213050279715
2017-08-17 21:00:00,1,302.0324989517782,301.50361968712355
2017-08-17 21:15:00,1,301.88418635535936,301.3601767496246
2017-08-17 21:30:00,1,301.7473759553046,301.22344247342045
2017-08-17 21:45:00,1,301.6209134053604,301.09446568005467
2017-08-17 22:00:00,1,301.5034382063915,300.9725537374195
2017-08-17 22:15:00,1,301.3937450179504,300.85574310014624
2017-08-17 22:30:00,1,301.2908751448817,300.7466985735794
2017-08-17 22:45:00,1,301.1941495926453,300.64830630693984
2017-08-17 23:00:00,1,301.10304801679706,300.5591178401635
2017-08-17 23:15:00,1,301.01707685911543,300.4763060830099
2017-08-17 23:30:00,1,300.9356140526562,300.39795072690976
2017-08-17 23:45:00,1,300.85765729388373,300.3230028818602
2017-08-18 00:00:00,1,300.782137600936,300.25062597616954
2017-08-18 00:15:00,1,300.7082565587423,300.18001467806664
2017-08-18 00:30:00,1,300.63576024171306,300.1107813558335
2017-08-18 00:45:00,1,300.5654073668941,300.04336782121294
2017-08-18 01:00:00,1,300.4982656240115,299.97873062791786
2017-08-18 01:15:00,1,300.43499675825797,299.91766361107415
2017-08-18 01:30:00,1,300.3758524992699,299.86045503553055
2017-08-18 01:45:00,1,300.3209120739767,299.806993239952
2017-08-18 02:00:00,1,300.27019199380885,299.75703661443765
2017-08-18 02:15:00,1,300.2236545687847,299.710386452457
2017-08-18 02:30:00,1,300.18096274397703,299.6667423515416
2017-08-18 02:45:00,1,300.14086213299015,299.62536214035526
2017-08-18 03:00:00,1,300.1017091115721,299.5851176672254
2017-08-18 03:15:00,1,300.06221652130665,299.544903845676
2017-08-18 03:30:00,1,300.0219267753711,299.50426000981037
2017-08-18 03:45:00,1,299.9819338845092,299.4639121400078
2017-08-18 04:00:00,1,299.943991396266,299.425536785325
2017-08-18 04:15:00,1,299.9093733296955,299.3905122023496
2017-08-18 04:30:00,1,299.8785553124304,299.3593110805674
2017-08-18 04:45:00,1,299.8511504905538,299.3315261185854
2017-08-18 05:00:00,1,299.8264345181653,299.3062304092061
2017-08-18 05:15:00,1,299.8038318985154,299.2826169784031
2017-08-18 05:30:00,1,299.7829676826348,299.2602399540431
2017-08-18 05:45:00,1,299.76419830840905,299.23968752561717
2017-08-18 06:00:00,1,299.7501416786007,299.2232560492041
2017-08-18 06:15:00,1,299.7436379709155,299.2139476054649
2017-08-18 06:30:00,1,299.7461898929942,299.2138061201719
2017-08-18 06:45:00,1,299.75843690236053,299.2235407119512
2017-08-18 07:00:00,1,299.7806977785768,299.2430799354142
2017-08-18 07:15:00,1,299.81330232143966,299.2721155195427
2017-08-18 07:30:00,1,299.8572763167016,299.3101844207217
2017-08-18 07:45:00,1,299.9142167787578,299.3572029040255
2017-08-18 08:00:00,1,299.986067100375,299.4120992012896
2017-08-18 08:15:00,1,300.0741059298169,299.4724175219633
2017-08-18 08:30:00,1,300.17830854344373,299.5449079427907
2017-08-18 08:45:00,1,300.29667665747974,299.63235071434354
2017-08-18 09:00:00,1,300.4254952365182,299.7316639096117
2017-08-18 09:15:00,1,300.5605302043654,299.83583181376616
2017-08-18 09:30:00,1,300.6982718866992,299.9483885486036
2017-08-18 09:45:00,1,300.83758001020453,300.07106981728754
2017-08-18 10:00:00,1,300.97863873309893,300.2092840616781
2017-08-18 10:15:00,1,301.1212291551545,300.35361456137605
2017-08-18 10:30:00,1,301.26502631550164,300.49734144669566
2017-08-18 10:45:00,1,301.41096512338794,300.6399540103229
2017-08-18 11:00:00,1,301.56040214641814,300.78422157775356
2017-08-18 11:15:00,1,301.7137922805631,300.9323230125798
2017-08-18 11:30:00,1,301.87011605266053,301.08377825447053
2017-08-18 11:45:00,1,302.0259990257626,301.23522667608165
2017-08-18 12:00:00,1,302.1773619851721,301.3821453961671
2017-08-18 12:15:00,1,302.3212126193814,301.5209479442377
2017-08-18 12:30:00,1,302.4570668426713,301.6503366456488
2017-08-18 12:45:00,1,302.58822782003386,301.7714132944097
2017-08-18 13:00:00,1,302.7184191784408,301.88926018282274
2017-08-18 13:15:00,1,302.8491481221853,302.0080314532683
2017-08-18 13:30:00,1,302.9798656076207,302.1288472664276
2017-08-18 13:45:00,1,303.10841824550107,302.2499202863681
2017-08-18 14:00:00,1,303.2321671564414,302.3681894640644
2017-08-18 14:15:00,1,303.34872180563394,302.4808533238349
2017-08-18 14:30:00,1,303.4562709621861,302.5860033609022
2017-08-18 14:45:00,1,303.55372127571303,302.68255430886313
2017-08-18 15:00:00,1,303.64031247052014,302.76974473617486
2017-08-18 15:15:00,1,303.71511641746196,302.8458926745157
2017-08-18 15:30:00,1,303.7777079979111,302.909931958251
2017-08-18 15:45:00,1,303.8292844224231,302.96417551641844
2017-08-18 16:00:00,1,303.87138851452045,303.011925050819
2017-08-18 16:15:00,1,303.904448362921,303.05421803946297
2017-08-18 16:30:00,1,303.927409911555,303.0894423902296
2017-08-18 16:45:00,1,303.93834172618955,303.1150604256034
2017-08-18 17:00:00,1,303.9358928279184,303.1291401463582
2017-08-18 17:15:00,1,303.91906106128545,303.1306010021565
2017-08-18 17:30:00,1,303.8872483516773,303.1192684615412
2017-08-18 17:45:00,1,303.840366789525,303.09147980328436
2017-08-18 18:00:00,1,303.7775875059524,303.04547965297246
2017-08-18 18:15:00,1,303.6951047840355,302.97903281568944
2017-08-18 18:30:00,1,303.5887855778156,302.8888618243645
2017-08-18 18:45:00,1,303.4555739900832,302.77176866533927
2017-08-18 19:00:00,1,303.29344345099634,302.6259661149219
2017-08-18 19:15:00,1,303.1045345116722,302.45467083949075
2017-08-18 19:30:00,1,302.89949567677866,302.2648396267072
2017-08-18 19:45:00,1,302.6911937614753,302.06901454797736
2017-08-18 20:00:00,1,302.48844228052525,301.8770783948342
2017-08-18 20:15:00,1,302.2957198856488,301.6948912136685
2017-08-18 20:30:00,1,302.1147275104589,301.5273253073061
2017-08-18 20:45:00,1,301.9456768230743,301.3721262771339
2017-08-18 21:00:00,1,301.788052484463,301.2231570054709
2017-08-18 21:15:00,1,301.64102398866925,301.07840746070104
2017-08-18 21:30:00,1,301.50378542955593,300.93866822269644
2017-08-18 21:45:00,1,301.3759376581992,300.8047003374083
2017-08-18 22:00:00,1,301.2572487381853,300.67841089448757
2017-08-18 22:15:00,1,301.1473319293411,300.56619544176704
2017-08-18 22:30:00,1,301.04544096249145,300.46723028687995
2017-08-18 22:45:00,1,300.9501524871951,300.3769945808963
2017-08-18 23:00:00,1,300.8598771337453,300.29174331448706
2017-08-18 23:15:00,1,300.77338085892353,300.2097242476213
2017-08-18 23:30:00,1,300.6900092026658,300.13055253266793
2017-08-18 23:45:00,1,300.60997844189467,300.05456936512405
2017-08-19 00:00:00,1,300.53380926561044,299.98233051101334
2017-08-19 00:15:00,1,300.4617722415972,299.9141945466251
2017-08-19 00:30:00,1,300.3936855328646,299.8500098032008
2017-08-19 00:45:00,1,300.3286749472282,299.7889743812286
2017-08-19 01:00:00,1,300.2656511551738,299.72995261479775
2017-08-19 01:15:00,1,300.20378287060345,299.6719565810472
2017-08-19 01:30:00,1,300.14256554481614,299.61440010100705
2017-08-19 01:45:00,1,300.0818035185915,299.5570827328064
2017-08-19 02:00:00,1,300.02145928914996,299.5000110709379
2017-08-19 02:15:00,1,299.96151606196673,299.44322406377137
2017-08-19 02:30:00,1,299.9019845666807,299.3867594952308
2017-08-19 02:45:00,1,299.8429757062507,299.330667639411
2017-08-19 03:00:00,1,299.78458276404274,299.27494404087327
2017-08-19 03:15:00,1,299.7268428357916,299.2195237006767
2017-08-19 03:30:00,1,299.6700243802175,299.16457376422665
2017-08-19 03:45:00,1,299.61502086267615,299.1108249200884
2017-08-19 04:00:00,1,299.56290171333217,299.05936126349656
2017-08-19 04:15:00,1,299.51441370259107,299.01110622550846
2017-08-19 04:30:00,1,299.47002694443444,298.9666344169121
2017-08-19 04:45:00,1,299.4302802728991,298.9265201469039
2017-08-19 05:00:00,1,299.3956787299756,298.8910984997891
2017-08-19 05:15:00,1,299.36646860368717,298.86049143694
2017-08-19 05:30:00,1,299.3424564503912,298.8345831739452
2017-08-19 05:45:00,1,299.3233937972209,298.81357028658044
2017-08-19 06:00:00,1,299.3110132910945,298.7987756893091
2017-08-19 06:15:00,1,299.30751790856044,298.7923993330387
2017-08-19 06:30:00,1,299.3141424241615,298.7961574133526
2017-08-19 06:45:00,1,299.3317362576001,298.8108935634922
2017-08-19 07:00:00,1,299.36106350156433,298.8368041460119
2017-08-19 07:15:00,1,299.40225266343924,298.87327663898793
2017-08-19 07:30:00,1,299.4552537996182,298.9188957448322
2017-08-19 07:45:00,1,299.52018203052916,298.9725593398987
2017-08-19 08:00:00,1,299.5974839914734,299.03306011403396
2017-08-19 08:15:00,1,299.68832918914575,299.09654443876707
2017-08-19 08:30:00,1,299.79390331989964,299.1707491820396
2017-08-19 08:45:00,1,299.91370789070714,299.2598913423659
2017-08-19 09:00:00,1,300.0448798833276,299.36190541919467
2017-08-19 09:15:00,1,300.18340776952874,299.47140959561386
2017-08-19 09:30:00,1,300.32610649141213,299.58371187168166
2017-08-19 09:45:00,1,300.4724626652808,299.7042168457391
2017-08-19 10:00:00,1,300.62339685544066,299.83714190663017
2017-08-19 10:15:00,1,300.7793410381273,299.9887354894268
2017-08-19 10:30:00,1,300.94022029030526,300.1521151153269
2017-08-19 10:45:00,1,301.10645047393984,300.3196547937935
2017-08-19 11:00:00,1,301.27853773429354,300.48931135122234
2017-08-19 11:15:00,1,301.45627140988285,300.6622181486346
2017-08-19 11:30:00,1,301.6379352731514,300.8381990366792
2017-08-19 11:45:00,1,301.81861691404083,301.0134266646653
2017-08-19 12:00:00,1,301.9924350579406,301.1820500247968
2017-08-19 12:15:00,1,302.1552336575678,301.3392158005137
2017-08-19 12:30:00,1,302.30622481473847,301.4831647435007
2017-08-19 12:45:00,1,302.4492483178844,301.61719656428085
2017-08-19 13:00:00,1,302.5889570447926,301.74650041331347
2017-08-19 13:15:00,1,302.72772724328297,301.875101522236
2017-08-19 13:30:00,1,302.8658228804313,302.0043940370684
2017-08-19 13:45:00,1,303.00216014461097,302.1335520798598
2017-08-19 14:00:00,1,303.13502823726765,302.2606888828617
2017-08-19 14:15:00,1,303.26244583209547,302.38342096834833
2017-08-19 14:30:00,1,303.3826436144404,302.4993778253257
2017-08-19 14:45:00,1,303.4944997256321,302.60715425188477
2017-08-19 15:00:00,1,303.597166563005,302.7062815927961
2017-08-19 15:15:00,1,303.6894976575192,302.7963649002693
2017-08-19 15:30:00,1,303.7701697012924,302.8770094140466
2017-08-19 15:45:00,1,303.83775023526755,302.9478865986899
2017-08-19 16:00:00,1,303.89100478990855,303.00810974408967
2017-08-19 16:15:00,1,303.9288162936569,303.05610944606565
2017-08-19 16:30:00,1,303.9501504012061,303.0903528104124
2017-08-19 16:45:00,1,303.9549726612424,303.11037525002433
2017-08-19 17:00:00,1,303.94415653794886,303.11659030113117
2017-08-19 17:15:00,1,303.91803693228366,303.109233948007
2017-08-19 17:30:00,1,303.87663542059556,303.08854633866423
2017-08-19 17:45:00,1,303.8202385869221,303.05325978691184
2017-08-19 18:00:00,1,303.7483241617038,303.0003387407619
2017-08-19 18:15:00,1,303.6573963157638,302.9268479164617
2017-08-19 18:30:00,1,303.543454343462,302.8298044610185
2017-08-19 18:45:00,1,303.4033521818527,302.70644424414957
2017-08-19 19:00:00,1,303.23528103992567,302.5553762974308
2017-08-19 19:15:00,1,303.04208755588996,302.3801978220539
2017-08-19 19:30:00,1,302.83460386928544,302.1895522532783
2017-08-19 19:45:00,1,302.62491342142994,301.9942819058727
2017-08-19 20:00:00,1,302.42084004691657,301.80274042442124
2017-08-19 20:15:00,1,302.2261983624411,301.61999198955976
2017-08-19 20:30:00,1,302.04246505135137,301.45041317639595
2017-08-19 20:45:00,1,301.870185229378,301.29404869240255
2017-08-19 21:00:00,1,301.7093692850027,301.144265541285
2017-08-19 21:15:00,1,301.5595599847646,300.99866896063753
2017-08-19 21:30:00,1,301.4200111760513,300.8581701599706
2017-08-19 21:45:00,1,301.2898465584103,300.7236930822419
2017-08-19 22:00:00,1,301.1681695428252,300.5944224130688
2017-08-19 22:15:00,1,301.05412377160957,300.4747024491103
2017-08-19 22:30:00,1,300.94686901565905,300.36716167591004
2017-08-19 22:45:00,1,300.84547425110503,300.2692473199081
2017-08-19 23:00:00,1,300.74901311947593,300.17727237561303
2017-08-19 23:15:00,1,300.65669521516674,300.08908413586914
2017-08-19 23:30:00,1,300.56802589138897,300.0041423721461
2017-08-19 23:45:00,1,300.4831054608365,299.9227431228664
2017-08-20 00:00:00,1,300.4022743711052,299.84534148361234
2017-08-20 00:15:00,1,300.32569640453,299.772184806562
2017-08-20 00:30:00,1,300.25322789028354,299.7031370292269
2017-08-20 00:45:00,1,300.18431420334906,299.6376638417424
2017-08-20 01:00:00,1,300.11826123567675,299.5750469239787
2017-08-20 01:15:00,1,300.0545008747594,299.5146543785319
2017-08-20 01:30:00,1,299.99274283808415,299.4561855351836
2017-08-20 01:45:00,1,299.9331923550686,299.3998045473436
2017-08-20 02:00:00,1,299.876232232343,299.3459346383192
2017-08-20 02:15:00,1,299.8220781518372,299.2949050830105
2017-08-20 02:30:00,1,299.7705853832087,299.24660083078834
2017-08-20 02:45:00,1,299.72096777342006,299.2002834526746
2017-08-20 03:00:00,1,299.6722365227615,299.15489770232773
2017-08-20 03:15:00,1,299.6236649059279,299.1095561931617
2017-08-20 03:30:00,1,299.5750080807208,299.06391795413333
2017-08-20 03:45:00,1,299.5268051606785,299.0183021806465
2017-08-20 04:00:00,1,299.4798988428332,298.97334137531607
2017-08-20 04:15:00,1,299.43496193481843,298.9295631328491
2017-08-20 04:30:00,1,299.39235791149457,298.88721301531984
2017-08-20 04:45:00,1,299.3517860228172,298.846211286111
2017-08-20 05:00:00,1,299.3125443893536,298.8062556885016
2017-08-20 05:15:00,1,299.274004128211,298.7671526482238
2017-08-20 05:30:00,1,299.2356986607177,298.72859776662267
2017-08-20 05:45:00,1,299.19787519503006,298.6909758721344
2017-08-20 06:00:00,1,299.16301120381354,298.6564079732329
2017-08-20 06:15:00,1,299.13424226099386,298.62805697512226
2017-08-20 06:30:00,1,299.1146246862862,298.60938644408054
2017-08-20 06:45:00,1,299.1077870832744,298.6037951826279
2017-08-20 07:00:00,1,299.11685106352206,298.6136842536314
2017-08-20 07:15:00,1,299.14273675765884,298.6391467122019
2017-08-20 07:30:00,1,299.1847446418916,298.67860025262564
2017-08-20 07:45:00,1,299.24248787684996,298.7301723337815
2017-08-20 08:00:00,1,299.3167245420333,298.7929149091354
2017-08-20 08:15:00,1,299.40937312351986,298.866280724886
2017-08-20 08:30:00,1,299.52158449902953,298.94641689716923
2017-08-20 08:45:00,1,299.6523123950029,299.04032625479607
2017-08-20 09:00:00,1,299.7991179692741,299.1500888676385
2017-08-20 09:15:00,1,299.9590488793822,299.2711263758854
2017-08-20 09:30:00,1,300.129315663627,299.40162201973243
2017-08-20 09:45:00,1,300.30725606409453,299.5457246615267
2017-08-20 10:00:00,1,300.4900079273543,299.7047594559787
2017-08-20 10:15:00,1,300.67452998795676,299.88335350997045
2017-08-20 10:30:00,1,300.85828748849576,300.0677322576639
2017-08-20 10:45:00,1,301.04011168182797,300.24786956575605
2017-08-20 11:00:00,1,301.2195966730864,300.4219844327542
2017-08-20 11:15:00,1,301.39610751284806,300.5918535546967
2017-08-20 11:30:00,1,301.5684833576147,300.7581436655613
2017-08-20 11:45:00,1,301.7347662830857,300.91927317533026
2017-08-20 12:00:00,1,301.8929064021673,301.07274149660464
2017-08-20 12:15:00,1,302.0414542155541,301.2165731560075
2017-08-20 12:30:00,1,302.18092478658866,301.3502843270852
2017-08-20 12:45:00,1,302.3154553902395,301.4771252069949
2017-08-20 13:00:00,1,302.44948768825486,301.6016703859126
2017-08-20 13:15:00,1,302.5850165320361,301.7274791203664
2017-08-20 13:30:00,1,302.72158789412896,301.8552961207019
2017-08-20 13:45:00,1,302.8564588817237,301.98277440570547
2017-08-20 14:00:00,1,302.9861356369265,302.10604558691387
2017-08-20 14:15:00,1,303.10756724990813,302.2215937405271
2017-08-20 14:30:00,1,303.2188633040901,302.3275604220495
2017-08-20 14:45:00,1,303.31995160235067,302.4240924573155
2017-08-20 15:00:00,1,303.41135594773084,302.51216166670486
2017-08-20 15:15:00,1,303.4930081326182,302.5923263626894
2017-08-20 15:30:00,1,303.56467147466077,302.66491161343293
2017-08-20 15:45:00,1,303.62570014978814,302.7301013589142
2017-08-20 16:00:00,1,303.675014831868,302.787034873631
2017-08-20 16:15:00,1,303.7110399889139,302.8336931242148
2017-08-20 16:30:00,1,303.73247713846985,302.8681543540804
2017-08-20 16:45:00,1,303.7390530995372,302.88973546661094
2017-08-20 17:00:00,1,303.73116128391734,302.8985098824671
2017-08-20 17:15:00,1,303.7085788122241,302.89378052556043
2017-08-20 17:30:00,1,303.67078873730145,302.8742539644413
2017-08-20 17:45:00,1,303.6177007295791,302.8398258286805
2017-08-20 18:00:00,1,303.54884351767174,302.7879523401974
2017-08-20 18:15:00,1,303.4615111809594,302.7166741398617
2017-08-20 18:30:00,1,303.35251245942544,302.6240334487368
2017-08-20 18:45:00,1,303.219371011035,302.507924777437
2017-08-20 19:00:00,1,303.0608579904536,302.3673112051559
2017-08-20 19:15:00,1,302.88040855190417,302.20569334373505
2017-08-20 19:30:00,1,302.68828552170976,302.0322581280877
2017-08-20 19:45:00,1,302.49480421994156,301.8558636234449
2017-08-20 20:00:00,1,302.30606367583056,301.68266728065765
2017-08-20 20:15:00,1,302.12481899362245,301.5156238974769
2017-08-20 20:30:00,1,301.95230158956275,301.3572032441176
2017-08-20 20:45:00,1,301.78991266045705,301.21006091411255
2017-08-20 21:00:00,1,301.63890392292456,301.07150752149255
2017-08-20 21:15:00,1,301.49972040094576,300.9392873761739
2017-08-20 21:30:00,1,301.3719498928142,300.81367340843184
2017-08-20 21:45:00,1,301.2543002762028,300.69526625405393
2017-08-20 22:00:00,1,301.14519194083516,300.5835154071839
2017-08-20 22:15:00,1,301.0432767928968,300.4767860415069
2017-08-20 22:30:00,1,300.9474962988771,300.3754601206071
2017-08-20 22:45:00,1,300.8569855478567,300.28311229121005
2017-08-20 23:00:00,1,300.7710272906703,300.1990737216155
2017-08-20 23:15:00,1,300.68903256057615,300.12060152225274
2017-08-20 23:30:00,1,300.61048133225916,300.04561999175115
2017-08-20 23:45:00,1,300.5348265208735,299.97325638586426
2017-08-21 00:00:00,1,300.46154075046144,299.9031936733625
2017-08-21 00:15:00,1,300.39018838003074,299.8351459427373
2017-08-21 00:30:00,1,300.3204836535175,299.7687944666347
2017-08-21 00:45:00,1,300.2524000242521,299.7039698756532
2017-08-21 01:00:00,1,300.1860253008672,299.640693951741
2017-08-21 01:15:00,1,300.1213910449631,299.5790459473488
2017-08-21 01:30:00,1,300.05847752532674,299.5190734878408
2017-08-21 01:45:00,1,299.9972824753725,299.4607858944251
2017-08-21 02:00:00,1,299.9377549606067,299.40412160168194
2017-08-21 02:15:00,1,299.879755652543,299.34891331769825
2017-08-21 02:30:00,1,299.82301117740286,299.29481552573964
2017-08-21 02:45:00,1,299.7669862487999,299.2412453574383
2017-08-21 03:00:00,1,299.7111096772464,299.1875386608271
2017-08-21 03:15:00,1,299.65502206989095,299.1332239159922
2017-08-21 03:30:00,1,299.59873987388437,299.07831624277804
2017-08-21 03:45:00,1,299.5428155333825,299.02343740228196
2017-08-21 04:00:00,1,299.4879593082245,298.969497300635
2017-08-21 04:15:00,1,299.43468602206167,298.9172471909429
2017-08-21 04:30:00,1,299.38348725174717,298.8673055792339
2017-08-21 04:45:00,1,299.3354291190472,298.82058567855535
2017-08-21 05:00:00,1,299.291799156921,298.77826927397075
2017-08-21 05:15:00,1,299.2534418668644,298.74143510666204
2017-08-21 05:30:00,1,299.22064788958045,298.7103711156305
2017-08-21 05:45:00,1,299.1939410013803,298.6853038297571
2017-08-21 06:00:00,1,299.175491712651,298.66757807974744
2017-08-21 06:15:00,1,299.16777612316884,298.6589722825744
2017-08-21 06:30:00,1,299.17217016456453,298.6610685226853
2017-08-21 06:45:00,1,299.18852911727885,298.6744870804565
2017-08-21 07:00:00,1,299.2160166473387,298.698946312914
2017-08-21 07:15:00,1,299.2539079213879,298.7338707503471
2017-08-21 07:30:00,1,299.3026441737317,298.7784397086982
2017-08-21 07:45:00,1,299.3640703398757,298.83287785954224
2017-08-21 08:00:00,1,299.44027450618364,298.8974905024588
2017-08-21 08:15:00,1,299.5317269346017,298.97018223720795
2017-08-21 08:30:00,1,299.63745573177397,299.0470969222512
2017-08-21 08:45:00,1,299.75799002774073,299.1328709918458
2017-08-21 09:00:00,1,299.89485353282885,299.23040315258515
2017-08-21 09:15:00,1,300.0484666917736,299.3488240010189
2017-08-21 09:30:00,1,300.21743347887883,299.48982366551024
2017-08-21 09:45:00,1,300.39758806421787,299.64968049033223
2017-08-21 10:00:00,1,300.5830438804608,299.83061622629583
2017-08-21 10:15:00,1,300.7682315224201,300.0162420583215
2017-08-21 10:30:00,1,300.9495955400453,300.19528747276877
2017-08-21 10:45:00,1,301.1270032476185,300.3663564911918
2017-08-21 11:00:00,1,301.30194092829413,300.5330506929178
2017-08-21 11:15:00,1,301.4752966336642,300.6983375830613
2017-08-21 11:30:00,1,301.6467414236679,300.8623647418392
2017-08-21 11:45:00,1,301.8143555557178,301.02299163345265
2017-08-21 12:00:00,1,301.975668946276,301.17741502524973
2017-08-21 12:15:00,1,302.12893794175505,301.3234917435478
2017-08-21 12:30:00,1,302.2744727307406,301.4604094805331
2017-08-21 12:45:00,1,302.41458737399665,301.5903394859356
2017-08-21 13:00:00,1,302.55124124019704,301.71584445837385
2017-08-21 13:15:00,1,302.6847950862409,301.8385017290902
2017-08-21 13:30:00,1,302.814514546517,301.95850021135016
2017-08-21 13:45:00,1,302.9392443048716,302.07506694692336
2017-08-21 14:00:00,1,303.0576532785942,302.1869626334344
2017-08-21 14:15:00,1,303.16815895631225,302.29271378870624
2017-08-21 14:30:00,1,303.2694299235948,302.39106257223676
2017-08-21 14:45:00,1,303.36097264977093,302.4813979023931
2017-08-21 15:00:00,1,303.44256774611114,302.5634595147419
2017-08-21 15:15:00,1,303.5137068916482,302.63694911171626
2017-08-21 15:30:00,1,303.5741983388538,302.7016579208739
2017-08-21 15:45:00,1,303.62406667803003,302.7574883694964
2017-08-21 16:00:00,1,303.6629699786033,302.8039545086913
2017-08-21 16:15:00,1,303.6896017166296,302.83903846083047
2017-08-21 16:30:00,1,303.70248581088714,302.8606113663927
2017-08-21 16:45:00,1,303.7005477877415,302.8688377423526
2017-08-21 17:00:00,1,303.68268697197396,302.86416398308734
2017-08-21 17:15:00,1,303.6471209154037,302.84531580328695
2017-08-21 17:30:00,1,303.5932345371435,302.81073577734986
2017-08-21 17:45:00,1,303.52221956421226,302.7603446168999
2017-08-21 18:00:00,1,303.4349825760817,302.6949222489727
2017-08-21 18:15:00,1,303.33004873489654,302.6112167043908
2017-08-21 18:30:00,1,303.2055740924754,302.5061678778386
2017-08-21 18:45:00,1,303.058271035208,302.3765166040183
2017-08-21 19:00:00,1,302.8845974471356,302.22087182564184
2017-08-21 19:15:00,1,302.6917300727519,302.04524406494016
2017-08-21 19:30:00,1,302.4923341643833,301.8604520257001
2017-08-21 19:45:00,1,302.29569636681344,301.67702540291737
2017-08-21 20:00:00,1,302.10659601172836,301.50069660524554
2017-08-21 20:15:00,1,301.9268761917053,301.33355325479255
2017-08-21 20:30:00,1,301.75708432067756,301.1784417934934
2017-08-21 20:45:00,1,301.5978125645192,301.03165398046565
2017-08-21 21:00:00,1,301.44953941617393,300.89002583015343
2017-08-21 21:15:00,1,301.31221082549774,300.7538418807556
2017-08-21 21:30:00,1,301.18525597587444,300.6244124012929
2017-08-21 21:45:00,1,301.0676416932274,300.50188026405243
2017-08-21 22:00:00,1,300.9582018412487,300.3844422926153
2017-08-21 22:15:00,1,300.8559034653415,300.2776074794956
2017-08-21 22:30:00,1,300.7599411223729,300.18234396279496
2017-08-21 22:45:00,1,300.66981161529094,300.0957398240339
2017-08-21 23:00:00,1,300.5851329945802,300.01499289627856
2017-08-21 23:15:00,1,300.5054904294721,299.93888536227416
2017-08-21 23:30:00,1,300.430372117056,299.8670569143699
2017-08-21 23:45:00,1,300.35908002985036,299.7990874295135
2017-08-22 00:00:00,1,300.29090938452094,299.7343167959877
2017-08-22 00:15:00,1,300.2253051256584,299.6720871855677
2017-08-22 00:30:00,1,300.1618487343739,299.6119214191518
2017-08-22 00:45:00,1,300.1001958034466,299.55348232655706
2017-08-22 01:00:00,1,300.0400536677878,299.49648448999403
2017-08-22 01:15:00,1,299.98118565548145,299.44066864404516
2017-08-22 01:30:00,1,299.92351731999565,299.3859538903984
2017-08-22 01:45:00,1,299.86736732409173,299.3326106792394
2017-08-22 02:00:00,1,299.81317702394637,299.28112352263514
2017-08-22 02:15:00,1,299.7612173462725,299.2318945399904
2017-08-22 02:30:00,1,299.71184908033877,299.1852465784639
2017-08-22 02:45:00,1,299.66622654599524,299.1417580160969
2017-08-22 03:00:00,1,299.625767100256,299.10240516836075
2017-08-22 03:15:00,1,299.5914029679875,299.06791172001147
2017-08-22 03:30:00,1,299.5632289923802,299.0382095401436
2017-08-22 03:45:00,1,299.54002693033794,299.01250723689486
2017-08-22 04:00:00,1,299.5200292161484,298.98959053692624
2017-08-22 04:15:00,1,299.5018161046589,298.9683147985606
2017-08-22 04:30:00,1,299.4843837658454,298.94783523463093
2017-08-22 04:45:00,1,299.4668109434076,298.9274691297322
2017-08-22 05:00:00,1,299.44828451149397,298.90656726762364
2017-08-22 05:15:00,1,299.428248595477,298.88455576701114
2017-08-22 05:30:00,1,299.4065109384301,298.86114554036334
2017-08-22 05:45:00,1,299.38397454952303,298.837145783255
2017-08-22 06:00:00,1,299.36364288853775,298.8151562079946
2017-08-22 06:15:00,1,299.3489311430624,298.7987036805955
2017-08-22 06:30:00,1,299.3427957083349,298.7912713245092
2017-08-22 06:45:00,1,299.3482971207839,298.79568346946064
2017-08-22 07:00:00,1,299.36763321922086,298.81337643733343
2017-08-22 07:15:00,1,299.401095983814,298.8440895661678
2017-08-22 07:30:00,1,299.4481772583332,298.88573067427524
2017-08-22 07:45:00,1,299.50946252280784,298.93699339553217
2017-08-22 08:00:00,1,299.58608670795553,298.9967673358309
2017-08-22 08:15:00,1,299.6782854784433,299.06156245654023
2017-08-22 08:30:00,1,299.78536463008066,299.1360714942588
2017-08-22 08:45:00,1,299.90531884387923,299.2210746496311
2017-08-22 09:00:00,1,300.03533453013034,299.3170167778897
2017-08-22 09:15:00,1,300.17243904027896,299.4267868642309
2017-08-22 09:30:00,1,300.3143546675146,299.5499120366912
2017-08-22 09:45:00,1,300.46059549221934,299.6856476907288
2017-08-22 10:00:00,1,300.6115573417479,299.83746509464373
2017-08-22 10:15:00,1,300.7670282091839,299.99639337704934
2017-08-22 10:30:00,1,300.9257608073458,300.1551714156021
2017-08-22 10:45:00,1,301.0849906848562,300.31076076713146
2017-08-22 11:00:00,1,301.2414438981525,300.46174439431985
2017-08-22 11:15:00,1,301.392373354331,300.6065501121273
2017-08-22 11:30:00,1,301.53617531153117,300.7438789723547
2017-08-22 11:45:00,1,301.6729735367138,300.87373079727536
2017-08-22 12:00:00,1,301.80357281533793,300.9971040204522
2017-08-22 12:15:00,1,301.9286397144421,301.1150384211234
2017-08-22 12:30:00,1,302.04975111047366,301.2285070107374
2017-08-22 12:45:00,1,302.1697529700517,301.33810894987164
2017-08-22 13:00:00,1,302.2907269290121,301.44526982240313
2017-08-22 13:15:00,1,302.4129529877963,301.55420929943347
2017-08-22 13:30:00,1,302.5360425260154,301.66672775891857
2017-08-22 13:45:00,1,302.6607730649996,301.78303110774436
2017-08-22 14:00:00,1,302.78826291162784,301.9030144772352
2017-08-22 14:15:00,1,302.9185509387387,302.0265173270757
2017-08-22 14:30:00,1,303.0500721873885,302.15221996931007
2017-08-22 14:45:00,1,303.1786762696663,302.27639795089226
2017-08-22 15:00:00,1,303.2994625689983,302.3940146715697
2017-08-22 15:15:00,1,303.4086145418968,302.50101981726345
2017-08-22 15:30:00,1,303.5042280568896,302.59560701465836
2017-08-22 15:45:00,1,303.5857271026504,302.6776827717949
2017-08-22 16:00:00,1,303.6527252164972,302.74733613578036
2017-08-22 16:15:00,1,303.7040796020767,302.80383064245706
2017-08-22 16:30:00,1,303.73853970008906,302.846217316039
2017-08-22 16:45:00,1,303.75530685895217,302.8739879189756
2017-08-22 17:00:00,1,303.753490192747,302.8861656721897
2017-08-22 17:15:00,1,303.73135347000925,302.8808725743547
2017-08-22 17:30:00,1,303.6882591641989,302.8568090880794
2017-08-22 17:45:00,1,303.62531523125557,302.81430009161005
2017-08-22 18:00:00,1,303.54335455653637,302.75394873396664
2017-08-22 18:15:00,1,303.4407971777211,302.67413334733493
2017-08-22 18:30:00,1,303.31564397216835,302.57054111823936
2017-08-22 18:45:00,1,303.1641114831792,302.43872998150187
2017-08-22 19:00:00,1,302.9822698426802,302.2772383091606
2017-08-22 19:15:00,1,302.7789507987207,302.09403137619154
2017-08-22 19:30:00,1,302.56887418566686,301.90102558614853
2017-08-22 19:45:00,1,302.3626720974607,301.7101778086867
2017-08-22 20:00:00,1,302.1659571502167,301.5282689568701
2017-08-22 20:15:00,1,301.9809812252287,301.35719592819237
2017-08-22 20:30:00,1,301.8081501800488,301.1990848460998
2017-08-22 20:45:00,1,301.6469294333908,301.0531531067338
2017-08-22 21:00:00,1,301.4963675882932,300.9136049938413
2017-08-22 21:15:00,1,301.3553974462595,300.7777611818035
2017-08-22 21:30:00,1,301.2231940546923,300.6458608004825
2017-08-22 21:45:00,1,301.0997288414244,300.5190705576265
2017-08-22 22:00:00,1,300.98530897157303,300.3980429856976
2017-08-22 22:15:00,1,300.87996816450453,300.285641829512
2017-08-22 22:30:00,1,300.7833178661486,300.1867671729281
2017-08-22 22:45:00,1,300.6944927533223,300.10032512408543
2017-08-22 23:00:00,1,300.61244676176113,300.02253692234643
2017-08-22 23:15:00,1,300.5362438709115,299.9505461727748
2017-08-22 23:30:00,1,300.465030040634,299.8830695470003
2017-08-22 23:45:00,1,300.3978266856526,299.81943367727774
2017-08-23 00:00:00,1,300.33370161101203,299.7589138960314
2017-08-23 00:15:00,1,300.2719560765481,299.7007490312229
2017-08-23 00:30:00,1,300.2120978714429,299.6443385757818
2017-08-23 00:45:00,1,300.1537544316151,299.58929233649286
2017-08-23 01:00:00,1,300.0966354213551,299.5353606147848
2017-08-23 01:15:00,1,300.04051978183145,299.48236083992964
2017-08-23 01:30:00,1,299.9852362988097,299.43014017175335
2017-08-23 01:45:00,1,299.9306439101007,299.37855970736786
2017-08-23 02:00:00,1,299.87662312650076,299.3274929361816
2017-08-23 02:15:00,1,299.8230717126369,299.27682884234775
2017-08-23 02:30:00,1,299.7698238694561,299.2263882043704
2017-08-23 02:45:00,1,299.716461048134,299.1757606016408
2017-08-23 03:00:00,1,299.6624659456562,299.1243324878538
2017-08-23 03:15:00,1,299.60748244333513,299.0715494701637
2017-08-23 03:30:00,1,299.55157396617403,299.01736423265885
2017-08-23 03:45:00,1,299.49546692501536,298.9625098424384
2017-08-23 04:00:00,1,299.4400879172543,298.9081441209962
2017-08-23 04:15:00,1,299.386118891354,298.855262598739
2017-08-23 04:30:00,1,299.3340311318852,298.8045086777348
2017-08-23 04:45:00,1,299.2843943415051,298.7564129945407
2017-08-23 05:00:00,1,299.23780903721627,298.7115334713835
2017-08-23 05:15:00,1,299.1946719586747,298.67033359654926
2017-08-23 05:30:00,1,299.15527204279937,298.6332383646488
2017-08-23 05:45:00,1,299.1208019355241,298.6008944585084
2017-08-23 06:00:00,1,299.09445389233446,298.57529195839453
2017-08-23 06:15:00,1,299.0795275165337,298.5593146825353
2017-08-23 06:30:00,1,299.0781166011971,298.5555310774321
2017-08-23 06:45:00,1,299.09079681262676,298.5650194649115
2017-08-23 07:00:00,1,299.11725785182875,298.58742856109717
2017-08-23 07:15:00,1,299.1569482475999,298.62174439817835
2017-08-23 07:30:00,1,299.20831743317444,298.6651497430723
2017-08-23 07:45:00,1,299.26895925309566,298.7149640435983
2017-08-23 08:00:00,1,299.33665384778624,298.7693451398168
2017-08-23 08:15:00,1,299.41181655566623,298.8282516253442
2017-08-23 08:30:00,1,299.49758917668805,298.89320555520067
2017-08-23 08:45:00,1,299.59827516852084,298.96329133936257
2017-08-23 09:00:00,1,299.7173157603714,299.0438187817866
2017-08-23 09:15:00,1,299.8539600177322,299.13774054377114
2017-08-23 09:30:00,1,300.00489462292427,299.2525123230446
2017-08-23 09:45:00,1,300.1666671405788,299.38809374173366
2017-08-23 10:00:00,1,300.3362863187671,299.54047037966666
2017-08-23 10:15:00,1,300.51064394826477,299.7132585136789
2017-08-23 10:30:00,1,300.68769145702646,299.89309660014646
2017-08-23 10:45:00,1,300.86917588810223,300.07363870441225
2017-08-23 11:00:00,1,301.0585960784795,300.2570389892737
2017-08-23 11:15:00,1,301.25795217339095,300.446734642316
2017-08-23 11:30:00,1,301.46611306736344,300.6422436050325
2017-08-23 11:45:00,1,301.6784232890112,300.83925537857834
2017-08-23 12:00:00,1,301.88937827894904,301.03263055861396
2017-08-23 12:15:00,1,302.0949033213064,301.21854292298343
2017-08-23 12:30:00,1,302.29331532936936,301.3968165245415
2017-08-23 12:45:00,1,302.4835906523312,301.56768794327917
2017-08-23 13:00:00,1,302.6636193795324,301.7306649340713
2017-08-23 13:15:00,1,302.8308277899467,301.8844314501517
2017-08-23 13:30:00,1,302.98423223394497,302.02843309566646
2017-08-23 13:45:00,1,303.12672727219916,302.1646888759711
2017-08-23 14:00:00,1,303.26232315997726,302.2965018975833
2017-08-23 14:15:00,1,303.393149208763,302.4258460830014
2017-08-23 14:30:00,1,303.51972035537267,302.5528462686227
2017-08-23 14:45:00,1,303.64210217505564,302.676940915865
2017-08-23 15:00:00,1,303.7598926207278,302.79742926228613
2017-08-23 15:15:00,1,303.87183422572355,302.91320008043147
2017-08-23 15:30:00,1,303.9761366521731,303.0225192102597
2017-08-23 15:45:00,1,304.07037697451284,303.12292847009365
2017-08-23 16:00:00,1,304.15148731715954,303.2113816177642
2017-08-23 16:15:00,1,304.2162480197878,303.2848552986696
2017-08-23 16:30:00,1,304.26217480289597,303.3410565627657
2017-08-23 16:45:00,1,304.2875968309925,303.37866286075354
2017-08-23 17:00:00,1,304.29130908510456,303.3966843513164
2017-08-23 17:15:00,1,304.27172215978374,303.3939063471339
2017-08-23 17:30:00,1,304.22871660827855,303.36991122131747
2017-08-23 17:45:00,1,304.16417854271594,303.325769890716
2017-08-23 18:00:00,1,304.07962636283156,303.2622726862407
2017-08-23 18:15:00,1,303.9736746384112,303.17802653153444
2017-08-23 18:30:00,1,303.8440941336811,303.07023738726656
2017-08-23 18:45:00,1,303.6874279184586,302.9343340468564
2017-08-23 19:00:00,1,303.50020285004194,302.76813612104684
2017-08-23 19:15:00,1,303.2918953597955,302.579254665372
2017-08-23 19:30:00,1,303.07742461956013,302.38175593533987
2017-08-23 19:45:00,1,302.86617994214686,302.1873980190987
2017-08-23 20:00:00,1,302.6621248063849,302.00203694082296
2017-08-23 20:15:00,1,302.46645685204226,301.8269415095278
2017-08-23 20:30:00,1,302.27939126732235,301.659085728954
2017-08-23 20:45:00,1,302.1013801074961,301.4983400089219
2017-08-23 21:00:00,1,301.93286775529384,301.3470033773897
2017-08-23 21:15:00,1,301.7738281067128,301.20018576827596
2017-08-23 21:30:00,1,301.62392662691377,301.05613239756605
2017-08-23 21:45:00,1,301.48292320062177,300.9158849131962
2017-08-23 22:00:00,1,301.3505636911348,300.78088399935785
2017-08-23 22:15:00,1,301.226398477277,300.65154343287105
2017-08-23 22:30:00,1,301.10969202405295,300.52696619549437
2017-08-23 22:45:00,1,300.9992346326994,300.4074009009877
2017-08-23 23:00:00,1,300.89371616873416,300.2977307239335
2017-08-23 23:15:00,1,300.7920982962443,300.19700270275683
2017-08-23 23:30:00,1,300.6938332804254,300.10175247687823
2017-08-23 23:45:00,1,300.5991829419978,300.0100624636327
2017-08-24 00:00:00,1,300.5086518958982,299.92205008253023
2017-08-24 00:15:00,1,300.42245097713175,299.8383790599747
2017-08-24 00:30:00,1,300.34043901286003,299.75915141809014
2017-08-24 00:45:00,1,300.2621373781621,299.68377207778417
2017-08-24 01:00:00,1,300.1869300570933,299.61134424660685
2017-08-24 01:15:00,1,300.1142935276886,299.54108835684065
2017-08-24 01:30:00,1,300.0439071923357,299.47254670240943
2017-08-24 01:45:00,1,299.97554666805485,299.405551305765
2017-08-24 02:00:00,1,299.90900196789886,299.34008228512323
2017-08-24 02:15:00,1,299.8440925908388,299.2761386085311
2017-08-24 02:30:00,1,299.7807501743265,299.21378667393105
2017-08-24 02:45:00,1,299.71920155528454,299.1532764326616
2017-08-24 03:00:00,1,299.659773519655,299.0949591620384
2017-08-24 03:15:00,1,299.6026583011497,299.03909081693325
2017-08-24 03:30:00,1,299.54779795055146,298.9856217640744
2017-08-24 03:45:00,1,299.49472156931586,298.9341068117608
2017-08-24 04:00:00,1,299.4427991739268,298.883896199717
2017-08-24 04:15:00,1,299.3915295223023,298.8344212462761
2017-08-24 04:30:00,1,299.34067567243784,298.7853835437078
2017-08-24 04:45:00,1,299.2904284191388,298.73695549470904
2017-08-24 05:00:00,1,299.2411560778711,298.68955591325096
2017-08-24 05:15:00,1,299.19312491739447,298.64353083157516
2017-08-24 05:30:00,1,299.14646828248993,298.59904244529474
2017-08-24 05:45:00,1,299.1017404325936,298.5566819941193
2017-08-24 06:00:00,1,299.0611098038204,298.5184146456919
2017-08-24 06:15:00,1,299.02743673028294,298.48688244327013
2017-08-24 06:30:00,1,299.00377642404436,298.46524576917636
2017-08-24 06:45:00,1,298.9935740797643,298.4570636385631
2017-08-24 07:00:00,1,298.9998866446211,298.4654934721934
2017-08-24 07:15:00,1,299.02399961387385,298.4918623591511
2017-08-24 07:30:00,1,299.06652237738655,298.5362376030045
2017-08-24 07:45:00,1,299.12987338385284,298.59768353936886
2017-08-24 08:00:00,1,299.2164806525258,298.6759734413074
2017-08-24 08:15:00,1,299.326701676252,298.7694293171289
2017-08-24 08:30:00,1,299.459280246205,298.8697277439765
2017-08-24 08:45:00,1,299.61235318461536,298.98070899494536
2017-08-24 09:00:00,1,299.7838233137298,299.1048094681362
2017-08-24 09:15:00,1,299.97124451152473,299.25082328221225
2017-08-24 09:30:00,1,300.1716926611895,299.4190611577401
2017-08-24 09:45:00,1,300.381920837355,299.60586280087125
2017-08-24 10:00:00,1,300.59850076665884,299.8177465405431
2017-08-24 10:15:00,1,300.8179724650713,300.03788174204163
2017-08-24 10:30:00,1,301.03755884075343,300.2548046944424
2017-08-24 10:45:00,1,301.2560988480828,300.4669083914304
2017-08-24 11:00:00,1,301.47333890512084,300.67650559449083
2017-08-24 11:15:00,1,301.68882527403696,300.8845883041287
2017-08-24 11:30:00,1,301.90158038888285,301.09015072781943
2017-08-24 11:45:00,1,302.1098865094666,301.2913225101759
2017-08-24 12:00:00,1,302.3118987108652,301.4865469651049
2017-08-24 12:15:00,1,302.5064261312619,301.67503719437383
2017-08-24 12:30:00,1,302.6941632873981,301.85733930719977
2017-08-24 12:45:00,1,302.8777107813729,302.0351449843264
2017-08-24 13:00:00,1,303.05916495620755,302.2102893111915
2017-08-24 13:15:00,1,303.2388100563558,302.3836980421499
2017-08-24 13:30:00,1,303.41554925139843,302.55490522779763
2017-08-24 13:45:00,1,303.58737521631906,302.7223085648449
2017-08-24 14:00:00,1,303.75201422476096,302.8838135045683
2017-08-24 14:15:00,1,303.9072468813008,303.0373498499479
2017-08-24 14:30:00,1,304.0514167632493,303.18138355513634
2017-08-24 14:45:00,1,304.18394322370125,303.3151423700447
2017-08-24 15:00:00,1,304.30484257770667,303.43841126222975
2017-08-24 15:15:00,1,304.4139908238654,303.5510011287479
2017-08-24 15:30:00,1,304.510491695668,303.6521895853935
2017-08-24 15:45:00,1,304.59325264431845,303.7409879605806
2017-08-24 16:00:00,1,304.6612925735515,303.8164154131069
2017-08-24 16:15:00,1,304.71324207914256,303.8772844162589
2017-08-24 16:30:00,1,304.74780067025375,303.92236531370156
2017-08-24 16:45:00,1,304.7640005065031,303.95069166695504
2017-08-24 17:00:00,1,304.7607710762323,303.96109124836005
2017-08-24 17:15:00,1,304.7362782696272,303.95191794647764
2017-08-24 17:30:00,1,304.6900149522728,303.9223883006572
2017-08-24 17:45:00,1,304.62348515310964,303.8733988078447
2017-08-24 18:00:00,1,304.53812574385364,303.80597738685606
2017-08-24 18:15:00,1,304.4332736745077,303.7195839349441
2017-08-24 18:30:00,1,304.3072790568253,303.61209343631447
2017-08-24 18:45:00,1,304.15649679444584,303.47910776921265
2017-08-24 19:00:00,1,303.97781755262434,303.318493950046
2017-08-24 19:15:00,1,303.78002743736874,303.1374118278688
2017-08-24 19:30:00,1,303.5766254762424,302.94868738038036
2017-08-24 19:45:00,1,303.376487311715,302.7627932147433
2017-08-24 20:00:00,1,303.1837003628849,302.58460914979764
2017-08-24 20:15:00,1,302.9996143940296,302.4148737827088
2017-08-24 20:30:00,1,302.8241660358189,302.25290620611867
2017-08-24 20:45:00,1,302.6564323792416,302.09908477421897
2017-08-24 21:00:00,1,302.49520755253667,301.95328910899326
2017-08-24 21:15:00,1,302.3394058607543,301.81540386083844
2017-08-24 21:30:00,1,302.1885257689645,301.68275717500836
2017-08-24 21:45:00,1,302.0434416922103,301.5499959654648
2017-08-24 22:00:00,1,301.90545852067123,301.41587373616676
2017-08-24 22:15:00,1,301.7752891180834,301.28321945052653
2017-08-24 22:30:00,1,301.6529934904097,301.1551671953545
2017-08-24 22:45:00,1,301.53818065322463,301.03299590674226
2017-08-24 23:00:00,1,301.43024573043107,300.91626597612685
2017-08-24 23:15:00,1,301.3285375153709,300.8036174695729
2017-08-24 23:30:00,1,301.23241461204907,300.6967110257309
2017-08-24 23:45:00,1,301.1412345726377,300.5994142783994
2017-08-25 00:00:00,1,301.05438768243073,300.51088522823136
2017-08-25 00:15:00,1,300.97133780523075,300.4281749093591
2017-08-25 00:30:00,1,300.8916583044597,300.34918639115614
2017-08-25 00:45:00,1,300.81505002653125,300.2731766289774
2017-08-25 01:00:00,1,300.74119103496565,300.1998808966737
2017-08-25 01:15:00,1,300.66970299251824,300.12889841839404
2017-08-25 01:30:00,1,300.6005141850477,300.060006688724
2017-08-25 01:45:00,1,300.534480235416,299.9938269202457
2017-08-25 02:00:00,1,300.47286834034895,299.93174778476435
2017-08-25 02:15:00,1,300.4166183137542,299.875187374847
2017-08-25 02:30:00,1,300.36600074194445,299.8247957605753
2017-08-25 02:45:00,1,300.32031694118854,299.7801133870348
2017-08-25 03:00:00,1,300.27844495001324,299.7399234250678
2017-08-25 03:15:00,1,300.2394354334659,299.7029933661718
2017-08-25 03:30:00,1,300.20253402375755,299.66832409372967
2017-08-25 03:45:00,1,300.1669298485759,299.63504316508624
2017-08-25 04:00:00,1,300.1318805605118,299.60241668472486
2017-08-25 04:15:00,1,300.09688316653285,299.5699187924861
2017-08-25 04:30:00,1,300.06170021285266,299.5372999060859
2017-08-25 04:45:00,1,300.0263812256223,299.50456811765304
2017-08-25 05:00:00,1,299.9910708184452,299.4718370147578
2017-08-25 05:15:00,1,299.9558570163678,299.43918027250055
2017-08-25 05:30:00,1,299.9207571585677,299.40657589398967
2017-08-25 05:45:00,1,299.88613260174367,299.37432929842186
2017-08-25 06:00:00,1,299.8538327058065,299.3438598624828
2017-08-25 06:15:00,1,299.8267480849665,299.31768040573763
2017-08-25 06:30:00,1,299.8080330490076,299.2991521007153
2017-08-25 06:45:00,1,299.8012479265786,299.29216030592687
2017-08-25 07:00:00,1,299.8097540443387,299.30029899288627
2017-08-25 07:15:00,1,299.8349462837645,299.32537619191515
2017-08-25 07:30:00,1,299.87710949678086,299.3665228520364
2017-08-25 07:45:00,1,299.93755488896966,299.42252915254096
2017-08-25 08:00:00,1,300.01758545097204,299.4920120169415
2017-08-25 08:15:00,1,300.1167495662176,299.570746513144
2017-08-25 08:30:00,1,300.2333792227914,299.6545790793165
2017-08-25 08:45:00,1,300.3661806513286,299.748960936377
2017-08-25 09:00:00,1,300.51429544224345,299.8640157659274
2017-08-25 09:15:00,1,300.67650324689885,300.0016258172668
2017-08-25 09:30:00,1,300.85078841998353,300.1595284568795
2017-08-25 09:45:00,1,301.03467376860345,300.34233044398974
2017-08-25 10:00:00,1,301.22574071040617,300.5369564350449
2017-08-25 10:15:00,1,301.42161550672967,300.73263841387313
2017-08-25 10:30:00,1,301.62001651021353,300.92581859970346
2017-08-25 10:45:00,1,301.8186588200994,301.11653971009247
2017-08-25 11:00:00,1,302.0155543722577,301.3046063825225
2017-08-25 11:15:00,1,302.2089221220925,301.48895896899705
2017-08-25 11:30:00,1,302.39630954246456,301.66731995162985
2017-08-25 11:45:00,1,302.5728684566797,301.8354047344651
2017-08-25 12:00:00,1,302.7335578831,301.9881588855357
2017-08-25 12:15:00,1,302.87569460420644,302.12224409908094
2017-08-25 12:30:00,1,303.00086563742707,302.23871319127073
2017-08-25 12:45:00,1,303.11606039747846,302.34386027483555
2017-08-25 13:00:00,1,303.2286665873874,302.44582867230076
2017-08-25 13:15:00,1,303.34273012972,302.55035248508443
2017-08-25 13:30:00,1,303.4591257453078,302.6590255939727
2017-08-25 13:45:00,1,303.57635516938853,302.77028987011425
2017-08-25 14:00:00,1,303.692263184563,302.8814630170386
2017-08-25 14:15:00,1,303.80413999536887,302.9898092107432
2017-08-25 14:30:00,1,303.91004711115835,303.0936991146409
2017-08-25 14:45:00,1,304.01075289412205,303.1936789789694
2017-08-25 15:00:00,1,304.10783711136395,303.29130857242586
2017-08-25 15:15:00,1,304.2015671611017,303.3871789855129
2017-08-25 15:30:00,1,304.29082441528766,303.4800592670637
2017-08-25 15:45:00,1,304.3731384264951,303.56734035185633
2017-08-25 16:00:00,1,304.44574630080416,303.6460622612628
2017-08-25 16:15:00,1,304.5058353964414,303.7132313497941
2017-08-25 16:30:00,1,304.5508958555618,303.76596041654517
2017-08-25 16:45:00,1,304.5785764607707,303.8022513383685
2017-08-25 17:00:00,1,304.5867593750382,303.8211157757828
2017-08-25 17:15:00,1,304.57313935190024,303.82111224720546
2017-08-25 17:30:00,1,304.5369301940575,303.80091536896754
2017-08-25 17:45:00,1,304.47903787008363,303.76026271824935
2017-08-25 18:00:00,1,304.40027288987005,303.69933762784103
2017-08-25 18:15:00,1,304.3005722458298,303.61799406093513
2017-08-25 18:30:00,1,304.1792567423101,303.51500587623923
2017-08-25 18:45:00,1,304.03257692043235,303.3863144025572
2017-08-25 19:00:00,1,303.85675725830276,303.2292619692743
2017-08-25 19:15:00,1,303.65919614456567,303.04960040318974
2017-08-25 19:30:00,1,303.4523294773033,302.85892320595883
2017-08-25 19:45:00,1,303.2457690664298,302.6681801219643
2017-08-25 20:00:00,1,303.04518956153134,302.4843741054101
2017-08-25 20:15:00,1,302.8532073024592,302.3106795827545
2017-08-25 20:30:00,1,302.6709447179019,302.1447220368161
2017-08-25 20:45:00,1,302.49960361273844,301.9875402043053
2017-08-25 21:00:00,1,302.34018317387745,301.83938426535957
2017-08-25 21:15:00,1,302.1929168545786,301.6982502459327
2017-08-25 21:30:00,1,302.0572859829504,301.56391976237995
2017-08-25 21:45:00,1,301.93205675152865,301.43685246512354
2017-08-25 22:00:00,1,301.8157714261256,301.3168224339094
2017-08-25 22:15:00,1,301.70716158861734,301.2027873136474
2017-08-25 22:30:00,1,301.60518368070416,301.09323893441973
2017-08-25 22:45:00,1,301.50891309825954,300.988082501602
2017-08-25 23:00:00,1,301.41753160283884,300.89191633078104
2017-08-25 23:15:00,1,301.3303544072116,300.8044321533237
2017-08-25 23:30:00,1,301.2469275329195,300.7227881469556
2017-08-25 23:45:00,1,301.167234129443,300.64502279087594
2017-08-26 00:00:00,1,301.0914093539018,300.57078876196823
2017-08-26 00:15:00,1,301.01944321399384,300.50039266327894
2017-08-26 00:30:00,1,300.95110547128587,300.43389298254664
2017-08-26 00:45:00,1,300.8858637055294,300.3707779889402
2017-08-26 01:00:00,1,300.82306417056895,300.31015986713567
2017-08-26 01:15:00,1,300.7621843035086,300.2511592660233
2017-08-26 01:30:00,1,300.7030059521538,300.19328834954507
2017-08-26 01:45:00,1,300.64561837891574,300.1366111758231
2017-08-26 02:00:00,1,300.59017994270056,300.0815383754289
2017-08-26 02:15:00,1,300.53676855372305,300.0284174413549
2017-08-26 02:30:00,1,300.48530581601244,299.9773462154162
2017-08-26 02:45:00,1,300.43545163528455,299.9280716436568
2017-08-26 03:00:00,1,300.3867741241232,299.8801429438245
2017-08-26 03:15:00,1,300.33893126663776,299.8331468461674
2017-08-26 03:30:00,1,300.29177866464494,299.78691795754133
2017-08-26 03:45:00,1,300.24553362614563,299.74164621046583
2017-08-26 04:00:00,1,300.20055780760856,299.6977198515222
2017-08-26 04:15:00,1,300.15710765785826,299.6554691448635
2017-08-26 04:30:00,1,300.115345210645,299.61524991231835
2017-08-26 04:45:00,1,300.07550410268766,299.57725503525353
2017-08-26 05:00:00,1,300.03786733005035,299.54165948419814
2017-08-26 05:15:00,1,300.0026351833697,299.5086820458469
2017-08-26 05:30:00,1,299.96977995724797,299.4783419503664
2017-08-26 05:45:00,1,299.9392766202338,299.4506285268705
2017-08-26 06:00:00,1,299.9124756093226,299.42633485785285
2017-08-26 06:15:00,1,299.8917015417044,299.4072601988132
2017-08-26 06:30:00,1,299.8797155166294,299.39623523256995
2017-08-26 06:45:00,1,299.87991813652,299.3967868543584
2017-08-26 07:00:00,1,299.8950337377208,299.41207929711885
2017-08-26 07:15:00,1,299.92579974761964,299.4424446760288
2017-08-26 07:30:00,1,299.97209368153506,299.48689547765173
2017-08-26 07:45:00,1,300.0351838133483,299.5448717774782
2017-08-26 08:00:00,1,300.11701457901546,299.61606183289666
2017-08-26 08:15:00,1,300.21839940654576,299.69775738958225
2017-08-26 08:30:00,1,300.3390240440632,299.78514926409395
2017-08-26 08:45:00,1,300.47781033418283,299.8821443535299
2017-08-26 09:00:00,1,300.63232657223983,299.999614725098
2017-08-26 09:15:00,1,300.7989074990433,300.1386793651216
2017-08-26 09:30:00,1,300.9740561519,300.29528051641046
2017-08-26 09:45:00,1,301.1558922205427,300.47413835553783
2017-08-26 10:00:00,1,301.34347883991217,300.6623911352697
2017-08-26 10:15:00,1,301.5355512817852,300.8518558829617
2017-08-26 10:30:00,1,301.73003801993406,301.0399894547008
2017-08-26 10:45:00,1,301.9232198037872,301.22535106899323
2017-08-26 11:00:00,1,302.1110302628817,301.405412673852
2017-08-26 11:15:00,1,302.29043672624147,301.5772470852165
2017-08-26 11:30:00,1,302.4596487534373,301.73876260035576
2017-08-26 11:45:00,1,302.6178087229832,301.8891128564178
2017-08-26 12:00:00,1,302.7646251009924,302.0282194122488
2017-08-26 12:15:00,1,302.90025239847876,302.1562835544491
2017-08-26 12:30:00,1,303.0266009956812,302.2745750339031
2017-08-26 12:45:00,1,303.1481731065455,302.3863444966024
2017-08-26 13:00:00,1,303.2690583943902,302.49570191540414
2017-08-26 13:15:00,1,303.39096752059453,302.6056400364978
2017-08-26 13:30:00,1,303.5141205745286,302.7178194055839
2017-08-26 13:45:00,1,303.6387389256809,302.83354481339535
2017-08-26 14:00:00,1,303.7647893244802,302.9533239440581
2017-08-26 14:15:00,1,303.8913022763093,303.07608916819845
2017-08-26 14:30:00,1,304.01613749072874,303.1989680802631
2017-08-26 14:45:00,1,304.13526621285513,303.3170128940315
2017-08-26 15:00:00,1,304.24459726590857,303.42476348983627
2017-08-26 15:15:00,1,304.3413737103125,303.5187764561898
2017-08-26 15:30:00,1,304.42358410647296,303.59791622968277
2017-08-26 15:45:00,1,304.4900326230538,303.662237140495
2017-08-26 16:00:00,1,304.54004201776326,303.7127103875971
2017-08-26 16:15:00,1,304.5725863625444,303.7505437028454
2017-08-26 16:30:00,1,304.58702642737734,303.77567851812137
2017-08-26 16:45:00,1,304.5838865218036,303.7871521373789
2017-08-26 17:00:00,1,304.5635365491047,303.78363752400054
2017-08-26 17:15:00,1,304.5248886422559,303.763481861545
2017-08-26 17:30:00,1,304.4674874818187,303.72569010599744
2017-08-26 17:45:00,1,304.39240773060885,303.67056560148325
2017-08-26 18:00:00,1,304.30040365633744,303.5984110062917
2017-08-26 18:15:00,1,304.1902148311757,303.5083282959177
2017-08-26 18:30:00,1,304.0601067613666,303.3984152613775
2017-08-26 18:45:00,1,303.9064982069612,303.26453123127607
2017-08-26 19:00:00,1,303.72649103414636,303.1038667794953
2017-08-26 19:15:00,1,303.5285904222404,302.9233338448832
2017-08-26 19:30:00,1,303.32578098659303,302.735814922285
2017-08-26 19:45:00,1,303.1268418696401,302.55175743030844
2017-08-26 20:00:00,1,302.93606130870415,302.3755783455308
2017-08-26 20:15:00,1,302.75499242169366,302.20798417553567
2017-08-26 20:30:00,1,302.5839576016099,302.04982113001455
2017-08-26 20:45:00,1,302.4231741054674,301.9025502486934
2017-08-26 21:00:00,1,302.2727453303339,301.76146931058963
2017-08-26 21:15:00,1,302.13239883797524,301.62481795390926
2017-08-26 21:30:00,1,302.0015409249212,301.493271047786
2017-08-26 21:45:00,1,301.87937266578075,301.367618333673
2017-08-26 22:00:00,1,301.76502938264554,301.2476107361662
2017-08-26 22:15:00,1,301.6576872473134,301.1317413159918
2017-08-26 22:30:00,1,301.55671481227847,301.02440394510904
2017-08-26 22:45:00,1,301.4619163315496,300.9281673568714
2017-08-26 23:00:00,1,301.3732522471678,300.8414349952115
2017-08-26 23:15:00,1,301.2905387993533,300.7616826380738
2017-08-26 23:30:00,1,301.2133214681381,300.6873436784184
2017-08-26 23:45:00,1,301.14070348514866,300.6175516120585
2017-08-27 00:00:00,1,301.07168204922965,300.5515185363407
2017-08-27 00:15:00,1,301.0054709536935,300.4884271643919
2017-08-27 00:30:00,1,300.9414547838929,300.4275380988689
2017-08-27 00:45:00,1,300.8789785756019,300.3681744098652
2017-08-27 01:00:00,1,300.8174145018005,300.3097007152479
2017-08-27 01:15:00,1,300.75628720418166,300.2515765840869
2017-08-27 01:30:00,1,300.69532346669445,300.1934611631096
2017-08-27 01:45:00,1,300.6345386206693,300.13530291781734
2017-08-27 02:00:00,1,300.5740862907662,300.0772635429137
2017-08-27 02:15:00,1,300.5140844789256,300.0195471735078
2017-08-27 02:30:00,1,300.4547122410962,299.96242025982286
2017-08-27 02:45:00,1,300.39651484263294,299.9063969961525
2017-08-27 03:00:00,1,300.3401346263582,299.85215101926246
2017-08-27 03:15:00,1,300.28598059933773,299.800216639369
2017-08-27 03:30:00,1,300.2342043062888,299.7508153897201
2017-08-27 03:45:00,1,300.1847650706503,299.7039046439702
2017-08-27 04:00:00,1,300.1375243116881,299.65931942995275
2017-08-27 04:15:00,1,300.0923145369424,299.61687524797486
2017-08-27 04:30:00,1,300.0490063757862,299.57638016121047
2017-08-27 04:45:00,1,300.0076219784584,299.5377889352942
2017-08-27 05:00:00,1,299.9682696262803,299.5009193681644
2017-08-27 05:15:00,1,299.93102738671706,299.46555759516707
2017-08-27 05:30:00,1,299.8961543781532,299.43183895264303
2017-08-27 05:45:00,1,299.8650495246574,299.4009591276009
2017-08-27 06:00:00,1,299.8407303053564,299.3754727042569
2017-08-27 06:15:00,1,299.82629409420895,299.358365365562
2017-08-27 06:30:00,1,299.8235317670405,299.35163407685513
2017-08-27 06:45:00,1,299.8322608096856,299.3556045524662
2017-08-27 07:00:00,1,299.8513946053697,299.36947467166647
2017-08-27 07:15:00,1,299.88027093850627,299.392243223989
2017-08-27 07:30:00,1,299.9196222124571,299.4237180604189
2017-08-27 07:45:00,1,299.97272793519284,299.4657421195292
2017-08-27 08:00:00,1,300.04298517414554,299.52032164271407
2017-08-27 08:15:00,1,300.13106557629226,299.58676959743303
2017-08-27 08:30:00,1,300.2359227120743,299.6591748589023
2017-08-27 08:45:00,1,300.3566056155976,299.7417652925952
2017-08-27 09:00:00,1,300.49193970385625,299.8321638847417
2017-08-27 09:15:00,1,300.6399068324766,299.9431261038224
2017-08-27 09:30:00,1,300.79802162035276,300.07470090828065
2017-08-27 09:45:00,1,300.963293961212,300.2214899345005
2017-08-27 10:00:00,1,301.13258568537145,300.3801423004099
2017-08-27 10:15:00,1,301.30302921241383,300.55185079593105
2017-08-27 10:30:00,1,301.4726858262601,300.7248887630226
2017-08-27 10:45:00,1,301.6414888035608,300.89270624732126
2017-08-27 11:00:00,1,301.81016227257845,301.0561992377118
2017-08-27 11:15:00,1,301.97883570112145,301.21831377970676
2017-08-27 11:30:00,1,302.1469212240424,301.3801211181613
2017-08-27 11:45:00,1,302.31325125755626,301.5405707499405
2017-08-27 12:00:00,1,302.47643854802686,301.6978640975183
2017-08-27 12:15:00,1,302.6354418882749,301.85059644548437
2017-08-27 12:30:00,1,302.7910999550755,301.99796100468296
2017-08-27 12:45:00,1,302.94683728415697,302.14360350327024
2017-08-27 13:00:00,1,303.1059765103183,302.29154447098824
2017-08-27 13:15:00,1,303.26982485389874,302.4440502352451
2017-08-27 13:30:00,1,303.43789931319344,302.60111577751684
2017-08-27 13:45:00,1,303.6082641181604,302.7610939363311
2017-08-27 14:00:00,1,303.7782367797185,302.92159701414585
2017-08-27 14:15:00,1,303.94493460582356,303.08007100182556
2017-08-27 14:30:00,1,304.10515966488407,303.23349119794966
2017-08-27 14:45:00,1,304.2544745714387,303.37785990071205
2017-08-27 15:00:00,1,304.38854614296457,303.5090504932922
2017-08-27 15:15:00,1,304.5042261779283,303.62402516418683
2017-08-27 15:30:00,1,304.600311898253,303.7218732466244
2017-08-27 15:45:00,1,304.67809326470666,303.8037330706439
2017-08-27 16:00:00,1,304.73882188199434,303.8708093439953
2017-08-27 16:15:00,1,304.7821606979163,303.92267355153047
2017-08-27 16:30:00,1,304.80719117061346,303.95798573571227
2017-08-27 16:45:00,1,304.8130937924109,303.9761075804667
2017-08-27 17:00:00,1,304.7990450891717,303.9765265454784
2017-08-27 17:15:00,1,304.7633107937497,303.9578521187114
2017-08-27 17:30:00,1,304.70528996253535,303.9189941384355
2017-08-27 17:45:00,1,304.62632948295146,303.86030769798316
2017-08-27 18:00:00,1,304.52769235314236,303.7824023905483
2017-08-27 18:15:00,1,304.4085890408388,303.68464683471234
2017-08-27 18:30:00,1,304.26741603676317,303.56517040098055
2017-08-27 18:45:00,1,304.10102170274644,303.4204974191028
2017-08-27 19:00:00,1,303.90733819639627,303.2481885125758
2017-08-27 19:15:00,1,303.6957478446584,303.0557222278176
2017-08-27 19:30:00,1,303.4799181257148,302.85663432987155
2017-08-27 19:45:00,1,303.26905564250956,302.6623128682988
2017-08-27 20:00:00,1,303.06766836948924,302.47776928215103
2017-08-27 20:15:00,1,302.87738026608,302.30316025887
2017-08-27 20:30:00,1,302.698335266481,302.1392922332749
2017-08-27 20:45:00,1,302.5300271362762,301.9883737145408
2017-08-27 21:00:00,1,302.3716737993709,301.8425150002281
2017-08-27 21:15:00,1,302.2223844227368,301.6991030482462
2017-08-27 21:30:00,1,302.0813833621216,301.55893032223577
2017-08-27 21:45:00,1,301.94831910640534,301.4233192371097
2017-08-27 22:00:00,1,301.82298294938295,301.2927221749157
2017-08-27 22:15:00,1,301.7050106480379,301.16636263560764
2017-08-27 22:30:00,1,301.59392197350843,301.0475128149883
2017-08-27 22:45:00,1,301.4892430739172,300.94028894907746
2017-08-27 23:00:00,1,301.3904493431929,300.84333523879377
2017-08-27 23:15:00,1,301.29693424023384,300.7532219484611
2017-08-27 23:30:00,1,301.20807163416924,300.6675794085311
2017-08-27 23:45:00,1,301.1233216962035,300.58556428957513
2017-08-28 00:00:00,1,301.0422691212322,300.5070352992903
2017-08-28 00:15:00,1,300.9645756508656,300.4318799327367
2017-08-28 00:30:00,1,300.8900411730366,300.35995715322497
2017-08-28 00:45:00,1,300.81880954245037,300.29133305857465
2017-08-28 01:00:00,1,300.7511350197915,300.2262591906034
2017-08-28 01:15:00,1,300.6871126404681,300.1649270252586
2017-08-28 01:30:00,1,300.6265301310137,300.10717082441346
2017-08-28 01:45:00,1,300.56864288248994,300.05229400112734
2017-08-28 02:00:00,1,300.5125321276117,299.9993074654676
2017-08-28 02:15:00,1,300.4574912127287,299.9473288334116
2017-08-28 02:30:00,1,300.4031644449307,299.8958329714992
2017-08-28 02:45:00,1,300.34969166312055,299.8449191424734
2017-08-28 03:00:00,1,300.29741269229265,299.79505000337383
2017-08-28 03:15:00,1,300.24655774682805,299.7466539298269
2017-08-28 03:30:00,1,300.19706879344676,299.69970464041944
2017-08-28 03:45:00,1,300.1483434660273,299.6535301899249
2017-08-28 04:00:00,1,300.0995914062045,299.60716366463197
2017-08-28 04:15:00,1,300.05025167999366,299.55985527602627
2017-08-28 04:30:00,1,300.000412429935,299.51164418487986
2017-08-28 04:45:00,1,299.9515534748664,299.4637936561698
2017-08-28 05:00:00,1,299.9056967553323,299.41829117168686
2017-08-28 05:15:00,1,299.86432905018825,299.37700846019015
2017-08-28 05:30:00,1,299.8281964194032,299.340775452146
2017-08-28 05:45:00,1,299.7978075065562,299.3099536809106
2017-08-28 06:00:00,1,299.7746088256209,299.2855036424976
2017-08-28 06:15:00,1,299.760252922143,299.26881076869154
2017-08-28 06:30:00,1,299.7556879814856,299.26092221841833
2017-08-28 06:45:00,1,299.76129344152855,299.26239212856404
2017-08-28 07:00:00,1,299.77726170418197,299.27351468994715
2017-08-28 07:15:00,1,299.80430600090284,299.29491917203603
2017-08-28 07:30:00,1,299.8440467257538,299.3271403467781
2017-08-28 07:45:00,1,299.8985244931835,299.3712455749751
2017-08-28 08:00:00,1,299.9693574858562,299.42770982157356
2017-08-28 08:15:00,1,300.05568737482105,299.4948476928289
2017-08-28 08:30:00,1,300.15538251610803,299.5683060565551
2017-08-28 08:45:00,1,300.2674365972285,299.64514671580207
2017-08-28 09:00:00,1,300.3917143613314,299.7293547074558
2017-08-28 09:15:00,1,300.5269552278936,299.8235532914915
2017-08-28 09:30:00,1,300.67119639143453,299.93363809530683
2017-08-28 09:45:00,1,300.82335659370284,300.05998983756734
2017-08-28 10:00:00,1,300.9828456006901,300.20059900212715
2017-08-28 10:15:00,1,301.1485573161481,300.355569940634
2017-08-28 10:30:00,1,301.31840932266005,300.52641854798026
2017-08-28 10:45:00,1,301.4888336337803,300.700343653288
2017-08-28 11:00:00,1,301.6559743009811,300.86743716651534
2017-08-28 11:15:00,1,301.81683810646507,301.0244132005527
2017-08-28 11:30:00,1,301.96988132695924,301.1717983017194
2017-08-28 11:45:00,1,302.1155486485422,301.31144314356106
2017-08-28 12:00:00,1,302.2550267080169,301.4451094280429
2017-08-28 12:15:00,1,302.3892254776406,301.5739332810278
2017-08-28 12:30:00,1,302.51982369493027,301.69874249667726
2017-08-28 12:45:00,1,302.64968019125797,301.8193499132588
2017-08-28 13:00:00,1,302.78085980593323,301.93945503862363
2017-08-28 13:15:00,1,302.91358058832935,302.0618253921376
2017-08-28 13:30:00,1,303.0471204998447,302.1863780092686
2017-08-28 13:45:00,1,303.1811373550137,302.31220339858453
2017-08-28 14:00:00,1,303.31539506505635,302.43894223386343
2017-08-28 14:15:00,1,303.44922543302476,302.5665136992869
2017-08-28 14:30:00,1,303.58186857577374,302.69439000242545
2017-08-28 14:45:00,1,303.7115612383452,302.8209647358113
2017-08-28 15:00:00,1,303.8358595629915,302.9437609210349
2017-08-28 15:15:00,1,303.9521727763949,303.06011000196105
2017-08-28 15:30:00,1,304.05798414471417,303.16742383458325
2017-08-28 15:45:00,1,304.1505784626592,303.26310358495454
2017-08-28 16:00:00,1,304.22747786884315,303.3447472917167
2017-08-28 16:15:00,1,304.2861444646501,303.4102213102212
2017-08-28 16:30:00,1,304.32448774334046,303.4575914840479
2017-08-28 16:45:00,1,304.3410881759447,303.48566416089267
2017-08-28 17:00:00,1,304.33477962476957,303.49322870190025
2017-08-28 17:15:00,1,304.3036758606679,303.4783477410644
2017-08-28 17:30:00,1,304.24691915112743,303.4393653076909
2017-08-28 17:45:00,1,304.1654033323901,303.37649001087556
2017-08-28 18:00:00,1,304.0612027619525,303.2916705330913
2017-08-28 18:15:00,1,303.9357718233527,303.1873182364601
2017-08-28 18:30:00,1,303.78936776125715,303.0624203877796
2017-08-28 18:45:00,1,303.6200492838035,302.91439066529284
2017-08-28 19:00:00,1,303.4272310422375,302.74366722053435
2017-08-28 19:15:00,1,303.2201771718424,302.55785426829607
2017-08-28 19:30:00,1,303.01120229266616,302.3679941714484
2017-08-28 19:45:00,1,302.8081623338105,302.182217588984
2017-08-28 20:00:00,1,302.61456043165,302.00452222352243
2017-08-28 20:15:00,1,302.4314082692571,301.83727173219535
2017-08-28 20:30:00,1,302.25853743651237,301.68138279765367
2017-08-28 20:45:00,1,302.0953136185367,301.5306672556123
2017-08-28 21:00:00,1,301.94091830249937,301.3822062654949
2017-08-28 21:15:00,1,301.79446930081735,301.23623880738086
2017-08-28 21:30:00,1,301.65525640246966,301.09358504435966
2017-08-28 21:45:00,1,301.52306356792616,300.9540403353701
2017-08-28 22:00:00,1,301.3977303033686,300.8218510832072
2017-08-28 22:15:00,1,301.2788180658029,300.70166802094775
2017-08-28 22:30:00,1,301.16592473791485,300.59175976637283
2017-08-28 22:45:00,1,301.05922896582854,300.488820787672
2017-08-28 23:00:00,1,300.9592097810809,300.39166096474133
2017-08-28 23:15:00,1,300.86616592175403,300.30090193114034
2017-08-28 23:30:00,1,300.77996723955545,300.2171795291389
2017-08-28 23:45:00,1,300.6998070222474,300.14006338083743
2017-08-29 00:00:00,1,300.6245751466273,300.0682547160198
2017-08-29 00:15:00,1,300.55332013309817,300.0003596955548
2017-08-29 00:30:00,1,300.48536075108274,299.9354222597118
2017-08-29 00:45:00,1,300.42025844474705,299.87304037572926
2017-08-29 01:00:00,1,300.3577833264584,299.8132043477824
2017-08-29 01:15:00,1,300.2978059850692,299.75602942682855
2017-08-29 01:30:00,1,300.24014908077413,299.7014972231343
2017-08-29 01:45:00,1,300.1844428470593,299.64929991582846
2017-08-29 02:00:00,1,300.13023423691146,299.59891690578496
2017-08-29 02:15:00,1,300.07714330343066,299.5497360625506
2017-08-29 02:30:00,1,300.024939551076,299.5014165428068
2017-08-29 02:45:00,1,299.97360064789683,299.45387229816515
2017-08-29 03:00:00,1,299.9231604785773,299.4070796610476
2017-08-29 03:15:00,1,299.87360545609056,299.3609717954495
2017-08-29 03:30:00,1,299.8253585845442,299.3159585007101
2017-08-29 03:45:00,1,299.780351748901,299.273747443577
2017-08-29 04:00:00,1,299.74076594203063,299.2367605466099
2017-08-29 04:15:00,1,299.70751678169603,299.2062435415232
2017-08-29 04:30:00,1,299.6800832084669,299.18158397280325
2017-08-29 04:45:00,1,299.65670292387927,299.1608005534807
2017-08-29 05:00:00,1,299.6354421499886,299.14161412779833
2017-08-29 05:15:00,1,299.6149244487695,299.1222665435249
2017-08-29 05:30:00,1,299.5943638825991,299.10172708042177
2017-08-29 05:45:00,1,299.5732963258352,299.07970828662087
2017-08-29 06:00:00,1,299.55202035128445,299.0569707011966
2017-08-29 06:15:00,1,299.5322809720517,299.0355090920643
2017-08-29 06:30:00,1,299.51661810743065,299.01815652962046
2017-08-29 06:45:00,1,299.50792506110184,299.007909201087
2017-08-29 07:00:00,1,299.50874762311764,299.00726542599295
2017-08-29 07:15:00,1,299.52127302738194,299.01808195989673
2017-08-29 07:30:00,1,299.5479688010959,299.04230675522194
2017-08-29 07:45:00,1,299.5928099769153,299.08221582494684
2017-08-29 08:00:00,1,299.6594083733922,299.13990474984325
2017-08-29 08:15:00,1,299.7481137239719,299.21505615905664
2017-08-29 08:30:00,1,299.8572741598201,299.3042359011909
2017-08-29 08:45:00,1,299.9858652228237,299.3989753227842
2017-08-29 09:00:00,1,300.13341278592407,299.50198249181204
2017-08-29 09:15:00,1,300.29890601897745,299.6282098389906
2017-08-29 09:30:00,1,300.4807293523922,299.78150205507063
2017-08-29 09:45:00,1,300.67779701422353,299.958750430137
2017-08-29 10:00:00,1,300.88942259368883,300.1614560353105
2017-08-29 10:15:00,1,301.11437031068635,300.3904458441018
2017-08-29 10:30:00,1,301.3497025325053,300.62999666001053
2017-08-29 10:45:00,1,301.58836689754173,300.86699693012093
2017-08-29 11:00:00,1,301.8217090142575,301.09466392809753
2017-08-29 11:15:00,1,302.0433279930049,301.3097213191875
2017-08-29 11:30:00,1,302.2497668870932,301.51032649370336
2017-08-29 11:45:00,1,302.4407232606973,301.69614224090583
2017-08-29 12:00:00,1,302.61755858524003,301.86845219554897
2017-08-29 12:15:00,1,302.781668363778,302.0289859396044
2017-08-29 12:30:00,1,302.9348311614857,302.1793584489215
2017-08-29 12:45:00,1,303.07907541399913,302.3209903169592
2017-08-29 13:00:00,1,303.21536019661204,302.45477931822586
2017-08-29 13:15:00,1,303.3435674436154,302.58059424637156
2017-08-29 13:30:00,1,303.4630782566453,302.69752070348966
2017-08-29 13:45:00,1,303.5727103391784,302.8046906479763
2017-08-29 14:00:00,1,303.6710177343334,302.90105292011856
2017-08-29 14:15:00,1,303.75616266012446,302.9849623324434
2017-08-29 14:30:00,1,303.82688432436646,303.05517468479354
2017-08-29 14:45:00,1,303.88379244493314,303.1120867948251
2017-08-29 15:00:00,1,303.92864581758823,303.1576127550852
2017-08-29 15:15:00,1,303.96392498646134,303.1943147187887
2017-08-29 15:30:00,1,303.99197650125257,303.224661925943
2017-08-29 15:45:00,1,304.0147188643422,303.2507227536234
2017-08-29 16:00:00,1,304.03286356580645,303.2733935688179
2017-08-29 16:15:00,1,304.0451737579913,303.2918156943357
2017-08-29 16:30:00,1,304.04987341246374,303.3042922487047
2017-08-29 16:45:00,1,304.04597067658125,303.30960567807455
2017-08-29 17:00:00,1,304.032279175,303.3064169509454
2017-08-29 17:15:00,1,304.00573532765486,303.29212774769087
2017-08-29 17:30:00,1,303.9637217290188,303.26394762945756
2017-08-29 17:45:00,1,303.90543949428053,303.2203799406035
2017-08-29 18:00:00,1,303.8309676805451,303.1611576794405
2017-08-29 18:15:00,1,303.7399198263201,303.08590149828257
2017-08-29 18:30:00,1,303.63064725940865,302.99297817988503
2017-08-29 18:45:00,1,303.5002027166803,302.87918149709117
2017-08-29 19:00:00,1,303.3471340143517,302.7435040676395
2017-08-29 19:15:00,1,303.1791278308762,302.59191481122235
2017-08-29 19:30:00,1,303.00738943972397,302.434713434227
2017-08-29 19:45:00,1,302.8395558522421,302.28078489023477
2017-08-29 20:00:00,1,302.6793984357051,302.1350348004119
2017-08-29 20:15:00,1,302.52832841176917,301.99736031090083
2017-08-29 20:30:00,1,302.38652540596064,301.86736375202014
2017-08-29 20:45:00,1,302.2535872783783,301.7448491243171
2017-08-29 21:00:00,1,302.12886966259447,301.6294365753456
2017-08-29 21:15:00,1,302.0116251936758,301.52086911403035
2017-08-29 21:30:00,1,301.9010401077442,301.41787422874233
2017-08-29 21:45:00,1,301.79621616475396,301.3179727650891
2017-08-29 22:00:00,1,301.6962811351586,301.21987038121443
2017-08-29 22:15:00,1,301.6004946831941,301.1232085029564
2017-08-29 22:30:00,1,301.5083341067183,301.02786823353586
2017-08-29 22:45:00,1,301.4196172984444,300.9335864308173
2017-08-29 23:00:00,1,301.33426832225024,300.83977205148153
2017-08-29 23:15:00,1,301.2521192048458,300.7514885883775
2017-08-29 23:30:00,1,301.17306824610534,300.67065736736333
2017-08-29 23:45:00,1,301.0974557376438,300.5959749422605
2017-08-30 00:00:00,1,301.02574896736627,300.525885105503
2017-08-30 00:15:00,1,300.95816658489986,300.4598385840801
2017-08-30 00:30:00,1,300.89460952776653,300.3978327282481
2017-08-30 00:45:00,1,300.8346180046517,300.3396457666709
2017-08-30 01:00:00,1,300.77758103295207,300.28465695927827
2017-08-30 01:15:00,1,300.7229490056324,300.2321140624336
2017-08-30 01:30:00,1,300.67017447951594,300.18127585743815
2017-08-30 01:45:00,1,300.61847485141897,300.1313379992729
2017-08-30 02:00:00,1,300.56706496335255,300.0814017006521
2017-08-30 02:15:00,1,300.5154426901251,300.0308476118359
2017-08-30 02:30:00,1,300.46355601593064,299.9796096317603
2017-08-30 02:45:00,1,300.4119658802167,299.9282829632832
2017-08-30 03:00:00,1,300.36142533118743,299.8778096084448
2017-08-30 03:15:00,1,300.31247934482985,299.82900307347944
2017-08-30 03:30:00,1,300.2653889548878,299.78230028735305
2017-08-30 03:45:00,1,300.22018389924614,299.7378397626893
2017-08-30 04:00:00,1,300.1768404531683,299.69566823107897
2017-08-30 04:15:00,1,300.1353249951952,299.65596081169053
2017-08-30 04:30:00,1,300.09548455733625,299.6185925073783
2017-08-30 04:45:00,1,300.0568711083704,299.58298506879373
2017-08-30 05:00:00,1,300.0188912871971,299.5482347967508
2017-08-30 05:15:00,1,299.9810685727171,299.513424501382
2017-08-30 05:30:00,1,299.94329428307157,299.47816676921445
2017-08-30 05:45:00,1,299.9065322157285,299.4433898695567
2017-08-30 06:00:00,1,299.8734728295863,299.41171798468275
2017-08-30 06:15:00,1,299.84750110735285,299.3866495693265
2017-08-30 06:30:00,1,299.8314494706581,299.3712556494778
2017-08-30 06:45:00,1,299.8275079948635,299.3678375321101
2017-08-30 07:00:00,1,299.8372795012656,299.3779084577304
2017-08-30 07:15:00,1,299.861161298157,299.40210776380917
2017-08-30 07:30:00,1,299.898935309881,299.4391140223478
2017-08-30 07:45:00,1,299.9504498923756,299.4870762087892
2017-08-30 08:00:00,1,300.01475924608775,299.543750698249
2017-08-30 08:15:00,1,300.08945082079657,299.60611967211236
2017-08-30 08:30:00,1,300.1714235486263,299.6703996521999
2017-08-30 08:45:00,1,300.25924390010397,299.7349871481587
2017-08-30 09:00:00,1,300.35447128335517,299.80240443369536
2017-08-30 09:15:00,1,300.46322528701967,299.88385854725163
2017-08-30 09:30:00,1,300.5932171132983,299.98758774913364
2017-08-30 09:45:00,1,300.74980550644534,300.1207153731817
2017-08-30 10:00:00,1,300.9341029034988,300.2892409062933
2017-08-30 10:15:00,1,301.14076072944505,300.4935283716605
2017-08-30 10:30:00,1,301.3607531665409,300.71317658333214
2017-08-30 10:45:00,1,301.5840677703316,300.9307284582429
2017-08-30 11:00:00,1,301.80179795619244,301.1380751320646
2017-08-30 11:15:00,1,302.007698777299,301.3325122062827
2017-08-30 11:30:00,1,302.1987536582742,301.5129927074297
2017-08-30 11:45:00,1,302.3753739760066,301.68002348664754
2017-08-30 12:00:00,1,302.5393978687675,301.83528344098437
2017-08-30 12:15:00,1,302.6924803069289,301.98059855482177
2017-08-30 12:30:00,1,302.8371031074951,302.11800565051294
2017-08-30 12:45:00,1,302.9772012637194,302.25029456668295
2017-08-30 13:00:00,1,303.11587611753873,302.3804135320936
2017-08-30 13:15:00,1,303.2540606053056,302.5102273295526
2017-08-30 13:30:00,1,303.3911009617565,302.6398810249567
2017-08-30 13:45:00,1,303.52539100582686,302.76805375439164
2017-08-30 14:00:00,1,303.6549934201144,302.8927096132708
2017-08-30 14:15:00,1,303.77782521361394,303.01128077619967
2017-08-30 14:30:00,1,303.8920007430838,303.12100090551303
2017-08-30 14:45:00,1,303.996034285538,303.22006729542005
2017-08-30 15:00:00,1,304.08867217462665,303.30778632379713
2017-08-30 15:15:00,1,304.1685415007351,303.3838057479411
2017-08-30 15:30:00,1,304.2350883991369,303.44890360300326
2017-08-30 15:45:00,1,304.2895120539515,303.5054887891941
2017-08-30 16:00:00,1,304.33312312531257,303.55509055775417
2017-08-30 16:15:00,1,304.36558218338325,303.5966785604299
2017-08-30 16:30:00,1,304.3855358848558,303.6277135730609
2017-08-30 16:45:00,1,304.39122077405005,303.64573823144013
2017-08-30 17:00:00,1,304.3806398063414,303.64852484301656
2017-08-30 17:15:00,1,304.35077972991314,303.63328359807133
2017-08-30 17:30:00,1,304.29944818031174,303.5977395460871
2017-08-30 17:45:00,1,304.22720073449676,303.5418963457533
2017-08-30 18:00:00,1,304.1358770928504,303.4674967648066
2017-08-30 18:15:00,1,304.02668225849595,303.3760355722473
2017-08-30 18:30:00,1,303.8994249018415,303.26726629441526
2017-08-30 18:45:00,1,303.7519582366722,303.1387262240751
2017-08-30 19:00:00,1,303.58328810044384,302.989719579747
2017-08-30 19:15:00,1,303.4011520034898,302.8262032302379
2017-08-30 19:30:00,1,303.2163546927992,302.65811198209207
2017-08-30 19:45:00,1,303.03602237336156,302.4938139768808
2017-08-30 20:00:00,1,302.86355664329926,302.3380073154418
2017-08-30 20:15:00,1,302.70016894074286,302.19061163408986
2017-08-30 20:30:00,1,302.54616561700885,302.05096611047634
2017-08-30 20:45:00,1,302.4020004147493,301.9189194725384
2017-08-30 21:00:00,1,302.2680780614494,301.7950301014369
2017-08-30 21:15:00,1,302.14434506283965,301.68021602260245
2017-08-30 21:30:00,1,302.03013416652396,301.5721307367844
2017-08-30 21:45:00,1,301.9238838842463,301.4690555648982
2017-08-30 22:00:00,1,301.82374460977724,301.3698401192205
2017-08-30 22:15:00,1,301.72818919740575,301.27340701025116
2017-08-30 22:30:00,1,301.6361967224063,301.17868227885964
2017-08-30 22:45:00,1,301.54737155549213,301.08475258368844
2017-08-30 23:00:00,1,301.46156381514356,300.990509856314
2017-08-30 23:15:00,1,301.37855968191593,300.9021142313908
2017-08-30 23:30:00,1,301.2980476854501,300.8207960648515
2017-08-30 23:45:00,1,301.21960200480936,300.74413450512503
2017-08-31 00:00:00,1,301.1427151468422,300.6694718975642
2017-08-31 00:15:00,1,301.0669058995531,300.5953584378068
2017-08-31 00:30:00,1,300.99216296619556,300.52165813359136
2017-08-31 00:45:00,1,300.91969000586187,300.4495567736214
2017-08-31 01:00:00,1,300.8512010482747,300.3810546120942
2017-08-31 01:15:00,1,300.78797608496467,300.3180067308027
2017-08-31 01:30:00,1,300.7304604478152,300.26125804913045
2017-08-31 01:45:00,1,300.6779363788094,300.2103205519778
2017-08-31 02:00:00,1,300.6291725791762,300.16389067449774
2017-08-31 02:15:00,1,300.5831142363825,300.12067511643136
2017-08-31 02:30:00,1,300.53898575830004,300.0794607760222
2017-08-31 02:45:00,1,300.49617078182666,300.03950532939564
2017-08-31 03:00:00,1,300.45419234374356,300.00048880314347
2017-08-31 03:15:00,1,300.41272317778527,299.96206017308293
2017-08-31 03:30:00,1,300.3715299825488,299.9238347065757
2017-08-31 03:45:00,1,300.33039042138273,299.88549903418993
2017-08-31 04:00:00,1,300.289118781212,299.84683217994336
2017-08-31 04:15:00,1,300.24759882121134,299.8077014939615
2017-08-31 04:30:00,1,300.2057317700293,299.76789329383803
2017-08-31 04:45:00,1,300.16331283762935,299.7273546780042
2017-08-31 05:00:00,1,300.12007622938677,299.68607504161093
2017-08-31 05:15:00,1,300.07581079578915,299.6439660722308
2017-08-31 05:30:00,1,300.0306932199079,299.6011748049198
2017-08-31 05:45:00,1,299.98615689423013,299.55876206088476
2017-08-31 06:00:00,1,299.9449518818115,299.5191970371636
2017-08-31 06:15:00,1,299.9105795209372,299.48562821215216
2017-08-31 06:30:00,1,299.886240345187,299.46106248721225
2017-08-31 06:45:00,1,299.87443581946235,299.44784342031414
2017-08-31 07:00:00,1,299.87677361492405,299.4473930521611
2017-08-31 07:15:00,1,299.8940787129646,299.4603017379751
2017-08-31 07:30:00,1,299.92669943749166,299.4869143558771
2017-08-31 07:45:00,1,299.9746891922851,299.5262021957174
2017-08-31 08:00:00,1,300.03767491724324,299.57728912216606
2017-08-31 08:15:00,1,300.114524989504,299.63886544032613
2017-08-31 08:30:00,1,300.204456321687,299.7087334153999
2017-08-31 08:45:00,1,300.307961184383,299.7817475742308
2017-08-31 09:00:00,1,300.42493500395915,299.8588861943786
2017-08-31 09:15:00,1,300.55325769097897,299.95133205431165
2017-08-31 09:30:00,1,300.6902257262425,300.06065643864775
2017-08-31 09:45:00,1,300.8345617360419,300.1836006865331
2017-08-31 10:00:00,1,300.98601993975456,300.318728848411
2017-08-31 10:15:00,1,301.1441051016914,300.47200710491387
2017-08-31 10:30:00,1,301.3074743245974,300.634965964038
2017-08-31 10:45:00,1,301.4734639636856,300.7989765790872
2017-08-31 11:00:00,1,301.6390348925802,300.95948674668784
2017-08-31 11:15:00,1,301.80156250035805,301.1147644519902
2017-08-31 11:30:00,1,301.9589457589104,301.26406425130205
2017-08-31 11:45:00,1,302.1093638888308,301.4062850288406
2017-08-31 12:00:00,1,302.2514099928867,301.5401533517141
2017-08-31 12:15:00,1,302.3843595446101,301.66483771715514
2017-08-31 12:30:00,1,302.50924270450184,301.7806183718508
2017-08-31 12:45:00,1,302.628981494093,301.8891161917249
2017-08-31 13:00:00,1,302.7459622299189,301.99263630867557
2017-08-31 13:15:00,1,302.86073036323154,302.0929420793184
2017-08-31 13:30:00,1,302.9729562225163,302.190938683339
2017-08-31 13:45:00,1,303.0828956272004,302.28745291077814
2017-08-31 14:00:00,1,303.19093257088565,302.38330598897875
2017-08-31 14:15:00,1,303.296642532665,302.47864602961937
2017-08-31 14:30:00,1,303.3990246527578,302.57273953121876
2017-08-31 14:45:00,1,303.4968627831878,302.6643161685882
2017-08-31 15:00:00,1,303.5888406133282,302.7519478311308
2017-08-31 15:15:00,1,303.67336896440014,302.8340992649643
2017-08-31 15:30:00,1,303.7486506157996,302.9091124426493
2017-08-31 15:45:00,1,303.813089771877,302.97542035975795
2017-08-31 16:00:00,1,303.8652687261989,303.0315370310705
2017-08-31 16:15:00,1,303.9033393168093,303.075712119731
2017-08-31 16:30:00,1,303.92557789520936,303.10646024382214
2017-08-31 16:45:00,1,303.9307785860927,303.12259447531954
2017-08-31 17:00:00,1,303.9177816389848,303.122758669758
2017-08-31 17:15:00,1,303.8842403627065,303.1048494382001
2017-08-31 17:30:00,1,303.8284527736749,303.06718397238376
2017-08-31 17:45:00,1,303.7513353694405,303.01006152607
2017-08-31 18:00:00,1,303.65492696508096,302.93570908211564
2017-08-31 18:15:00,1,303.54033302805175,302.8432690088414
2017-08-31 18:30:00,1,303.40684561943374,302.73108540517063
2017-08-31 18:45:00,1,303.25159953583324,302.59701256490786
2017-08-31 19:00:00,1,303.07363909119505,302.4415542562039
2017-08-31 19:15:00,1,302.8808729369304,302.270310504259
2017-08-31 19:30:00,1,302.68423504000657,302.09231068447446
2017-08-31 19:45:00,1,302.4917503423234,301.91627999850647
2017-08-31 20:00:00,1,302.3079388597458,301.74731091234355
2017-08-31 20:15:00,1,302.1347039012426,301.58997739645946
2017-08-31 20:30:00,1,301.97239899092324,301.4406105016261
2017-08-31 20:45:00,1,301.820548508949,301.2960749829661
2017-08-31 21:00:00,1,301.6783097247356,301.1558729701489
2017-08-31 21:15:00,1,301.5447422052142,301.02030895539787
2017-08-31 21:30:00,1,301.41898986816346,300.8887520228475
2017-08-31 21:45:00,1,301.3004740427037,300.7652844264546
2017-08-31 22:00:00,1,301.18877128757316,300.65394728482454
2017-08-31 22:15:00,1,301.0834359524034,300.5531055789735
2017-08-31 22:30:00,1,300.9840099405947,300.45938560938043
2017-08-31 22:45:00,1,300.8901299484576,300.37084466761866
2017-08-31 23:00:00,1,300.8014721515132,300.28707736791125
2017-08-31 23:15:00,1,300.717667764517,300.2080998676388
2017-08-31 23:30:00,1,300.6383544537507,300.1337248299361
2017-08-31 23:45:00,1,300.56329454549234,300.06361827332177
2017-09-01 00:00:00,1,300.4922636416164,299.99743762992847
2017-08-01 00:15:00,2,300.6913473498367,298.8635811186431
2017-08-01 00:30:00,2,300.6366620713092,298.80430623690023
2017-08-01 00:45:00,2,300.5836649507962,298.7491016722981
2017-08-01 01:00:00,2,300.53143740838567,298.69579619841164
2017-08-01 01:15:00,2,300.4792751304963,298.6427678764556
2017-08-01 01:30:00,2,300.42677724616345,298.58930594352165
2017-08-01 01:45:00,2,300.37387917930306,298.5353198465689
2017-08-01 02:00:00,2,300.32068650242144,298.4809569711705
2017-08-01 02:15:00,2,300.2673145770178,298.4263814849869
2017-08-01 02:30:00,2,300.21396572822823,298.37185089462383
2017-08-01 02:45:00,2,300.1611984181509,298.31796802526117
2017-08-01 03:00:00,2,300.1097443648448,298.2656531893667
2017-08-01 03:15:00,2,300.0601859535327,298.2158159193946
2017-08-01 03:30:00,2,300.0127925023175,298.16894314902623
2017-08-01 03:45:00,2,299.96735596083715,298.1248254355601
2017-08-01 04:00:00,2,299.9234063123515,298.0827265262934
2017-08-01 04:15:00,2,299.8805329419742,298.0418625213989
2017-08-01 04:30:00,2,299.8385210390021,298.0017794562289
2017-08-01 04:45:00,2,299.7973465380674,297.962414318816
2017-08-01 05:00:00,2,299.7570631662956,297.92392129075347
2017-08-01 05:15:00,2,299.71772797036584,297.88648731521755
2017-08-01 05:30:00,2,299.67977387979994,297.850674316673
2017-08-01 05:45:00,2,299.6448843844974,297.8181581584231
2017-08-01 06:00:00,2,299.61510470025803,297.7911487171334
2017-08-01 06:15:00,2,299.592175113466,297.7718895550419
2017-08-01 06:30:00,2,299.57767845434444,297.76221682960966
2017-08-01 06:45:00,2,299.573534896745,297.76348061281226
2017-08-01 07:00:00,2,299.58155017342415,297.77688343489365
2017-08-01 07:15:00,2,299.60242879439267,297.80167106644825
2017-08-01 07:30:00,2,299.6359136078983,297.83645596073507
2017-08-01 07:45:00,2,299.68140351180085,297.8796622785294
2017-08-01 08:00:00,2,299.73824658136317,297.9297693421562
2017-08-01 08:15:00,2,299.8063378533033,297.9833564045633
2017-08-01 08:30:00,2,299.8862223294207,298.04199890328
2017-08-01 08:45:00,2,299.9787136564787,298.11211744424145
2017-08-01 09:00:00,2,300.0841535417069,298.1963226005187
2017-08-01 09:15:00,2,300.2019468575035,298.29225119663346
2017-08-01 09:30:00,2,300.3306321467446,298.39997190748943
2017-08-01 09:45:00,2,300.4682108847123,298.52471541714294
2017-08-01 10:00:00,2,300.6125799806391,298.6702488517834
2017-08-01 10:15:00,2,300.7616855332642,298.82579141265904
2017-08-01 10:30:00,2,300.91376220927884,298.9822269100247
2017-08-01 10:45:00,2,301.06768255871935,299.13685725120763
2017-08-01 11:00:00,2,301.2226741186479,299.29054807955134
2017-08-01 11:15:00,2,301.3778392284711,299.4441196994204
2017-08-01 11:30:00,2,301.53204935332707,299.59702243344503
2017-08-01 11:45:00,2,301.68383956200944,299.74770416945967
2017-08-01 12:00:00,2,301.8316663556801,299.8944331481491
2017-08-01 12:15:00,2,301.9741395486054,300.03582742803883
2017-08-01 12:30:00,2,302.11035801896196,300.1712135817187
2017-08-01 12:45:00,2,302.24041937866093,300.3007388416199
2017-08-01 13:00:00,2,302.36486168755806,300.4249660466991
2017-08-01 13:15:00,2,302.4839247307394,300.5444068931683
2017-08-01 13:30:00,2,302.5970998654453,300.6586924264474
2017-08-01 13:45:00,2,302.7023857509037,300.76598066658056
2017-08-01 14:00:00,2,302.7973517511127,300.86372419193293
2017-08-01 14:15:00,2,302.88024920845174,300.94992925738563
2017-08-01 14:30:00,2,302.9502077598758,301.02368888270877
2017-08-01 14:45:00,2,303.0070863462021,301.08496030937386
2017-08-01 15:00:00,2,303.0511097849902,301.13403313602436
2017-08-01 15:15:00,2,303.08250691547534,301.1711053697593
2017-08-01 15:30:00,2,303.1015222680787,301.1961424521113
2017-08-01 15:45:00,2,303.10848784787044,301.208970089799
2017-08-01 16:00:00,2,303.10368200165294,301.21083724166954
2017-08-01 16:15:00,2,303.08729622311444,301.2034697873165
2017-08-01 16:30:00,2,303.05962496016684,301.1873611172809
2017-08-01 16:45:00,2,303.0214381859058,301.1626732154598
2017-08-01 17:00:00,2,302.97433678446697,301.13019884072656
2017-08-01 17:15:00,2,302.9200995269308,301.09141133055846
2017-08-01 17:30:00,2,302.85986968001714,301.048547096589
2017-08-01 17:45:00,2,302.79440107021026,301.00251432151293
2017-08-01 18:00:00,2,302.72419279606095,300.9531704739629
2017-08-01 18:15:00,2,302.64925323463353,300.90001206738947
2017-08-01 18:30:00,2,302.569440290408,300.8426011089397
2017-08-01 18:45:00,2,302.484775436571,300.78069150292765
2017-08-01 19:00:00,2,302.39559259023576,300.71430359399795
2017-08-01 19:15:00,2,302.3025242522574,300.6436790012443
2017-08-01 19:30:00,2,302.20622916466107,300.5692773121713
2017-08-01 19:45:00,2,302.1081622771958,300.4920984450994
2017-08-01 20:00:00,2,302.01013544561806,300.41367959670606
2017-08-01 20:15:00,2,301.9134685475292,300.33620146628425
2017-08-01 20:30:00,2,301.8188779313602,300.2572299121458
2017-08-01 20:45:00,2,301.7265960404524,300.17449329785677
2017-08-01 21:00:00,2,301.6365860920111,300.0890707960848
2017-08-01 21:15:00,2,301.5487248379114,300.0029949579836
2017-08-01 21:30:00,2,301.46295715891665,299.917500984204
2017-08-01 21:45:00,2,301.37950100853493,299.83306014083877
2017-08-01 22:00:00,2,301.2986692209623,299.74994975774655
2017-08-01 22:15:00,2,301.2206438088943,299.66847722714135
2017-08-01 22:30:00,2,301.1454587168333,299.58889904965463
2017-08-01 22:45:00,2,301.07305282073355,299.51132199983596
2017-08-01 23:00:00,2,301.0033077253602,299.4356959914228
2017-08-01 23:15:00,2,300.9360730832405,299.36186177722544
2017-08-01 23:30:00,2,300.8712429152956,299.2896381767069
2017-08-01 23:45:00,2,300.80889165221487,299.2188521369702
2017-08-02 00:00:00,2,300.74914655448805,299.1497964428288
2017-08-02 00:15:00,2,300.69204031347067,299.08598437231075
2017-08-02 00:30:00,2,300.6374930143176,299.0277894828842
2017-08-02 00:45:00,2,300.58531768128756,298.97374638587127
2017-08-02 01:00:00,2,300.5352830954187,298.9225177394777
2017-08-02 01:15:00,2,300.4871684837664,298.87349983043
2017-08-02 01:30:00,2,300.4406724937904,298.82640849551916
2017-08-02 01:45:00,2,300.3951800966304,298.7807480423428
2017-08-02 02:00:00,2,300.34998721036504,298.7357702378163
2017-08-02 02:15:00,2,300.30457705318065,298.69076493927054
2017-08-02 02:30:00,2,300.2587781761944,298.64542277767
2017-08-02 02:45:00,2,300.2130252605309,298.60008389372325
2017-08-02 03:00:00,2,300.1680114919807,298.555537009558
2017-08-02 03:15:00,2,300.1242610595894,298.51254773190635
2017-08-02 03:30:00,2,300.081972570402,298.4714580664507
2017-08-02 03:45:00,2,300.04086236362974,298.4319656033757
2017-08-02 04:00:00,2,300.00039366416877,298.3932989171392
2017-08-02 04:15:00,2,299.960111108454,298.35467499200496
2017-08-02 04:30:00,2,299.9197734777804,298.315638122078
2017-08-02 04:45:00,2,299.8792841670175,298.2761047423545
2017-08-02 05:00:00,2,299.83860076443386,298.2362060667242
2017-08-02 05:15:00,2,299.79772102264286,298.19612719469063
2017-08-02 05:30:00,2,299.7571555648292,298.15654825858365
2017-08-02 05:45:00,2,299.71900501067864,298.1194999592569
2017-08-02 06:00:00,2,299.6859160904016,298.08770353092274
2017-08-02 06:15:00,2,299.66029373211904,298.0640872237593
2017-08-02 06:30:00,2,299.64439502976444,298.0514923543069
2017-08-02 06:45:00,2,299.6405461701905,298.05250941951806
2017-08-02 07:00:00,2,299.6508273563353,298.0688179843287
2017-08-02 07:15:00,2,299.67626395251136,298.1002747233676
2017-08-02 07:30:00,2,299.71697996059885,298.1446709447324
2017-08-02 07:45:00,2,299.77302332641324,298.19950122007043
2017-08-02 08:00:00,2,299.84470117158986,298.2614887167836
2017-08-02 08:15:00,2,299.9325209026365,298.3276121032143
2017-08-02 08:30:00,2,300.03685886678926,298.4062315493261
2017-08-02 08:45:00,2,300.1568847237817,298.5012164134233
2017-08-02 09:00:00,2,300.29022047397825,298.6097572381868
2017-08-02 09:15:00,2,300.4335504573736,298.73569555948575
2017-08-02 09:30:00,2,300.5837604446897,298.88551089496593
2017-08-02 09:45:00,2,300.7391342022126,299.0475806189647
2017-08-02 10:00:00,2,300.8988863392162,299.2126215996641
2017-08-02 10:15:00,2,301.06210810644995,299.3777278324336
2017-08-02 10:30:00,2,301.22768012419493,299.5433034056667
2017-08-02 10:45:00,2,301.39465023771027,299.70980710469433
2017-08-02 11:00:00,2,301.5622088958835,299.876740811368
2017-08-02 11:15:00,2,301.72941357316716,300.04298258180495
2017-08-02 11:30:00,2,301.895005814458,300.2071259698297
2017-08-02 11:45:00,2,302.05703903071264,300.3673918930183
2017-08-02 12:00:00,2,302.21337671505535,300.52182250640357
2017-08-02 12:15:00,2,302.3622202157797,300.6687027776165
2017-08-02 12:30:00,2,302.50179450982193,300.80624643924
2017-08-02 12:45:00,2,302.6293365595034,300.931836288369
2017-08-02 13:00:00,2,302.7421310845754,301.0425541494919
2017-08-02 13:15:00,2,302.8386132130237,301.1364250658424
2017-08-02 13:30:00,2,302.91873091726274,301.21344405829615
2017-08-02 13:45:00,2,302.98430770678885,301.2757562377974
2017-08-02 14:00:00,2,303.0376930590016,301.3263275086441
2017-08-02 14:15:00,2,303.0804418189059,301.3673694698806
2017-08-02 14:30:00,2,303.1134432889233,301.3999950988077
2017-08-02 14:45:00,2,303.13753322051366,301.4248447632545
2017-08-02 15:00:00,2,303.153407041376,301.4423804550948
2017-08-02 15:15:00,2,303.16120883353415,301.4525715008164
2017-08-02 15:30:00,2,303.160787072602,301.45562872430304
2017-08-02 15:45:00,2,303.15205485311014,301.45229312469735
2017-08-02 16:00:00,2,303.1349836748674,301.44266101920016
2017-08-02 16:15:00,2,303.1093507705561,301.4263009113568
2017-08-02 16:30:00,2,303.07483914507486,301.4027135465319
2017-08-02 16:45:00,2,303.03171104939264,301.3718924432595
2017-08-02 17:00:00,2,302.9812034516869,301.3345459316903
2017-08-02 17:15:00,2,302.92480438651774,301.2929850200367
2017-08-02 17:30:00,2,302.86343831022805,301.2484961745314
2017-08-02 17:45:00,2,302.7972803576846,301.20096781858655
2017-08-02 18:00:00,2,302.7261310670919,301.14959702656324
2017-08-02 18:15:00,2,302.64955864786526,301.0935977722291
2017-08-02 18:30:00,2,302.56741993880667,301.0325792519975
2017-08-02 18:45:00,2,302.4798700384776,300.966531802821
2017-08-02 19:00:00,2,302.3873426456344,300.89574868696235
2017-08-02 19:15:00,2,302.29047872477264,300.8207063859276
2017-08-02 19:30:00,2,302.18987668758666,300.7422119388654
2017-08-02 19:45:00,2,302.0870584385161,300.66231288053535
2017-08-02 20:00:00,2,301.983972546816,300.581113290321
2017-08-02 20:15:00,2,301.88203133972615,300.49499626076187
2017-08-02 20:30:00,2,301.78214155680047,300.4032458823319
2017-08-02 20:45:00,2,301.6851798968936,300.309009709684
2017-08-02 21:00:00,2,301.59191225903794,300.21580700683245
2017-08-02 21:15:00,2,301.50276496960544,300.1255819470804
2017-08-02 21:30:00,2,301.4178091063025,300.03879923288963
2017-08-02 21:45:00,2,301.33676976584644,299.9551763333928
2017-08-02 22:00:00,2,301.25921234641464,299.8742241516251
2017-08-02 22:15:00,2,301.18472904704527,299.7954796951057
2017-08-02 22:30:00,2,301.1130529893595,299.7186407075611
2017-08-02 22:45:00,2,301.04419739586154,299.6436482049654
2017-08-02 23:00:00,2,300.97828253258484,299.5705863318707
2017-08-02 23:15:00,2,300.91533993745094,299.4994071604709
2017-08-02 23:30:00,2,300.8552313236162,299.430470146812
2017-08-02 23:45:00,2,300.79754952917455,299.36662086722674
2017-08-03 00:00:00,2,300.741797937226,299.3076840972796
2017-08-03 00:15:00,2,300.6875766688051,299.2519144378071
2017-08-03 00:30:00,2,300.6346100617298,299.1979350613313
2017-08-03 00:45:00,2,300.58273451949117,299.1452408060916
2017-08-03 01:00:00,2,300.5318466043785,299.09379376105244
2017-08-03 01:15:00,2,300.4818574909033,299.04359628516676
2017-08-03 01:30:00,2,300.4326792762063,298.9945344011726
2017-08-03 01:45:00,2,300.38419357769004,298.9463640981709
2017-08-03 02:00:00,2,300.33620899182114,298.8987176362428
2017-08-03 02:15:00,2,300.2885017262624,298.85116939495896
2017-08-03 02:30:00,2,300.24101082540835,298.80350526401446
2017-08-03 02:45:00,2,300.19414158634936,298.75607749217534
2017-08-03 03:00:00,2,300.1485609749363,298.7097771287731
2017-08-03 03:15:00,2,300.1048358040815,298.66561267316376
2017-08-03 03:30:00,2,300.0632278790359,298.6241844702486
2017-08-03 03:45:00,2,300.023493393631,298.58534099391767
2017-08-03 04:00:00,2,299.98511379776494,298.5483465543155
2017-08-03 04:15:00,2,299.947643053635,298.5123965214091
2017-08-03 04:30:00,2,299.91085129620154,298.47701975600586
2017-08-03 04:45:00,2,299.8747230114266,298.4421575267
2017-08-03 05:00:00,2,299.83932859299915,298.408107321134
2017-08-03 05:15:00,2,299.80473593680784,298.37506356904555
2017-08-03 05:30:00,2,299.7713766155456,298.34347982606397
2017-08-03 05:45:00,2,299.740899958931,298.3147753867294
2017-08-03 06:00:00,2,299.7152758351263,298.2909428534339
2017-08-03 06:15:00,2,299.69628511191684,298.2742863600345
2017-08-03 06:30:00,2,299.68602599274425,298.2673151046568
2017-08-03 06:45:00,2,299.68743048162185,298.27288691676404
2017-08-03 07:00:00,2,299.7029889227847,298.2920665603496
2017-08-03 07:15:00,2,299.7333830443733,298.32425427837705
2017-08-03 07:30:00,2,299.7778179874532,298.36745471232626
2017-08-03 07:45:00,2,299.83505513585385,298.419264195688
2017-08-03 08:00:00,2,299.904382463364,298.47695757530596
2017-08-03 08:15:00,2,299.9861843077248,298.5360698125516
2017-08-03 08:30:00,2,300.0813153324071,298.60478763483655
2017-08-03 08:45:00,2,300.1890218539107,298.68786946692944
2017-08-03 09:00:00,2,300.3065169700217,298.7827719830349
2017-08-03 09:15:00,2,300.430286992742,298.88710683142915
2017-08-03 09:30:00,2,300.5578439770501,299.0027959774261
2017-08-03 09:45:00,2,300.6897656391197,299.1348768933237
2017-08-03 10:00:00,2,300.8283143596051,299.2776929652286
2017-08-03 10:15:00,2,300.9751479219814,299.4270564365214
2017-08-03 10:30:00,2,301.13037772277414,299.58208604563237
2017-08-03 10:45:00,2,301.29165845426485,299.74200649769364
2017-08-03 11:00:00,2,301.4555552521839,299.9044382521035
2017-08-03 11:15:00,2,301.6189546846831,300.06620627170537
2017-08-03 11:30:00,2,301.77907750117606,300.22427442462015
2017-08-03 11:45:00,2,301.93272071579156,300.3756351570107
2017-08-03 12:00:00,2,302.0768944449066,300.517418670612
2017-08-03 12:15:00,2,302.2095522784419,300.64745308145535
2017-08-03 12:30:00,2,302.33014591177584,300.765216759515
2017-08-03 12:45:00,2,302.44050718453826,300.8725257656046
2017-08-03 13:00:00,2,302.54326614040497,300.97244378884216
2017-08-03 13:15:00,2,302.64015848526043,301.0674724322149
2017-08-03 13:30:00,2,302.7319115231464,301.1587386431078
2017-08-03 13:45:00,2,302.818533827849,301.24632130645665
2017-08-03 14:00:00,2,302.899679342927,301.32984581328225
2017-08-03 14:15:00,2,302.97477125048636,301.4085628165066
2017-08-03 14:30:00,2,303.04302076069393,301.48148811954144
2017-08-03 14:45:00,2,303.10316568058164,301.5472564906382
2017-08-03 15:00:00,2,303.1537200703631,301.6042465965056
2017-08-03 15:15:00,2,303.19344398093205,301.65100349118234
2017-08-03 15:30:00,2,303.2215277870084,301.68639872535056
2017-08-03 15:45:00,2,303.2373844248006,301.7096576111271
2017-08-03 16:00:00,2,303.2406304073548,301.72029550493147
2017-08-03 16:15:00,2,303.2309986880134,301.71968857324146
2017-08-03 16:30:00,2,303.20872712158337,301.70864422688334
2017-08-03 16:45:00,2,303.17483549016345,301.68781264627495
2017-08-03 17:00:00,2,303.1311915867476,301.6584035138151
2017-08-03 17:15:00,2,303.0797416806451,301.62151268822504
2017-08-03 17:30:00,2,303.02182098712376,301.57997923418
2017-08-03 17:45:00,2,302.9581142482801,301.5347572054259
2017-08-03 18:00:00,2,302.8888417810764,301.48541094273276
2017-08-03 18:15:00,2,302.8139908348261,301.4312525977943
2017-08-03 18:30:00,2,302.73363052332553,301.3719435839235
2017-08-03 18:45:00,2,302.6480563632344,301.30753331843687
2017-08-03 19:00:00,2,302.55790864230676,301.23840207225965
2017-08-03 19:15:00,2,302.4641551404689,301.16514116764176
2017-08-03 19:30:00,2,302.3676315979885,301.08841163506224
2017-08-03 19:45:00,2,302.2694648508906,301.00906457385963
2017-08-03 20:00:00,2,302.1708718364865,300.92819146586044
2017-08-03 20:15:00,2,302.072690242971,300.84723949368095
2017-08-03 20:30:00,2,301.9755071902914,300.7662251331468
2017-08-03 20:45:00,2,301.8800906004851,300.6811074361112
2017-08-03 21:00:00,2,301.787200843683,300.59227998867004
2017-08-03 21:15:00,2,301.697304065781,300.5025788380686
2017-08-03 21:30:00,2,301.6106641605907,300.41434516878564
2017-08-03 21:45:00,2,301.5276296704854,300.32872027640263
2017-08-03 22:00:00,2,301.4485421900399,300.2461990740956
2017-08-03 22:15:00,2,301.373537845468,300.16706383801807
2017-08-03 22:30:00,2,301.30247780193514,300.09139514384265
2017-08-03 22:45:00,2,301.2348729037599,300.01889351471254
2017-08-03 23:00:00,2,301.1700950580689,299.948918133849
2017-08-03 23:15:00,2,301.10760951114474,299.8807311130362
2017-08-03 23:30:00,2,301.0470586228129,299.81372981255606
2017-08-03 23:45:00,2,300.98830980253297,299.7474994412254
2017-08-04 00:00:00,2,300.93129771086006,299.6815062444018
2017-08-04 00:15:00,2,300.8758927716071,299.6179124469812
2017-08-04 00:30:00,2,300.82192924016084,299.55808420278487
2017-08-04 00:45:00,2,300.7693163518995,299.50135737438666
2017-08-04 01:00:00,2,300.71803094174,299.4465831774117
2017-08-04 01:15:00,2,300.6680724433051,299.39318136838574
2017-08-04 01:30:00,2,300.6195030152475,299.3412069185892
2017-08-04 01:45:00,2,300.57247939958125,299.29100051120804
2017-08-04 02:00:00,2,300.5271582588331,299.24288445364135
2017-08-04 02:15:00,2,300.4836222502081,299.19703643257884
2017-08-04 02:30:00,2,300.44187275406284,299.1534787791834
2017-08-04 02:45:00,2,300.4018386350107,299.1121247992664
2017-08-04 03:00:00,2,300.3634074213388,299.0728304404104
2017-08-04 03:15:00,2,300.32645676641465,299.0354334121354
2017-08-04 03:30:00,2,300.2908689797671,298.99977823476735
2017-08-04 03:45:00,2,300.2565404490512,298.96585201078244
2017-08-04 04:00:00,2,300.2233845587976,298.9335292479199
2017-08-04 04:15:00,2,300.19132746869485,298.90262540651366
2017-08-04 04:30:00,2,300.1603432419244,298.87306147489596
2017-08-04 04:45:00,2,300.1305665258764,298.84497615825137
2017-08-04 05:00:00,2,300.1022377698641,298.8186849377563
2017-08-04 05:15:00,2,300.0755612168693,298.7945224025274
2017-08-04 05:30:00,2,300.0506645143598,298.77271423734805
2017-08-04 05:45:00,2,300.0275848004367,298.7530853653815
2017-08-04 06:00:00,2,300.00634482343406,298.7354097544897
2017-08-04 06:15:00,2,299.98774101624116,298.7200573016967
2017-08-04 06:30:00,2,299.97325907209404,298.7082870153941
2017-08-04 06:45:00,2,299.9644951874914,298.70191617231194
2017-08-04 07:00:00,2,299.9630613787667,298.70310803778665
2017-08-04 07:15:00,2,299.9713652990802,298.7143101795633
2017-08-04 07:30:00,2,299.99231899701476,298.7380672051448
2017-08-04 07:45:00,2,300.02867804982964,298.7763146137025
2017-08-04 08:00:00,2,300.08235215870326,298.8290295802152
2017-08-04 08:15:00,2,300.15386351429515,298.89289965166085
2017-08-04 08:30:00,2,300.24310483902633,298.95870975122995
2017-08-04 08:45:00,2,300.34957378623335,299.03922203607766
2017-08-04 09:00:00,2,300.47172091233233,299.1427325097599
2017-08-04 09:15:00,2,300.6054893301546,299.26866634095
2017-08-04 09:30:00,2,300.7454379987479,299.4169408548194
2017-08-04 09:45:00,2,300.88674567073326,299.57242923133566
2017-08-04 10:00:00,2,301.0258528241663,299.72286906814014
2017-08-04 10:15:00,2,301.16095886751134,299.86437114033225
2017-08-04 10:30:00,2,301.2914240131544,299.9981031485021
2017-08-04 10:45:00,2,301.4169242884383,300.12581064716306
2017-08-04 11:00:00,2,301.5369110270249,300.2477794161577
2017-08-04 11:15:00,2,301.6499952242429,300.3628269636571
2017-08-04 11:30:00,2,301.75461655603624,300.46951716770445
2017-08-04 11:45:00,2,301.8500993239739,300.5670790318407
2017-08-04 12:00:00,2,301.93680440410134,300.6559267341077
2017-08-04 12:15:00,2,302.01634324839506,300.73760716990506
2017-08-04 12:30:00,2,302.09055919589815,300.8138781701138
2017-08-04 12:45:00,2,302.1602386738952,300.8855875408699
2017-08-04 13:00:00,2,302.22600140637036,300.9531440347137
2017-08-04 13:15:00,2,302.29037744087844,301.0179331308426
2017-08-04 13:30:00,2,302.3564124062515,301.08244806630455
2017-08-04 13:45:00,2,302.42649079408335,301.14937577461114
2017-08-04 14:00:00,2,302.501014984855,301.2198774334619
2017-08-04 14:15:00,2,302.5769577222633,301.29224795796875
2017-08-04 14:30:00,2,302.6498476971992,301.36259552086557
2017-08-04 14:45:00,2,302.71572184446063,301.4266583984241
2017-08-04 15:00:00,2,302.7717961611444,301.4812084385445
2017-08-04 15:15:00,2,302.81632891843685,301.5243437020041
2017-08-04 15:30:00,2,302.8484305713276,301.55525009886986
2017-08-04 15:45:00,2,302.86820227316656,301.5741186972012
2017-08-04 16:00:00,2,302.8761957397423,301.58282510273403
2017-08-04 16:15:00,2,302.8727472125243,301.5825120467146
2017-08-04 16:30:00,2,302.85808140733224,301.5734274942605
2017-08-04 16:45:00,2,302.8327849897804,301.5557595745463
2017-08-04 17:00:00,2,302.79823358470117,301.53001956231475
2017-08-04 17:15:00,2,302.75601065926094,301.49836129069695
2017-08-04 17:30:00,2,302.7072334845309,301.4624459904705
2017-08-04 17:45:00,2,302.6526060312735,301.4227993269928
2017-08-04 18:00:00,2,302.592758545441,301.37939323232183
2017-08-04 18:15:00,2,302.5280111808545,301.3320978803964
2017-08-04 18:30:00,2,302.4584963675833,301.28080506696466
2017-08-04 18:45:00,2,302.3843901887057,301.22545364554855
2017-08-04 19:00:00,2,302.306186175564,301.16619699715415
2017-08-04 19:15:00,2,302.22482010743045,301.1034795240602
2017-08-04 19:30:00,2,302.14113292460047,301.03791321981413
2017-08-04 19:45:00,2,302.05606747327795,300.9702777181057
2017-08-04 20:00:00,2,301.9705581411742,300.901611831934
2017-08-04 20:15:00,2,301.8852200157699,300.83388903320423
2017-08-04 20:30:00,2,301.8004843121599,300.7611647596415
2017-08-04 20:45:00,2,301.7169998213716,300.68316937194925
2017-08-04 21:00:00,2,301.63548327189034,300.6028818616842
2017-08-04 21:15:00,2,301.55642662224125,300.52304463709436
2017-08-04 21:30:00,2,301.4800562083521,300.44493074759356
2017-08-04 21:45:00,2,301.40637803230095,300.3687666284381
2017-08-04 22:00:00,2,301.3352784336802,300.2944375200746
2017-08-04 22:15:00,2,301.2665987214835,300.22182644939437
2017-08-04 22:30:00,2,301.20026712021064,300.1509361316888
2017-08-04 22:45:00,2,301.1365412571751,300.08199002674525
2017-08-04 23:00:00,2,301.0757797363684,300.01535715224446
2017-08-04 23:15:00,2,301.0181730714401,299.95134219977854
2017-08-04 23:30:00,2,300.9636540881753,299.8899292989529
2017-08-04 23:45:00,2,300.9117876438404,299.8305218995063
2017-08-05 00:00:00,2,300.86200098879516,299.7741283541756
2017-08-05 00:15:00,2,300.8138298187731,299.7216578105907
2017-08-05 00:30:00,2,300.76699273673955,299.672453082114
2017-08-05 00:45:00,2,300.7214342453685,299.6254638013837
2017-08-05 01:00:00,2,300.6771774542878,299.5800944522763
2017-08-05 01:15:00,2,300.6341960655934,299.5361868897574
2017-08-05 01:30:00,2,300.59237295972144,299.49364457649546
2017-08-05 01:45:00,2,300.55143823363557,299.45216635809635
2017-08-05 02:00:00,2,300.5110477930452,299.4112533161954
2017-08-05 02:15:00,2,300.47091059184396,299.3703973426544
2017-08-05 02:30:00,2,300.4309106592432,299.3293409162726
2017-08-05 02:45:00,2,300.3912600897032,299.2883264434495
2017-08-05 03:00:00,2,300.3523836905982,299.24806675781616
2017-08-05 03:15:00,2,300.3146635167556,299.20939566434436
2017-08-05 03:30:00,2,300.27829947633177,299.1728610044702
2017-08-05 03:45:00,2,300.2432528772648,299.13861221977197
2017-08-05 04:00:00,2,300.209328753221,299.10626087978176
2017-08-05 04:15:00,2,300.1763067273697,299.07522995392645
2017-08-05 04:30:00,2,300.14397903664735,299.0450276156771
2017-08-05 04:45:00,2,300.112107721485,299.0152376583774
2017-08-05 05:00:00,2,300.08046236299134,298.98547578207456
2017-08-05 05:15:00,2,300.0489058512419,298.95546191396886
2017-08-05 05:30:00,2,300.0178330592868,298.92553148985115
2017-08-05 05:45:00,2,299.98897881455537,298.8972250131361
2017-08-05 06:00:00,2,299.96441723821044,298.872931184865
2017-08-05 06:15:00,2,299.94607192858854,298.85518541246984
2017-08-05 06:30:00,2,299.93601501135583,298.8466367320857
2017-08-05 06:45:00,2,299.9366285969079,298.84978964633484
2017-08-05 07:00:00,2,299.9502091337643,298.86683741313215
2017-08-05 07:15:00,2,299.97785790662664,298.89835051628785
2017-08-05 07:30:00,2,300.01961028827765,298.94227752601336
2017-08-05 07:45:00,2,300.07512749329777,298.99547650516377
2017-08-05 08:00:00,2,300.14391320729897,299.05084703689886
2017-08-05 08:15:00,2,300.2256437173405,299.11246359364856
2017-08-05 08:30:00,2,300.320322489941,299.1858522335439
2017-08-05 08:45:00,2,300.42796066446175,299.27157414489193
2017-08-05 09:00:00,2,300.5478849153437,299.3748411230966
2017-08-05 09:15:00,2,300.67856001314067,299.49885908331913
2017-08-05 09:30:00,2,300.8180876444395,299.643059585636
2017-08-05 09:45:00,2,300.9646716840063,299.7968792728664
2017-08-05 10:00:00,2,301.1166038969976,299.9528095191813
2017-08-05 10:15:00,2,301.27198715642584,300.10855977915884
2017-08-05 10:30:00,2,301.4289654776968,300.26398852620787
2017-08-05 10:45:00,2,301.58579433525233,300.41854479590796
2017-08-05 11:00:00,2,301.7408674116774,300.57083103080015
2017-08-05 11:15:00,2,301.89266549353556,300.71921403392446
2017-08-05 11:30:00,2,302.0397777741266,300.8622626535101
2017-08-05 11:45:00,2,302.1808371475989,300.9987863160945
2017-08-05 12:00:00,2,302.31463395646773,301.127779473142
2017-08-05 12:15:00,2,302.44019501761414,301.24842406238594
2017-08-05 12:30:00,2,302.55692755133975,301.3602694623794
2017-08-05 12:45:00,2,302.6648098619081,301.46339464384675
2017-08-05 13:00:00,2,302.7640967999981,301.55822264798286
2017-08-05 13:15:00,2,302.854911446404,301.6451444814113
2017-08-05 13:30:00,2,302.9372726333261,301.72437238475544
2017-08-05 13:45:00,2,303.01125500786645,301.7960610800023
2017-08-05 14:00:00,2,303.0769103583854,301.86033125239595
2017-08-05 14:15:00,2,303.13410350698695,301.91715346854255
2017-08-05 14:30:00,2,303.1824170844974,301.96608233358245
2017-08-05 14:45:00,2,303.2208599785027,302.0060218325247
2017-08-05 15:00:00,2,303.24837422310054,302.0356000764419
2017-08-05 15:15:00,2,303.2642388391719,302.053708659287
2017-08-05 15:30:00,2,303.2683919070509,302.0596916743816
2017-08-05 15:45:00,2,303.26190812557167,302.05629388609407
2017-08-05 16:00:00,2,303.24617412249717,302.04579941422946
2017-08-05 16:15:00,2,303.22196789454966,302.0292167264867
2017-08-05 16:30:00,2,303.1895127006393,302.00643828498534
2017-08-05 16:45:00,2,303.14886673243393,301.9770217025151
2017-08-05 17:00:00,2,303.1006867521452,301.9411650650041
2017-08-05 17:15:00,2,303.0462407662794,301.900640220665
2017-08-05 17:30:00,2,302.9866438677562,301.8567633797473
2017-08-05 17:45:00,2,302.92259577892736,301.80997812547565
2017-08-05 18:00:00,2,302.85448206258513,301.76021213073966
2017-08-05 18:15:00,2,302.7822986021784,301.70720065997523
2017-08-05 18:30:00,2,302.70584885637317,301.6505727117184
2017-08-05 18:45:00,2,302.62479509350084,301.58988087384444
2017-08-05 19:00:00,2,302.5391768741195,301.5248753707737
2017-08-05 19:15:00,2,302.44947444452066,301.4556394758849
2017-08-05 19:30:00,2,302.3563249915385,301.3827138341837
2017-08-05 19:45:00,2,302.2614092456652,301.3074292946974
2017-08-05 20:00:00,2,302.1668152130774,301.23204067479185
2017-08-05 20:15:00,2,302.0740236822786,301.15612750352835
2017-08-05 20:30:00,2,301.98382265339364,301.0763671757822
2017-08-05 20:45:00,2,301.89651023463887,300.9935585653363
2017-08-05 21:00:00,2,301.81212720871355,300.91031427848816
2017-08-05 21:15:00,2,301.7305982126236,300.82845425572805
2017-08-05 21:30:00,2,301.6517928243252,300.74848167458464
2017-08-05 21:45:00,2,301.5755435714997,300.67019527408434
2017-08-05 22:00:00,2,301.5016292661549,300.593253752641
2017-08-05 22:15:00,2,301.4297978212511,300.51736081718406
2017-08-05 22:30:00,2,301.3599165125466,300.4423808021277
2017-08-05 22:45:00,2,301.29227563144934,300.36852173141557
2017-08-05 23:00:00,2,301.2273517818359,300.2962943306937
2017-08-05 23:15:00,2,301.16546450457275,300.2262192981895
2017-08-05 23:30:00,2,301.1066598702499,300.15847925377574
2017-08-05 23:45:00,2,301.05062250109756,300.09253368915824
2017-08-06 00:00:00,2,300.9968817887408,300.0305376040884
2017-08-06 00:15:00,2,300.945032644908,299.9732794424599
2017-08-06 00:30:00,2,300.89482204608197,299.9197192440083
2017-08-06 00:45:00,2,300.84622532467,299.8686629594387
2017-08-06 01:00:00,2,300.79930936133763,299.81959577449027
2017-08-06 01:15:00,2,300.7540897341344,299.7724820744037
2017-08-06 01:30:00,2,300.71041867475003,299.7272373783946
2017-08-06 01:45:00,2,300.667781712947,299.68338853640176
2017-08-06 02:00:00,2,300.62551828710974,299.6401622097059
2017-08-06 02:15:00,2,300.58312219851933,299.5967772811586
2017-08-06 02:30:00,2,300.54042578175864,299.55283790844436
2017-08-06 02:45:00,2,300.4978326383951,299.50868534377764
2017-08-06 03:00:00,2,300.4560396625503,299.4652633449993
2017-08-06 03:15:00,2,300.4156378890887,299.4235983218169
2017-08-06 03:30:00,2,300.3768429340436,299.38420858770723
2017-08-06 03:45:00,2,300.3391501776219,299.34669322930375
2017-08-06 04:00:00,2,300.30170189143354,299.3099484039175
2017-08-06 04:15:00,2,300.26381118572795,299.2728112216637
2017-08-06 04:30:00,2,300.22520826454485,299.2346745973114
2017-08-06 04:45:00,2,300.18620612801254,299.19575716112087
2017-08-06 05:00:00,2,300.1473785984958,299.15682336512543
2017-08-06 05:15:00,2,300.1092149138665,299.118684798448
2017-08-06 05:30:00,2,300.072505413547,299.08239097346546
2017-08-06 05:45:00,2,300.039398834443,299.0500264592976
2017-08-06 06:00:00,2,300.0123680722956,299.02411971154123
2017-08-06 06:15:00,2,299.99346918847243,299.0071970153788
2017-08-06 06:30:00,2,299.98466438827063,299.0016256827728
2017-08-06 06:45:00,2,299.98787748240807,299.0090036924869
2017-08-06 07:00:00,2,300.00482468911633,299.0309627113122
2017-08-06 07:15:00,2,300.0364833235489,299.06713775901983
2017-08-06 07:30:00,2,300.0830693117878,299.1159179228869
2017-08-06 07:45:00,2,300.14417911527664,299.17471601275105
2017-08-06 08:00:00,2,300.21912043227655,299.23773273528025
2017-08-06 08:15:00,2,300.3076077904839,299.3052097024687
2017-08-06 08:30:00,2,300.4095583988451,299.38366882816507
2017-08-06 08:45:00,2,300.52476817129246,299.4749050082762
2017-08-06 09:00:00,2,300.65268492076103,299.5850684760773
2017-08-06 09:15:00,2,300.7921202869826,299.71687614046664
2017-08-06 09:30:00,2,300.9414271129757,299.8715466475512
2017-08-06 09:45:00,2,301.09874400779233,300.03754001574947
2017-08-06 10:00:00,2,301.2621165457416,300.2061041152113
2017-08-06 10:15:00,2,301.4295108699396,300.37450164690983
2017-08-06 10:30:00,2,301.59915834862625,300.5428951544507
2017-08-06 10:45:00,2,301.7700844478653,300.71164560519776
2017-08-06 11:00:00,2,301.94175567432137,300.88050839826866
2017-08-06 11:15:00,2,302.11343297248857,301.0487089430538
2017-08-06 11:30:00,2,302.28392704468246,301.21505125898545
2017-08-06 11:45:00,2,302.4512633685513,301.37783992435686
2017-08-06 12:00:00,2,302.61322071036665,301.5351560309968
2017-08-06 12:15:00,2,302.76790727618663,301.6853098938347
2017-08-06 12:30:00,2,302.9135677832232,301.82666891015106
2017-08-06 12:45:00,2,303.0477760595549,301.9570836247463
2017-08-06 13:00:00,2,303.1682054500187,302.0740959609874
2017-08-06 13:15:00,2,303.2734598227137,302.17603072756475
2017-08-06 13:30:00,2,303.36324918543613,302.2625598109579
2017-08-06 13:45:00,2,303.43841036736063,302.33465221389855
2017-08-06 14:00:00,2,303.5001811293908,302.39392220600246
2017-08-06 14:15:00,2,303.5495086606642,302.4416480622657
2017-08-06 14:30:00,2,303.58705618704005,302.47854871137235
2017-08-06 14:45:00,2,303.613406511325,302.505023146757
2017-08-06 15:00:00,2,303.62902799498846,302.52129003375796
2017-08-06 15:15:00,2,303.634102864879,302.52717740432087
2017-08-06 15:30:00,2,303.6288969025724,302.5235787823725
2017-08-06 15:45:00,2,303.6143781395408,302.5124955467015
2017-08-06 16:00:00,2,303.591580098665,302.4952967065993
2017-08-06 16:15:00,2,303.5610115840692,302.4724243005394
2017-08-06 16:30:00,2,303.5227974511883,302.4437182308997
2017-08-06 16:45:00,2,303.47713975955577,302.4089254013084
2017-08-06 17:00:00,2,303.42496779309397,302.3690840925439
2017-08-06 17:15:00,2,303.36748072170695,302.32581293329713
2017-08-06 17:30:00,2,303.305656346943,302.28006397413526
2017-08-06 17:45:00,2,303.24013708036983,302.2320740353812
2017-08-06 18:00:00,2,303.17122674783127,302.1816875005867
2017-08-06 18:15:00,2,303.0987781219264,302.1285393087114
2017-08-06 18:30:00,2,303.02250011396677,302.0721553188213
2017-08-06 18:45:00,2,302.94213757489774,302.0120382906609
2017-08-06 19:00:00,2,302.85777285575716,301.94791497765704
2017-08-06 19:15:00,2,302.7699943738419,301.8798838113351
2017-08-06 19:30:00,2,302.67957380147925,301.80843820649847
2017-08-06 19:45:00,2,302.5880296063633,301.7346099654548
2017-08-06 20:00:00,2,302.4971292855489,301.6597902590853
2017-08-06 20:15:00,2,302.40810992629866,301.58541472325237
2017-08-06 20:30:00,2,302.3215606581278,301.5118043258225
2017-08-06 20:45:00,2,302.2374437983203,301.4370127433088
2017-08-06 21:00:00,2,302.15543018345784,301.3601420899573
2017-08-06 21:15:00,2,302.0752018410328,301.2819142523974
2017-08-06 21:30:00,2,301.9965173645458,301.2032659642005
2017-08-06 21:45:00,2,301.9191920206242,301.12460094759535
2017-08-06 22:00:00,2,301.8430709934234,301.04586770346583
2017-08-06 22:15:00,2,301.76801755603856,300.966874467476
2017-08-06 22:30:00,2,301.69400181509155,300.8875585632768
2017-08-06 22:45:00,2,301.6213182441603,300.80817763918446
2017-08-06 23:00:00,2,301.55039047636427,300.7292450737903
2017-08-06 23:15:00,2,301.481507276272,300.65126840169944
2017-08-06 23:30:00,2,301.41480438942443,300.57454253816763
2017-08-06 23:45:00,2,301.3503410348391,300.4990650079987
2017-08-07 00:00:00,2,301.28810386717436,300.42438118189534
2017-08-07 00:15:00,2,301.22802047425694,300.3527875766594
2017-08-07 00:30:00,2,301.1700431991444,300.28619149409593
2017-08-07 00:45:00,2,301.11430262622383,300.2242819031692
2017-08-07 01:00:00,2,301.0610717872418,300.1662733411237
2017-08-07 01:15:00,2,301.01056882320466,300.1119768045182
2017-08-07 01:30:00,2,300.96285714894543,300.0615731042816
2017-08-07 01:45:00,2,300.91785912995095,300.0150735038152
2017-08-07 02:00:00,2,300.87540289578476,299.97215050459425
2017-08-07 02:15:00,2,300.83527747824365,299.9323083680324
2017-08-07 02:30:00,2,300.79718628959404,299.89499805722704
2017-08-07 02:45:00,2,300.760568836668,299.85954989416433
2017-08-07 03:00:00,2,300.7247865363142,299.82521348762003
2017-08-07 03:15:00,2,300.6893557081911,299.79133336357285
2017-08-07 03:30:00,2,300.6539708013258,299.75745742491307
2017-08-07 03:45:00,2,300.6184323968951,299.7232620010927
2017-08-07 04:00:00,2,300.5825590227064,299.6884295076423
2017-08-07 04:15:00,2,300.54620322603364,299.6526743270289
2017-08-07 04:30:00,2,300.5094106085036,299.6159607645934
2017-08-07 04:45:00,2,300.4725514927573,299.5786834112959
2017-08-07 05:00:00,2,300.43610057147606,299.54153436595715
2017-08-07 05:15:00,2,300.40043301778667,299.50520014273934
2017-08-07 05:30:00,2,300.36621325749303,299.4707063676955
2017-08-07 05:45:00,2,300.33535433932957,299.4397619535685
2017-08-07 06:00:00,2,300.3100809921447,299.4145316267436
2017-08-07 06:15:00,2,300.2923724438613,299.39744938413685
2017-08-07 06:30:00,2,300.28429984687426,299.39106232195223
2017-08-07 06:45:00,2,300.2878695826325,299.39738022961234
2017-08-07 07:00:00,2,300.30471918178006,299.41800769676195
2017-08-07 07:15:00,2,300.33560756697966,299.4529205833533
2017-08-07 07:30:00,2,300.38056184121496,299.4999913778074
2017-08-07 07:45:00,2,300.43943935205715,299.5563277989929
2017-08-07 08:00:00,2,300.51218796229966,299.61559119909435
2017-08-07 08:15:00,2,300.59926731932643,299.6812489367644
2017-08-07 08:30:00,2,300.70150178201504,299.7597519796138
2017-08-07 08:45:00,2,300.8185579343034,299.85278988722774
2017-08-07 09:00:00,2,300.9484661337952,299.9651962972441
2017-08-07 09:15:00,2,301.0882292795305,300.0996072490474
2017-08-07 09:30:00,2,301.23492766617204,300.2522606520952
2017-08-07 09:45:00,2,301.386945762269,300.41175936086887
2017-08-07 10:00:00,2,301.5435173000996,300.5718379465437
2017-08-07 10:15:00,2,301.7037680581794,300.7319377326565
2017-08-07 10:30:00,2,301.86656515578585,300.8930726766941
2017-08-07 10:45:00,2,302.03059941338836,301.0551762756894
2017-08-07 11:00:00,2,302.19448359296274,301.2169915837069
2017-08-07 11:15:00,2,302.35675563425957,301.3768936882128
2017-08-07 11:30:00,2,302.5157762942077,301.53314776325396
2017-08-07 11:45:00,2,302.66931986546444,301.6836036453257
2017-08-07 12:00:00,2,302.81515391449545,301.8259370888163
2017-08-07 12:15:00,2,302.9515802851766,301.958286405414
2017-08-07 12:30:00,2,303.0775169508614,302.07959228386153
2017-08-07 12:45:00,2,303.1924317397278,302.1895411297776
2017-08-07 13:00:00,2,303.2961243045369,302.2882349669412
2017-08-07 13:15:00,2,303.38849638268124,302.37586995068784
2017-08-07 13:30:00,2,303.46978088515226,302.45293706915703
2017-08-07 13:45:00,2,303.541037881768,302.52060739237555
2017-08-07 14:00:00,2,303.60352031743133,302.58036660240543
2017-08-07 14:15:00,2,303.6579355691745,302.6332791662077
2017-08-07 14:30:00,2,303.7045519787142,302.67974149823857
2017-08-07 14:45:00,2,303.74352933549363,302.71976388864607
2017-08-07 15:00:00,2,303.7749353152023,302.7531934344415
2017-08-07 15:15:00,2,303.798568788083,302.77965075863693
2017-08-07 15:30:00,2,303.8138796388289,302.79809530192705
2017-08-07 15:45:00,2,303.8196832580445,302.80847712996086
2017-08-07 16:00:00,2,303.8146732253907,302.80980987433077
2017-08-07 16:15:00,2,303.79803097934814,302.80095119869395
2017-08-07 16:30:00,2,303.76963541545905,302.78151132809944
2017-08-07 16:45:00,2,303.73031228759993,302.7522403710384
2017-08-07 17:00:00,2,303.6818770685481,302.71452627093987
2017-08-07 17:15:00,2,303.6261992483007,302.6713854331377
2017-08-07 17:30:00,2,303.5647044677323,302.62483641563813
2017-08-07 17:45:00,2,303.4984493653083,302.5755156410736
2017-08-07 18:00:00,2,303.42808834258545,302.52335354761624
2017-08-07 18:15:00,2,303.35369190101386,302.4680263127038
2017-08-07 18:30:00,2,303.2750451319641,302.4090972270588
2017-08-07 18:45:00,2,303.1919005882572,302.34611758144024
2017-08-07 19:00:00,2,303.10449884828625,302.278926686087
2017-08-07 19:15:00,2,303.0135525800698,302.20774843669403
2017-08-07 19:30:00,2,302.9198057758535,302.1331179131916
2017-08-07 19:45:00,2,302.8245929506884,302.0560008372356
2017-08-07 20:00:00,2,302.7294761868469,301.9777497430974
2017-08-07 20:15:00,2,302.63556948415555,301.90021209554396
2017-08-07 20:30:00,2,302.5434900787457,301.8213232930574
2017-08-07 20:45:00,2,302.45351249497736,301.7388387855051
2017-08-07 21:00:00,2,302.3657113524467,301.65373674256307
2017-08-07 21:15:00,2,302.2800596781617,301.5680278247902
2017-08-07 21:30:00,2,302.1965615726337,301.4830224959889
2017-08-07 21:45:00,2,302.1154570224044,301.3992660859032
2017-08-07 22:00:00,2,302.03705610934344,301.3170506290358
2017-08-07 22:15:00,2,301.9615292760839,301.2366595790483
2017-08-07 22:30:00,2,301.88889668677876,301.15830939483794
2017-08-07 22:45:00,2,301.81908197450724,301.082080267683
2017-08-07 23:00:00,2,301.75195486723334,301.0079196637053
2017-08-07 23:15:00,2,301.6873569990786,300.93567691650645
2017-08-07 23:30:00,2,301.6251513769084,300.8651760480764
2017-08-07 23:45:00,2,301.565310108696,300.79625014734046
2017-08-08 00:00:00,2,301.50784525370517,300.72847178426906
2017-08-08 00:15:00,2,301.4527096128933,300.66474450017904
2017-08-08 00:30:00,2,301.3997214788763,300.6061464290097
2017-08-08 00:45:00,2,301.3484278074043,300.5514346918329
2017-08-08 01:00:00,2,301.2982541204511,300.49882857956294
2017-08-08 01:15:00,2,301.24871088429046,300.4471225115155
2017-08-08 01:30:00,2,301.1995305772641,300.3958597679365
2017-08-08 01:45:00,2,301.15085483055054,300.34513957479
2017-08-08 02:00:00,2,301.1029674419738,300.2952383402777
2017-08-08 02:15:00,2,301.05603001604925,300.24628536618684
2017-08-08 02:30:00,2,301.01012537126036,300.1982850929581
2017-08-08 02:45:00,2,300.96539677646996,300.15140656758985
2017-08-08 03:00:00,2,300.9220793619914,300.1061114064949
2017-08-08 03:15:00,2,300.88038721290565,300.0629570020154
2017-08-08 03:30:00,2,300.8403599836284,300.02222648577674
2017-08-08 03:45:00,2,300.8016784699944,299.9836132337855
2017-08-08 04:00:00,2,300.7638140663163,299.9462900693058
2017-08-08 04:15:00,2,300.7263164699515,299.9093325535228
2017-08-08 04:30:00,2,300.68900359987356,299.87219177217844
2017-08-08 04:45:00,2,300.65202606464896,299.83492963143215
2017-08-08 05:00:00,2,300.6156707509907,299.79803584250755
2017-08-08 05:15:00,2,300.58019048303566,299.762055678133
2017-08-08 05:30:00,2,300.54617962778923,299.7279204722226
2017-08-08 05:45:00,2,300.51551736617535,299.69735247397
2017-08-08 06:00:00,2,300.4903944908878,299.6726081879246
2017-08-08 06:15:00,2,300.4726037234819,299.65604470767767
2017-08-08 06:30:00,2,300.46377847931336,299.6495615964285
2017-08-08 06:45:00,2,300.46546916298246,299.6544521529787
2017-08-08 07:00:00,2,300.479199067541,299.671968176534
2017-08-08 07:15:00,2,300.50605413317135,299.70213744439684
2017-08-08 07:30:00,2,300.54664013211243,299.7439833950599
2017-08-08 07:45:00,2,300.60135983599184,299.79584662713637
2017-08-08 08:00:00,2,300.6706493781543,299.8542564967702
2017-08-08 08:15:00,2,300.75506930880357,299.9171428983691
2017-08-08 08:30:00,2,300.8551481982432,299.99199857024786
2017-08-08 08:45:00,2,300.9705772255465,300.081975464333
2017-08-08 09:00:00,2,301.0998286715802,300.1878731706369
2017-08-08 09:15:00,2,301.24039612779495,300.31324991950186
2017-08-08 09:30:00,2,301.3896076479067,300.46220221295835
2017-08-08 09:45:00,2,301.54559750733546,300.6237102516425
2017-08-08 10:00:00,2,301.7071423568658,300.78844077288977
2017-08-08 10:15:00,2,301.8729590124499,300.9533438301896
2017-08-08 10:30:00,2,302.04141142047075,301.1184783475473
2017-08-08 10:45:00,2,302.21017218873857,301.2833325870854
2017-08-08 11:00:00,2,302.3766859991342,301.44597050799604
2017-08-08 11:15:00,2,302.53870684218685,301.604024293732
2017-08-08 11:30:00,2,302.69446052652705,301.7555656401923
2017-08-08 11:45:00,2,302.8425490894948,301.89926344706737
2017-08-08 12:00:00,2,302.9819141670466,302.03418979729713
2017-08-08 12:15:00,2,303.11174965256527,302.1596368591106
2017-08-08 12:30:00,2,303.2315170688998,302.2751087433756
2017-08-08 12:45:00,2,303.3409773968275,302.3803579230592
2017-08-08 13:00:00,2,303.4400940499511,302.4753566807032
2017-08-08 13:15:00,2,303.52884140085945,302.5601948203293
2017-08-08 13:30:00,2,303.6074974732765,302.63536389371274
2017-08-08 13:45:00,2,303.67730065551405,302.7022227524761
2017-08-08 14:00:00,2,303.7396971025759,302.7625263699765
2017-08-08 14:15:00,2,303.79546007152686,302.8174852574322
2017-08-08 14:30:00,2,303.8444263492438,302.86701152682423
2017-08-08 14:45:00,2,303.8850882863514,302.9094659243659
2017-08-08 15:00:00,2,303.91559906559695,302.94253679313044
2017-08-08 15:15:00,2,303.9346952404127,302.9643788814148
2017-08-08 15:30:00,2,303.94193160414034,302.97386969707384
2017-08-08 15:45:00,2,303.9376938962082,302.9726695065211
2017-08-08 16:00:00,2,303.922604610229,302.96243440040996
2017-08-08 16:15:00,2,303.89691186431776,302.9437274568371
2017-08-08 16:30:00,2,303.8607175462493,302.9164085500121
2017-08-08 16:45:00,2,303.81435199216367,302.88040761360634
2017-08-08 17:00:00,2,303.7589903332889,302.83630417395955
2017-08-08 17:15:00,2,303.6961938082077,302.7865039906669
2017-08-08 17:30:00,2,303.62707929185603,302.73253652270984
2017-08-08 17:45:00,2,303.5525176885878,302.67487829613356
2017-08-08 18:00:00,2,303.4731884336175,302.6135744502794
2017-08-08 18:15:00,2,303.38930492803837,302.54857959856713
2017-08-08 18:30:00,2,303.30100850460474,302.47992775538484
2017-08-08 18:45:00,2,303.20880868633765,302.4078927328603
2017-08-08 19:00:00,2,303.11355329235903,302.3330588320082
2017-08-08 19:15:00,2,303.01625714706705,302.25623338221465
2017-08-08 19:30:00,2,302.91766502073995,302.1786077377882
2017-08-08 19:45:00,2,302.8185391936667,302.1000274293167
2017-08-08 20:00:00,2,302.7196523843387,302.0198702680063
2017-08-08 20:15:00,2,302.62153199338155,301.9329193434475
2017-08-08 20:30:00,2,302.52457127563446,301.8403555294299
2017-08-08 20:45:00,2,302.4293450757736,301.7456776882512
2017-08-08 21:00:00,2,302.33641670887005,301.6513946523249
2017-08-08 21:15:00,2,302.24610088927966,301.55841845877995
2017-08-08 21:30:00,2,302.1584850152888,301.4668205055723
2017-08-08 21:45:00,2,302.07352807537967,301.37652931714575
2017-08-08 22:00:00,2,301.9911407629454,301.28755738751266
2017-08-08 22:15:00,2,301.9112080388723,301.1999288813968
2017-08-08 22:30:00,2,301.833678296754,301.1136493281422
2017-08-08 22:45:00,2,301.7587416839509,301.0287426648027
2017-08-08 23:00:00,2,301.6866246347241,300.9449845428792
2017-08-08 23:15:00,2,301.61739067200796,300.86504215272896
2017-08-08 23:30:00,2,301.55099549555035,300.79127928766917
2017-08-08 23:45:00,2,301.48745526255186,300.72314397296105
2017-08-09 00:00:00,2,301.42682394146556,300.65922384594705
2017-08-09 00:15:00,2,301.3690971347959,300.59873412164376
2017-08-09 00:30:00,2,301.31419479795835,300.54153265524246
2017-08-09 00:45:00,2,301.2619790927651,300.4876129467731
2017-08-09 01:00:00,2,301.21228548659246,300.4368353487971
2017-08-09 01:15:00,2,301.16493925763115,300.38893922437467
2017-08-09 01:30:00,2,301.1196113861517,300.34347983771823
2017-08-09 01:45:00,2,301.0754792687639,300.2996089774651
2017-08-09 02:00:00,2,301.0315549391393,300.25619110654367
2017-08-09 02:15:00,2,300.9871024447974,300.21220128142437
2017-08-09 02:30:00,2,300.9418260172073,300.167146593197
2017-08-09 02:45:00,2,300.89613027237993,300.1213596145488
2017-08-09 03:00:00,2,300.85073470095426,300.0757531853331
2017-08-09 03:15:00,2,300.80620596903003,300.03122779650187
2017-08-09 03:30:00,2,300.7628604295453,299.98828165815996
2017-08-09 03:45:00,2,300.7207935179383,299.9470059452627
2017-08-09 04:00:00,2,300.6799698483419,299.90727335926243
2017-08-09 04:15:00,2,300.6403066777803,299.86890433674057
2017-08-09 04:30:00,2,300.6016766011576,299.8316976145608
2017-08-09 04:45:00,2,300.5638330334316,299.7953321035158
2017-08-09 05:00:00,2,300.52648263147876,299.759369160471
2017-08-09 05:15:00,2,300.48942419765,299.72342666282736
2017-08-09 05:30:00,2,300.4530071485584,299.6877961461288
2017-08-09 05:45:00,2,300.41898702619284,299.65418768384404
2017-08-09 06:00:00,2,300.3896221767251,299.6251153656308
2017-08-09 06:15:00,2,300.36706213160863,299.60334967687606
2017-08-09 06:30:00,2,300.35350436057666,299.5916430626594
2017-08-09 06:45:00,2,300.35147424657305,299.59295045640937
2017-08-09 07:00:00,2,300.36336776730735,299.60884980049303
2017-08-09 07:15:00,2,300.3904706012748,299.6396504678074
2017-08-09 07:30:00,2,300.43301151900255,299.6840880746763
2017-08-09 07:45:00,2,300.4906482025418,299.73974877929766
2017-08-09 08:00:00,2,300.56256883997503,299.8031194066838
2017-08-09 08:15:00,2,300.6481615476056,299.8678622643256
2017-08-09 08:30:00,2,300.74713482266554,299.9415432321415
2017-08-09 08:45:00,2,300.859007918396,300.02918231830245
2017-08-09 09:00:00,2,300.98284521086026,300.12937693468575
2017-08-09 09:15:00,2,301.1169629385775,300.24039630496924
2017-08-09 09:30:00,2,301.25929454053585,300.3663497914123
2017-08-09 09:45:00,2,301.40791510978477,300.51313685137364
2017-08-09 10:00:00,2,301.561028281653,300.6704988926163
2017-08-09 10:15:00,2,301.71677132118987,300.82884585063715
2017-08-09 10:30:00,2,301.8733541662807,300.9844443505777
2017-08-09 10:45:00,2,302.0292762917734,301.1371428678885
2017-08-09 11:00:00,2,302.18332459928365,301.28716900218063
2017-08-09 11:15:00,2,302.33436354492596,301.4339183373133
2017-08-09 11:30:00,2,302.4814471558403,301.5764221610635
2017-08-09 11:45:00,2,302.6241427848803,301.71412576194524
2017-08-09 12:00:00,2,302.76224812484975,301.8469419086822
2017-08-09 12:15:00,2,302.8953563453252,301.9747878970359
2017-08-09 12:30:00,2,303.02262414034243,302.0970345135781
2017-08-09 12:45:00,2,303.14234831552784,302.21220283350885
2017-08-09 13:00:00,2,303.2526744915671,302.3184773038787
2017-08-09 13:15:00,2,303.35233824392157,302.41450681793617
2017-08-09 13:30:00,2,303.4407807188826,302.49973037169985
2017-08-09 13:45:00,2,303.5180042490488,302.57423233528425
2017-08-09 14:00:00,2,303.58425906806895,302.63836925419275
2017-08-09 14:15:00,2,303.6397018267202,302.69243142858255
2017-08-09 14:30:00,2,303.68434290500295,302.73647729902547
2017-08-09 14:45:00,2,303.7180198898665,302.77030275385505
2017-08-09 15:00:00,2,303.740528332753,302.793567794417
2017-08-09 15:15:00,2,303.7516502632567,302.80590125706857
2017-08-09 15:30:00,2,303.7513734291915,302.80690226917795
2017-08-09 15:45:00,2,303.7402331690376,302.7979931603052
2017-08-09 16:00:00,2,303.71887709863734,302.7809568243878
2017-08-09 16:15:00,2,303.6875450537398,302.75643926388364
2017-08-09 16:30:00,2,303.6464152963796,302.72435299736225
2017-08-09 16:45:00,2,303.59611551412763,302.6847986390302
2017-08-09 17:00:00,2,303.538139282153,302.63880654327085
2017-08-09 17:15:00,2,303.4742503121514,302.5887911551164
2017-08-09 17:30:00,2,303.4056824153551,302.5362347037899
2017-08-09 17:45:00,2,303.33318645568295,302.48152425334985
2017-08-09 18:00:00,2,303.25731669642926,302.4245993029209
2017-08-09 18:15:00,2,303.1781568470042,302.36528387648656
2017-08-09 18:30:00,2,303.09554111581866,302.3033537989723
2017-08-09 18:45:00,2,303.00934677820607,302.2385966256677
2017-08-09 19:00:00,2,302.9194943393138,302.1708944915448
2017-08-09 19:15:00,2,302.8259743008616,302.1006800642037
2017-08-09 19:30:00,2,302.7299830165879,302.02838903573394
2017-08-09 19:45:00,2,302.63309557099876,301.9536042861375
2017-08-09 20:00:00,2,302.5362891106762,301.8725667673127
2017-08-09 20:15:00,2,302.44005690337525,301.78445750597194
2017-08-09 20:30:00,2,302.3448018535034,301.6919054470094
2017-08-09 20:45:00,2,302.251351353461,301.5980783627069
2017-08-09 21:00:00,2,302.16066556604704,301.5051681727603
2017-08-09 21:15:00,2,302.07339585977246,301.41434191401953
2017-08-09 21:30:00,2,301.98978890623096,301.32608767899274
2017-08-09 21:45:00,2,301.90965690551207,301.24039352712737
2017-08-09 22:00:00,2,301.8325894200529,301.1568855010499
2017-08-09 22:15:00,2,301.7581849934979,301.0750302438837
2017-08-09 22:30:00,2,301.6861718002635,300.9943167255806
2017-08-09 22:45:00,2,301.61653894320574,300.91426568932934
2017-08-09 23:00:00,2,301.54940588099186,300.8372668148953
2017-08-09 23:15:00,2,301.4848361949919,300.7659458388718
2017-08-09 23:30:00,2,301.4227948178341,300.70000967017603
2017-08-09 23:45:00,2,301.36314612589933,300.6379210780314
2017-08-10 00:00:00,2,301.3056670775998,300.5784709448703
2017-08-10 00:15:00,2,301.2500968689595,300.52105817724765
2017-08-10 00:30:00,2,301.19613179511543,300.4653152434626
2017-08-10 00:45:00,2,301.1433453203873,300.4107975116542
2017-08-10 01:00:00,2,301.0913019730815,300.35699486088293
2017-08-10 01:15:00,2,301.0396886306577,300.3034968723088
2017-08-10 01:30:00,2,300.98843243581916,300.25022536960984
2017-08-10 01:45:00,2,300.9379243933386,300.19763069386346
2017-08-10 02:00:00,2,300.8887956390249,300.1465630003967
2017-08-10 02:15:00,2,300.8415674173742,300.09788659350045
2017-08-10 02:30:00,2,300.79640012725497,300.0519809067127
2017-08-10 02:45:00,2,300.7527590831049,300.00835493473085
2017-08-10 03:00:00,2,300.70977481578024,299.96587121520105
2017-08-10 03:15:00,2,300.6667523443783,299.92339196093906
2017-08-10 03:30:00,2,300.62333000384143,299.88027016634214
2017-08-10 03:45:00,2,300.579444949248,299.8364147831577
2017-08-10 04:00:00,2,300.5351666983433,299.79204560436386
2017-08-10 04:15:00,2,300.4905780214301,299.7474268306571
2017-08-10 04:30:00,2,300.4458311356159,299.70282607598585
2017-08-10 04:45:00,2,300.4013672639518,299.65867082349905
2017-08-10 05:00:00,2,300.3577458239593,299.6155281978581
2017-08-10 05:15:00,2,300.31539535435934,299.5739104995475
2017-08-10 05:30:00,2,300.27491769092495,299.53452682920033
2017-08-10 05:45:00,2,300.2379099096989,299.4989718354896
2017-08-10 06:00:00,2,300.2063108933136,299.46925018730326
2017-08-10 06:15:00,2,300.18200396736967,299.44750887741196
2017-08-10 06:30:00,2,300.1670333321319,299.4361517013311
2017-08-10 06:45:00,2,300.1638866302233,299.4375958652951
2017-08-10 07:00:00,2,300.17499333954754,299.45363370651944
2017-08-10 07:15:00,2,300.20174029799875,299.4847742427283
2017-08-10 07:30:00,2,300.2445323770708,299.52988494528677
2017-08-10 07:45:00,2,300.3030557771385,299.5866726745562
2017-08-10 08:00:00,2,300.3768197938409,299.6522170788429
2017-08-10 08:15:00,2,300.4659823863708,299.7189146303176
2017-08-10 08:30:00,2,300.57117293774036,299.7955893977455
2017-08-10 08:45:00,2,300.6925454620313,299.888388328652
2017-08-10 09:00:00,2,300.82918969495375,299.9962913012197
2017-08-10 09:15:00,2,300.97925357590964,300.11520488748346
2017-08-10 09:30:00,2,301.140587730653,300.2505488905712
2017-08-10 09:45:00,2,301.31137392055314,300.409341420563
2017-08-10 10:00:00,2,301.4899854631131,300.5849278698008
2017-08-10 10:15:00,2,301.674585962711,300.7661223510034
2017-08-10 10:30:00,2,301.86313599090755,300.9470826767798
2017-08-10 10:45:00,2,302.05342557226766,301.12651268597483
2017-08-10 11:00:00,2,302.2433261699051,301.3040728212839
2017-08-10 11:15:00,2,302.43091225869756,301.4785485725197
2017-08-10 11:30:00,2,302.6145587751906,301.64844562114826
2017-08-10 11:45:00,2,302.79304420903225,301.8126572763785
2017-08-10 12:00:00,2,302.9653977064075,301.97047119796116
2017-08-10 12:15:00,2,303.1306432436787,302.1212869783816
2017-08-10 12:30:00,2,303.2878527797963,302.2645543616709
2017-08-10 12:45:00,2,303.43627557632755,302.39985940150484
2017-08-10 13:00:00,2,303.57530186942546,302.5266104653477
2017-08-10 13:15:00,2,303.70434359499654,302.6442213815797
2017-08-10 13:30:00,2,303.8228141448253,302.7522741691751
2017-08-10 13:45:00,2,303.93000280856654,302.8503602336398
2017-08-10 14:00:00,2,304.02522939932123,302.9379851679255
2017-08-10 14:15:00,2,304.1079198723715,303.01465070790323
2017-08-10 14:30:00,2,304.17756836786486,303.07983293672663
2017-08-10 14:45:00,2,304.2335651476489,303.13283797881195
2017-08-10 15:00:00,2,304.2753087424422,303.1728541453958
2017-08-10 15:15:00,2,304.3022494254797,303.1990578928572
2017-08-10 15:30:00,2,304.31405186828744,303.2108649895934
2017-08-10 15:45:00,2,304.31080440436966,303.20776769151263
2017-08-10 16:00:00,2,304.29277926681783,303.1929877094493
2017-08-10 16:15:00,2,304.25999621515973,303.16748807012976
2017-08-10 16:30:00,2,304.2123765177015,303.1308163450142
2017-08-10 16:45:00,2,304.1506686522447,303.0830209459678
2017-08-10 17:00:00,2,304.0769886058034,303.0252536726178
2017-08-10 17:15:00,2,303.99396053644034,302.96106666688945
2017-08-10 17:30:00,2,303.90357814577015,302.89306020679965
2017-08-10 17:45:00,2,303.8070063036709,302.82193502786305
2017-08-10 18:00:00,2,303.7050331993522,302.74747696795845
2017-08-10 18:15:00,2,303.59794782838884,302.66936034125155
2017-08-10 18:30:00,2,303.4858466039373,302.58747769687716
2017-08-10 18:45:00,2,303.3690285031752,302.5022283831179
2017-08-10 19:00:00,2,303.24789870056463,302.4135472562873
2017-08-10 19:15:00,2,303.12287844086285,302.31932930677823
2017-08-10 19:30:00,2,302.9956385776638,302.2198474662968
2017-08-10 19:45:00,2,302.8682842625164,302.1176041895194
2017-08-10 20:00:00,2,302.742231509329,302.00601175062036
2017-08-10 20:15:00,2,302.6182577451354,301.8870746520751
2017-08-10 20:30:00,2,302.49687070839974,301.76573690075793
2017-08-10 20:45:00,2,302.3787591451291,301.64538513412225
2017-08-10 21:00:00,2,302.264630469028,301.52744573533687
2017-08-10 21:15:00,2,302.15492638134873,301.41226877268105
2017-08-10 21:30:00,2,302.04980424634556,301.2999321957534
2017-08-10 21:45:00,2,301.9491958157201,301.1904390305881
2017-08-10 22:00:00,2,301.8529019861706,301.0835837958682
2017-08-10 22:15:00,2,301.7606755909307,300.9786588277713
2017-08-10 22:30:00,2,301.6723337128178,300.87879858816586
2017-08-10 22:45:00,2,301.5879442480886,300.7871972917089
2017-08-10 23:00:00,2,301.5076730357171,300.70322394426034
2017-08-10 23:15:00,2,301.43157928360995,300.62503016798854
2017-08-10 23:30:00,2,301.3595995974939,300.5515373513062
2017-08-10 23:45:00,2,301.2916061901774,300.48250221255535
2017-08-11 00:00:00,2,301.22743325508617,300.4178912339259
2017-08-11 00:15:00,2,301.166881304938,300.3575239952535
2017-08-11 00:30:00,2,301.1096928888746,300.3010221550367
2017-08-11 00:45:00,2,301.05547748292776,300.24784542958497
2017-08-11 01:00:00,2,301.0037919843922,300.1974123766135
2017-08-11 01:15:00,2,300.9542531341161,300.14922555931486
2017-08-11 01:30:00,2,300.9065287960348,300.10288682436897
2017-08-11 01:45:00,2,300.86025963355473,300.05804670270646
2017-08-11 02:00:00,2,300.81511134011254,300.01439922742844
2017-08-11 02:15:00,2,300.770831219797,299.9717044320781
2017-08-11 02:30:00,2,300.72717276277785,299.9297009652115
2017-08-11 02:45:00,2,300.6837041235199,299.88790276548656
2017-08-11 03:00:00,2,300.63990916670963,299.8456048303624
2017-08-11 03:15:00,2,300.5954050007287,299.80216049910314
2017-08-11 03:30:00,2,300.5501269219709,299.7573669765611
2017-08-11 03:45:00,2,300.5044839240256,299.71167487845173
2017-08-11 04:00:00,2,300.45906518707545,299.6659512263899
2017-08-11 04:15:00,2,300.4143350516365,299.62102903786416
2017-08-11 04:30:00,2,300.3705772065284,299.5774234439852
2017-08-11 04:45:00,2,300.32793491328647,299.5353341935857
2017-08-11 05:00:00,2,300.28645933884076,299.49479875347754
2017-08-11 05:15:00,2,300.2461455136137,299.4556797891203
2017-08-11 05:30:00,2,300.2069632058798,299.41787374666603
2017-08-11 05:45:00,2,300.16948012977156,299.3821574402106
2017-08-11 06:00:00,2,300.1362728846165,299.3507767794471
2017-08-11 06:15:00,2,300.11034434983117,299.3271059301727
2017-08-11 06:30:00,2,300.09402080252363,299.314030290676
2017-08-11 06:45:00,2,300.08963872884596,299.3140089106404
2017-08-11 07:00:00,2,300.0994195568914,299.32879374858317
2017-08-11 07:15:00,2,300.1246107506837,299.35861166064745
2017-08-11 07:30:00,2,300.16555085344856,299.4021097710135
2017-08-11 07:45:00,2,300.22184313051434,299.4570315378674
2017-08-11 08:00:00,2,300.2926838180569,299.5208636444697
2017-08-11 08:15:00,2,300.37762602848244,299.58983136953464
2017-08-11 08:30:00,2,300.4765890880649,299.6619525856821
2017-08-11 08:45:00,2,300.58938641350363,299.7453442717673
2017-08-11 09:00:00,2,300.71515393840065,299.84362704108764
2017-08-11 09:15:00,2,300.8522050134984,299.95383718205045
2017-08-11 09:30:00,2,300.9984915295888,300.07226768869265
2017-08-11 09:45:00,2,301.15208671998954,300.2042790376708
2017-08-11 10:00:00,2,301.3112053694673,300.3558996961704
2017-08-11 10:15:00,2,301.47397145867023,300.5211176885488
2017-08-11 10:30:00,2,301.63850254668796,300.6885006035837
2017-08-11 10:45:00,2,301.80302452055395,300.8521316319988
2017-08-11 11:00:00,2,301.96592175544174,301.0112734810729
2017-08-11 11:15:00,2,302.12570950635836,301.16649399166323
2017-08-11 11:30:00,2,302.2812257337836,301.3176464937045
2017-08-11 11:45:00,2,302.43200475294475,301.4641689210346
2017-08-11 12:00:00,2,302.5779846060841,301.60569189338844
2017-08-11 12:15:00,2,302.71894436499946,301.7419895234624
2017-08-11 12:30:00,2,302.8540696933894,301.8723705051145
2017-08-11 12:45:00,2,302.98123954675896,301.99509864640754
2017-08-11 13:00:00,2,303.09797612602335,302.10773032900596
2017-08-11 13:15:00,2,303.20252128538647,302.2082373889967
2017-08-11 13:30:00,2,303.29421294432984,302.2960356563701
2017-08-11 13:45:00,2,303.37367370431923,302.372026787176
2017-08-11 14:00:00,2,303.4419977544125,302.4377016684515
2017-08-11 14:15:00,2,303.4999168866212,302.49417820853176
2017-08-11 14:30:00,2,303.5478296980795,302.5419641597487
2017-08-11 14:45:00,2,303.5860871169964,302.58125481098415
2017-08-11 15:00:00,2,303.61495258379523,302.61208948622755
2017-08-11 15:15:00,2,303.6343986887727,302.6344540583438
2017-08-11 15:30:00,2,303.64421939128977,302.6481166914087
2017-08-11 15:45:00,2,303.64416303800675,302.65221975022683
2017-08-11 16:00:00,2,303.6339638353844,302.64771021294735
2017-08-11 16:15:00,2,303.61324619312865,302.6349911212313
2017-08-11 16:30:00,2,303.58178681896317,302.6137725064007
2017-08-11 16:45:00,2,303.53978054292,302.5838977299401
2017-08-11 17:00:00,2,303.48839385824164,302.54601969829895
2017-08-11 17:15:00,2,303.4292693974066,302.5011969271548
2017-08-11 17:30:00,2,303.3636117093707,302.4517843846527
2017-08-11 17:45:00,2,303.2923578341093,302.3989783854015
2017-08-11 18:00:00,2,303.2162247456767,302.34290815528317
2017-08-11 18:15:00,2,303.1353820555085,302.2832578260506
2017-08-11 18:30:00,2,303.04971287428685,302.2196464179059
2017-08-11 18:45:00,2,302.9589244246987,302.1517359731389
2017-08-11 19:00:00,2,302.86273008874394,302.07937634229097
2017-08-11 19:15:00,2,302.76112327738906,302.0033211950048
2017-08-11 19:30:00,2,302.65550152172955,301.9235875617418
2017-08-11 19:45:00,2,302.54807977035,301.83958801033754
2017-08-11 20:00:00,2,302.44063378999056,301.7481953412332
2017-08-11 20:15:00,2,302.3342328519137,301.64934339695225
2017-08-11 20:30:00,2,302.2295515758086,301.54656804866886
2017-08-11 20:45:00,2,302.1273359824232,301.44337184251106
2017-08-11 21:00:00,2,302.02826844154526,301.34164886910264
2017-08-11 21:15:00,2,301.93273757362977,301.24205328642364
2017-08-11 21:30:00,2,301.84083631302593,301.14467995367573
2017-08-11 21:45:00,2,301.7523776325239,301.0493742115945
2017-08-11 22:00:00,2,301.6670278738539,300.955785652577
2017-08-11 22:15:00,2,301.58444613940316,300.8633621307401
2017-08-11 22:30:00,2,301.5043653265155,300.7711949655669
2017-08-11 22:45:00,2,301.42669262740765,300.6826561799455
2017-08-11 23:00:00,2,301.35143477927164,300.6001756179898
2017-08-11 23:15:00,2,301.2785743064191,300.5229657963134
2017-08-11 23:30:00,2,301.20804854845466,300.44938317956377
2017-08-11 23:45:00,2,301.13978419457874,300.37853030626206
2017-08-12 00:00:00,2,301.07369509578,300.31024141073306
2017-08-12 00:15:00,2,301.0096707900226,300.2445328800678
2017-08-12 00:30:00,2,300.94763884648194,300.1813532671766
2017-08-12 00:45:00,2,300.88770264374944,300.1206920932248
2017-08-12 01:00:00,2,300.8300270050192,300.06263312180323
2017-08-12 01:15:00,2,300.77468833267204,300.00725079996687
2017-08-12 01:30:00,2,300.72160022030056,299.95445740432154
2017-08-12 01:45:00,2,300.6704043352214,299.9038893650644
2017-08-12 02:00:00,2,300.62063505566897,299.8550069562292
2017-08-12 02:15:00,2,300.57191090505023,299.8073065434627
2017-08-12 02:30:00,2,300.5239615468379,299.7604168588585
2017-08-12 02:45:00,2,300.47657370805103,299.71402865252423
2017-08-12 03:00:00,2,300.42954131245847,299.6678085615328
2017-08-12 03:15:00,2,300.3826982763694,299.6214609671233
2017-08-12 03:30:00,2,300.3359877778461,299.5748560204988
2017-08-12 03:45:00,2,300.2894275046753,299.528070411641
2017-08-12 04:00:00,2,300.24304576229457,299.481306256569
2017-08-12 04:15:00,2,300.19687086962193,299.43477850164896
2017-08-12 04:30:00,2,300.151164619318,299.38888944419347
2017-08-12 04:45:00,2,300.1070448643469,299.34467590376545
2017-08-12 05:00:00,2,300.06606018876295,299.3036620097456
2017-08-12 05:15:00,2,300.029409591409,299.26742271844813
2017-08-12 05:30:00,2,299.9976024719839,299.23664675705294
2017-08-12 05:45:00,2,299.9704427493089,299.21118978896084
2017-08-12 06:00:00,2,299.9481697908834,299.19070901185296
2017-08-12 06:15:00,2,299.932146298079,299.17599322036733
2017-08-12 06:30:00,2,299.9243822989172,299.169157846384
2017-08-12 06:45:00,2,299.92696231285333,299.1727292233386
2017-08-12 07:00:00,2,299.9416015437502,299.18842456834125
2017-08-12 07:15:00,2,299.96884477886806,299.2162892326788
2017-08-12 07:30:00,2,300.0086287833626,299.2551515798108
2017-08-12 07:45:00,2,300.06139054195006,299.3037059772699
2017-08-12 08:00:00,2,300.1278921574623,299.3606356023073
2017-08-12 08:15:00,2,300.20915534359534,299.42132404933415
2017-08-12 08:30:00,2,300.3063309247478,299.49003940886047
2017-08-12 08:45:00,2,300.4203296359437,299.5733381122305
2017-08-12 09:00:00,2,300.55100878920786,299.67299065597786
2017-08-12 09:15:00,2,300.69687764712063,299.7862764315818
2017-08-12 09:30:00,2,300.85528139298094,299.9103097005865
2017-08-12 09:45:00,2,301.02188053840166,300.0505101060597
2017-08-12 10:00:00,2,301.1914197659765,300.2133434462261
2017-08-12 10:15:00,2,301.35918468666523,300.38366154108104
2017-08-12 10:30:00,2,301.5222764976306,300.54878247417304
2017-08-12 10:45:00,2,301.68088251033095,300.7056516304506
2017-08-12 11:00:00,2,301.83663101314136,300.8573384631966
2017-08-12 11:15:00,2,301.9905483533651,301.0072318353119
2017-08-12 11:30:00,2,302.14275513520477,301.15643220819936
2017-08-12 11:45:00,2,302.29276595230937,301.3041960647511
2017-08-12 12:00:00,2,302.43980443303116,301.4492296226129
2017-08-12 12:15:00,2,302.582901608748,301.59041393442794
2017-08-12 12:30:00,2,302.7206765273673,301.7264396657938
2017-08-12 12:45:00,2,302.85064018277933,301.85471294633527
2017-08-12 13:00:00,2,302.9701521407614,301.97248035094674
2017-08-12 13:15:00,2,303.07745302671844,302.0779301415456
2017-08-12 13:30:00,2,303.1719747526239,302.17075837002716
2017-08-12 13:45:00,2,303.2545299463277,302.25210865168026
2017-08-12 14:00:00,2,303.3264006285462,302.3236731809476
2017-08-12 14:15:00,2,303.3884305569682,302.38670156294023
2017-08-12 14:30:00,2,303.4409451556065,302.44158641248515
2017-08-12 14:45:00,2,303.48380723190184,302.48800249839564
2017-08-12 15:00:00,2,303.51651433776016,302.5251708823999
2017-08-12 15:15:00,2,303.5379145458349,302.55193226296103
2017-08-12 15:30:00,2,303.5468294173076,302.5669586396574
2017-08-12 15:45:00,2,303.54273077649526,302.56935115753816
2017-08-12 16:00:00,2,303.52588882279633,302.5598324371068
2017-08-12 16:15:00,2,303.49694943114315,302.54031805741204
2017-08-12 16:30:00,2,303.4566307262181,302.5117676298944
2017-08-12 16:45:00,2,303.405733552404,302.47450517557627
2017-08-12 17:00:00,2,303.3456828031494,302.4291907798754
2017-08-12 17:15:00,2,303.27854286568106,302.37715064515896
2017-08-12 17:30:00,2,303.2061484866938,302.3210678667683
2017-08-12 17:45:00,2,303.129775915867,302.26252572768107
2017-08-12 18:00:00,2,303.0500746221006,302.20186033571315
2017-08-12 18:15:00,2,302.96697606462766,302.1387473370911
2017-08-12 18:30:00,2,302.8801281043808,302.07269499572294
2017-08-12 18:45:00,2,302.7891811860499,302.0032797476421
2017-08-12 19:00:00,2,302.6939068779004,301.93026328662523
2017-08-12 19:15:00,2,302.5943522821059,301.85395373806114
2017-08-12 19:30:00,2,302.4918640327715,301.77648130990264
2017-08-12 19:45:00,2,302.38850286183504,301.6961179805086
2017-08-12 20:00:00,2,302.28588945153007,301.61043601430976
2017-08-12 20:15:00,2,302.18496500394855,301.5185186634197
2017-08-12 20:30:00,2,302.0861792860718,301.4230182860982
2017-08-12 20:45:00,2,301.98971114531724,301.3268682419837
2017-08-12 21:00:00,2,301.89557224596217,301.23146693219763
2017-08-12 21:15:00,2,301.8036777034821,301.13693226249063
2017-08-12 21:30:00,2,301.7139867999906,301.04306178186994
2017-08-12 21:45:00,2,301.6267200306861,300.94994635427776
2017-08-12 22:00:00,2,301.5421794218622,300.8579478351526
2017-08-12 22:15:00,2,301.4605250635641,300.7673692057256
2017-08-12 22:30:00,2,301.3817235339098,300.6780985466053
2017-08-12 22:45:00,2,301.3054964760261,300.58887014678953
2017-08-12 23:00:00,2,301.2314283129637,300.50567596988935
2017-08-12 23:15:00,2,301.15911071025096,300.4283373792677
2017-08-12 23:30:00,2,301.0883156280803,300.3542386860673
2017-08-12 23:45:00,2,301.0193209181482,300.2819961145204
2017-08-13 00:00:00,2,300.9526627780709,300.21198331022924
2017-08-13 00:15:00,2,300.88874236071143,300.1451273651449
2017-08-13 00:30:00,2,300.82765662129896,300.0818744034662
2017-08-13 00:45:00,2,300.7690459533108,300.02190436790784
2017-08-13 01:00:00,2,300.71233626056824,299.96445977006346
2017-08-13 01:15:00,2,300.65703039574674,299.90877118252934
2017-08-13 01:30:00,2,300.60280292166163,299.8543009907796
2017-08-13 01:45:00,2,300.54954228916085,299.8007790986812
2017-08-13 02:00:00,2,300.4972421611943,299.7480909381469
2017-08-13 02:15:00,2,300.4459137658467,299.6961866682155
2017-08-13 02:30:00,2,300.39557576045064,299.6450600787852
2017-08-13 02:45:00,2,300.3461779566016,299.59474312676866
2017-08-13 03:00:00,2,300.29761533080034,299.54527210429785
2017-08-13 03:15:00,2,300.24979425764826,299.496666616202
2017-08-13 03:30:00,2,300.2028135069846,299.4491173044365
2017-08-13 03:45:00,2,300.15739846750546,299.4033597505819
2017-08-13 04:00:00,2,300.11459207494096,299.360610418118
2017-08-13 04:15:00,2,300.0751841586993,299.32207931509896
2017-08-13 04:30:00,2,300.0395170968974,299.28841035026187
2017-08-13 04:45:00,2,300.00748626967516,299.259104367696
2017-08-13 05:00:00,2,299.9787600208087,299.2333229530566
2017-08-13 05:15:00,2,299.95298577140625,299.2103748937869
2017-08-13 05:30:00,2,299.9296189508389,299.1893004603924
2017-08-13 05:45:00,2,299.90786734051693,299.1694642883077
2017-08-13 06:00:00,2,299.8883644577766,299.1513219503711
2017-08-13 06:15:00,2,299.8725638980106,299.1365797295132
2017-08-13 06:30:00,2,299.8623458637802,299.12782456512656
2017-08-13 06:45:00,2,299.8606198263338,299.1281907562164
2017-08-13 07:00:00,2,299.87059850065066,299.1405064370561
2017-08-13 07:15:00,2,299.8943374119439,299.1659886017086
2017-08-13 07:30:00,2,299.93204733523334,299.2037377849796
2017-08-13 07:45:00,2,299.98265922458984,299.251431579537
2017-08-13 08:00:00,2,300.04490094978155,299.30659735766994
2017-08-13 08:15:00,2,300.1185631683762,299.3667758257776
2017-08-13 08:30:00,2,300.2039541260333,299.43008717202656
2017-08-13 08:45:00,2,300.30100131097,299.50139425004755
2017-08-13 09:00:00,2,300.40921543413367,299.5835327813862
2017-08-13 09:15:00,2,300.52811219477405,299.672280906897
2017-08-13 09:30:00,2,300.65751313465336,299.77524532369284
2017-08-13 09:45:00,2,300.7974862507635,299.8962979075635
2017-08-13 10:00:00,2,300.9476034725201,300.037610802097
2017-08-13 10:15:00,2,301.10667078362695,300.19868240177743
2017-08-13 10:30:00,2,301.2726482120725,300.368664957539
2017-08-13 10:45:00,2,301.4415549739634,300.5391086358141
2017-08-13 11:00:00,2,301.608157085725,300.70554864657896
2017-08-13 11:15:00,2,301.76700163820874,300.8637107128909
2017-08-13 11:30:00,2,301.9141591200413,301.01018038402856
2017-08-13 11:45:00,2,302.0489601466064,301.14396713544977
2017-08-13 12:00:00,2,302.1726401259492,301.2663268110174
2017-08-13 12:15:00,2,302.28668219875345,301.37924804935665
2017-08-13 12:30:00,2,302.39240836907385,301.484422640824
2017-08-13 12:45:00,2,302.49122459280613,301.583246080481
2017-08-13 13:00:00,2,302.58447711144476,301.6770013368559
2017-08-13 13:15:00,2,302.6733614778068,301.76683990929547
2017-08-13 13:30:00,2,302.75881536082267,301.85368414569365
2017-08-13 13:45:00,2,302.84149544256536,301.9381724802952
2017-08-13 14:00:00,2,302.92164256037046,302.020531042454
2017-08-13 14:15:00,2,302.99889434786223,302.1004342826091
2017-08-13 14:30:00,2,303.0719360681941,302.17646214347593
2017-08-13 14:45:00,2,303.1374899973618,302.24548071375983
2017-08-13 15:00:00,2,303.1918217528541,302.3036214631914
2017-08-13 15:15:00,2,303.2324790764231,302.34799955909506
2017-08-13 15:30:00,2,303.2589145160833,302.37792252386276
2017-08-13 15:45:00,2,303.2729600794619,302.3950353167526
2017-08-13 16:00:00,2,303.2770449501184,302.4017567797645
2017-08-13 16:15:00,2,303.2721441017921,302.4021679760733
2017-08-13 16:30:00,2,303.25816865687074,302.39729032256594
2017-08-13 16:45:00,2,303.2346642513962,302.38596136919256
2017-08-13 17:00:00,2,303.20153099237984,302.36694413427597
2017-08-13 17:15:00,2,303.15872837879544,302.3394718948705
2017-08-13 17:30:00,2,303.10612577958693,302.30373500721254
2017-08-13 17:45:00,2,303.04421297670683,302.2607937276326
2017-08-13 18:00:00,2,302.9741551931144,302.21144852419854
2017-08-13 18:15:00,2,302.89775203155284,302.1564182053887
2017-08-13 18:30:00,2,302.8168381310024,302.09646514341244
2017-08-13 18:45:00,2,302.7325481739937,302.032197858981
2017-08-13 19:00:00,2,302.64556600721477,301.9640925291823
2017-08-13 19:15:00,2,302.5568577088366,301.8928882739151
2017-08-13 19:30:00,2,302.46795402319646,301.8197445109165
2017-08-13 19:45:00,2,302.37995236385035,301.7458006609365
2017-08-13 20:00:00,2,302.29321532969954,301.6718220629017
2017-08-13 20:15:00,2,302.20774997622823,301.5983816901096
2017-08-13 20:30:00,2,302.1234149055402,301.5241334992031
2017-08-13 20:45:00,2,302.03999110178364,301.448499588014
2017-08-13 21:00:00,2,301.95723975902126,301.37278149155907
2017-08-13 21:15:00,2,301.8749527501647,301.2951547690038
2017-08-13 21:30:00,2,301.79314894340735,301.21503183631165
2017-08-13 21:45:00,2,301.7124529719374,301.1332589973393
2017-08-13 22:00:00,2,301.6336497208036,301.0512615979291
2017-08-13 22:15:00,2,301.5572188433527,300.9701935435021
2017-08-13 22:30:00,2,301.48331251544266,300.8906184885494
2017-08-13 22:45:00,2,301.41182012463474,300.81257429352263
2017-08-13 23:00:00,2,301.34249015089154,300.7357823377687
2017-08-13 23:15:00,2,301.2750428997785,300.6598244201921
2017-08-13 23:30:00,2,301.20932466948636,300.58430540465133
2017-08-13 23:45:00,2,301.14558666890946,300.508751578828
2017-08-14 00:00:00,2,301.0842603430873,300.43740127009846
2017-08-14 00:15:00,2,301.02563122810875,300.372054658357
2017-08-14 00:30:00,2,300.9695934282145,300.3116641934529
2017-08-14 00:45:00,2,300.91524978491094,300.2541046193669
2017-08-14 01:00:00,2,300.8613767957309,300.19737959369223
2017-08-14 01:15:00,2,300.80701982890355,300.14005965706133
2017-08-14 01:30:00,2,300.75184446981797,300.0815764824963
2017-08-14 01:45:00,2,300.6966194773109,300.0226081745976
2017-08-14 02:00:00,2,300.64269299296785,299.9648397390562
2017-08-14 02:15:00,2,300.59119479011395,299.91008549490226
2017-08-14 02:30:00,2,300.5428171656374,299.85952222276694
2017-08-14 02:45:00,2,300.49794186976646,299.8135035624876
2017-08-14 03:00:00,2,300.4567391270919,299.771838796541
2017-08-14 03:15:00,2,300.41919925344143,299.73414202968695
2017-08-14 03:30:00,2,300.38501933882395,299.7000306558125
2017-08-14 03:45:00,2,300.35325384503153,299.66866955258627
2017-08-14 04:00:00,2,300.32268167731513,299.63889125509417
2017-08-14 04:15:00,2,300.2923274175586,299.6096450739224
2017-08-14 04:30:00,2,300.26153683728535,299.57998919858085
2017-08-14 04:45:00,2,300.22982696315387,299.5493065322303
2017-08-14 05:00:00,2,300.19679767465203,299.51710814292477
2017-08-14 05:15:00,2,300.16215046826807,299.4828531626572
2017-08-14 05:30:00,2,300.1258821802185,299.4464226227913
2017-08-14 05:45:00,2,300.08905352593695,299.4089578928961
2017-08-14 06:00:00,2,300.0546312912132,299.3735718214359
2017-08-14 06:15:00,2,300.0259983690573,299.3441761409643
2017-08-14 06:30:00,2,300.0059490512852,299.3244645761971
2017-08-14 06:45:00,2,299.99712401999324,299.3177123886935
2017-08-14 07:00:00,2,300.0018267815672,299.32581877616946
2017-08-14 07:15:00,2,300.0213646301572,299.3491857232416
2017-08-14 07:30:00,2,300.0562805661026,299.3867404418733
2017-08-14 07:45:00,2,300.10660680447825,299.43647947150737
2017-08-14 08:00:00,2,300.17225815296564,299.49587716438197
2017-08-14 08:15:00,2,300.2535982262652,299.5577138210566
2017-08-14 08:30:00,2,300.35115987129325,299.6284849352443
2017-08-14 08:45:00,2,300.46499264689186,299.71355622490364
2017-08-14 09:00:00,2,300.5943797103841,299.8130274427817
2017-08-14 09:15:00,2,300.737744537461,299.93203690951896
2017-08-14 09:30:00,2,300.89292115769115,300.0726013081051
2017-08-14 09:45:00,2,301.05718613396164,300.2362383476444
2017-08-14 10:00:00,2,301.2273019389887,300.4098035254744
2017-08-14 10:15:00,2,301.399859615935,300.58302459466745
2017-08-14 10:30:00,2,301.57196585986674,300.7524313057122
2017-08-14 10:45:00,2,301.74187989771536,300.9181969876939
2017-08-14 11:00:00,2,301.9086116539444,301.0807614356996
2017-08-14 11:15:00,2,302.0711782237097,301.23959493650636
2017-08-14 11:30:00,2,302.22833697575794,301.39333445769364
2017-08-14 11:45:00,2,302.37830522961394,301.5401305405742
2017-08-14 12:00:00,2,302.51927765566734,301.6781190409228
2017-08-14 12:15:00,2,302.64992308232826,301.80587514108043
2017-08-14 12:30:00,2,302.7698727189279,301.92307184434617
2017-08-14 12:45:00,2,302.88044408347173,302.03102540754475
2017-08-14 13:00:00,2,302.98337180035594,302.1317893680934
2017-08-14 13:15:00,2,303.07916374032635,302.2265944407948
2017-08-14 13:30:00,2,303.1672756337519,302.3151827867091
2017-08-14 13:45:00,2,303.24643829150017,302.3960438846402
2017-08-14 14:00:00,2,303.31481336768843,302.4670205132266
2017-08-14 14:15:00,2,303.36972563708554,302.5256254537428
2017-08-14 14:30:00,2,303.40912244246283,302.5700496662357
2017-08-14 14:45:00,2,303.4332463658971,302.6003987391287
2017-08-14 15:00:00,2,303.44457477405035,302.61942149157835
2017-08-14 15:15:00,2,303.4477093121479,302.63142367353527
2017-08-14 15:30:00,2,303.4466773080403,302.63989091976975
2017-08-14 15:45:00,2,303.4425383695031,302.6459929932714
2017-08-14 16:00:00,2,303.43447256009074,302.64927292720466
2017-08-14 16:15:00,2,303.4210530872894,302.64780036956074
2017-08-14 16:30:00,2,303.4008822082546,302.6395630980033
2017-08-14 16:45:00,2,303.3729834248128,302.62347629039357
2017-08-14 17:00:00,2,303.33720046832946,302.5995284027736
2017-08-14 17:15:00,2,303.2935232102834,302.5680094590804
2017-08-14 17:30:00,2,303.24188791354766,302.52927713827046
2017-08-14 17:45:00,2,303.18242602684006,302.48434283162527
2017-08-14 18:00:00,2,303.11565156893437,302.43365772181454
2017-08-14 18:15:00,2,303.04224790859297,302.3772935154614
2017-08-14 18:30:00,2,302.96283667038,302.31523002553456
2017-08-14 18:45:00,2,302.87753215747153,302.2473150206597
2017-08-14 19:00:00,2,302.78633501423496,302.17343582777056
2017-08-14 19:15:00,2,302.6899101542775,302.09400001992117
2017-08-14 19:30:00,2,302.5898675723839,302.01023217066813
2017-08-14 19:45:00,2,302.4881279035376,301.9239518319057
2017-08-14 20:00:00,2,302.3861747008393,301.8372726681825
2017-08-14 20:15:00,2,302.28488228824995,301.75217273980485
2017-08-14 20:30:00,2,302.1848259971936,301.66247234468216
2017-08-14 20:45:00,2,302.0867589916094,301.56770577082494
2017-08-14 21:00:00,2,301.99133602031645,301.4709873212196
2017-08-14 21:15:00,2,301.89882928495933,301.37507093842186
2017-08-14 21:30:00,2,301.8093263474476,301.2810464073387
2017-08-14 21:45:00,2,301.7231660510578,301.18915313882115
2017-08-14 22:00:00,2,301.6407868608299,301.0996541941842
2017-08-14 22:15:00,2,301.5624331835279,301.0129487058905
2017-08-14 22:30:00,2,301.48820137243695,300.92942030371177
2017-08-14 22:45:00,2,301.41827900548816,300.8494332275404
2017-08-14 23:00:00,2,301.3528679198486,300.7733038290914
2017-08-14 23:15:00,2,301.29201076481127,300.70104963752266
2017-08-14 23:30:00,2,301.2354972742135,300.6340992704038
2017-08-14 23:45:00,2,301.182726509177,300.5741604791645
2017-08-15 00:00:00,2,301.13294026926775,300.52016582138475
2017-08-15 00:15:00,2,301.08549664405894,300.4699926240815
2017-08-15 00:30:00,2,301.0398775505776,300.42206058394754
2017-08-15 00:45:00,2,300.99557566818504,300.375569645
2017-08-15 01:00:00,2,300.9521495733338,300.3301216412386
2017-08-15 01:15:00,2,300.9092858133275,300.28542429236654
2017-08-15 01:30:00,2,300.8667288015794,300.2411704784904
2017-08-15 01:45:00,2,300.82412043476427,300.19693497335834
2017-08-15 02:00:00,2,300.7810561898605,300.1521848960874
2017-08-15 02:15:00,2,300.7372410235777,300.106459412504
2017-08-15 02:30:00,2,300.69267087799125,300.05966206875485
2017-08-15 02:45:00,2,300.64781732529894,300.01226769764673
2017-08-15 03:00:00,2,300.603331465956,299.9651327815269
2017-08-15 03:15:00,2,300.5597249929978,299.9190832339035
2017-08-15 03:30:00,2,300.5173664445091,299.8747116499644
2017-08-15 03:45:00,2,300.47668108192437,299.8325086434775
2017-08-15 04:00:00,2,300.43813032143794,299.7929962916309
2017-08-15 04:15:00,2,300.40205170623534,299.7567858829836
2017-08-15 04:30:00,2,300.3685398300604,299.7240781835763
2017-08-15 04:45:00,2,300.33731822620337,299.6945439211368
2017-08-15 05:00:00,2,300.3079208879671,299.6675834973132
2017-08-15 05:15:00,2,300.27992783139626,299.64235757970766
2017-08-15 05:30:00,2,300.25292396017494,299.6181832564408
2017-08-15 05:45:00,2,300.2266548475318,299.5947401682463
2017-08-15 06:00:00,2,300.2022845195768,299.5727744417645
2017-08-15 06:15:00,2,300.1818631262161,299.55418366915325
2017-08-15 06:30:00,2,300.1676431259552,299.5416334040327
2017-08-15 06:45:00,2,300.162322243823,299.53812455045534
2017-08-15 07:00:00,2,300.1684033604849,299.54629071610276
2017-08-15 07:15:00,2,300.1871703309341,299.5671505738823
2017-08-15 07:30:00,2,300.21900192879855,299.60008239669907
2017-08-15 07:45:00,2,300.2644756347443,299.64389157182535
2017-08-15 08:00:00,2,300.32442779391073,299.69711847924947
2017-08-15 08:15:00,2,300.40003894586056,299.753609079652
2017-08-15 08:30:00,2,300.49227813803293,299.8206064899013
2017-08-15 08:45:00,2,300.6005180478145,299.9020764186088
2017-08-15 09:00:00,2,300.7223430419218,299.99739644151333
2017-08-15 09:15:00,2,300.8543308010385,300.1098238960039
2017-08-15 09:30:00,2,300.9932161183365,300.2399347644481
2017-08-15 09:45:00,2,301.13701771307547,300.38754953652506
2017-08-15 10:00:00,2,301.2847193664845,300.54164301755003
2017-08-15 10:15:00,2,301.4352942326355,300.6948937403075
2017-08-15 10:30:00,2,301.5873452890533,300.8455712412492
2017-08-15 10:45:00,2,301.73876705568154,300.99361176913607
2017-08-15 11:00:00,2,301.88721114077816,301.13795087316026
2017-08-15 11:15:00,2,302.0305450119309,301.27657073925616
2017-08-15 11:30:00,2,302.1671586051425,301.4076332044371
2017-08-15 11:45:00,2,302.29617395354643,301.5301891056221
2017-08-15 12:00:00,2,302.41715934894927,301.6440140785185
2017-08-15 12:15:00,2,302.5297265488015,301.7490849124295
2017-08-15 12:30:00,2,302.633761837567,301.84562059533346
2017-08-15 12:45:00,2,302.73004218408647,301.9345401353266
2017-08-15 13:00:00,2,302.8196097611292,302.01719572375447
2017-08-15 13:15:00,2,302.9029954137282,302.0946231754846
2017-08-15 13:30:00,2,302.9801556511183,302.16702789055824
2017-08-15 13:45:00,2,303.0504478285239,302.23376575328325
2017-08-15 14:00:00,2,303.1130136451067,302.2937876240236
2017-08-15 14:15:00,2,303.16702836203,302.3461019807423
2017-08-15 14:30:00,2,303.2118972221397,302.3900665738275
2017-08-15 14:45:00,2,303.24739247915807,302.42545190961545
2017-08-15 15:00:00,2,303.2734613564308,302.4522390509615
2017-08-15 15:15:00,2,303.2899106350349,302.4703234589402
2017-08-15 15:30:00,2,303.29652548720793,302.47939053303196
2017-08-15 15:45:00,2,303.2932718301812,302.4791891747755
2017-08-15 16:00:00,2,303.28028561313596,302.47093303674956
2017-08-15 16:15:00,2,303.2575218801316,302.45519479182514
2017-08-15 16:30:00,2,303.22491654186916,302.43177339541035
2017-08-15 16:45:00,2,303.18281798804543,302.40058798805774
2017-08-15 17:00:00,2,303.1322897083532,302.36216927881827
2017-08-15 17:15:00,2,303.07454744659464,302.31753579594346
2017-08-15 17:30:00,2,303.01064105689983,302.26850363797195
2017-08-15 17:45:00,2,302.9414476269296,302.2160317512104
2017-08-15 18:00:00,2,302.8676267217,302.1602774569561
2017-08-15 18:15:00,2,302.789447583652,302.10106148008845
2017-08-15 18:30:00,2,302.7070017001912,302.0382186140573
2017-08-15 18:45:00,2,302.6204837194777,301.9717722693773
2017-08-15 19:00:00,2,302.5302647608017,301.9019999692066
2017-08-15 19:15:00,2,302.4370599985945,301.82965282358685
2017-08-15 19:30:00,2,302.34246630755774,301.75666253851085
2017-08-15 19:45:00,2,302.24841764105946,301.68322207989536
2017-08-15 20:00:00,2,302.15637247850685,301.6056611942456
2017-08-15 20:15:00,2,302.06716942603214,301.5239781083535
2017-08-15 20:30:00,2,301.9811592732503,301.441006114501
2017-08-15 20:45:00,2,301.8983087343914,301.35916322963595
2017-08-15 21:00:00,2,301.8184044563544,301.27927125747703
2017-08-15 21:15:00,2,301.7412117446499,301.20113387351154
2017-08-15 21:30:00,2,301.6665370942062,301.12436956779925
2017-08-15 21:45:00,2,301.59426851838333,301.0487995986321
2017-08-15 22:00:00,2,301.52431016956916,300.9744014722199
2017-08-15 22:15:00,2,301.45653395928923,300.9011266793278
2017-08-15 22:30:00,2,301.39080456696814,300.828847941354
2017-08-15 22:45:00,2,301.3270358913408,300.75734915652686
2017-08-15 23:00:00,2,301.26516690569764,300.6861361341088
2017-08-15 23:15:00,2,301.2051174310642,300.61769070222573
2017-08-15 23:30:00,2,301.14678692020124,300.55367778275405
2017-08-15 23:45:00,2,301.090073126707,300.49346770011675
2017-08-16 00:00:00,2,301.0348721903468,300.43578939082477
2017-08-16 00:15:00,2,300.98107506386657,300.37989103470227
2017-08-16 00:30:00,2,300.9286269832595,300.32562393285286
2017-08-16 00:45:00,2,300.8776565132149,300.2731528513608
2017-08-16 01:00:00,2,300.82835255342314,300.2226834934056
2017-08-16 01:15:00,2,300.7808147686442,300.1743062578452
2017-08-16 01:30:00,2,300.7349970453935,300.1279479135708
2017-08-16 01:45:00,2,300.6906394718364,300.083352655483
2017-08-16 02:00:00,2,300.64740480223094,300.04016712531273
2017-08-16 02:15:00,2,300.6050185342634,299.9980717980814
2017-08-16 02:30:00,2,300.5632731870961,299.95680958740525
2017-08-16 02:45:00,2,300.521973974962,299.916140977273
2017-08-16 03:00:00,2,300.4809391055458,299.8758195024073
2017-08-16 03:15:00,2,300.4400263317578,299.8356191632812
2017-08-16 03:30:00,2,300.3991608225526,299.7953992659516
2017-08-16 03:45:00,2,300.35837127085404,299.7551152292793
2017-08-16 04:00:00,2,300.31770557275786,299.71475100002243
2017-08-16 04:15:00,2,300.2771778692225,299.67427090374343
2017-08-16 04:30:00,2,300.2370126154542,299.6338975609707
2017-08-16 04:45:00,2,300.1982374135247,299.594664132382
2017-08-16 05:00:00,2,300.16225061585516,299.5584254631524
2017-08-16 05:15:00,2,300.1300366191385,299.5266948717769
2017-08-16 05:30:00,2,300.1018226490488,299.49989428602777
2017-08-16 05:45:00,2,300.0772669359042,299.4775944855198
2017-08-16 06:00:00,2,300.0569855418304,299.45981051923167
2017-08-16 06:15:00,2,300.04243758532493,299.44706550321274
2017-08-16 06:30:00,2,300.0352949035958,299.44081129992935
2017-08-16 06:45:00,2,300.0372162753773,299.44306793290014
2017-08-16 07:00:00,2,300.0496691589668,299.4555249547129
2017-08-16 07:15:00,2,300.0735660810806,299.4788368776184
2017-08-16 07:30:00,2,300.1092998322787,299.5125126267437
2017-08-16 07:45:00,2,300.1567948518847,299.55520270932857
2017-08-16 08:00:00,2,300.2157963879265,299.60487171744774
2017-08-16 08:15:00,2,300.28611290355286,299.65614375901055
2017-08-16 08:30:00,2,300.3676315027583,299.71416620185283
2017-08-16 08:45:00,2,300.4605166644642,299.78347585438416
2017-08-16 09:00:00,2,300.56471269851414,299.86455781684424
2017-08-16 09:15:00,2,300.6792546159901,299.9536403758954
2017-08-16 09:30:00,2,300.8027084336965,300.05585523680406
2017-08-16 09:45:00,2,300.9341161690656,300.1745845730844
2017-08-16 10:00:00,2,301.07282230313854,300.3123915253125
2017-08-16 10:15:00,2,301.21776488584464,300.46010201550365
2017-08-16 10:30:00,2,301.3672174735604,300.61006054299037
2017-08-16 10:45:00,2,301.5182598083685,300.7586919884661
2017-08-16 11:00:00,2,301.66758336818395,300.9041355446609
2017-08-16 11:15:00,2,301.8122746988413,301.04437432838273
2017-08-16 11:30:00,2,301.95028396527056,301.1775862131048
2017-08-16 11:45:00,2,302.0816041573899,301.3034928004935
2017-08-16 12:00:00,2,302.2072665306436,301.4232657605685
2017-08-16 12:15:00,2,302.32786804408636,301.53819683448256
2017-08-16 12:30:00,2,302.44336134733726,301.6487296299353
2017-08-16 12:45:00,2,302.5531773797176,301.75440688796425
2017-08-16 13:00:00,2,302.6565515380473,301.85439069402867
2017-08-16 13:15:00,2,302.75273512378266,301.94789794608755
2017-08-16 13:30:00,2,302.8411678310764,302.0342583081299
2017-08-16 13:45:00,2,302.92140159161113,302.1130514872434
2017-08-16 14:00:00,2,302.99269341403334,302.1837749739139
2017-08-16 14:15:00,2,303.05421348014653,302.24577795385164
2017-08-16 14:30:00,2,303.1054682352071,302.29850710112095
2017-08-16 14:45:00,2,303.1463891542042,302.3416855392068
2017-08-16 15:00:00,2,303.17711021608153,302.37523128786637
2017-08-16 15:15:00,2,303.19761672006666,302.3989784950101
2017-08-16 15:30:00,2,303.20779363409065,302.41281697436847
2017-08-16 15:45:00,2,303.20749908107706,302.4164136603807
2017-08-16 16:00:00,2,303.1965558806156,302.41036634943464
2017-08-16 16:15:00,2,303.1748186588507,302.3955829126011
2017-08-16 16:30:00,2,303.14238140275637,302.3723323250619
2017-08-16 16:45:00,2,303.0998425128877,302.34083143678254
2017-08-16 17:00:00,2,303.04854581651085,302.30183759978524
2017-08-16 17:15:00,2,302.99007024779553,302.25656373460043
2017-08-16 17:30:00,2,302.92553980434326,302.2070329725205
2017-08-16 17:45:00,2,302.8556476750205,302.1541752021829
2017-08-16 18:00:00,2,302.78096046946723,302.0980260946442
2017-08-16 18:15:00,2,302.70164137322547,302.03829197718983
2017-08-16 18:30:00,2,302.6176075602839,301.9746662382282
2017-08-16 18:45:00,2,302.52880132346405,301.9069687489411
2017-08-16 19:00:00,2,302.4354904433637,301.8353756442727
2017-08-16 19:15:00,2,302.3385958177649,301.7608903076309
2017-08-16 19:30:00,2,302.2398046311992,301.68505542378466
2017-08-16 19:45:00,2,302.1405853638809,301.60758041129424
2017-08-16 20:00:00,2,302.04170321242503,301.52210453067363
2017-08-16 20:15:00,2,301.94348385509636,301.42938113796725
2017-08-16 20:30:00,2,301.8462061073803,301.33306977523284
2017-08-16 20:45:00,2,301.75058237028344,301.2360908964379
2017-08-16 21:00:00,2,301.65745934731314,301.1399166883777
2017-08-16 21:15:00,2,301.56740280444524,301.0451723244551
2017-08-16 21:30:00,2,301.4807269920208,300.9522438375897
2017-08-16 21:45:00,2,301.3977229751535,300.8615256787561
2017-08-16 22:00:00,2,301.3186217179014,300.7733590111682
2017-08-16 22:15:00,2,301.24349535336705,300.6878398898373
2017-08-16 22:30:00,2,301.1722785454126,300.6044390273018
2017-08-16 22:45:00,2,301.10483264453126,300.52706100576137
2017-08-16 23:00:00,2,301.0409805004539,300.45714560209524
2017-08-16 23:15:00,2,300.98049716150194,300.3933764028289
2017-08-16 23:30:00,2,300.92303988682,300.33395623565417
2017-08-16 23:45:00,2,300.8679978031745,300.277599679149
2017-08-17 00:00:00,2,300.8146703176686,300.223417295569
2017-08-17 00:15:00,2,300.76249357268466,300.17068873111975
2017-08-17 00:30:00,2,300.7110433159795,300.1187919594832
2017-08-17 00:45:00,2,300.659919880716,300.0671582674784
2017-08-17 01:00:00,2,300.6087484845009,300.0152556982322
2017-08-17 01:15:00,2,300.5572471661984,299.96264642900195
2017-08-17 01:30:00,2,300.5053473097039,299.909180641857
2017-08-17 01:45:00,2,300.4533874715899,299.8552471077898
2017-08-17 02:00:00,2,300.40193279285205,299.80170664624427
2017-08-17 02:15:00,2,300.3514801785516,299.7495085709905
2017-08-17 02:30:00,2,300.3025462911592,299.6994942652482
2017-08-17 02:45:00,2,300.2561417629786,299.65255003655386
2017-08-17 03:00:00,2,300.21343084007833,299.60959634694905
2017-08-17 03:15:00,2,300.175214444875,299.5713424224171
2017-08-17 03:30:00,2,300.1417057450949,299.53809422728705
2017-08-17 03:45:00,2,300.1122410852791,299.5092769722354
2017-08-17 04:00:00,2,300.08574263038713,299.4836112383793
2017-08-17 04:15:00,2,300.0613142294051,299.4598350120133
2017-08-17 04:30:00,2,300.0384298495444,299.43695187437294
2017-08-17 04:45:00,2,300.0169615315462,299.4148396701307
2017-08-17 05:00:00,2,299.9969853185639,299.39367611966145
2017-08-17 05:15:00,2,299.9785816605144,299.3737991183284
2017-08-17 05:30:00,2,299.9616698232375,299.35537469071534
2017-08-17 05:45:00,2,299.946176636292,299.3386283385182
2017-08-17 06:00:00,2,299.9333127131971,299.32467474968803
2017-08-17 06:15:00,2,299.9249307019353,299.31541493929734
2017-08-17 06:30:00,2,299.92270857408846,299.3128834386231
2017-08-17 06:45:00,2,299.92841482473466,299.31884791756266
2017-08-17 07:00:00,2,299.94391966676056,299.334629112204
2017-08-17 07:15:00,2,299.9705885432556,299.36069554741215
2017-08-17 07:30:00,2,300.0089582543334,299.3964669292868
2017-08-17 07:45:00,2,300.05909017622855,299.4405421039205
2017-08-17 08:00:00,2,300.12110131449725,299.4902952372761
2017-08-17 08:15:00,2,300.1956929399659,299.5435100729873
2017-08-17 08:30:00,2,300.28382014821744,299.60648053878185
2017-08-17 08:45:00,2,300.38617480614397,299.6843154381394
2017-08-17 09:00:00,2,300.50252952023783,299.7763963593592
2017-08-17 09:15:00,2,300.63115759165,299.87979376338586
2017-08-17 09:30:00,2,300.7695797826561,299.99943392134475
2017-08-17 09:45:00,2,300.9157464527602,300.1424244836685
2017-08-17 10:00:00,2,301.06803524215394,300.2985598230511
2017-08-17 10:15:00,2,301.2246394849554,300.45801228099043
2017-08-17 10:30:00,2,301.3839633860451,300.616740174339
2017-08-17 10:45:00,2,301.545152043222,300.77481950581716
2017-08-17 11:00:00,2,301.7076777941625,300.9331363408783
2017-08-17 11:15:00,2,301.8707029581938,301.0915909928711
2017-08-17 11:30:00,2,302.03270194732585,301.24874437569105
2017-08-17 11:45:00,2,302.1907486113616,301.4019606601645
2017-08-17 12:00:00,2,302.3415330958983,301.54821196173106
2017-08-17 12:15:00,2,302.4825349957316,301.6849645285812
2017-08-17 12:30:00,2,302.612212429318,301.81049354939415
2017-08-17 12:45:00,2,302.7297494867448,301.9240309298817
2017-08-17 13:00:00,2,302.83481510482727,302.0254111749356
2017-08-17 13:15:00,2,302.92733615201007,302.11471286976797
2017-08-17 13:30:00,2,303.0075591800367,302.1922758787998
2017-08-17 13:45:00,2,303.0762529310193,302.258854133785
2017-08-17 14:00:00,2,303.13430376649677,302.315383967281
2017-08-17 14:15:00,2,303.18223434980575,302.3625373777931
2017-08-17 14:30:00,2,303.2203325839139,302.40073918187466
2017-08-17 14:45:00,2,303.2489711951252,302.43037332557117
2017-08-17 15:00:00,2,303.26848638791574,302.4517144105178
2017-08-17 15:15:00,2,303.27890096350427,302.4647600816177
2017-08-17 15:30:00,2,303.28019520105283,302.4692959869916
2017-08-17 15:45:00,2,303.2727665672717,302.4657760745624
2017-08-17 16:00:00,2,303.25705160587074,302.45577198437354
2017-08-17 16:15:00,2,303.2330683625587,302.4398598529573
2017-08-17 16:30:00,2,303.2005063167898,302.41755604498184
2017-08-17 16:45:00,2,303.1589011364468,302.38802385860134
2017-08-17 17:00:00,2,303.10846623388596,302.35096902510605
2017-08-17 17:15:00,2,303.0503613389579,302.3070495852603
2017-08-17 17:30:00,2,302.98579379271115,302.25824166603167
2017-08-17 17:45:00,2,302.9155131664451,302.20561186016977
2017-08-17 18:00:00,2,302.8398979512124,302.149168676821
2017-08-17 18:15:00,2,302.7588578748221,302.0884336330609
2017-08-17 18:30:00,2,302.6721924435407,302.0229482746366
2017-08-17 18:45:00,2,302.5798517647397,301.95253340201265
2017-08-17 19:00:00,2,302.48222434247435,301.8774851353443
2017-08-17 19:15:00,2,302.38020280184423,301.798989100363
2017-08-17 19:30:00,2,302.2755109256775,301.71818363090176
2017-08-17 19:45:00,2,302.1701454254939,301.6344657091336
2017-08-17 20:00:00,2,302.0655650909176,301.5440044020173
2017-08-17 20:15:00,2,301.962581760537,301.4470123950149
2017-08-17 20:30:00,2,301.8617269321628,301.3469124874791
2017-08-17 20:45:00,2,301.76381660089834,301.24701869344716
2017-08-17 21:00:00,2,301.66973491955184,301.1493046930457
2017-08-17 21:15:00,2,301.58005109738843,301.0546950734464
2017-08-17 21:30:00,2,301.4949414635948,300.963531576335
2017-08-17 21:45:00,2,301.41416503674697,300.87576651390344
2017-08-17 22:00:00,2,301.33728509970877,300.79106830886946
2017-08-17 22:15:00,2,301.2638860618458,300.7089461789068
2017-08-17 22:30:00,2,301.1936451339958,300.62884148849037
2017-08-17 22:45:00,2,301.12637536483004,300.5495539641385
2017-08-17 23:00:00,2,301.061958964463,300.47668572054164
2017-08-17 23:15:00,2,301.00025961733087,300.41048506332777
2017-08-17 23:30:00,2,300.941028287445,300.3487604799964
2017-08-17 23:45:00,2,300.8837468460344,300.28962904206884
2017-08-18 00:00:00,2,300.82780982503607,300.23213630561963
2017-08-18 00:15:00,2,300.77274543803526,300.175847814628
2017-08-18 00:30:00,2,300.71839552384677,300.12061467174857
2017-08-18 00:45:00,2,300.66522119357717,300.0666985261716
2017-08-18 01:00:00,2,300.61391546050044,300.01467977486607
2017-08-18 01:15:00,2,300.5649550220853,299.9651098324867
2017-08-18 01:30:00,2,300.51857202169674,299.9182652514593
2017-08-18 01:45:00,2,300.47489510647375,299.8741548251516
2017-08-18 02:00:00,2,300.43401454837726,299.83267117024826
2017-08-18 02:15:00,2,300.3959794619074,299.79371845249847
2017-08-18 02:30:00,2,300.36063505703135,299.7571272867635
2017-08-18 02:45:00,2,300.3271901751921,299.72238254435854
2017-08-18 03:00:00,2,300.2945231509165,299.6886189301745
2017-08-18 03:15:00,2,300.26170182552255,299.6548963228168
2017-08-18 03:30:00,2,300.22832873498265,299.6206148552617
2017-08-18 03:45:00,2,300.1950610389465,299.586209804484
2017-08-18 04:00:00,2,300.1630882935285,299.55306711830264
2017-08-18 04:15:00,2,300.13334739362466,299.5225146128903
2017-08-18 04:30:00,2,300.10625529941154,299.49512728735743
2017-08-18 04:45:00,2,300.08162702930474,299.4706257777293
2017-08-18 05:00:00,2,300.05900158616754,299.4482987463647
2017-08-18 05:15:00,2,300.0379867090299,299.42741135561147
2017-08-18 05:30:00,2,300.01832196117,299.4074029293438
2017-08-18 05:45:00,2,300.000232794051,299.3885925693976
2017-08-18 06:00:00,2,299.9855149372008,299.3727171934117
2017-08-18 06:15:00,2,299.97635922357904,299.362324445793
2017-08-18 06:30:00,2,299.9742433585894,299.35944650578307
2017-08-18 06:45:00,2,299.98010836361317,299.36504145609655
2017-08-18 07:00:00,2,299.9946918623567,299.3792714317557
2017-08-18 07:15:00,2,300.0188459144232,299.40207390070196
2017-08-18 07:30:00,2,300.05391814219354,299.43350895932247
2017-08-18 07:45:00,2,300.1015872278491,299.4735247782807
2017-08-18 08:00:00,2,300.16370896221775,299.52003518281583
2017-08-18 08:15:00,2,300.24175714574017,299.57239998834245
2017-08-18 08:30:00,2,300.33616253354694,299.63727180356284
2017-08-18 08:45:00,2,300.4455060347828,299.7183833604982
2017-08-18 09:00:00,2,300.5665511686089,299.81323644855934
2017-08-18 09:15:00,2,300.69521203262025,299.9165718434416
2017-08-18 09:30:00,2,300.8279145312513,300.03137788586344
2017-08-18 09:45:00,2,300.9629988541659,300.1623802909469
2017-08-18 10:00:00,2,301.099971493842,300.3010556108628
2017-08-18 10:15:00,2,301.23817140669735,300.43970614333824
2017-08-18 10:30:00,2,301.37697783893555,300.5759951722835
2017-08-18 10:45:00,2,301.5169398048226,300.71149283561215
2017-08-18 11:00:00,2,301.6590788068228,300.8486463106644
2017-08-18 11:15:00,2,301.8037165466877,300.9887297342436
2017-08-18 11:30:00,2,301.9499829385471,301.1310036298613
2017-08-18 11:45:00,2,302.09510041623696,301.27261244630614
2017-08-18 12:00:00,2,302.2356365295567,301.4097504502076
2017-08-18 12:15:00,2,302.3688562206145,301.5392176364836
2017-08-18 12:30:00,2,302.49306011520594,301.6592551959031
2017-08-18 12:45:00,2,302.6076019156617,301.76936945261997
2017-08-18 13:00:00,2,302.7123788396309,301.8697129883945
2017-08-18 13:15:00,2,302.80729327670167,301.9606081452572
2017-08-18 13:30:00,2,302.89207949054895,302.0420504680973
2017-08-18 13:45:00,2,302.96608921729216,302.11349597252996
2017-08-18 14:00:00,2,303.0286391464415,302.17417400153096
2017-08-18 14:15:00,2,303.0792862792948,302.22352151536114
2017-08-18 14:30:00,2,303.11791769815636,302.26138945244054
2017-08-18 14:45:00,2,303.1447664136445,302.28797987504464
2017-08-18 15:00:00,2,303.1601849561326,302.30358616806143
2017-08-18 15:15:00,2,303.16437091238004,302.30867810302755
2017-08-18 15:30:00,2,303.1576633218378,302.30350843483984
2017-08-18 15:45:00,2,303.14111354065113,302.2893512592268
2017-08-18 16:00:00,2,303.1158607870174,302.26858708016107
2017-08-18 16:15:00,2,303.08236156990614,302.2423099647247
2017-08-18 16:30:00,2,303.0405901424348,302.2103105668167
2017-08-18 16:45:00,2,302.99041229681785,302.1720008268006
2017-08-18 17:00:00,2,302.932408247357,302.1272247689406
2017-08-18 17:15:00,2,302.8677743100217,302.0773437759996
2017-08-18 17:30:00,2,302.7974565221191,302.02383585356944
2017-08-18 17:45:00,2,302.7221674482573,301.9673483761981
2017-08-18 18:00:00,2,302.6424039725058,301.9079212303635
2017-08-18 18:15:00,2,302.5581036295339,301.8453345450733
2017-08-18 18:30:00,2,302.46897311566624,301.7793878479361
2017-08-18 18:45:00,2,302.3747375830748,301.7105199057144
2017-08-18 19:00:00,2,302.27550337329046,301.6373388598223
2017-08-18 19:15:00,2,302.1718884833412,301.5584165508964
2017-08-18 19:30:00,2,302.0654955652439,301.474644375273
2017-08-18 19:45:00,2,301.95862910037704,301.3839790982797
2017-08-18 20:00:00,2,301.8532694951569,301.2865016034068
2017-08-18 20:15:00,2,301.75064559259965,301.1858951242289
2017-08-18 20:30:00,2,301.65137900714745,301.0857053235172
2017-08-18 20:45:00,2,301.5557165817641,300.98758334153547
2017-08-18 21:00:00,2,301.46369174543656,300.8917748743547
2017-08-18 21:15:00,2,301.37522181700524,300.7980783082998
2017-08-18 21:30:00,2,301.29024026504607,300.70637475923917
2017-08-18 21:45:00,2,301.20890703166214,300.616778956176
2017-08-18 22:00:00,2,301.13146456306913,300.52938878022377
2017-08-18 22:15:00,2,301.05802641778433,300.4455910836725
2017-08-18 22:30:00,2,300.9884464785352,300.3690306592953
2017-08-18 22:45:00,2,300.9221247393798,300.2993163540856
2017-08-18 23:00:00,2,300.85829033918145,300.23398627564285
2017-08-18 23:15:00,2,300.7963226772029,300.1710525117369
2017-08-18 23:30:00,2,300.7359031470869,300.1097890776354
2017-08-18 23:45:00,2,300.67720665685886,300.0504036844999
2017-08-19 00:00:00,2,300.62060130996366,299.99340328192693
2017-08-19 00:15:00,2,300.5663206475597,299.93913795432746
2017-08-19 00:30:00,2,300.5143280714349,299.8875722934566
2017-08-19 00:45:00,2,300.4641485700652,299.8381999672131
2017-08-19 01:00:00,2,300.4151347678425,299.7902402525266
2017-08-19 01:15:00,2,300.36676889748924,299.7429649867756
2017-08-19 01:30:00,2,300.3187246745464,299.6959045366663
2017-08-19 01:45:00,2,300.27086966316995,299.64887722511094
2017-08-19 02:00:00,2,300.223178608309,299.6018838913839
2017-08-19 02:15:00,2,300.17564389884046,299.5549740515154
2017-08-19 02:30:00,2,300.1282676836271,299.5081805168203
2017-08-19 02:45:00,2,300.0810886873106,299.46149061011243
2017-08-19 03:00:00,2,300.0341243377817,299.41482109142737
2017-08-19 03:15:00,2,299.98736861138326,299.36807574916213
2017-08-19 03:30:00,2,299.940986929992,299.3213842118417
2017-08-19 03:45:00,2,299.8955942193125,299.2753505924757
2017-08-19 04:00:00,2,299.8519774856846,299.23092588217366
2017-08-19 04:15:00,2,299.8107383375222,299.1890136828837
2017-08-19 04:30:00,2,299.77228955638816,299.1502061690683
2017-08-19 04:45:00,2,299.7370761381028,299.1149041649179
2017-08-19 05:00:00,2,299.7055247088333,299.08338283998586
2017-08-19 05:15:00,2,299.6778903925671,299.0558104248668
2017-08-19 05:30:00,2,299.65412999041155,299.03209311835525
2017-08-19 05:45:00,2,299.6341362071343,299.01212076924975
2017-08-19 06:00:00,2,299.61914626404496,298.9968954585658
2017-08-19 06:15:00,2,299.61096766460867,298.98838381601405
2017-08-19 06:30:00,2,299.611046331228,298.988477815857
2017-08-19 06:45:00,2,299.62072479993236,298.9984644103819
2017-08-19 07:00:00,2,299.6412884201418,299.01893395365073
2017-08-19 07:15:00,2,299.6733967663715,299.0496593820844
2017-08-19 07:30:00,2,299.7172763770768,299.0897941012107
2017-08-19 07:45:00,2,299.77311920906783,299.1381558497482
2017-08-19 08:00:00,2,299.841417714198,299.1928374760396
2017-08-19 08:15:00,2,299.9234559115865,299.2503228089215
2017-08-19 08:30:00,2,300.0204707249272,299.31788983478395
2017-08-19 08:45:00,2,300.131836341286,299.401047972301
2017-08-19 09:00:00,2,300.2547397515101,299.49846322848646
2017-08-19 09:15:00,2,300.3853653568957,299.60463315547685
2017-08-19 09:30:00,2,300.5205367848492,299.7158796362432
2017-08-19 09:45:00,2,300.65937407811657,299.8375206249932
2017-08-19 10:00:00,2,300.80234572614967,299.9766747642008
2017-08-19 10:15:00,2,300.94959503734907,300.12584562504907
2017-08-19 10:30:00,2,301.1008656510288,300.2779420271565
2017-08-19 10:45:00,2,301.2563261062019,300.43130117746443
2017-08-19 11:00:00,2,301.4162858142875,300.5874338016554
2017-08-19 11:15:00,2,301.5805258882789,300.7475456190331
2017-08-19 11:30:00,2,301.74757459421164,300.91052222942665
2017-08-19 11:45:00,2,301.9131894404046,301.0724365783367
2017-08-19 12:00:00,2,302.0721826111916,301.22817845307577
2017-08-19 12:15:00,2,302.22066535249115,301.37319361466757
2017-08-19 12:30:00,2,302.3566450537024,301.50511727926846
2017-08-19 12:45:00,2,302.48011726497174,301.6241542763271
2017-08-19 13:00:00,2,302.5919727723043,301.7317411312851
2017-08-19 13:15:00,2,302.6929072663399,301.8291095335779
2017-08-19 13:30:00,2,302.783226839275,301.9167537012767
2017-08-19 13:45:00,2,302.8628899204579,301.9945971197248
2017-08-19 14:00:00,2,302.93169171566154,302.06235437511424
2017-08-19 14:15:00,2,302.9893512868882,302.1197441626828
2017-08-19 14:30:00,2,303.0357107099117,302.16665292230215
2017-08-19 14:45:00,2,303.07095013799744,302.20322806954067
2017-08-19 15:00:00,2,303.09537315261696,302.22971190906395
2017-08-19 15:15:00,2,303.1090767928772,302.24610893188907
2017-08-19 15:30:00,2,303.11198694522255,302.25233384792773
2017-08-19 15:45:00,2,303.1039018759581,302.2475368241959
2017-08-19 16:00:00,2,303.0845936277795,302.23337322849693
2017-08-19 16:15:00,2,303.05377094494224,302.2102032080172
2017-08-19 16:30:00,2,303.0114030808848,302.1777329088001
2017-08-19 16:45:00,2,302.9581084882497,302.1361396624172
2017-08-19 17:00:00,2,302.89542738490655,302.0864896598683
2017-08-19 17:15:00,2,302.82526053315166,302.03066652720645
2017-08-19 17:30:00,2,302.7489982187688,301.97102492497277
2017-08-19 17:45:00,2,302.6677242135253,301.9086885973731
2017-08-19 18:00:00,2,302.5822336931362,301.84380628055345
2017-08-19 18:15:00,2,302.4926337953561,301.7761116578144
2017-08-19 18:30:00,2,302.3987250501136,301.7053179576802
2017-08-19 18:45:00,2,302.30035955723514,301.63149295982566
2017-08-19 19:00:00,2,302.1978064467707,301.55513189354014
2017-08-19 19:15:00,2,302.0918602245627,301.47435967223527
2017-08-19 19:30:00,2,301.9841269813545,301.3893172459138
2017-08-19 19:45:00,2,301.87650566414203,301.29947026008455
2017-08-19 20:00:00,2,301.77043815795764,301.20327744935366
2017-08-19 20:15:00,2,301.66676852960643,301.1031895793669
2017-08-19 20:30:00,2,301.5659732480025,301.00253414118947
2017-08-19 20:45:00,2,301.46848301465127,300.9033565835809
2017-08-19 21:00:00,2,301.3746469100851,300.8064129710466
2017-08-19 21:15:00,2,301.28462028376356,300.71187376427645
2017-08-19 21:30:00,2,301.19838921391977,300.61974567547605
2017-08-19 21:45:00,2,301.1158278972261,300.5299549933891
2017-08-19 22:00:00,2,301.0367504545993,300.44227774911707
2017-08-19 22:15:00,2,300.96094522304156,300.35611653983534
2017-08-19 22:30:00,2,300.888159438892,300.273699901394
2017-08-19 22:45:00,2,300.8180242566864,300.1972999646027
2017-08-19 23:00:00,2,300.75011861245724,300.12599747466095
2017-08-19 23:15:00,2,300.68407168128044,300.0577739729651
2017-08-19 23:30:00,2,300.6196736923815,299.9914109236746
2017-08-19 23:45:00,2,300.557077799066,299.92684361974153
2017-08-20 00:00:00,2,300.49660374526087,299.86457674364254
2017-08-20 00:15:00,2,300.4384689796547,299.80506043150353
2017-08-20 00:30:00,2,300.382694843477,299.74838944813956
2017-08-20 00:45:00,2,300.32903926587187,299.69430067758475
2017-08-20 01:00:00,2,300.27714704410283,299.64235728721644
2017-08-20 01:15:00,2,300.2267109443667,299.5921487100252
2017-08-20 01:30:00,2,300.17757103911345,299.54345800980934
2017-08-20 01:45:00,2,300.1298586879979,299.4963711494406
2017-08-20 02:00:00,2,300.08382573534755,299.4511790153759
2017-08-20 02:15:00,2,300.03963354256786,299.4081515468116
2017-08-20 02:30:00,2,299.99722645692316,299.3672793883235
2017-08-20 02:45:00,2,299.95614444707326,299.3281068140215
2017-08-20 03:00:00,2,299.9157674396405,299.2899072510451
2017-08-20 03:15:00,2,299.8756107986959,299.251924032362
2017-08-20 03:30:00,2,299.8354743331009,299.2137433129974
2017-08-20 03:45:00,2,299.7956411328187,299.1753769667663
2017-08-20 04:00:00,2,299.75661545750165,299.13722548582297
2017-08-20 04:15:00,2,299.71883246459754,299.09973325987625
2017-08-20 04:30:00,2,299.6825618830313,299.06318719482385
2017-08-20 04:45:00,2,299.6476610188962,299.0276242735981
2017-08-20 05:00:00,2,299.61370037024517,298.99287051920925
2017-08-20 05:15:00,2,299.58026683793423,298.9588144991457
2017-08-20 05:30:00,2,299.54703910617326,298.9251368114469
2017-08-20 05:45:00,2,299.514151566908,298.89200951133586
2017-08-20 06:00:00,2,299.48328820614734,298.8609814977726
2017-08-20 06:15:00,2,299.45686239514583,298.8346581234091
2017-08-20 06:30:00,2,299.43749148400997,298.816226860485
2017-08-20 06:45:00,2,299.42837431572565,298.80904859668453
2017-08-20 07:00:00,2,299.432474238441,298.81569263296717
2017-08-20 07:15:00,2,299.4511192318668,298.83660991384545
2017-08-20 07:30:00,2,299.48423264812214,298.8703450598038
2017-08-20 07:45:00,2,299.531756596417,298.91521191056046
2017-08-20 08:00:00,2,299.59446244624814,298.97034009048787
2017-08-20 08:15:00,2,299.6741804944527,299.03433356153084
2017-08-20 08:30:00,2,299.77231751022975,299.1039485201721
2017-08-20 08:45:00,2,299.8884709718165,299.1862233279477
2017-08-20 09:00:00,2,300.02084394487645,299.2848800909917
2017-08-20 09:15:00,2,300.1668909600315,299.39540688307125
2017-08-20 09:30:00,2,300.32383169512394,299.5192407064122
2017-08-20 09:45:00,2,300.488886680769,299.65979165199917
2017-08-20 10:00:00,2,300.65916133051337,299.82274210555255
2017-08-20 10:15:00,2,300.83165923126154,299.9953288011074
2017-08-20 10:30:00,2,301.0038310842151,300.1667136279837
2017-08-20 10:45:00,2,301.1742983382949,300.33346057073464
2017-08-20 11:00:00,2,301.3423799339763,300.4964118411875
2017-08-20 11:15:00,2,301.507245883924,300.65651971086845
2017-08-20 11:30:00,2,301.66771171913683,300.8131442547071
2017-08-20 11:45:00,2,301.8221076713464,300.9643857269239
2017-08-20 12:00:00,2,301.9687223034744,301.10815468537925
2017-08-20 12:15:00,2,302.1061595525656,301.24270744171935
2017-08-20 12:30:00,2,302.23358833568574,301.36714210766087
2017-08-20 12:45:00,2,302.35105446960483,301.4816176252346
2017-08-20 13:00:00,2,302.4589927130991,301.58684073705746
2017-08-20 13:15:00,2,302.5576214845446,301.6833803960156
2017-08-20 13:30:00,2,302.64669539998823,301.77110765794004
2017-08-20 13:45:00,2,302.725122040127,301.8489710251185
2017-08-20 14:00:00,2,302.7916210013084,301.9155403864101
2017-08-20 14:15:00,2,302.8453284628294,301.96974786513977
2017-08-20 14:30:00,2,302.886095151569,302.0114162952545
2017-08-20 14:45:00,2,302.91476643807744,302.04137033143957
2017-08-20 15:00:00,2,302.93247321401145,302.06078769364586
2017-08-20 15:15:00,2,302.93984330928214,302.0704862217297
2017-08-20 15:30:00,2,302.93712817818374,302.07093852332315
2017-08-20 15:45:00,2,302.92453730763987,302.0620362846181
2017-08-20 16:00:00,2,302.90224697891466,302.04533099763074
2017-08-20 16:15:00,2,302.8702263717542,302.0214133157238
2017-08-20 16:30:00,2,302.8283986513408,301.99001010600017
2017-08-20 16:45:00,2,302.77698094336733,301.9509301260319
2017-08-20 17:00:00,2,302.71712528488945,301.90477794104453
2017-08-20 17:15:00,2,302.65054219676244,301.8529471653256
2017-08-20 17:30:00,2,302.57860999953994,301.7976564167722
2017-08-20 17:45:00,2,302.5022652524586,301.7399952701158
2017-08-20 18:00:00,2,302.4220894160065,301.6800051044909
2017-08-20 18:15:00,2,302.3380879101741,301.61724834871563
2017-08-20 18:30:00,2,302.25003148688216,301.5512750804917
2017-08-20 18:45:00,2,302.15796332073916,301.48193262709384
2017-08-20 19:00:00,2,302.0623585879465,301.40958079534335
2017-08-20 19:15:00,2,301.96416858547616,301.3361247989431
2017-08-20 19:30:00,2,301.86496034431906,301.2598273289817
2017-08-20 19:45:00,2,301.76609641547185,301.1818009861984
2017-08-20 20:00:00,2,301.6683102875432,301.0970703479094
2017-08-20 20:15:00,2,301.57193859992174,301.00659866184895
2017-08-20 20:30:00,2,301.47732797747443,300.9137521756445
2017-08-20 20:45:00,2,301.3854063292378,300.8213954544935
2017-08-20 21:00:00,2,301.29727394442904,300.7313035148859
2017-08-20 21:15:00,2,301.21365198007385,300.644489317621
2017-08-20 21:30:00,2,301.1347520935391,300.5614287532801
2017-08-20 21:45:00,2,301.06020663952427,300.4820270660518
2017-08-20 22:00:00,2,300.9893941047048,300.405733606919
2017-08-20 22:15:00,2,300.921764397991,300.3318263687849
2017-08-20 22:30:00,2,300.8568939128438,300.25958687811124
2017-08-20 22:45:00,2,300.7944370066186,300.1879551999159
2017-08-20 23:00:00,2,300.73410419777963,300.1205195594058
2017-08-20 23:15:00,2,300.675657666343,300.05801358546796
2017-08-20 23:30:00,2,300.6188791358203,299.99903963163507
2017-08-20 23:45:00,2,300.5635076705491,299.94211586355937
2017-08-21 00:00:00,2,300.50926970483727,299.8864902365267
2017-08-21 00:15:00,2,300.45593375745045,299.83193392002704
2017-08-21 00:30:00,2,300.4033544982816,299.7783694944893
2017-08-21 00:45:00,2,300.3515522036511,299.72577448102135
2017-08-21 01:00:00,2,300.3006294709421,299.6741986759157
2017-08-21 01:15:00,2,300.2506550602262,299.6237250792924
2017-08-21 01:30:00,2,300.2016519337993,299.5744113081709
2017-08-21 01:45:00,2,300.1536226851857,299.52624914399394
2017-08-21 02:00:00,2,300.1065227052668,299.4791419092684
2017-08-21 02:15:00,2,300.0602552232633,299.432914795807
2017-08-21 02:30:00,2,300.0146506620831,299.3873006161506
2017-08-21 02:45:00,2,299.9693878232956,299.34190420444673
2017-08-21 03:00:00,2,299.9241163102263,299.2962829475646
2017-08-21 03:15:00,2,299.8786075803356,299.25012408069085
2017-08-21 03:30:00,2,299.8328663731834,299.2034463990532
2017-08-21 03:45:00,2,299.78724121447254,299.15669010510516
2017-08-21 04:00:00,2,299.74220308161375,299.1105282977756
2017-08-21 04:15:00,2,299.69811750721726,299.06556684311795
2017-08-21 04:30:00,2,299.65534287039503,299.02233079908603
2017-08-21 04:45:00,2,299.6146346782041,298.9816025582883
2017-08-21 05:00:00,2,299.57694593834384,298.9443963322468
2017-08-21 05:15:00,2,299.5429630729641,298.9117982504159
2017-08-21 05:30:00,2,299.51298817155583,298.884064879983
2017-08-21 05:45:00,2,299.4874136810819,298.86125683873024
2017-08-21 06:00:00,2,299.4677105456539,298.84418524175254
2017-08-21 06:15:00,2,299.4557630337343,298.8340722179008
2017-08-21 06:30:00,2,299.45295203249907,298.83236252669764
2017-08-21 06:45:00,2,299.45973582084474,298.8399591211574
2017-08-21 07:00:00,2,299.47609783721686,298.8569943925062
2017-08-21 07:15:00,2,299.5021215830588,298.88322914435173
2017-08-21 07:30:00,2,299.53878518476733,298.9188085441384
2017-08-21 07:45:00,2,299.5884203391428,298.964583730302
2017-08-21 08:00:00,2,299.65352699170546,299.02108477884735
2017-08-21 08:15:00,2,299.73478601319295,299.0854220526549
2017-08-21 08:30:00,2,299.83129255988865,299.15597234166313
2017-08-21 08:45:00,2,299.94301203109796,299.2360244985519
2017-08-21 09:00:00,2,300.0706613085648,299.3283754232741
2017-08-21 09:15:00,2,300.21418976890175,299.4420565306308
2017-08-21 09:30:00,2,300.37206945520336,299.5792976709438
2017-08-21 09:45:00,2,300.54031532767283,299.7408919058406
2017-08-21 10:00:00,2,300.713577760513,299.91606981253346
2017-08-21 10:15:00,2,300.8868837143551,300.09099083661465
2017-08-21 10:30:00,2,301.0569687159908,300.259185153492
2017-08-21 10:45:00,2,301.2235379533723,300.4210098196293
2017-08-21 11:00:00,2,301.38774075822283,300.57927077786803
2017-08-21 11:15:00,2,301.55020496178577,300.73590201421075
2017-08-21 11:30:00,2,301.71048929363263,300.8907162338342
2017-08-21 11:45:00,2,301.86675267395844,301.0417370585722
2017-08-21 12:00:00,2,302.01664769580447,301.1864146159346
2017-08-21 12:15:00,2,302.1581786205237,301.32266952441773
2017-08-21 12:30:00,2,302.2898412460439,301.44911216596444
2017-08-21 12:45:00,2,302.41035561781894,301.56467718732875
2017-08-21 13:00:00,2,302.5187674125065,301.66850613915244
2017-08-21 13:15:00,2,302.61452200289955,301.76008660474486
2017-08-21 13:30:00,2,302.6974404794303,301.83931728203567
2017-08-21 13:45:00,2,302.7676484652753,301.9064325671875
2017-08-21 14:00:00,2,302.8253954756077,301.9617835552479
2017-08-21 14:15:00,2,302.87082551845646,302.0056312246344
2017-08-21 14:30:00,2,302.90417794433716,302.03827687104507
2017-08-21 14:45:00,2,302.92609992253404,302.06029928445804
2017-08-21 15:00:00,2,302.93733247716665,302.0723901959541
2017-08-21 15:15:00,2,302.9383026895681,302.07496983512146
2017-08-21 15:30:00,2,302.9293249902817,302.0679566678157
2017-08-21 15:45:00,2,302.91088768412277,302.05228462538537
2017-08-21 16:00:00,2,302.88344094493874,302.0298275193377
2017-08-21 16:15:00,2,302.84701888154797,302.00112509318
2017-08-21 16:30:00,2,302.8014186271524,301.96564285600675
2017-08-21 16:45:00,2,302.7463933904462,301.92266901337086
2017-08-21 17:00:00,2,302.68195004941714,301.8718629846661
2017-08-21 17:15:00,2,302.6083841548599,301.8133918412808
2017-08-21 17:30:00,2,302.5269398982764,301.74833571179227
2017-08-21 17:45:00,2,302.4396813148752,301.67922015041216
2017-08-21 18:00:00,2,302.34835513689336,301.60781671035375
2017-08-21 18:15:00,2,302.2537114198248,301.53466716165855
2017-08-21 18:30:00,2,302.15610476086187,301.4596874089656
2017-08-21 18:45:00,2,302.0557944813218,301.3828492276815
2017-08-21 19:00:00,2,301.95315866627067,301.3048766231349
2017-08-21 19:15:00,2,301.8489822366008,301.225566127914
2017-08-21 19:30:00,2,301.74460012057256,301.14414452719706
2017-08-21 19:45:00,2,301.6413139153126,301.0565509712293
2017-08-21 20:00:00,2,301.5399353076721,300.96313084449235
2017-08-21 20:15:00,2,301.4408427237184,300.8670058027415
2017-08-21 20:30:00,2,301.3442976639481,300.77085152990304
2017-08-21 20:45:00,2,301.25089594198334,300.67609795055836
2017-08-21 21:00:00,2,301.1613176482415,300.58350740165963
2017-08-21 21:15:00,2,301.0759702434048,300.4936198931674
2017-08-21 21:30:00,2,300.9949363366608,300.40675379941575
2017-08-21 21:45:00,2,300.9179836477034,300.32287603862426
2017-08-21 22:00:00,2,300.84474130889237,300.24160524059545
2017-08-21 22:15:00,2,300.7748552746545,300.16215798762926
2017-08-21 22:30:00,2,300.7080496766303,300.086842000385
2017-08-21 22:45:00,2,300.64417332832153,300.0175958861388
2017-08-21 23:00:00,2,300.5831140442473,299.95371890822395
2017-08-21 23:15:00,2,300.5247243303911,299.8936637526116
2017-08-21 23:30:00,2,300.46879172087273,299.8363870628778
2017-08-21 23:45:00,2,300.414994811861,299.78144007790564
2017-08-22 00:00:00,2,300.3629956619138,299.7285992186141
2017-08-22 00:15:00,2,300.3125214896008,299.6776383336853
2017-08-22 00:30:00,2,300.2633577107642,299.6283074468908
2017-08-22 00:45:00,2,300.2153110064212,299.58034705341436
2017-08-22 01:00:00,2,300.16820330094583,299.53350457437494
2017-08-22 01:15:00,2,300.121884974131,299.4875561693656
2017-08-22 01:30:00,2,300.0763018316945,299.442408826419
2017-08-22 01:45:00,2,300.0316402647222,299.3982178477721
2017-08-22 02:00:00,2,299.9881799712006,299.355318101081
2017-08-22 02:15:00,2,299.9461122211272,299.31403388396257
2017-08-22 02:30:00,2,299.9057002983646,299.27468393893764
2017-08-22 02:45:00,2,299.8677672562573,299.2377450608231
2017-08-22 03:00:00,2,299.8333802151128,299.20405942228
2017-08-22 03:15:00,2,299.8033134946491,299.17433974418367
2017-08-22 03:30:00,2,299.7777713567726,299.14884312751184
2017-08-22 03:45:00,2,299.7560263247059,299.126858835718
2017-08-22 04:00:00,2,299.7368850003884,299.10730847271026
2017-08-22 04:15:00,2,299.7193274255227,299.08921528888595
2017-08-22 04:30:00,2,299.70260303474555,299.07177729362405
2017-08-22 04:45:00,2,299.68602038500717,299.0542759267659
2017-08-22 05:00:00,2,299.66895239631225,299.0361687598052
2017-08-22 05:15:00,2,299.6509420493187,299.01704594559317
2017-08-22 05:30:00,2,299.631782777536,298.99669727043465
2017-08-22 05:45:00,2,299.611996200182,298.9756383922905
2017-08-22 06:00:00,2,299.5935584773617,298.95571795677756
2017-08-22 06:15:00,2,299.57899850836077,298.9397460983421
2017-08-22 06:30:00,2,299.57082078617674,298.93085482734045
2017-08-22 06:45:00,2,299.571734426781,298.93182785837973
2017-08-22 07:00:00,2,299.5839722210293,298.94430232022376
2017-08-22 07:15:00,2,299.6084315087329,298.96824846059684
2017-08-22 07:30:00,2,299.64538460459653,299.0026892877539
2017-08-22 07:45:00,2,299.6960694537087,299.0468738332
2017-08-22 08:00:00,2,299.76208399077467,299.0993430435152
2017-08-22 08:15:00,2,299.843962114166,299.15760370322323
2017-08-22 08:30:00,2,299.9410642017664,299.2257064388902
2017-08-22 08:45:00,2,300.0515431745012,299.30460332067713
2017-08-22 09:00:00,2,300.17283122612184,299.397528119119
2017-08-22 09:15:00,2,300.3021378181307,299.5067400362184
2017-08-22 09:30:00,2,300.43717275220956,299.6318462127901
2017-08-22 09:45:00,2,300.5770764371246,299.77352846365284
2017-08-22 10:00:00,2,300.72168869511495,299.9224059650917
2017-08-22 10:15:00,2,300.8705634847255,300.07223128589914
2017-08-22 10:30:00,2,301.0225334828429,300.22144700674386
2017-08-22 10:45:00,2,301.1750838201432,300.36946981001785
2017-08-22 11:00:00,2,301.32516969653005,300.5144800821695
2017-08-22 11:15:00,2,301.4701451239531,300.653891305355
2017-08-22 11:30:00,2,301.6083179752535,300.7858585859485
2017-08-22 11:45:00,2,301.7394495733143,300.91008279015364
2017-08-22 12:00:00,2,301.863937951712,301.0273020200009
2017-08-22 12:15:00,2,301.98189003837535,301.138246744408
2017-08-22 12:30:00,2,302.0929904064251,301.2429410196466
2017-08-22 12:45:00,2,302.19651480180335,301.3406869059135
2017-08-22 13:00:00,2,302.2916760885014,301.4305696670218
2017-08-22 13:15:00,2,302.37786345430504,301.51193986395515
2017-08-22 13:30:00,2,302.4550737238758,301.5849774294066
2017-08-22 13:45:00,2,302.52464923296816,301.651153064131
2017-08-22 14:00:00,2,302.5882994714326,301.71249380677534
2017-08-22 14:15:00,2,302.6469267863653,301.7703448029551
2017-08-22 14:30:00,2,302.7003086379854,301.8245096869822
2017-08-22 14:45:00,2,302.746631030688,301.87306661989845
2017-08-22 15:00:00,2,302.7835943102207,301.9133667135278
2017-08-22 15:15:00,2,302.8094680953131,301.94328771728095
2017-08-22 15:30:00,2,302.82342789682946,301.96181058413674
2017-08-22 15:45:00,2,302.8255158360438,301.96881144370076
2017-08-22 16:00:00,2,302.8161059593116,301.96418299850643
2017-08-22 16:15:00,2,302.79531492197674,301.9497063895202
2017-08-22 16:30:00,2,302.7630695208451,301.9259137162027
2017-08-22 16:45:00,2,302.719265484244,301.89299709887615
2017-08-22 17:00:00,2,302.6640295641994,301.8508143311004
2017-08-22 17:15:00,2,302.59773108910997,301.79948835712605
2017-08-22 17:30:00,2,302.52171633650937,301.7399179817574
2017-08-22 17:45:00,2,302.4381785755594,301.6738521006745
2017-08-22 18:00:00,2,302.3490004974407,301.60390817251084
2017-08-22 18:15:00,2,302.2550614549831,301.53127685125776
2017-08-22 18:30:00,2,302.1568639901671,301.45598047348784
2017-08-22 18:45:00,2,302.05473544490394,301.37779882577104
2017-08-22 19:00:00,2,301.9489899512497,301.29724691169804
2017-08-22 19:15:00,2,301.84117161887445,301.215379084934
2017-08-22 19:30:00,2,301.73346024386905,301.13122754616666
2017-08-22 19:45:00,2,301.62762058827974,301.0419947874627
2017-08-22 20:00:00,2,301.5247472397872,300.947627076575
2017-08-22 20:15:00,2,301.4253695113967,300.8512775585821
2017-08-22 20:30:00,2,301.32964913038376,300.75588272778623
2017-08-22 20:45:00,2,301.2375102846675,300.6626374557597
2017-08-22 21:00:00,2,301.14874720678154,300.5714592546591
2017-08-22 21:15:00,2,301.06311107220466,300.4818887133318
2017-08-22 21:30:00,2,300.98048635336255,300.3936996065935
2017-08-22 21:45:00,2,300.9012395435226,300.3072188556749
2017-08-22 22:00:00,2,300.8259525555,300.2231688884423
2017-08-22 22:15:00,2,300.75501583866117,300.142136371783
2017-08-22 22:30:00,2,300.6885066948905,300.0651252699208
2017-08-22 22:45:00,2,300.62613628307145,299.9956177637698
2017-08-22 23:00:00,2,300.5674328364839,299.93334683791693
2017-08-22 23:15:00,2,300.5119467593717,299.8761668422556
2017-08-22 23:30:00,2,300.45925817402696,299.8223235702046
2017-08-22 23:45:00,2,300.4088636985022,299.7709491676084
2017-08-23 00:00:00,2,300.36026625577614,299.72162804862523
2017-08-23 00:15:00,2,300.3130843396363,299.67402972899544
2017-08-23 00:30:00,2,300.26704315281836,299.6278286039796
2017-08-23 00:45:00,2,300.2219275519812,299.5827425262928
2017-08-23 01:00:00,2,300.1775632311662,299.538558546382
2017-08-23 01:15:00,2,300.1338131584239,299.49512413029635
2017-08-23 01:30:00,2,300.0905683045805,299.4523221633451
2017-08-23 01:45:00,2,300.04773598421224,299.4100470042693
2017-08-23 02:00:00,2,300.0052355004349,299.3681981150001
2017-08-23 02:15:00,2,299.9629968895545,299.3266919616041
2017-08-23 02:30:00,2,299.9209071990026,299.2853526973591
2017-08-23 02:45:00,2,299.87867260330927,299.24381683522995
2017-08-23 03:00:00,2,299.8359092727155,299.2015586483123
2017-08-23 03:15:00,2,299.7923298947183,299.15809717883974
2017-08-23 03:30:00,2,299.7479266889522,299.11332632781205
2017-08-23 03:45:00,2,299.7031417530109,299.0677233548645
2017-08-23 04:00:00,2,299.65858914760497,299.0221480103588
2017-08-23 04:15:00,2,299.6147568007397,298.9774285543018
2017-08-23 04:30:00,2,299.5720087638152,298.93416434257097
2017-08-23 04:45:00,2,299.5307889697208,298.8928641548959
2017-08-23 05:00:00,2,299.4915844820641,298.85409832455707
2017-08-23 05:15:00,2,299.45475344529444,298.8182620441316
2017-08-23 05:30:00,2,299.4205648051422,298.7857272016157
2017-08-23 05:45:00,2,299.3898463163007,298.7570435637112
2017-08-23 06:00:00,2,299.3647913250469,298.733714965112
2017-08-23 06:15:00,2,299.3479247204357,298.71814300736645
2017-08-23 06:30:00,2,299.34122221456124,298.7124351073362
2017-08-23 06:45:00,2,299.3457299483047,298.7178337184539
2017-08-23 07:00:00,2,299.3617413054881,298.7343326237703
2017-08-23 07:15:00,2,299.38898015366095,298.7608097777049
2017-08-23 07:30:00,2,299.42623569410836,298.7953692921811
2017-08-23 07:45:00,2,299.4716657539785,298.8358039157653
2017-08-23 08:00:00,2,299.52364271095723,298.88045455527356
2017-08-23 08:15:00,2,299.58314103297204,298.92939286697475
2017-08-23 08:30:00,2,299.65366913958894,298.9838492332381
2017-08-23 08:45:00,2,299.73952662200065,299.04379117107743
2017-08-23 09:00:00,2,299.8440317056832,299.1140553337336
2017-08-23 09:15:00,2,299.96670861524944,299.19966170993627
2017-08-23 09:30:00,2,300.10455170353856,299.3076895003279
2017-08-23 09:45:00,2,300.2542978040881,299.43855034742336
2017-08-23 10:00:00,2,300.41288786248265,299.59089846055025
2017-08-23 10:15:00,2,300.57706297238246,299.75953246188965
2017-08-23 10:30:00,2,300.74449574682274,299.93161372383656
2017-08-23 10:45:00,2,300.91618727344564,300.1024077029617
2017-08-23 11:00:00,2,301.09483008643247,300.27509711399387
2017-08-23 11:15:00,2,301.2819752794415,300.4531695785972
2017-08-23 11:30:00,2,301.4765270264385,300.6359386002545
2017-08-23 11:45:00,2,301.67435541793424,300.81931616801023
2017-08-23 12:00:00,2,301.8705414506822,300.9988142461398
2017-08-23 12:15:00,2,302.06102735704803,301.17127406023377
2017-08-23 12:30:00,2,302.2422514211669,301.33467678209763
2017-08-23 12:45:00,2,302.40930310965615,301.48655642363724
2017-08-23 13:00:00,2,302.5571167135573,301.62359273151213
2017-08-23 13:15:00,2,302.6825941503369,301.7427345855083
2017-08-23 13:30:00,2,302.7856221912075,301.84310725832074
2017-08-23 13:45:00,2,302.8697373335675,301.9271016539236
2017-08-23 14:00:00,2,302.9394616377558,301.998690282922
2017-08-23 14:15:00,2,302.9978475983692,302.0609472180879
2017-08-23 14:30:00,2,303.0465428432714,302.1153446351453
2017-08-23 14:45:00,2,303.0866113791569,302.1624966752181
2017-08-23 15:00:00,2,303.1186783012621,302.2027157679355
2017-08-23 15:15:00,2,303.1427859463982,302.235997329585
2017-08-23 15:30:00,2,303.1584791649864,302.2617449807329
2017-08-23 15:45:00,2,303.16467998423155,302.2785433681405
2017-08-23 16:00:00,2,303.1601601339868,302.28460909999734
2017-08-23 16:15:00,2,303.14388865262725,302.27999453285963
2017-08-23 16:30:00,2,303.11521452296074,302.26442286468193
2017-08-23 16:45:00,2,303.07377421671237,302.23711689473686
2017-08-23 17:00:00,2,303.01940972982635,302.19831079511886
2017-08-23 17:15:00,2,302.9524938873396,302.1485791304231
2017-08-23 17:30:00,2,302.87472792304754,302.0892277980339
2017-08-23 17:45:00,2,302.78871141473167,302.02201853904296
2017-08-23 18:00:00,2,302.6966851574565,301.95030080961556
2017-08-23 18:15:00,2,302.5998765551161,301.87566958791706
2017-08-23 18:30:00,2,302.4989853426532,301.7981641203949
2017-08-23 18:45:00,2,302.39452835998276,301.71737356664875
2017-08-23 19:00:00,2,302.28706740534597,301.6332972823534
2017-08-23 19:15:00,2,302.17827853827373,301.5467665476847
2017-08-23 19:30:00,2,302.07012693481624,301.4591668985143
2017-08-23 19:45:00,2,301.9634657822684,301.3717977171727
2017-08-23 20:00:00,2,301.8583049636168,301.286826754113
2017-08-23 20:15:00,2,301.75445082000766,301.1978714546619
2017-08-23 20:30:00,2,301.65186786370634,301.10293088972435
2017-08-23 20:45:00,2,301.55102447891386,301.0042609221071
2017-08-23 21:00:00,2,301.4525672590436,300.9048750093034
2017-08-23 21:15:00,2,301.35692453679064,300.8066027816275
2017-08-23 21:30:00,2,301.2643276152107,300.7100906785385
2017-08-23 21:45:00,2,301.1750232070629,300.61555173508197
2017-08-23 22:00:00,2,301.0892146559103,300.52319570155544
2017-08-23 22:15:00,2,301.00695124966705,300.4331994431999
2017-08-23 22:30:00,2,300.92806811185454,300.34549986074234
2017-08-23 22:45:00,2,300.852060650269,300.25957786183835
2017-08-23 23:00:00,2,300.7782991570863,300.1743682203438
2017-08-23 23:15:00,2,300.7062718525781,300.09116694329873
2017-08-23 23:30:00,2,300.63572918566894,300.01263281699084
2017-08-23 23:45:00,2,300.56688348958966,299.93873788502407
2017-08-24 00:00:00,2,300.5001041935879,299.86834884610045
2017-08-24 00:15:00,2,300.4355991272198,299.8007434186171
2017-08-24 00:30:00,2,300.3733622669875,299.7357146102468
2017-08-24 00:45:00,2,300.31316268980913,299.6730630517659
2017-08-24 01:00:00,2,300.25465865011637,299.6123526329499
2017-08-24 01:15:00,2,300.197550632203,299.55307536066863
2017-08-24 01:30:00,2,300.14167463397285,299.4949103408285
2017-08-24 01:45:00,2,300.08696223063157,299.4377971495135
2017-08-24 02:00:00,2,300.0333667950433,299.3818309199598
2017-08-24 02:15:00,2,299.9808429092499,299.3271173250528
2017-08-24 02:30:00,2,299.9293875563006,299.2737613807015
2017-08-24 02:45:00,2,299.87915597997386,299.22194400798753
2017-08-24 03:00:00,2,299.8303630412916,299.1719046130095
2017-08-24 03:15:00,2,299.7831459982788,299.1238392748739
2017-08-24 03:30:00,2,299.7374920153906,299.07776871447027
2017-08-24 03:45:00,2,299.6931339253328,299.03343958848865
2017-08-24 04:00:00,2,299.6496883785365,298.9903432540635
2017-08-24 04:15:00,2,299.606831894043,298.9479461051057
2017-08-24 04:30:00,2,299.56438996413374,298.90596462937907
2017-08-24 04:45:00,2,299.5224427513148,298.86448326955224
2017-08-24 05:00:00,2,299.4811919066039,298.8237823815942
2017-08-24 05:15:00,2,299.4407934811222,298.78411090025867
2017-08-24 05:30:00,2,299.4013307007922,298.7455944658758
2017-08-24 05:45:00,2,299.36315340026334,298.7086215470811
2017-08-24 06:00:00,2,299.32771178738653,298.67462603895626
2017-08-24 06:15:00,2,299.2971616093096,298.6457780529314
2017-08-24 06:30:00,2,299.27408497740925,298.6250722627029
2017-08-24 06:45:00,2,299.2615915745439,298.6156828310522
2017-08-24 07:00:00,2,299.26270282974076,298.6206791550976
2017-08-24 07:15:00,2,299.2791693812977,298.6415376211177
2017-08-24 07:30:00,2,299.31213187494455,298.67822513305487
2017-08-24 07:45:00,2,299.36407940103027,298.7307256471801
2017-08-24 08:00:00,2,299.437491934253,298.7990035347189
2017-08-24 08:15:00,2,299.5330327909013,298.88092489198084
2017-08-24 08:30:00,2,299.6497954507922,298.96871764767604
2017-08-24 08:45:00,2,299.7861536766883,299.06581644235644
2017-08-24 09:00:00,2,299.94008590529694,299.17718575653555
2017-08-24 09:15:00,2,300.1090633174348,299.31215100134136
2017-08-24 09:30:00,2,300.29023832872286,299.47132207631785
2017-08-24 09:45:00,2,300.480520528231,299.6538138055089
2017-08-24 10:00:00,2,300.6766137637429,299.85439374808675
2017-08-24 10:15:00,2,300.87520135663215,300.0589686498943
2017-08-24 10:30:00,2,301.07360547463566,300.2594023095514
2017-08-24 10:45:00,2,301.27065745956054,300.4549092400746
2017-08-24 11:00:00,2,301.46605106232926,300.6473599273212
2017-08-24 11:15:00,2,301.6593153856704,300.83740783633846
2017-08-24 11:30:00,2,301.84956877439856,301.02414506840034
2017-08-24 11:45:00,2,302.0354459039011,301.20609358041384
2017-08-24 12:00:00,2,302.2154691973093,301.3821057905122
2017-08-24 12:15:00,2,302.38830494383905,301.55136373246023
2017-08-24 12:30:00,2,302.5527215303438,301.7130090917639
2017-08-24 12:45:00,2,302.70729429771524,301.8657143735082
2017-08-24 13:00:00,2,302.8506982634631,302.0080313438286
2017-08-24 13:15:00,2,302.9819769847802,302.1389582417647
2017-08-24 13:30:00,2,303.100517416249,302.2579943949749
2017-08-24 13:45:00,2,303.20580809681655,302.3648577171841
2017-08-24 14:00:00,2,303.29747916344013,302.4593077088115
2017-08-24 14:15:00,2,303.37530847253043,302.5411372381972
2017-08-24 14:30:00,2,303.4393995640147,302.61039423179653
2017-08-24 14:45:00,2,303.49040812416894,302.66755302147857
2017-08-24 15:00:00,2,303.5291621213084,302.71328123885775
2017-08-24 15:15:00,2,303.5561644611941,302.74799134270324
2017-08-24 15:30:00,2,303.571570970607,302.7716315363564
2017-08-24 15:45:00,2,303.5754975038537,302.7836968814677
2017-08-24 16:00:00,2,303.56808577755146,302.78429330062744
2017-08-24 16:15:00,2,303.54927962598487,302.77496604751633
2017-08-24 16:30:00,2,303.51892335438475,302.75632862274267
2017-08-24 16:45:00,2,303.47683395148914,302.72786314622044
2017-08-24 17:00:00,2,303.42310207753974,302.68901011889983
2017-08-24 17:15:00,2,303.3581823748708,302.63994608293854
2017-08-24 17:30:00,2,303.28359517276846,302.58187549061245
2017-08-24 17:45:00,2,303.2017272071258,302.5170076139644
2017-08-24 18:00:00,2,303.1146867512503,302.44835114165414
2017-08-24 18:15:00,2,303.02362836936305,302.37718136685083
2017-08-24 18:30:00,2,302.9290704680981,302.3032951340969
2017-08-24 18:45:00,2,302.83119608980564,302.22598537945584
2017-08-24 19:00:00,2,302.7302097274121,302.1448916418644
2017-08-24 19:15:00,2,302.62745052685216,302.0605954716574
2017-08-24 19:30:00,2,302.5247084414709,301.97429074432085
2017-08-24 19:45:00,2,302.42308268144086,301.8870675679012
2017-08-24 20:00:00,2,302.32299345662994,301.7996041540002
2017-08-24 20:15:00,2,302.22453382765565,301.71229897668803
2017-08-24 20:30:00,2,302.1276103773932,301.62554577544955
2017-08-24 20:45:00,2,302.0318991981906,301.5396768405661
2017-08-24 21:00:00,2,301.93699803301337,301.45297983414133
2017-08-24 21:15:00,2,301.8425901883359,301.36340991283305
2017-08-24 21:30:00,2,301.74868973387424,301.2703164943088
2017-08-24 21:45:00,2,301.65613140428144,301.1750071075967
2017-08-24 22:00:00,2,301.56604535006585,301.0795923926981
2017-08-24 22:15:00,2,301.4792123777598,300.98582309212674
2017-08-24 22:30:00,2,301.3959862440913,300.894674305232
2017-08-24 22:45:00,2,301.3163968141862,300.8064467790741
2017-08-24 23:00:00,2,301.2402935005744,300.72105333498837
2017-08-24 23:15:00,2,301.16745671483994,300.6382565340559
2017-08-24 23:30:00,2,301.09763883234695,300.5577415812959
2017-08-24 23:45:00,2,301.0305575324899,300.47907953360055
2017-08-25 00:00:00,2,300.96592148343575,300.40148130574306
2017-08-25 00:15:00,2,300.9034653710651,300.32758791181914
2017-08-25 00:30:00,2,300.84296911947496,300.25899437440853
2017-08-25 00:45:00,2,300.7842493152182,300.19472433856
2017-08-25 01:00:00,2,300.72708260448326,300.1330627578522
2017-08-25 01:15:00,2,300.6712099506306,300.07283938082014
2017-08-25 01:30:00,2,300.6165767219532,300.0137541458176
2017-08-25 01:45:00,2,300.56375983249296,299.95639534215985
2017-08-25 02:00:00,2,300.5136722206279,299.9019396397264
2017-08-25 02:15:00,2,300.4670575462171,299.8515950420692
2017-08-25 02:30:00,2,300.42423445626633,299.8060331304931
2017-08-25 02:45:00,2,300.38488114845677,299.7650867445764
2017-08-25 03:00:00,2,300.3483467047749,299.7279760442295
2017-08-25 03:15:00,2,300.31403853257166,299.6939279039706
2017-08-25 03:30:00,2,300.28146851107084,299.6622124465534
2017-08-25 03:45:00,2,300.2501155320826,299.6319317777961
2017-08-25 04:00:00,2,300.2194904132263,299.6024643152625
2017-08-25 04:15:00,2,300.1892377860233,299.57345331198053
2017-08-25 04:30:00,2,300.1591532034948,299.5447147377412
2017-08-25 04:45:00,2,300.12918882835754,299.5161635966373
2017-08-25 05:00:00,2,300.099355148958,299.48774769804123
2017-08-25 05:15:00,2,300.06964607624167,299.4594108011999
2017-08-25 05:30:00,2,300.0400286591254,299.431074467577
2017-08-25 05:45:00,2,300.0106924532409,299.4028534361052
2017-08-25 06:00:00,2,299.98283168108605,299.37571148191597
2017-08-25 06:15:00,2,299.95852668362227,299.35161892621323
2017-08-25 06:30:00,2,299.9403296908299,299.33350700669354
2017-08-25 06:45:00,2,299.93128705506894,299.3249445200959
2017-08-25 07:00:00,2,299.93441133877576,299.3293783201386
2017-08-25 07:15:00,2,299.9514149069755,299.34874306000506
2017-08-25 07:30:00,2,299.98325306801013,299.3827233533285
2017-08-25 07:45:00,2,300.0317348235733,299.43048877887827
2017-08-25 08:00:00,2,300.0985234230796,299.49060732670614
2017-08-25 08:15:00,2,300.1835808477352,299.5552366024108
2017-08-25 08:30:00,2,300.28558129902586,299.6270547329507
2017-08-25 08:45:00,2,300.40328653598493,299.71520783217886
2017-08-25 09:00:00,2,300.5356903582197,299.8266180900738
2017-08-25 09:15:00,2,300.6813818858783,299.96170406541154
2017-08-25 09:30:00,2,300.8384687532098,300.1231040666241
2017-08-25 09:45:00,2,301.00487217686253,300.2981598314695
2017-08-25 10:00:00,2,301.1785603574706,300.4770818111125
2017-08-25 10:15:00,2,301.35747408368997,300.6566105025864
2017-08-25 10:30:00,2,301.5394874717495,300.83650107441883
2017-08-25 10:45:00,2,301.7222784304914,301.01567930873114
2017-08-25 11:00:00,2,301.90385521629884,301.19231483160536
2017-08-25 11:15:00,2,302.0824704674891,301.3648317619156
2017-08-25 11:30:00,2,302.2558205359931,301.53131443752386
2017-08-25 11:45:00,2,302.41963314605044,301.68822392453416
2017-08-25 12:00:00,2,302.56942806175545,301.8311716947931
2017-08-25 12:15:00,2,302.70239924777525,301.9568604421927
2017-08-25 12:30:00,2,302.8181584878441,302.0648314919939
2017-08-25 12:45:00,2,302.9195001052773,302.1580719398033
2017-08-25 13:00:00,2,303.01011997125823,302.24105797402575
2017-08-25 13:15:00,2,303.09244284185525,302.3172088132923
2017-08-25 13:30:00,2,303.1673866463571,302.3877422636949
2017-08-25 13:45:00,2,303.23452203213077,302.4520174499054
2017-08-25 14:00:00,2,303.293081387507,302.5086940996146
2017-08-25 14:15:00,2,303.34219190195,302.55655648868225
2017-08-25 14:30:00,2,303.3815669603509,302.59533666632507
2017-08-25 14:45:00,2,303.41247059094036,302.62631171875506
2017-08-25 15:00:00,2,303.4365972725559,302.65149051835715
2017-08-25 15:15:00,2,303.45480803974743,302.6723299902302
2017-08-25 15:30:00,2,303.46706735188934,302.68855510218015
2017-08-25 15:45:00,2,303.47247543245527,302.6999770338276
2017-08-25 16:00:00,2,303.4698071557528,302.70542791141105
2017-08-25 16:15:00,2,303.4580145672688,302.70344248860425
2017-08-25 16:30:00,2,303.43635417280524,302.6929179019911
2017-08-25 16:45:00,2,303.40417907418686,302.67318319224665
2017-08-25 17:00:00,2,303.36108326140817,302.64372627123646
2017-08-25 17:15:00,2,303.3070988465982,302.60454863278113
2017-08-25 17:30:00,2,303.24335832552293,302.5565249983922
2017-08-25 17:45:00,2,303.17167307844863,302.5009092620838
2017-08-25 18:00:00,2,303.0935341546092,302.44019816524485
2017-08-25 18:15:00,2,303.0099192237433,302.3756240755531
2017-08-25 18:30:00,2,302.92138781124964,302.3071371019122
2017-08-25 18:45:00,2,302.8276815708591,302.23390513631034
2017-08-25 19:00:00,2,302.7283164774971,302.155147291877
2017-08-25 19:15:00,2,302.6241001405789,302.0710440480868
2017-08-25 19:30:00,2,302.5167621923128,301.98284524994943
2017-08-25 19:45:00,2,302.4082750574959,301.8927465755727
2017-08-25 20:00:00,2,302.30028694543125,301.8047112242152
2017-08-25 20:15:00,2,302.1938192289302,301.7118840280227
2017-08-25 20:30:00,2,302.08958218227934,301.6130552014292
2017-08-25 20:45:00,2,301.9885949378612,301.5118008004948
2017-08-25 21:00:00,2,301.8918935111616,301.41209146853856
2017-08-25 21:15:00,2,301.80009956187484,301.31611881429694
2017-08-25 21:30:00,2,301.7133641568879,301.2244459213508
2017-08-25 21:45:00,2,301.6313579085935,301.13680213531075
2017-08-25 22:00:00,2,301.5535410877266,301.05267338726594
2017-08-25 22:15:00,2,301.4794168622471,300.9715687842031
2017-08-25 22:30:00,2,301.4085666893895,300.89305316822634
2017-08-25 22:45:00,2,301.3405894488073,300.81666548027374
2017-08-25 23:00:00,2,301.27510465857017,300.74185204035473
2017-08-25 23:15:00,2,301.2117865082785,300.6678554234672
2017-08-25 23:30:00,2,301.1504296400336,300.59615429040787
2017-08-25 23:45:00,2,301.0910807842152,300.52910364433717
2017-08-26 00:00:00,2,301.03388470661577,300.4667138786511
2017-08-26 00:15:00,2,300.978902541425,300.407912066172
2017-08-26 00:30:00,2,300.9260530984923,300.35185417309367
2017-08-26 00:45:00,2,300.875042131135,300.2980364627459
2017-08-26 01:00:00,2,300.82546797633256,300.2459652447241
2017-08-26 01:15:00,2,300.77699668832827,300.1950805648929
2017-08-26 01:30:00,2,300.72949499991955,300.1450055443995
2017-08-26 01:45:00,2,300.6830550314923,300.0957610730492
2017-08-26 02:00:00,2,300.63783512275023,300.0476732100963
2017-08-26 02:15:00,2,300.59394190512296,300.0011063506653
2017-08-26 02:30:00,2,300.55137630340994,299.9562287725124
2017-08-26 02:45:00,2,300.5099730657809,299.91293845406733
2017-08-26 03:00:00,2,300.46949417105594,299.8709656005854
2017-08-26 03:15:00,2,300.429736073773,299.830029648441
2017-08-26 03:30:00,2,300.39059809977346,299.7899846622138
2017-08-26 03:45:00,2,300.3521873580738,299.7508812298431
2017-08-26 04:00:00,2,300.3147069992639,299.7128823000097
2017-08-26 04:15:00,2,300.27831022306844,299.676185105163
2017-08-26 04:30:00,2,300.2431030554483,299.6410731335668
2017-08-26 04:45:00,2,300.2092526817942,299.60771453893625
2017-08-26 05:00:00,2,300.17697612801396,299.57627100876994
2017-08-26 05:15:00,2,300.14644438705716,299.54697020983997
2017-08-26 05:30:00,2,300.11767360816776,299.5199126145032
2017-08-26 05:45:00,2,300.0906391244764,299.49509446363714
2017-08-26 06:00:00,2,300.06620615501316,299.47300103044336
2017-08-26 06:15:00,2,300.0460842984939,299.45488428526005
2017-08-26 06:30:00,2,300.0325524780699,299.4431600188574
2017-08-26 06:45:00,2,300.02851237843305,299.4411355389784
2017-08-26 07:00:00,2,300.0365769502558,299.4516718970981
2017-08-26 07:15:00,2,300.0579926209883,299.47574273656306
2017-08-26 07:30:00,2,300.09334965189464,299.51296341743483
2017-08-26 07:45:00,2,300.1444422993545,299.5630014327212
2017-08-26 08:00:00,2,300.2135477913617,299.62536754759896
2017-08-26 08:15:00,2,300.3018051677981,299.6948858797397
2017-08-26 08:30:00,2,300.4090776101439,299.77123214588585
2017-08-26 08:45:00,2,300.53412618890667,299.86154237363945
2017-08-26 09:00:00,2,300.6745344817721,299.97487351023284
2017-08-26 09:15:00,2,300.82695654932166,300.11160225436777
2017-08-26 09:30:00,2,300.9881404145788,300.27427059844194
2017-08-26 09:45:00,2,301.1560967952988,300.44844738519066
2017-08-26 10:00:00,2,301.32958258545085,300.62473459360467
2017-08-26 10:15:00,2,301.50703605172106,300.800973487183
2017-08-26 10:30:00,2,301.68640125753456,300.9772743741103
2017-08-26 10:45:00,2,301.8643380926289,301.1519472546866
2017-08-26 11:00:00,2,302.03715567106843,301.3214029515624
2017-08-26 11:15:00,2,302.20199057969023,301.4821424800973
2017-08-26 11:30:00,2,302.3571542471868,301.6322050368756
2017-08-26 11:45:00,2,302.5021215407536,301.77120316802086
2017-08-26 12:00:00,2,302.63692498174925,301.8994881049472
2017-08-26 12:15:00,2,302.76152799386995,302.0173505894031
2017-08-26 12:30:00,2,302.8759705752809,302.1250672385752
2017-08-26 12:45:00,2,302.9808805005519,302.223364037438
2017-08-26 13:00:00,2,303.07704831927254,302.31327061091
2017-08-26 13:15:00,2,303.16487708224986,302.3955771791756
2017-08-26 13:30:00,2,303.2446415212515,302.470825046337
2017-08-26 13:45:00,2,303.3170534665198,302.53976633371036
2017-08-26 14:00:00,2,303.38284966971867,302.603260085243
2017-08-26 14:15:00,2,303.44221302280766,302.6617432627933
2017-08-26 14:30:00,2,303.4945973013604,302.7146498682034
2017-08-26 14:45:00,2,303.53832524030537,302.76013393282824
2017-08-26 15:00:00,2,303.57154945310407,302.79588431729155
2017-08-26 15:15:00,2,303.5930567071271,302.820127224372
2017-08-26 15:30:00,2,303.6022503926715,302.831817463821
2017-08-26 15:45:00,2,303.5990809208134,302.83071501397296
2017-08-26 16:00:00,2,303.58379458856837,302.8189390902195
2017-08-26 16:15:00,2,303.5565341714749,302.79758662954407
2017-08-26 16:30:00,2,303.51748257347145,302.76673992738796
2017-08-26 16:45:00,2,303.4670868266086,302.7264435636624
2017-08-26 17:00:00,2,303.40602245465885,302.67711428174533
2017-08-26 17:15:00,2,303.33497920247714,302.61944272410096
2017-08-26 17:30:00,2,303.25534312875635,302.5544124214487
2017-08-26 17:45:00,2,303.1691415918653,302.4847246004211
2017-08-26 18:00:00,2,303.07802691397666,302.41210716395204
2017-08-26 18:15:00,2,302.98270895815995,302.3369316616037
2017-08-26 18:30:00,2,302.88360685910436,302.25899959577526
2017-08-26 18:45:00,2,302.7811327815156,302.17817619071866
2017-08-26 19:00:00,2,302.67574039293277,302.09475085530715
2017-08-26 19:15:00,2,302.5688402601841,302.0098461878065
2017-08-26 19:30:00,2,302.4622313210315,301.9258588923735
2017-08-26 19:45:00,2,302.35718829218445,301.8419740855799
2017-08-26 20:00:00,2,302.2543864544547,301.75149390157856
2017-08-26 20:15:00,2,302.1541026400207,301.65582465436023
2017-08-26 20:30:00,2,302.05649665720733,301.55883747400935
2017-08-26 20:45:00,2,301.96196209320794,301.4631297465041
2017-08-26 21:00:00,2,301.87096160700753,301.36968252243724
2017-08-26 21:15:00,2,301.7837627068493,301.27875773504456
2017-08-26 21:30:00,2,301.700410301003,301.1904643379798
2017-08-26 21:45:00,2,301.6207694377465,301.104841586135
2017-08-26 22:00:00,2,301.54460746406187,301.02179090751775
2017-08-26 22:15:00,2,301.47166899003014,300.94106279528603
2017-08-26 22:30:00,2,301.40177358828225,300.8623690394383
2017-08-26 22:45:00,2,301.334972728611,300.7853959651709
2017-08-26 23:00:00,2,301.27140160314707,300.7119080616973
2017-08-26 23:15:00,2,301.21109680870677,300.6446536281648
2017-08-26 23:30:00,2,301.1539151763975,300.5834422193223
2017-08-26 23:45:00,2,301.09942570750974,300.52655980522223
2017-08-27 00:00:00,2,301.0470958669405,300.4725004688605
2017-08-27 00:15:00,2,300.99649084553647,300.42048111829524
2017-08-27 00:30:00,2,300.94725625714733,300.3701331882993
2017-08-27 00:45:00,2,300.8989843915904,300.32108195168377
2017-08-27 01:00:00,2,300.8512570793182,300.2728278141788
2017-08-27 01:15:00,2,300.80374144777625,300.2248670921397
2017-08-27 01:30:00,2,300.7562335420567,300.17685531542963
2017-08-27 01:45:00,2,300.7087246042345,300.1287095145874
2017-08-27 02:00:00,2,300.6613132667154,300.0805527113942
2017-08-27 02:15:00,2,300.6140857295823,300.0325620707224
2017-08-27 02:30:00,2,300.56716252586114,299.98494477312084
2017-08-27 02:45:00,2,300.52088913946596,299.93806270277406
2017-08-27 03:00:00,2,300.47569057217123,299.89240709276163
2017-08-27 03:15:00,2,300.4318629615958,299.8484143924962
2017-08-27 03:30:00,2,300.3895457599667,299.8063449881903
2017-08-27 03:45:00,2,300.3487567115795,299.76618553580744
2017-08-27 04:00:00,2,300.30944550473333,299.72784522237777
2017-08-27 04:15:00,2,300.27153425716324,299.6912262229778
2017-08-27 04:30:00,2,300.2349652520838,299.65622303343497
2017-08-27 04:45:00,2,300.19979192854464,299.622859406527
2017-08-27 05:00:00,2,300.16613686879504,299.5910611529902
2017-08-27 05:15:00,2,300.1340979692825,299.5607421044986
2017-08-27 05:30:00,2,300.10386763228973,299.531880029236
2017-08-27 05:45:00,2,300.0763489148667,299.50523289884103
2017-08-27 06:00:00,2,300.05355917706424,299.48267022241225
2017-08-27 06:15:00,2,300.0377749854344,299.4666392154648
2017-08-27 06:30:00,2,300.03059613913155,299.4589751240662
2017-08-27 06:45:00,2,300.0323752034546,299.460074792693
2017-08-27 07:00:00,2,300.04281076015303,299.469434724715
2017-08-27 07:15:00,2,300.0619012244832,299.4865374161814
2017-08-27 07:30:00,2,300.09075987646054,299.511877876313
2017-08-27 07:45:00,2,300.1325605814377,299.54738840808136
2017-08-27 08:00:00,2,300.19071120021067,299.59495255353613
2017-08-27 08:15:00,2,300.2664354700039,299.65369889458333
2017-08-27 08:30:00,2,300.3592469235793,299.7189187583395
2017-08-27 08:45:00,2,300.4683201536029,299.7945882546994
2017-08-27 09:00:00,2,300.5925511460374,299.88055609321333
2017-08-27 09:15:00,2,300.7299735818296,299.9861267088057
2017-08-27 09:30:00,2,300.8779312920461,300.11338446068964
2017-08-27 09:45:00,2,301.03332132259885,300.2603673846736
2017-08-27 10:00:00,2,301.1930163295953,300.4237610815308
2017-08-27 10:15:00,2,301.35418295966764,300.5902666359586
2017-08-27 10:30:00,2,301.5148194863605,300.75221934127774
2017-08-27 10:45:00,2,301.67458487045013,300.9089025623113
2017-08-27 11:00:00,2,301.83389367842966,301.0629261073217
2017-08-27 11:15:00,2,301.9926958235803,301.2162344698141
2017-08-27 11:30:00,2,302.1503206451783,301.368761587528
2017-08-27 11:45:00,2,302.30554349626874,301.5191061997616
2017-08-27 12:00:00,2,302.4569304649373,301.66561214428725
2017-08-27 12:15:00,2,302.6030865493878,301.8069211340483
2017-08-27 12:30:00,2,302.7429482890712,301.9421716555635
2017-08-27 12:45:00,2,302.8761437756677,302.07103440368815
2017-08-27 13:00:00,2,303.00268547946956,302.19347405822725
2017-08-27 13:15:00,2,303.12244759007945,302.309398736002
2017-08-27 13:30:00,2,303.2350115178562,302.41843441280224
2017-08-27 13:45:00,2,303.33946588476476,302.5199236979979
2017-08-27 14:00:00,2,303.43472431398965,302.6131172330709
2017-08-27 14:15:00,2,303.51981638450684,302.69734192919987
2017-08-27 14:30:00,2,303.5937288482904,302.77171428110586
2017-08-27 14:45:00,2,303.654770125203,302.8346931540315
2017-08-27 15:00:00,2,303.7012682499499,302.8844763033796
2017-08-27 15:15:00,2,303.73222409251116,302.9197373626606
2017-08-27 15:30:00,2,303.7475652177234,302.94012900547244
2017-08-27 15:45:00,2,303.74827892465635,302.94619445676085
2017-08-27 16:00:00,2,303.7356027481711,302.93874394958453
2017-08-27 16:15:00,2,303.71025353985993,302.920320078388
2017-08-27 16:30:00,2,303.6725925535942,302.8921025502027
2017-08-27 16:45:00,2,303.6228141390333,302.8544222968641
2017-08-27 17:00:00,2,303.56104457940586,302.80691384956924
2017-08-27 17:15:00,2,303.4876838200887,302.74950328252817
2017-08-27 17:30:00,2,303.40421664116593,302.68306850763037
2017-08-27 17:45:00,2,303.312951631297,302.60974481981197
2017-08-27 18:00:00,2,303.2159049311786,302.5323248527772
2017-08-27 18:15:00,2,303.11417455964505,302.45203994764336
2017-08-27 18:30:00,2,303.00835671200525,302.3688962091566
2017-08-27 18:45:00,2,302.89904792533576,302.28271083994673
2017-08-27 19:00:00,2,302.78696086008694,302.1938077034771
2017-08-27 19:15:00,2,302.6737080675271,302.1033211517972
2017-08-27 19:30:00,2,302.5612141577139,302.0140591896159
2017-08-27 19:45:00,2,302.4508405531206,301.92471334835847
2017-08-27 20:00:00,2,302.3433228109936,301.83102075183996
2017-08-27 20:15:00,2,302.23896813875024,301.7331643905755
2017-08-27 20:30:00,2,302.13784600157163,301.63397409039226
2017-08-27 20:45:00,2,302.0399252973465,301.53573284266304
2017-08-27 21:00:00,2,301.9451169820009,301.43922796978046
2017-08-27 21:15:00,2,301.85328417239595,301.3443570473099
2017-08-27 21:30:00,2,301.76433123475397,301.25091947866116
2017-08-27 21:45:00,2,301.67837496963733,301.1589959599064
2017-08-27 22:00:00,2,301.59559101300346,301.06885738568803
2017-08-27 22:15:00,2,301.516034506024,300.98067991551835
2017-08-27 22:30:00,2,301.43964974427547,300.8944021635401
2017-08-27 22:45:00,2,301.3663262071819,300.8095084473288
2017-08-27 23:00:00,2,301.2958789491657,300.7282723507855
2017-08-27 23:15:00,2,301.22805072853487,300.6529436032168
2017-08-27 23:30:00,2,301.1625641691451,300.5827058662929
2017-08-27 23:45:00,2,301.09921360398965,300.51577408264154
2017-08-28 00:00:00,2,301.03787948428993,300.45113276550893
2017-08-28 00:15:00,2,300.9784699668212,300.38863443018573
2017-08-28 00:30:00,2,300.9209459231576,300.32846833855194
2017-08-28 00:45:00,2,300.86545253357605,300.27087274575183
2017-08-28 01:00:00,2,300.8121987180163,300.21605583487195
2017-08-28 01:15:00,2,300.7612955706194,300.1641384680433
2017-08-28 01:30:00,2,300.71266086989425,300.11502514845984
2017-08-28 01:45:00,2,300.6658690619946,300.0682653985071
2017-08-28 02:00:00,2,300.62035276841254,300.0231607474892
2017-08-28 02:15:00,2,300.5756508530271,299.97903418900006
2017-08-28 02:30:00,2,300.53150773397044,299.93550339714284
2017-08-28 02:45:00,2,300.4879722064999,299.8924554380797
2017-08-28 03:00:00,2,300.4452350403269,299.85012342366093
2017-08-28 03:15:00,2,300.40343783809976,299.80884707161965
2017-08-28 03:30:00,2,300.3625539672605,299.76868476850206
2017-08-28 03:45:00,2,300.32221384298936,299.72919093172334
2017-08-28 04:00:00,2,300.28190274111466,299.68964152577814
2017-08-28 04:15:00,2,300.241229618397,299.6494337232236
2017-08-28 04:30:00,2,300.20020890396034,299.608454634285
2017-08-28 04:45:00,2,300.15977415465136,299.56757120076463
2017-08-28 05:00:00,2,300.1212938939306,299.5283367290728
2017-08-28 05:15:00,2,300.08585000516564,299.4923588680863
2017-08-28 05:30:00,2,300.05406044870244,299.46049432814385
2017-08-28 05:45:00,2,300.02638841790224,299.4331531294134
2017-08-28 06:00:00,2,300.00391514503394,299.41111717278704
2017-08-28 06:15:00,2,299.9879605467154,299.39563000114066
2017-08-28 06:30:00,2,299.9794463713334,299.3873722221747
2017-08-28 06:45:00,2,299.978864610846,299.3866602124382
2017-08-28 07:00:00,2,299.98656240208874,299.3936843631399
2017-08-28 07:15:00,2,300.00338422052056,299.40895852187924
2017-08-28 07:30:00,2,300.0310717252647,299.43364914191994
2017-08-28 07:45:00,2,300.0720705347614,299.4693305025292
2017-08-28 08:00:00,2,300.1285845700751,299.51691775806773
2017-08-28 08:15:00,2,300.20080541435186,299.57525021878524
2017-08-28 08:30:00,2,300.28760198133546,299.63749639983394
2017-08-28 08:45:00,2,300.38823431123024,299.70787114838083
2017-08-28 09:00:00,2,300.5022396397835,299.78783851696255
2017-08-28 09:15:00,2,300.62811090176587,299.87958426645486
2017-08-28 09:30:00,2,300.76373043682077,299.9874916347924
2017-08-28 09:45:00,2,300.9076094099477,300.1125462287706
2017-08-28 10:00:00,2,301.05869907460215,300.25596020222105
2017-08-28 10:15:00,2,301.2155854968477,300.41567417278316
2017-08-28 10:30:00,2,301.37601438983256,300.58067833318756
2017-08-28 10:45:00,2,301.53663797375856,300.74223800482434
2017-08-28 11:00:00,2,301.6939778916749,300.8967505982842
2017-08-28 11:15:00,2,301.84529132550034,301.04325794143455
2017-08-28 11:30:00,2,301.9890691245632,301.1815949450741
2017-08-28 11:45:00,2,302.12556022825936,301.3123571889332
2017-08-28 12:00:00,2,302.2556933141282,301.4366931114971
2017-08-28 12:15:00,2,302.3798871974205,301.5555073995491
2017-08-28 12:30:00,2,302.4979430681596,301.66887710500475
2017-08-28 12:45:00,2,302.6091625227504,301.77609995001205
2017-08-28 13:00:00,2,302.7127187136835,301.8762055756377
2017-08-28 13:15:00,2,302.80786763289706,301.96841040375557
2017-08-28 13:30:00,2,302.8942650620291,302.0525029473423
2017-08-28 13:45:00,2,302.9723992957268,302.12906321504147
2017-08-28 14:00:00,2,303.0430256876315,302.19901397058015
2017-08-28 14:15:00,2,303.10652288596265,302.2630168356362
2017-08-28 14:30:00,2,303.1629830603291,302.32119863547115
2017-08-28 14:45:00,2,303.21195139213694,302.37308615350133
2017-08-28 15:00:00,2,303.2526619306334,302.4178347545711
2017-08-28 15:15:00,2,303.2842829673921,302.45452520956707
2017-08-28 15:30:00,2,303.3059938231131,302.48220309618074
2017-08-28 15:45:00,2,303.31676006298045,302.4996426146559
2017-08-28 16:00:00,2,303.3155466491687,302.50487319126347
2017-08-28 16:15:00,2,303.30155322393887,302.4987917764636
2017-08-28 16:30:00,2,303.27436744600703,302.4814889742494
2017-08-28 16:45:00,2,303.23390641311846,302.45232065210257
2017-08-28 17:00:00,2,303.1803637950889,302.41169528550876
2017-08-28 17:15:00,2,303.1141505047218,302.36037352849837
2017-08-28 17:30:00,2,303.0365781941957,302.2994503589901
2017-08-28 17:45:00,2,302.9497258693396,302.23001425145424
2017-08-28 18:00:00,2,302.85569190783804,302.1552178461957
2017-08-28 18:15:00,2,302.7560364559589,302.0768747886959
2017-08-28 18:30:00,2,302.65191777924906,301.9956135541672
2017-08-28 18:45:00,2,302.5442762851777,301.91183749407264
2017-08-28 19:00:00,2,302.4340188218284,301.82686871063447
2017-08-28 19:15:00,2,302.32287724949845,301.7405449420463
2017-08-28 19:30:00,2,302.2127857988801,301.65241894166473
2017-08-28 19:45:00,2,302.1049344188699,301.5589020084775
2017-08-28 20:00:00,2,301.99980961286883,301.46065661298036
2017-08-28 20:15:00,2,301.89752455788863,301.3606863318058
2017-08-28 20:30:00,2,301.79803193296436,301.26121593993145
2017-08-28 20:45:00,2,301.70123340454217,301.1629101706611
2017-08-28 21:00:00,2,301.6069966759067,301.06556803069856
2017-08-28 21:15:00,2,301.5151578159383,300.96883537953016
2017-08-28 21:30:00,2,301.4256199675445,300.8725363132729
2017-08-28 21:45:00,2,301.3385197906108,300.77666168859463
2017-08-28 22:00:00,2,301.25398865442435,300.68101168469
2017-08-28 22:15:00,2,301.17196689136006,300.5859350162478
2017-08-28 22:30:00,2,301.09240836716884,300.49639899580274
2017-08-28 22:45:00,2,301.0156651924675,300.4131919490066
2017-08-28 23:00:00,2,300.9423219088454,300.3351163823382
2017-08-28 23:15:00,2,300.8728451109558,300.26154650694434
2017-08-28 23:30:00,2,300.80738790740156,300.19262420480203
2017-08-28 23:45:00,2,300.745600091153,300.1282911599011
2017-08-29 00:00:00,2,300.6868565774407,300.06786798293643
2017-08-29 00:15:00,2,300.63058742577,300.0104090445298
2017-08-29 00:30:00,2,300.57639003426044,299.95518193021854
2017-08-29 00:45:00,2,300.52405164939296,299.90189462864765
2017-08-29 01:00:00,2,300.4735170701048,299.8506392025541
2017-08-29 01:15:00,2,300.4247847986051,299.80166347677834
2017-08-29 01:30:00,2,300.3777944481543,299.75510773383286
2017-08-29 01:45:00,2,300.33232258661957,299.71083395749145
2017-08-29 02:00:00,2,300.28805657070126,299.668393797198
2017-08-29 02:15:00,2,300.2447158693091,299.6272118471122
2017-08-29 02:30:00,2,300.2021068734249,299.58692916935496
2017-08-29 02:45:00,2,300.1601470554221,299.54722537734324
2017-08-29 03:00:00,2,300.11878776061894,299.5079291458712
2017-08-29 03:15:00,2,300.0779693503859,299.4689341932589
2017-08-29 03:30:00,2,300.03794077448504,299.4305355761458
2017-08-29 03:45:00,2,300.0000156449295,299.3941334890786
2017-08-29 04:00:00,2,299.96578993383866,299.36188768946033
2017-08-29 04:15:00,2,299.93604979093135,299.3351174433595
2017-08-29 04:30:00,2,299.9105766140811,299.3135408914928
2017-08-29 04:45:00,2,299.88823796861953,299.2955963140208
2017-08-29 05:00:00,2,299.86768681766057,299.2789037801258
2017-08-29 05:15:00,2,299.84789909981805,299.26174580103583
2017-08-29 05:30:00,2,299.8282464566348,299.2432928193712
2017-08-29 05:45:00,2,299.8083562690485,299.2234069660308
2017-08-29 06:00:00,2,299.7883787308541,299.20268445888644
2017-08-29 06:15:00,2,299.7694607321845,299.1826058718461
2017-08-29 06:30:00,2,299.7533977321103,299.1653643789731
2017-08-29 06:45:00,2,299.7423281715153,299.15341567280495
2017-08-29 07:00:00,2,299.7383002736321,299.14895259965056
2017-08-29 07:15:00,2,299.7433503185875,299.1537896322451
2017-08-29 07:30:00,2,299.7599868791462,299.1698486814002
2017-08-29 07:45:00,2,299.79206491656674,299.1997492137632
2017-08-29 08:00:00,2,299.84331961292537,299.2457541375848
2017-08-29 08:15:00,2,299.91481798468334,299.3077345116998
2017-08-29 08:30:00,2,300.005647270772,299.3820386228455
2017-08-29 08:45:00,2,300.11495757160304,299.4610416908843
2017-08-29 09:00:00,2,300.24209822797485,299.5495415645719
2017-08-29 09:15:00,2,300.3858516745274,299.66168740532044
2017-08-29 09:30:00,2,300.54465812879624,299.8014174036223
2017-08-29 09:45:00,2,300.7175353766917,299.96698675663646
2017-08-29 10:00:00,2,300.9038543373328,300.16166916825966
2017-08-29 10:15:00,2,301.10251678090333,300.37141032593047
2017-08-29 10:30:00,2,301.31096831952937,300.584759054412
2017-08-29 10:45:00,2,301.52308080208576,300.79600213266724
2017-08-29 11:00:00,2,301.7310882101036,301.0012928567173
2017-08-29 11:15:00,2,301.9290177979283,301.19669094044536
2017-08-29 11:30:00,2,302.1133269225319,301.3789610715259
2017-08-29 11:45:00,2,302.2832871078052,301.5469473200263
2017-08-29 12:00:00,2,302.43978546302077,301.7015140963471
2017-08-29 12:15:00,2,302.5832792216931,301.8436881376873
2017-08-29 12:30:00,2,302.71356268575545,301.97351332091665
2017-08-29 12:45:00,2,302.8301239876527,302.09026544476296
2017-08-29 13:00:00,2,302.9327362560948,302.1933777252842
2017-08-29 13:15:00,2,303.0218096886982,302.28302426585003
2017-08-29 13:30:00,2,303.0979768563238,302.35978058681843
2017-08-29 13:45:00,2,303.161525408166,302.42396744604895
2017-08-29 14:00:00,2,303.21240032895133,302.4754221954743
2017-08-29 14:15:00,2,303.25013835570957,302.51363463983535
2017-08-29 14:30:00,2,303.2745063859958,302.53839797087386
2017-08-29 14:45:00,2,303.2863425905201,302.5503940671286
2017-08-29 15:00:00,2,303.28709102212866,302.5512107854351
2017-08-29 15:15:00,2,303.278339872187,302.5425421224866
2017-08-29 15:30:00,2,303.2614759104677,302.5272781200814
2017-08-29 15:45:00,2,303.23770633689173,302.5072569149258
2017-08-29 16:00:00,2,303.2077429790777,302.4829567279993
2017-08-29 16:15:00,2,303.1715445176271,302.4540479234754
2017-08-29 16:30:00,2,303.1287867672498,302.42004095199786
2017-08-29 16:45:00,2,303.0793947018319,302.38070448317745
2017-08-29 17:00:00,2,303.02338592016326,302.33598367814244
2017-08-29 17:15:00,2,302.9606198600432,302.2858189730646
2017-08-29 17:30:00,2,302.8915203390676,302.2306144167906
2017-08-29 17:45:00,2,302.8171575207259,302.1716724317068
2017-08-29 18:00:00,2,302.73857353936324,302.10994214853787
2017-08-29 18:15:00,2,302.6564358620066,302.04570782870945
2017-08-29 18:30:00,2,302.57113838943206,301.97882801126553
2017-08-29 18:45:00,2,302.48289705910025,301.90903626944055
2017-08-29 19:00:00,2,302.39206138650144,301.83636592496396
2017-08-29 19:15:00,2,302.3000701222333,301.76161234773883
2017-08-29 19:30:00,2,302.2088172249611,301.68615284747057
2017-08-29 19:45:00,2,302.11959466187403,301.61144693992316
2017-08-29 20:00:00,2,302.0330270643927,301.5379339265513
2017-08-29 20:15:00,2,301.94934579249997,301.46374350821895
2017-08-29 20:30:00,2,301.8685881110145,301.38815265215516
2017-08-29 20:45:00,2,301.79072770304856,301.31209852381056
2017-08-29 21:00:00,2,301.71570795025747,301.23695909370673
2017-08-29 21:15:00,2,301.64341593022795,301.1635882461394
2017-08-29 21:30:00,2,301.57365788011157,301.092162138723
2017-08-29 21:45:00,2,301.5061280704692,301.0224145012251
2017-08-29 22:00:00,2,301.44048248761374,300.9539107869801
2017-08-29 22:15:00,2,301.3764238990637,300.8862253528073
2017-08-29 22:30:00,2,301.3137589837908,300.8190614188873
2017-08-29 22:45:00,2,301.252466674657,300.7522881863312
2017-08-29 23:00:00,2,301.19257734143946,300.68585926143817
2017-08-29 23:15:00,2,301.13406664348076,300.6196659723795
2017-08-29 23:30:00,2,301.0769474313588,300.5533959088316
2017-08-29 23:45:00,2,301.02150405008524,300.4892906135978
2017-08-30 00:00:00,2,300.9681185197142,300.4296458783982
2017-08-30 00:15:00,2,300.91702976554666,300.37456339697263
2017-08-30 00:30:00,2,300.86827244428497,300.3230961732592
2017-08-30 00:45:00,2,300.8216323471998,300.2743349161625
2017-08-30 01:00:00,2,300.77676889840666,300.2276685526435
2017-08-30 01:15:00,2,300.7333595520588,300.18266473781284
2017-08-30 01:30:00,2,300.6910779833944,300.1388879471251
2017-08-30 01:45:00,2,300.6494508011681,300.0957863857535
2017-08-30 02:00:00,2,300.60798511294183,300.0527618485214
2017-08-30 02:15:00,2,300.56634894347053,300.0093644417184
2017-08-30 02:30:00,2,300.5244899438764,299.9655100454739
2017-08-30 02:45:00,2,300.4827526596787,299.92158203492465
2017-08-30 03:00:00,2,300.4416317284266,299.87824600084497
2017-08-30 03:15:00,2,300.4015110679359,299.83612753827373
2017-08-30 03:30:00,2,300.36260670853113,299.79562019302807
2017-08-30 03:45:00,2,300.3250102305383,299.75694435104054
2017-08-30 04:00:00,2,300.2887874549446,299.72022560432345
2017-08-30 04:15:00,2,300.25398170445203,299.685721863887
2017-08-30 04:30:00,2,300.22052363302225,299.6534424312289
2017-08-30 04:45:00,2,300.1880838711893,299.6229311147573
2017-08-30 05:00:00,2,300.15618465400047,299.59336464888895
2017-08-30 05:15:00,2,300.1244200059832,299.56388343083023
2017-08-30 05:30:00,2,300.09264652938487,299.53391498542715
2017-08-30 05:45:00,2,300.06146198860296,299.50397952586815
2017-08-30 06:00:00,2,300.0326830265348,299.47604818578264
2017-08-30 06:15:00,2,300.00877795619675,299.45299573233217
2017-08-30 06:30:00,2,299.99208180248183,299.4375995301722
2017-08-30 06:45:00,2,299.98466013124835,299.4321751365706
2017-08-30 07:00:00,2,299.9882565301465,299.43848273873823
2017-08-30 07:15:00,2,300.00373284533,299.45675384252775
2017-08-30 07:30:00,2,300.0314527881557,299.4864532051034
2017-08-30 07:45:00,2,300.0718186240318,299.5265279951742
2017-08-30 08:00:00,2,300.1243324792004,299.57510132826116
2017-08-30 08:15:00,2,300.1867815968138,299.62898239486424
2017-08-30 08:30:00,2,300.2560535710505,299.6825317603187
2017-08-30 08:45:00,2,300.33028876837017,299.7368541879699
2017-08-30 09:00:00,2,300.41047943831154,299.7953961858336
2017-08-30 09:15:00,2,300.50254844728477,299.8681510289818
2017-08-30 09:30:00,2,300.61437086582555,299.9638857896237
2017-08-30 09:45:00,2,300.751574141571,300.0896427270985
2017-08-30 10:00:00,2,300.91546992583994,300.2530059834093
2017-08-30 10:15:00,2,301.1011530202796,300.4427658557404
2017-08-30 10:30:00,2,301.30025894487443,300.6430476566371
2017-08-30 10:45:00,2,301.50359244411254,300.84183832981324
2017-08-30 11:00:00,2,301.7029400900334,301.03314497305234
2017-08-30 11:15:00,2,301.8923993003742,301.2140369827245
2017-08-30 11:30:00,2,302.0689257529748,301.38273784591865
2017-08-30 11:45:00,2,302.2326315690157,301.53921282971453
2017-08-30 12:00:00,2,302.3849743878277,301.68476106436106
2017-08-30 12:15:00,2,302.5269743615566,301.82064893665694
2017-08-30 12:30:00,2,302.65902742390745,301.9473797742861
2017-08-30 12:45:00,2,302.7812001783943,302.06490345351574
2017-08-30 13:00:00,2,302.89342486739935,302.17303996349176
2017-08-30 13:15:00,2,302.9955246736438,302.2716514162411
2017-08-30 13:30:00,2,303.0872886859047,302.360608973163
2017-08-30 13:45:00,2,303.1684345317785,302.4396845237302
2017-08-30 14:00:00,2,303.2386767990451,302.50856941463866
2017-08-30 14:15:00,2,303.29768084766494,302.5669433083466
2017-08-30 14:30:00,2,303.3451993012149,302.6145704042526
2017-08-30 14:45:00,2,303.3811652640366,302.6513474418846
2017-08-30 15:00:00,2,303.40559854272107,302.6772098861801
2017-08-30 15:15:00,2,303.4183683877444,302.6919548722513
2017-08-30 15:30:00,2,303.41958597642815,302.6954158505431
2017-08-30 15:45:00,2,303.4103108028307,302.68866249596135
2017-08-30 16:00:00,2,303.39181648955383,302.6743357436637
2017-08-30 16:15:00,2,303.3646269433622,302.6541281895023
2017-08-30 16:30:00,2,303.32871314113765,302.6279495614664
2017-08-30 16:45:00,2,303.2838494995742,302.5949165187701
2017-08-30 17:00:00,2,303.2298387879133,302.5542516696213
2017-08-30 17:15:00,2,303.1665052299154,302.5055888109075
2017-08-30 17:30:00,2,303.09439604852463,302.4491473800239
2017-08-30 17:45:00,2,303.01512221337964,302.386615598621
2017-08-30 18:00:00,2,302.9304332538803,302.32006682544386
2017-08-30 18:15:00,2,302.84155150485367,302.2505703671541
2017-08-30 18:30:00,2,302.7492925951598,302.1783344761509
2017-08-30 18:45:00,2,302.6541574292684,302.1032403658882
2017-08-30 19:00:00,2,302.55664386657236,302.02539212366867
2017-08-30 19:15:00,2,302.4581394900185,301.945564019073
2017-08-30 19:30:00,2,302.360356342426,301.865024186082
2017-08-30 19:45:00,2,302.26442624518535,301.78517187797866
2017-08-30 20:00:00,2,302.17089316781005,301.7063081263178
2017-08-30 20:15:00,2,302.0799658830872,301.62615753654615
2017-08-30 20:30:00,2,301.99180644851776,301.54369471142775
2017-08-30 20:45:00,2,301.906905936535,301.4604716191852
2017-08-30 21:00:00,2,301.8258516727952,301.3787146497456
2017-08-30 21:15:00,2,301.7489953126778,301.29991915237446
2017-08-30 21:30:00,2,301.67631506355355,301.2245756549279
2017-08-30 21:45:00,2,301.60723612403103,301.1524044636308
2017-08-30 22:00:00,2,301.5409407271162,301.082723339272
2017-08-30 22:15:00,2,301.476713569803,301.01476120040365
2017-08-30 22:30:00,2,301.4140595870988,300.9478590482215
2017-08-30 22:45:00,2,301.3527762840628,300.88157809264925
2017-08-30 23:00:00,2,301.2927794978096,300.81564411294136
2017-08-30 23:15:00,2,301.23395927506425,300.74979046405895
2017-08-30 23:30:00,2,301.1761579106747,300.68353798409015
2017-08-30 23:45:00,2,301.1191376905201,300.61780775551466
2017-08-31 00:00:00,2,301.0625932355856,300.55451832935734
2017-08-31 00:15:00,2,301.0062254117148,300.4932788091922
2017-08-31 00:30:00,2,300.9500282250932,300.4328540463842
2017-08-31 00:45:00,2,300.89479739664154,300.37310343932074
2017-08-31 01:00:00,2,300.84173450731663,300.31528458471905
2017-08-31 01:15:00,2,300.7918180677725,300.26108166434
2017-08-31 01:30:00,2,300.7455114290383,300.2115532060969
2017-08-31 01:45:00,2,300.7025391760754,300.16668667968986
2017-08-31 02:00:00,2,300.6622446117458,300.12571312742983
2017-08-31 02:15:00,2,300.6240139614781,300.08769454978864
2017-08-31 02:30:00,2,300.58736396570396,300.0518624887562
2017-08-31 02:45:00,2,300.5518819238184,300.017635798098
2017-08-31 03:00:00,2,300.51722468599957,299.98469262285056
2017-08-31 03:15:00,2,300.48313886167836,299.952537978172
2017-08-31 03:30:00,2,300.4494352219231,299.92074245996434
2017-08-31 03:45:00,2,300.4159408935984,299.8890364003795
2017-08-31 04:00:00,2,300.382509974125,299.85725291856056
2017-08-31 04:15:00,2,300.3490406421943,299.82527893689075
2017-08-31 04:30:00,2,300.3154370909753,299.7929111738142
2017-08-31 04:45:00,2,300.2815118768478,299.7600277512786
2017-08-31 05:00:00,2,300.2470200945103,299.7265243798159
2017-08-31 05:15:00,2,300.2117574094631,299.6922278549116
2017-08-31 05:30:00,2,300.1757782013931,299.65715517157753
2017-08-31 05:45:00,2,300.13997092529996,299.62202442873195
2017-08-31 06:00:00,2,300.1061598481978,299.5886682367231
2017-08-31 06:15:00,2,300.0767879076798,299.55956053313537
2017-08-31 06:30:00,2,300.0542535492751,299.53720879615696
2017-08-31 06:45:00,2,300.04058866127406,299.52369252602574
2017-08-31 07:00:00,2,300.0372901247704,299.52041730275437
2017-08-31 07:15:00,2,300.04540303897886,299.5281113541666
2017-08-31 07:30:00,2,300.06581897858854,299.54667944204664
2017-08-31 07:45:00,2,300.09946551523836,299.5762184812948
2017-08-31 08:00:00,2,300.14701246063754,299.6167802406411
2017-08-31 08:15:00,2,300.2084471658426,299.66760343553347
2017-08-31 08:30:00,2,300.2836652532067,299.72608948938307
2017-08-31 08:45:00,2,300.37295178052307,299.7883956236185
2017-08-31 09:00:00,2,300.47585108093494,299.8573639121885
2017-08-31 09:15:00,2,300.5901912592398,299.94225688519197
2017-08-31 09:30:00,2,300.7133166638814,300.0447555368243
2017-08-31 09:45:00,2,300.84393086725123,300.1628373185466
2017-08-31 10:00:00,2,300.9816774187955,300.2997185764415
2017-08-31 10:15:00,2,301.1259231739963,300.4473464502354
2017-08-31 10:30:00,2,301.2754520646631,300.5983577340002
2017-08-31 10:45:00,2,301.42797663599845,300.74921794272996
2017-08-31 11:00:00,2,301.580747267589,300.89832868103264
2017-08-31 11:15:00,2,301.7311998885187,301.04413945606234
2017-08-31 11:30:00,2,301.8772389266327,301.1848678334097
2017-08-31 11:45:00,2,302.0172569442021,301.3189185846492
2017-08-31 12:00:00,2,302.1500589044679,301.44515104583354
2017-08-31 12:15:00,2,302.2746547375035,301.56279510232577
2017-08-31 12:30:00,2,302.3902127874625,301.6712467800607
2017-08-31 12:45:00,2,302.4960131844279,301.7699467534374
2017-08-31 13:00:00,2,302.59149790395537,301.858429547375
2017-08-31 13:15:00,2,302.6762450327268,301.9364180360224
2017-08-31 13:30:00,2,302.7502715058792,302.00415168600426
2017-08-31 13:45:00,2,302.8145348861233,302.06273415624287
2017-08-31 14:00:00,2,302.8702331518526,302.1136477367814
2017-08-31 14:15:00,2,302.91797399891277,302.1579120263661
2017-08-31 14:30:00,2,302.9578708816872,302.1958107889386
2017-08-31 14:45:00,2,302.9898166617378,302.2271395865746
2017-08-31 15:00:00,2,303.0135608703935,302.2514716574045
2017-08-31 15:15:00,2,303.0286038097838,302.2682212041276
2017-08-31 15:30:00,2,303.0344154518575,302.276664325491
2017-08-31 15:45:00,2,303.03064676147153,302.2761564853285
2017-08-31 16:00:00,2,303.01707533168855,302.267383680376
2017-08-31 16:15:00,2,302.9933460611858,302.2504161575744
2017-08-31 16:30:00,2,302.95916277633034,302.22509127107253
2017-08-31 16:45:00,2,302.9144816629876,302.19127741169854
2017-08-31 17:00:00,2,302.85946641111025,302.1489688370045
2017-08-31 17:15:00,2,302.7942976206288,302.09832472978974
2017-08-31 17:30:00,2,302.7198055631098,302.0399316632957
2017-08-31 17:45:00,2,302.63778231685353,301.9752522240202
2017-08-31 18:00:00,2,302.5500791376758,301.9065520295262
2017-08-31 18:15:00,2,302.4579752004453,301.83521224329644
2017-08-31 18:30:00,2,302.3622471973721,301.76171401067376
2017-08-31 18:45:00,2,302.263087705253,301.68639335167137
2017-08-31 19:00:00,2,302.1605894634295,301.6094448943877
2017-08-31 19:15:00,2,302.05585727853895,301.52879583913534
2017-08-31 19:30:00,2,301.95060612780776,301.44218950565295
2017-08-31 19:45:00,2,301.84654464015347,301.34831113966897
2017-08-31 20:00:00,2,301.74497719803276,301.2502963245543
2017-08-31 20:15:00,2,301.6466398661012,301.1520227537347
2017-08-31 20:30:00,2,301.55182753545705,301.05562100404774
2017-08-31 20:45:00,2,301.4605399252338,300.96149730533756
2017-08-31 21:00:00,2,301.3726180839045,300.8693126456485
2017-08-31 21:15:00,2,301.28784452262056,300.7786534042751
2017-08-31 21:30:00,2,301.2060290839806,300.68920741100817
2017-08-31 21:45:00,2,301.12712956363424,300.60064855375924
2017-08-31 22:00:00,2,301.05117826535553,300.5142943206164
2017-08-31 22:15:00,2,300.9781594551532,300.43407063641683
2017-08-31 22:30:00,2,300.90801054015066,300.3601980953028
2017-08-31 22:45:00,2,300.8406991420912,300.2910213385935
2017-08-31 23:00:00,2,300.77619405027207,300.22530558313673
2017-08-31 23:15:00,2,300.71440645585614,300.16270423695266
2017-08-31 23:30:00,2,300.65521145991835,300.1032230287208
2017-08-31 23:45:00,2,300.59850685218646,300.04678480716467
2017-09-01 00:00:00,2,300.54417145007886,299.99314052368294
2017-08-01 00:15:00,3,300.39311504653625,298.69965439178833
2017-08-01 00:30:00,3,300.3332255339094,298.64005701375606
2017-08-01 00:45:00,3,300.27569003004237,298.58342285837386
2017-08-01 01:00:00,3,300.21909113730095,298.528165746061
2017-08-01 01:15:00,3,300.1623697512013,298.4730566308358
2017-08-01 01:30:00,3,300.1049571229638,298.4173412498266
2017-08-01 01:45:00,3,300.0468084653108,298.36078205477276
2017-08-01 02:00:00,3,299.9881415280009,298.30349245755485
2017-08-01 02:15:00,3,299.9291795493458,298.2456891300662
2017-08-01 02:30:00,3,299.8702460310973,298.1877474425551
2017-08-01 02:45:00,3,299.8121443108245,298.13050721345894
2017-08-01 03:00:00,3,299.7559013588841,298.0751855344479
2017-08-01 03:15:00,3,299.7023047392187,298.0229085546711
2017-08-01 03:30:00,3,299.65168108261673,297.97421050993665
2017-08-01 03:45:00,3,299.6036917425914,297.9287632873051
2017-08-01 04:00:00,3,299.55764140163836,297.88561883086993
2017-08-01 04:15:00,3,299.5129298732423,297.8437707089663
2017-08-01 04:30:00,3,299.46924032107466,297.8026180063544
2017-08-01 04:45:00,3,299.42652396233814,297.76208617288484
2017-08-01 05:00:00,3,299.3848413010759,297.7224138916172
2017-08-01 05:15:00,3,299.34425917540835,297.683885932989
2017-08-01 05:30:00,3,299.3054120312308,297.64734585747243
2017-08-01 05:45:00,3,299.27249545408154,297.6167286458619
2017-08-01 06:00:00,3,299.2540558128603,297.59846910404633
2017-08-01 06:15:00,3,299.2538558677104,297.59647312138986
2017-08-01 06:30:00,3,299.2699490984271,297.6101167239046
2017-08-01 06:45:00,3,299.30000919303734,297.63693452488593
2017-08-01 07:00:00,3,299.3424024590708,297.6749013535738
2017-08-01 07:15:00,3,299.3948143070785,297.7221974789508
2017-08-01 07:30:00,3,299.45468266189704,297.77632471777275
2017-08-01 07:45:00,3,299.52012687324816,297.834699796604
2017-08-01 08:00:00,3,299.5898754113721,297.8950347842544
2017-08-01 08:15:00,3,299.6635839084021,297.953603580704
2017-08-01 08:30:00,3,299.7421647934598,298.00988496221436
2017-08-01 08:45:00,3,299.8273072774219,298.0715221824603
2017-08-01 09:00:00,3,299.9204176126242,298.14387272056024
2017-08-01 09:15:00,3,300.0220163389077,298.22822370653233
2017-08-01 09:30:00,3,300.1314137019547,298.32374506948025
2017-08-01 09:45:00,3,300.247005520362,298.42987378665515
2017-08-01 10:00:00,3,300.36700133441536,298.5490711552686
2017-08-01 10:15:00,3,300.4897436590703,298.6757385689395
2017-08-01 10:30:00,3,300.6139017000221,298.80380901261367
2017-08-01 10:45:00,3,300.7387367882274,298.9308386409647
2017-08-01 11:00:00,3,300.8638856241648,299.056748685682
2017-08-01 11:15:00,3,300.9889263006957,299.182037558603
2017-08-01 11:30:00,3,301.1132445525605,299.3067335653655
2017-08-01 11:45:00,3,301.23594970801395,299.43020338286317
2017-08-01 12:00:00,3,301.3560465117102,299.5514588114322
2017-08-01 12:15:00,3,301.4726880101769,299.669595846393
2017-08-01 12:30:00,3,301.58601363692577,299.78456424066445
2017-08-01 12:45:00,3,301.698403681474,299.8979748457967
2017-08-01 13:00:00,3,301.8127593064279,300.0126357127176
2017-08-01 13:15:00,3,301.9306579615483,300.13111465017
2017-08-01 13:30:00,3,302.05196655825534,300.25429796807055
2017-08-01 13:45:00,3,302.17437053832805,300.3805696543362
2017-08-01 14:00:00,3,302.29456314852206,300.50654380611013
2017-08-01 14:15:00,3,302.40965875379766,300.6286691055447
2017-08-01 14:30:00,3,302.51762189967485,300.7443190189502
2017-08-01 14:45:00,3,302.61720923480453,300.8520116863593
2017-08-01 15:00:00,3,302.707704934176,300.95123694678074
2017-08-01 15:15:00,3,302.7885425402018,301.0420456785329
2017-08-01 15:30:00,3,302.8592969692614,301.12409782712496
2017-08-01 15:45:00,3,302.9198370695849,301.19692746275416
2017-08-01 16:00:00,3,302.9701565727468,301.26016763705366
2017-08-01 16:15:00,3,303.0098787719712,301.3129936660257
2017-08-01 16:30:00,3,303.03858695724267,301.3542152574016
2017-08-01 16:45:00,3,303.0565968556578,301.38374015835427
2017-08-01 17:00:00,3,303.06529858586026,301.403113343025
2017-08-01 17:15:00,3,303.06587817120885,301.414052496173
2017-08-01 17:30:00,3,303.05871524894127,301.4174921790153
2017-08-01 17:45:00,3,303.04372320486175,301.4135726098344
2017-08-01 18:00:00,3,303.0200059642254,301.401332137926
2017-08-01 18:15:00,3,302.98459414715325,301.37818789634287
2017-08-01 18:30:00,3,302.9339786122064,301.34074835718656
2017-08-01 18:45:00,3,302.86546517848734,301.2860079798117
2017-08-01 19:00:00,3,302.7744757878896,301.2088630932958
2017-08-01 19:15:00,3,302.65277544463703,301.1033809152954
2017-08-01 19:30:00,3,302.5039506617991,300.9713488103108
2017-08-01 19:45:00,3,302.3412979715968,300.8229295061539
2017-08-01 20:00:00,3,302.17647855621453,300.6715439774526
2017-08-01 20:15:00,3,302.01636450234713,300.5245693372766
2017-08-01 20:30:00,3,301.8641136989,300.3857721255756
2017-08-01 20:45:00,3,301.72062519261067,300.2572028929074
2017-08-01 21:00:00,3,301.5856428983873,300.13531633192383
2017-08-01 21:15:00,3,301.45845457340937,300.0183689105569
2017-08-01 21:30:00,3,301.3383429979632,299.9056558484351
2017-08-01 21:45:00,3,301.22499365057786,299.79591598220094
2017-08-01 22:00:00,3,301.11828300317353,299.68919571630613
2017-08-01 22:15:00,3,301.01795491792427,299.5861922779851
2017-08-01 22:30:00,3,300.9235954664044,299.48736385832535
2017-08-01 22:45:00,3,300.8347139910169,299.39264501021665
2017-08-01 23:00:00,3,300.75079715342645,299.3015797711299
2017-08-01 23:15:00,3,300.67134006761944,299.2134496664202
2017-08-01 23:30:00,3,300.59595226954053,299.1276644173471
2017-08-01 23:45:00,3,300.52455668167175,299.04925891782415
2017-08-02 00:00:00,3,300.45719351348305,298.97900539305954
2017-08-02 00:15:00,3,300.393783051383,298.9150731224714
2017-08-02 00:30:00,3,300.33409167266905,298.85565028872844
2017-08-02 00:45:00,3,300.27774182412935,298.7998049764291
2017-08-02 01:00:00,3,300.22430765389316,298.74714323318716
2017-08-02 01:15:00,3,300.17339932656097,298.69735459148325
2017-08-02 01:30:00,3,300.1245301851121,298.6499124350481
2017-08-02 01:45:00,3,300.07676523948214,298.6039129386671
2017-08-02 02:00:00,3,300.0290505870624,298.55826895110806
2017-08-02 02:15:00,3,299.9806395510563,298.5120774474735
2017-08-02 02:30:00,3,299.93132209535753,298.4650197199652
2017-08-02 02:45:00,3,299.881792368287,298.4176292734499
2017-08-02 03:00:00,3,299.83312610211595,298.3709899713924
2017-08-02 03:15:00,3,299.78612506329586,298.32611346672167
2017-08-02 03:30:00,3,299.74108915651436,298.28345012449313
2017-08-02 03:45:00,3,299.69762184016724,298.2426601048541
2017-08-02 04:00:00,3,299.65496758833785,298.2028342612025
2017-08-02 04:15:00,3,299.6124925140887,298.16300151313146
2017-08-02 04:30:00,3,299.56986583128844,298.12253260271257
2017-08-02 04:45:00,3,299.52694205519333,298.08125847956086
2017-08-02 05:00:00,3,299.48364101295226,298.03931889770206
2017-08-02 05:15:00,3,299.4399474192755,297.9969575198454
2017-08-02 05:30:00,3,299.39662381545855,297.9551800884021
2017-08-02 05:45:00,3,299.35854245380335,297.9185982458059
2017-08-02 06:00:00,3,299.3354500737608,297.89494240857107
2017-08-02 06:15:00,3,299.3326446171448,297.8896783561074
2017-08-02 06:30:00,3,299.3495060859704,297.90331538019007
2017-08-02 06:45:00,3,299.38406572219014,297.9337894490804
2017-08-02 07:00:00,3,299.4344034413751,297.978882821116
2017-08-02 07:15:00,3,299.49780144425256,298.0362447314162
2017-08-02 07:30:00,3,299.5713709284243,298.1024806064761
2017-08-02 07:45:00,3,299.6533741763228,298.1756549927395
2017-08-02 08:00:00,3,299.74333386211,298.2518093158278
2017-08-02 08:15:00,3,299.8414629895403,298.3255314771184
2017-08-02 08:30:00,3,299.9483334701765,298.4048027991103
2017-08-02 08:45:00,3,300.063600372081,298.4957246424047
2017-08-02 09:00:00,3,300.1855392642042,298.59924271610384
2017-08-02 09:15:00,3,300.3118034139006,298.7142717792274
2017-08-02 09:30:00,3,300.4405767269361,298.8428100342922
2017-08-02 09:45:00,3,300.5712204858809,298.9782345117988
2017-08-02 10:00:00,3,300.70376954143154,299.11493344845945
2017-08-02 10:15:00,3,300.8380662494768,299.2510925575482
2017-08-02 10:30:00,3,300.9736059435966,299.38707541945
2017-08-02 10:45:00,3,301.1097903077563,299.5234102120576
2017-08-02 11:00:00,3,301.2460796821564,299.659993486584
2017-08-02 11:15:00,3,301.3818875609938,299.79619620085344
2017-08-02 11:30:00,3,301.51642133379556,299.9311245749985
2017-08-02 11:45:00,3,301.648342780998,300.0636067543036
2017-08-02 12:00:00,3,301.77610321305053,300.1922991561854
2017-08-02 12:15:00,3,301.8984728721569,300.31602516912733
2017-08-02 12:30:00,3,302.0148049749436,300.4340476037788
2017-08-02 12:45:00,3,302.12469286993127,300.54584228594985
2017-08-02 13:00:00,3,302.2274460290583,300.6507874001195
2017-08-02 13:15:00,3,302.3221804239363,300.74818275156804
2017-08-02 13:30:00,3,302.40847026341737,300.8377323950853
2017-08-02 13:45:00,3,302.48728157101635,300.92016674478947
2017-08-02 14:00:00,3,302.56018336507725,300.99693635339565
2017-08-02 14:15:00,3,302.6280939590144,301.06896499890627
2017-08-02 14:30:00,3,302.69133939605535,301.13619574224714
2017-08-02 14:45:00,3,302.7503582996801,301.19866508025575
2017-08-02 15:00:00,3,302.8055656988608,301.2571595747321
2017-08-02 15:15:00,3,302.8566889666193,301.31228017401327
2017-08-02 15:30:00,3,302.90302632360766,301.36421559037
2017-08-02 15:45:00,3,302.94393558536217,301.4129862876588
2017-08-02 16:00:00,3,302.97879854560836,301.45799882813674
2017-08-02 16:15:00,3,303.0066647219583,301.49785878598107
2017-08-02 16:30:00,3,303.0264986238942,301.5309805031759
2017-08-02 16:45:00,3,303.0378656173456,301.55620625594145
2017-08-02 17:00:00,3,303.04140910341965,301.57310766432664
2017-08-02 17:15:00,3,303.0375706373105,301.5814016671102
2017-08-02 17:30:00,3,303.0258177498585,301.5802057740399
2017-08-02 17:45:00,3,303.00455751337614,301.56824663426966
2017-08-02 18:00:00,3,302.9714757304079,301.54383304288956
2017-08-02 18:15:00,3,302.92315625050776,301.50463009276064
2017-08-02 18:30:00,3,302.85711581498913,301.4486743794996
2017-08-02 18:45:00,3,302.77252576242444,301.37506145890825
2017-08-02 19:00:00,3,302.66709583051994,301.28160082430253
2017-08-02 19:15:00,3,302.53601799234184,301.1654687726136
2017-08-02 19:30:00,3,302.3832946661485,301.0296661687902
2017-08-02 19:45:00,3,302.22013243923396,300.8838906222607
2017-08-02 20:00:00,3,302.05624440363636,300.73659085539566
2017-08-02 20:15:00,3,301.897263367809,300.5941791030554
2017-08-02 20:30:00,3,301.7458757950217,300.4572674426631
2017-08-02 20:45:00,3,301.6035333834788,300.32625527954593
2017-08-02 21:00:00,3,301.4709779363064,300.2020633355958
2017-08-02 21:15:00,3,301.3482396626308,300.0834625277456
2017-08-02 21:30:00,3,301.234781034433,299.9702503102038
2017-08-02 21:45:00,3,301.1296053135768,299.8626812931219
2017-08-02 22:00:00,3,301.03155520663825,299.7605961766775
2017-08-02 22:15:00,3,300.93958660691277,299.6632908459138
2017-08-02 22:30:00,3,300.8529327467787,299.56991764871555
2017-08-02 22:45:00,3,300.77130244433624,299.47978527161314
2017-08-02 23:00:00,3,300.6946175346551,299.39307410934595
2017-08-02 23:15:00,3,300.6227065693876,299.31448812716667
2017-08-02 23:30:00,3,300.55517699192825,299.24440359720285
2017-08-02 23:45:00,3,300.49126590784476,299.18039037596026
2017-08-03 00:00:00,3,300.4301063465519,299.11999421288465
2017-08-03 00:15:00,3,300.3710137158848,299.0618590076038
2017-08-03 00:30:00,3,300.31352561824144,299.0054918272187
2017-08-03 00:45:00,3,300.257373578033,298.9507216746206
2017-08-03 01:00:00,3,300.2023965927865,298.89740018870964
2017-08-03 01:15:00,3,300.14846571904144,298.8453528004232
2017-08-03 01:30:00,3,300.0954663181964,298.79441358023496
2017-08-03 01:45:00,3,300.04327293883244,298.7443928916938
2017-08-03 02:00:00,3,299.9916767816831,298.69497040514705
2017-08-03 02:15:00,3,299.94041710554825,298.6456908383787
2017-08-03 02:30:00,3,299.88944018410496,298.5962996784287
2017-08-03 02:45:00,3,299.83930866673666,298.5472237059122
2017-08-03 03:00:00,3,299.7909228920586,298.4995274099687
2017-08-03 03:15:00,3,299.7450232861832,298.45437127461435
2017-08-03 03:30:00,3,299.7019156566875,298.4123867094972
2017-08-03 03:45:00,3,299.6612119197541,298.3733114153708
2017-08-03 04:00:00,3,299.6221563143496,298.336221347646
2017-08-03 04:15:00,3,299.58411172314794,298.30013196658626
2017-08-03 04:30:00,3,299.54675612413274,298.26446961995237
2017-08-03 04:45:00,3,299.510069812583,298.2291765382748
2017-08-03 05:00:00,3,299.4741532974044,298.1946013374044
2017-08-03 05:15:00,3,299.43910329728857,298.16100150321506
2017-08-03 05:30:00,3,299.40555705614594,298.129077441976
2017-08-03 05:45:00,3,299.3773663673136,298.10224765489113
2017-08-03 06:00:00,3,299.3622259160665,298.0865165938017
2017-08-03 06:15:00,3,299.3643185066967,298.0862380545585
2017-08-03 06:30:00,3,299.38340535412243,298.1021103012477
2017-08-03 06:45:00,3,299.419009505048,298.13307576895346
2017-08-03 07:00:00,3,299.4702951380695,298.1778007860665
2017-08-03 07:15:00,3,299.5346107408627,298.2338297842625
2017-08-03 07:30:00,3,299.6085193976233,298.2976572186151
2017-08-03 07:45:00,3,299.689335927904,298.36603514860224
2017-08-03 08:00:00,3,299.77564060499935,298.4357885495372
2017-08-03 08:15:00,3,299.86741955096807,298.5012126368819
2017-08-03 08:30:00,3,299.96555117007495,298.56986216391
2017-08-03 08:45:00,3,300.0695753423781,298.64772070951983
2017-08-03 09:00:00,3,300.1770214732707,298.7353069099827
2017-08-03 09:15:00,3,300.28486445650833,298.8302630880024
2017-08-03 09:30:00,3,300.3913552215372,298.93172248404795
2017-08-03 09:45:00,3,300.49794464058164,299.0418343810334
2017-08-03 10:00:00,3,300.60781608594505,299.15688542082967
2017-08-03 10:15:00,3,300.72342647089187,299.2745638052212
2017-08-03 10:30:00,3,300.8457423919083,299.39583124001535
2017-08-03 10:45:00,3,300.9737644215474,299.52160546466706
2017-08-03 11:00:00,3,301.1050379558756,299.6510925375907
2017-08-03 11:15:00,3,301.2369104346499,299.78210923925025
2017-08-03 11:30:00,3,301.36692375136766,299.91201741054283
2017-08-03 11:45:00,3,301.4921353156095,300.0380245080615
2017-08-03 12:00:00,3,301.60973302472934,300.157445623925
2017-08-03 12:15:00,3,301.7179314542919,300.26824593079255
2017-08-03 12:30:00,3,301.8170646420367,300.3701989814729
2017-08-03 12:45:00,3,301.91124251678644,300.4659900206031
2017-08-03 13:00:00,3,302.0055539246322,300.56028231582377
2017-08-03 13:15:00,3,302.103099278601,300.657427865414
2017-08-03 13:30:00,3,302.2047528034649,300.75971181956606
2017-08-03 13:45:00,3,302.3096531722169,300.86708119321816
2017-08-03 14:00:00,3,302.416298329621,300.97803920252824
2017-08-03 14:15:00,3,302.52317680974875,301.0906822279813
2017-08-03 14:30:00,3,302.62880778179283,301.2031852117703
2017-08-03 14:45:00,3,302.73135322003054,301.3136641695789
2017-08-03 15:00:00,3,302.8286711889129,301.42002001193225
2017-08-03 15:15:00,3,302.91871795672574,301.5201582809901
2017-08-03 15:30:00,3,302.99980261405284,301.6121797763605
2017-08-03 15:45:00,3,303.07037885082815,301.6941788597131
2017-08-03 16:00:00,3,303.12912714029557,301.7647361335779
2017-08-03 16:15:00,3,303.1748749075894,301.82260931515543
2017-08-03 16:30:00,3,303.2070070857389,301.866745063502
2017-08-03 16:45:00,3,303.2259866973545,301.8971541459246
2017-08-03 17:00:00,3,303.2333489956657,301.91518106597135
2017-08-03 17:15:00,3,303.2301691933311,301.9223755007364
2017-08-03 17:30:00,3,303.21655904596156,301.9193475521787
2017-08-03 17:45:00,3,303.19197307436747,301.90571963358303
2017-08-03 18:00:00,3,303.15509948917406,301.8802151066948
2017-08-03 18:15:00,3,303.1037034758057,301.8408380905403
2017-08-03 18:30:00,3,303.0357517906302,301.78575178564216
2017-08-03 18:45:00,3,302.9497499941796,301.7134613991416
2017-08-03 19:00:00,3,302.843022563637,301.6212422532475
2017-08-03 19:15:00,3,302.71294384472685,301.506896638386
2017-08-03 19:30:00,3,302.56480621044795,301.3745710100149
2017-08-03 19:45:00,3,302.40860982761694,301.2330632555016
2017-08-03 20:00:00,3,302.2521907716367,301.09070722552957
2017-08-03 20:15:00,3,302.09980809294035,300.9539217107811
2017-08-03 20:30:00,3,301.9534203592257,300.8237886081097
2017-08-03 20:45:00,3,301.8142545276645,300.7003052488266
2017-08-03 21:00:00,3,301.68307741536324,300.58114906348095
2017-08-03 21:15:00,3,301.560035934571,300.4665970448516
2017-08-03 21:30:00,3,301.44491307858124,300.35541963768594
2017-08-03 21:45:00,3,301.33759962684644,300.2480909564375
2017-08-03 22:00:00,3,301.2380158689486,300.14576318648744
2017-08-03 22:15:00,3,301.14585538361024,300.0491975195393
2017-08-03 22:30:00,3,301.0604966154238,299.95839033974784
2017-08-03 22:45:00,3,300.98090661206555,299.8726350227886
2017-08-03 23:00:00,3,300.90592878756536,299.790819606612
2017-08-03 23:15:00,3,300.83459932720586,299.71172844814794
2017-08-03 23:30:00,3,300.76626124217256,299.63400809731405
2017-08-03 23:45:00,3,300.70063620497154,299.560619599401
2017-08-04 00:00:00,3,300.6375809487403,299.4931388365475
2017-08-04 00:15:00,3,300.5768704897499,299.43055094240776
2017-08-04 00:30:00,3,300.51822784722884,299.3710997969687
2017-08-04 00:45:00,3,300.46147983055687,299.31364316892547
2017-08-04 01:00:00,3,300.40655103831864,299.2577909674061
2017-08-04 01:15:00,3,300.3534011931451,299.20350221428316
2017-08-04 01:30:00,3,300.30207666027513,299.15086471549233
2017-08-04 01:45:00,3,300.25275205425334,299.1000981538664
2017-08-04 02:00:00,3,300.20560117547996,299.0515057894358
2017-08-04 02:15:00,3,300.1606959800486,299.0053376709405
2017-08-04 02:30:00,3,300.117998562471,298.9616793216233
2017-08-04 02:45:00,3,300.0773759740263,298.92044941114233
2017-08-04 03:00:00,3,300.03864537193647,298.8814660162743
2017-08-04 03:15:00,3,300.00161886460126,298.8445174264345
2017-08-04 03:30:00,3,299.9661233874197,298.8094028773548
2017-08-04 03:45:00,3,299.93201221326206,298.77605021163413
2017-08-04 04:00:00,3,299.8991673305203,298.74429747194563
2017-08-04 04:15:00,3,299.8674921527694,298.7139419225717
2017-08-04 04:30:00,3,299.83695720311084,298.684892048759
2017-08-04 04:45:00,3,299.8077513042657,298.65728824120174
2017-08-04 05:00:00,3,299.7802051193089,298.63147646409175
2017-08-04 05:15:00,3,299.7545934020965,298.6078420919816
2017-08-04 05:30:00,3,299.7310826321646,298.5866472483233
2017-08-04 05:45:00,3,299.7097259157141,298.56785640117346
2017-08-04 06:00:00,3,299.6905936934925,298.551395308528
2017-08-04 06:15:00,3,299.67495956905077,298.5380081715515
2017-08-04 06:30:00,3,299.66514013820625,298.52953183776896
2017-08-04 06:45:00,3,299.66338420098066,298.5282585582333
2017-08-04 07:00:00,3,299.671827890077,298.5367159249546
2017-08-04 07:15:00,3,299.6938843947362,298.5581519594679
2017-08-04 07:30:00,3,299.73302328010027,298.5957974232354
2017-08-04 07:45:00,3,299.79157960896475,298.6515628576434
2017-08-04 08:00:00,3,299.86998387924183,298.72355266743347
2017-08-04 08:15:00,3,299.96630794287194,298.80447082574034
2017-08-04 08:30:00,3,300.0778636474024,298.8867571402223
2017-08-04 08:45:00,3,300.2020078636184,298.9810574655971
2017-08-04 09:00:00,3,300.3360487775372,299.0933635478004
2017-08-04 09:15:00,3,300.4764293125115,299.2238215589643
2017-08-04 09:30:00,3,300.61897717579495,299.3718272938165
2017-08-04 09:45:00,3,300.760135902948,299.524361827114
2017-08-04 10:00:00,3,300.89758406389797,299.6714098595054
2017-08-04 10:15:00,3,301.0300763150022,299.80977585994816
2017-08-04 10:30:00,3,301.1570848135262,299.94031341204675
2017-08-04 10:45:00,3,301.2784373575466,300.06454559712284
2017-08-04 11:00:00,3,301.39383492249357,300.1829955645744
2017-08-04 11:15:00,3,301.5024498375173,300.2952202472767
2017-08-04 11:30:00,3,301.603854688501,300.40061473959463
2017-08-04 11:45:00,3,301.6976976158135,300.4987055848512
2017-08-04 12:00:00,3,301.7837477608343,300.5892089055909
2017-08-04 12:15:00,3,301.8625273769979,300.6723456534211
2017-08-04 12:30:00,3,301.9349000800553,300.7486267772813
2017-08-04 12:45:00,3,302.0011110015864,300.81841138787564
2017-08-04 13:00:00,3,302.0621627755013,300.88234565424045
2017-08-04 13:15:00,3,302.1206436218784,300.94211423306564
2017-08-04 13:30:00,3,302.1802701886718,301.00087514065194
2017-08-04 13:45:00,3,302.2454537056364,301.063006828932
2017-08-04 14:00:00,3,302.31911842159167,301.13233240783177
2017-08-04 14:15:00,3,302.40028634662923,301.2098418885409
2017-08-04 14:30:00,3,302.4852692650071,301.2931457717824
2017-08-04 14:45:00,3,302.56965379585733,301.37786123409
2017-08-04 15:00:00,3,302.64967079714523,301.4596084944116
2017-08-04 15:15:00,3,302.72256146275345,301.5352294612408
2017-08-04 15:30:00,3,302.78662251290586,301.6027668000645
2017-08-04 15:45:00,3,302.8414503935895,301.6616607959149
2017-08-04 16:00:00,3,302.8871983815891,301.7121342837352
2017-08-04 16:15:00,3,302.92357671768656,301.7542348649206
2017-08-04 16:30:00,3,302.9500297244483,301.78747636867433
2017-08-04 16:45:00,3,302.966398647071,301.8115805434886
2017-08-04 17:00:00,3,302.97339845169734,301.8268339793279
2017-08-04 17:15:00,3,302.97151346954234,301.83340602573014
2017-08-04 17:30:00,3,302.9604336022401,301.8309756873178
2017-08-04 17:45:00,3,302.93943985592705,301.81903579166953
2017-08-04 18:00:00,3,302.90793819411766,301.797005242739
2017-08-04 18:15:00,3,302.86427396348637,301.7636881118682
2017-08-04 18:30:00,3,302.8063465575932,301.7173390994632
2017-08-04 18:45:00,3,302.73216710816877,301.6558026338076
2017-08-04 19:00:00,3,302.63850229562627,301.57582872511995
2017-08-04 19:15:00,3,302.5225993445119,301.47536136686483
2017-08-04 19:30:00,3,302.3895899129066,301.35775206052983
2017-08-04 19:45:00,3,302.2489844000148,301.2312431355788
2017-08-04 20:00:00,3,302.1080956050311,301.1041783225708
2017-08-04 20:15:00,3,301.97083606061136,300.97996304087735
2017-08-04 20:30:00,3,301.83895239430603,300.86091394084013
2017-08-04 20:45:00,3,301.713501645038,300.7474908433477
2017-08-04 21:00:00,3,301.5951796633702,300.63857607183434
2017-08-04 21:15:00,3,301.4841732086797,300.53441560818703
2017-08-04 21:30:00,3,301.38022947167656,300.43386124404844
2017-08-04 21:45:00,3,301.2827781637137,300.3366193673424
2017-08-04 22:00:00,3,301.1911207046178,300.24286254685194
2017-08-04 22:15:00,3,301.1045704560967,300.1526182943694
2017-08-04 22:30:00,3,301.0226514116678,300.0657264866315
2017-08-04 22:45:00,3,300.9454551573843,299.9821744569703
2017-08-04 23:00:00,3,300.87328599675493,299.90212593868876
2017-08-04 23:15:00,3,300.8062249812955,299.82539787311947
2017-08-04 23:30:00,3,300.74398710864926,299.7551788904837
2017-08-04 23:45:00,3,300.6857669990939,299.69263221821893
2017-08-05 00:00:00,3,300.6305826147535,299.6360235169819
2017-08-05 00:15:00,3,300.57764886164426,299.58299220303525
2017-08-05 00:30:00,3,300.52649031103317,299.53211281119786
2017-08-05 00:45:00,3,300.477005288845,299.48302324296395
2017-08-05 01:00:00,3,300.42923402940613,299.43583556056586
2017-08-05 01:15:00,3,300.38314485747696,299.39061868111787
2017-08-05 01:30:00,3,300.33856908678393,299.3471828734512
2017-08-05 01:45:00,3,300.2951219840361,299.3050619196192
2017-08-05 02:00:00,3,300.25231981923736,299.26361701469983
2017-08-05 02:15:00,3,300.20976313883426,299.2222042030904
2017-08-05 02:30:00,3,300.167295661284,299.1804608939453
2017-08-05 02:45:00,3,300.12518486256386,299.13863823092646
2017-08-05 03:00:00,3,300.08396964883354,299.0975405273448
2017-08-05 03:15:00,3,300.0441302388485,299.0580716648138
2017-08-05 03:30:00,3,300.0059105478951,299.020796272063
2017-08-05 03:45:00,3,299.9692626814069,298.98585275763486
2017-08-05 04:00:00,3,299.93394601494174,298.9528163379977
2017-08-05 04:15:00,3,299.8996828001113,298.9210172359319
2017-08-05 04:30:00,3,299.86620680383834,298.8898867757356
2017-08-05 04:45:00,3,299.8332087891115,298.85900127561683
2017-08-05 05:00:00,3,299.80039060820053,298.82802297297826
2017-08-05 05:15:00,3,299.76758401158554,298.7967506536335
2017-08-05 05:30:00,3,299.73539086245387,298.7657966999373
2017-08-05 05:45:00,3,299.70764279826597,298.7385573951992
2017-08-05 06:00:00,3,299.6917726487369,298.7211112353272
2017-08-05 06:15:00,3,299.6923089287764,298.718309698119
2017-08-05 06:30:00,3,299.7095332456232,298.73143238423404
2017-08-05 06:45:00,3,299.74271944955353,298.759647308205
2017-08-05 07:00:00,3,299.7912131216495,298.80156442002425
2017-08-05 07:15:00,3,299.8530146040782,298.85469517707423
2017-08-05 07:30:00,3,299.9252896577916,298.91900213902994
2017-08-05 07:45:00,3,300.0056309450197,298.99087239646224
2017-08-05 08:00:00,3,300.09226732247305,299.0615681237101
2017-08-05 08:15:00,3,300.18426005928865,299.1317849660255
2017-08-05 08:30:00,3,300.2817623115595,299.20767761733566
2017-08-05 08:45:00,3,300.3855694900035,299.29344020554913
2017-08-05 09:00:00,3,300.4958507599812,299.3904478372113
2017-08-05 09:15:00,3,300.6117823954911,299.5036311131255
2017-08-05 09:30:00,3,300.7321376620138,299.6271769983861
2017-08-05 09:45:00,3,300.8557967938108,299.75450416944983
2017-08-05 10:00:00,3,300.9818591421477,299.882253663346
2017-08-05 10:15:00,3,301.10947035471776,300.00970629121485
2017-08-05 10:30:00,3,301.23747262543674,300.13678486523884
2017-08-05 10:45:00,3,301.36442136033594,300.2628532546304
2017-08-05 11:00:00,3,301.4889802054538,300.3867295753536
2017-08-05 11:15:00,3,301.6100521678665,300.50717869225167
2017-08-05 11:30:00,3,301.7267889654525,300.6232392458274
2017-08-05 11:45:00,3,301.8385596434304,300.7342907453735
2017-08-05 12:00:00,3,301.94487812678585,300.83997806808185
2017-08-05 12:15:00,3,302.0453987178452,300.9401410183632
2017-08-05 12:30:00,3,302.14044968865034,301.0351218244838
2017-08-05 12:45:00,3,302.2317519166435,301.12616575920606
2017-08-05 13:00:00,3,302.32122223406265,301.2150748867561
2017-08-05 13:15:00,3,302.40979764541055,301.30336837042495
2017-08-05 13:30:00,3,302.49758605839526,301.3917895759254
2017-08-05 13:45:00,3,302.5843874669208,301.480420544746
2017-08-05 14:00:00,3,302.6697897512827,301.56890241875556
2017-08-05 14:15:00,3,302.75306359525086,301.6562850033324
2017-08-05 14:30:00,3,302.83304904168097,301.74107655620344
2017-08-05 14:45:00,3,302.9077536494428,301.82160281665017
2017-08-05 15:00:00,3,302.9750248245069,301.8960348914179
2017-08-05 15:15:00,3,303.03319373277293,301.9625869617815
2017-08-05 15:30:00,3,303.0816282941902,302.0202697914624
2017-08-05 15:45:00,3,303.1213449688991,302.0690723656582
2017-08-05 16:00:00,3,303.1538445897478,302.1095863254241
2017-08-05 16:15:00,3,303.1797287456961,302.14252108914224
2017-08-05 16:30:00,3,303.1987201679961,302.1684749348913
2017-08-05 16:45:00,3,303.21013006894776,302.187610254301
2017-08-05 17:00:00,3,303.21386110960793,302.2000987992028
2017-08-05 17:15:00,3,303.20999597369666,302.2062151731102
2017-08-05 17:30:00,3,303.198318278874,302.20568674474015
2017-08-05 17:45:00,3,303.1784543785346,302.1976679390176
2017-08-05 18:00:00,3,303.149481851554,302.1806823744641
2017-08-05 18:15:00,3,303.1087767699049,302.1522641994997
2017-08-05 18:30:00,3,303.05324893306636,302.10943501544546
2017-08-05 18:45:00,3,302.9802154023339,302.0493503773452
2017-08-05 19:00:00,3,302.8857517720055,301.96783529021224
2017-08-05 19:15:00,3,302.76438049318295,301.8611006776437
2017-08-05 19:30:00,3,302.6204659327534,301.7321103347474
2017-08-05 19:45:00,3,302.46601536502425,301.5910218795687
2017-08-05 20:00:00,3,302.31136892451224,301.44768560034163
2017-08-05 20:15:00,3,302.16248245831264,301.3091645895995
2017-08-05 20:30:00,3,302.0219627508956,301.1799317192331
2017-08-05 20:45:00,3,301.890440382148,301.0586608725076
2017-08-05 21:00:00,3,301.76759060444016,300.943830352352
2017-08-05 21:15:00,3,301.65271593361325,300.8352890619802
2017-08-05 21:30:00,3,301.5450185545914,300.7307174182774
2017-08-05 21:45:00,3,301.4437224790722,300.6292761322111
2017-08-05 22:00:00,3,301.3480577400095,300.5310150029697
2017-08-05 22:15:00,3,301.2572680908944,300.43593991208866
2017-08-05 22:30:00,3,301.170814725721,300.34382885777126
2017-08-05 22:45:00,3,301.08880482504935,300.25459932835577
2017-08-05 23:00:00,3,301.0116505099365,300.16840899344953
2017-08-05 23:15:00,3,300.93956206721793,300.0850196193375
2017-08-05 23:30:00,3,300.8723748144403,300.0087706135671
2017-08-05 23:45:00,3,300.8094226232288,299.9408455321941
2017-08-06 00:00:00,3,300.7498440077065,299.8792401003088
2017-08-06 00:15:00,3,300.6929171683414,299.82149427656566
2017-08-06 00:30:00,3,300.63818751371196,299.7662380941281
2017-08-06 00:45:00,3,300.585575619532,299.713202945581
2017-08-06 01:00:00,3,300.5351628293962,299.66256509500283
2017-08-06 01:15:00,3,300.4869595501714,299.6144188595563
2017-08-06 01:30:00,3,300.4407389485935,299.56850307941295
2017-08-06 01:45:00,3,300.39575122548325,299.5240412000933
2017-08-06 02:00:00,3,300.3510462863332,299.47991800931294
2017-08-06 02:15:00,3,300.30591744563856,299.4351324373515
2017-08-06 02:30:00,3,300.26015741341405,299.389300372352
2017-08-06 02:45:00,3,300.21436916581234,299.34297738505137
2017-08-06 03:00:00,3,300.16956113271203,299.2973959221935
2017-08-06 03:15:00,3,300.126568046441,299.2538217190755
2017-08-06 03:30:00,3,300.0856735383594,299.21285503908825
2017-08-06 03:45:00,3,300.04614069005726,299.1739635083484
2017-08-06 04:00:00,3,300.0067417526849,299.13579597361854
2017-08-06 04:15:00,3,299.96651664665393,299.09699351948376
2017-08-06 04:30:00,3,299.92512119741707,299.0569155324232
2017-08-06 04:45:00,3,299.8830539914629,299.0159072707178
2017-08-06 05:00:00,3,299.8411846572366,298.9749121376827
2017-08-06 05:15:00,3,299.80023694661907,298.9348763593441
2017-08-06 05:30:00,3,299.7613556532483,298.897143804543
2017-08-06 05:45:00,3,299.72911136768084,298.8658909424531
2017-08-06 06:00:00,3,299.71194768498185,298.84776393406366
2017-08-06 06:15:00,3,299.7143703823194,298.84749573781625
2017-08-06 06:30:00,3,299.73589117855715,298.86555568600403
2017-08-06 06:45:00,3,299.77487957659076,298.90004992121817
2017-08-06 07:00:00,3,299.82978897070785,298.9489996739435
2017-08-06 07:15:00,3,299.89840662147344,299.0100399135961
2017-08-06 07:30:00,3,299.97812979166235,299.0811695787698
2017-08-06 07:45:00,3,300.0663849308863,299.15998383514216
2017-08-06 08:00:00,3,300.16108646856713,299.2395364972827
2017-08-06 08:15:00,3,300.2614323351214,299.31733982099263
2017-08-06 08:30:00,3,300.3674972495634,299.4001256499437
2017-08-06 08:45:00,3,300.47963792253836,299.4928483876229
2017-08-06 09:00:00,3,300.5980529632727,299.5972038021458
2017-08-06 09:15:00,3,300.7223520873455,299.71918764576037
2017-08-06 09:30:00,3,300.85178642793153,299.8525869086548
2017-08-06 09:45:00,3,300.9856391084182,299.99060107142213
2017-08-06 10:00:00,3,301.1228339401161,300.12964572418605
2017-08-06 10:15:00,3,301.2618799531248,300.2686472333258
2017-08-06 10:30:00,3,301.40143402614956,300.40734222330997
2017-08-06 10:45:00,3,301.54085636474065,300.54555225158003
2017-08-06 11:00:00,3,301.67999711680216,300.68311888421306
2017-08-06 11:15:00,3,301.8186392882126,300.81983535538706
2017-08-06 11:30:00,3,301.9562225457686,300.9552690021261
2017-08-06 11:45:00,3,302.0915513383175,301.08854124957764
2017-08-06 12:00:00,3,302.22313307482716,301.2184476880622
2017-08-06 12:15:00,3,302.34972049553943,301.3438676897308
2017-08-06 12:30:00,3,302.4707378062531,301.4642172565506
2017-08-06 12:45:00,3,302.5862407468282,301.5794383498604
2017-08-06 13:00:00,3,302.69611378568266,301.68955961919426
2017-08-06 13:15:00,3,302.7997810551453,301.794368520552
2017-08-06 13:30:00,3,302.89663896520636,301.8934902337619
2017-08-06 13:45:00,3,302.9866085302155,301.9867556949701
2017-08-06 14:00:00,3,303.0699208712616,302.0742492005354
2017-08-06 14:15:00,3,303.14660753257596,302.155998642177
2017-08-06 14:30:00,3,303.216448756011,302.2317403865935
2017-08-06 14:45:00,3,303.27911897404834,302.3009492774038
2017-08-06 15:00:00,3,303.3342949594778,302.3629873497673
2017-08-06 15:15:00,3,303.38150947752,302.4173533227323
2017-08-06 15:30:00,3,303.4206038726568,302.46398101791226
2017-08-06 15:45:00,3,303.4526521045989,302.5038027546542
2017-08-06 16:00:00,3,303.47905481212496,302.5382909528826
2017-08-06 16:15:00,3,303.5002239260901,302.5682980539342
2017-08-06 16:30:00,3,303.5157704290001,302.5936478946874
2017-08-06 16:45:00,3,303.52522681706984,302.61379495991184
2017-08-06 17:00:00,3,303.52884242084343,302.6280712858006
2017-08-06 17:15:00,3,303.5268552803918,302.6361422902109
2017-08-06 17:30:00,3,303.51901407113365,302.6377539297679
2017-08-06 17:45:00,3,303.5047386325544,302.6326028885042
2017-08-06 18:00:00,3,303.482744631924,302.6196678584575
2017-08-06 18:15:00,3,303.4498240136177,302.59641039023575
2017-08-06 18:30:00,3,303.4022101039682,302.55932197873904
2017-08-06 18:45:00,3,303.33653442181884,302.50480957639684
2017-08-06 19:00:00,3,303.24807624977325,302.42776553429604
2017-08-06 19:15:00,3,303.13077575336285,302.32368083753363
2017-08-06 19:30:00,3,302.98949598767814,302.19560906115106
2017-08-06 19:45:00,3,302.8370187368578,302.0539117610733
2017-08-06 20:00:00,3,302.68408965276706,301.91094008031723
2017-08-06 20:15:00,3,302.53684531391735,301.77399538112303
2017-08-06 20:30:00,3,302.3978940441046,301.6454965780021
2017-08-06 20:45:00,3,302.2675424824194,301.5254828545901
2017-08-06 21:00:00,3,302.14501601746537,301.4132714551865
2017-08-06 21:15:00,3,302.0293050431247,301.30681835820354
2017-08-06 21:30:00,3,301.91946044237227,301.2041890209586
2017-08-06 21:45:00,3,301.81465111972966,301.10403399013524
2017-08-06 22:00:00,3,301.7141544523484,301.0049205730318
2017-08-06 22:15:00,3,301.61734344361986,300.90641352468697
2017-08-06 22:30:00,3,301.5238085243991,300.8086873270596
2017-08-06 22:45:00,3,301.433663784629,300.7121876451172
2017-08-06 23:00:00,3,301.3472562288783,300.617423573665
2017-08-06 23:15:00,3,301.26476425082416,300.5247153970262
2017-08-06 23:30:00,3,301.18616766638644,300.43387541611713
2017-08-06 23:45:00,3,301.1113758238774,300.34710994100493
2017-08-07 00:00:00,3,301.04022868605153,300.2675964603808
2017-08-07 00:15:00,3,300.9724958707294,300.19491450267986
2017-08-07 00:30:00,3,300.907979552894,300.127092888969
2017-08-07 00:45:00,3,300.84670576031124,300.0629581952538
2017-08-07 01:00:00,3,300.7888904023138,300.0025911703251
2017-08-07 01:15:00,3,300.73469400147553,299.9465440242999
2017-08-07 01:30:00,3,300.6840968846621,299.8950878629204
2017-08-07 01:45:00,3,300.63693379903503,299.84801964770895
2017-08-07 02:00:00,3,300.592942600965,299.80483727661715
2017-08-07 02:15:00,3,300.5518142301717,299.76497585519854
2017-08-07 02:30:00,3,300.5131185233545,299.72782764550107
2017-08-07 02:45:00,3,300.4760479836334,299.6925921649286
2017-08-07 03:00:00,3,300.43968906175667,299.658342781561
2017-08-07 03:15:00,3,300.40337164619353,299.62426961814094
2017-08-07 03:30:00,3,300.3667111337676,299.58983816757444
2017-08-07 03:45:00,3,300.329517534168,299.5547340217775
2017-08-07 04:00:00,3,300.2916485061825,299.51869855104377
2017-08-07 04:15:00,3,300.2529978230027,299.4814960210361
2017-08-07 04:30:00,3,300.21370083186076,299.44314084540895
2017-08-07 04:45:00,3,300.1743130862196,299.4041279318143
2017-08-07 05:00:00,3,300.13550945760375,299.3652876789522
2017-08-07 05:15:00,3,300.09780288040866,299.3274315791576
2017-08-07 05:30:00,3,300.0621286428288,299.29186465902757
2017-08-07 05:45:00,3,300.0326519292082,299.26231123054947
2017-08-07 06:00:00,3,300.017367041826,299.24500230898093
2017-08-07 06:15:00,3,300.02093436688887,299.24475500612226
2017-08-07 06:30:00,3,300.0433553180913,299.26240805582665
2017-08-07 06:45:00,3,300.0830061731102,299.2961981448926
2017-08-07 07:00:00,3,300.13787027041093,299.3436550110819
2017-08-07 07:15:00,3,300.20518801894895,299.4022698960758
2017-08-07 07:30:00,3,300.2821041331062,299.4715743706878
2017-08-07 07:45:00,3,300.36662999150326,299.54805703151885
2017-08-07 08:00:00,3,300.4577071046776,299.623747137836
2017-08-07 08:15:00,3,300.55540893397085,299.69895805137884
2017-08-07 08:30:00,3,300.6608181350114,299.7810052271426
2017-08-07 08:45:00,3,300.77415344042686,299.87449346588664
2017-08-07 09:00:00,3,300.8940842205148,299.9808669131469
2017-08-07 09:15:00,3,301.0183867260578,300.10328510392856
2017-08-07 09:30:00,3,301.1449879469837,300.2340260614477
2017-08-07 09:45:00,3,301.27317252049863,300.3661211022493
2017-08-07 10:00:00,3,301.4032966667232,300.49729558261737
2017-08-07 10:15:00,3,301.535313340798,300.62820291266803
2017-08-07 10:30:00,3,301.6685892265028,300.7597578866734
2017-08-07 10:45:00,3,301.80234889463304,300.89199207456136
2017-08-07 11:00:00,3,301.93580228659107,301.0242362199499
2017-08-07 11:15:00,3,302.068093354273,301.1555969052764
2017-08-07 11:30:00,3,302.1980696085201,301.2849191552429
2017-08-07 11:45:00,3,302.32368480845895,301.410386283645
2017-08-07 12:00:00,3,302.4427324991263,301.5297805237165
2017-08-07 12:15:00,3,302.5537119000355,301.6412968366829
2017-08-07 12:30:00,3,302.6564691565299,301.74446645600784
2017-08-07 12:45:00,3,302.75279690178087,301.84056606146595
2017-08-07 13:00:00,3,302.84480369049845,301.9317647274461
2017-08-07 13:15:00,3,302.9335342551795,302.01972798142276
2017-08-07 13:30:00,3,303.019342935434,302.10534234736963
2017-08-07 13:45:00,3,303.10291477302604,302.1895374654172
2017-08-07 14:00:00,3,303.1849910759834,302.27332005718074
2017-08-07 14:15:00,3,303.2656812513434,302.3571280892219
2017-08-07 14:30:00,3,303.3445517017619,302.44055331655596
2017-08-07 14:45:00,3,303.42098946733626,302.5226699570871
2017-08-07 15:00:00,3,303.4943538043839,302.6024310451851
2017-08-07 15:15:00,3,303.56381019004704,302.678648534526
2017-08-07 15:30:00,3,303.62815327757414,302.7499044885502
2017-08-07 15:45:00,3,303.68535588036616,302.81461221523773
2017-08-07 16:00:00,3,303.7332483757219,302.8711075660471
2017-08-07 16:15:00,3,303.77003162804607,302.9175604247253
2017-08-07 16:30:00,3,303.7947661978292,302.95259144913103
2017-08-07 16:45:00,3,303.8080626867262,302.9763570721614
2017-08-07 17:00:00,3,303.8117812552127,302.99029354706073
2017-08-07 17:15:00,3,303.80738912494655,302.9958319326013
2017-08-07 17:30:00,3,303.79546304963765,302.99367873301236
2017-08-07 17:45:00,3,303.7761634168394,302.98401464811343
2017-08-07 18:00:00,3,303.7488089428081,302.9661448984092
2017-08-07 18:15:00,3,303.71053192818397,302.9377644726377
2017-08-07 18:30:00,3,303.6576314296443,302.8954497766092
2017-08-07 18:45:00,3,303.58658450234174,302.8355569075674
2017-08-07 19:00:00,3,303.4926976527579,302.75306977619624
2017-08-07 19:15:00,3,303.3703074131922,302.6438265250442
2017-08-07 19:30:00,3,303.2243359223685,302.5109917194966
2017-08-07 19:45:00,3,303.067114117804,302.3651376946041
2017-08-07 20:00:00,3,302.90888857448135,302.21815806684776
2017-08-07 20:15:00,3,302.7554945897121,302.07566280506825
2017-08-07 20:30:00,3,302.60952657182514,301.9408284934231
2017-08-07 20:45:00,3,302.4717335720867,301.81518324232496
2017-08-07 21:00:00,3,302.34193727346826,301.6958728633897
2017-08-07 21:15:00,3,302.2195528182987,301.58129796748847
2017-08-07 21:30:00,3,302.1039703878477,301.47078319209385
2017-08-07 21:45:00,3,301.99494372971714,301.36324614216073
2017-08-07 22:00:00,3,301.892385257551,301.2588180998947
2017-08-07 22:15:00,3,301.7960594527238,301.15818902077683
2017-08-07 22:30:00,3,301.7055648749494,301.06176834452566
2017-08-07 22:45:00,3,301.6204141072488,300.9694553182852
2017-08-07 23:00:00,3,301.5400968058847,300.8807958686446
2017-08-07 23:15:00,3,301.46411505329723,300.79511416675064
2017-08-07 23:30:00,3,301.39204679912996,300.7109834833046
2017-08-07 23:45:00,3,301.3236600973468,300.6338440220829
2017-08-08 00:00:00,3,301.2588120789055,300.5644403269009
2017-08-08 00:15:00,3,301.19730464954534,300.5007714017758
2017-08-08 00:30:00,3,301.13877998693994,300.4408647917522
2017-08-08 00:45:00,3,301.0825383662211,300.3835689281899
2017-08-08 01:00:00,3,301.0277409837656,300.3281664919355
2017-08-08 01:15:00,3,300.9736919243582,300.2740090106894
2017-08-08 01:30:00,3,300.9200327037356,300.22059686980356
2017-08-08 01:45:00,3,300.86702046055615,300.1678381044269
2017-08-08 02:00:00,3,300.8151295618089,300.1159494924059
2017-08-08 02:15:00,3,300.76463512535327,300.0651398953691
2017-08-08 02:30:00,3,300.7156497616171,300.01551741028356
2017-08-08 02:45:00,3,300.66828935398036,299.9672660237536
2017-08-08 03:00:00,3,300.6227519165554,299.92080159387297
2017-08-08 03:15:00,3,300.5792192592909,299.8766567982809
2017-08-08 03:30:00,3,300.53767315282244,299.83509935626574
2017-08-08 03:45:00,3,300.4976639964096,299.79574888091867
2017-08-08 04:00:00,3,300.45849595181386,299.7576644684734
2017-08-08 04:15:00,3,300.4195939464874,299.71986997709826
2017-08-08 04:30:00,3,300.3807510097099,299.6818687582947
2017-08-08 04:45:00,3,300.3422074295345,299.6438087473562
2017-08-08 05:00:00,3,300.3043776939639,299.60623205161295
2017-08-08 05:15:00,3,300.2676141301299,299.569732328718
2017-08-08 05:30:00,3,300.23276250453114,299.53551066346665
2017-08-08 05:45:00,3,300.20387957094067,299.5071722286602
2017-08-08 06:00:00,3,300.18861802257874,299.4905051752964
2017-08-08 06:15:00,3,300.19095887534274,299.4895681676588
2017-08-08 06:30:00,3,300.210168638214,299.50468461946076
2017-08-08 06:45:00,3,300.2446081831111,299.534257140212
2017-08-08 07:00:00,3,300.2930306931387,299.57677119802
2017-08-08 07:15:00,3,300.3537152620859,299.63087291125476
2017-08-08 07:30:00,3,300.4246223339459,299.69396257000733
2017-08-08 07:45:00,3,300.50412996258274,299.76336428350737
2017-08-08 08:00:00,3,300.59146050646564,299.8354843363528
2017-08-08 08:15:00,3,300.6865326937716,299.9063192741083
2017-08-08 08:30:00,3,300.7897223366786,299.98304901952343
2017-08-08 08:45:00,3,300.90101358283795,300.0711098070049
2017-08-08 09:00:00,3,301.0194782371653,300.1716461720015
2017-08-08 09:15:00,3,301.1435176883929,300.2844476117838
2017-08-08 09:30:00,3,301.2716730734519,300.4116010664041
2017-08-08 09:45:00,3,301.4029992133203,300.5460406122435
2017-08-08 10:00:00,3,301.5368980306557,300.6818048376423
2017-08-08 10:15:00,3,301.67269785698096,300.816772384178
2017-08-08 10:30:00,3,301.80943649558225,300.9509595068833
2017-08-08 10:45:00,3,301.94558786970265,301.08431469161866
2017-08-08 11:00:00,3,302.079380811984,301.2159283852974
2017-08-08 11:15:00,3,302.2092698421516,301.3444009532511
2017-08-08 11:30:00,3,302.3340874321085,301.4683882365154
2017-08-08 11:45:00,3,302.4529496776193,301.58686416212964
2017-08-08 12:00:00,3,302.56523618591564,301.69913031336307
2017-08-08 12:15:00,3,302.6705873852604,301.804768999248
2017-08-08 12:30:00,3,302.7692926970189,301.9038911143846
2017-08-08 12:45:00,3,302.8627619459973,301.99737119975043
2017-08-08 13:00:00,3,302.95250970929374,302.08650877156657
2017-08-08 13:15:00,3,303.0392368467624,302.17239871933424
2017-08-08 13:30:00,3,303.123276801476,302.2560183330544
2017-08-08 13:45:00,3,303.20571410067123,302.33884868409694
2017-08-08 14:00:00,3,303.28781040234946,302.42249214291576
2017-08-08 14:15:00,3,303.3700274565679,302.5077419280591
2017-08-08 14:30:00,3,303.451676728913,302.5939170567456
2017-08-08 14:45:00,3,303.5303627110187,302.6786491798291
2017-08-08 15:00:00,3,303.6030968004375,302.7587035700602
2017-08-08 15:15:00,3,303.6674899388989,302.8312119131865
2017-08-08 15:30:00,3,303.722186528494,302.8944540394376
2017-08-08 15:45:00,3,303.76703039780637,302.9480892394131
2017-08-08 16:00:00,3,303.8023949482267,302.9925552497025
2017-08-08 16:15:00,3,303.82831673002664,303.0278676365608
2017-08-08 16:30:00,3,303.84442682016595,303.0531007263787
2017-08-08 16:45:00,3,303.85039517485933,303.06745052251915
2017-08-08 17:00:00,3,303.8466850712734,303.0712080367771
2017-08-08 17:15:00,3,303.83387550118965,303.06517293156725
2017-08-08 17:30:00,3,303.81214459038654,303.04998035413934
2017-08-08 17:45:00,3,303.7815287025601,303.02599368898495
2017-08-08 18:00:00,3,303.74140671763695,302.99276925401074
2017-08-08 18:15:00,3,303.6891291654524,302.94836403449295
2017-08-08 18:30:00,3,303.6216864060195,302.8901443401704
2017-08-08 18:45:00,3,303.53713587838683,302.81588296726676
2017-08-08 19:00:00,3,303.4321789481655,302.7222239786775
2017-08-08 19:15:00,3,303.30189256651795,302.6062044802264
2017-08-08 19:30:00,3,303.15122574895463,302.47151879119303
2017-08-08 19:45:00,3,302.9914061797563,302.3261543272021
2017-08-08 20:00:00,3,302.8311549194606,302.17984859667655
2017-08-08 20:15:00,3,302.6751570261808,302.03700401200314
2017-08-08 20:30:00,3,302.52551622064203,301.8990784977363
2017-08-08 20:45:00,3,302.38336865201126,301.7668302569955
2017-08-08 21:00:00,3,302.2492641265514,301.6401795480605
2017-08-08 21:15:00,3,302.1231396614612,301.5171930725171
2017-08-08 21:30:00,3,302.0045112777209,301.3974241599002
2017-08-08 21:45:00,3,301.892691621716,301.2812873731229
2017-08-08 22:00:00,3,301.7869636638723,301.1689851358735
2017-08-08 22:15:00,3,301.68665411599204,301.06015367846067
2017-08-08 22:30:00,3,301.59127528705267,300.95403848164483
2017-08-08 22:45:00,3,301.5007976420537,300.85139822613735
2017-08-08 23:00:00,3,301.41532296189496,300.75774376074764
2017-08-08 23:15:00,3,301.3347419545481,300.67365211981377
2017-08-08 23:30:00,3,301.2587937363993,300.59672183666953
2017-08-08 23:45:00,3,301.18730510016127,300.5248705078875
2017-08-09 00:00:00,3,301.1201705361124,300.4573673488582
2017-08-09 00:15:00,3,301.05722352894384,300.39420040030274
2017-08-09 00:30:00,3,300.99821217527995,300.335335389075
2017-08-09 00:45:00,3,300.94282104229393,300.28048041999193
2017-08-09 01:00:00,3,300.89071712279076,300.2292085259404
2017-08-09 01:15:00,3,300.8415767629966,300.1810937270354
2017-08-09 01:30:00,3,300.7948791077484,300.1355542550762
2017-08-09 01:45:00,3,300.74941104332726,300.09152370402995
2017-08-09 02:00:00,3,300.7037410755865,300.0475943292672
2017-08-09 02:15:00,3,300.65684282721446,300.0025237417561
2017-08-09 02:30:00,3,300.60836415327924,299.9557550995191
2017-08-09 02:45:00,3,300.5589876793527,299.907735499489
2017-08-09 03:00:00,3,300.509852246533,299.8596024846733
2017-08-09 03:15:00,3,300.46184034719124,299.8124915233491
2017-08-09 03:30:00,3,300.4154289393071,299.7670661244196
2017-08-09 03:45:00,3,300.3707477988792,299.7235014359335
2017-08-09 04:00:00,3,300.32772435381804,299.6816988738407
2017-08-09 04:15:00,3,300.2862142405321,299.641475852178
2017-08-09 04:30:00,3,300.2460153647244,299.60259748290383
2017-08-09 04:45:00,3,300.20677242119467,299.5646779193275
2017-08-09 05:00:00,3,300.16807663957553,299.5272211561441
2017-08-09 05:15:00,3,300.1296555782959,299.48985143443747
2017-08-09 05:30:00,3,300.09204194019134,299.4531300008789
2017-08-09 05:45:00,3,300.0593653442551,299.4210436283018
2017-08-09 06:00:00,3,300.0402149171932,299.40061329793036
2017-08-09 06:15:00,3,300.0397110089559,299.39713824735054
2017-08-09 06:30:00,3,300.05775592684273,299.4115385102356
2017-08-09 06:45:00,3,300.09300852807235,299.442417930764
2017-08-09 07:00:00,3,300.1441025895489,299.48839584266756
2017-08-09 07:15:00,3,300.2086691922592,299.5472282903619
2017-08-09 07:30:00,3,300.28389040690365,299.6158567695579
2017-08-09 07:45:00,3,300.36739287883813,299.69079323712333
2017-08-09 08:00:00,3,300.45717115171425,299.768175475975
2017-08-09 08:15:00,3,300.5521265006421,299.83984074332596
2017-08-09 08:30:00,3,300.6521850256308,299.9127737088356
2017-08-09 08:45:00,3,300.75763161784454,299.99343982107627
2017-08-09 09:00:00,3,300.86868526087034,300.0837764085701
2017-08-09 09:15:00,3,300.9847056620671,300.18318642519563
2017-08-09 09:30:00,3,301.10448502158835,300.2918213796112
2017-08-09 09:45:00,3,301.22707981663143,300.4130389656324
2017-08-09 10:00:00,3,301.35174263134274,300.5404743531217
2017-08-09 10:15:00,3,301.47756483563194,300.66813803344326
2017-08-09 10:30:00,3,301.60345938491554,300.79371952630476
2017-08-09 10:45:00,3,301.72820145514385,300.916920299017
2017-08-09 11:00:00,3,301.85071289318654,301.03770196252003
2017-08-09 11:15:00,3,301.97013488358687,301.1556161652278
2017-08-09 11:30:00,3,302.0858840233337,301.27001953431454
2017-08-09 11:45:00,3,302.1978708975987,301.3805453628406
2017-08-09 12:00:00,3,302.30626776676587,301.4872202417966
2017-08-09 12:15:00,3,302.41115854587514,301.59024267957034
2017-08-09 12:30:00,3,302.5129426055115,301.69007996707916
2017-08-09 12:45:00,3,302.61283970075203,301.7876745980914
2017-08-09 13:00:00,3,302.71176482377797,301.8841642170569
2017-08-09 13:15:00,3,302.8096677341696,301.9803561396729
2017-08-09 13:30:00,3,302.9058233006652,302.0762839123987
2017-08-09 13:45:00,3,302.9991285142492,302.1711604948737
2017-08-09 14:00:00,3,303.088507348886,302.26373607163293
2017-08-09 14:15:00,3,303.17296979507404,302.35268215342575
2017-08-09 14:30:00,3,303.25153204474196,302.43671637893357
2017-08-09 14:45:00,3,303.323052169382,302.51452470339035
2017-08-09 15:00:00,3,303.3864646259048,302.5848391478807
2017-08-09 15:15:00,3,303.4408702602314,302.6466021245587
2017-08-09 15:30:00,3,303.4857931850564,302.6992724283907
2017-08-09 15:45:00,3,303.52162866367433,302.7432006893151
2017-08-09 16:00:00,3,303.54902690612556,302.7792585479652
2017-08-09 16:15:00,3,303.56809519806023,302.8075800452097
2017-08-09 16:30:00,3,303.57859978221023,302.8273576166724
2017-08-09 16:45:00,3,303.58078241999925,302.83815764460695
2017-08-09 17:00:00,3,303.57575443564514,302.8408551608754
2017-08-09 17:15:00,3,303.5644132599347,302.8365308245816
2017-08-09 17:30:00,3,303.5470064588956,302.8258139221392
2017-08-09 17:45:00,3,303.5236799036783,302.8092153011938
2017-08-09 18:00:00,3,303.49379988798853,302.786509556403
2017-08-09 18:15:00,3,303.4542586916034,302.75559403098634
2017-08-09 18:30:00,3,303.40112489380437,302.713040177883
2017-08-09 18:45:00,3,303.3309148121914,302.65514381974623
2017-08-09 19:00:00,3,303.238209284946,302.5763903554481
2017-08-09 19:15:00,3,303.11582600228195,302.47228676580033
2017-08-09 19:30:00,3,302.9691732068308,302.3427798350456
2017-08-09 19:45:00,3,302.8111671687097,302.1974805061628
2017-08-09 20:00:00,3,302.6515005068115,302.0488820768056
2017-08-09 20:15:00,3,302.4953465950841,301.90277168429003
2017-08-09 20:30:00,3,302.3451717572027,301.76186917077524
2017-08-09 20:45:00,3,302.20265369593636,301.62735855765726
2017-08-09 21:00:00,3,302.0689852675547,301.4998708380657
2017-08-09 21:15:00,3,301.94460277591827,301.3775168194906
2017-08-09 21:30:00,3,301.8292422570152,301.259951911004
2017-08-09 21:45:00,3,301.72201650273564,301.1475751817055
2017-08-09 22:00:00,3,301.6217691634277,301.04027537533
2017-08-09 22:15:00,3,301.5274262224656,300.9371545224069
2017-08-09 22:30:00,3,301.4381707159347,300.83653091016913
2017-08-09 22:45:00,3,301.35361649602316,300.7428725452554
2017-08-09 23:00:00,3,301.2736179398966,300.65818440443564
2017-08-09 23:15:00,3,301.19799876408695,300.5809949080436
2017-08-09 23:30:00,3,301.1264908320423,300.50915013583665
2017-08-09 23:45:00,3,301.058747177899,300.4413672699015
2017-08-10 00:00:00,3,300.9943444537477,300.37709360763665
2017-08-10 00:15:00,3,300.93282568410575,300.31591631637735
2017-08-10 00:30:00,3,300.8736827706444,300.25723575502485
2017-08-10 00:45:00,3,300.81623338001356,300.20024606992064
2017-08-10 01:00:00,3,300.7597904224132,300.144129542811
2017-08-10 01:15:00,3,300.70386612553204,300.08826462906006
2017-08-10 01:30:00,3,300.64833583314277,300.0325089800093
2017-08-10 01:45:00,3,300.5937406450992,299.97745579782094
2017-08-10 02:00:00,3,300.5409602935453,299.92420937896117
2017-08-10 02:15:00,3,300.4907030441194,299.8738264737992
2017-08-10 02:30:00,3,300.44315339506113,299.82668743926104
2017-08-10 02:45:00,3,300.39751498222404,299.7820830840828
2017-08-10 03:00:00,3,300.3525297851973,299.7385492709924
2017-08-10 03:15:00,3,300.3072156408701,299.6946564415321
2017-08-10 03:30:00,3,300.26108929154543,299.64960522093605
2017-08-10 03:45:00,3,300.21410312400167,299.6033264139079
2017-08-10 04:00:00,3,300.1664004189321,299.5561653717778
2017-08-10 04:15:00,3,300.11813969392,299.50851597222294
2017-08-10 04:30:00,3,300.0695710798654,299.46076533444574
2017-08-10 04:45:00,3,300.02135266343134,299.4134936810905
2017-08-10 05:00:00,3,299.9743038467345,299.3674335138689
2017-08-10 05:15:00,3,299.929033005292,299.3232171595528
2017-08-10 05:30:00,3,299.8863946224363,299.2817981838996
2017-08-10 05:45:00,3,299.8503016554245,299.2469863258253
2017-08-10 06:00:00,3,299.82903596289884,299.22535324313867
2017-08-10 06:15:00,3,299.82741209479417,299.2217116243513
2017-08-10 06:30:00,3,299.84501375296685,299.23659817167885
2017-08-10 06:45:00,3,299.88027557437294,299.26842062716923
2017-08-10 07:00:00,3,299.9317095651082,299.3156770413331
2017-08-10 07:15:00,3,299.9969309759341,299.3760017312442
2017-08-10 07:30:00,3,300.0732717918925,299.4462904660682
2017-08-10 07:45:00,3,300.1583827457032,299.52313168318966
2017-08-10 08:00:00,3,300.2505796521668,299.6030274620229
2017-08-10 08:15:00,3,300.34949910893084,299.6765388781568
2017-08-10 08:30:00,3,300.45592479873443,299.7524156800845
2017-08-10 08:45:00,3,300.5707324761317,299.8379503451355
2017-08-10 09:00:00,3,300.6937764415362,299.9351391544332
2017-08-10 09:15:00,3,300.8238792176335,300.0427840624533
2017-08-10 09:30:00,3,300.9596383749721,300.15983770347765
2017-08-10 09:45:00,3,301.10019854738,300.29196701380357
2017-08-10 10:00:00,3,301.24500349530194,300.43319782518506
2017-08-10 10:15:00,3,301.39322254037063,300.57708490714566
2017-08-10 10:30:00,3,301.5436306478062,300.72058162427965
2017-08-10 10:45:00,3,301.69452442134076,300.86302365463
2017-08-10 11:00:00,3,301.84414060726317,301.0039121730321
2017-08-10 11:15:00,3,301.990998239156,301.14215603863227
2017-08-10 11:30:00,3,302.1339874605073,301.27657972107636
2017-08-10 11:45:00,3,302.2724157556016,301.40638914441513
2017-08-10 12:00:00,3,302.40585620382365,301.5311886535575
2017-08-10 12:15:00,3,302.53396133138494,301.6508108927219
2017-08-10 12:30:00,3,302.6571569709507,301.7657185515759
2017-08-10 12:45:00,3,302.77778732688677,301.87764012284794
2017-08-10 13:00:00,3,302.8984552631909,301.9892279107135
2017-08-10 13:15:00,3,303.0203514567943,302.1028520104049
2017-08-10 13:30:00,3,303.14322222962204,302.2193708385408
2017-08-10 13:45:00,3,303.2656358706769,302.3377242201331
2017-08-10 14:00:00,3,303.3857072404158,302.45563276596357
2017-08-10 14:15:00,3,303.5016055641269,302.57063451557394
2017-08-10 14:30:00,3,303.6116164849389,302.68056066857054
2017-08-10 14:45:00,3,303.71389955123806,302.78343544450337
2017-08-10 15:00:00,3,303.8067042428357,302.8774423690532
2017-08-10 15:15:00,3,303.8884942014428,302.96104882172347
2017-08-10 15:30:00,3,303.95815900226273,303.03328601505905
2017-08-10 15:45:00,3,304.01528616034216,303.09394165333595
2017-08-10 16:00:00,3,304.0597541559901,303.14316051320253
2017-08-10 16:15:00,3,304.0910969492486,303.1810377115809
2017-08-10 16:30:00,3,304.10885600122106,303.20770959325904
2017-08-10 16:45:00,3,304.1134019216822,303.22407260043656
2017-08-10 17:00:00,3,304.1063173906175,303.2295228678945
2017-08-10 17:15:00,3,304.0891356329657,303.2240982399046
2017-08-10 17:30:00,3,304.0625667893854,303.2084677923177
2017-08-10 17:45:00,3,304.0267803304961,303.1830999508905
2017-08-10 18:00:00,3,303.9808943261981,303.1466675949659
2017-08-10 18:15:00,3,303.9213316581544,303.09820593105803
2017-08-10 18:30:00,3,303.84373954901184,303.03478044552315
2017-08-10 18:45:00,3,303.74461644006834,302.9526209546644
2017-08-10 19:00:00,3,303.6186638206164,302.8461861558992
2017-08-10 19:15:00,3,303.458801056464,302.7115880931163
2017-08-10 19:30:00,3,303.27133812705887,302.54889602612485
2017-08-10 19:45:00,3,303.0710278832356,302.36750864952114
2017-08-10 20:00:00,3,302.8694335973367,302.1793354145899
2017-08-10 20:15:00,3,302.67310315404586,301.9942513785773
2017-08-10 20:30:00,3,302.48526489115676,301.81724170252414
2017-08-10 20:45:00,3,302.30773182576496,301.6505464479091
2017-08-10 21:00:00,3,302.1414738963319,301.4905326157378
2017-08-10 21:15:00,3,301.98664328590945,301.3355464961043
2017-08-10 21:30:00,3,301.84279442601456,301.1862770570029
2017-08-10 21:45:00,3,301.7091140233974,301.0434726683247
2017-08-10 22:00:00,3,301.5846345447228,300.90645449015256
2017-08-10 22:15:00,3,301.46838944787305,300.7783809243822
2017-08-10 22:30:00,3,301.3595880158445,300.6637031392807
2017-08-10 22:45:00,3,301.2578901934386,300.56121116953324
2017-08-10 23:00:00,3,301.16317443893325,300.46770847291975
2017-08-10 23:15:00,3,301.0752141665061,300.381176612659
2017-08-10 23:30:00,3,300.9936409755464,300.30100216682587
2017-08-10 23:45:00,3,300.91802676895855,300.2270166661882
2017-08-11 00:00:00,3,300.8479243940732,300.15888955778473
2017-08-11 00:15:00,3,300.7828746855292,300.0960910626767
2017-08-11 00:30:00,3,300.7223721335572,300.0380200415131
2017-08-11 00:45:00,3,300.6657591315608,299.98401374487696
2017-08-11 01:00:00,3,300.61233476925406,299.9333484893769
2017-08-11 01:15:00,3,300.56151031706236,299.8853337399994
2017-08-11 01:30:00,3,300.5127882451183,299.8393602337793
2017-08-11 01:45:00,3,300.4656307864189,299.7948714602844
2017-08-11 02:00:00,3,300.41953849125974,299.7513880867042
2017-08-11 02:15:00,3,300.3741496077304,299.7085410101609
2017-08-11 02:30:00,3,300.3291414655739,299.66597040451796
2017-08-11 02:45:00,3,300.28396671281314,299.6231247029042
2017-08-11 03:00:00,3,300.2379818521868,299.5792738049097
2017-08-11 03:15:00,3,300.1907380701905,299.5337848315494
2017-08-11 03:30:00,3,300.1422290913677,299.4865397577621
2017-08-11 03:45:00,3,300.09310678816325,299.4381720470499
2017-08-11 04:00:00,3,300.0442623506723,299.3897569805066
2017-08-11 04:15:00,3,299.99637958464723,299.3422673989947
2017-08-11 04:30:00,3,299.9498550451407,299.2962799222436
2017-08-11 04:45:00,3,299.90486585397775,299.2520089329778
2017-08-11 05:00:00,3,299.86144958986193,299.2094669081147
2017-08-11 05:15:00,3,299.8195632347501,299.1685856583189
2017-08-11 05:30:00,3,299.7791715705451,299.1293632733572
2017-08-11 05:45:00,3,299.7427454117674,299.0946774871877
2017-08-11 06:00:00,3,299.7194692110104,299.07160227571075
2017-08-11 06:15:00,3,299.71587017837646,299.06639529202545
2017-08-11 06:30:00,3,299.7320489624514,299.0804706983131
2017-08-11 06:45:00,3,299.766215688235,299.11215395390843
2017-08-11 07:00:00,3,299.8164929567255,299.15930465131646
2017-08-11 07:15:00,3,299.8801774774612,299.21882569229854
2017-08-11 07:30:00,3,299.9544025806505,299.28748969464635
2017-08-11 07:45:00,3,300.03664620899684,299.3618396932785
2017-08-11 08:00:00,3,300.12489034052965,299.43858649309317
2017-08-11 08:15:00,3,300.2182677026969,299.5131904673763
2017-08-11 08:30:00,3,300.3171026707634,299.58256999981614
2017-08-11 08:45:00,3,300.4223158398106,299.6563968961186
2017-08-11 09:00:00,3,300.53420681682655,299.74091523209665
2017-08-11 09:15:00,3,300.6520659555181,299.8364964479088
2017-08-11 09:30:00,3,300.77472811935706,299.94113027201064
2017-08-11 09:45:00,3,300.90111462812143,300.0536645449281
2017-08-11 10:00:00,3,301.0302666677519,300.1769050486456
2017-08-11 10:15:00,3,301.16110614593134,300.30948189321117
2017-08-11 10:30:00,3,301.29250535432226,300.4443904091206
2017-08-11 10:45:00,3,301.4234490619752,300.57665425225906
2017-08-11 11:00:00,3,301.5530403438255,300.70426852955893
2017-08-11 11:15:00,3,301.6804297557213,300.8279309943213
2017-08-11 11:30:00,3,301.80480106991365,300.94895566846856
2017-08-11 11:45:00,3,301.9254068381154,301.0673654641576
2017-08-11 12:00:00,3,302.0418021110922,301.18236062192125
2017-08-11 12:15:00,3,302.153800882812,301.2931397753303
2017-08-11 12:30:00,3,302.26176228907684,301.3995514458233
2017-08-11 12:45:00,3,302.36684843093985,301.50219486194436
2017-08-11 13:00:00,3,302.4698064419971,301.6019628368458
2017-08-11 13:15:00,3,302.57038505605624,301.69947253388955
2017-08-11 13:30:00,3,302.66795222392994,301.79488617502
2017-08-11 13:45:00,3,302.76235209424846,301.88827333783325
2017-08-11 14:00:00,3,302.8537064801973,301.97975346896226
2017-08-11 14:15:00,3,302.94179505088977,302.0692229878965
2017-08-11 14:30:00,3,303.02607385014596,302.1561996861989
2017-08-11 14:45:00,3,303.1059611046656,302.24000823906835
2017-08-11 15:00:00,3,303.1809005863172,302.3199485706415
2017-08-11 15:15:00,3,303.2501459681211,302.39526340382787
2017-08-11 15:30:00,3,303.3128459853114,302.46535044762163
2017-08-11 15:45:00,3,303.3681558549994,302.5298278434495
2017-08-11 16:00:00,3,303.41528301559106,302.58813165848557
2017-08-11 16:15:00,3,303.45333422677356,302.6388172178849
2017-08-11 16:30:00,3,303.4813876285821,302.68035213570863
2017-08-11 16:45:00,3,303.4988713110182,302.7117075019975
2017-08-11 17:00:00,3,303.5061803189412,302.7324964900401
2017-08-11 17:15:00,3,303.50387180146816,302.74231476629177
2017-08-11 17:30:00,3,303.49211070033937,302.7406822908916
2017-08-11 17:45:00,3,303.4709227904791,302.72781559832356
2017-08-11 18:00:00,3,303.43960257312875,302.7039453049358
2017-08-11 18:15:00,3,303.39513154290046,302.66772450987196
2017-08-11 18:30:00,3,303.3337817322398,302.6164589697352
2017-08-11 18:45:00,3,303.2521479853252,302.5469513177358
2017-08-11 19:00:00,3,303.14523756413166,302.45433667563054
2017-08-11 19:15:00,3,303.00748691686107,302.33515917689084
2017-08-11 19:30:00,3,302.845348681148,302.19282091009353
2017-08-11 19:45:00,3,302.67227610323147,302.03726011142805
2017-08-11 20:00:00,3,302.4985488753015,301.87614924751244
2017-08-11 20:15:00,3,302.3297467783198,301.7170040963444
2017-08-11 20:30:00,3,302.1684444988375,301.5646132769792
2017-08-11 20:45:00,3,302.0160331462426,301.4216263604468
2017-08-11 21:00:00,3,301.8732018316426,301.2838436530014
2017-08-11 21:15:00,3,301.7399390907637,301.15005796640975
2017-08-11 21:30:00,3,301.6157137194462,301.02112250607064
2017-08-11 21:45:00,3,301.4996069300063,300.8976720224257
2017-08-11 22:00:00,3,301.39055105324394,300.779184826447
2017-08-11 22:15:00,3,301.28754596740544,300.66393308666926
2017-08-11 22:30:00,3,301.1897742114008,300.55553884399427
2017-08-11 22:45:00,3,301.09672956904205,300.45680286802184
2017-08-11 23:00:00,3,301.00810504628225,300.36633932296553
2017-08-11 23:15:00,3,300.92361170594376,300.2815563530293
2017-08-11 23:30:00,3,300.8429412750237,300.20088109764157
2017-08-11 23:45:00,3,300.76581000482406,300.12385206248103
2017-08-12 00:00:00,3,300.6919499993589,300.0503758178737
2017-08-12 00:15:00,3,300.6210861273345,299.98025909511676
2017-08-12 00:30:00,3,300.55302167650007,299.91324562254965
2017-08-12 00:45:00,3,300.48783913754363,299.8492640806959
2017-08-12 01:00:00,3,300.4257285585011,299.7884277370897
2017-08-12 01:15:00,3,300.36675386312623,299.73082571878206
2017-08-12 01:30:00,3,300.3107408179277,299.6763004259811
2017-08-12 01:45:00,3,300.2571205076061,299.6243219106426
2017-08-12 02:00:00,3,300.2051751311364,299.5741517686041
2017-08-12 02:15:00,3,300.15433112596924,299.5251323804397
2017-08-12 02:30:00,3,300.10420800407024,299.47682685344523
2017-08-12 02:45:00,3,300.0545532708283,299.42894143892704
2017-08-12 03:00:00,3,300.00515161583576,299.3811700426247
2017-08-12 03:15:00,3,299.95583908043125,299.3331816411398
2017-08-12 03:30:00,3,299.90658095807754,299.28476031676655
2017-08-12 03:45:00,3,299.8574073608406,299.2359279264569
2017-08-12 04:00:00,3,299.80833903501247,299.18689295634186
2017-08-12 04:15:00,3,299.7593980746289,299.13790462024286
2017-08-12 04:30:00,3,299.7109385793766,299.089496170604
2017-08-12 04:45:00,3,299.66451292241555,299.0430023915913
2017-08-12 05:00:00,3,299.62226458008115,299.00034338323087
2017-08-12 05:15:00,3,299.5858045221251,298.9633089838932
2017-08-12 05:30:00,3,299.5557386046667,298.93256830677683
2017-08-12 05:45:00,3,299.5316957336147,298.9078561110707
2017-08-12 06:00:00,3,299.5148809573874,298.89024850365223
2017-08-12 06:15:00,3,299.5104552172531,298.8836136940548
2017-08-12 06:30:00,3,299.52304850775846,298.8925029702121
2017-08-12 06:45:00,3,299.5543065445333,298.91956895589567
2017-08-12 07:00:00,3,299.6033821323543,298.9637628576911
2017-08-12 07:15:00,3,299.66672742656556,299.021071649545
2017-08-12 07:30:00,3,299.7400893722322,299.087040735291
2017-08-12 07:45:00,3,299.8208404868492,299.15784387731685
2017-08-12 08:00:00,3,299.907764013714,299.23072640326177
2017-08-12 08:15:00,3,300.0007058340872,299.3005513813251
2017-08-12 08:30:00,3,300.10057261431905,299.36883283908287
2017-08-12 08:45:00,3,300.2090764324072,299.44404235738114
2017-08-12 09:00:00,3,300.32719004352816,299.531712394966
2017-08-12 09:15:00,3,300.4544177116361,299.63231271268205
2017-08-12 09:30:00,3,300.5890742178696,299.74394069007593
2017-08-12 09:45:00,3,300.727931926084,299.86468452834697
2017-08-12 10:00:00,3,300.86690220439004,299.99676326285004
2017-08-12 10:15:00,3,301.0023861356993,300.1349537191912
2017-08-12 10:30:00,3,301.1323713424136,300.2705764204168
2017-08-12 10:45:00,3,301.2575155697189,300.3994425524799
2017-08-12 11:00:00,3,301.3798772703724,300.52220941999684
2017-08-12 11:15:00,3,301.50103083934266,300.64103019177884
2017-08-12 11:30:00,3,301.6215877075362,300.7573770295844
2017-08-12 11:45:00,3,301.741350374328,300.87364191784087
2017-08-12 12:00:00,3,301.8597420461801,300.99010664052975
2017-08-12 12:15:00,3,301.976109680434,301.1057074407951
2017-08-12 12:30:00,3,302.0901962649261,301.2194049966683
2017-08-12 12:45:00,3,302.2023339627547,301.3308606878901
2017-08-12 13:00:00,3,302.3125423086606,301.44024709717286
2017-08-12 13:15:00,3,302.4201879123473,301.5477249910248
2017-08-12 13:30:00,3,302.5245801704805,301.65331068440025
2017-08-12 13:45:00,3,302.6258167894396,301.75704365634704
2017-08-12 14:00:00,3,302.72434243275507,301.858893868352
2017-08-12 14:15:00,3,302.820136516701,301.9586705450398
2017-08-12 14:30:00,3,302.9125698776114,302.0558312525936
2017-08-12 14:45:00,3,303.00037572757304,302.14930471448986
2017-08-12 15:00:00,3,303.08190408713494,302.2377365261502
2017-08-12 15:15:00,3,303.15478930414423,302.31943546416915
2017-08-12 15:30:00,3,303.2165551802931,302.3920787343272
2017-08-12 15:45:00,3,303.26541526448204,302.4532297981376
2017-08-12 16:00:00,3,303.3006099456209,302.5008809994806
2017-08-12 16:15:00,3,303.32228338215896,302.53425894967717
2017-08-12 16:30:00,3,303.3309870514106,302.55368473146314
2017-08-12 16:45:00,3,303.3274363220834,302.56022912807066
2017-08-12 17:00:00,3,303.31319941739247,302.5559272762739
2017-08-12 17:15:00,3,303.2910595757474,302.54362479110074
2017-08-12 17:30:00,3,303.2637102806748,302.526175082846
2017-08-12 17:45:00,3,303.233002852998,302.50569408745065
2017-08-12 18:00:00,3,303.19870341798634,302.48198459988794
2017-08-12 18:15:00,3,303.1562111584983,302.4512039812418
2017-08-12 18:30:00,3,303.0996273313367,302.40766190430054
2017-08-12 18:45:00,3,303.0241967077146,302.3461358861267
2017-08-12 19:00:00,3,302.9243770878546,302.2611019328478
2017-08-12 19:15:00,3,302.7947422482717,302.1492665465591
2017-08-12 19:30:00,3,302.6417343880936,302.0142284930094
2017-08-12 19:45:00,3,302.4784253653316,301.86530591933285
2017-08-12 20:00:00,3,302.31477655246726,301.7137778001348
2017-08-12 20:15:00,3,302.1562149061266,301.5660629140827
2017-08-12 20:30:00,3,302.0050825166748,301.42475210353683
2017-08-12 20:45:00,3,301.862061138736,301.2906625417609
2017-08-12 21:00:00,3,301.726972536916,301.16211744468734
2017-08-12 21:15:00,3,301.5992203707598,301.036432113839
2017-08-12 21:30:00,3,301.4781799184468,300.9130285774834
2017-08-12 21:45:00,3,301.363611047781,300.79266766063427
2017-08-12 22:00:00,3,301.2554393088134,300.6761021661764
2017-08-12 22:15:00,3,301.15343304875995,300.5633490322631
2017-08-12 22:30:00,3,301.05713380465255,300.4524934667087
2017-08-12 22:45:00,3,300.9657988391468,300.3518612115622
2017-08-12 23:00:00,3,300.87855283967855,300.2613776630461
2017-08-12 23:15:00,3,300.79458618469823,300.1770170652711
2017-08-12 23:30:00,3,300.71339008542975,300.09577622809456
2017-08-12 23:45:00,3,300.6352023089778,300.01712638498094
2017-08-13 00:00:00,3,300.5606475675672,299.94195647778224
2017-08-13 00:15:00,3,300.49016334540573,299.87115330384523
2017-08-13 00:30:00,3,300.4237553005651,299.8048867978608
2017-08-13 00:45:00,3,300.3607857972558,299.74249713511205
2017-08-13 01:00:00,3,300.30032931002637,299.6828777127499
2017-08-13 01:15:00,3,300.2416056889373,299.62500770951766
2017-08-13 01:30:00,3,300.18412114017843,299.5682629376388
2017-08-13 01:45:00,3,300.1277302738568,299.5124219501137
2017-08-13 02:00:00,3,300.07246200520194,299.45747147457985
2017-08-13 02:15:00,3,300.0183646137936,299.4034575675587
2017-08-13 02:30:00,3,299.9654745507134,299.35042020147864
2017-08-13 02:45:00,3,299.91369866337203,299.2983509848392
2017-08-13 03:00:00,3,299.86284956177514,299.2472026358475
2017-08-13 03:15:00,3,299.81276448644104,299.1969404014238
2017-08-13 03:30:00,3,299.7635638365633,299.1478078264617
2017-08-13 03:45:00,3,299.71625400150896,299.10073466417435
2017-08-13 04:00:00,3,299.6722845184834,299.05713046018434
2017-08-13 04:15:00,3,299.63272542605864,299.01819068938204
2017-08-13 04:30:00,3,299.5979935250093,298.9844855501422
2017-08-13 04:45:00,3,299.56787141804256,298.95563239800384
2017-08-13 05:00:00,3,299.5418281786175,298.93072392712554
2017-08-13 05:15:00,3,299.51931729734076,298.90890022057863
2017-08-13 05:30:00,3,299.49957686887655,298.88934090476164
2017-08-13 05:45:00,3,299.48275968950816,298.87281760308355
2017-08-13 06:00:00,3,299.4741210595557,298.86332198713967
2017-08-13 06:15:00,3,299.4781980100431,298.86518374427556
2017-08-13 06:30:00,3,299.49581074483757,298.8803175178988
2017-08-13 06:45:00,3,299.5271606604527,298.9089218010662
2017-08-13 07:00:00,3,299.5724144310851,298.95004196976686
2017-08-13 07:15:00,3,299.6300731062173,299.0021133862776
2017-08-13 07:30:00,3,299.69716251035527,299.0625522593405
2017-08-13 07:45:00,3,299.770746740617,299.12798656716916
2017-08-13 08:00:00,3,299.8489878627463,299.1955627718784
2017-08-13 08:15:00,3,299.93216914308266,299.26273268504383
2017-08-13 08:30:00,3,300.02178657282747,299.32761199857896
2017-08-13 08:45:00,3,300.1193508679389,299.3976210304385
2017-08-13 09:00:00,3,300.2256853400185,299.4774664306785
2017-08-13 09:15:00,3,300.3407387097741,299.5667261484351
2017-08-13 09:30:00,3,300.4641151243567,299.66568047235387
2017-08-13 09:45:00,3,300.5953561056003,299.7768875225583
2017-08-13 10:00:00,3,300.73387990371884,299.9079996600367
2017-08-13 10:15:00,3,300.87865514763627,300.0528346618546
2017-08-13 10:30:00,3,301.02784297005974,300.2030509692938
2017-08-13 10:45:00,3,301.17763125429485,300.35255571953064
2017-08-13 11:00:00,3,301.32318432961216,300.4973929525526
2017-08-13 11:15:00,3,301.46020918801605,300.63458454863314
2017-08-13 11:30:00,3,301.5859988206243,300.7619533097875
2017-08-13 11:45:00,3,301.70057137968865,300.8788750177513
2017-08-13 12:00:00,3,301.80553072863603,300.9862624016776
2017-08-13 12:15:00,3,301.9024097148873,301.08566864321733
2017-08-13 12:30:00,3,301.99294800617525,301.1789328204845
2017-08-13 12:45:00,3,302.0801454375831,301.2685216686354
2017-08-13 13:00:00,3,302.1670759757948,301.35725297296665
2017-08-13 13:15:00,3,302.2557524730987,301.4475069512684
2017-08-13 13:30:00,3,302.3472987690728,301.5408424905966
2017-08-13 13:45:00,3,302.44240141721815,301.63813131292466
2017-08-13 14:00:00,3,302.5411841935306,301.739584875276
2017-08-13 14:15:00,3,302.6428233607692,301.8446067725224
2017-08-13 14:30:00,3,302.745311075498,301.9513759152212
2017-08-13 14:45:00,3,302.8444579942157,302.0563585731565
2017-08-13 15:00:00,3,302.9355055553487,302.1551795781554
2017-08-13 15:15:00,3,303.0151825410713,302.24370148550554
2017-08-13 15:30:00,3,303.0825286560877,302.31963241554365
2017-08-13 15:45:00,3,303.13975971051167,302.384485201163
2017-08-13 16:00:00,3,303.1898999037455,302.441932000408
2017-08-13 16:15:00,3,303.2336925357348,302.49434666514077
2017-08-13 16:30:00,3,303.26996540321005,302.54118789194735
2017-08-13 16:45:00,3,303.29642095530056,302.57952445579355
2017-08-13 17:00:00,3,303.3102091618284,302.6052954019808
2017-08-13 17:15:00,3,303.3069026952331,302.6136979981887
2017-08-13 17:30:00,3,303.28128776678943,302.5999395000903
2017-08-13 17:45:00,3,303.2300349181478,302.5607869345144
2017-08-13 18:00:00,3,303.15236941630786,302.4964104989174
2017-08-13 18:15:00,3,303.05379956414885,302.41196971157024
2017-08-13 18:30:00,3,302.94242995228575,302.3148152751162
2017-08-13 18:45:00,3,302.8234467463073,302.2112732289916
2017-08-13 19:00:00,3,302.6989943174729,302.1039572518617
2017-08-13 19:15:00,3,302.57162360982585,301.99405645212306
2017-08-13 19:30:00,3,302.4450904267727,301.88393617266433
2017-08-13 19:45:00,3,302.3220072429324,301.7758796260625
2017-08-13 20:00:00,3,302.20324370680976,301.67115368288046
2017-08-13 20:15:00,3,302.088743049855,301.5703646321727
2017-08-13 20:30:00,3,301.97806040496545,301.4711505809446
2017-08-13 20:45:00,3,301.87060225768903,301.37302836480615
2017-08-13 21:00:00,3,301.76575972963377,301.2774923612787
2017-08-13 21:15:00,3,301.66299216388535,301.18334951380143
2017-08-13 21:30:00,3,301.56212059427287,301.08750333835917
2017-08-13 21:45:00,3,301.4639010673205,300.98962427788285
2017-08-13 22:00:00,3,301.36935806989317,300.8915425256436
2017-08-13 22:15:00,3,301.27905126378556,300.7952705186426
2017-08-13 22:30:00,3,301.1930369378457,300.7018701023066
2017-08-13 22:45:00,3,301.11099030857713,300.6113830787964
2017-08-13 23:00:00,3,301.0323989094282,300.52322114768117
2017-08-13 23:15:00,3,300.95673176531403,300.4363907267567
2017-08-13 23:30:00,3,300.88365956156065,300.3522471989576
2017-08-13 23:45:00,3,300.8134475256027,300.2742455921644
2017-08-14 00:00:00,3,300.7466308844833,300.20292474900117
2017-08-14 00:15:00,3,300.6835351600348,300.1371276017384
2017-08-14 00:30:00,3,300.6239262036056,300.0754924418165
2017-08-14 00:45:00,3,300.56644818453424,300.01652382809175
2017-08-14 01:00:00,3,300.5093031765672,299.95845031779896
2017-08-14 01:15:00,3,300.45113244985765,299.8995482451253
2017-08-14 01:30:00,3,300.39150551178034,299.83895600966133
2017-08-14 01:45:00,3,300.3315674635716,299.7774883241984
2017-08-14 02:00:00,3,300.2732720304983,299.7172887577508
2017-08-14 02:15:00,3,300.2182205398734,299.66058487797625
2017-08-14 02:30:00,3,300.1673416582075,299.6087207367762
2017-08-14 02:45:00,3,300.1210776077702,299.5620082095372
2017-08-14 03:00:00,3,300.0795518739483,299.5201279974382
2017-08-14 03:15:00,3,300.04264136937906,299.4825618208703
2017-08-14 03:30:00,3,300.00984142672047,299.4487759624375
2017-08-14 03:45:00,3,299.979803534708,299.41777662485043
2017-08-14 04:00:00,3,299.9508381222587,299.38823364358603
2017-08-14 04:15:00,3,299.9216345378653,299.35895380596867
2017-08-14 04:30:00,3,299.8913623281368,299.3291126093241
2017-08-14 04:45:00,3,299.85945440845956,299.29812491814675
2017-08-14 05:00:00,3,299.82547047945644,299.2654416809594
2017-08-14 05:15:00,3,299.7891113927777,299.23040725104704
2017-08-14 05:30:00,3,299.7504954639355,299.1928774460299
2017-08-14 05:45:00,3,299.7120384393302,299.1551844365584
2017-08-14 06:00:00,3,299.6810485913833,299.1236053977991
2017-08-14 06:15:00,3,299.6644356089279,299.10492273599186
2017-08-14 06:30:00,3,299.6648576758681,299.1027986221318
2017-08-14 06:45:00,3,299.68281477629785,299.11796745301916
2017-08-14 07:00:00,3,299.717969633674,299.14987655106694
2017-08-14 07:15:00,3,299.7687524439939,299.19729471746524
2017-08-14 07:30:00,3,299.83318125041694,299.25743313901904
2017-08-14 07:45:00,3,299.90930614851806,299.3270868841499
2017-08-14 08:00:00,3,299.99553226106224,299.402403270373
2017-08-14 08:15:00,3,300.09117954450966,299.47423443984064
2017-08-14 08:30:00,3,300.1962981632188,299.54890573496243
2017-08-14 08:45:00,3,300.3109381068708,299.6338808774238
2017-08-14 09:00:00,3,300.4346764905567,299.7320707666715
2017-08-14 09:15:00,3,300.56640772078555,299.84266687786396
2017-08-14 09:30:00,3,300.7046713054723,299.96903895284737
2017-08-14 09:45:00,3,300.84784136567345,300.11010497413844
2017-08-14 10:00:00,3,300.9936181958843,300.25686569102845
2017-08-14 10:15:00,3,301.1392568598615,300.40228785025914
2017-08-14 10:30:00,3,301.2824554082658,300.5435276742666
2017-08-14 10:45:00,3,301.42201307644103,300.6803751456175
2017-08-14 11:00:00,3,301.55754026818533,300.8133327952936
2017-08-14 11:15:00,3,301.6887797188505,300.9425940998007
2017-08-14 11:30:00,3,301.81526359946685,301.06779477773915
2017-08-14 11:45:00,3,301.93602379616226,301.1880540960735
2017-08-14 12:00:00,3,302.04994240812636,301.30225687254887
2017-08-14 12:15:00,3,302.15624073762524,301.40948490062215
2017-08-14 12:30:00,3,302.25539117600914,301.509899888016
2017-08-14 12:45:00,3,302.3503900704686,301.6056144546112
2017-08-14 13:00:00,3,302.44481622053223,301.699999849023
2017-08-14 13:15:00,3,302.540494117784,301.79589053895813
2017-08-14 13:30:00,3,302.6372871147848,301.89419958056726
2017-08-14 13:45:00,3,302.7334555149303,301.99368360282267
2017-08-14 14:00:00,3,302.8263780114467,302.09154734937687
2017-08-14 14:15:00,3,302.9124585411113,302.18402456627496
2017-08-14 14:30:00,3,302.9882423020034,302.26750064912426
2017-08-14 14:45:00,3,303.05219520234965,302.3399494156561
2017-08-14 15:00:00,3,303.10517342940653,302.4020980094683
2017-08-14 15:15:00,3,303.15117567884323,302.45765821405007
2017-08-14 15:30:00,3,303.1944434390641,302.51088675666216
2017-08-14 15:45:00,3,303.23619384188083,302.56376325908764
2017-08-14 16:00:00,3,303.2757148743711,302.61545764793266
2017-08-14 16:15:00,3,303.3111863901089,302.66350346899173
2017-08-14 16:30:00,3,303.34054854684405,302.70541803519114
2017-08-14 16:45:00,3,303.36250190734756,302.73990058750735
2017-08-14 17:00:00,3,303.37610109073825,302.765709278111
2017-08-14 17:15:00,3,303.3776072142242,302.7794131909124
2017-08-14 17:30:00,3,303.36230781445084,302.77602787932267
2017-08-14 17:45:00,3,303.326659597979,302.75151202138755
2017-08-14 18:00:00,3,303.26975321761984,302.70478067364814
2017-08-14 18:15:00,3,303.1931234380307,302.63764916046466
2017-08-14 18:30:00,3,303.09940514186354,302.5537435096839
2017-08-14 18:45:00,3,302.98982965604495,302.45524099117154
2017-08-14 19:00:00,3,302.8643072824061,302.3428247801555
2017-08-14 19:15:00,3,302.72587951565686,302.2185194118856
2017-08-14 19:30:00,3,302.58060843611423,302.08720837984345
2017-08-14 19:45:00,3,302.4341728221566,301.9548411972385
2017-08-14 20:00:00,3,302.2902001657714,301.8260056464857
2017-08-14 20:15:00,3,302.15043351606033,301.70322546903606
2017-08-14 20:30:00,3,302.01565074465236,301.5832106965851
2017-08-14 20:45:00,3,301.88668959168086,301.46453485262964
2017-08-14 21:00:00,3,301.76418055667904,301.3457887524109
2017-08-14 21:15:00,3,301.64815015872136,301.2282807378767
2017-08-14 21:30:00,3,301.53833299909905,301.11390688333734
2017-08-14 21:45:00,3,301.4348316981692,301.00392288218853
2017-08-14 22:00:00,3,301.3379229151346,300.89891209112164
2017-08-14 22:15:00,3,301.2476329340663,300.79901933282684
2017-08-14 22:30:00,3,301.1637968449506,300.7041719932181
2017-08-14 22:45:00,3,301.0863951240095,300.61418869431554
2017-08-14 23:00:00,3,301.01545736830025,300.5300317465457
2017-08-14 23:15:00,3,300.9508234730139,300.45578857580165
2017-08-14 23:30:00,3,300.89201543297276,300.3914816208089
2017-08-14 23:45:00,3,300.83805068296067,300.3345561742198
2017-08-15 00:00:00,3,300.78776741368375,300.28240382898156
2017-08-15 00:15:00,3,300.7402092279793,300.23339899701807
2017-08-15 00:30:00,3,300.6946266981218,300.18665957458825
2017-08-15 00:45:00,3,300.65029327360486,300.14151694694806
2017-08-15 01:00:00,3,300.6065838667135,300.0973254121954
2017-08-15 01:15:00,3,300.5630787119303,300.05352445770507
2017-08-15 01:30:00,3,300.5194672120121,300.00965767264194
2017-08-15 01:45:00,3,300.4753210506263,299.9652494632962
2017-08-15 02:00:00,3,300.43016131862834,299.9197597376306
2017-08-15 02:15:00,3,300.38366655766924,299.87273397617344
2017-08-15 02:30:00,3,300.33591740322777,299.82414339403056
2017-08-15 02:45:00,3,300.2876539472933,299.7746583999261
2017-08-15 03:00:00,3,300.2398528239713,299.72540886569936
2017-08-15 03:15:00,3,300.1932601340609,299.677456563524
2017-08-15 03:30:00,3,300.1483817268067,299.6315581879383
2017-08-15 03:45:00,3,300.10576783813656,299.5883314985594
2017-08-15 04:00:00,3,300.0659988799718,299.548374305105
2017-08-15 04:15:00,3,300.0294731823386,299.51226467581046
2017-08-15 04:30:00,3,299.9962503755582,299.48008512410115
2017-08-15 04:45:00,3,299.96588296543547,299.45132382755315
2017-08-15 05:00:00,3,299.93767401202547,299.4251538666185
2017-08-15 05:15:00,3,299.91101242992505,299.40077576731716
2017-08-15 05:30:00,3,299.88533532447445,299.377488688177
2017-08-15 05:45:00,3,299.8610879180516,299.35574126796166
2017-08-15 06:00:00,3,299.84281471450083,299.338638615066
2017-08-15 06:15:00,3,299.83558908303945,299.3304396573934
2017-08-15 06:30:00,3,299.841615886681,299.3340608031878
2017-08-15 06:45:00,3,299.8616806334711,299.35067921720275
2017-08-15 07:00:00,3,299.89581314706624,299.3803493735471
2017-08-15 07:15:00,3,299.94252044676756,299.42201667926696
2017-08-15 07:30:00,3,299.9998019522708,299.47361024167276
2017-08-15 07:45:00,3,300.0669508721284,299.5332287171161
2017-08-15 08:00:00,3,300.144085044695,299.59877018843457
2017-08-15 08:15:00,3,300.2316953718319,299.6631932295969
2017-08-15 08:30:00,3,300.3302970915632,299.7327644922931
2017-08-15 08:45:00,3,300.4391626925675,299.8128251632335
2017-08-15 09:00:00,3,300.5560892694301,299.9056793676982
2017-08-15 09:15:00,3,300.67814550892,300.01006111105914
2017-08-15 09:30:00,3,300.8026672166837,300.12803909290955
2017-08-15 09:45:00,3,300.9282085471065,300.256073013858
2017-08-15 10:00:00,3,301.0544854030001,300.3866951840997
2017-08-15 10:15:00,3,301.18103346953217,300.51537372202927
2017-08-15 10:30:00,3,301.3068409813634,300.64085290394655
2017-08-15 10:45:00,3,301.430321399723,300.76291263798214
2017-08-15 11:00:00,3,301.5497495520714,300.88088870995665
2017-08-15 11:15:00,3,301.6636989789508,300.9936099212907
2017-08-15 11:30:00,3,301.77118723799305,301.0999332565047
2017-08-15 11:45:00,3,301.87171670033484,301.19915429424333
2017-08-15 12:00:00,3,301.96515725435864,301.29104250650914
2017-08-15 12:15:00,3,302.0515321993869,301.3756227875515
2017-08-15 12:30:00,3,302.1317162833565,301.45357480519965
2017-08-15 12:45:00,3,302.2087100592617,301.5270260546783
2017-08-15 13:00:00,3,302.2858097610336,301.5991274459159
2017-08-15 13:15:00,3,302.3647368666263,301.6727189800817
2017-08-15 13:30:00,3,302.44565302366817,301.7492126864874
2017-08-15 13:45:00,3,302.52746348869596,301.8282805854476
2017-08-15 14:00:00,3,302.60855554920704,301.90839742517943
2017-08-15 14:15:00,3,302.68731944717916,301.98764812372445
2017-08-15 14:30:00,3,302.7624026728734,302.0643619979689
2017-08-15 14:45:00,3,302.83287570056643,302.1373791603554
2017-08-15 15:00:00,3,302.898028700949,302.20588541400474
2017-08-15 15:15:00,3,302.9569657828758,302.2690738775758
2017-08-15 15:30:00,3,303.0087728441217,302.3261340500669
2017-08-15 15:45:00,3,303.052834494926,302.3764615907095
2017-08-15 16:00:00,3,303.0887056357754,302.41954000069325
2017-08-15 16:15:00,3,303.1154740314586,302.454511589941
2017-08-15 16:30:00,3,303.13207469626565,302.48036095990983
2017-08-15 16:45:00,3,303.13791451781236,302.49608439760726
2017-08-15 17:00:00,3,303.1330281728723,302.5010442167116
2017-08-15 17:15:00,3,303.1170906814704,302.4947162443359
2017-08-15 17:30:00,3,303.0898429706233,302.4768663478743
2017-08-15 17:45:00,3,303.05139672832286,302.44777252816135
2017-08-15 18:00:00,3,303.00164754598734,302.4077056170389
2017-08-15 18:15:00,3,302.9391334344508,302.35588388701325
2017-08-15 18:30:00,3,302.8615676840145,302.29061162749235
2017-08-15 18:45:00,3,302.76747727629294,302.21017559634953
2017-08-15 19:00:00,3,302.65548198779095,302.1135688621868
2017-08-15 19:15:00,3,302.52636611610666,302.0022921729806
2017-08-15 19:30:00,3,302.3868264848112,301.882287318785
2017-08-15 19:45:00,3,302.2453720554711,301.7576596441968
2017-08-15 20:00:00,3,302.10789845087845,301.6337445027282
2017-08-15 20:15:00,3,301.9774062827414,301.514007521431
2017-08-15 20:30:00,3,301.8549471843072,301.4002089171777
2017-08-15 20:45:00,3,301.7403686326144,301.2928709588464
2017-08-15 21:00:00,3,301.6329729436515,301.19099843837284
2017-08-15 21:15:00,3,301.531952500486,301.09255258388055
2017-08-15 21:30:00,3,301.4365793565061,300.9966637349788
2017-08-15 21:45:00,3,301.34631270041615,300.9033767253089
2017-08-15 22:00:00,3,301.2607022608106,300.8128710778509
2017-08-15 22:15:00,3,301.17929426621384,300.72501001284473
2017-08-15 22:30:00,3,301.10165706150696,300.6393107876138
2017-08-15 22:45:00,3,301.02745914160846,300.5545620714342
2017-08-15 23:00:00,3,300.95643512690157,300.47565319238845
2017-08-15 23:15:00,3,300.8883207180727,300.4035946971451
2017-08-15 23:30:00,3,300.82284808784493,300.33658227711436
2017-08-15 23:45:00,3,300.75977056455247,300.27273178647573
2017-08-16 00:00:00,3,300.69885982653005,300.2111712300977
2017-08-16 00:15:00,3,300.63989696208193,300.1517289701087
2017-08-16 00:30:00,3,300.5827562185302,300.09443517216414
2017-08-16 00:45:00,3,300.5275952047014,300.0393980334944
2017-08-16 01:00:00,3,300.4746709477474,299.9867714279148
2017-08-16 01:15:00,3,300.4241063702676,299.9366456456333
2017-08-16 01:30:00,3,300.37580235438224,299.8889193441462
2017-08-16 01:45:00,3,300.32933528470966,299.8432147611769
2017-08-16 02:00:00,3,300.2841669711195,299.7990009643371
2017-08-16 02:15:00,3,300.23987036864736,299.75580660212506
2017-08-16 02:30:00,3,300.196143187311,299.7132911764114
2017-08-16 02:45:00,3,300.15272860057735,299.6711925649314
2017-08-16 03:00:00,3,300.10940420388755,299.62927157499433
2017-08-16 03:15:00,3,300.0660087555514,299.58731576697653
2017-08-16 03:30:00,3,300.02248164117185,299.5452190355393
2017-08-16 03:45:00,3,299.97892749438086,299.5030136206788
2017-08-16 04:00:00,3,299.935485571356,299.46076674844295
2017-08-16 04:15:00,3,299.89223034628685,299.41847563512863
2017-08-16 04:30:00,3,299.8494952807432,299.37641277836883
2017-08-16 04:45:00,3,299.808681877387,299.3357794502197
2017-08-16 05:00:00,3,299.7716720444524,299.29859821797777
2017-08-16 05:15:00,3,299.73974112900294,299.26646514379297
2017-08-16 05:30:00,3,299.71310211026537,299.2397503439074
2017-08-16 05:45:00,3,299.69177620247007,299.218552947734
2017-08-16 06:00:00,3,299.6787714796541,299.204534802994
2017-08-16 06:15:00,3,299.67777123864823,299.20042890786016
2017-08-16 06:30:00,3,299.69059455039877,299.2083688384697
2017-08-16 06:45:00,3,299.71748855287825,299.22920340794076
2017-08-16 07:00:00,3,299.75784352297967,299.26279079995834
2017-08-16 07:15:00,3,299.81015817016294,299.30771165764645
2017-08-16 07:30:00,3,299.87244532560675,299.3617622036665
2017-08-16 07:45:00,3,299.94256781559164,299.42195217827174
2017-08-16 08:00:00,3,300.01875933380165,299.4848609282923
2017-08-16 08:15:00,3,300.0996481063065,299.5434586364748
2017-08-16 08:30:00,3,300.18456153675714,299.6028936859813
2017-08-16 08:45:00,3,300.27398783189057,299.66846016335984
2017-08-16 09:00:00,3,300.36868533436797,299.7423133858757
2017-08-16 09:15:00,3,300.4685593494355,299.8243968891145
2017-08-16 09:30:00,3,300.5729494796271,299.91428820262485
2017-08-16 09:45:00,3,300.6816821943354,300.01319437339447
2017-08-16 10:00:00,3,300.7950740619999,300.12407525886914
2017-08-16 10:15:00,3,300.9126967510856,300.2417113152514
2017-08-16 10:30:00,3,301.0332351403351,300.36149663230896
2017-08-16 10:45:00,3,301.15451696642566,300.48083603092334
2017-08-16 11:00:00,3,301.27413851045355,300.59837146380085
2017-08-16 11:15:00,3,301.3902336717122,300.7128444465938
2017-08-16 11:30:00,3,301.5017470179112,300.8231317611631
2017-08-16 11:45:00,3,301.6085246967869,300.92873043849175
2017-08-16 12:00:00,3,301.7110015367469,301.02985867170594
2017-08-16 12:15:00,3,301.8096173597404,301.12707300578677
2017-08-16 12:30:00,3,301.90512727792805,301.22119748041536
2017-08-16 12:45:00,3,301.9993111837083,301.31356749066475
2017-08-16 13:00:00,3,302.0937910823003,301.405739140615
2017-08-16 13:15:00,3,302.1890562886179,301.49880836129773
2017-08-16 13:30:00,3,302.2847111263177,301.5930575640776
2017-08-16 13:45:00,3,302.3798037239684,301.6880008479302
2017-08-16 14:00:00,3,302.47300526336113,301.78254618334057
2017-08-16 14:15:00,3,302.56284803789634,301.87523687316235
2017-08-16 14:30:00,3,302.64800191667473,301.9645346662873
2017-08-16 14:45:00,3,302.72736984542314,302.0493537722603
2017-08-16 15:00:00,3,302.80013027482147,302.129203363239
2017-08-16 15:15:00,3,302.86546960319623,302.2033885149523
2017-08-16 15:30:00,3,302.9225986076612,302.2706983719583
2017-08-16 15:45:00,3,302.97079742558935,302.32986353826556
2017-08-16 16:00:00,3,303.0093171845326,302.37972399351474
2017-08-16 16:15:00,3,303.0372155650285,302.41866050894987
2017-08-16 16:30:00,3,303.0537883943939,302.44511677579806
2017-08-16 16:45:00,3,303.05916109619494,302.458994806799
2017-08-16 17:00:00,3,303.0542677239361,302.46161450836746
2017-08-16 17:15:00,3,303.03970071253787,302.4543108272872
2017-08-16 17:30:00,3,303.0152837046509,302.4375204332275
2017-08-16 17:45:00,3,302.98049959418455,302.41108718780333
2017-08-16 18:00:00,3,302.93481755405526,302.37448024325136
2017-08-16 18:15:00,3,302.876292783476,302.3262918929251
2017-08-16 18:30:00,3,302.8021923545761,302.26426141602246
2017-08-16 18:45:00,3,302.7093467970872,302.18530744181624
2017-08-16 19:00:00,3,302.5944754572781,302.0865139997397
2017-08-16 19:15:00,3,302.4587502236142,301.968832332632
2017-08-16 19:30:00,3,302.3102530409474,301.83830208964156
2017-08-16 19:45:00,3,302.1579245187119,301.701785884948
2017-08-16 20:00:00,3,302.00731047658394,301.5637516127659
2017-08-16 20:15:00,3,301.8609949300248,301.4276242031193
2017-08-16 20:30:00,3,301.7200850103618,301.29545689584484
2017-08-16 20:45:00,3,301.5856037500471,301.16795299447506
2017-08-16 21:00:00,3,301.4584486659364,301.04328934696366
2017-08-16 21:15:00,3,301.3389661346686,300.9214718040871
2017-08-16 21:30:00,3,301.2270882448601,300.8036757755671
2017-08-16 21:45:00,3,301.1227278243469,300.6909008523837
2017-08-16 22:00:00,3,301.0257559612127,300.5833806957801
2017-08-16 22:15:00,3,300.93586004957245,300.48018710630697
2017-08-16 22:30:00,3,300.8525675249722,300.38645460991074
2017-08-16 22:45:00,3,300.77532046949096,300.30369270940685
2017-08-16 23:00:00,3,300.7035428344379,300.22969734926414
2017-08-16 23:15:00,3,300.6366548047345,300.1618372573686
2017-08-16 23:30:00,3,300.5739810914623,300.0985363774566
2017-08-16 23:45:00,3,300.51453884095986,300.0388584000418
2017-08-17 00:00:00,3,300.45727153711886,299.98189075203635
2017-08-17 00:15:00,3,300.401354450459,299.9266809063763
2017-08-17 00:30:00,3,300.34619138192556,299.8724020491711
2017-08-17 00:45:00,3,300.2912472866561,299.81837423902255
2017-08-17 01:00:00,3,300.23603923856666,299.76399728075035
2017-08-17 01:15:00,3,300.1802238032422,299.70873900727605
2017-08-17 01:30:00,3,300.1237523012249,299.6523702107372
2017-08-17 01:45:00,3,300.0671213739168,299.5953362142398
2017-08-17 02:00:00,3,300.01112080449144,299.538673723552
2017-08-17 02:15:00,3,299.9564266125282,299.48350177782686
2017-08-17 02:30:00,3,299.90372918676456,299.4308016738332
2017-08-17 02:45:00,3,299.85441378020585,299.38164197648155
2017-08-17 03:00:00,3,299.8100772047639,299.33714193097813
2017-08-17 03:15:00,3,299.7717692000827,299.29812436004136
2017-08-17 03:30:00,3,299.7396825132874,299.2648149534706
2017-08-17 03:45:00,3,299.71278086729814,299.236359846541
2017-08-17 04:00:00,3,299.6894656431032,299.2112358099685
2017-08-17 04:15:00,3,299.66843116649073,299.18803379582795
2017-08-17 04:30:00,3,299.6489298096584,299.16594280719784
2017-08-17 04:45:00,3,299.63079504722737,299.1448242975642
2017-08-17 05:00:00,3,299.61415727778933,299.1249445342134
2017-08-17 05:15:00,3,299.59915337193496,299.1066244306343
2017-08-17 05:30:00,3,299.58571262510225,299.0899813659137
2017-08-17 05:45:00,3,299.57459335071894,299.07616344268934
2017-08-17 06:00:00,3,299.57053820167994,299.0688487719743
2017-08-17 06:15:00,3,299.5782651841182,299.0722058019036
2017-08-17 06:30:00,3,299.5989389834707,299.08819041393485
2017-08-17 06:45:00,3,299.63216155523963,299.1167668670789
2017-08-17 07:00:00,3,299.67743889430426,299.15645716254494
2017-08-17 07:15:00,3,299.73361743126145,299.20561319185606
2017-08-17 07:30:00,3,299.7986874541124,299.2621124418616
2017-08-17 07:45:00,3,299.87058726088907,299.32325150381337
2017-08-17 08:00:00,3,299.9479587993284,299.3853097581378
2017-08-17 08:15:00,3,300.03045518504183,299.444161226422
2017-08-17 08:30:00,3,300.11866297075306,299.5066274032094
2017-08-17 08:45:00,3,300.2138527022707,299.57842381628234
2017-08-17 09:00:00,3,300.31704793153233,299.66148542726233
2017-08-17 09:15:00,3,300.4276641869586,299.7554035656896
2017-08-17 09:30:00,3,300.5440183240159,299.85972917913233
2017-08-17 09:45:00,3,300.6646258146799,299.9776367686638
2017-08-17 10:00:00,3,300.78854632381245,300.1035429016583
2017-08-17 10:15:00,3,300.9150200907802,300.231602623817
2017-08-17 10:30:00,3,301.04311337851493,300.3590581588207
2017-08-17 10:45:00,3,301.17214876092464,300.4858201561904
2017-08-17 11:00:00,3,301.3017912152124,300.6124733835389
2017-08-17 11:15:00,3,301.43162400033293,300.73921328896284
2017-08-17 11:30:00,3,301.56076750696946,300.8654473843008
2017-08-17 11:45:00,3,301.68724693372974,300.9896377795203
2017-08-17 12:00:00,3,301.8086253575513,301.1096687313666
2017-08-17 12:15:00,3,301.9230533402153,301.22362521055777
2017-08-17 12:30:00,3,302.0300489670077,301.3306435759231
2017-08-17 12:45:00,3,302.13096610378756,301.4313229990253
2017-08-17 13:00:00,3,302.2274809643887,301.5271408324352
2017-08-17 13:15:00,3,302.32033726273664,301.61941658874514
2017-08-17 13:30:00,3,302.40953816025694,301.70892047253096
2017-08-17 13:45:00,3,302.4949468685556,301.7961017559783
2017-08-17 14:00:00,3,302.5764309284374,301.88104385862437
2017-08-17 14:15:00,3,302.65362959384197,301.9632932438859
2017-08-17 14:30:00,3,302.7260410663381,302.04200341624176
2017-08-17 14:45:00,3,302.7933130443922,302.11605029843975
2017-08-17 15:00:00,3,302.85517525479474,302.1841791777254
2017-08-17 15:15:00,3,302.9111091828307,302.24555480130437
2017-08-17 15:30:00,3,302.9606594422711,302.300323911141
2017-08-17 15:45:00,3,303.0041052844482,302.34970710041983
2017-08-17 16:00:00,3,303.0419108284334,302.39521681545824
2017-08-17 16:15:00,3,303.07370134990316,302.4371440884393
2017-08-17 16:30:00,3,303.09836709884627,302.47385324796306
2017-08-17 16:45:00,3,303.1143532323907,302.50281683269924
2017-08-17 17:00:00,3,303.1207178158076,302.5220363406353
2017-08-17 17:15:00,3,303.1170190399546,302.5300504539529
2017-08-17 17:30:00,3,303.1028462715619,302.5257901222447
2017-08-17 17:45:00,3,303.07771916366045,302.50897702598405
2017-08-17 18:00:00,3,303.0404789267459,302.47930585287395
2017-08-17 18:15:00,3,302.9877534230987,302.43496249747847
2017-08-17 18:30:00,3,302.915620586436,302.3729756355179
2017-08-17 18:45:00,3,302.8207512860333,302.29021805389095
2017-08-17 19:00:00,3,302.7004639868346,302.1842671116663
2017-08-17 19:15:00,3,302.5557053355493,302.05640342566124
2017-08-17 19:30:00,3,302.3950886415106,301.9139395183879
2017-08-17 19:45:00,3,302.22945191965243,301.7644152776153
2017-08-17 20:00:00,3,302.06621688957864,301.6134094618287
2017-08-17 20:15:00,3,301.9091166911998,301.4659408508634
2017-08-17 20:30:00,3,301.7597716781719,301.32486393113504
2017-08-17 20:45:00,3,301.6193347428018,301.19172262850583
2017-08-17 21:00:00,3,301.48866267627096,301.0641203684526
2017-08-17 21:15:00,3,301.367991282002,300.9417572382832
2017-08-17 21:30:00,3,301.2569391148276,300.82560236040894
2017-08-17 21:45:00,3,301.15453501458956,300.7161185728993
2017-08-17 22:00:00,3,301.05958065942815,300.61270799517683
2017-08-17 22:15:00,3,300.9709963624228,300.51405981263633
2017-08-17 22:30:00,3,300.8879263116031,300.4188107411642
2017-08-17 22:45:00,3,300.8097812738762,300.332291319227
2017-08-17 23:00:00,3,300.73613266422836,300.25482412519193
2017-08-17 23:15:00,3,300.6665798997458,300.18391866144265
2017-08-17 23:30:00,3,300.6006070756779,300.11727848450437
2017-08-17 23:45:00,3,300.53734867728457,300.0535640579688
2017-08-18 00:00:00,3,300.4758460383509,299.9919455303869
2017-08-18 00:15:00,3,300.41537160040656,299.9317455960666
2017-08-18 00:30:00,3,300.35568327064334,299.8726161049511
2017-08-18 00:45:00,3,300.29745942228345,299.8148947274631
2017-08-18 01:00:00,3,300.241723170328,299.7594124905246
2017-08-18 01:15:00,3,300.1891587855615,299.70693212229804
2017-08-18 01:30:00,3,300.14006030637603,299.6578035363021
2017-08-18 01:45:00,3,300.0945420681444,299.61200280211705
2017-08-18 02:00:00,3,300.0526515541554,299.56934780082463
2017-08-18 02:15:00,3,300.01438096893344,299.52966137202145
2017-08-18 02:30:00,3,299.97945413086296,299.49266626942523
2017-08-18 02:45:00,3,299.94674072995775,299.4576790127393
2017-08-18 03:00:00,3,299.91467908096627,299.42363427121506
2017-08-18 03:15:00,3,299.88200537983596,299.38945094508574
2017-08-18 03:30:00,3,299.8482256618035,299.3546122177986
2017-08-18 03:45:00,3,299.8143141562575,299.31970630517503
2017-08-18 04:00:00,3,299.7819725963849,299.2862592268533
2017-08-18 04:15:00,3,299.7525125709586,299.2556530662778
2017-08-18 04:30:00,3,299.72648225560806,299.2284807256871
2017-08-18 04:45:00,3,299.7035760076942,299.2044710593756
2017-08-18 05:00:00,3,299.6831050491318,299.1828540525663
2017-08-18 05:15:00,3,299.66449112588475,299.1628478472874
2017-08-18 05:30:00,3,299.6473852856487,299.1439943621151
2017-08-18 05:45:00,3,299.6332954224861,299.1279881304198
2017-08-18 06:00:00,3,299.6285575637525,299.119617648025
2017-08-18 06:15:00,3,299.63739594594097,299.1230489704063
2017-08-18 06:30:00,3,299.65896043088065,299.1388762157439
2017-08-18 06:45:00,3,299.69097171688503,299.16529301788796
2017-08-18 07:00:00,3,299.7318548158615,299.2002141617772
2017-08-18 07:15:00,3,299.7812088320462,299.24236984903223
2017-08-18 07:30:00,3,299.8394549274702,299.29143080219006
2017-08-18 07:45:00,3,299.907047603924,299.3466096976893
2017-08-18 08:00:00,3,299.98447213753246,299.40459119368705
2017-08-18 08:15:00,3,300.0716715214428,299.4629174360111
2017-08-18 08:30:00,3,300.1679239382554,299.5280339557537
2017-08-18 08:45:00,3,300.2713299234818,299.60374174639145
2017-08-18 09:00:00,3,300.3788856589491,299.68937864458275
2017-08-18 09:15:00,3,300.4875328094508,299.78248493655616
2017-08-18 09:30:00,3,300.59489092564706,299.88184206120866
2017-08-18 09:45:00,3,300.7005454958959,299.9892572587649
2017-08-18 10:00:00,3,300.8053436687502,300.0994136019402
2017-08-18 10:15:00,3,300.90984979437803,300.208112121888
2017-08-18 10:30:00,3,301.01433876508406,300.31432022506516
2017-08-18 10:45:00,3,301.11981937885315,300.41919073007404
2017-08-18 11:00:00,3,301.22765006814575,300.52440255924716
2017-08-18 11:15:00,3,301.33855228052283,300.6306531263192
2017-08-18 11:30:00,3,301.45210534180796,300.738549497788
2017-08-18 11:45:00,3,301.5660386275336,300.8481756963689
2017-08-18 12:00:00,3,301.67730343767846,300.9573129750962
2017-08-18 12:15:00,3,301.7835232518107,301.06282844766696
2017-08-18 12:30:00,3,301.88395359256117,301.1627401549174
2017-08-18 12:45:00,3,301.98024474657655,301.25735615616566
2017-08-18 13:00:00,3,302.0745897131135,301.3487592072803
2017-08-18 13:15:00,3,302.1680343392051,301.439329673056
2017-08-18 13:30:00,3,302.26037914848416,301.53028552936564
2017-08-18 13:45:00,3,302.3503094125689,301.6210746662012
2017-08-18 14:00:00,3,302.43610789160414,301.70990140051344
2017-08-18 14:15:00,3,302.5162223205807,301.79469879013425
2017-08-18 14:30:00,3,302.5894841970931,301.8738103645706
2017-08-18 14:45:00,3,302.655163676277,301.9461928673022
2017-08-18 15:00:00,3,302.71280522307,302.0112151900312
2017-08-18 15:15:00,3,302.7619128651681,302.06785604581717
2017-08-18 15:30:00,3,302.80231733602795,302.11553378644714
2017-08-18 15:45:00,3,302.83499394793154,302.1556367719672
2017-08-18 16:00:00,3,302.8612228230948,302.190493803729
2017-08-18 16:15:00,3,302.8814064587759,302.22147545365834
2017-08-18 16:30:00,3,302.89501883851904,302.24804695098726
2017-08-18 16:45:00,3,302.9010218506626,302.26855143258155
2017-08-18 17:00:00,3,302.8989188892182,302.28038664480533
2017-08-18 17:15:00,3,302.8884541863399,302.2821525598353
2017-08-18 17:30:00,3,302.86926233721425,302.2736054569929
2017-08-18 17:45:00,3,302.84102211019194,302.2549021047835
2017-08-18 18:00:00,3,302.8026378657708,302.2251704483974
2017-08-18 18:15:00,3,302.7503362740712,302.1815198770091
2017-08-18 18:30:00,3,302.67954621621124,302.12101371802555
2017-08-18 18:45:00,3,302.5862400766034,302.0404014642244
2017-08-18 19:00:00,3,302.4670750188976,301.93754404598894
2017-08-18 19:15:00,3,302.3223337571035,301.81169749735454
2017-08-18 19:30:00,3,302.1605368197494,301.66476486375495
2017-08-18 19:45:00,3,301.9932870462511,301.50606110659464
2017-08-18 20:00:00,3,301.8290521710103,301.3470587700267
2017-08-18 20:15:00,3,301.67236590743937,301.19575845300096
2017-08-18 20:30:00,3,301.52508512220953,301.0550900050071
2017-08-18 20:45:00,3,301.38758212348995,300.9226009728293
2017-08-18 21:00:00,3,301.25948915438573,300.7950853647021
2017-08-18 21:15:00,3,301.1401109924245,300.6718038689516
2017-08-18 21:30:00,3,301.028749150034,300.5532606109473
2017-08-18 21:45:00,3,300.9250664499163,300.4398022299319
2017-08-18 22:00:00,3,300.82890543327176,300.33031836188275
2017-08-18 22:15:00,3,300.7399811944244,300.23262786104516
2017-08-18 22:30:00,3,300.657687059989,300.1472775862328
2017-08-18 22:45:00,3,300.58080263760377,300.0704177556222
2017-08-18 23:00:00,3,300.5079111422205,299.9983047903096
2017-08-18 23:15:00,3,300.43789108828645,299.9289706264167
2017-08-18 23:30:00,3,300.37013757729045,299.8618942657181
2017-08-18 23:45:00,3,300.30483341100353,299.7973625397175
2017-08-19 00:00:00,3,300.242484529885,299.73590921592614
2017-08-19 00:15:00,3,300.18339786789875,299.67790216024736
2017-08-19 00:30:00,3,300.1274736355735,299.6232600836109
2017-08-19 00:45:00,3,300.07397207812664,299.5713159594883
2017-08-19 01:00:00,3,300.02190989377965,299.52106382106757
2017-08-19 01:15:00,3,299.9705164498541,299.47157467262974
2017-08-19 01:30:00,3,299.9193261257521,299.4222600181532
2017-08-19 01:45:00,3,299.86817019314634,299.3729086475056
2017-08-19 02:00:00,3,299.81704257524615,299.32353413730056
2017-08-19 02:15:00,3,299.76596371288053,299.27419572221663
2017-08-19 02:30:00,3,299.7149705679347,299.2249443658239
2017-08-19 02:45:00,3,299.66417183979195,299.1758207344026
2017-08-19 03:00:00,3,299.6136558840247,299.12679120735703
2017-08-19 03:15:00,3,299.5634616028975,299.07773802140895
2017-08-19 03:30:00,3,299.51383702807095,299.02874764713704
2017-08-19 03:45:00,3,299.4656230988813,298.98048373739874
2017-08-19 04:00:00,3,299.419875758953,298.93403823539444
2017-08-19 04:15:00,3,299.37736811711096,298.8904194961095
2017-08-19 04:30:00,3,299.3385886766551,298.85029299854386
2017-08-19 04:45:00,3,299.30405852500536,298.81423209041657
2017-08-19 05:00:00,3,299.2742712011891,298.7825811781969
2017-08-19 05:15:00,3,299.24948089319633,298.75548503311313
2017-08-19 05:30:00,3,299.2295621324419,298.7328891780125
2017-08-19 05:45:00,3,299.21558421202093,298.7163740013036
2017-08-19 06:00:00,3,299.21358318395227,298.7106432978178
2017-08-19 06:15:00,3,299.22824225502603,298.7201057037142
2017-08-19 06:30:00,3,299.25937812344085,298.74562712288406
2017-08-19 06:45:00,3,299.3048735552259,298.78473276469816
2017-08-19 07:00:00,3,299.36240189100096,298.8340144729044
2017-08-19 07:15:00,3,299.4290371619321,298.8907675562915
2017-08-19 07:30:00,3,299.502156235066,298.9523728146592
2017-08-19 07:45:00,3,299.58029831311694,299.0168246413018
2017-08-19 08:00:00,3,299.663143950078,299.08164324549426
2017-08-19 08:15:00,3,299.751445359982,299.1417559508959
2017-08-19 08:30:00,3,299.8464458094849,299.20508468791684
2017-08-19 08:45:00,3,299.94831022729386,299.27818562474744
2017-08-19 09:00:00,3,300.05524165652446,299.36186146759553
2017-08-19 09:15:00,3,300.1644850819773,299.45352567679635
2017-08-19 09:30:00,3,300.2739578910409,299.55067792227345
2017-08-19 09:45:00,3,300.3837127206186,299.65339951516785
2017-08-19 10:00:00,3,300.495086856057,299.76623123934405
2017-08-19 10:15:00,3,300.6090813832144,299.8850409294689
2017-08-19 10:30:00,3,300.72614225247247,300.00573940909317
2017-08-19 10:45:00,3,300.84690791438834,300.12709540984156
2017-08-19 11:00:00,3,300.97205844500974,300.24964377206265
2017-08-19 11:15:00,3,301.101709594645,300.3734648866793
2017-08-19 11:30:00,3,301.23488513587284,300.50006388970394
2017-08-19 11:45:00,3,301.3682945150293,300.62885226870236
2017-08-19 12:00:00,3,301.49760044730664,300.75631312241194
2017-08-19 12:15:00,3,301.61948155295823,300.8782351620723
2017-08-19 12:30:00,3,301.73278742106766,300.9921549456473
2017-08-19 12:45:00,3,301.83924450661783,301.09849134381216
2017-08-19 13:00:00,3,301.9414828115382,301.1996711629477
2017-08-19 13:15:00,3,302.041092132658,301.29828136014623
2017-08-19 13:30:00,3,302.13847521025235,301.3957576271245
2017-08-19 13:45:00,3,302.2332016111205,301.4921468790808
2017-08-19 14:00:00,3,302.32441578896885,301.5865669544183
2017-08-19 14:15:00,3,302.4110738686918,301.6775867258993
2017-08-19 14:30:00,3,302.49222261279726,301.7636436843374
2017-08-19 14:45:00,3,302.5672989543632,301.84370666054417
2017-08-19 15:00:00,3,302.6359376417195,301.9173968665061
2017-08-19 15:15:00,3,302.6975626111821,301.9845160909578
2017-08-19 15:30:00,3,302.7514049461906,302.0448731280071
2017-08-19 15:45:00,3,302.79653166083364,302.09832167248175
2017-08-19 16:00:00,3,302.8320121208752,302.1443575615617
2017-08-19 16:15:00,3,302.85685498314865,302.18169685148996
2017-08-19 16:30:00,3,302.8702952372906,302.2089587582951
2017-08-19 16:45:00,3,302.8724719403433,302.22570383231573
2017-08-19 17:00:00,3,302.8645038267771,302.23225291986535
2017-08-19 17:15:00,3,302.84721771662316,302.22814971258185
2017-08-19 17:30:00,3,302.8208150897751,302.21328297251245
2017-08-19 17:45:00,3,302.7853604745905,302.1878546805317
2017-08-19 18:00:00,3,302.7400653107395,302.1509960383231
2017-08-19 18:15:00,3,302.68142524134186,302.1013785369605
2017-08-19 18:30:00,3,302.6049835390059,302.03587071908595
2017-08-19 18:45:00,3,302.5066398625638,301.95066961197034
2017-08-19 19:00:00,3,302.38322855354403,301.8432243910713
2017-08-19 19:15:00,3,302.2356646160131,301.7156539554379
2017-08-19 19:30:00,3,302.0726774334479,301.56921090132926
2017-08-19 19:45:00,3,301.9051987680122,301.4120917540257
2017-08-19 20:00:00,3,301.7407873924518,301.2547311532857
2017-08-19 20:15:00,3,301.58334233360466,301.10423591117564
2017-08-19 20:30:00,3,301.4344869223341,300.96301289660835
2017-08-19 20:45:00,3,301.29487418978147,300.8300607713792
2017-08-19 21:00:00,3,301.1646246304685,300.7021041791184
2017-08-19 21:15:00,3,301.0434100658145,300.5783662464457
2017-08-19 21:30:00,3,300.9306171721415,300.45952211756395
2017-08-19 21:45:00,3,300.82549842388636,300.3459474018962
2017-08-19 22:00:00,3,300.72727872063894,300.2369991466893
2017-08-19 22:15:00,3,300.63521595547564,300.13354042366717
2017-08-19 22:30:00,3,300.54858286926554,300.0397719998851
2017-08-19 22:45:00,3,300.46656321153057,299.95515011057324
2017-08-19 23:00:00,3,300.3883303093052,299.87663115629493
2017-08-19 23:15:00,3,300.3131790236078,299.8017130572722
2017-08-19 23:30:00,3,300.2406730320528,299.7294038849952
2017-08-19 23:45:00,3,300.17092423547984,299.6598272212395
2017-08-20 00:00:00,3,300.10430308991124,299.59348069616203
2017-08-20 00:15:00,3,300.04103662572015,299.5307118194264
2017-08-20 00:30:00,3,299.9810669963435,299.4714782551879
2017-08-20 00:45:00,3,299.92395251726157,299.4153372929583
2017-08-20 01:00:00,3,299.86909509867223,299.3616514212551
2017-08-20 01:15:00,3,299.8159917392595,299.3098407489233
2017-08-20 01:30:00,3,299.7643812652542,299.25960822126314
2017-08-20 01:45:00,3,299.71444918013947,299.2110720340802
2017-08-20 02:00:00,3,299.66656982328124,299.1645946617562
2017-08-20 02:15:00,3,299.6209805010261,299.1204764050853
2017-08-20 02:30:00,3,299.5775945099358,299.0786583976836
2017-08-20 02:45:00,3,299.5357356184136,299.03853449532596
2017-08-20 03:00:00,3,299.4944990654296,298.9991705850331
2017-08-20 03:15:00,3,299.45319703418403,298.9597285788584
2017-08-20 03:30:00,3,299.4115766206392,298.91982700253675
2017-08-20 03:45:00,3,299.37010240007,298.8796753213787
2017-08-20 04:00:00,3,299.32956277550994,298.83982064631437
2017-08-20 04:15:00,3,299.2906186281108,298.80081392762867
2017-08-20 04:30:00,3,299.2536562122698,298.76301382145846
2017-08-20 04:45:00,3,299.21845435251095,298.72644832613355
2017-08-20 05:00:00,3,299.18437878190304,298.69085753314255
2017-08-20 05:15:00,3,299.15082974211833,298.6560032338962
2017-08-20 05:30:00,3,299.11738211077903,298.62161248007186
2017-08-20 05:45:00,3,299.0852845007968,298.5891620819357
2017-08-20 06:00:00,3,299.060625873092,298.563576202588
2017-08-20 06:15:00,3,299.049234289874,298.550410019796
2017-08-20 06:30:00,3,299.0533587623242,298.55257956832276
2017-08-20 06:45:00,3,299.07374983959915,298.5704821415326
2017-08-20 07:00:00,3,299.1101697575084,298.6033084029217
2017-08-20 07:15:00,3,299.1603022489802,298.6485379592431
2017-08-20 07:30:00,3,299.22100940370046,298.7029106763179
2017-08-20 07:45:00,3,299.29070928554563,298.7639936901187
2017-08-20 08:00:00,3,299.36971107684286,298.8303498301647
2017-08-20 08:15:00,3,299.45951856510146,298.89989049676564
2017-08-20 08:30:00,3,299.5612199694038,298.9688083224311
2017-08-20 08:45:00,3,299.67414461962323,299.04583714310587
2017-08-20 09:00:00,3,299.79640261723046,299.1359066657531
2017-08-20 09:15:00,3,299.9257920710479,299.23825452841294
2017-08-20 09:30:00,3,300.06051700366254,299.350226150824
2017-08-20 09:45:00,3,300.19893714010453,299.4706077636871
2017-08-20 10:00:00,3,300.339192349063,299.6042815344264
2017-08-20 10:15:00,3,300.4792654542627,299.74414335130024
2017-08-20 10:30:00,3,300.61748640378875,299.8829646260882
2017-08-20 10:45:00,3,300.753202736111,300.0171828528494
2017-08-20 11:00:00,3,300.88643232378456,300.1469955036378
2017-08-20 11:15:00,3,301.01708862689367,300.27378365890775
2017-08-20 11:30:00,3,301.1446280661386,300.3983447367712
2017-08-20 11:45:00,3,301.2677536231085,300.519971962314
2017-08-20 12:00:00,3,301.38496464435974,300.6370067085913
2017-08-20 12:15:00,3,301.4951751271559,300.74782878255024
2017-08-20 12:30:00,3,301.5985184326919,300.85193612053956
2017-08-20 12:45:00,3,301.6973549765251,300.9506361576594
2017-08-20 13:00:00,3,301.7944773842308,301.04649819400584
2017-08-20 13:15:00,3,301.8913379579582,301.1419806447417
2017-08-20 13:30:00,3,301.9878573086429,301.23811189851347
2017-08-20 13:45:00,3,302.08235900241783,301.3339023218651
2017-08-20 14:00:00,3,302.1725231824476,301.4269559173512
2017-08-20 14:15:00,3,302.25631036890945,301.5146477156153
2017-08-20 14:30:00,3,302.33244253244095,301.5951917334181
2017-08-20 14:45:00,3,302.4008207816018,301.6681740962017
2017-08-20 15:00:00,3,302.4618995239561,301.73408802757973
2017-08-20 15:15:00,3,302.5157626847173,301.7934656185905
2017-08-20 15:30:00,3,302.5622124824392,301.8468449039792
2017-08-20 15:45:00,3,302.6011059424305,301.89464914176216
2017-08-20 16:00:00,3,302.6322095776148,301.93669225611467
2017-08-20 16:15:00,3,302.6548019401017,301.97201355874125
2017-08-20 16:30:00,3,302.6680491523826,301.9991266491077
2017-08-20 16:45:00,3,302.67166380911954,302.0171233293144
2017-08-20 17:00:00,3,302.6662309278266,302.0258440687935
2017-08-20 17:15:00,3,302.65207236783556,302.0245003098943
2017-08-20 17:30:00,3,302.62896946183236,302.0119807461607
2017-08-20 17:45:00,3,302.59661337733303,301.98785775710695
2017-08-20 18:00:00,3,302.55410599582535,301.9527153566562
2017-08-20 18:15:00,3,302.4984829381152,301.9056784866251
2017-08-20 18:30:00,3,302.4259823026168,301.8440612878136
2017-08-20 18:45:00,3,302.3331818968546,301.76443309650347
2017-08-20 19:00:00,3,302.21756811454816,301.66434857979084
2017-08-20 19:15:00,3,302.0807337478448,301.54554041215874
2017-08-20 19:30:00,3,301.93101835757193,301.413068650238
2017-08-20 19:45:00,3,301.77777563755086,301.27413878543877
2017-08-20 20:00:00,3,301.6269287254773,301.1347686184639
2017-08-20 20:15:00,3,301.48132802878166,300.99910599543824
2017-08-20 20:30:00,3,301.34230292559727,300.86902016423073
2017-08-20 20:45:00,3,301.2112366113162,300.74625366670693
2017-08-20 21:00:00,3,301.089401074378,300.6285800847641
2017-08-20 21:15:00,3,300.97734560690463,300.51603967512557
2017-08-20 21:30:00,3,300.8748141621897,300.409804446222
2017-08-20 21:45:00,3,300.78071600366894,300.310315567967
2017-08-20 22:00:00,3,300.6936404300762,300.2168126130152
2017-08-20 22:15:00,3,300.61236095700934,300.1278808602119
2017-08-20 22:30:00,3,300.5359223374889,300.0417480957197
2017-08-20 22:45:00,3,300.46355970020574,299.96141233610155
2017-08-20 23:00:00,3,300.3946507005211,299.8882400833011
2017-08-20 23:15:00,3,300.32869516303674,299.8207951100335
2017-08-20 23:30:00,3,300.2652603532277,299.7570472701797
2017-08-20 23:45:00,3,300.2038876802626,299.69569000185066
2017-08-21 00:00:00,3,300.144127307595,299.6361214925796
2017-08-21 00:15:00,3,300.0856094747219,299.57802074475745
2017-08-21 00:30:00,3,300.0281007698144,299.5211395085941
2017-08-21 00:45:00,3,299.97160900737305,299.4653741832314
2017-08-21 01:00:00,3,299.9162626316135,299.4107888077393
2017-08-21 01:15:00,3,299.8621427781905,299.35749393312454
2017-08-21 01:30:00,3,299.80927017949784,299.3055588567326
2017-08-21 01:45:00,3,299.75765834272624,299.25499910437173
2017-08-21 02:00:00,3,299.70726739097546,299.2057525120567
2017-08-21 02:15:00,3,299.65797727181433,299.15765699918546
2017-08-21 02:30:00,3,299.60955331191326,299.11039402098555
2017-08-21 02:45:00,3,299.56153062363643,299.06343231197127
2017-08-21 03:00:00,3,299.5133978961483,299.01614711799857
2017-08-21 03:15:00,3,299.464828835688,298.9680568161767
2017-08-21 03:30:00,3,299.41583990176406,298.9191170511408
2017-08-21 03:45:00,3,299.36694548925203,298.86988552568056
2017-08-21 04:00:00,3,299.31883532344716,298.82126099049606
2017-08-21 04:15:00,3,299.2720316250409,298.77404510985525
2017-08-21 04:30:00,3,299.2270150160304,298.72891175780774
2017-08-21 04:45:00,3,299.1847840981084,298.6867807659222
2017-08-21 05:00:00,3,299.1465892894974,298.6488093672977
2017-08-21 05:15:00,3,299.11329126513425,298.61603218351854
2017-08-21 05:30:00,3,299.0852222972124,298.5887890667448
2017-08-21 05:45:00,3,299.0635571762294,298.5679700220161
2017-08-21 06:00:00,3,299.0526600898689,298.5563256961258
2017-08-21 06:15:00,3,299.05605484983494,298.5567551297802
2017-08-21 06:30:00,3,299.0738214256376,298.5701696240429
2017-08-21 06:45:00,3,299.1038160366516,298.595460562406
2017-08-21 07:00:00,3,299.1434722883588,298.6306230633583
2017-08-21 07:15:00,3,299.19065041963387,298.6732763822808
2017-08-21 07:30:00,3,299.24435150973494,298.72211977252505
2017-08-21 07:45:00,3,299.30529989905136,298.7764109766114
2017-08-21 08:00:00,3,299.37483886451355,298.8352501628062
2017-08-21 08:15:00,3,299.4532236651391,298.8936537605751
2017-08-21 08:30:00,3,299.5396220917711,298.9536558707848
2017-08-21 08:45:00,3,299.6345234751455,299.0217710147539
2017-08-21 09:00:00,3,299.73949722430706,299.10204384635335
2017-08-21 09:15:00,3,299.85537972849215,299.195437838778
2017-08-21 09:30:00,3,299.9816808290217,299.30139255707087
2017-08-21 09:45:00,3,300.1160166803244,299.41924255598707
2017-08-21 10:00:00,3,300.2543376304863,299.5520735818053
2017-08-21 10:15:00,3,300.3924218922291,299.6908630192054
2017-08-21 10:30:00,3,300.5273641927994,299.82767209173414
2017-08-21 10:45:00,3,300.6586965680584,299.9590360407749
2017-08-21 11:00:00,3,300.78745028581096,300.0856682754864
2017-08-21 11:15:00,3,300.9145423839888,300.2096050227145
2017-08-21 11:30:00,3,301.04011660621546,300.3320770584595
2017-08-21 11:45:00,3,301.1631916992611,300.4527736878033
2017-08-21 12:00:00,3,301.2822135594767,300.57030017808944
2017-08-21 12:15:00,3,301.3959300277034,300.6831646506004
2017-08-21 12:30:00,3,301.5041981413526,300.79071285901557
2017-08-21 12:45:00,3,301.60790038847534,300.89334925241417
2017-08-21 13:00:00,3,301.7078028239638,300.9920178025264
2017-08-21 13:15:00,3,301.80395199505676,301.0874862506569
2017-08-21 13:30:00,3,301.8959054208499,301.17993402889334
2017-08-21 13:45:00,3,301.9830665885145,301.2689927491868
2017-08-21 14:00:00,3,302.0647974852616,301.3540426264266
2017-08-21 14:15:00,3,302.14033486771393,301.4343029783663
2017-08-21 14:30:00,3,302.20901947501886,301.5089807109717
2017-08-21 14:45:00,3,302.27067122811746,301.5775908355888
2017-08-21 15:00:00,3,302.32532402717396,301.639942892744
2017-08-21 15:15:00,3,302.372759251475,301.69589124358174
2017-08-21 15:30:00,3,302.4127154825265,301.74529050054036
2017-08-21 15:45:00,3,302.4452220885781,301.7880772484221
2017-08-21 16:00:00,3,302.47029662281085,301.8240780556184
2017-08-21 16:15:00,3,302.48732644063455,301.8522691185976
2017-08-21 16:30:00,3,302.49537148294803,301.8713811240671
2017-08-21 16:45:00,3,302.49351620500977,301.88095519467873
2017-08-21 17:00:00,3,302.4809079172638,301.8810373131505
2017-08-21 17:15:00,3,302.45640447973847,301.87122471538896
2017-08-21 17:30:00,3,302.41987225119044,301.84943708414824
2017-08-21 17:45:00,3,302.3724743271452,301.8151954718195
2017-08-21 18:00:00,3,302.31487259964945,301.7689704673035
2017-08-21 18:15:00,3,302.2454949819923,301.71043523988004
2017-08-21 18:30:00,3,302.1619939349937,301.6381402326729
2017-08-21 18:45:00,3,302.06051993429435,301.54899368880905
2017-08-21 19:00:00,3,301.9366109314582,301.4407257923633
2017-08-21 19:15:00,3,301.7946698301188,301.31196364990194
2017-08-21 19:30:00,3,301.6447587337875,301.1700355432695
2017-08-21 19:45:00,3,301.4949332201416,301.0257979299637
2017-08-21 20:00:00,3,301.3496258034958,300.8866063090031
2017-08-21 20:15:00,3,301.21070784220666,300.7547522562745
2017-08-21 20:30:00,3,301.0788510611616,300.6307502877999
2017-08-21 20:45:00,3,300.9547321277214,300.51085652167615
2017-08-21 21:00:00,3,300.838955210808,300.39424232455207
2017-08-21 21:15:00,3,300.7316502310326,300.28225227128985
2017-08-21 21:30:00,3,300.6324569708069,300.17610029922014
2017-08-21 21:45:00,3,300.5405732017365,300.07577899598465
2017-08-21 22:00:00,3,300.45504043175623,299.98018927782323
2017-08-21 22:15:00,3,300.37499590950006,299.88959655310947
2017-08-21 22:30:00,3,300.29976811337303,299.807451311828
2017-08-21 22:45:00,3,300.2289454235761,299.7335820778578
2017-08-21 23:00:00,3,300.16223115327733,299.66585170816825
2017-08-21 23:15:00,3,300.099305388287,299.602476984111
2017-08-21 23:30:00,3,300.03976645117893,299.5425800004269
2017-08-21 23:45:00,3,299.9830531388015,299.48569264067925
2017-08-22 00:00:00,3,299.92858744345153,299.43135476053357
2017-08-22 00:15:00,3,299.875914216312,299.37908061175665
2017-08-22 00:30:00,3,299.8246957952076,299.3284609321496
2017-08-22 00:45:00,3,299.77465513823495,299.2791770414437
2017-08-22 01:00:00,3,299.72555592014527,299.23096386288177
2017-08-22 01:15:00,3,299.6772104890123,299.18359214015584
2017-08-22 01:30:00,3,299.6295711632306,299.1369867944376
2017-08-22 01:45:00,3,299.5829415290489,299.09137744988556
2017-08-22 02:00:00,3,299.5377592650944,299.0471999708078
2017-08-22 02:15:00,3,299.4943177941392,299.0048451301486
2017-08-22 02:30:00,3,299.452975402142,298.964645804403
2017-08-22 02:45:00,3,299.41482260166885,298.9271739137461
2017-08-22 03:00:00,3,299.3812600459348,298.8933605214421
2017-08-22 03:15:00,3,299.35326001229976,298.8639302445362
2017-08-22 03:30:00,3,299.33099722610575,298.83902714680073
2017-08-22 03:45:00,3,299.31337961066873,298.8180329971005
2017-08-22 04:00:00,3,299.2987008905313,298.79979745911874
2017-08-22 04:15:00,3,299.28553602927377,298.78314623984124
2017-08-22 04:30:00,3,299.2728773332579,298.7671753480237
2017-08-22 04:45:00,3,299.2598340388037,298.751170712803
2017-08-22 05:00:00,3,299.2456245748884,298.73448019842067
2017-08-22 05:15:00,3,299.2297148551757,298.71652167158817
2017-08-22 05:30:00,3,299.2119355520191,298.6969934831391
2017-08-22 05:45:00,3,299.193780993162,298.677296612664
2017-08-22 06:00:00,3,299.1805251848923,298.66169291140824
2017-08-22 06:15:00,3,299.1773589875977,298.65516205400314
2017-08-22 06:30:00,3,299.18651254226995,298.6607270463649
2017-08-22 06:45:00,3,299.20864037186453,298.6790642986662
2017-08-22 07:00:00,3,299.2432667684134,298.7091970198605
2017-08-22 07:15:00,3,299.28828590972984,298.748978823264
2017-08-22 07:30:00,3,299.341355958713,298.7955063728257
2017-08-22 07:45:00,3,299.40222261617134,298.8466602001887
2017-08-22 08:00:00,3,299.47184697506736,298.8993875254115
2017-08-22 08:15:00,3,299.5506156739986,298.95229823995084
2017-08-22 08:30:00,3,299.6381889316684,299.011676363717
2017-08-22 08:45:00,3,299.7331276811509,299.0813071496202
2017-08-22 09:00:00,3,299.83329644807895,299.1610137531551
2017-08-22 09:15:00,3,299.93651533405273,299.24896650804175
2017-08-22 09:30:00,3,300.0412003413729,299.3441514476615
2017-08-22 09:45:00,3,300.14728843230665,299.4503247605571
2017-08-22 10:00:00,3,300.2557395114649,299.56304623177357
2017-08-22 10:15:00,3,300.3669182960948,299.6777829233928
2017-08-22 10:30:00,3,300.4801746404218,299.79214409708135
2017-08-22 10:45:00,3,300.59375211764876,299.9049063418242
2017-08-22 11:00:00,3,300.70541966886515,300.0148537363209
2017-08-22 11:15:00,3,300.8132500826462,300.12090893289053
2017-08-22 11:30:00,3,300.91609233554107,300.22223335907324
2017-08-22 11:45:00,3,301.0140461993946,300.3184721192391
2017-08-22 12:00:00,3,301.10783489125157,300.40997540203375
2017-08-22 12:15:00,3,301.1980885295149,300.497491418755
2017-08-22 12:30:00,3,301.2857765459542,300.58199642903975
2017-08-22 12:45:00,3,301.3723919117209,300.6647649156611
2017-08-22 13:00:00,3,301.45896228745625,300.74723554509427
2017-08-22 13:15:00,3,301.54552375200745,300.8306157320908
2017-08-22 13:30:00,3,301.63171813228576,300.9154410931058
2017-08-22 13:45:00,3,301.71787909487807,301.00184894348865
2017-08-22 14:00:00,3,301.80479597523663,301.0899668542748
2017-08-22 14:15:00,3,301.8928165469918,301.1800124734073
2017-08-22 14:30:00,3,301.98136354937276,301.2717775653263
2017-08-22 14:45:00,3,302.0682475150005,301.36341335699785
2017-08-22 15:00:00,3,302.15051387673134,301.4518112020017
2017-08-22 15:15:00,3,302.22555411405585,301.5339063389405
2017-08-22 15:30:00,3,302.29166833920635,301.6077103360523
2017-08-22 15:45:00,3,302.34816862813676,301.6725603521629
2017-08-22 16:00:00,3,302.3948192358567,301.7281855334025
2017-08-22 16:15:00,3,302.43101686775424,301.77409193117796
2017-08-22 16:30:00,3,302.45594423683457,301.8097745312493
2017-08-22 16:45:00,3,302.4688655533374,301.8349284587052
2017-08-22 17:00:00,3,302.4690895450013,301.8489962600822
2017-08-22 17:15:00,3,302.45554034774915,301.8508411489693
2017-08-22 17:30:00,3,302.4280878704784,301.83847620742824
2017-08-22 17:45:00,3,302.38785812539027,301.81165167800043
2017-08-22 18:00:00,3,302.33546231678616,301.77096372037
2017-08-22 18:15:00,3,302.2692100021752,301.7160316956127
2017-08-22 18:30:00,3,302.18655650931095,301.6452162815984
2017-08-22 18:45:00,3,302.08315151172803,301.55507110574626
2017-08-22 19:00:00,3,301.9540346136354,301.4429723335553
2017-08-22 19:15:00,3,301.80485936705446,301.30982186351207
2017-08-22 19:30:00,3,301.6474513249557,301.1626479838528
2017-08-22 19:45:00,3,301.49105631219845,301.0129754184704
2017-08-22 20:00:00,3,301.34084793234547,300.8694992319744
2017-08-22 20:15:00,3,301.19906722998246,300.7352972265012
2017-08-22 20:30:00,3,301.06627599394943,300.6101870886082
2017-08-22 20:45:00,3,300.94215228384417,300.4921970419977
2017-08-22 21:00:00,3,300.8259680474086,300.3782786204926
2017-08-22 21:15:00,3,300.71687369195956,300.2674222228683
2017-08-22 21:30:00,3,300.61422146483807,300.15994400441605
2017-08-22 21:45:00,3,300.5180877820501,300.05657357917954
2017-08-22 22:00:00,3,300.42890510470295,299.9579632900501
2017-08-22 22:15:00,3,300.34687119597845,299.86408401690477
2017-08-22 22:30:00,3,300.27177305477005,299.7792647721977
2017-08-22 22:45:00,3,300.20292234048696,299.7051832982212
2017-08-22 23:00:00,3,300.13941796137533,299.63977299828554
2017-08-22 23:15:00,3,300.08043833476626,299.5801884891176
2017-08-22 23:30:00,3,300.0252463582603,299.5245755566019
2017-08-22 23:45:00,3,299.9730095595319,299.4720020624802
2017-08-23 00:00:00,3,299.9229284464574,299.4218607427952
2017-08-23 00:15:00,3,299.8744066836999,299.3735891038759
2017-08-23 00:30:00,3,299.8270369774904,299.3266902870413
2017-08-23 00:45:00,3,299.7805231808691,299.2807934405508
2017-08-23 01:00:00,3,299.7346425505955,299.23565066093533
2017-08-23 01:15:00,3,299.6892333492547,299.19109686156753
2017-08-23 01:30:00,3,299.64417736649426,299.1470099470746
2017-08-23 01:45:00,3,299.5993810921364,299.10328366024055
2017-08-23 02:00:00,3,299.5547674385608,299.0598194791515
2017-08-23 02:15:00,3,299.5102725019505,299.0165295947517
2017-08-23 02:30:00,3,299.46577387899555,298.9732681306144
2017-08-23 02:45:00,3,299.4209072633774,298.9296776192121
2017-08-23 03:00:00,3,299.37519076544737,298.885186555694
2017-08-23 03:15:00,3,299.3282804833044,298.8392229361284
2017-08-23 03:30:00,3,299.28022037612755,298.79163203860844
2017-08-23 03:45:00,3,299.2316812873333,298.74300505958377
2017-08-23 04:00:00,3,299.1835642989797,298.69443681420415
2017-08-23 04:15:00,3,299.13656345724905,298.6469698815877
2017-08-23 04:30:00,3,299.0911627600938,298.6013439667095
2017-08-23 04:45:00,3,299.0479220596295,298.5581642203145
2017-08-23 05:00:00,3,299.0074409791387,298.51801952355345
2017-08-23 05:15:00,3,298.97013226020516,298.4813743676379
2017-08-23 05:30:00,3,298.93629920685294,298.4486102346852
2017-08-23 05:45:00,3,298.90774994263023,298.42112646031984
2017-08-23 06:00:00,3,298.88998242383855,298.4025865541113
2017-08-23 06:15:00,3,298.88762983810216,298.3970128646955
2017-08-23 06:30:00,3,298.90162011167945,298.40622495491033
2017-08-23 06:45:00,3,298.9301820203787,298.4292593152838
2017-08-23 07:00:00,3,298.9705629407437,298.46360379452733
2017-08-23 07:15:00,3,299.02001892030177,298.50643932905615
2017-08-23 07:30:00,3,299.0759158462015,298.55451844258
2017-08-23 07:45:00,3,299.1363520865247,298.6055155905099
2017-08-23 08:00:00,3,299.2001030198647,298.6576789096592
2017-08-23 08:15:00,3,299.26739574139543,298.71055607599584
2017-08-23 08:30:00,3,299.3402292473791,298.7637358983746
2017-08-23 08:45:00,3,299.42160755663446,298.81804929315444
2017-08-23 09:00:00,3,299.51410970975917,298.8802486638858
2017-08-23 09:15:00,3,299.6175466744227,298.9549345080781
2017-08-23 09:30:00,3,299.729827532166,299.0427411440849
2017-08-23 09:45:00,3,299.8486399805237,299.1422915353897
2017-08-23 10:00:00,3,299.972206533228,299.25287699908773
2017-08-23 10:15:00,3,300.0987262131762,299.3775425333334
2017-08-23 10:30:00,3,300.22683949981763,299.509518609993
2017-08-23 10:45:00,3,300.3576688899212,299.64315173257717
2017-08-23 11:00:00,3,300.49388603850343,299.7779978484323
2017-08-23 11:15:00,3,300.6374028167241,299.91631523051177
2017-08-23 11:30:00,3,300.78801520683817,300.0595724920852
2017-08-23 11:45:00,3,300.94284415929417,300.2065653545446
2017-08-23 12:00:00,3,301.0979690386045,300.35406927697034
2017-08-23 12:15:00,3,301.2502022230255,300.49874182851084
2017-08-23 12:30:00,3,301.39786496134764,300.6386891987689
2017-08-23 12:45:00,3,301.5396789227229,300.77328914109233
2017-08-23 13:00:00,3,301.6736281106601,300.90210454463744
2017-08-23 13:15:00,3,301.7975240767856,301.0242304554018
2017-08-23 13:30:00,3,301.9103322262079,301.13882496253586
2017-08-23 13:45:00,3,302.0136203387706,301.24634256039275
2017-08-23 14:00:00,3,302.11020199530174,301.3485049995278
2017-08-23 14:15:00,3,302.2020373785814,301.446998984147
2017-08-23 14:30:00,3,302.2900533442543,301.5428702000819
2017-08-23 14:45:00,3,302.37488644873036,301.63656827439235
2017-08-23 15:00:00,3,302.4568152374514,301.72811440972225
2017-08-23 15:15:00,3,302.5353946591736,301.817066572107
2017-08-23 15:30:00,3,302.60950428210214,301.902404308868
2017-08-23 15:45:00,3,302.67715893224965,301.9822212138826
2017-08-23 16:00:00,3,302.7360667091532,302.05379236616744
2017-08-23 16:15:00,3,302.78408564108116,302.11464065954306
2017-08-23 16:30:00,3,302.8195432481366,302.1630185303768
2017-08-23 16:45:00,3,302.8411811260621,302.1978861913926
2017-08-23 17:00:00,3,302.8479452705314,302.2184341581287
2017-08-23 17:15:00,3,302.83875023187665,302.22375954516514
2017-08-23 17:30:00,3,302.8138352201926,302.21353966051095
2017-08-23 17:45:00,3,302.77488649120517,302.18856432790176
2017-08-23 18:00:00,3,302.7230260803648,302.149646425159
2017-08-23 18:15:00,3,302.65674199544196,302.09606760704384
2017-08-23 18:30:00,3,302.5732856136242,302.0255873921807
2017-08-23 18:45:00,3,302.4684777837133,301.93394872145666
2017-08-23 19:00:00,3,302.3376664843343,301.8179524546091
2017-08-23 19:15:00,3,302.1869818002739,301.6814946480192
2017-08-23 19:30:00,3,302.0283961261709,301.53485541079976
2017-08-23 19:45:00,3,301.8700823917954,301.389165237434
2017-08-23 20:00:00,3,301.7157242939306,301.2482891825716
2017-08-23 20:15:00,3,301.5665745456077,301.1133828304233
2017-08-23 20:30:00,3,301.4229888149773,300.9824553977299
2017-08-23 20:45:00,3,301.28552509602684,300.8546878458057
2017-08-23 21:00:00,3,301.1547775215757,300.73113090542256
2017-08-23 21:15:00,3,301.03092714253523,300.61018910595953
2017-08-23 21:30:00,3,300.9138406159892,300.49175930829523
2017-08-23 21:45:00,3,300.80342949792424,300.37677059001874
2017-08-23 22:00:00,3,300.69958722843234,300.26608530514125
2017-08-23 22:15:00,3,300.60202427887276,300.15994740850095
2017-08-23 22:30:00,3,300.51018286003233,300.057918488375
2017-08-23 22:45:00,3,300.42306030152014,299.958798574473
2017-08-23 23:00:00,3,300.33952128860807,299.86273656325346
2017-08-23 23:15:00,3,300.25865749731804,299.77328577747136
2017-08-23 23:30:00,3,300.1799957898124,299.6902591244584
2017-08-23 23:45:00,3,300.10379011649684,299.6118177246943
2017-08-24 00:00:00,3,300.0305571275319,299.53688347323435
2017-08-24 00:15:00,3,299.96057006176414,299.46538492933837
2017-08-24 00:30:00,3,299.89377429153444,299.3974276098738
2017-08-24 00:45:00,3,299.82978818291565,299.3326932063148
2017-08-24 01:00:00,3,299.76807811840956,299.270453310774
2017-08-24 01:15:00,3,299.70818183405174,299.209913761624
2017-08-24 01:30:00,3,299.649832220779,299.1505384064844
2017-08-24 01:45:00,3,299.5928821096076,299.09215593014386
2017-08-24 02:00:00,3,299.5372092979879,299.03483897235105
2017-08-24 02:15:00,3,299.4827077846938,298.9787078861864
2017-08-24 02:30:00,3,299.42935288703296,298.9239028680854
2017-08-24 02:45:00,3,299.3773696417193,298.8706752115829
2017-08-24 03:00:00,3,299.32708215789035,298.8193481187881
2017-08-24 03:15:00,3,299.2786978160539,298.77016811057047
2017-08-24 03:30:00,3,299.23219682173306,298.7231208020832
2017-08-24 03:45:00,3,299.18718163799787,298.6778362862624
2017-08-24 04:00:00,3,299.1430845181756,298.6337367169323
2017-08-24 04:15:00,3,299.0994387276931,298.5902895885568
2017-08-24 04:30:00,3,299.0560125878913,298.547230734746
2017-08-24 04:45:00,3,299.0129624054363,298.50467097270877
2017-08-24 05:00:00,3,298.9706293593352,298.4629464091083
2017-08-24 05:15:00,3,298.92927745722386,298.4223664950195
2017-08-24 05:30:00,3,298.889062091818,298.38312473991886
2017-08-24 05:45:00,3,298.85110937586074,298.346446474696
2017-08-24 06:00:00,3,298.8198135084678,298.315998792683
2017-08-24 06:15:00,3,298.80008541940015,298.29626298135105
2017-08-24 06:30:00,3,298.7946879629018,298.2904670573595
2017-08-24 06:45:00,3,298.80484596183504,298.3001459501223
2017-08-24 07:00:00,3,298.83070302771915,298.3255552965119
2017-08-24 07:15:00,3,298.87060302273755,298.3654675791784
2017-08-24 07:30:00,3,298.9226878092687,298.4178995173735
2017-08-24 07:45:00,3,298.98784866204073,298.48100691443284
2017-08-24 08:00:00,3,299.06797291578624,298.55377024723265
2017-08-24 08:15:00,3,299.1635412612938,298.63339441467303
2017-08-24 08:30:00,3,299.27372954581625,298.7139819473531
2017-08-24 08:45:00,3,299.39724036506544,298.8033585409074
2017-08-24 09:00:00,3,299.5327322094533,298.9068555223265
2017-08-24 09:15:00,3,299.6788401995699,299.02450787776667
2017-08-24 09:30:00,3,299.83372838142475,299.1538470510717
2017-08-24 09:45:00,3,299.995204735543,299.29402832865213
2017-08-24 10:00:00,3,300.160949929611,299.4525715648829
2017-08-24 10:15:00,3,300.3286176991741,299.62197208912727
2017-08-24 10:30:00,3,300.49625847033025,299.7931047596495
2017-08-24 10:45:00,3,300.66295685814475,299.96160148084783
2017-08-24 11:00:00,3,300.82854814036756,300.1273857709553
2017-08-24 11:15:00,3,300.99286242053,300.29175429541175
2017-08-24 11:30:00,3,301.15534907955396,300.4551279657208
2017-08-24 11:45:00,3,301.31478972318337,300.61645893472433
2017-08-24 12:00:00,3,301.46977931624014,300.77394520773373
2017-08-24 12:15:00,3,301.6193565128172,300.9259892728028
2017-08-24 12:30:00,3,301.7636993270016,301.0722966113048
2017-08-24 12:45:00,3,301.9040860323626,301.213970109878
2017-08-24 13:00:00,3,302.0415722247445,301.3525421820839
2017-08-24 13:15:00,3,302.1762499352512,301.4889466432657
2017-08-24 13:30:00,3,302.30746133223397,301.6230808272487
2017-08-24 13:45:00,3,302.4340183448006,301.7539768933629
2017-08-24 14:00:00,3,302.5545773730834,301.88026128274964
2017-08-24 14:15:00,3,302.66787255606863,302.00053733501414
2017-08-24 14:30:00,3,302.77294799333765,302.11368052452434
2017-08-24 14:45:00,3,302.86940987229906,302.2189743318433
2017-08-24 15:00:00,3,302.95719556201476,302.3160286121884
2017-08-24 15:15:00,3,303.0360698409532,302.4044981012678
2017-08-24 15:30:00,3,303.10559454863653,302.4841801032609
2017-08-24 15:45:00,3,303.1654019272189,302.5547413330588
2017-08-24 16:00:00,3,303.21514670804515,302.61571455763794
2017-08-24 16:15:00,3,303.25410990959006,302.66627102173
2017-08-24 16:30:00,3,303.28140674922093,302.7054914271137
2017-08-24 16:45:00,3,303.2961577030422,302.7325593062901
2017-08-24 17:00:00,3,303.29753607707926,302.74656646747104
2017-08-24 17:15:00,3,303.2844288553227,302.74641745459206
2017-08-24 17:30:00,3,303.2567852262882,302.7316949936365
2017-08-24 17:45:00,3,303.2159568209907,302.7032132429787
2017-08-24 18:00:00,3,303.1629533114834,302.661913741869
2017-08-24 18:15:00,3,303.0967664565355,302.6073900944209
2017-08-24 18:30:00,3,303.0151382805391,302.53748533144017
2017-08-24 18:45:00,3,302.9138620682734,302.4475712834574
2017-08-24 19:00:00,3,302.78873320661916,302.33432441741417
2017-08-24 19:15:00,3,302.6454840759176,302.2018997912102
2017-08-24 19:30:00,3,302.49496126593544,302.0597643404557
2017-08-24 19:45:00,3,302.34488933809075,301.91778451980207
2017-08-24 20:00:00,3,302.19906089166307,301.7814832454786
2017-08-24 20:15:00,3,302.05887540443973,301.652171017043
2017-08-24 20:30:00,3,301.924461466704,301.52930324004564
2017-08-24 20:45:00,3,301.7951566639855,301.4120237215772
2017-08-24 21:00:00,3,301.67000808532936,301.29782633242854
2017-08-24 21:15:00,3,301.5481519361576,301.1859681670135
2017-08-24 21:30:00,3,301.42922704764067,301.0749407209885
2017-08-24 21:45:00,3,301.3141078902407,300.962470869363
2017-08-24 22:00:00,3,301.2041401807338,300.84975419225924
2017-08-24 22:15:00,3,301.1001641262946,300.73941032979263
2017-08-24 22:30:00,3,301.00239236626106,300.6333593523332
2017-08-24 22:45:00,3,300.910579870462,300.53219019860103
2017-08-24 23:00:00,3,300.82424865997814,300.4355872703411
2017-08-24 23:15:00,3,300.74285776034907,300.3429105359289
2017-08-24 23:30:00,3,300.6658667568424,300.2534100315958
2017-08-24 23:45:00,3,300.5927283502583,300.16580217141126
2017-08-25 00:00:00,3,300.5229187794679,300.0843811907844
2017-08-25 00:15:00,3,300.4559799233806,300.0102028538639
2017-08-25 00:30:00,3,300.3915483770574,299.94145392265494
2017-08-25 00:45:00,3,300.32936055724565,299.87609835194775
2017-08-25 01:00:00,3,300.2691283060588,299.81297677406593
2017-08-25 01:15:00,3,300.21051416335854,299.7515299983736
2017-08-25 01:30:00,3,300.153453898111,299.6916248962185
2017-08-25 01:45:00,3,300.09874924072966,299.63388528365596
2017-08-25 02:00:00,3,300.04765323419946,299.57963057533743
2017-08-25 02:15:00,3,300.0011506622925,299.5302464023766
2017-08-25 02:30:00,3,299.9596002544294,299.4864399732985
2017-08-25 02:45:00,3,299.92243968543676,299.4478616504475
2017-08-25 03:00:00,3,299.88864606009093,299.41344064417206
2017-08-25 03:15:00,3,299.8573148631848,299.3821241713905
2017-08-25 03:30:00,3,299.827730442097,299.3529660667137
2017-08-25 03:45:00,3,299.7991512608137,299.32511055566505
2017-08-25 04:00:00,3,299.77089679641716,299.2978441545928
2017-08-25 04:15:00,3,299.7425020811894,299.27065766211393
2017-08-25 04:30:00,3,299.713744236618,299.2432936232944
2017-08-25 04:45:00,3,299.6846556877321,299.2157238230071
2017-08-25 05:00:00,3,299.6553643450322,299.18802127156613
2017-08-25 05:15:00,3,299.62595760464154,299.1602366063237
2017-08-25 05:30:00,3,299.5964717938354,299.13235816114764
2017-08-25 05:45:00,3,299.56765628142637,299.1050527309785
2017-08-25 06:00:00,3,299.54294167033777,299.0808539329808
2017-08-25 06:15:00,3,299.52693942135164,299.0636497656248
2017-08-25 06:30:00,3,299.5227630991697,299.05703374933364
2017-08-25 06:45:00,3,299.53217332497195,299.06342052107107
2017-08-25 07:00:00,3,299.556095538357,299.0839893657354
2017-08-25 07:15:00,3,299.59358865914965,299.11835939010984
2017-08-25 07:30:00,3,299.6430054792675,299.16497436779616
2017-08-25 07:45:00,3,299.70441562900686,299.2221004905266
2017-08-25 08:00:00,3,299.77862610926957,299.2874152507237
2017-08-25 08:15:00,3,299.86530572588384,299.35290853268305
2017-08-25 08:30:00,3,299.96318885803294,299.4238651675219
2017-08-25 08:45:00,3,300.0713393943459,299.5051858415898
2017-08-25 09:00:00,3,300.18932773264737,299.5985174858906
2017-08-25 09:15:00,3,300.3166333543761,299.706384870086
2017-08-25 09:30:00,3,300.45198711838555,299.83605802572583
2017-08-25 09:45:00,3,300.5935534751479,299.98015002316333
2017-08-25 10:00:00,3,300.7394999522089,300.12980448027815
2017-08-25 10:15:00,3,300.88808016604236,300.27983837189885
2017-08-25 10:30:00,3,301.03779168749725,300.4286060867483
2017-08-25 10:45:00,3,301.1874432207976,300.5759450741374
2017-08-25 11:00:00,3,301.3358137567378,300.72149769208374
2017-08-25 11:15:00,3,301.4816137631406,300.8644675437827
2017-08-25 11:30:00,3,301.623159800101,301.003427064807
2017-08-25 11:45:00,3,301.7571363520518,301.1357128742597
2017-08-25 12:00:00,3,301.8798052480329,301.2578579022638
2017-08-25 12:15:00,3,301.9889080965478,301.3670665221343
2017-08-25 12:30:00,3,302.08494491566694,301.46300726294976
2017-08-25 12:45:00,3,302.1719910907826,301.5487394216445
2017-08-25 13:00:00,3,302.25497398780635,301.62919534966665
2017-08-25 13:15:00,3,302.3370599501325,301.7087624018901
2017-08-25 13:30:00,3,302.419428238253,301.78995438524004
2017-08-25 13:45:00,3,302.5016109932188,301.87287508994797
2017-08-25 14:00:00,3,302.5822919582438,301.9561107447413
2017-08-25 14:15:00,3,302.6598901584579,302.03777604411755
2017-08-25 14:30:00,3,302.7333642583905,302.11651839681406
2017-08-25 14:45:00,3,302.8032660873479,302.19234075359714
2017-08-25 15:00:00,3,302.8707985933288,302.26619777969086
2017-08-25 15:15:00,3,302.9364035007718,302.3388176823711
2017-08-25 15:30:00,3,302.99954513528763,302.4098711691692
2017-08-25 15:45:00,3,303.0586175420996,302.47786282670785
2017-08-25 16:00:00,3,303.11155026750265,302.54066804384405
2017-08-25 16:15:00,3,303.1563584081389,302.59609117279865
2017-08-25 16:30:00,3,303.19134844923934,302.64149676900246
2017-08-25 16:45:00,3,303.21482603443144,302.67508172677947
2017-08-25 17:00:00,3,303.2251698253661,302.6959147296023
2017-08-25 17:15:00,3,303.22071336210803,302.70296922469026
2017-08-25 17:30:00,3,303.20097545667113,302.695382881389
2017-08-25 17:45:00,3,303.1666341026343,302.6730042218963
2017-08-25 18:00:00,3,303.11802406964205,302.63594223675466
2017-08-25 18:15:00,3,303.05449997052,302.5839054574991
2017-08-25 18:30:00,3,302.9746278767216,302.5154768340104
2017-08-25 18:45:00,3,302.8742203901405,302.4265991093585
2017-08-25 19:00:00,3,302.748614432761,302.3139069942827
2017-08-25 19:15:00,3,302.60246870144584,302.1807797820548
2017-08-25 19:30:00,3,302.44576021114125,302.03579649179375
2017-08-25 19:45:00,3,302.28688641417887,301.8897011317347
2017-08-25 20:00:00,3,302.13113274002376,301.74846397271324
2017-08-25 20:15:00,3,301.9811250331763,301.6125542607051
2017-08-25 20:30:00,3,301.8380879296744,301.4802807296201
2017-08-25 20:45:00,3,301.7032532266299,301.3524503869647
2017-08-25 21:00:00,3,301.5776990084615,301.22968391357483
2017-08-25 21:15:00,3,301.46181869814774,301.11239511429693
2017-08-25 21:30:00,3,301.35529766212784,301.00140209256165
2017-08-25 21:45:00,3,301.2571420582096,300.89703542618656
2017-08-25 22:00:00,3,301.1661046965042,300.79880071906723
2017-08-25 22:15:00,3,301.0810818388083,300.7057355547021
2017-08-25 22:30:00,3,301.00117100665585,300.6168254666867
2017-08-25 22:45:00,3,300.92557683015156,300.53110204302993
2017-08-25 23:00:00,3,300.85359623518696,300.4473497832765
2017-08-25 23:15:00,3,300.7846484948703,300.3680626445815
2017-08-25 23:30:00,3,300.7183592162088,300.2950338691272
2017-08-25 23:45:00,3,300.65474776917927,300.2275142688645
2017-08-26 00:00:00,3,300.5939947721307,300.1640970972238
2017-08-26 00:15:00,3,300.53615965564455,300.1039524583689
2017-08-26 00:30:00,3,300.4810946802601,300.0467658211887
2017-08-26 00:45:00,3,300.42835832156936,299.99217664948907
2017-08-26 01:00:00,3,300.3773693297128,299.93954531966847
2017-08-26 01:15:00,3,300.32765363364257,299.88816832660495
2017-08-26 01:30:00,3,300.2790232917127,299.83765485999965
2017-08-26 01:45:00,3,300.23159984740636,299.7880855363857
2017-08-26 02:00:00,3,300.1855921921874,299.7398326695261
2017-08-26 02:15:00,3,300.1411346177182,299.69326341602834
2017-08-26 02:30:00,3,300.0982100228345,299.6485025563334
2017-08-26 02:45:00,3,300.05655643459426,299.60535705571715
2017-08-26 03:00:00,3,300.0158075016512,299.5634470155869
2017-08-26 03:15:00,3,299.975662589107,299.5224036518823
2017-08-26 03:30:00,3,299.9359896482593,299.48205549515546
2017-08-26 03:45:00,3,299.89697752149056,299.4425390865949
2017-08-26 04:00:00,3,299.8589634666908,299.40418630561413
2017-08-26 04:15:00,3,299.8222016836545,299.36730604248703
2017-08-26 04:30:00,3,299.78685774506954,299.3322301647062
2017-08-26 04:45:00,3,299.75316037716294,299.29918453029535
2017-08-26 05:00:00,3,299.72139345081433,299.2683882463473
2017-08-26 05:15:00,3,299.6917692223252,299.2400723427098
2017-08-26 05:30:00,3,299.6642970820104,299.21428099458086
2017-08-26 05:45:00,3,299.6394196672167,299.19144582081657
2017-08-26 06:00:00,3,299.6202267400378,299.1735967896725
2017-08-26 06:15:00,3,299.61077192790754,299.1639225620003
2017-08-26 06:30:00,3,299.6136609339927,299.1653226598821
2017-08-26 06:45:00,3,299.6303251296543,299.17961025171076
2017-08-26 07:00:00,3,299.6609304644776,299.20728961642754
2017-08-26 07:15:00,3,299.7037832916832,299.24733347580263
2017-08-26 07:30:00,3,299.7568727405921,299.2979025367698
2017-08-26 07:45:00,3,299.82036542296856,299.35746713242366
2017-08-26 08:00:00,3,299.8957260044979,299.4241756160229
2017-08-26 08:15:00,3,299.98368196374776,299.49041536708944
2017-08-26 08:30:00,3,300.08407138268694,299.56306802565985
2017-08-26 08:45:00,3,300.19629804658615,299.64749603587734
2017-08-26 09:00:00,3,300.31873739634904,299.7443476987783
2017-08-26 09:15:00,3,300.4487441559881,299.85252210978626
2017-08-26 09:30:00,3,300.58374365228735,299.97465527835277
2017-08-26 09:45:00,3,300.72240120675514,300.1119650737403
2017-08-26 10:00:00,3,300.86435174340556,300.25678139496915
2017-08-26 10:15:00,3,301.00930722671063,300.4031596148183
2017-08-26 10:30:00,3,301.15617398920745,300.54892771734524
2017-08-26 10:45:00,3,301.3024476994441,300.69319227443873
2017-08-26 11:00:00,3,301.4451839371704,300.83455645693357
2017-08-26 11:15:00,3,301.58211354455307,300.97110086679464
2017-08-26 11:30:00,3,301.7117830717547,301.1009785581718
2017-08-26 11:45:00,3,301.83318534945596,301.22280662200694
2017-08-26 12:00:00,3,301.94578466506994,301.3357715281098
2017-08-26 12:15:00,3,302.0495580669064,301.4396056237174
2017-08-26 12:30:00,3,302.14560669194134,301.53499853132763
2017-08-26 12:45:00,3,302.2366451616564,301.62400964688226
2017-08-26 13:00:00,3,302.3253568529586,301.7093974689081
2017-08-26 13:15:00,3,302.4130827852527,301.7934581957497
2017-08-26 13:30:00,3,302.50022978234915,301.87791009982357
2017-08-26 13:45:00,3,302.58724428047924,301.96400481331295
2017-08-26 14:00:00,3,302.6744913409013,302.05240738734534
2017-08-26 14:15:00,3,302.76173206622553,302.1428321404057
2017-08-26 14:30:00,3,302.84787904607055,302.2338198818659
2017-08-26 14:45:00,3,302.93045641431746,302.3223874301272
2017-08-26 15:00:00,3,303.0065928520747,302.4046968237907
2017-08-26 15:15:00,3,303.074034435087,302.47769866062777
2017-08-26 15:30:00,3,303.13130452416357,302.53990037048374
2017-08-26 15:45:00,3,303.177633363806,302.5910142721423
2017-08-26 16:00:00,3,303.2126218588196,302.6316512271712
2017-08-26 16:15:00,3,303.23566297620255,302.66269263908436
2017-08-26 16:30:00,3,303.2462585257747,302.68421755389693
2017-08-26 16:45:00,3,303.2445062350164,302.69558440191514
2017-08-26 17:00:00,3,303.2306196669965,302.6958302609948
2017-08-26 17:15:00,3,303.204080004895,302.6837537175594
2017-08-26 17:30:00,3,303.1649130164826,302.65869429350016
2017-08-26 17:45:00,3,303.11418528410167,302.62094003573065
2017-08-26 18:00:00,3,303.0524435269206,302.57084245362375
2017-08-26 18:15:00,3,302.9782864589041,302.50780196456583
2017-08-26 18:30:00,3,302.88951269136805,302.43003224748077
2017-08-26 18:45:00,3,302.78216807231934,302.3341182666003
2017-08-26 19:00:00,3,302.6524030777378,302.2180172735006
2017-08-26 19:15:00,3,302.50581283028527,302.0863083292392
2017-08-26 19:30:00,3,302.35281614601877,301.9468977132701
2017-08-26 19:45:00,3,302.20103848500816,301.8060164911967
2017-08-26 20:00:00,3,302.0544459507741,301.66843604751904
2017-08-26 20:15:00,3,301.9146171539999,301.53647317010365
2017-08-26 20:30:00,3,301.7820048368355,301.4107303177133
2017-08-26 20:45:00,3,301.65694902610164,301.29126696610706
2017-08-26 21:00:00,3,301.5397101690422,301.1758707690762
2017-08-26 21:15:00,3,301.4302094751471,301.06418579786225
2017-08-26 21:30:00,3,301.32805030539066,300.9569647048293
2017-08-26 21:45:00,3,301.2326180060682,300.8547133857397
2017-08-26 22:00:00,3,301.14321239711416,300.75722964684286
2017-08-26 22:15:00,3,301.0591568726526,300.66380654787406
2017-08-26 22:30:00,3,300.979936570891,300.5735199888579
2017-08-26 22:45:00,3,300.9054238635047,300.48794153863696
2017-08-26 23:00:00,3,300.8356543499692,300.4105533257135
2017-08-26 23:15:00,3,300.7705422167591,300.3413748582933
2017-08-26 23:30:00,3,300.70975454084726,300.27845332793
2017-08-26 23:45:00,3,300.6525514649835,300.21984734064694
2017-08-27 00:00:00,3,300.59806362951764,300.1643020709752
2017-08-27 00:15:00,3,300.54559892723245,300.11110433761195
2017-08-27 00:30:00,3,300.4946232117763,300.05974605804306
2017-08-27 00:45:00,3,300.4445661386671,300.00966926043697
2017-08-27 01:00:00,3,300.39486789838867,299.96025659614105
2017-08-27 01:15:00,3,300.34510454119845,299.9109626916196
2017-08-27 01:30:00,3,300.2950417195855,299.8614462436379
2017-08-27 01:45:00,3,300.24471886399806,299.811648364387
2017-08-27 02:00:00,3,300.19432140033615,299.76172073459315
2017-08-27 02:15:00,3,300.1440082074401,299.7118638423443
2017-08-27 02:30:00,3,300.0939778425475,299.6623298711649
2017-08-27 02:45:00,3,300.0447467297353,299.61358304348795
2017-08-27 03:00:00,3,299.99693963686485,299.5662410263688
2017-08-27 03:15:00,3,299.95097760795744,299.5208238365623
2017-08-27 03:30:00,3,299.90703630512456,299.4775881297117
2017-08-27 03:45:00,3,299.8651030315493,299.43654762694337
2017-08-27 04:00:00,3,299.8250639323669,299.3975871265906
2017-08-27 04:15:00,3,299.78677093524806,299.3605553741869
2017-08-27 04:30:00,3,299.7501075971715,299.3252883339819
2017-08-27 04:45:00,3,299.7151039736202,299.29173985153386
2017-08-27 05:00:00,3,299.681884455768,299.25977483675103
2017-08-27 05:15:00,3,299.6505472982311,299.22923487407115
2017-08-27 05:30:00,3,299.62134426204966,299.2002548205807
2017-08-27 05:45:00,3,299.59602115937844,299.1743563070885
2017-08-27 06:00:00,3,299.579006105298,299.1549557292689
2017-08-27 06:15:00,3,299.57403147082283,299.1455557562662
2017-08-27 06:30:00,3,299.5819989997567,299.14770649504754
2017-08-27 06:45:00,3,299.60134655061375,299.160604858298
2017-08-27 07:00:00,3,299.6297835604461,299.18229655796824
2017-08-27 07:15:00,3,299.6657860533224,299.2110476962785
2017-08-27 07:30:00,3,299.70910894585467,299.24629188146594
2017-08-27 07:45:00,3,299.761801886965,299.2887318623061
2017-08-27 08:00:00,3,299.8263051075958,299.33895689824874
2017-08-27 08:15:00,3,299.9029048487773,299.39454745907994
2017-08-27 08:30:00,3,299.9904344698991,299.4524304643163
2017-08-27 08:45:00,3,300.0878713444304,299.5183856989931
2017-08-27 09:00:00,3,300.19414616067365,299.59640298677795
2017-08-27 09:15:00,3,300.3078333524909,299.6867796164394
2017-08-27 09:30:00,3,300.42751327226574,299.7880084632696
2017-08-27 09:45:00,3,300.55144971305106,299.898845364855
2017-08-27 10:00:00,3,300.67763435539393,300.02279435746283
2017-08-27 10:15:00,3,300.8041553049567,300.15394172297164
2017-08-27 10:30:00,3,300.9296686415536,300.28482646218396
2017-08-27 10:45:00,3,301.0540910023823,300.4116453606965
2017-08-27 11:00:00,3,301.1780521809737,300.5338728221374
2017-08-27 11:15:00,3,301.3018929082937,300.6539248231533
2017-08-27 11:30:00,3,301.42545409718565,300.77377534448664
2017-08-27 11:45:00,3,301.54817106625114,300.8936849070557
2017-08-27 12:00:00,3,301.66925581885175,301.01278551771054
2017-08-27 12:15:00,3,301.78802374504215,301.13007786298516
2017-08-27 12:30:00,3,301.9046939640006,301.24533403842736
2017-08-27 12:45:00,3,302.0207401971362,301.35947198254786
2017-08-27 13:00:00,3,302.1377342747006,301.4740901214873
2017-08-27 13:15:00,3,302.2563515807844,301.5905434909007
2017-08-27 13:30:00,3,302.37642208960324,301.70930911180125
2017-08-27 13:45:00,3,302.4971297078532,301.8299423603712
2017-08-27 14:00:00,3,302.61717804564745,301.9513207706736
2017-08-27 14:15:00,3,302.7349880082886,302.0719150516936
2017-08-27 14:30:00,3,302.84863186500405,302.1897080591098
2017-08-27 14:45:00,3,302.95517125363483,302.3019151244013
2017-08-27 15:00:00,3,303.05151985322584,302.4054168448969
2017-08-27 15:15:00,3,303.1353638728714,302.49760916138337
2017-08-27 15:30:00,3,303.2055958015317,302.577219772342
2017-08-27 15:45:00,3,303.2625982185189,302.6443491036314
2017-08-27 16:00:00,3,303.3072150616246,302.6996591746807
2017-08-27 16:15:00,3,303.3396038815821,302.74332017131655
2017-08-27 16:30:00,3,303.35942238197094,302.7748878385295
2017-08-27 16:45:00,3,303.3661357260766,302.7939665963577
2017-08-27 17:00:00,3,303.35902550721266,302.800037639792
2017-08-27 17:15:00,3,303.3369451060106,302.7920662331318
2017-08-27 17:30:00,3,303.2997531871202,302.76924334988894
2017-08-27 17:45:00,3,303.24866594639286,302.73172994809505
2017-08-27 18:00:00,3,303.1845476237009,302.67998721189616
2017-08-27 18:15:00,3,303.10629374262413,302.61365435412506
2017-08-27 18:30:00,3,303.01170233865673,302.531143093853
2017-08-27 18:45:00,3,302.8970380016321,302.4290846923061
2017-08-27 19:00:00,3,302.7590373294453,302.30556724063626
2017-08-27 19:15:00,3,302.60397252591673,302.1656919978441
2017-08-27 19:30:00,3,302.4428238524518,302.01967573288397
2017-08-27 19:45:00,3,302.28359582611245,301.873166166035
2017-08-27 20:00:00,3,302.1304711206116,301.730658459938
2017-08-27 20:15:00,3,301.985118684163,301.5945159196177
2017-08-27 20:30:00,3,301.84786392391067,301.46529365073263
2017-08-27 20:45:00,3,301.7184219305384,301.34304010664255
2017-08-27 21:00:00,3,301.5962420523865,301.22446059269197
2017-08-27 21:15:00,3,301.48066110337965,301.10826480594505
2017-08-27 21:30:00,3,301.37109769410444,300.99478904241084
2017-08-27 21:45:00,3,301.26733453292275,300.88475194753875
2017-08-27 22:00:00,3,301.16929837468234,300.77855753550335
2017-08-27 22:15:00,3,301.07677974563074,300.6761030764023
2017-08-27 22:30:00,3,300.9894444656125,300.5767770964921
2017-08-27 22:45:00,3,300.9069335266098,300.48220989216236
2017-08-27 23:00:00,3,300.8288280405703,300.39605608054956
2017-08-27 23:15:00,3,300.7546308404478,300.3178419954293
2017-08-27 23:30:00,3,300.68382810789944,300.2450185168616
2017-08-27 23:45:00,3,300.6160002860542,300.17559121385955
2017-08-28 00:00:00,3,300.55085429553964,300.1088194579418
2017-08-28 00:15:00,3,300.4881630511254,300.04464625840586
2017-08-28 00:30:00,3,300.42780514679197,299.98315973460547
2017-08-28 00:45:00,3,300.3699528077849,299.92451632562677
2017-08-28 01:00:00,3,300.3148888752222,299.86893348392647
2017-08-28 01:15:00,3,300.262755583459,299.81656717211047
2017-08-28 01:30:00,3,300.213412988105,299.7672908797819
2017-08-28 01:45:00,3,300.16622714409266,299.7205188385127
2017-08-28 02:00:00,3,300.1203666322373,299.6753697639627
2017-08-28 02:15:00,3,300.07517428592763,299.6310186192656
2017-08-28 02:30:00,3,300.0303126611297,299.5870100346629
2017-08-28 02:45:00,3,299.98590210522383,299.5433803744731
2017-08-28 03:00:00,3,299.9422746889353,299.5004446635608
2017-08-28 03:15:00,3,299.89967926453704,299.458485075547
2017-08-28 03:30:00,3,299.85810684315305,299.4174999637064
2017-08-28 03:45:00,3,299.81704616133175,299.37706417514926
2017-08-28 04:00:00,3,299.77577527807256,299.3364832802362
2017-08-28 04:15:00,3,299.733761568519,299.2950936693833
2017-08-28 04:30:00,3,299.6910552369698,299.25280022590505
2017-08-28 04:45:00,3,299.6489962369847,299.2106303153068
2017-08-28 05:00:00,3,299.6095213923486,299.1704119021789
2017-08-28 05:15:00,3,299.5741208200661,299.1339729372948
2017-08-28 05:30:00,3,299.5435892525983,299.10227070511905
2017-08-28 05:45:00,3,299.5188835175456,299.0762049004672
2017-08-28 06:00:00,3,299.5027577931559,299.0576354425684
2017-08-28 06:15:00,3,299.49727096653584,299.0483329123569
2017-08-28 06:30:00,3,299.5023848881055,299.0487742894346
2017-08-28 06:45:00,3,299.5171408940272,299.0583407012012
2017-08-28 07:00:00,3,299.5407374806229,299.07625406655967
2017-08-28 07:15:00,3,299.5733268961759,299.10239734228907
2017-08-28 07:30:00,3,299.6158842463096,299.1373346662526
2017-08-28 07:45:00,3,299.66956180371085,299.1815249683593
2017-08-28 08:00:00,3,299.7350558505591,299.2343708183926
2017-08-28 08:15:00,3,299.8110462590057,299.293274166447
2017-08-28 08:30:00,3,299.895179781061,299.3508834738615
2017-08-28 08:45:00,3,299.9862079287034,299.4116845788407
2017-08-28 09:00:00,3,300.08403341701205,299.48077529507634
2017-08-28 09:15:00,3,300.1880075436907,299.55979232520707
2017-08-28 09:30:00,3,300.29691184910075,299.647975296308
2017-08-28 09:45:00,3,300.41020745996343,299.7443955215133
2017-08-28 10:00:00,3,300.52782831047375,299.8493549121728
2017-08-28 10:15:00,3,300.6494590516406,299.9673981808117
2017-08-28 10:30:00,3,300.77428544495996,300.0955733710735
2017-08-28 10:45:00,3,300.900165564751,300.2264992900889
2017-08-28 11:00:00,3,301.0242840114976,300.3543130125099
2017-08-28 11:15:00,3,301.14428650196203,300.47579633127987
2017-08-28 11:30:00,3,301.2588309430443,300.58969445418245
2017-08-28 11:45:00,3,301.36798825843607,300.6971245368549
2017-08-28 12:00:00,3,301.4725771432973,300.7998291672972
2017-08-28 12:15:00,3,301.5733562872493,300.8990528823943
2017-08-28 12:30:00,3,301.6713924006613,300.9956898318965
2017-08-28 12:45:00,3,301.76824097697886,301.09079012972643
2017-08-28 13:00:00,3,301.8649837911385,301.1855612275471
2017-08-28 13:15:00,3,301.96169748075556,301.2808428770067
2017-08-28 13:30:00,3,302.0579089510132,301.3767481593246
2017-08-28 13:45:00,3,302.1533471893463,301.47296308640693
2017-08-28 14:00:00,3,302.2479326587762,301.56929992401103
2017-08-28 14:15:00,3,302.34131468418434,301.66563031826934
2017-08-28 14:30:00,3,302.4329016455186,301.76151346435336
2017-08-28 14:45:00,3,302.52184387913934,301.8561130545271
2017-08-28 15:00:00,3,302.6070700773547,301.94823021766877
2017-08-28 15:15:00,3,302.687270937828,302.0364282893056
2017-08-28 15:30:00,3,302.7609540902671,302.1191128620869
2017-08-28 15:45:00,3,302.826185856458,302.1942107969118
2017-08-28 16:00:00,3,302.8809249653768,302.25940918662525
2017-08-28 16:15:00,3,302.92330169864914,302.3128314536469
2017-08-28 16:30:00,3,302.9518913573359,302.3530595206509
2017-08-28 16:45:00,3,302.9656628646564,302.37921962446813
2017-08-28 17:00:00,3,302.96372125702476,302.39046261839724
2017-08-28 17:15:00,3,302.944739885762,302.3854771052844
2017-08-28 17:30:00,3,302.90817556565906,302.36307739112016
2017-08-28 17:45:00,3,302.85468024005434,302.3226443042457
2017-08-28 18:00:00,3,302.78549122757056,302.26495637156034
2017-08-28 18:15:00,3,302.70110015331824,302.19141619037225
2017-08-28 18:30:00,3,302.60086103718464,302.1026931576292
2017-08-28 18:45:00,3,302.4822057682337,301.997617435552
2017-08-28 19:00:00,3,302.3432965859335,301.8752701157256
2017-08-28 19:15:00,3,302.1905375980361,301.7385057526609
2017-08-28 19:30:00,3,302.0338773006571,301.59372006393596
2017-08-28 19:45:00,3,301.88015461161234,301.44915129558655
2017-08-28 20:00:00,3,301.7326269062872,301.3101735728627
2017-08-28 20:15:00,3,301.59237672617803,301.17859254379044
2017-08-28 20:30:00,3,301.4594203880338,301.05356275361
2017-08-28 20:45:00,3,301.33333717166573,300.93138773871283
2017-08-28 21:00:00,3,301.21352930833945,300.8107534776851
2017-08-28 21:15:00,3,301.0993325034912,300.6920364919674
2017-08-28 21:30:00,3,300.9902136486855,300.5757606961553
2017-08-28 21:45:00,3,300.88605598459134,300.4619875310253
2017-08-28 22:00:00,3,300.78680624957155,300.3498447420513
2017-08-28 22:15:00,3,300.6921634318015,300.2441879571111
2017-08-28 22:30:00,3,300.601844473353,300.14747545159577
2017-08-28 22:45:00,3,300.51611141155905,300.0583578756708
2017-08-28 23:00:00,3,300.4355521900398,299.975206125371
2017-08-28 23:15:00,3,300.3606009742897,299.8977317875556
2017-08-28 23:30:00,3,300.2912737185794,299.8262642512465
2017-08-28 23:45:00,3,300.22691801154434,299.76056538614887
2017-08-29 00:00:00,3,300.1665342299725,299.69957966471634
2017-08-29 00:15:00,3,300.10923833798233,299.64198795329116
2017-08-29 00:30:00,3,300.05440814022904,299.58680893058084
2017-08-29 00:45:00,3,300.0016829125355,299.53365727723605
2017-08-29 01:00:00,3,299.9509210220604,299.4826072530318
2017-08-29 01:15:00,3,299.9020764826224,299.4338667768657
2017-08-29 01:30:00,3,299.85504805969254,299.3874818313061
2017-08-29 01:45:00,3,299.8095346434255,299.3431804743177
2017-08-29 02:00:00,3,299.7651290747134,299.3004581857833
2017-08-29 02:15:00,3,299.72147943448243,299.2587938183974
2017-08-29 02:30:00,3,299.6783676205404,299.217841899012
2017-08-29 02:45:00,3,299.6357576835201,299.17745537582255
2017-08-29 03:00:00,3,299.5936723651752,299.1375582824117
2017-08-29 03:15:00,3,299.55210205816104,299.0980577768268
2017-08-29 03:30:00,3,299.5114274359187,299.05928034794465
2017-08-29 03:45:00,3,299.47344970379,299.02274484628776
2017-08-29 04:00:00,3,299.4403318042255,298.99071562913974
2017-08-29 04:15:00,3,299.4130854246637,298.9645513975671
2017-08-29 04:30:00,3,299.3913094037637,298.94395919956804
2017-08-29 04:45:00,3,299.3733492408683,298.9272799071387
2017-08-29 05:00:00,3,299.35729023285467,298.91238678528487
2017-08-29 05:15:00,3,299.341720997548,298.8974626358005
2017-08-29 05:30:00,3,299.325825543194,298.8813012757204
2017-08-29 05:45:00,3,299.3091582505177,298.8634412719683
2017-08-29 06:00:00,3,299.2921622930121,298.84465324962554
2017-08-29 06:15:00,3,299.27709692131145,298.8272552904446
2017-08-29 06:30:00,3,299.2668571910256,298.8144218207834
2017-08-29 06:45:00,3,299.264051989535,298.80906679617715
2017-08-29 07:00:00,3,299.2705082012353,298.8131710271651
2017-08-29 07:15:00,3,299.28766284067206,298.8278470040892
2017-08-29 07:30:00,3,299.3169373130396,298.8539538828229
2017-08-29 07:45:00,3,299.3608498779881,298.89300184814294
2017-08-29 08:00:00,3,299.42174440075274,298.946209472911
2017-08-29 08:15:00,3,299.4993970519849,299.01258890195874
2017-08-29 08:30:00,3,299.59193793759107,299.08743919330607
2017-08-29 08:45:00,3,299.6981774214487,299.1663801104093
2017-08-29 09:00:00,3,299.81772568446854,299.25509628166424
2017-08-29 09:15:00,3,299.9500841360923,299.3580640174098
2017-08-29 09:30:00,3,300.0941520515218,299.4741978522474
2017-08-29 09:45:00,3,300.24901918829465,299.60623665225523
2017-08-29 10:00:00,3,300.41414503126026,299.7638020898714
2017-08-29 10:15:00,3,300.5887124659808,299.9434662410676
2017-08-29 10:30:00,3,300.7708148570649,300.1335430881709
2017-08-29 10:45:00,3,300.9558215416142,300.3242065415014
2017-08-29 11:00:00,3,301.1378019457502,300.50959223973473
2017-08-29 11:15:00,3,301.31181414091014,300.6864297202418
2017-08-29 11:30:00,3,301.47501441834305,300.8529001525023
2017-08-29 11:45:00,3,301.6269291635868,301.0084070013005
2017-08-29 12:00:00,3,301.7683686982763,301.15361732680424
2017-08-29 12:15:00,3,301.9007597062612,301.29003870995103
2017-08-29 12:30:00,3,302.0258031307477,301.41942093948074
2017-08-29 12:45:00,3,302.1447145373902,301.54297696634353
2017-08-29 13:00:00,3,302.25737450915045,301.66068957657484
2017-08-29 13:15:00,3,302.36255793399476,301.7712182656248
2017-08-29 13:30:00,3,302.45893453815864,301.8726911935634
2017-08-29 13:45:00,3,302.5451653168575,301.96362714492057
2017-08-29 14:00:00,3,302.6201338925387,302.0430082169273
2017-08-29 14:15:00,3,302.68291549968035,302.10995429926874
2017-08-29 14:30:00,3,302.7331108421408,302.16405422908474
2017-08-29 14:45:00,3,302.77163770164253,302.2062502848548
2017-08-29 15:00:00,3,302.80013639297414,302.23830567750736
2017-08-29 15:15:00,3,302.8203720779745,302.2622092552485
2017-08-29 15:30:00,3,302.83401848842857,302.2799212643475
2017-08-29 15:45:00,3,302.84283494615124,302.29338357117274
2017-08-29 16:00:00,3,302.84798448750325,302.30400305734736
2017-08-29 16:15:00,3,302.8493310567979,302.3120204777892
2017-08-29 16:30:00,3,302.84611492928826,302.3167754210054
2017-08-29 16:45:00,3,302.8378554161323,302.3175108367268
2017-08-29 17:00:00,3,302.8238851427325,302.3132575232421
2017-08-29 17:15:00,3,302.80230027766214,302.30224988057734
2017-08-29 17:30:00,3,302.7714226539558,302.2824850753169
2017-08-29 17:45:00,3,302.73067232232046,302.25265133920203
2017-08-29 18:00:00,3,302.67980324867,302.2121969496163
2017-08-29 18:15:00,3,302.61793264066023,302.1605651714974
2017-08-29 18:30:00,3,302.5429931368921,302.09623684013786
2017-08-29 18:45:00,3,302.45161414465974,302.0162069936781
2017-08-29 19:00:00,3,302.3412755014104,301.9187250131499
2017-08-29 19:15:00,3,302.2170987596664,301.80723433754093
2017-08-29 19:30:00,3,302.0880538221293,301.68950851373364
2017-08-29 19:45:00,3,301.9607282599277,301.5723602643146
2017-08-29 20:00:00,3,301.8385577364209,301.4591909522069
2017-08-29 20:15:00,3,301.72292829194765,301.3514918726152
2017-08-29 20:30:00,3,301.6141279693832,301.24987829887823
2017-08-29 20:45:00,3,301.51193216529373,301.15348531079457
2017-08-29 21:00:00,3,301.41589819103945,301.06154959496087
2017-08-29 21:15:00,3,301.32547243146126,300.97392657917504
2017-08-29 21:30:00,3,301.24001846112435,300.8899616204002
2017-08-29 21:45:00,3,301.15879824643196,300.8085022632715
2017-08-29 22:00:00,3,301.08107521782046,300.728828899125
2017-08-29 22:15:00,3,301.00622653298126,300.6505552242831
2017-08-29 22:30:00,3,300.9338225074567,300.5734483483405
2017-08-29 22:45:00,3,300.8637330759777,300.4973923016373
2017-08-29 23:00:00,3,300.7959371514448,300.4223159696327
2017-08-29 23:15:00,3,300.73034001594766,300.3480046460294
2017-08-29 23:30:00,3,300.6668963142079,300.2741696413269
2017-08-29 23:45:00,3,300.6059529818653,300.20540048303457
2017-08-30 00:00:00,3,300.5480010514386,300.1428743604027
2017-08-30 00:15:00,3,300.49331664444674,300.08556266428127
2017-08-30 00:30:00,3,300.4418747859297,300.03223511411096
2017-08-30 00:45:00,3,300.39330025998675,299.9821060360249
2017-08-30 01:00:00,3,300.3470499213528,299.9346289039388
2017-08-30 01:15:00,3,300.3026237009244,299.889273387274
2017-08-30 01:30:00,3,300.2595339083916,299.8454136236598
2017-08-30 01:45:00,3,300.21709178593255,299.8022712930348
2017-08-30 02:00:00,3,300.17459009707005,299.7590249670957
2017-08-30 02:15:00,3,300.1315710950662,299.7150401786495
2017-08-30 02:30:00,3,300.0879902342847,299.67016194823145
2017-08-30 02:45:00,3,300.04437565844216,299.6248891999967
2017-08-30 03:00:00,3,300.0014675207972,299.5801251258834
2017-08-30 03:15:00,3,299.95982854608974,299.5367152769576
2017-08-30 03:30:00,3,299.91975362477416,299.49518054415756
2017-08-30 03:45:00,3,299.8813212325287,299.4557649052591
2017-08-30 04:00:00,3,299.844551520448,299.41859420955257
2017-08-30 04:15:00,3,299.8094436129862,299.38383746838343
2017-08-30 04:30:00,3,299.77587051353794,299.3513357980301
2017-08-30 04:45:00,3,299.7433972681663,299.320442176936
2017-08-30 05:00:00,3,299.7114163837711,299.29020997009246
2017-08-30 05:15:00,3,299.6794245579875,299.2597555709526
2017-08-30 05:30:00,3,299.6472812383845,299.2287249535077
2017-08-30 05:45:00,3,299.61618849049387,299.19826726170453
2017-08-30 06:00:00,3,299.5900423643974,299.17180835032696
2017-08-30 06:15:00,3,299.5735485299324,299.1538437697271
2017-08-30 06:30:00,3,299.56950530456345,299.1477017270167
2017-08-30 06:45:00,3,299.5787526075654,299.15471980920023
2017-08-30 07:00:00,3,299.60101876090675,299.1747024982117
2017-08-30 07:15:00,3,299.6347571464262,299.2063877305858
2017-08-30 07:30:00,3,299.6781861122229,299.2479213730453
2017-08-30 07:45:00,3,299.73034199758666,299.29722542309014
2017-08-30 08:00:00,3,299.79031409194494,299.35174521710303
2017-08-30 08:15:00,3,299.8564830568209,299.4081852684384
2017-08-30 08:30:00,3,299.9269011733413,299.4624012954446
2017-08-30 08:45:00,3,300.00106766512744,299.51803097500374
2017-08-30 09:00:00,3,300.08027666562145,299.57878791628514
2017-08-30 09:15:00,3,300.16802809311673,299.64599795967706
2017-08-30 09:30:00,3,300.26917324474255,299.72516161254117
2017-08-30 09:45:00,3,300.3875298860996,299.8246960051004
2017-08-30 10:00:00,3,300.5246263395746,299.95368073353785
2017-08-30 10:15:00,3,300.67786263037783,300.10547530081635
2017-08-30 10:30:00,3,300.84147878582553,300.2687973880184
2017-08-30 10:45:00,3,301.00844951736707,300.4341508660981
2017-08-30 11:00:00,3,301.17217918538324,300.59533813448274
2017-08-30 11:15:00,3,301.32784777872513,300.7486659678339
2017-08-30 11:30:00,3,301.47289537314555,300.8920772786628
2017-08-30 11:45:00,3,301.6071546591514,301.02516769671496
2017-08-30 12:00:00,3,301.73177380448374,301.1487781347148
2017-08-30 12:15:00,3,301.84801265355566,301.26423607056967
2017-08-30 12:30:00,3,301.9575411060276,301.3731676393594
2017-08-30 12:45:00,3,302.06277880772404,301.47762929189764
2017-08-30 13:00:00,3,302.16568379854334,301.57968658068364
2017-08-30 13:15:00,3,302.2669396040196,301.6806957544514
2017-08-30 13:30:00,3,302.3662296679281,301.7809120377477
2017-08-30 13:45:00,3,302.46255492095224,301.8795425591826
2017-08-30 14:00:00,3,302.5547036617379,301.97531546621684
2017-08-30 14:15:00,3,302.64147119246127,302.06651592017994
2017-08-30 14:30:00,3,302.7217657557101,302.1512378424463
2017-08-30 14:45:00,3,302.7946343022536,302.2280756446201
2017-08-30 15:00:00,3,302.85925953593363,302.29634901756526
2017-08-30 15:15:00,3,302.9147215581201,302.3556956343509
2017-08-30 15:30:00,3,302.9604659521089,302.40644294102384
2017-08-30 15:45:00,3,302.9973516577591,302.45009504230114
2017-08-30 16:00:00,3,303.02666583526263,302.48805897104444
2017-08-30 16:15:00,3,303.04860712128595,302.5203499611074
2017-08-30 16:30:00,3,303.0624888442827,302.5457311937537
2017-08-30 16:45:00,3,303.067194633661,302.5623681486618
2017-08-30 17:00:00,3,303.0613437895827,302.56844047767606
2017-08-30 17:15:00,3,303.04281721656713,302.5618563949791
2017-08-30 17:30:00,3,303.010022419959,302.5408765089467
2017-08-30 17:45:00,3,302.9632518787209,302.50524896730326
2017-08-30 18:00:00,3,302.90355206099537,302.45601170441665
2017-08-30 18:15:00,3,302.8312584825897,302.39416196347906
2017-08-30 18:30:00,3,302.7454610865639,302.31936213295506
2017-08-30 18:45:00,3,302.64349912418004,302.22916379107215
2017-08-30 19:00:00,3,302.523298487093,302.12237618835576
2017-08-30 19:15:00,3,302.39007581322755,302.00259150788975
2017-08-30 19:30:00,3,302.252500751284,301.8774807646422
2017-08-30 19:45:00,3,302.1167642513199,301.7537168465092
2017-08-30 20:00:00,3,301.98602618689347,301.63393211985215
2017-08-30 20:15:00,3,301.8615397741827,301.519504189912
2017-08-30 20:30:00,3,301.7437281223158,301.41033906667207
2017-08-30 20:45:00,3,301.63312852611585,301.3060183370056
2017-08-30 21:00:00,3,301.53026721288876,301.20694519047936
2017-08-30 21:15:00,3,301.43526561683166,301.11382382914957
2017-08-30 21:30:00,3,301.34768339475255,301.02594569428646
2017-08-30 21:45:00,3,301.2662688280808,300.9425041630555
2017-08-30 22:00:00,3,301.1894503753133,300.8625804367765
2017-08-30 22:15:00,3,301.11589849167603,300.785126645413
2017-08-30 22:30:00,3,301.04471444733423,300.70918248893844
2017-08-30 22:45:00,3,300.97554033963127,300.6341392451286
2017-08-30 23:00:00,3,300.9082584794759,300.5596953648038
2017-08-30 23:15:00,3,300.8427180222591,300.485522894546
2017-08-30 23:30:00,3,300.7786880881075,300.4118122581079
2017-08-30 23:45:00,3,300.7158273574766,300.3418566824288
2017-08-31 00:00:00,3,300.6537074638794,300.27575867259526
2017-08-31 00:15:00,3,300.59191509273535,300.211592804189
2017-08-31 00:30:00,3,300.5304490565562,300.14785789936747
2017-08-31 00:45:00,3,300.47043037325693,300.0849266370342
2017-08-31 01:00:00,3,300.41353513175,300.0246700770437
2017-08-31 01:15:00,3,300.36108236714887,299.96911630106115
2017-08-31 01:30:00,3,300.3136159011611,299.9193180263029
2017-08-31 01:45:00,3,300.2705881232599,299.8749699229508
2017-08-31 02:00:00,3,300.2309025568766,299.83489345766174
2017-08-31 02:15:00,3,300.1935712465177,299.7977960248912
2017-08-31 02:30:00,3,300.15785505780417,299.7626844574147
2017-08-31 02:45:00,3,300.12316781133615,299.72886529710746
2017-08-31 03:00:00,3,300.0890550756403,299.6959317819972
2017-08-31 03:15:00,3,300.05520728093956,299.66349375110696
2017-08-31 03:30:00,3,300.0214127987324,299.63118677085777
2017-08-31 03:45:00,3,299.9874804198147,299.5987202924736
2017-08-31 04:00:00,3,299.95325325030933,299.56588137426775
2017-08-31 04:15:00,3,299.9186371240565,299.5325372129527
2017-08-31 04:30:00,3,299.8835531054359,299.49850863969954
2017-08-31 04:45:00,3,299.84781342676337,299.46372780385514
2017-08-31 05:00:00,3,299.8111579030304,299.42814617707955
2017-08-31 05:15:00,3,299.7733750481324,299.39165641514364
2017-08-31 05:30:00,3,299.73460109639944,299.35436053644565
2017-08-31 05:45:00,3,299.6961315373305,299.31718468642737
2017-08-31 06:00:00,3,299.66077104369145,299.2825557652675
2017-08-31 06:15:00,3,299.6326350060202,299.25394168321424
2017-08-31 06:30:00,3,299.61522091623675,299.2346141337233
2017-08-31 06:45:00,3,299.6104902595504,299.22668096583976
2017-08-31 07:00:00,3,299.61919830366566,299.23097879666227
2017-08-31 07:15:00,3,299.64140145367065,299.2474295165552
2017-08-31 07:30:00,3,299.6766801556866,299.27545919968975
2017-08-31 07:45:00,3,299.7242801245708,299.3142565489509
2017-08-31 08:00:00,3,299.78311989215973,299.3626392132645
2017-08-31 08:15:00,3,299.851550128347,299.41837149222584
2017-08-31 08:30:00,3,299.9282844076712,299.47661721457064
2017-08-31 08:45:00,3,300.01340437103994,299.5368613217702
2017-08-31 09:00:00,3,300.10701746534784,299.6040931365966
2017-08-31 09:15:00,3,300.2079553913091,299.68094065546967
2017-08-31 09:30:00,3,300.3144363071849,299.76680430192505
2017-08-31 09:45:00,3,300.42544317034964,299.860039617851
2017-08-31 10:00:00,3,300.5408293676037,299.9617687639026
2017-08-31 10:15:00,3,300.6605431676191,300.07744577881357
2017-08-31 10:30:00,3,300.7837817490216,300.2023760092202
2017-08-31 10:45:00,3,300.9086723415512,300.3300061535653
2017-08-31 11:00:00,3,301.0330367361984,300.45592351320477
2017-08-31 11:15:00,3,301.15506226422644,300.57809234072073
2017-08-31 11:30:00,3,301.2732839329683,300.6956253021408
2017-08-31 11:45:00,3,301.3862590478691,300.80771225839817
2017-08-31 12:00:00,3,301.49281362176197,300.9133938381481
2017-08-31 12:15:00,3,301.5923371501733,301.01193375732345
2017-08-31 12:30:00,3,301.68533798969065,301.10341039295423
2017-08-31 12:45:00,3,301.77351791357296,301.1888919862851
2017-08-31 13:00:00,3,301.858382990089,301.26986389595334
2017-08-31 13:15:00,3,301.9403990411853,301.3475643942121
2017-08-31 13:30:00,3,302.0194405862155,301.4227487855216
2017-08-31 13:45:00,3,302.09563778135885,301.49587911803525
2017-08-31 14:00:00,3,302.1693231525562,301.5674051892662
2017-08-31 14:15:00,3,302.24044874695085,301.6375920771483
2017-08-31 14:30:00,3,302.30862979963405,301.7063206810112
2017-08-31 14:45:00,3,302.37340441840826,301.7731138957907
2017-08-31 15:00:00,3,302.4341311973771,301.8372272104785
2017-08-31 15:15:00,3,302.4897185608718,301.8976639898763
2017-08-31 15:30:00,3,302.53903972741534,301.9533090669174
2017-08-31 15:45:00,3,302.58121671961845,302.0031418529576
2017-08-31 16:00:00,3,302.61545348767856,302.0462654330854
2017-08-31 16:15:00,3,302.6406033403308,302.0814101944178
2017-08-31 16:30:00,3,302.6554798416216,302.10729946641163
2017-08-31 16:45:00,3,302.65917151501196,302.1230645191159
2017-08-31 17:00:00,3,302.6508021498766,302.1275766495513
2017-08-31 17:15:00,3,302.62873601658583,302.1186281940791
2017-08-31 17:30:00,3,302.59176903165996,302.0945874845976
2017-08-31 17:45:00,3,302.5404631748864,302.05549566742224
2017-08-31 18:00:00,3,302.47601318183854,302.00261329625897
2017-08-31 18:15:00,3,302.3987006139464,301.93699375687805
2017-08-31 18:30:00,3,302.30723482813653,301.8582066943602
2017-08-31 18:45:00,3,302.1983349214182,301.76403524821535
2017-08-31 19:00:00,3,302.0698462793914,301.6534055426367
2017-08-31 19:15:00,3,301.92706939827013,301.5246838442816
2017-08-31 19:30:00,3,301.7787682939549,301.38555846744543
2017-08-31 19:45:00,3,301.63191462324767,301.2458264084016
2017-08-31 20:00:00,3,301.49070022523784,301.11170381204795
2017-08-31 20:15:00,3,301.3570546130531,300.9860712773927
2017-08-31 20:30:00,3,301.23149495352516,300.86560823046494
2017-08-31 20:45:00,3,301.11375296772195,300.74831299639845
2017-08-31 21:00:00,3,301.00319592164067,300.63421573346307
2017-08-31 21:15:00,3,300.89908310906776,300.52374957534903
2017-08-31 21:30:00,3,300.8007384750788,300.41673283263276
2017-08-31 21:45:00,3,300.7077371569897,300.311909791277
2017-08-31 22:00:00,3,300.61980841800846,300.21506881771813
2017-08-31 22:15:00,3,300.53666019979806,300.12786233286016
2017-08-31 22:30:00,3,300.45797390154956,300.04817393723334
2017-08-31 22:45:00,3,300.3835057542344,299.97363577552113
2017-08-31 23:00:00,3,300.3130454875813,299.9031751716142
2017-08-31 23:15:00,3,300.2463324891407,299.8366034111051
2017-08-31 23:30:00,3,300.1830896695939,299.7738681449222
2017-08-31 23:45:00,3,300.12312313914737,299.71478657580366
2017-09-01 00:00:00,3,300.0662453127325,299.65906387950764
2017-08-01 00:15:00,4,300.4599295412942,298.8224700359952
2017-08-01 00:30:00,4,300.39923618515564,298.76481255186474
2017-08-01 00:45:00,4,300.34041674304905,298.7094784519615
2017-08-01 01:00:00,4,300.2818365164979,298.6547780572122
2017-08-01 01:15:00,4,300.22231468862077,298.5992123128789
2017-08-01 01:30:00,4,300.161273671575,298.5419712720918
2017-08-01 01:45:00,4,300.09877312350216,298.4829830491585
2017-08-01 02:00:00,4,300.03517551623156,298.422600008198
2017-08-01 02:15:00,4,299.97082787605564,298.36124672358955
2017-08-01 02:30:00,4,299.90618424575024,298.29946930373853
2017-08-01 02:45:00,4,299.84226712525583,298.2382691614599
2017-08-01 03:00:00,4,299.78033940928935,298.1790136749283
2017-08-01 03:15:00,4,299.72134929034934,298.12294598878043
2017-08-01 03:30:00,4,299.6656815293372,298.0706460192368
2017-08-01 03:45:00,4,299.61293349274115,298.0217437478518
2017-08-01 04:00:00,4,299.56230029961125,297.9752255419712
2017-08-01 04:15:00,4,299.5131035588044,297.93007965879525
2017-08-01 04:30:00,4,299.4649986826879,297.88575509645506
2017-08-01 04:45:00,4,299.41794449572006,297.8422021638972
2017-08-01 05:00:00,4,299.3720152570011,297.79962438595294
2017-08-01 05:15:00,4,299.3272881676881,297.7582486656429
2017-08-01 05:30:00,4,299.2846532561892,297.71920338574387
2017-08-01 05:45:00,4,299.2538378725253,297.6920008211152
2017-08-01 06:00:00,4,299.26027034156846,297.6942837492977
2017-08-01 06:15:00,4,299.31613722269464,297.7340016580922
2017-08-01 06:30:00,4,299.41542988763246,297.79050688882336
2017-08-01 06:45:00,4,299.5493892889902,297.89028588766826
2017-08-01 07:00:00,4,299.7104404656814,298.0286970537939
2017-08-01 07:15:00,4,299.88941389707537,298.1888154377145
2017-08-01 07:30:00,4,300.0776557963193,298.3577820187181
2017-08-01 07:45:00,4,300.26962431253673,298.5308314816674
2017-08-01 08:00:00,4,300.46228555785285,298.7083104377066
2017-08-01 08:15:00,4,300.65367794951044,298.89843114856717
2017-08-01 08:30:00,4,300.84315377077326,299.0890206130611
2017-08-01 08:45:00,4,301.0314487263734,299.27219956989023
2017-08-01 09:00:00,4,301.2190963166356,299.44599997702267
2017-08-01 09:15:00,4,301.4050872947001,299.6101044608515
2017-08-01 09:30:00,4,301.58788537817,299.7694463156786
2017-08-01 09:45:00,4,301.7657747388507,299.9250480431642
2017-08-01 10:00:00,4,301.9369489246367,300.0738536826473
2017-08-01 10:15:00,4,302.099607415971,300.2141672856086
2017-08-01 10:30:00,4,302.25241655747107,300.3477377432218
2017-08-01 10:45:00,4,302.3950840255485,300.4751189711418
2017-08-01 11:00:00,4,302.52774236390616,300.5957799639766
2017-08-01 11:15:00,4,302.6501393494417,300.7089049475732
2017-08-01 11:30:00,4,302.7615643047674,300.8135774528784
2017-08-01 11:45:00,4,302.8608195343156,300.90861112019417
2017-08-01 12:00:00,4,302.9466823544731,300.99257434515323
2017-08-01 12:15:00,4,303.01837712069533,301.06520858392656
2017-08-01 12:30:00,4,303.077062765751,301.12857698529234
2017-08-01 12:45:00,4,303.1279674130111,301.186975801728
2017-08-01 13:00:00,4,303.17701029703744,301.2451461755377
2017-08-01 13:15:00,4,303.22759965721275,301.30602080015024
2017-08-01 13:30:00,4,303.2803576090691,301.3697021928406
2017-08-01 13:45:00,4,303.33303332562565,301.4336741225643
2017-08-01 14:00:00,4,303.3822681229191,301.4943495481032
2017-08-01 14:15:00,4,303.42531051148876,301.54874036326777
2017-08-01 14:30:00,4,303.46038647112834,301.59509037141993
2017-08-01 14:45:00,4,303.48646917199903,301.6326173822856
2017-08-01 15:00:00,4,303.50303607619674,301.6609740119707
2017-08-01 15:15:00,4,303.5097793941545,301.6799036159912
2017-08-01 15:30:00,4,303.5065542869325,301.68928984837805
2017-08-01 15:45:00,4,303.4933018963584,301.68914683462225
2017-08-01 16:00:00,4,303.4698060412638,301.67950213465633
2017-08-01 16:15:00,4,303.43601011739867,301.66044792007665
2017-08-01 16:30:00,4,303.39214361468225,301.63227473881295
2017-08-01 16:45:00,4,303.338851481409,301.59572192615866
2017-08-01 17:00:00,4,303.2777054586684,301.5521364403495
2017-08-01 17:15:00,4,303.21039441752004,301.50298213155753
2017-08-01 17:30:00,4,303.137745869472,301.4492357216855
2017-08-01 17:45:00,4,303.06027615787826,301.3913846197441
2017-08-01 18:00:00,4,302.97824216724155,301.32946019853205
2017-08-01 18:15:00,4,302.8909570675673,301.26290066868717
2017-08-01 18:30:00,4,302.79732774310656,301.19103395272367
2017-08-01 18:45:00,4,302.69638300032756,301.11280688987773
2017-08-01 19:00:00,4,302.5869476361261,301.0266122339378
2017-08-01 19:15:00,4,302.467389867544,300.93078706732484
2017-08-01 19:30:00,4,302.33863700029116,300.8257127319062
2017-08-01 19:45:00,4,302.2051257107474,300.71477495976774
2017-08-01 20:00:00,4,302.0717431058284,300.602862958437
2017-08-01 20:15:00,4,301.94170971982595,300.49544528572255
2017-08-01 20:30:00,4,301.81655054202963,300.389164869017
2017-08-01 20:45:00,4,301.6965923130831,300.28258171394657
2017-08-01 21:00:00,4,301.5815328157158,300.17508258678373
2017-08-01 21:15:00,4,301.47086320019196,300.0673215775561
2017-08-01 21:30:00,4,301.36419906781134,299.9602796133692
2017-08-01 21:45:00,4,301.261673443746,299.8547504681844
2017-08-01 22:00:00,4,301.16361268499514,299.75124779350193
2017-08-01 22:15:00,4,301.07012244524964,299.6498606491508
2017-08-01 22:30:00,4,300.98106436843074,299.54930162598544
2017-08-01 22:45:00,4,300.8961646216626,299.4576262272294
2017-08-01 23:00:00,4,300.8150845224577,299.37541889367486
2017-08-01 23:15:00,4,300.73746170863194,299.2995814606748
2017-08-01 23:30:00,4,300.6630482195874,299.22759613644445
2017-08-01 23:45:00,4,300.5919635285434,299.15879748745306
2017-08-02 00:00:00,4,300.5244420847051,299.0935462978847
2017-08-02 00:15:00,4,300.4605390342396,299.0321738957422
2017-08-02 00:30:00,4,300.4000958802197,298.9745734892051
2017-08-02 00:45:00,4,300.3427590521568,298.9203018257748
2017-08-02 01:00:00,4,300.2881047576411,298.86882834398233
2017-08-02 01:15:00,4,300.23574544643736,298.8196909954437
2017-08-02 01:30:00,4,300.1851597649061,298.77233321696514
2017-08-02 01:45:00,4,300.1352539886449,298.72581808142985
2017-08-02 02:00:00,4,300.0847924776079,298.67897743671625
2017-08-02 02:15:00,4,300.03293041703324,298.63084243780605
2017-08-02 02:30:00,4,299.97949215011494,298.58114766001796
2017-08-02 02:45:00,4,299.9254169416493,298.53065070397
2017-08-02 03:00:00,4,299.87208450078447,298.48072957602335
2017-08-02 03:15:00,4,299.8205066355501,298.43261751548744
2017-08-02 03:30:00,4,299.7710665028085,298.38683196958675
2017-08-02 03:45:00,4,299.7233063456535,298.3429521525511
2017-08-02 04:00:00,4,299.6763551900545,298.2999525864401
2017-08-02 04:15:00,4,299.62949972958785,298.25684163222456
2017-08-02 04:30:00,4,299.5823803554924,298.21306110429964
2017-08-02 04:45:00,4,299.53482621459597,298.1684808400718
2017-08-02 05:00:00,4,299.48672497429095,298.12319434753726
2017-08-02 05:15:00,4,299.4380462935403,298.0773703089402
2017-08-02 05:30:00,4,299.3898459268683,298.0323520104111
2017-08-02 05:45:00,4,299.35281003978616,297.9987000749869
2017-08-02 06:00:00,4,299.3546147520808,297.9960839158979
2017-08-02 06:15:00,4,299.41088875657937,298.03403352683296
2017-08-02 06:30:00,4,299.51869471984696,298.10108790927245
2017-08-02 06:45:00,4,299.6701640318705,298.2153352794936
2017-08-02 07:00:00,4,299.8570044979944,298.37489128123036
2017-08-02 07:15:00,4,300.06876972606597,298.5644680366167
2017-08-02 07:30:00,4,300.29552092654444,298.77031399852854
2017-08-02 07:45:00,4,300.5307376358794,298.9872584984186
2017-08-02 08:00:00,4,300.77051355164144,299.2239298452539
2017-08-02 08:15:00,4,301.01218774730614,299.4641778757278
2017-08-02 08:30:00,4,301.25387357551534,299.6959659081951
2017-08-02 08:45:00,4,301.49247610803803,299.91521029484034
2017-08-02 09:00:00,4,301.7235066843437,300.1173283522938
2017-08-02 09:15:00,4,301.9422083912839,300.3064337167898
2017-08-02 09:30:00,4,302.1453610735433,300.48365100411456
2017-08-02 09:45:00,4,302.333839742577,300.6480662437004
2017-08-02 10:00:00,4,302.51034918123884,300.80110467769424
2017-08-02 10:15:00,4,302.67644322885354,300.9478477944281
2017-08-02 10:30:00,4,302.8325303671289,301.0897263276096
2017-08-02 10:45:00,4,302.9788090147709,301.2255120290267
2017-08-02 11:00:00,4,303.11532658031746,301.35368762816745
2017-08-02 11:15:00,4,303.2416601882412,301.4731277292662
2017-08-02 11:30:00,4,303.35679761728784,301.58281477635126
2017-08-02 11:45:00,4,303.45875880601346,301.68227602171737
2017-08-02 12:00:00,4,303.5454682116036,301.7699550055294
2017-08-02 12:15:00,4,303.6156768251127,301.84437375490154
2017-08-02 12:30:00,4,303.66959818400613,301.9054506788792
2017-08-02 12:45:00,4,303.7090119228585,301.9542937605229
2017-08-02 13:00:00,4,303.7358210827275,301.9919250712645
2017-08-02 13:15:00,4,303.7512330739449,302.01867017636977
2017-08-02 13:30:00,4,303.75637692314314,302.03492063322267
2017-08-02 13:45:00,4,303.7534168480079,302.0421911088006
2017-08-02 14:00:00,4,303.7446821744639,302.0427230071019
2017-08-02 14:15:00,4,303.73144454888944,302.03828115944776
2017-08-02 14:30:00,4,303.71417431414034,302.02978246949345
2017-08-02 14:45:00,4,303.6933140649183,302.0177457596996
2017-08-02 15:00:00,4,303.6690567886354,302.0025065804297
2017-08-02 15:15:00,4,303.64115620064604,301.9841190351588
2017-08-02 15:30:00,4,303.6091990883664,301.9623864431587
2017-08-02 15:45:00,4,303.5728993304795,301.93706090193234
2017-08-02 16:00:00,4,303.531997351014,301.907894180983
2017-08-02 16:15:00,4,303.4858267806268,301.87440201393844
2017-08-02 16:30:00,4,303.4333321123474,301.8358362880693
2017-08-02 16:45:00,4,303.3741652706923,301.7918141725448
2017-08-02 17:00:00,4,303.30933015234615,301.7428741978391
2017-08-02 17:15:00,4,303.2401051203758,301.69010124783836
2017-08-02 17:30:00,4,303.1670035571088,301.63418945733673
2017-08-02 17:45:00,4,303.08948319673334,301.5748567204462
2017-08-02 18:00:00,4,303.00640106769265,301.5108791491479
2017-08-02 18:15:00,4,302.91609077808147,301.44077317146343
2017-08-02 18:30:00,4,302.81745315656957,301.3634745801735
2017-08-02 18:45:00,4,302.7100054564326,301.2782980342944
2017-08-02 19:00:00,4,302.59325747047137,301.1845897934091
2017-08-02 19:15:00,4,302.4664577000923,301.08212983276746
2017-08-02 19:30:00,4,302.3307182425383,300.97252739898374
2017-08-02 19:45:00,4,302.1902999157081,300.8603802023429
2017-08-02 20:00:00,4,302.0499783487804,300.7474448714875
2017-08-02 20:15:00,4,301.9128890722258,300.63073618238155
2017-08-02 20:30:00,4,301.7807403569307,300.5093459248713
2017-08-02 20:45:00,4,301.6548773156312,300.386532392698
2017-08-02 21:00:00,4,301.5362939220392,300.26634971243226
2017-08-02 21:15:00,4,301.4253255731639,300.1512077402473
2017-08-02 21:30:00,4,301.3216947018694,300.04151343120236
2017-08-02 21:45:00,4,301.22458950848875,299.9361592688416
2017-08-02 22:00:00,4,301.133001063494,299.83635690109327
2017-08-02 22:15:00,4,301.0460316285459,299.7455139522499
2017-08-02 22:30:00,4,300.963085849368,299.6630318132643
2017-08-02 22:45:00,4,300.8841144327777,299.58658059493155
2017-08-02 23:00:00,4,300.8092808320288,299.51461480398535
2017-08-02 23:15:00,4,300.7385891616993,299.4467321978372
2017-08-02 23:30:00,4,300.6717362432804,299.3828129929905
2017-08-02 23:45:00,4,300.60793345325186,299.32230659437795
2017-08-03 00:00:00,4,300.5462540223799,299.2642799116751
2017-08-03 00:15:00,4,300.48599198518446,299.20783631668826
2017-08-03 00:30:00,4,300.4267065776446,299.15240213290116
2017-08-03 00:45:00,4,300.36818409758035,299.0977273082902
2017-08-03 01:00:00,4,300.3103290928922,299.0437336882313
2017-08-03 01:15:00,4,300.25307262246963,298.99038208880927
2017-08-03 01:30:00,4,300.19635868268705,298.93761793669773
2017-08-03 01:45:00,4,300.1401314805225,298.88532908482443
2017-08-03 02:00:00,4,300.0842399184099,298.8332918119495
2017-08-03 02:15:00,4,300.02845916790363,298.78117436391335
2017-08-03 02:30:00,4,299.9727966098219,298.72884293843595
2017-08-03 02:45:00,4,299.9179679981132,298.67685511905154
2017-08-03 03:00:00,4,299.8650496680275,298.62639898841724
2017-08-03 03:15:00,4,299.8149017117989,298.57870559668123
2017-08-03 03:30:00,4,299.7678618221237,298.5343893706636
2017-08-03 03:45:00,4,299.7234546119653,298.4930888269588
2017-08-03 04:00:00,4,299.68079725830285,298.4537595717598
2017-08-03 04:15:00,4,299.6391671364181,298.4153358624929
2017-08-03 04:30:00,4,299.598216250275,298.3772251302532
2017-08-03 04:45:00,4,299.5579421980359,298.33940202281127
2017-08-03 05:00:00,4,299.5184707014941,298.3022693051972
2017-08-03 05:15:00,4,299.4799176607339,298.2661184025064
2017-08-03 05:30:00,4,299.44315979902433,298.2319572551761
2017-08-03 05:45:00,4,299.41674942561826,298.20804054295763
2017-08-03 06:00:00,4,299.4231502847862,298.2104771114385
2017-08-03 06:15:00,4,299.4756518726585,298.2480795488116
2017-08-03 06:30:00,4,299.5724442250133,298.30955582834997
2017-08-03 06:45:00,4,299.7078054491372,298.40850667047005
2017-08-03 07:00:00,4,299.8744246719026,298.5464591550404
2017-08-03 07:15:00,4,300.0617755127366,298.7107560763904
2017-08-03 07:30:00,4,300.2601891559403,298.887758871609
2017-08-03 07:45:00,4,300.4653498903898,299.0721238567772
2017-08-03 08:00:00,4,300.6763454052556,299.26638030664543
2017-08-03 08:15:00,4,300.8926658877056,299.4792738097447
2017-08-03 08:30:00,4,301.1128285054036,299.6963330185706
2017-08-03 08:45:00,4,301.33113301129544,299.90265795622327
2017-08-03 09:00:00,4,301.54012927864704,300.0890840289142
2017-08-03 09:15:00,4,301.7339452692678,300.2576231838917
2017-08-03 09:30:00,4,301.9106813443058,300.41146457462816
2017-08-03 09:45:00,4,302.07525542801045,300.5547744226621
2017-08-03 10:00:00,4,302.23485009338964,300.6914785141729
2017-08-03 10:15:00,4,302.39400082662945,300.8289694321236
2017-08-03 10:30:00,4,302.5534130361871,300.9700143453208
2017-08-03 10:45:00,4,302.70913950472084,301.1108167741961
2017-08-03 11:00:00,4,302.8560887408186,301.2454143265914
2017-08-03 11:15:00,4,302.9905418521704,301.36949795032467
2017-08-03 11:30:00,4,303.10971484275564,301.48050996432727
2017-08-03 11:45:00,4,303.2103243051845,301.57592339695816
2017-08-03 12:00:00,4,303.2895871213181,301.65306108628386
2017-08-03 12:15:00,4,303.3464662891008,301.7117401444058
2017-08-03 12:30:00,4,303.38331173282467,301.7543677160368
2017-08-03 12:45:00,4,303.40827492362223,301.78722332600086
2017-08-03 13:00:00,4,303.4304266941913,301.8179071481332
2017-08-03 13:15:00,4,303.4552490836316,301.85172246924355
2017-08-03 13:30:00,4,303.4846308207554,301.890424035646
2017-08-03 13:45:00,4,303.517804389834,301.93319309104055
2017-08-03 14:00:00,4,303.5529432267224,301.9782412276625
2017-08-03 14:15:00,4,303.58816760991044,302.0238099486064
2017-08-03 14:30:00,4,303.62165787467495,302.0682241040007
2017-08-03 14:45:00,4,303.6513183449528,302.10955663973294
2017-08-03 15:00:00,4,303.6751897101291,302.14579691967225
2017-08-03 15:15:00,4,303.6917385936546,302.1752920674164
2017-08-03 15:30:00,4,303.699795611059,302.1968519178519
2017-08-03 15:45:00,4,303.6982272316298,302.2094933726659
2017-08-03 16:00:00,4,303.6859851491773,302.21224239425067
2017-08-03 16:15:00,4,303.66206010897105,302.20425426756447
2017-08-03 16:30:00,4,303.62626394885183,302.18529999819475
2017-08-03 16:45:00,4,303.5794294083343,302.156126948399
2017-08-03 17:00:00,4,303.5233957547017,302.11834708922
2017-08-03 17:15:00,4,303.46002412476764,302.0737213906635
2017-08-03 17:30:00,4,303.39040240514527,302.0234193511798
2017-08-03 17:45:00,4,303.3147479759073,301.9676829964027
2017-08-03 18:00:00,4,303.2325279951132,301.90594940447016
2017-08-03 18:15:00,4,303.1428845044165,301.8372747447058
2017-08-03 18:30:00,4,303.0451909466482,301.7607077029479
2017-08-03 18:45:00,4,302.9391106213446,301.67601182526516
2017-08-03 19:00:00,4,302.8243969981805,301.58291212679666
2017-08-03 19:15:00,4,302.7012227555838,301.4813813459436
2017-08-03 19:30:00,4,302.57128696570805,301.372622723297
2017-08-03 19:45:00,4,302.43793758495843,301.25959462349675
2017-08-03 20:00:00,4,302.3044087465259,301.14581029487755
2017-08-03 20:15:00,4,302.1726908548353,301.0348490628788
2017-08-03 20:30:00,4,302.04392303625787,300.92663143373875
2017-08-03 20:45:00,4,301.9193621277388,300.81743560654724
2017-08-03 21:00:00,4,301.8001387844227,300.7054881400609
2017-08-03 21:15:00,4,301.68678200491036,300.59281987095136
2017-08-03 21:30:00,4,301.5794176210417,300.48228333138997
2017-08-03 21:45:00,4,301.47828443336437,300.375751137704
2017-08-03 22:00:00,4,301.3836102852137,300.2739630002883
2017-08-03 22:15:00,4,301.29530984887464,300.1768245401516
2017-08-03 22:30:00,4,301.2128921291507,300.0828314054225
2017-08-03 22:45:00,4,301.1353585004034,299.99796854497805
2017-08-03 23:00:00,4,301.06155769009933,299.922271377136
2017-08-03 23:15:00,4,300.9905548768174,299.85245787204565
2017-08-03 23:30:00,4,300.9217651073876,299.78569995804196
2017-08-03 23:45:00,4,300.85504990727935,299.7209222002193
2017-08-04 00:00:00,4,300.7904100312458,299.6581186957428
2017-08-04 00:15:00,4,300.7277163901028,299.59735101442766
2017-08-04 00:30:00,4,300.66675320657157,299.53838405854776
2017-08-04 00:45:00,4,300.60740977580383,299.4808861034922
2017-08-04 01:00:00,4,300.5496728320515,299.4246618475394
2017-08-04 01:15:00,4,300.4935561085407,299.36970282178083
2017-08-04 01:30:00,4,300.4391655936539,299.31619205121797
2017-08-04 01:45:00,4,300.386746908983,299.2644691315142
2017-08-04 02:00:00,4,300.33653166261035,299.214902135338
2017-08-04 02:15:00,4,300.2886242910736,299.16774417088965
2017-08-04 02:30:00,4,300.24299782806116,299.123058847468
2017-08-04 02:45:00,4,300.19951328966414,299.08074672958304
2017-08-04 03:00:00,4,300.1579744425608,299.0406191931897
2017-08-04 03:15:00,4,300.118180480476,299.0024656433906
2017-08-04 03:30:00,4,300.07994827986045,298.96609364699333
2017-08-04 03:45:00,4,300.04312507777433,298.93145233815426
2017-08-04 04:00:00,4,300.0075904802745,298.8984046108544
2017-08-04 04:15:00,4,299.97324757845007,298.86677314278853
2017-08-04 04:30:00,4,299.9400785408232,298.8364741721677
2017-08-04 04:45:00,4,299.9083227480954,298.8077141722903
2017-08-04 05:00:00,4,299.8783776554954,298.7809146306245
2017-08-04 05:15:00,4,299.8505656755678,298.75647996089435
2017-08-04 05:30:00,4,299.82508343583015,298.7346402884565
2017-08-04 05:45:00,4,299.8020082580578,298.71531362060136
2017-08-04 06:00:00,4,299.7815634686475,298.69854393089696
2017-08-04 06:15:00,4,299.7659159115379,298.685735263466
2017-08-04 06:30:00,4,299.75896063388365,298.6799435628864
2017-08-04 06:45:00,4,299.76425462416984,298.6847297843693
2017-08-04 07:00:00,4,299.7861371205221,298.7047524936726
2017-08-04 07:15:00,4,299.8343109773922,298.74627735061574
2017-08-04 07:30:00,4,299.9185198561812,298.81189857630534
2017-08-04 07:45:00,4,300.0444925118718,298.9107092708841
2017-08-04 08:00:00,4,300.2122544192052,299.0533593098474
2017-08-04 08:15:00,4,300.41700244423015,299.2382302468057
2017-08-04 08:30:00,4,300.6510370533497,299.45620367601873
2017-08-04 08:45:00,4,300.9055117954187,299.7058521738762
2017-08-04 09:00:00,4,301.1705969729997,299.9710867441002
2017-08-04 09:15:00,4,301.4319362888545,300.228317456694
2017-08-04 09:30:00,4,301.6763015080045,300.4613041191964
2017-08-04 09:45:00,4,301.8963277177775,300.664239594412
2017-08-04 10:00:00,4,302.0891729073016,300.83803484412755
2017-08-04 10:15:00,4,302.256541975252,300.9879339442806
2017-08-04 10:30:00,4,302.40227859592875,301.1197640836656
2017-08-04 10:45:00,4,302.5297980657066,301.23732451317017
2017-08-04 11:00:00,4,302.64117767035117,301.3421060487263
2017-08-04 11:15:00,4,302.73660801320574,301.4339309309382
2017-08-04 11:30:00,4,302.8159682836088,301.51239623505074
2017-08-04 11:45:00,4,302.8802156764129,301.57807230919445
2017-08-04 12:00:00,4,302.9312089156565,301.6327412929939
2017-08-04 12:15:00,4,302.9715945135482,301.6788931318755
2017-08-04 12:30:00,4,303.0038318253856,301.71846622113094
2017-08-04 12:45:00,4,303.02924070349997,301.7522538404635
2017-08-04 13:00:00,4,303.0493950462726,301.7807766959145
2017-08-04 13:15:00,4,303.0669272138092,301.80514130566337
2017-08-04 13:30:00,4,303.0849966509579,301.82748684381255
2017-08-04 13:45:00,4,303.1072629948585,301.851105673054
2017-08-04 14:00:00,4,303.13596916621,301.8789227334738
2017-08-04 14:15:00,4,303.16982613020656,301.91143012510867
2017-08-04 14:30:00,4,303.2051398498814,301.94625377536823
2017-08-04 14:45:00,4,303.2374904304504,301.9793948755942
2017-08-04 15:00:00,4,303.2631601344071,302.00701750969074
2017-08-04 15:15:00,4,303.27951233512,302.0263840064105
2017-08-04 15:30:00,4,303.28488352963234,302.03615202528306
2017-08-04 15:45:00,4,303.2792566908483,302.0364101864643
2017-08-04 16:00:00,4,303.26347368658674,302.0279579929578
2017-08-04 16:15:00,4,303.2380194171884,302.0114069954782
2017-08-04 16:30:00,4,303.2030480249995,301.9870164595417
2017-08-04 16:45:00,4,303.15898429644005,301.95504988466826
2017-08-04 17:00:00,4,303.10711176320746,301.9161951553374
2017-08-04 17:15:00,4,303.04884268647044,301.87158112608824
2017-08-04 17:30:00,4,302.9849421212064,301.8221137662539
2017-08-04 17:45:00,4,302.9156385088272,301.76822655280006
2017-08-04 18:00:00,4,302.8412214226801,301.7099691026552
2017-08-04 18:15:00,4,302.76149576166864,301.6474834672688
2017-08-04 18:30:00,4,302.6758705452902,301.58043418162754
2017-08-04 18:45:00,4,302.58363990138156,301.50796132142693
2017-08-04 19:00:00,4,302.48413217106906,301.4290053290391
2017-08-04 19:15:00,4,302.3773618501274,301.3430308650419
2017-08-04 19:30:00,4,302.2649240253829,301.2511300059982
2017-08-04 19:45:00,4,302.1497243351105,301.1558984701993
2017-08-04 20:00:00,4,302.0344259650811,301.06066962745376
2017-08-04 20:15:00,4,301.92060363865716,300.96724271655427
2017-08-04 20:30:00,4,301.8091182243788,300.87205716342106
2017-08-04 20:45:00,4,301.70097975332806,300.7741617463363
2017-08-04 21:00:00,4,301.59718588363376,300.6744479394142
2017-08-04 21:15:00,4,301.49827619701085,300.5751478899671
2017-08-04 21:30:00,4,301.4043045525037,300.47808719271023
2017-08-04 21:45:00,4,301.31493001358285,300.3839126332968
2017-08-04 22:00:00,4,301.2296331718681,300.2922918066083
2017-08-04 22:15:00,4,301.1478894458487,300.2022199305673
2017-08-04 22:30:00,4,301.0694190862979,300.1158951355188
2017-08-04 22:45:00,4,300.9946326382144,300.03677908214246
2017-08-04 23:00:00,4,300.9241653727498,299.96530286503355
2017-08-04 23:15:00,4,300.85832967555683,299.90021619857475
2017-08-04 23:30:00,4,300.7969480258643,299.84017808369043
2017-08-04 23:45:00,4,300.73917488061875,299.7840882456013
2017-08-05 00:00:00,4,300.6839416355504,299.7309461525201
2017-08-05 00:15:00,4,300.6304187987942,299.6798566372861
2017-08-05 00:30:00,4,300.5781517373084,299.63023595934493
2017-08-05 00:45:00,4,300.52714388790184,299.5819239785899
2017-08-05 01:00:00,4,300.4775585958533,299.5350156411206
2017-08-05 01:15:00,4,300.4294487763355,299.48959329122
2017-08-05 01:30:00,4,300.38268212111115,299.445521698035
2017-08-05 01:45:00,4,300.33685486467147,299.4023650579698
2017-08-05 02:00:00,4,300.29144419413745,299.3594887110859
2017-08-05 02:15:00,4,300.2460293901446,299.3162888394326
2017-08-05 02:30:00,4,300.20047170485833,299.2724934615028
2017-08-05 02:45:00,4,300.1551041508287,299.2284392553722
2017-08-05 03:00:00,4,300.11054810756053,299.18499311615284
2017-08-05 03:15:00,4,300.0673464503037,299.143115058641
2017-08-05 03:30:00,4,300.0257765612916,299.1034132483913
2017-08-05 03:45:00,4,299.9858064849672,299.0660443127809
2017-08-05 04:00:00,4,299.9472019996904,299.03059071797435
2017-08-05 04:15:00,4,299.9096847627906,298.9964172735769
2017-08-05 04:30:00,4,299.8729784582784,298.96298051372855
2017-08-05 04:45:00,4,299.8367454054543,298.92983294250104
2017-08-05 05:00:00,4,299.8006577848746,298.8965856298387
2017-08-05 05:15:00,4,299.7645403682808,298.86301100305326
2017-08-05 05:30:00,4,299.729238134009,298.8300132885884
2017-08-05 05:45:00,4,299.70291754641335,298.8052478155927
2017-08-05 06:00:00,4,299.70671990348495,298.8038852081907
2017-08-05 06:15:00,4,299.75454632062224,298.83532536150193
2017-08-05 06:30:00,4,299.8464091794346,298.89226348385097
2017-08-05 06:45:00,4,299.97789098384555,298.9920300692947
2017-08-05 07:00:00,4,300.1440687141231,299.135541560665
2017-08-05 07:15:00,4,300.33687219142735,299.31141752713376
2017-08-05 07:30:00,4,300.5471123279995,299.507728489626
2017-08-05 07:45:00,4,300.7671693709498,299.7195807066986
2017-08-05 08:00:00,4,300.9909769887992,299.9486536909945
2017-08-05 08:15:00,4,301.21351921174056,300.1764425754544
2017-08-05 08:30:00,4,301.4318001054281,300.3909675877319
2017-08-05 08:45:00,4,301.64512763923386,300.5903675278958
2017-08-05 09:00:00,4,301.8535364202124,300.77455198112796
2017-08-05 09:15:00,4,302.0561959549706,300.9504568470505
2017-08-05 09:30:00,4,302.2517550454593,301.12031575302035
2017-08-05 09:45:00,4,302.4391209657979,301.2809966847259
2017-08-05 10:00:00,4,302.61719452727726,301.4348551068934
2017-08-05 10:15:00,4,302.78423455132986,301.5814002096786
2017-08-05 10:30:00,4,302.93887672719575,301.71858305833626
2017-08-05 10:45:00,4,303.0801651716829,301.84461545186923
2017-08-05 11:00:00,4,303.20725520971797,301.9583735792391
2017-08-05 11:15:00,4,303.31932881940537,302.05876908160764
2017-08-05 11:30:00,4,303.4157179596271,302.1468354468829
2017-08-05 11:45:00,4,303.49592967335917,302.222396038772
2017-08-05 12:00:00,4,303.5597977480949,302.2846737543641
2017-08-05 12:15:00,4,303.60761846594477,302.3335122642399
2017-08-05 12:30:00,4,303.6411827977948,302.3706806575947
2017-08-05 12:45:00,4,303.66512581779716,302.40007266411624
2017-08-05 13:00:00,4,303.68423910735635,302.42576658418886
2017-08-05 13:15:00,4,303.70118458558494,302.45013969274623
2017-08-05 13:30:00,4,303.7168855184469,302.47375520847504
2017-08-05 13:45:00,4,303.7315155918377,302.4963377560838
2017-08-05 14:00:00,4,303.7448348712084,302.5174598647009
2017-08-05 14:15:00,4,303.7561998336232,302.53663123641894
2017-08-05 14:30:00,4,303.76447534242044,302.55289996032604
2017-08-05 14:45:00,4,303.7675935435985,302.56446428213724
2017-08-05 15:00:00,4,303.76336371069647,302.56914292256187
2017-08-05 15:15:00,4,303.7501030147573,302.5651153237081
2017-08-05 15:30:00,4,303.7269803573603,302.5516752911861
2017-08-05 15:45:00,4,303.69502355862835,302.52975829144333
2017-08-05 16:00:00,4,303.6560015453715,302.5012872945909
2017-08-05 16:15:00,4,303.61090571585214,302.46798440115754
2017-08-05 16:30:00,4,303.55988582636223,302.4302871439957
2017-08-05 16:45:00,4,303.50264538091744,302.3877405695531
2017-08-05 17:00:00,4,303.4393452667351,302.3400226063623
2017-08-05 17:15:00,4,303.37095506859083,302.2875682049677
2017-08-05 17:30:00,4,303.2984306409544,302.2312507620813
2017-08-05 17:45:00,4,303.22223930211334,302.17175958107765
2017-08-05 18:00:00,4,303.14235725593915,302.1090945256361
2017-08-05 18:15:00,4,303.0579832965266,302.0430577771656
2017-08-05 18:30:00,4,302.9678644473598,301.97260166632924
2017-08-05 18:45:00,4,302.87034929919986,301.8960351142611
2017-08-05 19:00:00,4,302.7639592882844,301.8114662617516
2017-08-05 19:15:00,4,302.64753942122184,301.717541651588
2017-08-05 19:30:00,4,302.5223261073977,301.6152733427903
2017-08-05 19:45:00,4,302.39299289634073,301.50859591320943
2017-08-05 20:00:00,4,302.2646682765618,301.403489227495
2017-08-05 20:15:00,4,302.1406586562921,301.29912091810553
2017-08-05 20:30:00,4,302.0224612595847,301.19435675372273
2017-08-05 20:45:00,4,301.9103490850021,301.08941872029806
2017-08-05 21:00:00,4,301.8039914018749,300.9854324196672
2017-08-05 21:15:00,4,301.7028526443214,300.88353645649687
2017-08-05 21:30:00,4,301.6063759854156,300.78419144709795
2017-08-05 21:45:00,4,301.5140715515527,300.6872056031535
2017-08-05 22:00:00,4,301.42544939909754,300.5919512907745
2017-08-05 22:15:00,4,301.33999381851766,300.49713964145957
2017-08-05 22:30:00,4,301.2574068581929,300.40707102442474
2017-08-05 22:45:00,4,301.1781299392151,300.3243578937132
2017-08-05 23:00:00,4,301.10291091165044,300.2485742154056
2017-08-05 23:15:00,4,301.03219803668435,300.1784223785221
2017-08-05 23:30:00,4,300.9659473589079,300.11297977147
2017-08-05 23:45:00,4,300.90347746226433,300.05156206743357
2017-08-06 00:00:00,4,300.8438639871682,299.9934028849113
2017-08-06 00:15:00,4,300.78635428816114,299.9376967268667
2017-08-06 00:30:00,4,300.7305207491471,299.88387221348813
2017-08-06 00:45:00,4,300.6763942262352,299.83178126147516
2017-08-06 01:00:00,4,300.6241869823779,299.78155891941935
2017-08-06 01:15:00,4,300.57400248679596,299.73333693626944
2017-08-06 01:30:00,4,300.5256344718975,299.68691923364054
2017-08-06 01:45:00,4,300.4782267547992,299.6415385565953
2017-08-06 02:00:00,4,300.4306899757105,299.59606085452094
2017-08-06 02:15:00,4,300.38224133294847,299.5494753352429
2017-08-06 02:30:00,4,300.33270336801013,299.50144546891465
2017-08-06 02:45:00,4,300.28286525558286,299.4526693378983
2017-08-06 03:00:00,4,300.23397010405375,299.4045644938711
2017-08-06 03:15:00,4,300.18702269473937,299.3585366111198
2017-08-06 03:30:00,4,300.14234971571784,299.3151988428652
2017-08-06 03:45:00,4,300.0990507268827,299.273878832927
2017-08-06 04:00:00,4,300.0556705062046,299.233033247465
2017-08-06 04:15:00,4,300.0111053326536,299.19118522612905
2017-08-06 04:30:00,4,299.96500175145644,299.1477202021897
2017-08-06 04:45:00,4,299.918019421812,299.10314193842277
2017-08-06 05:00:00,4,299.8712381829528,299.05859772065
2017-08-06 05:15:00,4,299.8255346725233,299.0152017931149
2017-08-06 05:30:00,4,299.78239795226557,298.9747179386191
2017-08-06 05:45:00,4,299.7513893707647,298.9461063703362
2017-08-06 06:00:00,4,299.7562470762164,298.945906958056
2017-08-06 06:15:00,4,299.8106587614254,298.9831912942939
2017-08-06 06:30:00,4,299.912396784618,299.0459860821589
2017-08-06 06:45:00,4,300.0555522489236,299.15414523891303
2017-08-06 07:00:00,4,300.2342930931219,299.30786083577016
2017-08-06 07:15:00,4,300.44048015243135,299.49495137103276
2017-08-06 07:30:00,4,300.6651813514391,299.70340262746845
2017-08-06 07:45:00,4,300.90006419965147,299.9273895802532
2017-08-06 08:00:00,4,301.1379770404963,300.17125897710036
2017-08-06 08:15:00,4,301.37336758654817,300.41442404933787
2017-08-06 08:30:00,4,301.6034144646337,300.6429230805918
2017-08-06 08:45:00,4,301.82823084940594,300.85502188685945
2017-08-06 09:00:00,4,302.0486917027272,301.0514585891437
2017-08-06 09:15:00,4,302.2645231745971,301.24015103020025
2017-08-06 09:30:00,4,302.47438193618706,301.4232589176198
2017-08-06 09:45:00,4,302.6762960246885,301.59746159061444
2017-08-06 10:00:00,4,302.86869491815787,301.7645300339875
2017-08-06 10:15:00,4,303.05028438841055,301.92449016507436
2017-08-06 10:30:00,4,303.22016915287384,302.0760854706412
2017-08-06 10:45:00,4,303.37859591027905,302.21858079574616
2017-08-06 11:00:00,4,303.52621510500927,302.35193190255893
2017-08-06 11:15:00,4,303.66305314296176,302.4762607750922
2017-08-06 11:30:00,4,303.78829913364615,302.5918511084205
2017-08-06 11:45:00,4,303.9000289823284,302.69731548935465
2017-08-06 12:00:00,4,303.99614054217653,302.7905456587065
2017-08-06 12:15:00,4,304.0753283487423,302.87014840325224
2017-08-06 12:30:00,4,304.1379213563138,302.9364895290401
2017-08-06 12:45:00,4,304.1863517794644,302.991459728447
2017-08-06 13:00:00,4,304.22330740676404,303.0369388734362
2017-08-06 13:15:00,4,304.2504275218481,303.07377681167605
2017-08-06 13:30:00,4,304.26868282734296,303.1021499750692
2017-08-06 13:45:00,4,304.27910964755824,303.1224309291069
2017-08-06 14:00:00,4,304.28267735936987,303.13534614256224
2017-08-06 14:15:00,4,304.27988398193037,303.14154970845107
2017-08-06 14:30:00,4,304.2707566390816,303.14126045138073
2017-08-06 14:45:00,4,304.254928444581,303.13425602864214
2017-08-06 15:00:00,4,304.231925994775,303.12011887819955
2017-08-06 15:15:00,4,304.2012229500733,303.09843208655826
2017-08-06 15:30:00,4,304.16271486322563,303.06928967394475
2017-08-06 15:45:00,4,304.1174832215434,303.03371629139457
2017-08-06 16:00:00,4,304.06669051960836,302.99313452951515
2017-08-06 16:15:00,4,304.0109615601888,302.9486098820228
2017-08-06 16:30:00,4,303.95048662195103,302.9005453466104
2017-08-06 16:45:00,4,303.88537962546707,302.8490642926227
2017-08-06 17:00:00,4,303.81635933977776,302.79455630192695
2017-08-06 17:15:00,4,303.7441937169187,302.7376722737482
2017-08-06 17:30:00,4,303.6694952784162,302.6790471271434
2017-08-06 17:45:00,4,303.5926281667351,302.6190365766681
2017-08-06 18:00:00,4,303.51345335300425,302.5574024089099
2017-08-06 18:15:00,4,303.4309151709679,302.4935984006437
2017-08-06 18:30:00,4,303.34354925266285,302.42629059077234
2017-08-06 18:45:00,4,303.2497396034435,302.35358234609004
2017-08-06 19:00:00,4,303.14782718447435,302.2733107072898
2017-08-06 19:15:00,4,303.03653008998754,302.18386985379766
2017-08-06 19:30:00,4,302.9172383668643,302.08582909274406
2017-08-06 19:45:00,4,302.7944343056364,301.98262328211194
2017-08-06 20:00:00,4,302.6727933396176,301.87881614044403
2017-08-06 20:15:00,4,302.55528493164053,301.7784615840809
2017-08-06 20:30:00,4,302.4431366633788,301.68230100095076
2017-08-06 20:45:00,4,302.3361264637573,301.5878319165731
2017-08-06 21:00:00,4,302.2333834930905,301.4941014476897
2017-08-06 21:15:00,4,302.13405187025137,301.39982211613255
2017-08-06 21:30:00,4,302.037455817553,301.3047592076078
2017-08-06 21:45:00,4,301.9430768774999,301.2090754181417
2017-08-06 22:00:00,4,301.8505009722228,301.112793130867
2017-08-06 22:15:00,4,301.75938679125835,301.01563451006257
2017-08-06 22:30:00,4,301.6696154823912,300.91713494907833
2017-08-06 22:45:00,4,301.5816669945982,300.81756155152607
2017-08-06 23:00:00,4,301.4962487852191,300.72374073971116
2017-08-06 23:15:00,4,301.4138099215466,300.6375050382144
2017-08-06 23:30:00,4,301.3345259070221,300.55720375172524
2017-08-06 23:45:00,4,301.25847709533826,300.48094554220097
2017-08-07 00:00:00,4,301.1856456019816,300.4078773301136
2017-08-07 00:15:00,4,301.11590303321776,300.3378403193214
2017-08-07 00:30:00,4,301.04912864998886,300.2708664763455
2017-08-07 00:45:00,4,300.98542359579346,300.20713238674045
2017-08-07 01:00:00,4,300.92507695704137,300.1470300889179
2017-08-07 01:15:00,4,300.8683004997045,300.0909997717439
2017-08-07 01:30:00,4,300.81510354385614,300.0392546856311
2017-08-07 01:45:00,4,300.7653531646861,299.99166276524716
2017-08-07 02:00:00,4,300.71881779392646,299.9478228739803
2017-08-07 02:15:00,4,300.6752031533955,299.90723115371327
2017-08-07 02:30:00,4,300.6340495526806,299.86926486972294
2017-08-07 02:45:00,4,300.5944197810722,299.8330206835167
2017-08-07 03:00:00,4,300.55525109313515,299.7974396641015
2017-08-07 03:15:00,4,300.5157844023363,299.76162845069024
2017-08-07 03:30:00,4,300.47561268212985,299.7250448564839
2017-08-07 03:45:00,4,300.4345813182635,299.68741294262975
2017-08-07 04:00:00,4,300.39259923096523,299.64852657422927
2017-08-07 04:15:00,4,300.3496070886813,299.6082306227483
2017-08-07 04:30:00,4,300.305817597975,299.5666712196148
2017-08-07 04:45:00,4,300.2619200946881,299.52449224400834
2017-08-07 05:00:00,4,300.21871638845164,299.48262934641883
2017-08-07 05:15:00,4,300.17680018149224,299.4419375552039
2017-08-07 05:30:00,4,300.13738812067214,299.4040391622774
2017-08-07 05:45:00,4,300.1094040916637,299.37735600145083
2017-08-07 06:00:00,4,300.1158336286459,299.37818607280576
2017-08-07 06:15:00,4,300.171193680071,299.41566564730397
2017-08-07 06:30:00,4,300.27468443585116,299.4815428673519
2017-08-07 06:45:00,4,300.4200779473745,299.5927595203735
2017-08-07 07:00:00,4,300.599889898192,299.7483861568165
2017-08-07 07:15:00,4,300.8044290170395,299.93483238773194
2017-08-07 07:30:00,4,301.024371281869,300.1394304846644
2017-08-07 07:45:00,4,301.2533258356531,300.3580655552361
2017-08-07 08:00:00,4,301.4872040689743,300.5947239520376
2017-08-07 08:15:00,4,301.7229474213946,300.83208086257036
2017-08-07 08:30:00,4,301.9584099196877,301.0587157140949
2017-08-07 08:45:00,4,302.1909237488825,301.2716292955915
2017-08-07 09:00:00,4,302.4167659856313,301.46829443726324
2017-08-07 09:15:00,4,302.63186836729454,301.65338595519023
2017-08-07 09:30:00,4,302.83359724718963,301.82799645936205
2017-08-07 09:45:00,4,303.0224600055942,301.9902980786297
2017-08-07 10:00:00,4,303.2000112597099,302.1444710038005
2017-08-07 10:15:00,4,303.3672440732665,302.2924984430184
2017-08-07 10:30:00,4,303.52444494961924,302.433951020921
2017-08-07 10:45:00,4,303.6712423401551,302.56750483603946
2017-08-07 11:00:00,4,303.80691937695343,302.69172111351514
2017-08-07 11:15:00,4,303.9305600103859,302.8058440554105
2017-08-07 11:30:00,4,304.0409050074442,302.909642902881
2017-08-07 11:45:00,4,304.13564268486965,303.0013264143529
2017-08-07 12:00:00,4,304.2124675288742,303.07826615458504
2017-08-07 12:15:00,4,304.2702013915009,303.1386631303869
2017-08-07 12:30:00,4,304.3099373927371,303.1833660924187
2017-08-07 12:45:00,4,304.3363100665019,303.21622535432897
2017-08-07 13:00:00,4,304.3544369802029,303.241744421216
2017-08-07 13:15:00,4,304.3673668474979,303.26276366160084
2017-08-07 13:30:00,4,304.3766218923043,303.28045577712754
2017-08-07 13:45:00,4,304.3836501846945,303.29565798340224
2017-08-07 14:00:00,4,304.38964058067756,303.3093334013881
2017-08-07 14:15:00,4,304.39488329499835,303.32210389799417
2017-08-07 14:30:00,4,304.39894240251596,303.3338962389597
2017-08-07 14:45:00,4,304.4010150130034,303.3440948271947
2017-08-07 15:00:00,4,304.4002190892496,303.35187604264314
2017-08-07 15:15:00,4,304.3955751397683,303.3563727793488
2017-08-07 15:30:00,4,304.38587810301016,303.35647758639857
2017-08-07 15:45:00,4,304.3691867025763,303.35043855206743
2017-08-07 16:00:00,4,304.34329358591464,303.3361859949385
2017-08-07 16:15:00,4,304.3068723660069,303.3122172459402
2017-08-07 16:30:00,4,304.25967789063566,303.27812673975524
2017-08-07 16:45:00,4,304.2025349845158,303.23475394994813
2017-08-07 17:00:00,4,304.1372811020041,303.18385440352256
2017-08-07 17:15:00,4,304.0656276886916,303.1273015578647
2017-08-07 17:30:00,4,303.9889198260856,303.06658882030314
2017-08-07 17:45:00,4,303.9082890059329,303.0027527335963
2017-08-07 18:00:00,4,303.8242798499395,302.93620282461416
2017-08-07 18:15:00,4,303.73627667164754,302.8665337382656
2017-08-07 18:30:00,4,303.6429758084153,302.7928123420878
2017-08-07 18:45:00,4,303.5427577832759,302.71342423959
2017-08-07 19:00:00,4,303.43426937845953,302.6264697656764
2017-08-07 19:15:00,4,303.3165531189992,302.530611853516
2017-08-07 19:30:00,4,303.19097198001424,302.42650445002494
2017-08-07 19:45:00,4,303.06159512475375,302.31745821085786
2017-08-07 20:00:00,4,302.9326296027403,302.2079080703561
2017-08-07 20:15:00,4,302.806763463421,302.1032700709836
2017-08-07 20:30:00,4,302.68525824713015,301.99869610032636
2017-08-07 20:45:00,4,302.5684701652407,301.8932342308841
2017-08-07 21:00:00,4,302.456270891843,301.7864675820177
2017-08-07 21:15:00,4,302.34831441547436,301.6794947225706
2017-08-07 21:30:00,4,302.2443245916945,301.5735031933651
2017-08-07 21:45:00,4,302.1444865868475,301.46927967887194
2017-08-07 22:00:00,4,302.0491402191814,301.3672536922567
2017-08-07 22:15:00,4,301.9583887447155,301.2674432166594
2017-08-07 22:30:00,4,301.87208370340375,301.1696809184098
2017-08-07 22:45:00,4,301.78993025578694,301.0800090080383
2017-08-07 23:00:00,4,301.71157003060233,300.9991059232056
2017-08-07 23:15:00,4,301.63662924171217,300.92444206004734
2017-08-07 23:30:00,4,301.5647996737362,300.8536947888136
2017-08-07 23:45:00,4,301.4959765200719,300.78596719281245
2017-08-08 00:00:00,4,301.4301346243135,300.7212661657804
2017-08-08 00:15:00,4,301.36716182862136,300.65968514090304
2017-08-08 00:30:00,4,301.3067416956173,300.6009712081855
2017-08-08 00:45:00,4,301.24814763972967,300.5444326063084
2017-08-08 01:00:00,4,301.19049510381905,300.48914036524843
2017-08-08 01:15:00,4,301.1330686094562,300.4342322017249
2017-08-08 01:30:00,4,301.07555605659314,300.37926291611916
2017-08-08 01:45:00,4,301.0183968979268,300.324429983786
2017-08-08 02:00:00,4,300.9622716771399,300.2703140383916
2017-08-08 02:15:00,4,300.90758570083614,300.21739486166047
2017-08-08 02:30:00,4,300.8545126765958,300.1658629920976
2017-08-08 02:45:00,4,300.803170412795,300.11586226530466
2017-08-08 03:00:00,4,300.7537358877829,300.06772468379427
2017-08-08 03:15:00,4,300.7063714224357,300.0218784739619
2017-08-08 03:30:00,4,300.66102919145123,299.97849449373535
2017-08-08 03:45:00,4,300.6171975051196,299.93714127888336
2017-08-08 04:00:00,4,300.57411470116443,299.89685992314594
2017-08-08 04:15:00,4,300.53117239220546,299.8566353754692
2017-08-08 04:30:00,4,300.48818765894737,299.81593130882754
2017-08-08 04:45:00,4,300.4454834225271,299.7749391493644
2017-08-08 05:00:00,4,300.40356092739387,299.7343200636612
2017-08-08 05:15:00,4,300.3628327108374,299.69477492576743
2017-08-08 05:30:00,4,300.32441044979805,299.65783898884115
2017-08-08 05:45:00,4,300.2969748330052,299.63162755880626
2017-08-08 06:00:00,4,300.3024537841694,299.6315567433358
2017-08-08 06:15:00,4,300.3533837368895,299.6660811379319
2017-08-08 06:30:00,4,300.4473743499001,299.7222329162405
2017-08-08 06:45:00,4,300.5795377849772,299.8203800567433
2017-08-08 07:00:00,4,300.74595274279096,299.96253271033765
2017-08-08 07:15:00,4,300.940318645819,300.13773605661595
2017-08-08 07:30:00,4,301.15482575463705,300.33396446460654
2017-08-08 07:45:00,4,301.38220003387084,300.544651444948
2017-08-08 08:00:00,4,301.61671756866184,300.7780571170317
2017-08-08 08:15:00,4,301.8542049467627,301.0145048257821
2017-08-08 08:30:00,4,302.0920399745368,301.2417844651659
2017-08-08 08:45:00,4,302.3278188604894,301.456878101634
2017-08-08 09:00:00,4,302.5585570588224,301.6569490360973
2017-08-08 09:15:00,4,302.78061370106354,301.84666523320266
2017-08-08 09:30:00,4,302.9908929923935,302.0270974587821
2017-08-08 09:45:00,4,303.1891290248601,302.1960502607008
2017-08-08 10:00:00,4,303.3765336283395,302.35583789160853
2017-08-08 10:15:00,4,303.55359275671174,302.50934980823797
2017-08-08 10:30:00,4,303.71961805739915,302.6561383330906
2017-08-08 10:45:00,4,303.87248144360046,302.7932665098476
2017-08-08 11:00:00,4,304.00974049343455,302.91753372834955
2017-08-08 11:15:00,4,304.12963414386127,303.0270355820943
2017-08-08 11:30:00,4,304.2312520476871,303.1208249405861
2017-08-08 11:45:00,4,304.31427441326474,303.20003236341705
2017-08-08 12:00:00,4,304.3788688801439,303.2652686212981
2017-08-08 12:15:00,4,304.4256629613479,303.3166706649361
2017-08-08 12:30:00,4,304.45662939260023,303.35545930181473
2017-08-08 12:45:00,4,304.47619963751157,303.3846920436411
2017-08-08 13:00:00,4,304.48883279129035,303.40775547064095
2017-08-08 13:15:00,4,304.4970358121179,303.4266077280478
2017-08-08 13:30:00,4,304.50209962577014,303.4420225586975
2017-08-08 13:45:00,4,304.5057507681975,303.45509010240926
2017-08-08 14:00:00,4,304.50961789843416,303.4674049717591
2017-08-08 14:15:00,4,304.514248147546,303.4801231685097
2017-08-08 14:30:00,4,304.5188810361561,303.4929590850003
2017-08-08 14:45:00,4,304.5210284819297,303.50379887934645
2017-08-08 15:00:00,4,304.51772254676877,303.50966432901527
2017-08-08 15:15:00,4,304.5067455526679,303.508085302705
2017-08-08 15:30:00,4,304.48689684582735,303.49779833149677
2017-08-08 15:45:00,4,304.4578791969579,303.478662951812
2017-08-08 16:00:00,4,304.4197120490619,303.4509631033745
2017-08-08 16:15:00,4,304.37204287003175,303.41480250299156
2017-08-08 16:30:00,4,304.3146961437963,303.3701152079901
2017-08-08 16:45:00,4,304.24795467828255,303.3170644820833
2017-08-08 17:00:00,4,304.17300325266274,303.25648073853125
2017-08-08 17:15:00,4,304.09133194554954,303.18958888351335
2017-08-08 17:30:00,4,304.00380920941177,303.1174406349936
2017-08-08 17:45:00,4,303.91118361204445,303.04078580365217
2017-08-08 18:00:00,4,303.8140087049676,302.96011833431703
2017-08-08 18:15:00,4,303.7119028469552,302.87572413891576
2017-08-08 18:30:00,4,303.60421069230813,302.78740301916395
2017-08-08 18:45:00,4,303.4907612466738,302.69485039799537
2017-08-08 19:00:00,4,303.37134580097495,302.5976494937832
2017-08-08 19:15:00,4,303.2455434724672,302.4958158538669
2017-08-08 19:30:00,4,303.1146726675588,302.39090370033966
2017-08-08 19:45:00,4,302.9816604870072,302.28307592496196
2017-08-08 20:00:00,4,302.84917961884264,302.17199594509907
2017-08-08 20:15:00,4,302.7188157207292,302.0568009093136
2017-08-08 20:30:00,4,302.59145545902135,301.9370932301953
2017-08-08 20:45:00,4,302.46808545254703,301.81509174196185
2017-08-08 21:00:00,4,302.3495514114986,301.69357418141504
2017-08-08 21:15:00,4,302.2361693083417,301.5741494895298
2017-08-08 21:30:00,4,302.1278002597736,301.45683154004075
2017-08-08 21:45:00,4,302.0240373371163,301.3421587824113
2017-08-08 22:00:00,4,301.92439701563035,301.23615816462404
2017-08-08 22:15:00,4,301.8284151602772,301.1391947090905
2017-08-08 22:30:00,4,301.7358341284765,301.048487315095
2017-08-08 22:45:00,4,301.6469539522152,300.96200753680034
2017-08-08 23:00:00,4,301.56220336787635,300.8794292347184
2017-08-08 23:15:00,4,301.48170131551814,300.80109389747895
2017-08-08 23:30:00,4,301.4053368442526,300.7271134791239
2017-08-08 23:45:00,4,301.33306569834787,300.65735265764147
2017-08-09 00:00:00,4,301.26488974496056,300.5916720672934
2017-08-09 00:15:00,4,301.20071382344275,300.52996943211076
2017-08-09 00:30:00,4,301.1403258795988,300.4720958016728
2017-08-09 00:45:00,4,301.08342530557553,300.41779636892693
2017-08-09 01:00:00,4,301.02968244255857,300.3667452575143
2017-08-09 01:15:00,4,300.9787747722152,300.3185932859373
2017-08-09 01:30:00,4,300.93012811709576,300.27272841501025
2017-08-09 01:45:00,4,300.882310166862,300.22789730670337
2017-08-09 02:00:00,4,300.83364170038413,300.18245560519046
2017-08-09 02:15:00,4,300.7829593492653,300.13501978756165
2017-08-09 02:30:00,4,300.7299326800729,300.08509650088365
2017-08-09 02:45:00,4,300.6754966356324,300.0334270177029
2017-08-09 03:00:00,4,300.6211089288813,299.9815143029142
2017-08-09 03:15:00,4,300.56787642726044,299.9307724131902
2017-08-09 03:30:00,4,300.51639277487135,299.88201535072426
2017-08-09 03:45:00,4,300.4668246593829,299.8354309754127
2017-08-09 04:00:00,4,300.41909518496647,299.79084110106356
2017-08-09 04:15:00,4,300.37304222258325,299.7479682008784
2017-08-09 04:30:00,4,300.3284344142136,299.70650483878933
2017-08-09 04:45:00,4,300.2848606574072,299.6660030346078
2017-08-09 05:00:00,4,300.2418545751558,299.62589551358275
2017-08-09 05:15:00,4,300.19911656116534,299.58572646982725
2017-08-09 05:30:00,4,300.15742772465103,299.54633473031834
2017-08-09 05:45:00,4,300.1261485364796,299.51719192593225
2017-08-09 06:00:00,4,300.1305559790733,299.51694793403345
2017-08-09 06:15:00,4,300.1865791143332,299.5561728947138
2017-08-09 06:30:00,4,300.2930234306744,299.62216917039734
2017-08-09 06:45:00,4,300.44325127272117,299.73047716865153
2017-08-09 07:00:00,4,300.6296401534301,299.8839276590946
2017-08-09 07:15:00,4,300.8419263995535,300.0699109959989
2017-08-09 07:30:00,4,301.06967088770125,300.27363507672356
2017-08-09 07:45:00,4,301.3043802710543,300.4864709833824
2017-08-09 08:00:00,4,301.5396081719225,300.7072021176284
2017-08-09 08:15:00,4,301.7706171809305,300.9382282378122
2017-08-09 08:30:00,4,301.9948636083831,301.162435967755
2017-08-09 08:45:00,4,302.21173605232576,301.3699022413398
2017-08-09 09:00:00,4,302.4208746634507,301.5558812288112
2017-08-09 09:15:00,4,302.6214621425895,301.7291882908097
2017-08-09 09:30:00,4,302.81254116114695,301.8942292342113
2017-08-09 09:45:00,4,302.99336297389704,302.0503261052411
2017-08-09 10:00:00,4,303.16328406985184,302.19402699643416
2017-08-09 10:15:00,4,303.3214300295959,302.3292257707248
2017-08-09 10:30:00,4,303.4669547847377,302.45688921292805
2017-08-09 10:45:00,4,303.59932189639477,302.5754916161191
2017-08-09 11:00:00,4,303.7181973056072,302.6831199113724
2017-08-09 11:15:00,4,303.8231734626271,302.7786780295198
2017-08-09 11:30:00,4,303.914018968853,302.8620369400816
2017-08-09 11:45:00,4,303.99116545896516,302.93374292119444
2017-08-09 12:00:00,4,304.05527062526744,302.9941137610996
2017-08-09 12:15:00,4,304.10673899129375,303.0451178688254
2017-08-09 12:30:00,4,304.14672105512597,303.0883443124592
2017-08-09 12:45:00,4,304.1784866741332,303.12599557144716
2017-08-09 13:00:00,4,304.2053706297961,303.1602547425355
2017-08-09 13:15:00,4,304.2291279654193,303.1922308522791
2017-08-09 13:30:00,4,304.25016506604953,303.22176435041285
2017-08-09 13:45:00,4,304.26794494190216,303.2479397445386
2017-08-09 14:00:00,4,304.2816198321568,303.2697206771035
2017-08-09 14:15:00,4,304.29030265445675,303.28625135673593
2017-08-09 14:30:00,4,304.2930320855,303.2967198385335
2017-08-09 14:45:00,4,304.28852021650613,303.3001118532163
2017-08-09 15:00:00,4,304.27553648017926,303.2953393256936
2017-08-09 15:15:00,4,304.25315995630467,303.2815324282606
2017-08-09 15:30:00,4,304.2210565361866,303.2584575362707
2017-08-09 15:45:00,4,304.17995146832084,303.22678839191957
2017-08-09 16:00:00,4,304.1307548767941,303.18755724231966
2017-08-09 16:15:00,4,304.0735941447426,303.14144046019203
2017-08-09 16:30:00,4,304.0085649823441,303.08875582624677
2017-08-09 16:45:00,4,303.9363345227516,303.03000807876697
2017-08-09 17:00:00,4,303.8584416752267,302.96632267822724
2017-08-09 17:15:00,4,303.7765939333324,302.89915204391025
2017-08-09 17:30:00,4,303.69182360963384,302.8296339347615
2017-08-09 17:45:00,4,303.604620546186,302.758437280108
2017-08-09 18:00:00,4,303.51527443284755,302.6864278328313
2017-08-09 18:15:00,4,303.42316947143644,302.6135419438295
2017-08-09 18:30:00,4,303.3270909728585,302.53876500209265
2017-08-09 18:45:00,4,303.22566030597676,302.4606199477848
2017-08-09 19:00:00,4,303.11688276008215,302.3773797499097
2017-08-09 19:15:00,4,302.9984055710108,302.2879048422184
2017-08-09 19:30:00,4,302.8723467707399,302.1908081055926
2017-08-09 19:45:00,4,302.74318596014643,302.08822676559134
2017-08-09 20:00:00,4,302.61408996860877,301.97723204117887
2017-08-09 20:15:00,4,302.4866927904665,301.8601663335352
2017-08-09 20:30:00,4,302.36196764545866,301.7394589295541
2017-08-09 20:45:00,4,302.24134886892256,301.6179208257172
2017-08-09 21:00:00,4,302.12633117740273,301.49802261137955
2017-08-09 21:15:00,4,302.01775334012626,301.3811458870524
2017-08-09 21:30:00,4,301.91570291481986,301.26814612789593
2017-08-09 21:45:00,4,301.8195420009265,301.165820167581
2017-08-09 22:00:00,4,301.7283085702888,301.07415793296354
2017-08-09 22:15:00,4,301.64111664408114,300.9894416167023
2017-08-09 22:30:00,4,301.55735185913824,300.90860174315407
2017-08-09 22:45:00,4,301.4768720191036,300.8306557038743
2017-08-09 23:00:00,4,301.3997707710967,300.75588562292336
2017-08-09 23:15:00,4,301.32606208520843,300.684670682075
2017-08-09 23:30:00,4,301.2556263738378,300.61701740863134
2017-08-09 23:45:00,4,301.18824871438414,300.5526046957413
2017-08-10 00:00:00,4,301.1236154158838,300.4909464357893
2017-08-10 00:15:00,4,301.06134892916447,300.4315085304545
2017-08-10 00:30:00,4,301.0009786493848,300.37369458307495
2017-08-10 00:45:00,4,300.9417877287774,300.3167868463519
2017-08-10 01:00:00,4,300.8830373440641,300.26005879606134
2017-08-10 01:15:00,4,300.82422637507887,300.2029786556876
2017-08-10 01:30:00,4,300.76529048735875,300.14552252112657
2017-08-10 01:45:00,4,300.7069610674459,300.08843559412406
2017-08-10 02:00:00,4,300.65034790334573,300.032976555052
2017-08-10 02:15:00,4,300.5963268089257,299.98032549069205
2017-08-10 02:30:00,4,300.54512725726323,299.9308908715714
2017-08-10 02:45:00,4,300.4957966536542,299.8838536883718
2017-08-10 03:00:00,4,300.4468593281444,299.83759819125726
2017-08-10 03:15:00,4,300.39719804652685,299.7906366620134
2017-08-10 03:30:00,4,300.3462967255559,299.74222234555174
2017-08-10 03:45:00,4,300.2941478282625,299.6923594436023
2017-08-10 04:00:00,4,300.2409559465285,299.6414229333859
2017-08-10 04:15:00,4,300.18693423042276,299.589801169461
2017-08-10 04:30:00,4,300.1324087879071,299.5379065066769
2017-08-10 04:45:00,4,300.078208217088,299.48642510480107
2017-08-10 05:00:00,4,300.02534313481095,299.4362296387575
2017-08-10 05:15:00,4,299.9745500192639,299.3880562807754
2017-08-10 05:30:00,4,299.92697120092345,299.3432251731304
2017-08-10 05:45:00,4,299.8918477422957,299.31120546310103
2017-08-10 06:00:00,4,299.8946654351724,299.3104947877495
2017-08-10 06:15:00,4,299.9514105646022,299.3515713259015
2017-08-10 06:30:00,4,300.06047521403553,299.4228336680724
2017-08-10 06:45:00,4,300.2147240491856,299.53288090397996
2017-08-10 07:00:00,4,300.4061169345508,299.6874042511729
2017-08-10 07:15:00,4,300.6238914019411,299.8755905640848
2017-08-10 07:30:00,4,300.857392153933,300.08208269560794
2017-08-10 07:45:00,4,301.0992160808171,300.29766942003266
2017-08-10 08:00:00,4,301.3447296390487,300.5208637634485
2017-08-10 08:15:00,4,301.5908251030177,300.75961986465956
2017-08-10 08:30:00,4,301.83570140459125,300.9973257982316
2017-08-10 08:45:00,4,302.07800826149145,301.2219405589327
2017-08-10 09:00:00,4,302.3166083665172,301.4270104180481
2017-08-10 09:15:00,4,302.54995136303506,301.6206790295801
2017-08-10 09:30:00,4,302.77637608058376,301.8076997308364
2017-08-10 09:45:00,4,302.99498607551374,301.9877450248981
2017-08-10 10:00:00,4,303.2052121894832,302.1575808827987
2017-08-10 10:15:00,4,303.4059897614734,302.3216645918656
2017-08-10 10:30:00,4,303.5957946569789,302.4805289497808
2017-08-10 10:45:00,4,303.7726828973197,302.6313080123968
2017-08-10 11:00:00,4,303.9347381864129,302.77073848636246
2017-08-10 11:15:00,4,304.08034928359575,302.89664877509705
2017-08-10 11:30:00,4,304.2083721006433,303.0081413327966
2017-08-10 11:45:00,4,304.31824907339444,303.1050142536613
2017-08-10 12:00:00,4,304.40975278602093,303.1871676586676
2017-08-10 12:15:00,4,304.4827545879941,303.2541410143048
2017-08-10 12:30:00,4,304.5386373003321,303.308976927513
2017-08-10 12:45:00,4,304.58254953823746,303.3562276470917
2017-08-10 13:00:00,4,304.620357307224,303.40039810916664
2017-08-10 13:15:00,4,304.6555818553827,303.4440435247135
2017-08-10 13:30:00,4,304.68934565402304,303.4873736583084
2017-08-10 13:45:00,4,304.72090185765575,303.52894430735637
2017-08-10 14:00:00,4,304.7487104000395,303.56676653614625
2017-08-10 14:15:00,4,304.7711978982466,303.59910940620665
2017-08-10 14:30:00,4,304.78685256374695,303.6245423819703
2017-08-10 14:45:00,4,304.7938908416811,303.6415797974244
2017-08-10 15:00:00,4,304.7905813701449,303.6487001562689
2017-08-10 15:15:00,4,304.77550973223356,303.64463019036845
2017-08-10 15:30:00,4,304.7477943168006,303.62869639684715
2017-08-10 15:45:00,4,304.70735668332304,303.60099462353617
2017-08-10 16:00:00,4,304.6544796607693,303.56203045570624
2017-08-10 16:15:00,4,304.5890228318826,303.5120404781691
2017-08-10 16:30:00,4,304.5105212542368,303.45099475474444
2017-08-10 16:45:00,4,304.4197981497912,303.37954137733857
2017-08-10 17:00:00,4,304.31945230615526,303.2995582037783
2017-08-10 17:15:00,4,304.2124372276252,303.2133982653385
2017-08-10 17:30:00,4,304.100684541538,303.12329165353344
2017-08-10 17:45:00,4,303.98491262591443,303.0313008906843
2017-08-10 18:00:00,4,303.8653296147519,302.9380066771058
2017-08-10 18:15:00,4,303.74121768960356,302.8427510904171
2017-08-10 18:30:00,4,303.6113853716063,302.74457041051284
2017-08-10 18:45:00,4,303.47477931301694,302.6422192344403
2017-08-10 19:00:00,4,303.32982439923376,302.53203533823176
2017-08-10 19:15:00,4,303.174495818794,302.41021631316596
2017-08-10 19:30:00,4,303.0114977323285,302.2778425319775
2017-08-10 19:45:00,4,302.84622407745684,302.1381079894822
2017-08-10 20:00:00,4,302.68268005436363,301.99122366967185
2017-08-10 20:15:00,4,302.52304841381954,301.8377622998032
2017-08-10 20:30:00,4,302.36849897241467,301.6813281389523
2017-08-10 20:45:00,4,302.2202283001362,301.52563644955376
2017-08-10 21:00:00,4,302.07929801591473,301.37246726803403
2017-08-10 21:15:00,4,301.9461861603952,301.22754524932907
2017-08-10 21:30:00,4,301.8208180870819,301.0972768908526
2017-08-10 21:45:00,4,301.7027293193789,300.98033767714685
2017-08-10 22:00:00,4,301.59126782422305,300.8723868362925
2017-08-10 22:15:00,4,301.4857537537588,300.770464922801
2017-08-10 22:30:00,4,301.38568445909624,300.6737198032046
2017-08-10 22:45:00,4,301.29107168856603,300.5824135016613
2017-08-10 23:00:00,4,301.2021403455021,300.4969219664024
2017-08-10 23:15:00,4,301.1189300118543,300.4172959882747
2017-08-10 23:30:00,4,301.0412618707081,300.34328879731186
2017-08-10 23:45:00,4,300.96884843757454,300.27453912166675
2017-08-11 00:00:00,4,300.90134935878154,300.2106782825233
2017-08-11 00:15:00,4,300.83838601049314,300.1513374121238
2017-08-11 00:30:00,4,300.7795041286591,300.0960678287079
2017-08-11 00:45:00,4,300.72405180230123,300.04424455804985
2017-08-11 01:00:00,4,300.67131877579266,299.99513836614796
2017-08-11 01:15:00,4,300.6207218577847,299.9480905026277
2017-08-11 01:30:00,4,300.5717696486555,299.90254900833907
2017-08-11 01:45:00,4,300.52389163348306,299.85799105328874
2017-08-11 02:00:00,4,300.47654819120856,299.81394347047376
2017-08-11 02:15:00,4,300.42936667998873,299.7700508868069
2017-08-11 02:30:00,4,300.3820249963881,299.72596951317854
2017-08-11 02:45:00,4,300.3339417518848,299.68112462356487
2017-08-11 03:00:00,4,300.28443660782995,299.63474759506653
2017-08-11 03:15:00,4,300.23306548990354,299.5862247661454
2017-08-11 03:30:00,4,300.17990682816037,299.5355618651619
2017-08-11 03:45:00,4,300.12581532447734,299.48358636186055
2017-08-11 04:00:00,4,300.07190261848586,299.4315442751707
2017-08-11 04:15:00,4,300.0190044153256,299.3804986705005
2017-08-11 04:30:00,4,299.96759953338017,299.33104960111996
2017-08-11 04:45:00,4,299.91790071445354,299.2834087291966
2017-08-11 05:00:00,4,299.8699541557733,299.2375841782406
2017-08-11 05:15:00,4,299.823711093497,299.19350524000345
2017-08-11 05:30:00,4,299.7792395205807,299.1513763686226
2017-08-11 05:45:00,4,299.74404300388807,299.1196517253569
2017-08-11 06:00:00,4,299.74479528048806,299.11770104725827
2017-08-11 06:15:00,4,299.7997912246867,299.1581475044636
2017-08-11 06:30:00,4,299.9082803502469,299.23299022433974
2017-08-11 06:45:00,4,300.06293253421586,299.34029484311384
2017-08-11 07:00:00,4,300.2551672656359,299.4905184394834
2017-08-11 07:15:00,4,300.47360287842156,299.6756207730018
2017-08-11 07:30:00,4,300.706907507042,299.879099984649
2017-08-11 07:45:00,4,300.9465021306686,300.08952553916635
2017-08-11 08:00:00,4,301.1861264654178,300.3030097587507
2017-08-11 08:15:00,4,301.42114013523354,300.52191122663623
2017-08-11 08:30:00,4,301.64897621994965,300.7458894024453
2017-08-11 08:45:00,4,301.8691277606297,300.9602107483432
2017-08-11 09:00:00,4,302.0820521782368,301.1565042768459
2017-08-11 09:15:00,4,302.2875288202798,301.33544713698234
2017-08-11 09:30:00,4,302.48469424042315,301.504766473957
2017-08-11 09:45:00,4,302.6728149000701,301.66739625022984
2017-08-11 10:00:00,4,302.8512192308185,301.8213154728252
2017-08-11 10:15:00,4,303.01884329507357,301.96419757674084
2017-08-11 10:30:00,4,303.1744768616109,302.09849640349137
2017-08-11 10:45:00,4,303.3170402281179,302.22453361608723
2017-08-11 11:00:00,4,303.44569944867357,302.3407930434066
2017-08-11 11:15:00,4,303.5598060077249,302.44573833996674
2017-08-11 11:30:00,4,303.6590517598666,302.53865259463043
2017-08-11 11:45:00,4,303.7436905471049,302.6195802313526
2017-08-11 12:00:00,4,303.81418659039406,302.6888383203521
2017-08-11 12:15:00,4,303.8708190751152,302.74667505661864
2017-08-11 12:30:00,4,303.91460707169887,302.79404634141974
2017-08-11 12:45:00,4,303.948559344587,302.83415071577906
2017-08-11 13:00:00,4,303.9757087863345,302.86946014390253
2017-08-11 13:15:00,4,303.9975978976431,302.90070369768756
2017-08-11 13:30:00,4,304.01486131675995,302.92762892866045
2017-08-11 13:45:00,4,304.0282637982543,302.9502311136187
2017-08-11 14:00:00,4,304.03852855247595,302.9689922925612
2017-08-11 14:15:00,4,304.04577676797373,302.98434231674975
2017-08-11 14:30:00,4,304.04962104721744,302.9962764950306
2017-08-11 14:45:00,4,304.0494345869697,303.0044299842588
2017-08-11 15:00:00,4,304.0445456675026,303.0082856523943
2017-08-11 15:15:00,4,304.0341718642,303.007254045539
2017-08-11 15:30:00,4,304.0175262988414,303.00071640747444
2017-08-11 15:45:00,4,303.9939375744817,302.98807944090686
2017-08-11 16:00:00,4,303.96272379546974,302.9687103554237
2017-08-11 16:15:00,4,303.9229369431689,302.9419108526895
2017-08-11 16:30:00,4,303.87399897121446,302.9071232607315
2017-08-11 16:45:00,4,303.8158884686001,302.8642402556666
2017-08-11 17:00:00,4,303.7496010714215,302.8139371310022
2017-08-11 17:15:00,4,303.6765615622744,302.75736431618077
2017-08-11 17:30:00,4,303.5976071347219,302.69552666381986
2017-08-11 17:45:00,4,303.5134607445169,302.6290513010879
2017-08-11 18:00:00,4,303.4246333819217,302.55873597364734
2017-08-11 18:15:00,4,303.3305658418917,302.4848389691748
2017-08-11 18:30:00,4,303.2300374325223,302.40651216097604
2017-08-11 18:45:00,4,303.12130802222254,302.3221373975913
2017-08-11 19:00:00,4,303.0020914823129,302.2299020096835
2017-08-11 19:15:00,4,302.8703852524919,302.12962689958
2017-08-11 19:30:00,4,302.7288910954834,302.0196934546651
2017-08-11 19:45:00,4,302.58323602437565,301.9026949906767
2017-08-11 20:00:00,4,302.437941193132,301.7777297285506
2017-08-11 20:15:00,4,302.29556154782347,301.64494417198296
2017-08-11 20:30:00,4,302.1574415587427,301.5084656330732
2017-08-11 20:45:00,4,302.0248009255699,301.3725857993061
2017-08-11 21:00:00,4,301.8986132298933,301.2396840905133
2017-08-11 21:15:00,4,301.779239864027,301.1099146944727
2017-08-11 21:30:00,4,301.66648704669666,300.98763828040626
2017-08-11 21:45:00,4,301.559699162515,300.8770769132129
2017-08-11 22:00:00,4,301.45802262655826,300.7765719746284
2017-08-11 22:15:00,4,301.3606517147884,300.6823095528982
2017-08-11 22:30:00,4,301.2669594036938,300.59174826978244
2017-08-11 22:45:00,4,301.1766469155088,300.5041947977585
2017-08-11 23:00:00,4,301.089606203227,300.4198192590394
2017-08-11 23:15:00,4,301.0057121800546,300.33874782233033
2017-08-11 23:30:00,4,300.9247897601491,300.2608421495273
2017-08-11 23:45:00,4,300.8466737330845,300.1858496770785
2017-08-12 00:00:00,4,300.7711987779593,300.11353686285014
2017-08-12 00:15:00,4,300.6981727330968,300.0437090031473
2017-08-12 00:30:00,4,300.6274876302287,299.97627624732536
2017-08-12 00:45:00,4,300.5593710248894,299.9113894955564
2017-08-12 01:00:00,4,300.4941634858873,299.8493451525509
2017-08-12 01:15:00,4,300.4320292919932,299.7903414538572
2017-08-12 01:30:00,4,300.3728228977707,299.73424640162284
2017-08-12 01:45:00,4,300.31590069120796,299.6804768340291
2017-08-12 02:00:00,4,300.26043911133854,299.62821553521337
2017-08-12 02:15:00,4,300.205797666146,299.5767574263532
2017-08-12 02:30:00,4,300.15157755975804,299.52566249816243
2017-08-12 02:45:00,4,300.09755264196303,299.47466245391195
2017-08-12 03:00:00,4,300.04354910814715,299.4235012901547
2017-08-12 03:15:00,4,299.9894438519747,299.3719496275466
2017-08-12 03:30:00,4,299.93524476111236,299.3199160064859
2017-08-12 03:45:00,4,299.88099775056014,299.2674738427122
2017-08-12 04:00:00,4,299.826714801408,299.2147892022865
2017-08-12 04:15:00,4,299.7724119244929,299.16203869364267
2017-08-12 04:30:00,4,299.71852392539216,299.10976230024755
2017-08-12 04:45:00,4,299.6669424903099,299.05944839672077
2017-08-12 05:00:00,4,299.6202280936727,299.0132444453609
2017-08-12 05:15:00,4,299.580258050533,298.97313251715303
2017-08-12 05:30:00,4,299.54769275209793,298.93983414799914
2017-08-12 05:45:00,4,299.5221212766066,298.9132137044134
2017-08-12 06:00:00,4,299.5081499406136,298.8981833626492
2017-08-12 06:15:00,4,299.5234766752288,298.9079984477867
2017-08-12 06:30:00,4,299.584096144779,298.9547851534504
2017-08-12 06:45:00,4,299.6962686680158,299.03906785462317
2017-08-12 07:00:00,4,299.85813198374814,299.14988059730825
2017-08-12 07:15:00,4,300.05950986225804,299.3031384091054
2017-08-12 07:30:00,4,300.28761567793646,299.4937612424988
2017-08-12 07:45:00,4,300.53246147467695,299.70572187579467
2017-08-12 08:00:00,4,300.78716670435387,299.9272268756828
2017-08-12 08:15:00,4,301.045626341485,300.1541082011059
2017-08-12 08:30:00,4,301.30332234494733,300.3950464327182
2017-08-12 08:45:00,4,301.5580603866464,300.6331535080252
2017-08-12 09:00:00,4,301.808953170487,300.8542826316463
2017-08-12 09:15:00,4,302.0546598307584,301.0622872170767
2017-08-12 09:30:00,4,302.2924385667684,301.26181335291193
2017-08-12 09:45:00,4,302.51664293895294,301.4512391037812
2017-08-12 10:00:00,4,302.72066112816594,301.6245299528678
2017-08-12 10:15:00,4,302.8997570201028,301.77691704632645
2017-08-12 10:30:00,4,303.0529120103789,301.9104668399381
2017-08-12 10:45:00,4,303.1843302944245,302.0289326278673
2017-08-12 11:00:00,4,303.29978336378076,302.13627103669046
2017-08-12 11:15:00,4,303.40304845418456,302.2352700229358
2017-08-12 11:30:00,4,303.4957361063648,302.3269510858069
2017-08-12 11:45:00,4,303.57804243416194,302.41094825694717
2017-08-12 12:00:00,4,303.6495048204112,302.48631239702854
2017-08-12 12:15:00,4,303.7094986994522,302.55218868194873
2017-08-12 12:30:00,4,303.75833206456315,302.60847223101655
2017-08-12 12:45:00,4,303.7982465766823,302.6582260707057
2017-08-12 13:00:00,4,303.83162616786933,302.7034361185073
2017-08-12 13:15:00,4,303.85968587249397,302.7443262836373
2017-08-12 13:30:00,4,303.88304663402226,302.78051925187185
2017-08-12 13:45:00,4,303.90281022859205,302.8123480334352
2017-08-12 14:00:00,4,303.9201093794566,302.84089043166836
2017-08-12 14:15:00,4,303.9353130778554,302.8671192091007
2017-08-12 14:30:00,4,303.9479334528426,302.8910363299251
2017-08-12 14:45:00,4,303.95654573843814,302.91140312846096
2017-08-12 15:00:00,4,303.9593680034141,302.9262576791487
2017-08-12 15:15:00,4,303.9544936647806,302.93371671515285
2017-08-12 15:30:00,4,303.9404778315708,302.9324773349863
2017-08-12 15:45:00,4,303.91641224265715,302.9219001208871
2017-08-12 16:00:00,4,303.8821158005406,302.90183231078333
2017-08-12 16:15:00,4,303.8373499054272,302.8721886848489
2017-08-12 16:30:00,4,303.78181374904415,302.83278478873893
2017-08-12 16:45:00,4,303.7155533141235,302.78361513807084
2017-08-12 17:00:00,4,303.63964073195893,302.72541633172926
2017-08-12 17:15:00,4,303.5562106534667,302.65977595036605
2017-08-12 17:30:00,4,303.46740401698656,302.5886102710047
2017-08-12 17:45:00,4,303.374921850043,302.5135732474978
2017-08-12 18:00:00,4,303.2795919409836,302.4358802929547
2017-08-12 18:15:00,4,303.18078675457383,302.35607988529193
2017-08-12 18:30:00,4,303.0771105199845,302.2733638248495
2017-08-12 18:45:00,4,302.9668666984731,302.1860349376027
2017-08-12 19:00:00,4,302.8479495562599,302.09203992865815
2017-08-12 19:15:00,4,302.71853877896325,301.99065082486624
2017-08-12 19:30:00,4,302.58125019958277,301.8837232535294
2017-08-12 19:45:00,4,302.44132251688285,301.7720069388325
2017-08-12 20:00:00,4,302.302871816995,301.65419812023373
2017-08-12 20:15:00,4,302.16814990745945,301.53173981517267
2017-08-12 20:30:00,4,302.0380837226276,301.4066253815572
2017-08-12 20:45:00,4,301.9129199610915,301.28129443076034
2017-08-12 21:00:00,4,301.79252117859403,301.1572555879096
2017-08-12 21:15:00,4,301.6765222663921,301.0346489277763
2017-08-12 21:30:00,4,301.5646194707988,300.9124090792388
2017-08-12 21:45:00,4,301.45699047082326,300.7959582829096
2017-08-12 22:00:00,4,301.35397172264146,300.6894364900431
2017-08-12 22:15:00,4,301.2556502517264,300.59188147724115
2017-08-12 22:30:00,4,301.1617892887692,300.50048533719735
2017-08-12 22:45:00,4,301.07177591640976,300.4131638164885
2017-08-12 23:00:00,4,300.9848162997409,300.3288614643686
2017-08-12 23:15:00,4,300.9001727448975,300.2469320525795
2017-08-12 23:30:00,4,300.81744869572515,300.1669858936831
2017-08-12 23:45:00,4,300.7371226329723,300.0892558749446
2017-08-13 00:00:00,4,300.66008957902227,300.0145477074679
2017-08-13 00:15:00,4,300.586975947184,299.94368555389735
2017-08-13 00:30:00,4,300.517861857053,299.87692969985517
2017-08-13 00:45:00,4,300.4520362084577,299.81369792076566
2017-08-13 01:00:00,4,300.3884503944732,299.75289240154757
2017-08-13 01:15:00,4,300.3262444655993,299.69346406674146
2017-08-13 01:30:00,4,300.26491091669766,299.63477935583336
2017-08-13 01:45:00,4,300.2043718467405,299.57666333033853
2017-08-13 02:00:00,4,300.14475286341593,299.5191864789114
2017-08-13 02:15:00,4,300.08618308839334,299.4624797992093
2017-08-13 02:30:00,4,300.0287517851691,299.4066340099165
2017-08-13 02:45:00,4,299.9723587073082,299.35163361988907
2017-08-13 03:00:00,4,299.916776537467,299.2973802456139
2017-08-13 03:15:00,4,299.86181392027936,299.2437832246477
2017-08-13 03:30:00,4,299.80763601169065,299.1911000355847
2017-08-13 03:45:00,4,299.7554850025104,299.14040360685163
2017-08-13 04:00:00,4,299.70710661197137,299.0933272483562
2017-08-13 04:15:00,4,299.6637607512778,299.0512622695837
2017-08-13 04:30:00,4,299.62591888198233,299.01487187822306
2017-08-13 04:45:00,4,299.5933066506091,298.9837377205224
2017-08-13 05:00:00,4,299.5652948321226,298.9568765529364
2017-08-13 05:15:00,4,299.54124619743936,298.9333747734887
2017-08-13 05:30:00,4,299.5203352508981,298.91246622728585
2017-08-13 05:45:00,4,299.50616158600224,298.89894505674766
2017-08-13 06:00:00,4,299.51749433820805,298.9066375921787
2017-08-13 06:15:00,4,299.5701846977589,298.946581923314
2017-08-13 06:30:00,4,299.66675868945345,299.01604574874295
2017-08-13 06:45:00,4,299.8042890025204,299.10863522870534
2017-08-13 07:00:00,4,299.97702034590554,299.23897363105436
2017-08-13 07:15:00,4,300.17232775130816,299.401648243086
2017-08-13 07:30:00,4,300.3755874982367,299.57794378561897
2017-08-13 07:45:00,4,300.576642464828,299.75296093615157
2017-08-13 08:00:00,4,300.770406203556,299.9217238838567
2017-08-13 08:15:00,4,300.9559635057885,300.0866519788933
2017-08-13 08:30:00,4,301.1341050695805,300.25520966645223
2017-08-13 08:45:00,4,301.30530470156606,300.41854284501534
2017-08-13 09:00:00,4,301.4714989613282,300.5699536539646
2017-08-13 09:15:00,4,301.6367432586624,300.71317730203384
2017-08-13 09:30:00,4,301.80525461346497,300.8576662525898
2017-08-13 09:45:00,4,301.98029717532046,301.0082571893254
2017-08-13 10:00:00,4,302.16210847890613,301.1666765192083
2017-08-13 10:15:00,4,302.3482217463656,301.3326532831456
2017-08-13 10:30:00,4,302.534542192029,301.50166373089877
2017-08-13 10:45:00,4,302.7139437680063,301.66611126735233
2017-08-13 11:00:00,4,302.87803624319196,301.81923281272265
2017-08-13 11:15:00,4,303.0194287547809,301.9541362928488
2017-08-13 11:30:00,4,303.1342464734728,302.06653982609646
2017-08-13 11:45:00,4,303.2240322917486,302.15685182599816
2017-08-13 12:00:00,4,303.2929197758833,302.2287461312742
2017-08-13 12:15:00,4,303.3447288550825,302.28633158027156
2017-08-13 12:30:00,4,303.3833719107959,302.3335239312793
2017-08-13 12:45:00,4,303.4146233085969,302.3748593167645
2017-08-13 13:00:00,4,303.44402100622,302.41478117151553
2017-08-13 13:15:00,4,303.4749574381023,302.4563057759322
2017-08-13 13:30:00,4,303.5090490984889,302.5007871195044
2017-08-13 13:45:00,4,303.54700742005707,302.54858301703257
2017-08-13 14:00:00,4,303.5886645494861,302.59937562137947
2017-08-13 14:15:00,4,303.63248355298504,302.65196522630964
2017-08-13 14:30:00,4,303.6754667499662,302.70371062039607
2017-08-13 14:45:00,4,303.7126169645049,302.750184432623
2017-08-13 15:00:00,4,303.7390026779039,302.78665939724425
2017-08-13 15:15:00,4,303.752132224677,302.8101849855288
2017-08-13 15:30:00,4,303.75199777297007,302.8205960721933
2017-08-13 15:45:00,4,303.7410416330056,302.8204361427173
2017-08-13 16:00:00,4,303.7223789724019,302.81318432372575
2017-08-13 16:15:00,4,303.697236834234,302.80109327593703
2017-08-13 16:30:00,4,303.66551302988677,302.7845532896764
2017-08-13 16:45:00,4,303.6264753324038,302.76274364864224
2017-08-13 17:00:00,4,303.57927960161436,302.73445985224805
2017-08-13 17:15:00,4,303.52271157122505,302.69829106348226
2017-08-13 17:30:00,4,303.4553676295135,302.65304839724894
2017-08-13 17:45:00,4,303.376910688481,302.59815616608836
2017-08-13 18:00:00,4,303.28807401393703,302.53383944437843
2017-08-13 18:15:00,4,303.1910590585382,302.4612636745146
2017-08-13 18:30:00,4,303.0885097103431,302.3821363077853
2017-08-13 18:45:00,4,302.98184826319135,302.2978449160688
2017-08-13 19:00:00,4,302.8716132983143,302.2089664740098
2017-08-13 19:15:00,4,302.75909954923384,302.1165786697643
2017-08-13 19:30:00,4,302.6467965363452,302.0224344939546
2017-08-13 19:45:00,4,302.53633509001776,301.9281754483054
2017-08-13 20:00:00,4,302.42796985912963,301.8347848259044
2017-08-13 20:15:00,4,302.32138841155376,301.74225629866345
2017-08-13 20:30:00,4,302.21613293545266,301.6487512358103
2017-08-13 20:45:00,4,302.11173292924957,301.5545553653458
2017-08-13 21:00:00,4,302.0077658881135,301.4618311066777
2017-08-13 21:15:00,4,301.9038974846866,301.3660589336117
2017-08-13 21:30:00,4,301.8002276713605,301.26526961565685
2017-08-13 21:45:00,4,301.6980005874254,301.1607777190312
2017-08-13 22:00:00,4,301.5987369683336,301.05531178015286
2017-08-13 22:15:00,4,301.5033198218987,300.9510177407871
2017-08-13 22:30:00,4,301.4119712049559,300.8485185702184
2017-08-13 22:45:00,4,301.3244263873877,300.7494570790192
2017-08-13 23:00:00,4,301.2401814663971,300.65810031257536
2017-08-13 23:15:00,4,301.1586991929414,300.5741997015916
2017-08-13 23:30:00,4,301.0796792287328,300.4952470282161
2017-08-13 23:45:00,4,301.0035323514259,300.41962804357297
2017-08-14 00:00:00,4,300.93096528774225,300.34735566856966
2017-08-14 00:15:00,4,300.8624039623936,300.2790846392241
2017-08-14 00:30:00,4,300.7975774844174,300.21483110989044
2017-08-14 00:45:00,4,300.7348464191229,300.15324909352296
2017-08-14 01:00:00,4,300.6720738577987,300.0921024495713
2017-08-14 01:15:00,4,300.60769353643883,300.0293245895463
2017-08-14 01:30:00,4,300.5412779550585,299.9641158896279
2017-08-14 01:45:00,4,300.4742918948709,299.8976620890022
2017-08-14 02:00:00,4,300.40911501933806,299.8325397259128
2017-08-14 02:15:00,4,300.34765031247645,299.7712850135108
2017-08-14 02:30:00,4,300.29097538431773,299.7153686564992
2017-08-14 02:45:00,4,300.2395822476622,299.6650807273098
2017-08-14 03:00:00,4,300.19358387565933,299.62001291365834
2017-08-14 03:15:00,4,300.1528079063642,299.5795569834619
2017-08-14 03:30:00,4,300.1166360735404,299.54309356186275
2017-08-14 03:45:00,4,300.0834644808769,299.50950054765
2017-08-14 04:00:00,4,300.05132745925243,299.47731267474967
2017-08-14 04:15:00,4,300.01873498891945,299.445250163601
2017-08-14 04:30:00,4,299.98476561547,299.41244126953916
2017-08-14 04:45:00,4,299.9488016709579,299.37824797433353
2017-08-14 05:00:00,4,299.91036996327574,299.34206815644035
2017-08-14 05:15:00,4,299.8691600882964,299.30325248627634
2017-08-14 05:30:00,4,299.82541078862465,299.2619035332405
2017-08-14 05:45:00,4,299.78441475816715,299.2234547971621
2017-08-14 06:00:00,4,299.7640793906966,299.2020355341977
2017-08-14 06:15:00,4,299.7816810031484,299.21124871514775
2017-08-14 06:30:00,4,299.8424831395571,299.25287233583396
2017-08-14 06:45:00,4,299.9448135633571,299.31924668036424
2017-08-14 07:00:00,4,300.08451116407474,299.4256688029889
2017-08-14 07:15:00,4,300.25462976386444,299.5713313710826
2017-08-14 07:30:00,4,300.44822475922416,299.7450087007325
2017-08-14 07:45:00,4,300.65950156784277,299.9368885957576
2017-08-14 08:00:00,4,300.88348632863284,300.1429273170093
2017-08-14 08:15:00,4,301.1157333836692,300.3720183616897
2017-08-14 08:30:00,4,301.3529686704239,300.60623276114904
2017-08-14 08:45:00,4,301.5930511315484,300.8329839233501
2017-08-14 09:00:00,4,301.8340739087196,301.04548535069364
2017-08-14 09:15:00,4,302.07345543054106,301.24924309741493
2017-08-14 09:30:00,4,302.3081145080879,301.446726094454
2017-08-14 09:45:00,4,302.5342853896653,301.63321110670614
2017-08-14 10:00:00,4,302.7480494808235,301.8113703213196
2017-08-14 10:15:00,4,302.94585591240883,301.97978671156795
2017-08-14 10:30:00,4,303.12534818067735,302.13584064374265
2017-08-14 10:45:00,4,303.2861854917008,302.2782507446249
2017-08-14 11:00:00,4,303.429083513152,302.40710320423307
2017-08-14 11:15:00,4,303.5545241858508,302.5226259505211
2017-08-14 11:30:00,4,303.66242900041476,302.62412296548985
2017-08-14 11:45:00,4,303.75189405406894,302.7118101354379
2017-08-14 12:00:00,4,303.82205422966217,302.7849150291534
2017-08-14 12:15:00,4,303.8729079557818,302.8427820341354
2017-08-14 12:30:00,4,303.9067969072384,302.88704283881646
2017-08-14 12:45:00,4,303.93036328688856,302.9227082299906
2017-08-14 13:00:00,4,303.9506817980137,302.9557307229554
2017-08-14 13:15:00,4,303.9715805740868,302.9898684238336
2017-08-14 13:30:00,4,303.9938017201405,303.02568505932226
2017-08-14 13:45:00,4,304.0158984933706,303.0614499572483
2017-08-14 14:00:00,4,304.0356153413778,303.09463425166723
2017-08-14 14:15:00,4,304.0503340237875,303.12281410570984
2017-08-14 14:30:00,4,304.05816410746087,303.14457391278006
2017-08-14 14:45:00,4,304.0594155872563,303.16035223973114
2017-08-14 15:00:00,4,304.05580809836937,303.1719648487619
2017-08-14 15:15:00,4,304.04919214961006,303.18139811468444
2017-08-14 15:30:00,4,304.0408149405339,303.18949673755606
2017-08-14 15:45:00,4,304.0297801917333,303.19512145519946
2017-08-14 16:00:00,4,304.01396768924394,303.1958949578069
2017-08-14 16:15:00,4,303.9915233256002,303.1895997701113
2017-08-14 16:30:00,4,303.9610307198051,303.1747073496255
2017-08-14 16:45:00,4,303.9213917374341,303.15046723364884
2017-08-14 17:00:00,4,303.87240834821426,303.11683541235124
2017-08-14 17:15:00,4,303.8139244116263,303.07395989451066
2017-08-14 17:30:00,4,303.745638791458,303.0219959673738
2017-08-14 17:45:00,4,303.6673123613426,302.96097212841823
2017-08-14 18:00:00,4,303.5791826524998,302.8909046556903
2017-08-14 18:15:00,4,303.48175632581945,302.81194849878176
2017-08-14 18:30:00,4,303.3755516493457,302.7242192033908
2017-08-14 18:45:00,4,303.26017983255275,302.6272840412457
2017-08-14 19:00:00,4,303.1349950647528,302.5207614944353
2017-08-14 19:15:00,4,303.00110283030125,302.40555425828154
2017-08-14 19:30:00,4,302.8617419392099,302.2843954336937
2017-08-14 19:45:00,4,302.72062380610436,302.1611228723727
2017-08-14 20:00:00,4,302.580429793657,302.0397897222094
2017-08-14 20:15:00,4,302.4425665692649,301.9236147154681
2017-08-14 20:30:00,4,302.3078445476077,301.80495839433337
2017-08-14 20:45:00,4,302.17746511299833,301.6809225532396
2017-08-14 21:00:00,4,302.0524853292703,301.5543459432638
2017-08-14 21:15:00,4,301.93322338380676,301.42912283035156
2017-08-14 21:30:00,4,301.81961897245185,301.3073621914306
2017-08-14 21:45:00,4,301.71203261992395,301.1895528577321
2017-08-14 22:00:00,4,301.6109862568346,301.07528445630487
2017-08-14 22:15:00,4,301.5166533368245,300.9685125702057
2017-08-14 22:30:00,4,301.4289498529478,300.87345705240546
2017-08-14 22:45:00,4,301.3479444195841,300.78963382462285
2017-08-14 23:00:00,4,301.2737388304971,300.71467811335884
2017-08-14 23:15:00,4,301.20619368962343,300.64689083301295
2017-08-14 23:30:00,4,301.14478545016664,300.58544316084334
2017-08-14 23:45:00,4,301.08839185007537,300.52950076435866
2017-08-15 00:00:00,4,301.03569521144476,300.4778549121313
2017-08-15 00:15:00,4,300.98563345097836,300.42921562067977
2017-08-15 00:30:00,4,300.93738163559044,300.3824919375136
2017-08-15 00:45:00,4,300.8901145177071,300.3367960166717
2017-08-15 01:00:00,4,300.84311780303943,300.2914207718471
2017-08-15 01:15:00,4,300.79592851738846,300.2458562835625
2017-08-15 01:30:00,4,300.748219295029,300.1997158380473
2017-08-15 01:45:00,4,300.6995287901308,300.1525478120543
2017-08-15 02:00:00,4,300.6493467172091,300.10380699981914
2017-08-15 02:15:00,4,300.5973546143844,300.05307310072635
2017-08-15 02:30:00,4,300.5437123954971,300.00044306113773
2017-08-15 02:45:00,4,300.48936253235865,299.9467828476895
2017-08-15 03:00:00,4,300.4355029411558,299.89340056863193
2017-08-15 03:15:00,4,300.38302876789515,299.84145604318627
2017-08-15 03:30:00,4,300.3325366557197,299.79173119370824
2017-08-15 03:45:00,4,300.2846708600279,299.74484982825254
2017-08-15 04:00:00,4,300.24009975430386,299.7014447897149
2017-08-15 04:15:00,4,300.19926765524485,299.66216750087966
2017-08-15 04:30:00,4,300.1622165117092,299.62713883298125
2017-08-15 04:45:00,4,300.1283925653433,299.59581437506273
2017-08-15 05:00:00,4,300.09696616979426,299.56729188670954
2017-08-15 05:15:00,4,300.0672258291072,299.5406361189987
2017-08-15 05:30:00,4,300.0385658183854,299.515131406833
2017-08-15 05:45:00,4,300.0137137798279,299.49365654494363
2017-08-15 06:00:00,4,300.0067175541549,299.48637160498487
2017-08-15 06:15:00,4,300.0326574060986,299.5042306496461
2017-08-15 06:30:00,4,300.096724610182,299.5484574421262
2017-08-15 06:45:00,4,300.19751900705177,299.61555457673586
2017-08-15 07:00:00,4,300.33070240809434,299.717750607005
2017-08-15 07:15:00,4,300.48865377559315,299.8533500454086
2017-08-15 07:30:00,4,300.6640754397628,300.0118788502803
2017-08-15 07:45:00,4,300.8543055200607,300.18625179840797
2017-08-15 08:00:00,4,301.0584354670686,300.37577027551026
2017-08-15 08:15:00,4,301.2745442420226,300.59025343262863
2017-08-15 08:30:00,4,301.4997462436798,300.813857859282
2017-08-15 08:45:00,4,301.72872637081747,301.0323386225715
2017-08-15 09:00:00,4,301.95472109786243,301.2357354525242
2017-08-15 09:15:00,4,302.1714514930451,301.4257225319882
2017-08-15 09:30:00,4,302.37495923643655,301.6034525782274
2017-08-15 09:45:00,4,302.56488743408005,301.7674688930755
2017-08-15 10:00:00,4,302.74242038878026,301.92040159071416
2017-08-15 10:15:00,4,302.9082226407998,302.0647173510141
2017-08-15 10:30:00,4,303.06191039321664,302.2000670899606
2017-08-15 10:45:00,4,303.2015925700091,302.32399622292183
2017-08-15 11:00:00,4,303.3249976619008,302.4337089325634
2017-08-15 11:15:00,4,303.4304124324214,302.5272670294868
2017-08-15 11:30:00,4,303.5170680650551,302.6038831956129
2017-08-15 11:45:00,4,303.58522744175553,302.66402645445305
2017-08-15 12:00:00,4,303.6356842607339,302.7093224340275
2017-08-15 12:15:00,4,303.66932711019246,302.74108648745334
2017-08-15 12:30:00,4,303.6884808183164,302.76174512724236
2017-08-15 12:45:00,4,303.69908081747633,302.7761559537612
2017-08-15 13:00:00,4,303.7073156798033,302.7895713607861
2017-08-15 13:15:00,4,303.7165558857484,302.8051148949164
2017-08-15 13:30:00,4,303.72759277131433,302.8231835111956
2017-08-15 13:45:00,4,303.7393639719961,302.8422948836599
2017-08-15 14:00:00,4,303.75011203269,302.8603717735882
2017-08-15 14:15:00,4,303.75816912434516,302.87554184537476
2017-08-15 14:30:00,4,303.7622380615464,302.886522547529
2017-08-15 14:45:00,4,303.76150826125803,302.89275906379413
2017-08-15 15:00:00,4,303.75544175204317,302.89405295998887
2017-08-15 15:15:00,4,303.7434052950125,302.89010217631835
2017-08-15 15:30:00,4,303.7246568746972,302.88034059120025
2017-08-15 15:45:00,4,303.698452812493,302.86414857487927
2017-08-15 16:00:00,4,303.66453875131054,302.84116083552954
2017-08-15 16:15:00,4,303.62274025968884,302.811259442027
2017-08-15 16:30:00,4,303.57285015284464,302.7742293243449
2017-08-15 16:45:00,4,303.515055982502,302.7302302090949
2017-08-15 17:00:00,4,303.45015441284545,302.6798988441636
2017-08-15 17:15:00,4,303.3787150774639,302.6239311170923
2017-08-15 17:30:00,4,303.30122795701755,302.56286512991755
2017-08-15 17:45:00,4,303.21827801811975,302.497098636163
2017-08-15 18:00:00,4,303.1302448309848,302.4267454707285
2017-08-15 18:15:00,4,303.03678283315145,302.35184763886986
2017-08-15 18:30:00,4,302.9371143413816,302.2722017813576
2017-08-15 18:45:00,4,302.83067900208056,302.1873486466599
2017-08-15 19:00:00,4,302.7171611748102,302.09702274644064
2017-08-15 19:15:00,4,302.59718595195204,302.0022636836148
2017-08-15 19:30:00,4,302.4739450157484,301.90603332968675
2017-08-15 19:45:00,4,302.35161469919535,301.80932188772096
2017-08-15 20:00:00,4,302.233219552048,301.70917667195323
2017-08-15 20:15:00,4,302.12031468058217,301.6056054362245
2017-08-15 20:30:00,4,302.01335324531146,301.50175253270714
2017-08-15 20:45:00,4,301.9119809811927,301.4002590335071
2017-08-15 21:00:00,4,301.8154993007994,301.3018512683834
2017-08-15 21:15:00,4,301.723219391366,301.2058950977946
2017-08-15 21:30:00,4,301.6346032946456,301.11128619515597
2017-08-15 21:45:00,4,301.5493576304779,301.0176345591269
2017-08-15 22:00:00,4,301.46728165435553,300.93027721465995
2017-08-15 22:15:00,4,301.38813071678834,300.8500975428743
2017-08-15 22:30:00,4,301.3116458222104,300.7750561132208
2017-08-15 22:45:00,4,301.2376522617375,300.7031431622837
2017-08-15 23:00:00,4,301.16602153609733,300.6334900433458
2017-08-15 23:15:00,4,301.0965992832089,300.565977200374
2017-08-15 23:30:00,4,301.02920653117326,300.500597478739
2017-08-15 23:45:00,4,300.9636739151042,300.4372251873083
2017-08-16 00:00:00,4,300.8998396055678,300.37566352662407
2017-08-16 00:15:00,4,300.8375399869472,300.3157298805911
2017-08-16 00:30:00,4,300.77671799150556,300.2573679524295
2017-08-16 00:45:00,4,300.71766160180664,300.2007729491793
2017-08-16 01:00:00,4,300.6607653998887,300.14628506053555
2017-08-16 01:15:00,4,300.60624051995256,300.0941445000434
2017-08-16 01:30:00,4,300.55400903967495,300.04430067934214
2017-08-16 01:45:00,4,300.503576716824,299.9963368369645
2017-08-16 02:00:00,4,300.4543072717267,299.9496530948646
2017-08-16 02:15:00,4,300.4057092184622,299.90373267125995
2017-08-16 02:30:00,4,300.3574507032224,299.85821831825166
2017-08-16 02:45:00,4,300.3092627300147,299.812839095856
2017-08-16 03:00:00,4,300.260922317794,299.7673484149187
2017-08-16 03:15:00,4,300.2122780580786,299.7215357682641
2017-08-16 03:30:00,4,300.16330004818775,299.67532298194203
2017-08-16 03:45:00,4,300.1141696720526,299.6288044681292
2017-08-16 04:00:00,4,300.06510945794946,299.58212736055964
2017-08-16 04:15:00,4,300.016249815199,299.53537447126246
2017-08-16 04:30:00,4,299.968020001761,299.4889475512026
2017-08-16 04:45:00,4,299.9221023486416,299.4442626067111
2017-08-16 05:00:00,4,299.8806944957775,299.40359306855794
2017-08-16 05:15:00,4,299.8452364580588,299.3686806319553
2017-08-16 05:30:00,4,299.8159416217997,299.33990636887074
2017-08-16 05:45:00,4,299.7945321828931,299.3191234336493
2017-08-16 06:00:00,4,299.7914113381434,299.31330657454356
2017-08-16 06:15:00,4,299.8183677252391,299.33107758950706
2017-08-16 06:30:00,4,299.8809871453972,299.37599882618196
2017-08-16 06:45:00,4,299.9794308666484,299.4419934283894
2017-08-16 07:00:00,4,300.1110265005282,299.5342009368446
2017-08-16 07:15:00,4,300.2706015424786,299.65939532540676
2017-08-16 07:30:00,4,300.45179714076755,299.8121859018402
2017-08-16 07:45:00,4,300.64779687968894,299.98234659889016
2017-08-16 08:00:00,4,300.8524014361655,300.16231942346485
2017-08-16 08:15:00,4,301.05941476514766,300.3489680741068
2017-08-16 08:30:00,4,301.2640530437481,300.5465435542619
2017-08-16 08:45:00,4,301.4646877264093,300.74179315068506
2017-08-16 09:00:00,4,301.6611134803788,300.9242866892523
2017-08-16 09:15:00,4,301.8522368687792,301.09559743983954
2017-08-16 09:30:00,4,302.0367476010462,301.2588990507181
2017-08-16 09:45:00,4,302.2147147523473,301.41532649340786
2017-08-16 10:00:00,4,302.3866368380464,301.5636158359657
2017-08-16 10:15:00,4,302.55218679587813,301.70600725634023
2017-08-16 10:30:00,4,302.70979562074746,301.8435123947934
2017-08-16 10:45:00,4,302.85583636317097,301.97325021079456
2017-08-16 11:00:00,4,302.98642537832023,302.0907335423754
2017-08-16 11:15:00,4,303.09890112741397,302.19250103257855
2017-08-16 11:30:00,4,303.1922472671938,302.2774767308206
2017-08-16 11:45:00,4,303.2681568040576,302.3472236284896
2017-08-16 12:00:00,4,303.3293797297726,302.4044851260289
2017-08-16 12:15:00,4,303.37787498733513,302.4514377288587
2017-08-16 12:30:00,4,303.4157426316018,302.4915532054073
2017-08-16 12:45:00,4,303.44704368342013,302.52819391553544
2017-08-16 13:00:00,4,303.4757075365309,302.56400487805746
2017-08-16 13:15:00,4,303.50366175063857,302.60024890004
2017-08-16 13:30:00,4,303.5312155987161,302.6367740376712
2017-08-16 13:45:00,4,303.5577027217235,302.6725429362247
2017-08-16 14:00:00,4,303.58194337485133,302.7062055293273
2017-08-16 14:15:00,4,303.60264003990017,302.73649440827256
2017-08-16 14:30:00,4,303.6186064824986,302.76228046403446
2017-08-16 14:45:00,4,303.6286645623626,302.7823728222813
2017-08-16 15:00:00,4,303.6318498452832,302.795572312837
2017-08-16 15:15:00,4,303.62736998577606,302.8009765948048
2017-08-16 15:30:00,4,303.61462814477545,302.798144024552
2017-08-16 15:45:00,4,303.5931534793604,302.78688104961236
2017-08-16 16:00:00,4,303.56234920783425,302.76699445662615
2017-08-16 16:15:00,4,303.52187099031426,302.7383552016556
2017-08-16 16:30:00,4,303.47178745559506,302.70104903672325
2017-08-16 16:45:00,4,303.4125901870895,302.6555666205173
2017-08-16 17:00:00,4,303.34548020083946,302.60293283299967
2017-08-16 17:15:00,4,303.27177399394685,302.54437755565885
2017-08-16 17:30:00,4,303.1922187350298,302.4807960085052
2017-08-16 17:45:00,4,303.10709536703075,302.412614808839
2017-08-16 18:00:00,4,303.0166854222691,302.33991588429
2017-08-16 18:15:00,4,302.92060909521297,302.263001480814
2017-08-16 18:30:00,4,302.81794201286505,302.1814350674426
2017-08-16 18:45:00,4,302.70749136202556,302.09411051666393
2017-08-16 19:00:00,4,302.58833178893906,302.00019252658694
2017-08-16 19:15:00,4,302.46131739948385,301.9012964830076
2017-08-16 19:30:00,4,302.32993936558404,301.7983649478302
2017-08-16 19:45:00,4,302.1977565023867,301.6913799651345
2017-08-16 20:00:00,4,302.06676848399417,301.5777954892755
2017-08-16 20:15:00,4,301.9378059216982,301.4572678371718
2017-08-16 20:30:00,4,301.8113682594937,301.33245928530727
2017-08-16 20:45:00,4,301.68860782323196,301.20664682046635
2017-08-16 21:00:00,4,301.57083698121534,301.0821386396375
2017-08-16 21:15:00,4,301.45879817930637,300.95961474372166
2017-08-16 21:30:00,4,301.3527567531131,300.84302728153705
2017-08-16 21:45:00,4,301.2529548065143,300.7376956312639
2017-08-16 22:00:00,4,301.15955462728897,300.64345377010676
2017-08-16 22:15:00,4,301.0724548790026,300.55755686024935
2017-08-16 22:30:00,4,300.9913186397729,300.47784462106245
2017-08-16 22:45:00,4,300.91565404612396,300.4034543101012
2017-08-16 23:00:00,4,300.84491190479514,300.33413901306443
2017-08-16 23:15:00,4,300.77852928849063,300.26959430624197
2017-08-16 23:30:00,4,300.7158278431384,300.2091642197379
2017-08-16 23:45:00,4,300.65576547067076,300.15178067414195
2017-08-17 00:00:00,4,300.59722342508724,300.0962036946462
2017-08-17 00:15:00,4,300.53935898954074,300.04137612656916
2017-08-17 00:30:00,4,300.4815884434238,299.9865509701827
2017-08-17 00:45:00,4,300.42338649284216,299.93115074678434
2017-08-17 01:00:00,4,300.3642820929522,299.87464304895167
2017-08-17 01:15:00,4,300.30396285908415,299.8165850097933
2017-08-17 01:30:00,4,300.2424566130446,299.7569063891186
2017-08-17 01:45:00,4,300.18041701907686,299.69623994988314
2017-08-17 02:00:00,4,300.11881065660043,299.6357715702775
2017-08-17 02:15:00,4,300.0584465726706,299.576709092021
2017-08-17 02:30:00,4,300.00016193158643,299.52012996441874
2017-08-17 02:45:00,4,299.9456562188236,299.46728095581915
2017-08-17 03:00:00,4,299.896862583176,299.4194876243291
2017-08-17 03:15:00,4,299.8550240491293,299.37770637210986
2017-08-17 03:30:00,4,299.82033887519844,299.3421613827686
2017-08-17 03:45:00,4,299.7915376100309,299.3118480459469
2017-08-17 04:00:00,4,299.76671899739375,299.2850578428053
2017-08-17 04:15:00,4,299.74436348780847,299.2602753248095
2017-08-17 04:30:00,4,299.72362321460844,299.23668695263916
2017-08-17 04:45:00,4,299.7043334203678,299.21416578811846
2017-08-17 05:00:00,4,299.68666473988407,299.1929766776674
2017-08-17 05:15:00,4,299.670782626931,299.17344905952694
2017-08-17 05:30:00,4,299.65665073683454,299.15577817608226
2017-08-17 05:45:00,4,299.6475240862751,299.1438123570726
2017-08-17 06:00:00,4,299.6581942582752,299.1484914623764
2017-08-17 06:15:00,4,299.70329439670405,299.18031871024573
2017-08-17 06:30:00,4,299.7861646421555,299.23983512574085
2017-08-17 06:45:00,4,299.90461146930915,299.31736109123375
2017-08-17 07:00:00,4,300.05557091880144,299.4286516944846
2017-08-17 07:15:00,4,300.2337698644075,299.57542497320935
2017-08-17 07:30:00,4,300.43215187738156,299.74768704466305
2017-08-17 07:45:00,4,300.6439617232623,299.93527586128204
2017-08-17 08:00:00,4,300.86377210649323,300.13360276969047
2017-08-17 08:15:00,4,301.0870731096603,300.34973137095824
2017-08-17 08:30:00,4,301.3107597596494,300.56806051749584
2017-08-17 08:45:00,4,301.53292765649553,300.77702494737144
2017-08-17 09:00:00,4,301.75156415251837,300.9719774100864
2017-08-17 09:15:00,4,301.963772957033,301.1575881781189
2017-08-17 09:30:00,4,302.1669023870398,301.33606662618365
2017-08-17 09:45:00,4,302.360019738419,301.5060385757822
2017-08-17 10:00:00,4,302.5429093669112,301.6641441936301
2017-08-17 10:15:00,4,302.7145269538563,301.81367900941024
2017-08-17 10:30:00,4,302.8742129148696,301.9556620738658
2017-08-17 10:45:00,4,303.0225873431976,302.089722510339
2017-08-17 11:00:00,4,303.1604746027245,302.21534900267187
2017-08-17 11:15:00,4,303.2878582343977,302.3319148380771
2017-08-17 11:30:00,4,303.40352833839734,302.43832585299657
2017-08-17 11:45:00,4,303.50435500437436,302.53256346901475
2017-08-17 12:00:00,4,303.5869849317148,302.61212961604883
2017-08-17 12:15:00,4,303.64964551579754,302.6756617293228
2017-08-17 12:30:00,4,303.69332710925266,302.72486251428853
2017-08-17 12:45:00,4,303.7226571522879,302.7633226857397
2017-08-17 13:00:00,4,303.7427826699076,302.7946823834166
2017-08-17 13:15:00,4,303.7568542177805,302.82099122775446
2017-08-17 13:30:00,4,303.76630646755996,302.8426787693853
2017-08-17 13:45:00,4,303.7717887264056,302.85963815428954
2017-08-17 14:00:00,4,303.77354761112036,302.87189100661175
2017-08-17 14:15:00,4,303.7713969779341,302.87950297534826
2017-08-17 14:30:00,4,303.7648950397957,302.8823918257094
2017-08-17 14:45:00,4,303.75360660615485,302.8803816359181
2017-08-17 15:00:00,4,303.7371357169316,302.8733314678371
2017-08-17 15:15:00,4,303.7149301672069,302.8610776016548
2017-08-17 15:30:00,4,303.68659158490124,302.8434913921922
2017-08-17 15:45:00,4,303.6523897577129,302.82066650646664
2017-08-17 16:00:00,4,303.6125726090326,302.7927940802166
2017-08-17 16:15:00,4,303.5670688110018,302.75998627838067
2017-08-17 16:30:00,4,303.5154940057654,302.7220369418933
2017-08-17 16:45:00,4,303.45698571439766,302.6783021515119
2017-08-17 17:00:00,4,303.3911075822226,302.6282803322878
2017-08-17 17:15:00,4,303.3185535116484,302.5721898052892
2017-08-17 17:30:00,4,303.24025593803725,302.51069503493943
2017-08-17 17:45:00,4,303.1565870886409,302.4442276900754
2017-08-17 18:00:00,4,303.0673360314862,302.3729827321075
2017-08-17 18:15:00,4,302.9713654311344,302.2966785306141
2017-08-17 18:30:00,4,302.86721215790175,302.2142028301758
2017-08-17 18:45:00,4,302.75346570690175,302.12416061572367
2017-08-17 19:00:00,4,302.6293400112594,302.02582772664863
2017-08-17 19:15:00,4,302.4955236557814,301.92168818055916
2017-08-17 19:30:00,4,302.35564903140147,301.81106612980506
2017-08-17 19:45:00,4,302.2144818921451,301.69671433226756
2017-08-17 20:00:00,4,302.0754752172285,301.57550599973024
2017-08-17 20:15:00,4,301.9404085182629,301.4480951142317
2017-08-17 20:30:00,4,301.81020395325777,301.31841994961525
2017-08-17 20:45:00,4,301.68610144162017,301.1904453729349
2017-08-17 21:00:00,4,301.56935606634244,301.0666492076657
2017-08-17 21:15:00,4,301.46059698133587,300.9478545800963
2017-08-17 21:30:00,4,301.35973341535697,300.83511410331676
2017-08-17 21:45:00,4,301.26594260427225,300.7342808289904
2017-08-17 22:00:00,4,301.17810928297683,300.64496423105953
2017-08-17 22:15:00,4,301.0952465598215,300.56343777976684
2017-08-17 22:30:00,4,301.01661521729545,300.4866678224606
2017-08-17 22:45:00,4,300.94176576908205,300.4134876604352
2017-08-17 23:00:00,4,300.8704080296346,300.34379512311193
2017-08-17 23:15:00,4,300.8022586868301,300.2775784792846
2017-08-17 23:30:00,4,300.73687043517845,300.2144351842804
2017-08-17 23:45:00,4,300.673348533884,300.15348882679615
2017-08-18 00:00:00,4,300.6106807186134,300.0936755412964
2017-08-18 00:15:00,4,300.54813383071627,300.0341285350032
2017-08-18 00:30:00,4,300.48556438309305,299.9746059728057
2017-08-18 00:45:00,4,300.4239503695415,299.91577651094946
2017-08-18 01:00:00,4,300.36465210494924,299.8588197359963
2017-08-18 01:15:00,4,300.30857436391693,299.80471809451217
2017-08-18 01:30:00,4,300.2561236576095,299.75389868053537
2017-08-18 01:45:00,4,300.2074744280941,299.7063336799701
2017-08-18 02:00:00,4,300.16271018001595,299.66182727545777
2017-08-18 02:15:00,4,300.1218429471923,299.62021500937743
2017-08-18 02:30:00,4,300.08455747119217,299.5812258320366
2017-08-18 02:45:00,4,300.04952055452117,299.54412251139456
2017-08-18 03:00:00,4,300.01491886327915,299.50774637084413
2017-08-18 03:15:00,4,299.97932007299937,299.47094501244237
2017-08-18 03:30:00,4,299.9422188041879,299.43324079674784
2017-08-18 03:45:00,4,299.9048514617818,299.3954211871555
2017-08-18 04:00:00,4,299.8692634495889,299.35927421706873
2017-08-18 04:15:00,4,299.8369872621579,299.32634095097205
2017-08-18 04:30:00,4,299.8086340365981,299.29721558981953
2017-08-18 04:45:00,4,299.7838118865653,299.2715159350092
2017-08-18 05:00:00,4,299.7617038319485,299.24835434248666
2017-08-18 05:15:00,4,299.7416434108706,299.2268657908063
2017-08-18 05:30:00,4,299.7233132135961,299.206703305413
2017-08-18 05:45:00,4,299.7118467894435,299.19358524688937
2017-08-18 06:00:00,4,299.72609914127094,299.20113857735856
2017-08-18 06:15:00,4,299.77758484746636,299.2375998775631
2017-08-18 06:30:00,4,299.86187819202263,299.29728700718397
2017-08-18 06:45:00,4,299.97077989895143,299.37161039437837
2017-08-18 07:00:00,4,300.09980556939666,299.4685162086627
2017-08-18 07:15:00,4,300.2505230658509,299.5917997023445
2017-08-18 07:30:00,4,300.42682648122764,299.74174298931587
2017-08-18 07:45:00,4,300.6296814985426,299.91783325062624
2017-08-18 08:00:00,4,300.85584588403464,300.11847123348474
2017-08-18 08:15:00,4,301.0972719110808,300.3489903260118
2017-08-18 08:30:00,4,301.3449466983951,300.58495155608244
2017-08-18 08:45:00,4,301.5902193175915,300.8058577147461
2017-08-18 09:00:00,4,301.824485689223,301.0083917948821
2017-08-18 09:15:00,4,302.0402145908658,301.19309110931437
2017-08-18 09:30:00,4,302.23353855352474,301.3597175089703
2017-08-18 09:45:00,4,302.40570229288,301.5084877426056
2017-08-18 10:00:00,4,302.5599694702004,301.6404255045059
2017-08-18 10:15:00,4,302.6986003371534,301.75746297439724
2017-08-18 10:30:00,4,302.8233660748618,301.86472932178634
2017-08-18 10:45:00,4,302.9375786135423,301.9659099940519
2017-08-18 11:00:00,4,303.04465361057487,302.06329149331776
2017-08-18 11:15:00,4,303.1462077222625,302.1578493735437
2017-08-18 11:30:00,4,303.2416120316621,302.24860976161165
2017-08-18 11:45:00,4,303.32728930402527,302.3322807859864
2017-08-18 12:00:00,4,303.3989462680837,302.40469490499623
2017-08-18 12:15:00,4,303.45384487198163,302.4628682778309
2017-08-18 12:30:00,4,303.492279598062,302.5068069044721
2017-08-18 12:45:00,4,303.5189022594866,302.5405300608255
2017-08-18 13:00:00,4,303.5391571453556,302.5691688994355
2017-08-18 13:15:00,4,303.556242469336,302.59566680920045
2017-08-18 13:30:00,4,303.57110766647975,302.6203478024025
2017-08-18 13:45:00,4,303.58293805475506,302.6418499584611
2017-08-18 14:00:00,4,303.5902573372933,302.6583567914553
2017-08-18 14:15:00,4,303.59171188180113,302.66841696334694
2017-08-18 14:30:00,4,303.5863130406702,302.67117352246527
2017-08-18 14:45:00,4,303.5734159523671,302.66624456218426
2017-08-18 15:00:00,4,303.55262204530084,302.6534930219255
2017-08-18 15:15:00,4,303.52357083559724,302.6328318154975
2017-08-18 15:30:00,4,303.4862564603841,302.60446366812096
2017-08-18 15:45:00,4,303.44172596049697,302.56931183467873
2017-08-18 16:00:00,4,303.3911669022155,302.528615823621
2017-08-18 16:15:00,4,303.3347608634074,302.4831536120437
2017-08-18 16:30:00,4,303.2722538800457,302.4329934603264
2017-08-18 16:45:00,4,303.2033313213153,302.37781624048523
2017-08-18 17:00:00,4,303.1283572598913,302.31756569267424
2017-08-18 17:15:00,4,303.04818143366055,302.2526905839188
2017-08-18 17:30:00,4,302.96324909355656,302.18377050339626
2017-08-18 17:45:00,4,302.87391068188845,302.1119380082616
2017-08-18 18:00:00,4,302.7802896084127,302.0376689011239
2017-08-18 18:15:00,4,302.6813878788408,301.9605793256585
2017-08-18 18:30:00,4,302.57559990376524,301.8800396921968
2017-08-18 18:45:00,4,302.4610854056328,301.79396624367456
2017-08-18 19:00:00,4,302.3365069311679,301.6990084716823
2017-08-18 19:15:00,4,302.202008856312,301.5935904378698
2017-08-18 19:30:00,4,302.06103123954585,301.48070831613114
2017-08-18 19:45:00,4,301.9189556819886,301.35886064715123
2017-08-18 20:00:00,4,301.78020058397783,301.22937269494395
2017-08-18 20:15:00,4,301.64727355412526,301.09741075144603
2017-08-18 20:30:00,4,301.521203187202,300.96752411662976
2017-08-18 20:45:00,4,301.4021490897607,300.84136133601794
2017-08-18 21:00:00,4,301.28981964515805,300.7195010528743
2017-08-18 21:15:00,4,301.1837170189722,300.608799773423
2017-08-18 21:30:00,4,301.08340717592006,300.5095181453978
2017-08-18 21:45:00,4,300.988902833056,300.41859667350917
2017-08-18 22:00:00,4,300.9003980897701,300.33381283921085
2017-08-18 22:15:00,4,300.81788373506487,300.254606756869
2017-08-18 22:30:00,4,300.7409100379959,300.18084599856047
2017-08-18 22:45:00,4,300.66822794128154,300.1116857701233
2017-08-18 23:00:00,4,300.5983318923404,300.0456457137596
2017-08-18 23:15:00,4,300.53007508642776,299.9813195858794
2017-08-18 23:30:00,4,300.4629400314356,299.91802902351617
2017-08-18 23:45:00,4,300.3973731440298,299.8560747799185
2017-08-19 00:00:00,4,300.3341842692545,299.7962917729136
2017-08-19 00:15:00,4,300.2738960743114,299.7393774406104
2017-08-19 00:30:00,4,300.21649910748863,299.68540160918457
2017-08-19 00:45:00,4,300.16117973298446,299.63364392393703
2017-08-19 01:00:00,4,300.1068313667901,299.58297319914914
2017-08-19 01:15:00,4,300.0526134460047,299.53239499175197
2017-08-19 01:30:00,4,299.9980532660769,299.48134645573896
2017-08-19 01:45:00,4,299.9430286522134,299.42969371095677
2017-08-19 02:00:00,4,299.8876000957785,299.37753394735637
2017-08-19 02:15:00,4,299.8318481054625,299.3249945447777
2017-08-19 02:30:00,4,299.77587121845147,299.27218691138046
2017-08-19 02:45:00,4,299.7198686678086,299.21922224124853
2017-08-19 03:00:00,4,299.6640179260037,299.1661562523289
2017-08-19 03:15:00,4,299.6084236646425,299.11299922784957
2017-08-19 03:30:00,4,299.5534256093307,299.0600104649085
2017-08-19 03:45:00,4,299.5000501484328,299.0080175891237
2017-08-19 04:00:00,4,299.44954379234866,298.9582018969382
2017-08-19 04:15:00,4,299.4027930968179,298.9115774100154
2017-08-19 04:30:00,4,299.3603461621209,298.868786277081
2017-08-19 04:45:00,4,299.3227999777332,298.8304111230643
2017-08-19 05:00:00,4,299.2907159412024,298.7968140728218
2017-08-19 05:15:00,4,299.264366391166,298.7681453314451
2017-08-19 05:30:00,4,299.24365350488387,298.74447367288116
2017-08-19 05:45:00,4,299.23343517289965,298.73162857609486
2017-08-19 06:00:00,4,299.2537861675053,298.74447306670345
2017-08-19 06:15:00,4,299.3203187892706,298.7936859633464
2017-08-19 06:30:00,4,299.4335236427528,298.8740488275723
2017-08-19 06:45:00,4,299.5873781891635,298.9811056051008
2017-08-19 07:00:00,4,299.77422645840056,299.12576527342117
2017-08-19 07:15:00,4,299.98344972075574,299.3024045350133
2017-08-19 07:30:00,4,300.2049792854193,299.4964406198999
2017-08-19 07:45:00,4,300.4332598316216,299.69817699981724
2017-08-19 08:00:00,4,300.66589833617735,299.90629971903996
2017-08-19 08:15:00,4,300.9012364372593,300.1301704348842
2017-08-19 08:30:00,4,301.137007186843,300.3544092684549
2017-08-19 08:45:00,4,301.367591256437,300.5651114054561
2017-08-19 09:00:00,4,301.58612900157175,300.75422998295255
2017-08-19 09:15:00,4,301.7871919364363,300.9252924713168
2017-08-19 09:30:00,4,301.96868933482756,301.0813629633967
2017-08-19 09:45:00,4,302.13383223900587,301.2246078551762
2017-08-19 10:00:00,4,302.2875727833263,301.3572284013669
2017-08-19 10:15:00,4,302.43294036018443,301.4804733877714
2017-08-19 10:30:00,4,302.5713859376064,301.6003219600448
2017-08-19 10:45:00,4,302.7046112367439,301.7195675991054
2017-08-19 11:00:00,4,302.8341062205286,301.8383644047614
2017-08-19 11:15:00,4,302.96010411139315,301.9557295089444
2017-08-19 11:30:00,4,303.0807535677268,302.069247484439
2017-08-19 11:45:00,4,303.19034652014886,302.17411229562885
2017-08-19 12:00:00,4,303.28238702494923,302.2646156643612
2017-08-19 12:15:00,4,303.35300226772466,302.3367888238065
2017-08-19 12:30:00,4,303.40250024187486,302.3904807186628
2017-08-19 12:45:00,4,303.4363407009344,302.43129111437014
2017-08-19 13:00:00,4,303.4609972919081,302.4651294006688
2017-08-19 13:15:00,4,303.480496192278,302.49536391310863
2017-08-19 13:30:00,4,303.496480123861,302.52274718180075
2017-08-19 13:45:00,4,303.5090837646848,302.5466264907401
2017-08-19 14:00:00,4,303.51772658867475,302.5660186905252
2017-08-19 14:15:00,4,303.52156389407395,302.580073208804
2017-08-19 14:30:00,4,303.5198289067301,302.5882172321311
2017-08-19 14:45:00,4,303.51212305546323,302.59021133565295
2017-08-19 15:00:00,4,303.4982333847853,302.5860036078802
2017-08-19 15:15:00,4,303.477764030687,302.57547373623555
2017-08-19 15:30:00,4,303.45013969687307,302.5582741508338
2017-08-19 15:45:00,4,303.4146075150188,302.5338188310773
2017-08-19 16:00:00,4,303.37031882548183,302.5013489920786
2017-08-19 16:15:00,4,303.3162518741094,302.4600855496929
2017-08-19 16:30:00,4,303.25198894035634,302.4096326468325
2017-08-19 16:45:00,4,303.17809848016327,302.35037705329313
2017-08-19 17:00:00,4,303.09617722278904,302.28357769864334
2017-08-19 17:15:00,4,303.0080119462212,302.21078091522946
2017-08-19 17:30:00,4,302.91467054653714,302.1334426262505
2017-08-19 17:45:00,4,302.81709219844777,302.0533988339399
2017-08-19 18:00:00,4,302.7158881084182,301.9715067013654
2017-08-19 18:15:00,4,302.61031364719224,301.88745579386904
2017-08-19 18:30:00,4,302.4988649669277,301.80023178081797
2017-08-19 18:45:00,4,302.3798446781694,301.70911396248334
2017-08-19 19:00:00,4,302.2521592171474,301.6114565356741
2017-08-19 19:15:00,4,302.11628409196743,301.5050697569624
2017-08-19 19:30:00,4,301.97562616905265,301.3919613175308
2017-08-19 19:45:00,4,301.8347197315482,301.2733522782164
2017-08-19 20:00:00,4,301.6969053505963,301.1480411827123
2017-08-19 20:15:00,4,301.563956646788,301.01899906862985
2017-08-19 20:30:00,4,301.4366631888139,300.89021883362767
2017-08-19 20:45:00,4,301.31557906091314,300.7641471187812
2017-08-19 21:00:00,4,301.20104786611563,300.6411759717242
2017-08-19 21:15:00,4,301.0930410420996,300.52438019637367
2017-08-19 21:30:00,4,300.9912359003415,300.41872418655936
2017-08-19 21:45:00,4,300.89514429121573,300.32358274920136
2017-08-19 22:00:00,4,300.80421842378973,300.23573163055426
2017-08-19 22:15:00,4,300.7179153331189,300.15270112346
2017-08-19 22:30:00,4,300.63567379923813,300.07346923989496
2017-08-19 22:45:00,4,300.5567962987765,299.99759635582
2017-08-19 23:00:00,4,300.48055047749625,299.9245364333536
2017-08-19 23:15:00,4,300.40632490927203,299.8535931640733
2017-08-19 23:30:00,4,300.3338089724658,299.784313485565
2017-08-19 23:45:00,4,300.2633333764607,299.71684750371344
2017-08-20 00:00:00,4,300.1955023502888,299.651783086198
2017-08-20 00:15:00,4,300.1307095132225,299.5896771521876
2017-08-20 00:30:00,4,300.06897697823445,299.53066034518
2017-08-20 00:45:00,4,300.00983832264683,299.4743385229723
2017-08-20 01:00:00,4,299.95263320516295,299.4200459572649
2017-08-20 01:15:00,4,299.8968221730204,299.36718026869926
2017-08-20 01:30:00,4,299.8421658476623,299.3154889510685
2017-08-20 01:45:00,4,299.788974081347,299.2652185034766
2017-08-20 02:00:00,4,299.7377723843191,299.21689139154455
2017-08-20 02:15:00,4,299.688899458162,299.17092797137485
2017-08-20 02:30:00,4,299.64228273010394,299.12727645065377
2017-08-20 02:45:00,4,299.59711979474736,299.08520899373076
2017-08-20 03:00:00,4,299.5523424297051,299.04363285794216
2017-08-20 03:15:00,4,299.507161610081,299.00161285264693
2017-08-20 03:30:00,4,299.4613278848538,298.9587845171897
2017-08-20 03:45:00,4,299.415474580729,298.9154870688996
2017-08-20 04:00:00,4,299.37060970744074,298.87243420828617
2017-08-20 04:15:00,4,299.3275572748208,298.8303084639559
2017-08-20 04:30:00,4,299.28678347441036,298.7895289710129
2017-08-20 04:45:00,4,299.2480035786863,298.75010205032373
2017-08-20 05:00:00,4,299.21044748245805,298.71170273815557
2017-08-20 05:15:00,4,299.1734060216819,298.67404616876473
2017-08-20 05:30:00,4,299.136455335159,298.6369525941943
2017-08-20 05:45:00,4,299.10405106412304,298.60547048640433
2017-08-20 06:00:00,4,299.0946799133565,298.5937594996268
2017-08-20 06:15:00,4,299.12589732261495,298.61500970719146
2017-08-20 06:30:00,4,299.20272417016383,298.66944869757793
2017-08-20 06:45:00,4,299.3227694145288,298.7469013484534
2017-08-20 07:00:00,4,299.47961151586645,298.8641030291618
2017-08-20 07:15:00,4,299.6620181260994,299.0169731117896
2017-08-20 07:30:00,4,299.85926289691514,299.1899119776826
2017-08-20 07:45:00,4,300.06742088432003,299.37310921901565
2017-08-20 08:00:00,4,300.2867589895024,299.56591321163137
2017-08-20 08:15:00,4,300.5171829510097,299.77149631400164
2017-08-20 08:30:00,4,300.7569796370193,299.9978580658702
2017-08-20 08:45:00,4,301.00229541983475,300.227996880329
2017-08-20 09:00:00,4,301.248497077374,300.44469851906024
2017-08-20 09:15:00,4,301.49085638508893,300.6487429418676
2017-08-20 09:30:00,4,301.72496139495104,300.8429087976329
2017-08-20 09:45:00,4,301.94741597214926,301.0270558715159
2017-08-20 10:00:00,4,302.15546567991527,301.19805702216405
2017-08-20 10:15:00,4,302.34657703156466,301.35694498307606
2017-08-20 10:30:00,4,302.5191826747688,301.5050716220027
2017-08-20 10:45:00,4,302.673716252374,301.6422909603662
2017-08-20 11:00:00,4,302.81151371521383,301.76816491702533
2017-08-20 11:15:00,4,302.9333421171326,301.8824300206192
2017-08-20 11:30:00,4,303.0391387390446,301.98449291309674
2017-08-20 11:45:00,4,303.12784491209004,302.0730075816865
2017-08-20 12:00:00,4,303.1982522235016,302.1463883527512
2017-08-20 12:15:00,4,303.24983873041305,302.2037258672059
2017-08-20 12:30:00,4,303.28421076738664,302.2462476471203
2017-08-20 12:45:00,4,303.3069337635793,302.2794975275544
2017-08-20 13:00:00,4,303.32412921923026,302.3088997447132
2017-08-20 13:15:00,4,303.33938291607865,302.33736511410336
2017-08-20 13:30:00,4,303.353672176428,302.36500259384314
2017-08-20 13:45:00,4,303.36567729295945,302.38994716151035
2017-08-20 14:00:00,4,303.37321619834694,302.40972377257714
2017-08-20 14:15:00,4,303.37443656973943,302.42234943478024
2017-08-20 14:30:00,4,303.3682739986404,302.4268812187831
2017-08-20 14:45:00,4,303.35470577697185,302.4234893401268
2017-08-20 15:00:00,4,303.3341659926894,302.41290139748617
2017-08-20 15:15:00,4,303.3066427168338,302.39558528490926
2017-08-20 15:30:00,4,303.2717064785428,302.3715767229715
2017-08-20 15:45:00,4,303.2294768531565,302.3409531360062
2017-08-20 16:00:00,4,303.1803880837782,302.3039995244261
2017-08-20 16:15:00,4,303.1244799600735,302.26093603670483
2017-08-20 16:30:00,4,303.0614251409724,302.21167986408
2017-08-20 16:45:00,4,302.9909153457204,302.1561158711751
2017-08-20 17:00:00,4,302.9138120910952,302.0947210736693
2017-08-20 17:15:00,4,302.8316062317656,302.02858551682897
2017-08-20 17:30:00,4,302.7453942681611,301.9590332834997
2017-08-20 17:45:00,4,302.6558319371121,301.88722795626364
2017-08-20 18:00:00,4,302.56306669749756,301.8137096472046
2017-08-20 18:15:00,4,302.4661281475015,301.73789621132653
2017-08-20 18:30:00,4,302.3634600880091,301.6584400884091
2017-08-20 18:45:00,4,302.2538023175469,301.5740046393303
2017-08-20 19:00:00,4,302.13659172272077,301.4842813678764
2017-08-20 19:15:00,4,302.01273122598684,301.38982805457806
2017-08-20 19:30:00,4,301.8855032112753,301.2904573361777
2017-08-20 19:45:00,4,301.7582988311641,301.18753819718626
2017-08-20 20:00:00,4,301.63305895644106,301.0794509997596
2017-08-20 20:15:00,4,301.51062576508525,300.96603307486265
2017-08-20 20:30:00,4,301.39161740026475,300.84976666137896
2017-08-20 20:45:00,4,301.27758092803634,300.7340168580381
2017-08-20 21:00:00,4,301.1702911000794,300.6216148047014
2017-08-20 21:15:00,4,301.07076108465407,300.51406700394
2017-08-20 21:30:00,4,300.9790491813168,300.41254934192165
2017-08-20 21:45:00,4,300.89418544433875,300.3222688513621
2017-08-20 22:00:00,4,300.8148030912828,300.24258912024953
2017-08-20 22:15:00,4,300.73974700835464,300.1698457284869
2017-08-20 22:30:00,4,300.66816581399786,300.10102437877595
2017-08-20 22:45:00,4,300.5994079590587,300.03479613400845
2017-08-20 23:00:00,4,300.5329646661091,299.9708164353685
2017-08-20 23:15:00,4,300.46844698317915,299.9089185331835
2017-08-20 23:30:00,4,300.40552182740635,299.84880629174904
2017-08-20 23:45:00,4,300.34380465570274,299.7900449171076
2017-08-21 00:00:00,4,300.2829069721135,299.7321779741417
2017-08-21 00:15:00,4,300.2225219303197,299.67484185632475
2017-08-21 00:30:00,4,300.1624918722882,299.6178420607246
2017-08-21 00:45:00,4,300.1029332719676,299.5612268492826
2017-08-21 01:00:00,4,300.04408641691657,299.5052186329016
2017-08-21 01:15:00,4,299.9861179887589,299.4500413725168
2017-08-21 01:30:00,4,299.9291177022286,299.3958418755424
2017-08-21 01:45:00,4,299.8731779345742,299.3427032915605
2017-08-21 02:00:00,4,299.81832879927254,299.29062499072836
2017-08-21 02:15:00,4,299.76449174124406,299.23949156766486
2017-08-21 02:30:00,4,299.7114319661283,299.18899719770394
2017-08-21 02:45:00,4,299.6586155423362,299.1385820700423
2017-08-21 03:00:00,4,299.6054484812426,299.0875954832143
2017-08-21 03:15:00,4,299.5515651231714,299.0355894730249
2017-08-21 03:30:00,4,299.4970169616291,298.9826243067092
2017-08-21 03:45:00,4,299.4424580460406,298.92938473981883
2017-08-21 04:00:00,4,299.3887398303366,298.87685638107223
2017-08-21 04:15:00,4,299.33649541780903,298.8258687968545
2017-08-21 04:30:00,4,299.2863019334693,298.77710795493
2017-08-21 04:45:00,4,299.23934920398324,298.73155523947486
2017-08-21 05:00:00,4,299.19709728670534,298.6904886698912
2017-08-21 05:15:00,4,299.1605202726126,298.6550722905192
2017-08-21 05:30:00,4,299.1300334888557,298.6258108988251
2017-08-21 05:45:00,4,299.10976836579687,298.6066379640803
2017-08-21 06:00:00,4,299.1146931946281,298.60775370953957
2017-08-21 06:15:00,4,299.1563450512863,298.637710795505
2017-08-21 06:30:00,4,299.2344186443314,298.6949288781887
2017-08-21 06:45:00,4,299.34306715570915,298.76339609437474
2017-08-21 07:00:00,4,299.4771154631863,298.8622247617042
2017-08-21 07:15:00,4,299.63466478800007,298.99337210441104
2017-08-21 07:30:00,4,299.8158000911294,299.15118231794696
2017-08-21 07:45:00,4,300.0193771860435,299.3310747839728
2017-08-21 08:00:00,4,300.24134107978557,299.5296939214813
2017-08-21 08:15:00,4,300.4729457165018,299.7430516087777
2017-08-21 08:30:00,4,300.7058702015315,299.9721815181496
2017-08-21 08:45:00,4,300.938371944663,300.1995687361966
2017-08-21 09:00:00,4,301.17229012090445,300.41551687780714
2017-08-21 09:15:00,4,301.4082387521746,300.6185171685195
2017-08-21 09:30:00,4,301.6439408326393,300.8130762299867
2017-08-21 09:45:00,4,301.87260849053513,301.00081822284227
2017-08-21 10:00:00,4,302.0863089175463,301.1802665554614
2017-08-21 10:15:00,4,302.279183383917,301.3463682705383
2017-08-21 10:30:00,4,302.4489202528017,301.4954618018917
2017-08-21 10:45:00,4,302.59809934088315,301.6283466934888
2017-08-21 11:00:00,4,302.73103892488723,301.74851059743855
2017-08-21 11:15:00,4,302.8505389791414,301.8588121846621
2017-08-21 11:30:00,4,302.9573228823502,301.9597517416167
2017-08-21 11:45:00,4,303.04996274826664,302.0496714942194
2017-08-21 12:00:00,4,303.1263994084178,302.12626225366915
2017-08-21 12:15:00,4,303.1855682386787,302.1881866418578
2017-08-21 12:30:00,4,303.22884140191434,302.23667211501396
2017-08-21 12:45:00,4,303.26001608761806,302.27566021988656
2017-08-21 13:00:00,4,303.282763454135,302.30820833584744
2017-08-21 13:15:00,4,303.2991200571669,302.3354049578256
2017-08-21 13:30:00,4,303.30985218547886,302.3570534537958
2017-08-21 13:45:00,4,303.3151067658619,302.37266096230746
2017-08-21 14:00:00,4,303.3147345911597,302.38187671624763
2017-08-21 14:15:00,4,303.30833260663456,302.3844559643203
2017-08-21 14:30:00,4,303.2955400003557,302.38029380118974
2017-08-21 14:45:00,4,303.2764174149977,302.369590149929
2017-08-21 15:00:00,4,303.2511954354876,302.3527359239281
2017-08-21 15:15:00,4,303.2197485794001,302.3299377425218
2017-08-21 15:30:00,4,303.1816435880069,302.3011547640018
2017-08-21 15:45:00,4,303.13687896337694,302.2664419636943
2017-08-21 16:00:00,4,303.0857107451353,302.2260081313026
2017-08-21 16:15:00,4,303.02798309122295,302.1799206963868
2017-08-21 16:30:00,4,302.96312447437606,302.1278363577563
2017-08-21 16:45:00,4,302.8902502573704,302.0690724336728
2017-08-21 17:00:00,4,302.80890958761086,302.0029307335967
2017-08-21 17:15:00,4,302.7190862731763,301.92962729076976
2017-08-21 17:30:00,4,302.6218538150393,301.8500736850772
2017-08-21 17:45:00,4,302.51934494631183,301.7658067937811
2017-08-21 18:00:00,4,302.4132380451638,301.6787973589193
2017-08-21 18:15:00,4,302.30359379802184,301.5899688963911
2017-08-21 18:30:00,4,302.18985880840285,301.4992126022474
2017-08-21 18:45:00,4,302.0710209551755,301.4061030836758
2017-08-21 19:00:00,4,301.9460531320323,301.3099098683693
2017-08-21 19:15:00,4,301.8161016154313,301.20977530951836
2017-08-21 19:30:00,4,301.6844187285358,301.1077200510395
2017-08-21 19:45:00,4,301.5541581364498,300.9963204088814
2017-08-21 20:00:00,4,301.4272137085175,300.87738541877076
2017-08-21 20:15:00,4,301.30438038040677,300.7560167993634
2017-08-21 20:30:00,4,301.18605773494295,300.6358335820804
2017-08-21 20:45:00,4,301.0731668650456,300.51834681334043
2017-08-21 21:00:00,4,300.96673197119304,300.40373391158397
2017-08-21 21:15:00,4,300.86724321825295,300.2962305619454
2017-08-21 21:30:00,4,300.77458604441574,300.20020121052465
2017-08-21 21:45:00,4,300.68807646464165,300.1146511957497
2017-08-21 22:00:00,4,300.60681646009215,300.0362746363566
2017-08-21 22:15:00,4,300.53000864159395,299.96255747353064
2017-08-21 22:30:00,4,300.45707507897845,299.8924968874922
2017-08-21 22:45:00,4,300.3877478941104,299.82595237661326
2017-08-21 23:00:00,4,300.3218796251878,299.7629056844863
2017-08-21 23:15:00,4,300.25926400984446,299.7031557014656
2017-08-21 23:30:00,4,300.1995620478101,299.6462824555494
2017-08-21 23:45:00,4,300.1422023153333,299.59171405373843
2017-08-22 00:00:00,4,300.08657319544255,299.5388753741826
2017-08-22 00:15:00,4,300.03220987885675,299.4873142256573
2017-08-22 00:30:00,4,299.9787905278919,299.4367265391439
2017-08-22 00:45:00,4,299.9260679023258,299.3868801345709
2017-08-22 01:00:00,4,299.873842027178,299.33756001339685
2017-08-22 01:15:00,4,299.82196467797155,299.28857505787425
2017-08-22 01:30:00,4,299.77045285135796,299.2399238239201
2017-08-22 01:45:00,4,299.71975037619285,299.19197517866587
2017-08-22 02:00:00,4,299.6704481521257,299.14532547264537
2017-08-22 02:15:00,4,299.62294171153354,299.10048365744854
2017-08-22 02:30:00,4,299.5776916814218,299.05786483307963
2017-08-22 02:45:00,4,299.53601471505914,299.0181340447913
2017-08-22 03:00:00,4,299.499552450916,298.98232206611914
2017-08-22 03:15:00,4,299.4694101664167,298.95120609120823
2017-08-22 03:30:00,4,299.4457431136055,298.9249084008082
2017-08-22 03:45:00,4,299.42722120501594,298.9027143302669
2017-08-22 04:00:00,4,299.41183896598534,298.88337636774753
2017-08-22 04:15:00,4,299.3979615114555,298.8655397765844
2017-08-22 04:30:00,4,299.3844523361863,298.84823126393803
2017-08-22 04:45:00,4,299.37030476326817,298.8307195157247
2017-08-22 05:00:00,4,299.3546415956643,298.8123313724566
2017-08-22 05:15:00,4,299.3368785261031,298.7924724875086
2017-08-22 05:30:00,4,299.31691862755065,298.77098361110643
2017-08-22 05:45:00,4,299.2991675715471,298.75242802486423
2017-08-22 06:00:00,4,299.30009008331996,298.7493922497726
2017-08-22 06:15:00,4,299.3365362980765,298.77420930750355
2017-08-22 06:30:00,4,299.4146443469572,298.82721538504995
2017-08-22 06:45:00,4,299.5329650236009,298.90697382848134
2017-08-22 07:00:00,4,299.6857711516195,299.02585126445507
2017-08-22 07:15:00,4,299.86301796749035,299.17904075564206
2017-08-22 07:30:00,4,300.05489369056033,299.352479903326
2017-08-22 07:45:00,4,300.25665805981293,299.5370015847268
2017-08-22 08:00:00,4,300.46658987354755,299.73263202768396
2017-08-22 08:15:00,4,300.6818857925813,299.9433612190887
2017-08-22 08:30:00,4,300.8987018047721,300.15391425916414
2017-08-22 08:45:00,4,301.11287206193407,300.3529130892132
2017-08-22 09:00:00,4,301.3204914972831,300.53450744084347
2017-08-22 09:15:00,4,301.5180204684762,300.7028382918007
2017-08-22 09:30:00,4,301.70334610760574,300.8601203395008
2017-08-22 09:45:00,4,301.8771326933071,301.00736834726496
2017-08-22 10:00:00,4,302.04086940939277,301.14789824527105
2017-08-22 10:15:00,4,302.19539723205475,301.2826898467953
2017-08-22 10:30:00,4,302.3402916894144,301.410372139993
2017-08-22 10:45:00,4,302.47283505379846,301.52796289838614
2017-08-22 11:00:00,4,302.58964487634574,301.6321716438594
2017-08-22 11:15:00,4,302.688292446638,301.7206343742785
2017-08-22 11:30:00,4,302.76799809309665,301.7927829294158
2017-08-22 11:45:00,4,302.83013867990405,301.8500325638031
2017-08-22 12:00:00,4,302.8768776005012,301.89470265818517
2017-08-22 12:15:00,4,302.91009187551697,301.9290296776974
2017-08-22 12:30:00,4,302.93251047557504,301.95549117486775
2017-08-22 12:45:00,4,302.948312042789,301.9767341764473
2017-08-22 13:00:00,4,302.9610251760449,301.9963280740292
2017-08-22 13:15:00,4,302.97226326761336,302.0155687980399
2017-08-22 13:30:00,4,302.9825496431198,302.0342757883905
2017-08-22 13:45:00,4,302.99273327191696,302.0525975280713
2017-08-22 14:00:00,4,303.0037679833982,302.0713946068607
2017-08-22 14:15:00,4,303.0158943766103,302.0913218353562
2017-08-22 14:30:00,4,303.02835085011003,302.11188416104784
2017-08-22 14:45:00,4,303.03892138693084,302.1311012585674
2017-08-22 15:00:00,4,303.04483827315823,302.14623841911373
2017-08-22 15:15:00,4,303.0437066903699,302.1548187109574
2017-08-22 15:30:00,4,303.03377298705783,302.1552131416888
2017-08-22 15:45:00,4,303.0143207340085,302.1467846153884
2017-08-22 16:00:00,4,302.9853203094713,302.1295335159462
2017-08-22 16:15:00,4,302.94664135677,302.1035177105535
2017-08-22 16:30:00,4,302.89788550869383,302.0684696462774
2017-08-22 16:45:00,4,302.83838835516565,302.0238901639038
2017-08-22 17:00:00,4,302.76791421538326,301.9694243815284
2017-08-22 17:15:00,4,302.6866122261319,301.90513151969924
2017-08-22 17:30:00,4,302.59570889696266,301.8320867985328
2017-08-22 17:45:00,4,302.497482478799,301.7522905450676
2017-08-22 18:00:00,4,302.39375306209365,301.66763044409475
2017-08-22 18:15:00,4,302.2847002573544,301.5793795228446
2017-08-22 18:30:00,4,302.16990045027046,301.4876563579621
2017-08-22 18:45:00,4,302.04828511247666,301.39183507939435
2017-08-22 19:00:00,4,301.91854178825145,301.29180781518943
2017-08-22 19:15:00,4,301.7830873184024,301.18726266250377
2017-08-22 19:30:00,4,301.64665653850767,301.0799569234462
2017-08-22 19:45:00,4,301.51320610134655,300.96599983745364
2017-08-22 20:00:00,4,301.38509473277077,300.84672541299386
2017-08-22 20:15:00,4,301.2633207431343,300.7267256193901
2017-08-22 20:30:00,4,301.1480209084051,300.6095791447688
2017-08-22 20:45:00,4,301.0388323764433,300.4963409005843
2017-08-22 21:00:00,4,300.9351558833435,300.38620768225826
2017-08-22 21:15:00,4,300.83633955441536,300.27678424818873
2017-08-22 21:30:00,4,300.7419971182151,300.1763938497355
2017-08-22 21:45:00,4,300.65260186981163,300.0862060830236
2017-08-22 22:00:00,4,300.5689985985715,300.00408883830494
2017-08-22 22:15:00,4,300.49168951775755,299.92847511045534
2017-08-22 22:30:00,4,300.4206422791342,299.85895922166634
2017-08-22 22:45:00,4,300.3552297860023,299.7952870222327
2017-08-22 23:00:00,4,300.2945610777619,299.7367594725681
2017-08-22 23:15:00,4,300.23783038362933,299.68240053067694
2017-08-22 23:30:00,4,300.18431037182586,299.6312532477446
2017-08-22 23:45:00,4,300.13312388537184,299.5824324598209
2017-08-23 00:00:00,4,300.0834173945547,299.53514631172993
2017-08-23 00:15:00,4,300.0345805990367,299.48877503529957
2017-08-23 00:30:00,4,299.9862278676693,299.44290775594703
2017-08-23 00:45:00,4,299.9381009583145,299.39729711551934
2017-08-23 01:00:00,4,299.8900226275386,299.35179173290265
2017-08-23 01:15:00,4,299.84188100331926,299.3062932195479
2017-08-23 01:30:00,4,299.79360831448054,299.2607328793656
2017-08-23 01:45:00,4,299.7451591211445,299.2150532717265
2017-08-23 02:00:00,4,299.6965009146742,299.16920186030126
2017-08-23 02:15:00,4,299.6476102833166,299.12313341119375
2017-08-23 02:30:00,4,299.59838787134953,299.076721580848
2017-08-23 02:45:00,4,299.5484469213991,299.0295872473427
2017-08-23 03:00:00,4,299.4972705317798,298.98113548310306
2017-08-23 03:15:00,4,299.44450951560714,298.93084430889803
2017-08-23 03:30:00,4,299.3902747694749,298.878713354793
2017-08-23 03:45:00,4,299.3354202249052,298.825529627792
2017-08-23 04:00:00,4,299.2810492964677,298.7725300714744
2017-08-23 04:15:00,4,299.22799228148926,298.7208101033569
2017-08-23 04:30:00,4,299.17681700494046,298.67110482418326
2017-08-23 04:45:00,4,299.1281736848767,298.6240118316126
2017-08-23 05:00:00,4,299.0827456924577,298.5801443665524
2017-08-23 05:15:00,4,299.0409874385346,298.540017816236
2017-08-23 05:30:00,4,299.0032996301259,298.5041999242708
2017-08-23 05:45:00,4,298.9747017783982,298.47749923525265
2017-08-23 06:00:00,4,298.97225907961746,298.47194726636167
2017-08-23 06:15:00,4,299.0102732775424,298.4980870579755
2017-08-23 06:30:00,4,299.09042372348785,298.55446472799133
2017-08-23 06:45:00,4,299.2061134481778,298.6289953746471
2017-08-23 07:00:00,4,299.34677203780365,298.73148128330956
2017-08-23 07:15:00,4,299.4967027483801,298.8533275687199
2017-08-23 07:30:00,4,299.6394893408386,298.97502297071543
2017-08-23 07:45:00,4,299.76454365485034,299.0813859739678
2017-08-23 08:00:00,4,299.8716642737592,299.1712990352711
2017-08-23 08:15:00,4,299.9780925000515,299.2585210408743
2017-08-23 08:30:00,4,300.10450814268665,299.36154461951963
2017-08-23 08:45:00,4,300.26250205875317,299.49401543743994
2017-08-23 09:00:00,4,300.454312318086,299.66432038292646
2017-08-23 09:15:00,4,300.67110476851394,299.86977015871133
2017-08-23 09:30:00,4,300.89986038587193,300.08878955530514
2017-08-23 09:45:00,4,301.1301666676668,300.305415131007
2017-08-23 10:00:00,4,301.3545900579952,300.5112920729609
2017-08-23 10:15:00,4,301.5673997893053,300.70340017194184
2017-08-23 10:30:00,4,301.765887958464,300.882049707094
2017-08-23 10:45:00,4,301.9533609835047,301.0508714516669
2017-08-23 11:00:00,4,302.13542098174054,301.21474311441824
2017-08-23 11:15:00,4,302.315161925521,301.37594377777947
2017-08-23 11:30:00,4,302.49132543963225,301.5325525128063
2017-08-23 11:45:00,4,302.65833922363566,301.67984325942217
2017-08-23 12:00:00,4,302.8098889472305,301.81305455955845
2017-08-23 12:15:00,4,302.9417382515298,301.9293676643281
2017-08-23 12:30:00,4,303.0528966589532,302.029360211812
2017-08-23 12:45:00,4,303.1442311185695,302.11615903871024
2017-08-23 13:00:00,4,303.21646460512363,302.19114812038566
2017-08-23 13:15:00,4,303.27017490458627,302.253548796432
2017-08-23 13:30:00,4,303.3069812901845,302.3027028609271
2017-08-23 13:45:00,4,303.3308826459729,302.3402663848378
2017-08-23 14:00:00,4,303.3464093648252,302.3695657841709
2017-08-23 14:15:00,4,303.3564410767985,302.39348350307836
2017-08-23 14:30:00,4,303.3623719380138,302.41358393371434
2017-08-23 14:45:00,4,303.3652076671541,302.430666203889
2017-08-23 15:00:00,4,303.3655400982567,302.4452061616004
2017-08-23 15:15:00,4,303.36316041508644,302.45726185529605
2017-08-23 15:30:00,4,303.35694889601865,302.46599755562806
2017-08-23 15:45:00,4,303.3445062287276,302.4694377714283
2017-08-23 16:00:00,4,303.32350177784144,302.46522115760536
2017-08-23 16:15:00,4,303.29233421563316,302.4514955122235
2017-08-23 16:30:00,4,303.2499959532881,302.4271685516877
2017-08-23 16:45:00,4,303.1956980419693,302.39153390129457
2017-08-23 17:00:00,4,303.12870988902546,302.3440182424907
2017-08-23 17:15:00,4,303.04904839031695,302.28461528669277
2017-08-23 17:30:00,4,302.9583990249961,302.2144903492197
2017-08-23 17:45:00,4,302.85952707359246,302.135906435901
2017-08-23 18:00:00,4,302.75468773952076,302.05111308221086
2017-08-23 18:15:00,4,302.64455993225835,301.96210385015974
2017-08-23 18:30:00,4,302.52891129950314,301.8690465026722
2017-08-23 18:45:00,4,302.40683086059425,301.7707051199782
2017-08-23 19:00:00,4,302.2773278833715,301.6660090079659
2017-08-23 19:15:00,4,302.1430656259314,301.55609648017975
2017-08-23 19:30:00,4,302.00844894750526,301.44405715244466
2017-08-23 19:45:00,4,301.8757735526808,301.3331697760294
2017-08-23 20:00:00,4,301.7454090764452,301.2272990866475
2017-08-23 20:15:00,4,301.61709929888775,301.1194814187978
2017-08-23 20:30:00,4,301.4907541052837,301.00545869938003
2017-08-23 20:45:00,4,301.36715017665836,300.8861286931358
2017-08-23 21:00:00,4,301.2473507149547,300.76492945875907
2017-08-23 21:15:00,4,301.13197972811645,300.64474655422913
2017-08-23 21:30:00,4,301.02128424937416,300.5268565821549
2017-08-23 21:45:00,4,300.91555401236144,300.41139607938305
2017-08-23 22:00:00,4,300.81501891240475,300.2972528254347
2017-08-23 22:15:00,4,300.71963879443786,300.19211853076706
2017-08-23 22:30:00,4,300.6290026579894,300.0976404634707
2017-08-23 22:45:00,4,300.54212065446944,300.0106173102108
2017-08-23 23:00:00,4,300.4578269554954,299.9273860558882
2017-08-23 23:15:00,4,300.3752217218051,299.84593386598374
2017-08-23 23:30:00,4,300.29392743021015,299.7658561724917
2017-08-23 23:45:00,4,300.21445478264434,299.6877224855922
2017-08-24 00:00:00,4,300.13760485169684,299.6123455884318
2017-08-24 00:15:00,4,300.06383902599686,299.5402315616299
2017-08-24 00:30:00,4,299.9931896439618,299.47137133595993
2017-08-24 00:45:00,4,299.9252775370607,299.4052827466289
2017-08-24 01:00:00,4,299.859536787947,299.34124100382985
2017-08-24 01:15:00,4,299.79548452909785,299.2785939100691
2017-08-24 01:30:00,4,299.7328579905454,299.2169711922788
2017-08-24 01:45:00,4,299.6715047138742,299.15626968444457
2017-08-24 02:00:00,4,299.61128216468296,299.09652163029074
2017-08-24 02:15:00,4,299.55207017643147,299.0377737465377
2017-08-24 02:30:00,4,299.49386042250416,298.9801426755439
2017-08-24 02:45:00,4,299.43696438386576,298.9239385699878
2017-08-24 03:00:00,4,299.3818133817976,298.86958108248797
2017-08-24 03:15:00,4,299.32868692922614,298.8173901711332
2017-08-24 03:30:00,4,299.2775774501551,298.7673591954438
2017-08-24 03:45:00,4,299.22800636247143,298.71905243606835
2017-08-24 04:00:00,4,299.1792927384851,298.6718003268508
2017-08-24 04:15:00,4,299.1308898574103,298.6250069656043
2017-08-24 04:30:00,4,299.082547140167,298.57841270200186
2017-08-24 04:45:00,4,299.03449688390515,298.5322080426516
2017-08-24 05:00:00,4,298.98719003768696,298.48683412552907
2017-08-24 05:15:00,4,298.9409690820313,298.4426753913683
2017-08-24 05:30:00,4,298.8960901197112,298.4000639191643
2017-08-24 05:45:00,4,298.85635324028704,298.36317361484356
2017-08-24 06:00:00,4,298.83713096885634,298.3442686948025
2017-08-24 06:15:00,4,298.8566706267702,298.35712689998815
2017-08-24 06:30:00,4,298.9246266946715,298.4056737727805
2017-08-24 06:45:00,4,299.0422667959779,298.4788179799446
2017-08-24 07:00:00,4,299.2050063202617,298.599224173646
2017-08-24 07:15:00,4,299.40161799842616,298.7656557821536
2017-08-24 07:30:00,4,299.6201841552965,298.9594754903245
2017-08-24 07:45:00,4,299.8543692243899,299.16729199054896
2017-08-24 08:00:00,4,300.10160724791444,299.38664134398266
2017-08-24 08:15:00,4,300.35867412918805,299.62067044717344
2017-08-24 08:30:00,4,300.6217251136654,299.8750307389125
2017-08-24 08:45:00,4,300.88759976533055,300.1307564717152
2017-08-24 09:00:00,4,301.153484494521,300.3740597755241
2017-08-24 09:15:00,4,301.41595438013866,300.5979369567544
2017-08-24 09:30:00,4,301.67190656090133,300.80669675802824
2017-08-24 09:45:00,4,301.9184655717219,301.01197274157937
2017-08-24 10:00:00,4,302.1526206298831,301.21487541200713
2017-08-24 10:15:00,4,302.37146734531217,301.41059047116806
2017-08-24 10:30:00,4,302.5732610214233,301.5950465495713
2017-08-24 10:45:00,4,302.75863261003104,301.7674072777184
2017-08-24 11:00:00,4,302.92923799727606,301.928548821708
2017-08-24 11:15:00,4,303.08607441598906,302.0788827278795
2017-08-24 11:30:00,4,303.2291780705711,302.21735987306755
2017-08-24 11:45:00,4,303.3575430705395,302.3447136135527
2017-08-24 12:00:00,4,303.46988151874945,302.46010600785456
2017-08-24 12:15:00,4,303.56557144628266,302.5625110835613
2017-08-24 12:30:00,4,303.6460847392708,302.65283966629715
2017-08-24 12:45:00,4,303.7152649601936,302.7339987375141
2017-08-24 13:00:00,4,303.7768123830962,302.80891898454814
2017-08-24 13:15:00,4,303.8326783615751,302.8790450968659
2017-08-24 13:30:00,4,303.8833543627903,302.94430920684687
2017-08-24 13:45:00,4,303.9283406399621,303.0038454746117
2017-08-24 14:00:00,4,303.96676990493444,303.0566719259341
2017-08-24 14:15:00,4,303.99778895242935,303.1020079053555
2017-08-24 14:30:00,4,304.0207963254275,303.13939202972887
2017-08-24 14:45:00,4,304.0355941530976,303.1687088348605
2017-08-24 15:00:00,4,304.04210674319916,303.1899459743039
2017-08-24 15:15:00,4,304.0398938506668,303.20291251661433
2017-08-24 15:30:00,4,304.0286167199609,303.20733448862586
2017-08-24 15:45:00,4,304.00826809497494,303.2030718729873
2017-08-24 16:00:00,4,303.97889695619057,303.19009510371865
2017-08-24 16:15:00,4,303.9402416259813,303.1682808701871
2017-08-24 16:30:00,4,303.8917515128435,303.137185019718
2017-08-24 16:45:00,4,303.8325821202718,303.09610544249244
2017-08-24 17:00:00,4,303.7623913547781,303.0445614817269
2017-08-24 17:15:00,4,303.6814490411418,302.98275789389885
2017-08-24 17:30:00,4,303.59121462883826,302.91199330328203
2017-08-24 17:45:00,4,303.49417204276955,302.83443511149926
2017-08-24 18:00:00,4,303.3924118754448,302.7520773710817
2017-08-24 18:15:00,4,303.2865351942278,302.665724581252
2017-08-24 18:30:00,4,303.17602217656105,302.57476141495914
2017-08-24 18:45:00,4,303.05944144326486,302.4780554183785
2017-08-24 19:00:00,4,302.93537591931994,302.37429401590055
2017-08-24 19:15:00,4,302.8059589902624,302.2641276696448
2017-08-24 19:30:00,4,302.6752080621783,302.1502201098825
2017-08-24 19:45:00,4,302.54584839840993,302.0355042872917
2017-08-24 20:00:00,4,302.4190366305012,301.9219205947831
2017-08-24 20:15:00,4,302.29506216370885,301.8103731010329
2017-08-24 20:30:00,4,302.17372158543964,301.7013528497778
2017-08-24 20:45:00,4,302.05433475368176,301.5943139889557
2017-08-24 21:00:00,4,301.9360793140927,301.489173488829
2017-08-24 21:15:00,4,301.8183148089071,301.38190228818036
2017-08-24 21:30:00,4,301.70102843038023,301.2691329050066
2017-08-24 21:45:00,4,301.585704808396,301.15179701539876
2017-08-24 22:00:00,4,301.4743293615331,301.03335758840046
2017-08-24 22:15:00,4,301.36818854318085,300.9170141726909
2017-08-24 22:30:00,4,301.2677524975358,300.80434612096957
2017-08-24 22:45:00,4,301.1729061662639,300.6951807163362
2017-08-24 23:00:00,4,301.0832340795416,300.5917242251371
2017-08-24 23:15:00,4,300.9982290179741,300.4978809620225
2017-08-24 23:30:00,4,300.91737005118785,300.41299726276225
2017-08-24 23:45:00,4,300.84011733077847,300.3342255071281
2017-08-25 00:00:00,4,300.7659506232296,300.25930691860754
2017-08-25 00:15:00,4,300.6944183570992,300.18725979874114
2017-08-25 00:30:00,4,300.6251788500109,300.11782188954294
2017-08-25 00:45:00,4,300.55802399468024,300.05082643198887
2017-08-25 01:00:00,4,300.4927179219354,299.9859299132499
2017-08-25 01:15:00,4,300.4289505017678,299.92263323693965
2017-08-25 01:30:00,4,300.3667261569393,299.86074199754836
2017-08-25 01:45:00,4,300.3070686604325,299.80101764566615
2017-08-25 02:00:00,4,300.25149526443363,299.74503967819516
2017-08-25 02:15:00,4,300.20116397877354,299.69438275891093
2017-08-25 02:30:00,4,300.15646531880566,299.6497631964832
2017-08-25 02:45:00,4,300.1166783917133,299.61067196279964
2017-08-25 03:00:00,4,300.08055562174127,299.57579252345505
2017-08-25 03:15:00,4,300.0470230261186,299.54384631008674
2017-08-25 03:30:00,4,300.0152433600489,299.5137674419439
2017-08-25 03:45:00,4,299.9843376240433,299.4846888991121
2017-08-25 04:00:00,4,299.95350156592167,299.45582483986954
2017-08-25 04:15:00,4,299.9222012401541,299.42665978191883
2017-08-25 04:30:00,4,299.89020672019484,299.3969849656104
2017-08-25 04:45:00,4,299.85761557687823,299.3668468676492
2017-08-25 05:00:00,4,299.824643175665,299.3363905944883
2017-08-25 05:15:00,4,299.7914417393586,299.3057196761922
2017-08-25 05:30:00,4,299.7581260239868,299.27492151728967
2017-08-25 05:45:00,4,299.727305125186,299.2466110120247
2017-08-25 06:00:00,4,299.7106022899434,299.22985084580716
2017-08-25 06:15:00,4,299.7241514342026,299.2366306291416
2017-08-25 06:30:00,4,299.77775996669953,299.27115734742705
2017-08-25 06:45:00,4,299.8735535706198,299.33226152221584
2017-08-25 07:00:00,4,300.00907377450267,299.4365511474455
2017-08-25 07:15:00,4,300.1766049088767,299.582422146241
2017-08-25 07:30:00,4,300.36706823593454,299.75675981310565
2017-08-25 07:45:00,4,300.5744145357228,299.94935456451566
2017-08-25 08:00:00,4,300.79435888137823,300.158185425625
2017-08-25 08:15:00,4,301.02154950269744,300.3869841804553
2017-08-25 08:30:00,4,301.25101401283774,300.6180918144358
2017-08-25 08:45:00,4,301.4807677165892,300.8401692959941
2017-08-25 09:00:00,4,301.7103729462711,301.0502167353171
2017-08-25 09:15:00,4,301.93854274035704,301.24723113937375
2017-08-25 09:30:00,4,302.1634028807344,301.4382635558903
2017-08-25 09:45:00,4,302.3830341502327,301.62842771558337
2017-08-25 10:00:00,4,302.5955829898096,301.8162620706716
2017-08-25 10:15:00,4,302.7990612200604,301.9976778527425
2017-08-25 10:30:00,4,302.99134007982417,302.1692212121507
2017-08-25 10:45:00,4,303.1700060633683,302.32871162315786
2017-08-25 11:00:00,4,303.33337603626734,302.4748540995569
2017-08-25 11:15:00,4,303.4803746291063,302.6067067898764
2017-08-25 11:30:00,4,303.60922804398547,302.7235393951148
2017-08-25 11:45:00,4,303.7155068414247,302.82238785497094
2017-08-25 12:00:00,4,303.7948236946221,302.898914235358
2017-08-25 12:15:00,4,303.84584535529444,302.95082840682903
2017-08-25 12:30:00,4,303.8720300377988,302.98080115017893
2017-08-25 12:45:00,4,303.88232898333723,302.99648099736237
2017-08-25 13:00:00,4,303.88594941250045,303.0064508910202
2017-08-25 13:15:00,4,303.8884031460447,303.01633479962203
2017-08-25 13:30:00,4,303.89178634219286,303.0279071825209
2017-08-25 13:45:00,4,303.8958149778459,303.04028358949853
2017-08-25 14:00:00,4,303.89912060341055,303.0516077778285
2017-08-25 14:15:00,4,303.90012893378747,303.06016572398164
2017-08-25 14:30:00,4,303.8979048375033,303.0652216202922
2017-08-25 14:45:00,4,303.89305865651795,303.06754850551687
2017-08-25 15:00:00,4,303.88673634658255,303.06869468247857
2017-08-25 15:15:00,4,303.879277489873,303.06969513211163
2017-08-25 15:30:00,4,303.8700679875859,303.0703242240891
2017-08-25 15:45:00,4,303.85742517573095,303.0689987066094
2017-08-25 16:00:00,4,303.83912694922014,303.0634674288042
2017-08-25 16:15:00,4,303.81348265023416,303.0518364627155
2017-08-25 16:30:00,4,303.7794118434014,303.0328579953092
2017-08-25 16:45:00,4,303.7358123299593,303.0055703595006
2017-08-25 17:00:00,4,303.6817590681411,302.9688612515005
2017-08-25 17:15:00,4,303.6168100323338,302.9221291247773
2017-08-25 17:30:00,4,303.54175023428496,302.8658748503092
2017-08-25 17:45:00,4,303.4580600587403,302.8013123399278
2017-08-25 18:00:00,4,303.36674730664373,302.72951180833934
2017-08-25 18:15:00,4,303.2682697342035,302.6509880434549
2017-08-25 18:30:00,4,303.1625154551406,302.56533294349623
2017-08-25 18:45:00,4,303.04759263747485,302.4709909311686
2017-08-25 19:00:00,4,302.92115238454653,302.3665138004554
2017-08-25 19:15:00,4,302.78455145714446,302.2523478661208
2017-08-25 19:30:00,4,302.6417815329076,302.1314522167527
2017-08-25 19:45:00,4,302.4972115267093,302.0086849221398
2017-08-25 20:00:00,4,302.3542462024945,301.89039600909297
2017-08-25 20:15:00,4,302.2148067380397,301.7703040544568
2017-08-25 20:30:00,4,302.08003618951943,301.64478995274277
2017-08-25 20:45:00,4,301.95155038155264,301.51669472773665
2017-08-25 21:00:00,4,301.8309425660697,301.3910663191172
2017-08-25 21:15:00,4,301.71899776739633,301.27142530907776
2017-08-25 21:30:00,4,301.6156229878698,301.1587949213984
2017-08-25 21:45:00,4,301.51986770746413,301.0522749435292
2017-08-25 22:00:00,4,301.430458102536,300.94898462334083
2017-08-25 22:15:00,4,301.3462863255132,300.856230612617
2017-08-25 22:30:00,4,301.2664753317396,300.77373423767864
2017-08-25 22:45:00,4,301.1902647346221,300.69775872100365
2017-08-25 23:00:00,4,301.11699193887176,300.62529804812584
2017-08-25 23:15:00,4,301.0461237231947,300.5551250078428
2017-08-25 23:30:00,4,300.97736154080434,300.48709855340724
2017-08-25 23:45:00,4,300.9108760002705,300.4214907460216
2017-08-26 00:00:00,4,300.8470096014053,300.35861072337343
2017-08-26 00:15:00,4,300.7859300577393,300.29860900943964
2017-08-26 00:30:00,4,300.7275358387561,300.24137757149276
2017-08-26 00:45:00,4,300.6713654275888,300.186447817532
2017-08-26 01:00:00,4,300.6167935013234,300.133086541236
2017-08-26 01:15:00,4,300.56332365286846,300.0806029433192
2017-08-26 01:30:00,4,300.5107923110382,300.02869250031495
2017-08-26 01:45:00,4,300.4593831039964,299.97753544929185
2017-08-26 02:00:00,4,300.4093625181157,299.9275755446408
2017-08-26 02:15:00,4,300.3609000478842,299.8792142711473
2017-08-26 02:30:00,4,300.3139802062725,299.8325675797195
2017-08-26 02:45:00,4,300.2682840717229,299.7873877323304
2017-08-26 03:00:00,4,300.2233702304417,299.74322473870893
2017-08-26 03:15:00,4,300.1788885763731,299.6996629504321
2017-08-26 03:30:00,4,300.1347063612165,299.65653980461445
2017-08-26 03:45:00,4,300.09109491499515,299.6140670584617
2017-08-26 04:00:00,4,300.0485023289233,299.5726790710163
2017-08-26 04:15:00,4,300.0072621862303,299.532765102152
2017-08-26 04:30:00,4,299.96758986096006,299.4946883785544
2017-08-26 04:45:00,4,299.9297664571369,299.4586806946706
2017-08-26 05:00:00,4,299.89412718106405,299.42497721184685
2017-08-26 05:15:00,4,299.8609146959088,299.393852451514
2017-08-26 05:30:00,4,299.83017355648565,299.36545667215455
2017-08-26 05:45:00,4,299.8043595580287,299.34238832122514
2017-08-26 06:00:00,4,299.79540714923615,299.33359050900555
2017-08-26 06:15:00,4,299.81905138418455,299.3504089136023
2017-08-26 06:30:00,4,299.88444885032305,299.3959467897567
2017-08-26 06:45:00,4,299.9929354252613,299.4684707827719
2017-08-26 07:00:00,4,300.14002452709775,299.5834899548051
2017-08-26 07:15:00,4,300.3156238606213,299.73757447332144
2017-08-26 07:30:00,4,300.50967596590635,299.9162827121609
2017-08-26 07:45:00,4,300.71824332283336,300.1101896527562
2017-08-26 08:00:00,4,300.94090392717146,300.3191664143193
2017-08-26 08:15:00,4,301.1758713491536,300.5521827171264
2017-08-26 08:30:00,4,301.4196133686207,300.7924712290578
2017-08-26 08:45:00,4,301.66725675973066,301.0256657628975
2017-08-26 09:00:00,4,301.91351882414796,301.2447017377382
2017-08-26 09:15:00,4,302.15313368405765,301.4466515402359
2017-08-26 09:30:00,4,302.38220351739716,301.6364703623543
2017-08-26 09:45:00,4,302.5998522229074,301.8207861010236
2017-08-26 10:00:00,4,302.8064991312763,302.000481598183
2017-08-26 10:15:00,4,303.0015935396093,302.17322590082694
2017-08-26 10:30:00,4,303.1837243578819,302.3360447060629
2017-08-26 10:45:00,4,303.349517214533,302.4855012703441
2017-08-26 11:00:00,4,303.49528597697855,302.61825776342516
2017-08-26 11:15:00,4,303.6189498896651,302.7319411054501
2017-08-26 11:30:00,4,303.7202274972614,302.82521853447804
2017-08-26 11:45:00,4,303.8000502923284,302.9001808974434
2017-08-26 12:00:00,4,303.8597719565736,302.95865658831593
2017-08-26 12:15:00,4,303.9009122959475,303.0019530384554
2017-08-26 12:30:00,4,303.9266131109891,303.032598887133
2017-08-26 12:45:00,4,303.9426710923935,303.0551020192685
2017-08-26 13:00:00,4,303.95449395526003,303.0740601590999
2017-08-26 13:15:00,4,303.964925118257,303.09215660438184
2017-08-26 13:30:00,4,303.97501819515037,303.1102223850877
2017-08-26 13:45:00,4,303.9855216396981,303.12854291377823
2017-08-26 14:00:00,4,303.99688856038983,303.1474266574002
2017-08-26 14:15:00,4,304.0088112044031,303.16689389810864
2017-08-26 14:30:00,4,304.0200621468774,303.1860021634217
2017-08-26 14:45:00,4,304.0280164026524,303.20242830386377
2017-08-26 15:00:00,4,304.0296812464407,303.2132528543098
2017-08-26 15:15:00,4,304.02267687689374,303.21613389401114
2017-08-26 15:30:00,4,304.0057249507831,303.20976713080785
2017-08-26 15:45:00,4,303.97836298642096,303.19357395003556
2017-08-26 16:00:00,4,303.94049466880045,303.1672754553547
2017-08-26 16:15:00,4,303.8919763130108,303.13076759151807
2017-08-26 16:30:00,4,303.8326531066163,303.08409914935277
2017-08-26 16:45:00,4,303.7624953743661,303.0275210228423
2017-08-26 17:00:00,4,303.681964604549,302.96153210733104
2017-08-26 17:15:00,4,303.59169441407926,302.88686721910955
2017-08-26 17:30:00,4,303.49303315225075,302.8047039970082
2017-08-26 17:45:00,4,303.3880372757891,302.7165833621126
2017-08-26 18:00:00,4,303.2782092409634,302.62409587718406
2017-08-26 18:15:00,4,303.16357554793103,302.528179527955
2017-08-26 18:30:00,4,303.04373483647754,302.4288996189915
2017-08-26 18:45:00,4,302.91797436547967,302.325509798566
2017-08-26 19:00:00,4,302.78557109180355,302.2176182094692
2017-08-26 19:15:00,4,302.64887510711924,302.1071792556807
2017-08-26 19:30:00,4,302.5118784093504,301.9974492691839
2017-08-26 19:45:00,4,302.3775274090074,301.88816604479644
2017-08-26 20:00:00,4,302.2473281937016,301.7742079547729
2017-08-26 20:15:00,4,302.12179370470625,301.65558262536126
2017-08-26 20:30:00,4,302.00107202249694,301.535488873319
2017-08-26 20:45:00,4,301.8856542013671,301.4170045827921
2017-08-26 21:00:00,4,301.77611890814035,301.30178185149714
2017-08-26 21:15:00,4,301.6726842355113,301.19015854333696
2017-08-26 21:30:00,4,301.575187470338,301.0810034342136
2017-08-26 21:45:00,4,301.48319040381494,300.98078935114324
2017-08-26 22:00:00,4,301.3961320252746,300.89103310505897
2017-08-26 22:15:00,4,301.31345424927076,300.8091002402625
2017-08-26 22:30:00,4,301.23477210506115,300.73219414273535
2017-08-26 22:45:00,4,301.16015353292073,300.65924278547163
2017-08-26 23:00:00,4,301.08983219395503,300.5904322235444
2017-08-26 23:15:00,4,301.023858985645,300.5261056275159
2017-08-26 23:30:00,4,300.96195425417034,300.46610123262604
2017-08-26 23:45:00,4,300.9033154900265,300.40965083495064
2017-08-27 00:00:00,4,300.84697771941023,300.3557290816678
2017-08-27 00:15:00,4,300.79219604460155,300.30346592709236
2017-08-27 00:30:00,4,300.7384170245997,300.25224325158507
2017-08-27 00:45:00,4,300.6850440608244,300.2015125172664
2017-08-27 01:00:00,4,300.6314967346362,300.1507089575833
2017-08-27 01:15:00,4,300.57735511347397,300.09933474060364
2017-08-27 01:30:00,4,300.522418835663,300.0471050863301
2017-08-27 01:45:00,4,300.46680418931084,299.99405289196824
2017-08-27 02:00:00,4,300.41078482614023,299.94044082638425
2017-08-27 02:15:00,4,300.35458907048707,299.8865643675195
2017-08-27 02:30:00,4,300.298492308801,299.83277105236033
2017-08-27 02:45:00,4,300.24316085426756,299.7796620617598
2017-08-27 03:00:00,4,300.18937980729226,299.7280068965995
2017-08-27 03:15:00,4,300.1376704702424,299.6784330945387
2017-08-27 03:30:00,4,300.088248066408,299.6312399502564
2017-08-27 03:45:00,4,300.0410955611844,299.5864398523777
2017-08-27 04:00:00,4,299.99607397807733,299.5438996630981
2017-08-27 04:15:00,4,299.95300621198453,299.5034488995911
2017-08-27 04:30:00,4,299.9117541321793,299.4648982204235
2017-08-27 04:45:00,4,299.8723466585139,299.4281711690272
2017-08-27 05:00:00,4,299.83491560486164,299.39308073227187
2017-08-27 05:15:00,4,299.7995619878669,299.35940721009945
2017-08-27 05:30:00,4,299.7666325891931,299.327398482385
2017-08-27 05:45:00,4,299.74022043944973,299.3009584557566
2017-08-27 06:00:00,4,299.7326573550423,299.2891883177735
2017-08-27 06:15:00,4,299.75371378581616,299.30007581223396
2017-08-27 06:30:00,4,299.8042469758162,299.3346215938744
2017-08-27 06:45:00,4,299.8794446423683,299.38715868537196
2017-08-27 07:00:00,4,299.9751374296092,299.4480732894706
2017-08-27 07:15:00,4,300.092652284482,299.5306906144078
2017-08-27 07:30:00,4,300.23474170942535,299.64236383448406
2017-08-27 07:45:00,4,300.40401392753523,299.78396315359646
2017-08-27 08:00:00,4,300.600244428087,299.95273257470774
2017-08-27 08:15:00,4,300.81709232992455,300.14300792554934
2017-08-27 08:30:00,4,301.0463926842207,300.3496460241119
2017-08-27 08:45:00,4,301.2824573576134,300.5752580651241
2017-08-27 09:00:00,4,301.52153098658823,300.8002910652337
2017-08-27 09:15:00,4,301.75912922506325,301.01445750201725
2017-08-27 09:30:00,4,301.99004070297144,301.2145258340364
2017-08-27 09:45:00,4,302.20935992812224,301.40064082653765
2017-08-27 10:00:00,4,302.41334609445767,301.57547826677126
2017-08-27 10:15:00,4,302.59952026259634,301.7383814653367
2017-08-27 10:30:00,4,302.7671282897953,301.88766391800294
2017-08-27 10:45:00,4,302.9181104293552,302.02359797014157
2017-08-27 11:00:00,4,303.0552256795213,302.14817985768053
2017-08-27 11:15:00,4,303.1800314954339,302.2632161052884
2017-08-27 11:30:00,4,303.2928312279368,302.3692011806897
2017-08-27 11:45:00,4,303.3930468802966,302.4654990064933
2017-08-27 12:00:00,4,303.4798320610815,302.5511129513239
2017-08-27 12:15:00,4,303.5527998840437,302.62557534183554
2017-08-27 12:30:00,4,303.61361567803937,302.68996311705683
2017-08-27 12:45:00,4,303.66667066895116,302.74909411645916
2017-08-27 13:00:00,4,303.71632833269945,302.80680048987097
2017-08-27 13:15:00,4,303.76490878081734,302.864495535784
2017-08-27 13:30:00,4,303.81299730758286,302.92179267352515
2017-08-27 13:45:00,4,303.8601311194957,302.9776439468245
2017-08-27 14:00:00,4,303.9052759764313,303.03098564354536
2017-08-27 14:15:00,4,303.94711841475254,303.0808489168148
2017-08-27 14:30:00,4,303.9839752767608,303.1259008666982
2017-08-27 14:45:00,4,304.0130595510912,303.16389375458505
2017-08-27 15:00:00,4,304.03148987915654,303.19216399045104
2017-08-27 15:15:00,4,304.0373281414291,303.20863037968286
2017-08-27 15:30:00,4,304.0297477223851,303.21238547886105
2017-08-27 15:45:00,4,304.00896150651704,303.2037269873889
2017-08-27 16:00:00,4,303.9759283044394,303.18365057798593
2017-08-27 16:15:00,4,303.9314487223601,303.15310805040224
2017-08-27 16:30:00,4,303.8759025306492,303.112580954634
2017-08-27 16:45:00,4,303.8092156394796,303.06198008558977
2017-08-27 17:00:00,4,303.7309813711655,303.00089243245856
2017-08-27 17:15:00,4,303.64121934945865,302.9292341024726
2017-08-27 17:30:00,4,303.54131044009034,302.84782914529865
2017-08-27 17:45:00,4,303.43357694709243,302.7588232398418
2017-08-27 18:00:00,4,303.31991788114243,302.66413995007485
2017-08-27 18:15:00,4,303.20084603117596,302.5653423086096
2017-08-27 18:30:00,4,303.07602662622645,302.46258480010636
2017-08-27 18:45:00,4,302.94485724899613,302.3551118773205
2017-08-27 19:00:00,4,302.80697317510555,302.2426687165948
2017-08-27 19:15:00,4,302.6650593182877,302.1272476004011
2017-08-27 19:30:00,4,302.5233356017612,302.01253999242897
2017-08-27 19:45:00,4,302.38490284253913,301.90069463010457
2017-08-27 20:00:00,4,302.25136417562163,301.78524016876526
2017-08-27 20:15:00,4,302.12327250448124,301.6653978418444
2017-08-27 20:30:00,4,302.0006042321475,301.5442423943698
2017-08-27 20:45:00,4,301.8830994170537,301.4246197670697
2017-08-27 21:00:00,4,301.7703909211787,301.3075181780883
2017-08-27 21:15:00,4,301.66204842498354,301.19249864475194
2017-08-27 21:30:00,4,301.5577549388532,301.0784855281539
2017-08-27 21:45:00,4,301.4576285417851,300.9681063279794
2017-08-27 22:00:00,4,301.36192318903824,300.86654642100734
2017-08-27 22:15:00,4,301.270676834039,300.7740408551785
2017-08-27 22:30:00,4,301.1837393958663,300.68816712000864
2017-08-27 22:45:00,4,301.10091567510415,300.6069000840949
2017-08-27 23:00:00,4,301.021918522859,300.5293855910997
2017-08-27 23:15:00,4,300.94633671250955,300.4553000841387
2017-08-27 23:30:00,4,300.8737063600594,300.3842491492021
2017-08-27 23:45:00,4,300.8036340719015,300.31575822193673
2017-08-28 00:00:00,4,300.735846217805,300.24947967355087
2017-08-28 00:15:00,4,300.6701387151248,300.18524651507886
2017-08-28 00:30:00,4,300.6064394124976,300.1230901138933
2017-08-28 00:45:00,4,300.54504128947184,300.0633043436098
2017-08-28 01:00:00,4,300.486363047737,300.0063159995732
2017-08-28 01:15:00,4,300.4306369811075,299.95243130224816
2017-08-28 01:30:00,4,300.37773856578093,299.90155338209956
2017-08-28 01:45:00,4,300.3269328430858,299.8530080208441
2017-08-28 02:00:00,4,300.2772544807355,299.8057878778759
2017-08-28 02:15:00,4,300.22796114863485,299.758987624264
2017-08-28 02:30:00,4,300.17870420635734,299.71216204926765
2017-08-28 02:45:00,4,300.1296943708454,299.6654470179266
2017-08-28 03:00:00,4,300.0813860175887,299.6193115207572
2017-08-28 03:15:00,4,300.0341140702658,299.57418681655884
2017-08-28 03:30:00,4,299.98788557651625,299.5300948942476
2017-08-28 03:45:00,4,299.94208900275373,299.4864573477162
2017-08-28 04:00:00,4,299.8958692648721,299.4423803846664
2017-08-28 04:15:00,4,299.8486141847678,299.39712094297647
2017-08-28 04:30:00,4,299.8004250996117,299.35069662820854
2017-08-28 04:45:00,4,299.7529553104082,299.3043985420098
2017-08-28 05:00:00,4,299.70852758028224,299.26032561447477
2017-08-28 05:15:00,4,299.66888449270186,299.22047886837254
2017-08-28 05:30:00,4,299.6349596750939,299.18592509107094
2017-08-28 05:45:00,4,299.6096105414115,299.1595551489876
2017-08-28 06:00:00,4,299.60217128951535,299.1479403496673
2017-08-28 06:15:00,4,299.618899461289,299.15602167039833
2017-08-28 06:30:00,4,299.6584417098896,299.18314692433285
2017-08-28 06:45:00,4,299.7165185918334,299.2250419952489
2017-08-28 07:00:00,4,299.7910328571559,299.27838138357737
2017-08-28 07:15:00,4,299.8865003757505,299.33997186113857
2017-08-28 07:30:00,4,300.01035204202293,299.4280613152994
2017-08-28 07:45:00,4,300.1657447102683,299.5513268954508
2017-08-28 08:00:00,4,300.35064987439506,299.7068335531521
2017-08-28 08:15:00,4,300.556913087286,299.8849470565546
2017-08-28 08:30:00,4,300.77495535062695,300.07617643386914
2017-08-28 08:45:00,4,300.9988378550033,300.27675309433624
2017-08-28 09:00:00,4,301.2250078856417,300.4885340530452
2017-08-28 09:15:00,4,301.44901354911866,300.6985989923367
2017-08-28 09:30:00,4,301.6666045402373,300.89665468183676
2017-08-28 09:45:00,4,301.87587722729563,301.0791022124945
2017-08-28 10:00:00,4,302.0763444670216,301.252389579794
2017-08-28 10:15:00,4,302.2670852890329,301.41967094073215
2017-08-28 10:30:00,4,302.44582731809527,301.5790479165601
2017-08-28 10:45:00,4,302.60879274094225,301.72602449865116
2017-08-28 11:00:00,4,302.7524703399719,301.85650126549496
2017-08-28 11:15:00,4,302.87485868444344,301.96828867238327
2017-08-28 11:30:00,4,302.97589913982335,302.06153698132255
2017-08-28 11:45:00,4,303.0578526258258,302.1385012538862
2017-08-28 12:00:00,4,303.12362886954776,302.2021842603087
2017-08-28 12:15:00,4,303.1755059501035,302.25520433776757
2017-08-28 12:30:00,4,303.2163342924135,302.3001025316894
2017-08-28 12:45:00,4,303.2502512346545,302.33964273378433
2017-08-28 13:00:00,4,303.28070206338407,302.37724575885534
2017-08-28 13:15:00,4,303.3092266935042,302.4142488860753
2017-08-28 13:30:00,4,303.3361442434855,302.450390303223
2017-08-28 13:45:00,4,303.36161895291104,302.4851180737099
2017-08-28 14:00:00,4,303.3857453213473,302.518131422934
2017-08-28 14:15:00,4,303.4081064733832,302.5491127644845
2017-08-28 14:30:00,4,303.42787551259585,302.57750854001404
2017-08-28 14:45:00,4,303.4441862676743,302.60263123459634
2017-08-28 15:00:00,4,303.4561880887919,302.6237487309793
2017-08-28 15:15:00,4,303.46287736308125,302.64006681934524
2017-08-28 15:30:00,4,303.46304871710936,302.6505623255405
2017-08-28 15:45:00,4,303.4548583092466,302.6536741254924
2017-08-28 16:00:00,4,303.43618192454414,302.6475156348764
2017-08-28 16:15:00,4,303.40556610460396,302.63055944066343
2017-08-28 16:30:00,4,303.3623640023369,302.6020726897362
2017-08-28 16:45:00,4,303.3062816537788,302.5616653632747
2017-08-28 17:00:00,4,303.2372566676185,302.5092181266214
2017-08-28 17:15:00,4,303.1553585285624,302.44488829526375
2017-08-28 17:30:00,4,303.0615397524357,302.3694318588508
2017-08-28 17:45:00,4,302.95753317064464,302.284607532313
2017-08-28 18:00:00,4,302.8452847098366,302.19232524406755
2017-08-28 18:15:00,4,302.72617128984933,302.0946499505169
2017-08-28 18:30:00,4,302.6009585367508,301.99284136921887
2017-08-28 18:45:00,4,302.4697711648576,301.88771205274446
2017-08-28 19:00:00,4,302.3327624464334,301.779956235788
2017-08-28 19:15:00,4,302.19280201990955,301.6697308480506
2017-08-28 19:30:00,4,302.05392019450187,301.558064176715
2017-08-28 19:45:00,4,301.91873424523317,301.4394677788295
2017-08-28 20:00:00,4,301.78830956951447,301.31553405856647
2017-08-28 20:15:00,4,301.6628213330205,301.1904890040996
2017-08-28 20:30:00,4,301.54204456578066,301.0670163796683
2017-08-28 20:45:00,4,301.4256341880273,300.9454609752331
2017-08-28 21:00:00,4,301.3131932914329,300.82460615922855
2017-08-28 21:15:00,4,301.20428875005655,300.7068296518545
2017-08-28 21:30:00,4,301.0986506553292,300.5970558477971
2017-08-28 21:45:00,4,300.9965174251735,300.49534864254946
2017-08-28 22:00:00,4,300.89817206043085,300.39932099897874
2017-08-28 22:15:00,4,300.80354464942894,300.30699648303596
2017-08-28 22:30:00,4,300.7125387901824,300.2177012056286
2017-08-28 22:45:00,4,300.6256564675039,300.13191486958993
2017-08-28 23:00:00,4,300.5437252685939,300.05069446893026
2017-08-28 23:15:00,4,300.46734743055083,299.97501495026467
2017-08-28 23:30:00,4,300.3966088650406,299.90522581639294
2017-08-28 23:45:00,4,300.33079986457693,299.8407554827945
2017-08-29 00:00:00,4,300.2688172205313,299.7803947262075
2017-08-29 00:15:00,4,300.2097074354439,299.72290771409325
2017-08-29 00:30:00,4,300.1528186209035,299.6674538144697
2017-08-29 00:45:00,4,300.09777451777626,299.61369585042274
2017-08-29 01:00:00,4,300.04443179755293,299.561685874845
2017-08-29 01:15:00,4,299.9927567956307,299.51162608122297
2017-08-29 01:30:00,4,299.9426571732812,299.4635909035439
2017-08-29 01:45:00,4,299.8938156743049,299.4173327253078
2017-08-29 02:00:00,4,299.84580304559034,299.37235382615825
2017-08-29 02:15:00,4,299.7982605992475,299.3281374841114
2017-08-29 02:30:00,4,299.75099193991184,299.2843590207186
2017-08-29 02:45:00,4,299.7040322601527,299.2409156484722
2017-08-29 03:00:00,4,299.6574860976211,299.19778717593357
2017-08-29 03:15:00,4,299.6114018485679,299.15493858196254
2017-08-29 03:30:00,4,299.56628051591406,299.11285777671816
2017-08-29 03:45:00,4,299.52428654140516,299.0734235288974
2017-08-29 04:00:00,4,299.4879422417537,299.039274481701
2017-08-29 04:15:00,4,299.4583687505782,299.01187948237805
2017-08-29 04:30:00,4,299.43502793142454,298.990715623578
2017-08-29 04:45:00,4,299.4159378221563,298.97368851930173
2017-08-29 05:00:00,4,299.39886776179054,298.9582206682882
2017-08-29 05:15:00,4,299.3822159364495,298.94223394549215
2017-08-29 05:30:00,4,299.36508375830175,298.92456847639664
2017-08-29 05:45:00,4,299.34699976315744,298.9049912147921
2017-08-29 06:00:00,4,299.329419651028,298.88555409878376
2017-08-29 06:15:00,4,299.3186074398391,298.8717926668596
2017-08-29 06:30:00,4,299.3221253095544,298.8705784565443
2017-08-29 06:45:00,4,299.34550337073904,298.8865017945744
2017-08-29 07:00:00,4,299.39227065662493,298.921866008672
2017-08-29 07:15:00,4,299.4687672634929,298.9774704543927
2017-08-29 07:30:00,4,299.5804711316682,299.05225234427996
2017-08-29 07:45:00,4,299.7313211580333,299.1665483358032
2017-08-29 08:00:00,4,299.9210889378183,299.3266405302663
2017-08-29 08:15:00,4,300.1407551385303,299.52275935932045
2017-08-29 08:30:00,4,300.37887662089054,299.740904516804
2017-08-29 08:45:00,4,300.6281652761728,299.9744257837382
2017-08-29 09:00:00,4,300.8846707317293,300.2263711069324
2017-08-29 09:15:00,4,301.1449121038729,300.47685313623424
2017-08-29 09:30:00,4,301.40620891084427,300.7167039989131
2017-08-29 09:45:00,4,301.66792666020854,300.95182047977744
2017-08-29 10:00:00,4,301.9301756678209,301.18798962215084
2017-08-29 10:15:00,4,302.19202387027445,301.42586454305666
2017-08-29 10:30:00,4,302.45000329662525,301.6609619818582
2017-08-29 10:45:00,4,302.6951033267249,301.8849152626671
2017-08-29 11:00:00,4,302.9166703527213,302.08863496736546
2017-08-29 11:15:00,4,303.1081304379169,302.26578599743095
2017-08-29 11:30:00,4,303.2675344036185,302.4160086819694
2017-08-29 11:45:00,4,303.3970956059286,302.5415749645266
2017-08-29 12:00:00,4,303.50100146087124,302.6460323053661
2017-08-29 12:15:00,4,303.58347634247053,302.7331536953093
2017-08-29 12:30:00,4,303.6491209241629,302.80673582872805
2017-08-29 12:45:00,4,303.7026604646857,302.8701274657899
2017-08-29 13:00:00,4,303.7470087425104,302.92515948552995
2017-08-29 13:15:00,4,303.7827962572694,302.97190508486045
2017-08-29 13:30:00,4,303.80953780884954,303.00931394065867
2017-08-29 13:45:00,4,303.8260189983859,303.0358527745535
2017-08-29 14:00:00,4,303.83097704702124,303.05012500680647
2017-08-29 14:15:00,4,303.8234361738878,303.0512323569617
2017-08-29 14:30:00,4,303.8031527150239,303.03924580185975
2017-08-29 14:45:00,4,303.7714168419692,303.01557558116855
2017-08-29 15:00:00,4,303.73011727698776,302.9823239297299
2017-08-29 15:15:00,4,303.6807092984849,302.9412979865888
2017-08-29 15:30:00,4,303.6243582750647,302.8938976279474
2017-08-29 15:45:00,4,303.5626805736788,302.841597296799
2017-08-29 16:00:00,4,303.4970540311961,302.78580472440035
2017-08-29 16:15:00,4,303.4279834297189,302.7273507175981
2017-08-29 16:30:00,4,303.3554159968538,302.66644418280504
2017-08-29 16:45:00,4,303.27935109912386,302.6030466820057
2017-08-29 17:00:00,4,303.1997166958983,302.53700395025464
2017-08-29 17:15:00,4,303.1160663598151,302.46803176680817
2017-08-29 17:30:00,4,303.0283576556608,302.39630035703124
2017-08-29 17:45:00,4,302.937084261818,302.32209947023637
2017-08-29 18:00:00,4,302.8426644092148,302.24564858333014
2017-08-29 18:15:00,4,302.74503352872574,302.1670022193749
2017-08-29 18:30:00,4,302.64364493324865,302.0855455044552
2017-08-29 18:45:00,4,302.53748539486816,302.0000321914572
2017-08-29 19:00:00,4,302.4258813034158,301.9096230245399
2017-08-29 19:15:00,4,302.31114341277913,301.8153650283419
2017-08-29 19:30:00,4,302.1970980554915,301.7199847963908
2017-08-29 19:45:00,4,302.08643706671603,301.62661233136214
2017-08-29 20:00:00,4,301.98040767536986,301.53594761393475
2017-08-29 20:15:00,4,301.87936566461883,301.44720694318323
2017-08-29 20:30:00,4,301.7832084023993,301.3596353746843
2017-08-29 20:45:00,4,301.69163214005073,301.27295495302604
2017-08-29 21:00:00,4,301.6042564268881,301.18729460799045
2017-08-29 21:15:00,4,301.5206520284982,301.1031020154231
2017-08-29 21:30:00,4,301.44032443855355,301.0206102187527
2017-08-29 21:45:00,4,301.36266634501237,300.93957134993286
2017-08-29 22:00:00,4,301.2870668677102,300.8593368738883
2017-08-29 22:15:00,4,301.21303236986154,300.7790121079863
2017-08-29 22:30:00,4,301.14028172050837,300.6979066050229
2017-08-29 22:45:00,4,301.0688869564423,300.62077357074327
2017-08-29 23:00:00,4,300.99902713437996,300.54876696589065
2017-08-29 23:15:00,4,300.930755859916,300.4805407094443
2017-08-29 23:30:00,4,300.86416135271656,300.4147096756333
2017-08-29 23:45:00,4,300.79979344211534,300.35104501287793
2017-08-30 00:00:00,4,300.7383463964366,300.290164076691
2017-08-30 00:15:00,4,300.6802237514721,300.23271073439633
2017-08-30 00:30:00,4,300.6254472327325,300.1788540354071
2017-08-30 00:45:00,4,300.5736100855688,300.128203199805
2017-08-30 01:00:00,4,300.524108109566,300.0800472923076
2017-08-30 01:15:00,4,300.47639194403695,300.03366558641613
2017-08-30 01:30:00,4,300.42991939466054,299.9883774083205
2017-08-30 01:45:00,4,300.38388969972965,299.94340713042993
2017-08-30 02:00:00,4,300.33748113228967,299.89794104620967
2017-08-30 02:15:00,4,300.29018121968227,299.8513853805921
2017-08-30 02:30:00,4,300.2419797709336,299.80368887866683
2017-08-30 02:45:00,4,300.19355664152755,299.75548927664573
2017-08-30 03:00:00,4,300.1458292490495,299.7078016528904
2017-08-30 03:15:00,4,300.09948226227937,299.6615234874628
2017-08-30 03:30:00,4,300.0548643010247,299.61715842728853
2017-08-30 03:45:00,4,300.0120436377086,299.57488435062805
2017-08-30 04:00:00,4,299.9710098873903,299.53478109438703
2017-08-30 04:15:00,4,299.9317363081704,299.49704072558853
2017-08-30 04:30:00,4,299.8940656899385,299.4615568670323
2017-08-30 04:45:00,4,299.85751271556495,299.4277188082934
2017-08-30 05:00:00,4,299.8214183296678,299.39460780443517
2017-08-30 05:15:00,4,299.78524964414356,299.3613645991791
2017-08-30 05:30:00,4,299.74892557151503,299.32770938194375
2017-08-30 05:45:00,4,299.71534686026325,299.29641188493923
2017-08-30 06:00:00,4,299.695503981526,299.276165943128
2017-08-30 06:15:00,4,299.70394484160016,299.2781251014769
2017-08-30 06:30:00,4,299.74925519816577,299.3076829978643
2017-08-30 06:45:00,4,299.8328255332489,299.3571108947946
2017-08-30 07:00:00,4,299.9514599470284,299.4441114228381
2017-08-30 07:15:00,4,300.09649189784574,299.5687052482352
2017-08-30 07:30:00,4,300.2576905239799,299.7163454593881
2017-08-30 07:45:00,4,300.4258551546757,299.8725253241776
2017-08-30 08:00:00,4,300.5925822739949,300.02792354334974
2017-08-30 08:15:00,4,300.7489065789777,300.17700954313665
2017-08-30 08:30:00,4,300.8883093332079,300.31784624198343
2017-08-30 08:45:00,4,301.01094667340243,300.4420308972229
2017-08-30 09:00:00,4,301.125518066454,300.5536851536331
2017-08-30 09:15:00,4,301.2519495126625,300.6682401091713
2017-08-30 09:30:00,4,301.4090559366285,300.80135695858917
2017-08-30 09:45:00,4,301.60482884001453,300.97147782526304
2017-08-30 10:00:00,4,301.83597296264605,301.17923132960743
2017-08-30 10:15:00,4,302.08825159995126,301.4087374077511
2017-08-30 10:30:00,4,302.3440471349185,301.6395659950349
2017-08-30 10:45:00,4,302.5873892686834,301.85614799325776
2017-08-30 11:00:00,4,302.80627775077716,302.0497494638846
2017-08-30 11:15:00,4,302.993941900651,302.2163435067214
2017-08-30 11:30:00,4,303.1486949814425,302.35500106872604
2017-08-30 11:45:00,4,303.2733882002014,302.4688014439818
2017-08-30 12:00:00,4,303.3724312350042,302.56182466358126
2017-08-30 12:15:00,4,303.449612820508,302.63763117953624
2017-08-30 12:30:00,4,303.5092069460294,302.6998577541328
2017-08-30 12:45:00,4,303.5569375490993,302.7528004719917
2017-08-30 13:00:00,4,303.5977017057419,302.8002338716559
2017-08-30 13:15:00,4,303.6340364813918,302.8441611635116
2017-08-30 13:30:00,4,303.6666256782835,302.884768709544
2017-08-30 13:45:00,4,303.6949423981984,302.92113444833853
2017-08-30 14:00:00,4,303.7180266620382,302.9520660269082
2017-08-30 14:15:00,4,303.7349117616793,302.9765837978162
2017-08-30 14:30:00,4,303.74475132788103,302.99398301322833
2017-08-30 14:45:00,4,303.7467643959626,303.0037139638016
2017-08-30 15:00:00,4,303.74029205453894,303.0052929033672
2017-08-30 15:15:00,4,303.7245636519907,302.9981618947413
2017-08-30 15:30:00,4,303.6990255414934,302.9820898864407
2017-08-30 15:45:00,4,303.6646865157332,302.9579200341318
2017-08-30 16:00:00,4,303.62318301917196,302.9271910067027
2017-08-30 16:15:00,4,303.57521236258697,302.89104034978516
2017-08-30 16:30:00,4,303.52064468259925,302.8496744763344
2017-08-30 16:45:00,4,303.45901066245244,302.80259968701085
2017-08-30 17:00:00,4,303.3897702281826,302.7490540424901
2017-08-30 17:15:00,4,303.3121632957396,302.6882736346313
2017-08-30 17:30:00,4,303.2259973473065,302.61998886098826
2017-08-30 17:45:00,4,303.13248205963026,302.54493421047954
2017-08-30 18:00:00,4,303.03323175190496,302.46443170522053
2017-08-30 18:15:00,4,302.92919609724555,302.37982332592514
2017-08-30 18:30:00,4,302.8206497571583,302.29160849929644
2017-08-30 18:45:00,4,302.70712499114944,302.19924342154366
2017-08-30 19:00:00,4,302.58826825574016,302.10224354745236
2017-08-30 19:15:00,4,302.46638295244026,302.0017291817919
2017-08-30 19:30:00,4,302.34503093304687,301.90029041293604
2017-08-30 19:45:00,4,302.22662982107687,301.80092461196836
2017-08-30 20:00:00,4,302.11226901482206,301.7041264555936
2017-08-30 20:15:00,4,302.0022567574279,301.608601466967
2017-08-30 20:30:00,4,301.89673671009183,301.5125944414817
2017-08-30 20:45:00,4,301.79642222478236,301.4162697783039
2017-08-30 21:00:00,4,301.7021845237009,301.32165608816416
2017-08-30 21:15:00,4,301.61444929739594,301.23083757899195
2017-08-30 21:30:00,4,301.5329499301556,301.1447402076095
2017-08-30 21:45:00,4,301.4563846855932,301.0628357563335
2017-08-30 22:00:00,4,301.3830488563174,300.9835942300343
2017-08-30 22:15:00,4,301.3115470711749,300.90503933623006
2017-08-30 22:30:00,4,301.2410260823727,300.8276296280599
2017-08-30 22:45:00,4,301.17131743074725,300.753852848344
2017-08-30 23:00:00,4,301.10253315829806,300.68392452813634
2017-08-30 23:15:00,4,301.03470057431167,300.6166221734418
2017-08-30 23:30:00,4,300.96770905568087,300.5507513555285
2017-08-30 23:45:00,4,300.901291700387,300.48558234378805
2017-08-31 00:00:00,4,300.83506360504606,300.4205920662513
2017-08-31 00:15:00,4,300.76864576746465,300.355247252314
2017-08-31 00:30:00,4,300.7021492049235,300.2894421792626
2017-08-31 00:45:00,4,300.63702290818856,300.2242774400662
2017-08-31 01:00:00,4,300.57532885904095,300.16190133487925
2017-08-31 01:15:00,4,300.51864896046663,300.1044816182916
2017-08-31 01:30:00,4,300.4676026591222,300.0531424668339
2017-08-31 01:45:00,4,300.42147015301566,300.00751557191194
2017-08-31 02:00:00,4,300.37889028390737,299.9662576389952
2017-08-31 02:15:00,4,300.33867316245403,299.92791626286714
2017-08-31 02:30:00,4,300.29995575956394,299.8913962539407
2017-08-31 02:45:00,4,300.26207360868057,299.85594224147405
2017-08-31 03:00:00,4,300.22452808819634,299.8211114178486
2017-08-31 03:15:00,4,300.1869946165695,299.78648823925556
2017-08-31 03:30:00,4,300.1492600745512,299.7516915552918
2017-08-31 03:45:00,4,300.11112595266286,299.71641701448095
2017-08-31 04:00:00,4,300.07243003728604,299.68044106537485
2017-08-31 04:15:00,4,300.0330846097532,299.64363152015665
2017-08-31 04:30:00,4,299.9930223470806,299.60581491138254
2017-08-31 04:45:00,4,299.95205808635296,299.56695142695065
2017-08-31 05:00:00,4,299.909930394474,299.52702694936806
2017-08-31 05:15:00,4,299.86643265073394,299.48596108707807
2017-08-31 05:30:00,4,299.82177425328825,299.44393492128694
2017-08-31 05:45:00,4,299.77760999681186,299.40218068558517
2017-08-31 06:00:00,4,299.73863660980504,299.3649011078585
2017-08-31 06:15:00,4,299.7143884370589,299.33953301217394
2017-08-31 06:30:00,4,299.7129988672738,299.3329285582667
2017-08-31 06:45:00,4,299.7371401589588,299.347728097292
2017-08-31 07:00:00,4,299.7870095350537,299.38291344958935
2017-08-31 07:15:00,4,299.8640175436441,299.435176260648
2017-08-31 07:30:00,4,299.96894604928553,299.50608165526126
2017-08-31 07:45:00,4,300.1016348773199,299.6058555132606
2017-08-31 08:00:00,4,300.2595746407925,299.73598848661385
2017-08-31 08:15:00,4,300.43759385846994,299.8905953592222
2017-08-31 08:30:00,4,300.6305626651749,300.0630026301587
2017-08-31 08:45:00,4,300.8345567359599,300.2497112766672
2017-08-31 09:00:00,4,301.04486841360796,300.4517060666395
2017-08-31 09:15:00,4,301.25459151826783,300.65318661573707
2017-08-31 09:30:00,4,301.45797315642693,300.8398274042335
2017-08-31 09:45:00,4,301.65375065803875,301.0129211509446
2017-08-31 10:00:00,4,301.84290117155496,301.1779325455102
2017-08-31 10:15:00,4,302.0256430628024,301.3387006857716
2017-08-31 10:30:00,4,302.2010199973576,301.4956226323587
2017-08-31 10:45:00,4,302.3663061651002,301.64599623424874
2017-08-31 11:00:00,4,302.5182736955067,301.7858888695411
2017-08-31 11:15:00,4,302.6544013531599,301.91205479716496
2017-08-31 11:30:00,4,302.7731081122882,302.0226001514611
2017-08-31 11:45:00,4,302.873405601331,302.11655574720265
2017-08-31 12:00:00,4,302.9548282708916,302.19334061153074
2017-08-31 12:15:00,4,303.01764390735684,302.25366496085576
2017-08-31 12:30:00,4,303.0640351247735,302.29978300467195
2017-08-31 12:45:00,4,303.09842831640236,302.3352471965427
2017-08-31 13:00:00,4,303.12491091228725,302.3635268219044
2017-08-31 13:15:00,4,303.14563586965613,302.38663479522813
2017-08-31 13:30:00,4,303.16148706256365,302.40525287817525
2017-08-31 13:45:00,4,303.1732302000473,302.4197956309812
2017-08-31 14:00:00,4,303.181525348838,302.4308363117035
2017-08-31 14:15:00,4,303.18641900541854,302.43877086808686
2017-08-31 14:30:00,4,303.18755682521316,302.44368740253213
2017-08-31 14:45:00,4,303.18460023880084,302.44549747749096
2017-08-31 15:00:00,4,303.1770161215986,302.44376140246146
2017-08-31 15:15:00,4,303.16367499997244,302.4375718050419
2017-08-31 15:30:00,4,303.14362616573464,302.4259164101321
2017-08-31 15:45:00,4,303.1163600524692,302.4080466279964
2017-08-31 16:00:00,4,303.0814975558989,302.38347702538465
2017-08-31 16:15:00,4,303.0384389315083,302.3518486430897
2017-08-31 16:30:00,4,302.9865861399645,302.31260398840107
2017-08-31 16:45:00,4,302.92559423790277,302.2653004615849
2017-08-31 17:00:00,4,302.85532649294885,302.20964478495796
2017-08-31 17:15:00,4,302.7754988840242,302.14569214875416
2017-08-31 17:30:00,4,302.68633203404215,302.0738985020965
2017-08-31 17:45:00,4,302.58927467965265,301.9951354427577
2017-08-31 18:00:00,4,302.4860559123215,301.9113372195916
2017-08-31 18:15:00,4,302.37768369486975,301.8240537721613
2017-08-31 18:30:00,4,302.2643135120568,301.7342193336555
2017-08-31 18:45:00,4,302.14488223624375,301.64144512049063
2017-08-31 19:00:00,4,302.0183536157555,301.54447940103427
2017-08-31 19:15:00,4,301.88660264053885,301.44204062014217
2017-08-31 19:30:00,4,301.75327563479834,301.33013398407775
2017-08-31 19:45:00,4,301.6219472512758,301.2090550276969
2017-08-31 20:00:00,4,301.49518658275224,301.0839938602159
2017-08-31 20:15:00,4,301.374284660956,300.9600589199577
2017-08-31 20:30:00,4,301.2595860457365,300.8395436982382
2017-08-31 20:45:00,4,301.1508508421502,300.7218234126513
2017-08-31 21:00:00,4,301.0475591718456,300.6114505354605
2017-08-31 21:15:00,4,300.94911713270704,300.5110636779625
2017-08-31 21:30:00,4,300.85501503026853,300.4187933171523
2017-08-31 21:45:00,4,300.7650265000912,300.3318193421328
2017-08-31 22:00:00,4,300.6790755038328,300.2486956890697
2017-08-31 22:15:00,4,300.597027237081,300.1692106369614
2017-08-31 22:30:00,4,300.5186897807696,300.09348645825963
2017-08-31 22:45:00,4,300.44393802227415,300.02152447232095
2017-08-31 23:00:00,4,300.3726638437354,299.95318503583536
2017-08-31 23:15:00,4,300.3046818165096,299.88825761128817
2017-08-31 23:30:00,4,300.2397827844067,299.8265310200273
2017-08-31 23:45:00,4,300.17787138687277,299.76785343987046
2017-09-01 00:00:00,4,300.11885711484155,299.71207601222284
