time,zone,T_model,T_ep
2017-08-01 00:15:00,1,293.7283669035047,294.3145686185165
2017-08-01 00:30:00,1,293.6842271402593,294.2702643205826
2017-08-01 00:45:00,1,293.6399653142182,294.2258387559883
2017-08-01 01:00:00,1,293.5910929976313,294.17707350947046
2017-08-01 01:15:00,1,293.53403152868765,294.1201321493958
2017-08-01 01:30:00,1,293.46700070433377,294.0531737023937
2017-08-01 01:45:00,1,293.3911782294214,293.9773148540948
2017-08-01 02:00:00,1,293.30969100787735,293.895765507947
2017-08-01 02:15:00,1,293.2255387430543,293.81190213402067
2017-08-01 02:30:00,1,293.140947233311,293.7281586543353
2017-08-01 02:45:00,1,293.05785941074015,293.6462495749873
2017-08-01 03:00:00,1,292.97799272952795,293.5675684109394
2017-08-01 03:15:00,1,292.9025094585361,293.4931548945525
2017-08-01 03:30:00,1,292.8318442926465,293.42340856281413
2017-08-01 03:45:00,1,292.7655473292359,293.3579044700668
2017-08-01 04:00:00,1,292.70267220921505,293.295675998305
2017-08-01 04:15:00,1,292.64230317397687,293.2357201508914
2017-08-01 04:30:00,1,292.5836941095143,293.1772500022466
2017-08-01 04:45:00,1,292.5261529837581,293.1196278345238
2017-08-01 05:00:00,1,292.46904633558603,293.06228800090094
2017-08-01 05:15:00,1,292.4119176794321,293.00480789342765
2017-08-01 05:30:00,1,292.35475003664607,292.94723598427197
2017-08-01 05:45:00,1,292.2989598829413,292.891112736351
2017-08-01 06:00:00,1,292.2483408485012,292.8399467680194
2017-08-01 06:15:00,1,292.2067975240548,292.79773787313906
2017-08-01 06:30:00,1,292.1775137684786,292.76812685092267
2017-08-01 06:45:00,1,292.1645772860726,292.7549421977696
2017-08-01 07:00:00,1,292.1718778727622,292.7619088627023
2017-08-01 07:15:00,1,292.20105406114664,292.79113062791765
2017-08-01 07:30:00,1,292.25133220889296,292.841654553577
2017-08-01 07:45:00,1,292.31995756839564,292.91077034393817
2017-08-01 08:00:00,1,292.40346762682987,292.99478603203016
2017-08-01 08:15:00,1,292.49893338963005,293.0896593248911
2017-08-01 08:30:00,1,292.60219743589016,293.19285105173685
2017-08-01 08:45:00,1,292.713455331388,293.297734640824
2017-08-01 09:00:00,1,292.8338540165662,293.40791834608643
2017-08-01 09:15:00,1,292.9579607526459,293.5243344973424
2017-08-01 09:30:00,1,293.0833542689962,293.6422907643697
2017-08-01 09:45:00,1,293.21937926757255,293.76876729492494
2017-08-01 10:00:00,1,293.36802295024205,293.9074519567195
2017-08-01 10:15:00,1,293.53101213410514,294.0589909289171
2017-08-01 10:30:00,1,293.7128151331793,294.22372597661416
2017-08-01 10:45:00,1,293.9013475577823,294.4044685509072
2017-08-01 11:00:00,1,294.0870045918126,294.587445649438
2017-08-01 11:15:00,1,294.2658121757178,294.76179208019977
2017-08-01 11:30:00,1,294.435600450241,294.9243202209313
2017-08-01 11:45:00,1,294.5950709364413,295.07576070825957
2017-08-01 12:00:00,1,294.743417241347,295.2168739757206
2017-08-01 12:15:00,1,294.8800716350363,295.3474180176306
2017-08-01 12:30:00,1,295.0049363547195,295.4670542071
2017-08-01 12:45:00,1,295.11929305357006,295.576762238745
2017-08-01 13:00:00,1,295.226182806649,295.67930479893585
2017-08-01 13:15:00,1,295.3290400854988,295.77798120384375
2017-08-01 13:30:00,1,295.4292486512719,295.8742109905064
2017-08-01 13:45:00,1,295.52446193326165,295.9653022991646
2017-08-01 14:00:00,1,295.60891687390705,296.051072207725
2017-08-01 14:15:00,1,295.68751114144777,296.13346459407984
2017-08-01 14:30:00,1,295.76281507155016,296.2117979161751
2017-08-01 14:45:00,1,295.8343336499139,296.28496742357237
2017-08-01 15:00:00,1,295.9024153872395,296.3529768032812
2017-08-01 15:15:00,1,295.9669917403815,296.41624235615683
2017-08-01 15:30:00,1,296.0276962904142,296.474970926961
2017-08-01 15:45:00,1,296.0845955218551,296.5292269147921
2017-08-01 16:00:00,1,296.1373508502076,296.5786669341637
2017-08-01 16:15:00,1,296.1848369782936,296.6223457520403
2017-08-01 16:30:00,1,296.2258223559283,296.65903288292276
2017-08-01 16:45:00,1,296.25928233918904,296.6876342541716
2017-08-01 17:00:00,1,296.28441563882353,296.70724502945586
2017-08-01 17:15:00,1,296.3004629121982,296.7170848102464
2017-08-01 17:30:00,1,296.3077598495977,296.7171237626365
2017-08-01 17:45:00,1,296.30964818775374,296.70905854484715
2017-08-01 18:00:00,1,296.3013076327832,296.6921994889715
2017-08-01 18:15:00,1,296.27715852012483,296.66267709500465
2017-08-01 18:30:00,1,296.2381183050724,296.6194513857091
2017-08-01 18:45:00,1,296.18503401109984,296.56333226002204
2017-08-01 19:00:00,1,296.11732424529845,296.4945799791844
2017-08-01 19:15:00,1,296.0306838735063,296.41199653278187
2017-08-01 19:30:00,1,295.92396594429283,296.3126879669452
2017-08-01 19:45:00,1,295.79537296613023,296.1917433812163
2017-08-01 20:00:00,1,295.6424716771022,296.0483085737096
2017-08-01 20:15:00,1,295.47225898186304,295.88888433673384
2017-08-01 20:30:00,1,295.2961991197612,295.72357409292187
2017-08-01 20:45:00,1,295.1220767762466,295.5602406158959
2017-08-01 21:00:00,1,294.9530731839821,295.4050016478917
2017-08-01 21:15:00,1,294.7928946501051,295.26167196534044
2017-08-01 21:30:00,1,294.6465275540026,295.1251668268834
2017-08-01 21:45:00,1,294.51511223370443,294.9934861500417
2017-08-01 22:00:00,1,294.3904452354282,294.86779251800795
2017-08-01 22:15:00,1,294.276441565144,294.75243967123197
2017-08-01 22:30:00,1,294.17766001756024,294.65348861104167
2017-08-01 22:45:00,1,294.0913079375161,294.5695706009505
2017-08-01 23:00:00,1,294.01470498846976,294.49606529130097
2017-08-01 23:15:00,1,293.9459180889925,294.4294815401702
2017-08-01 23:30:00,1,293.8836117478117,294.36835858647646
2017-08-01 23:45:00,1,293.8268905685614,294.31227516052775
2017-08-02 00:00:00,1,293.7751083794253,294.2609232967814
2017-08-02 00:15:00,1,293.72772401318554,294.21383844226654
2017-08-02 00:30:00,1,293.6841396258132,294.1703630932673
2017-08-02 00:45:00,1,293.64342778595164,294.12961302299675
2017-08-02 01:00:00,1,293.6045584234536,294.09062768039564
2017-08-02 01:15:00,1,293.5667353347712,294.0527398839573
2017-08-02 01:30:00,1,293.52949697520484,294.0154892464007
2017-08-02 01:45:00,1,293.4927695464299,293.9786700433015
2017-08-02 02:00:00,1,293.4566686685802,293.9423312891014
2017-08-02 02:15:00,1,293.4212829127381,293.90662478829057
2017-08-02 02:30:00,1,293.3866762865706,293.8716885108763
2017-08-02 02:45:00,1,293.35304004155546,293.8376967761474
2017-08-02 03:00:00,1,293.32062710382684,293.8048649568027
2017-08-02 03:15:00,1,293.2896016047877,293.77336418548725
2017-08-02 03:30:00,1,293.2599769365376,293.74321721920506
2017-08-02 03:45:00,1,293.23155077279904,293.71424427956913
2017-08-02 04:00:00,1,293.20400357891555,293.6861352084903
2017-08-02 04:15:00,1,293.1770394214569,293.658578248456
2017-08-02 04:30:00,1,293.1503736528227,293.63127018298127
2017-08-02 04:45:00,1,293.1236023285159,293.6038490166759
2017-08-02 05:00:00,1,293.0963023262725,293.5759322896976
2017-08-02 05:15:00,1,293.0681875500201,293.54723254153004
2017-08-02 05:30:00,1,293.03928442536113,293.51782228896974
2017-08-02 05:45:00,1,293.0108595719154,293.489052784295
2017-08-02 06:00:00,1,292.98657127708816,293.46418999325607
2017-08-02 06:15:00,1,292.97042711762407,293.447167289282
2017-08-02 06:30:00,1,292.9649842167741,293.4410097873693
2017-08-02 06:45:00,1,292.97140854539975,293.4471938845848
2017-08-02 07:00:00,1,292.99003842129537,293.4658480992131
2017-08-02 07:15:00,1,293.0199118112521,293.4959313364319
2017-08-02 07:30:00,1,293.05895045790544,293.53555869078883
2017-08-02 07:45:00,1,293.103903726388,293.5815427952938
2017-08-02 08:00:00,1,293.14964075466577,293.6302317808037
2017-08-02 08:15:00,1,293.19874526697214,293.67713480673154
2017-08-02 08:30:00,1,293.25383120882833,293.72708367027434
2017-08-02 08:45:00,1,293.3165815861115,293.78476169723956
2017-08-02 09:00:00,1,293.38778162284086,293.8520291878744
2017-08-02 09:15:00,1,293.46529380475886,293.9281041765564
2017-08-02 09:30:00,1,293.55192897412303,294.01088183692633
2017-08-02 09:45:00,1,293.6569219135413,294.107189621461
2017-08-02 10:00:00,1,293.7815410496127,294.2209458830712
2017-08-02 10:15:00,1,293.92792606700556,294.3532551485184
2017-08-02 10:30:00,1,294.0870453845798,294.50554913407854
2017-08-02 10:45:00,1,294.25044965175664,294.6659576510392
2017-08-02 11:00:00,1,294.4128354199276,294.8240050195232
2017-08-02 11:15:00,1,294.57031439888425,294.97492460435336
2017-08-02 11:30:00,1,294.7207256256251,295.11802141580176
2017-08-02 11:45:00,1,294.86417034012715,295.2544616599123
2017-08-02 12:00:00,1,295.00201818684195,295.38579388577307
2017-08-02 12:15:00,1,295.1352109142813,295.51300841296745
2017-08-02 12:30:00,1,295.2635578275291,295.63608545893567
2017-08-02 12:45:00,1,295.3866016247568,295.7546148029628
2017-08-02 13:00:00,1,295.50528281143113,295.8691465863203
2017-08-02 13:15:00,1,295.6216426715585,295.9812572679881
2017-08-02 13:30:00,1,295.7365250077784,296.0917576536794
2017-08-02 13:45:00,1,295.8480493790452,296.1981183629316
2017-08-02 14:00:00,1,295.9509905223237,296.3027708617633
2017-08-02 14:15:00,1,296.0532703211813,296.4090928116583
2017-08-02 14:30:00,1,296.1570187007026,296.51576838025676
2017-08-02 14:45:00,1,296.25908570152967,296.61905976245913
2017-08-02 15:00:00,1,296.3564788162466,296.7156391352764
2017-08-02 15:15:00,1,296.4467048330636,296.8033708972874
2017-08-02 15:30:00,1,296.5276094979255,296.8806601623488
2017-08-02 15:45:00,1,296.59669078299794,296.9455204147465
2017-08-02 16:00:00,1,296.6511415370336,296.9955137411969
2017-08-02 16:15:00,1,296.6887861425769,297.02861671280834
2017-08-02 16:30:00,1,296.7092347495043,297.0445257652298
2017-08-02 16:45:00,1,296.71469918310913,297.0451956010255
2017-08-02 17:00:00,1,296.70803117273607,297.03334211024014
2017-08-02 17:15:00,1,296.6908873865469,297.0107761821791
2017-08-02 17:30:00,1,296.6650617949662,296.97871629336737
2017-08-02 17:45:00,1,296.63434733665144,296.939779387041
2017-08-02 18:00:00,1,296.59101917024816,296.89078005200605
2017-08-02 18:15:00,1,296.5325068085727,296.82882701844653
2017-08-02 18:30:00,1,296.45991778189983,296.7539124673664
2017-08-02 18:45:00,1,296.37427345703907,296.66723608216915
2017-08-02 19:00:00,1,296.2726648341455,296.56930846358404
2017-08-02 19:15:00,1,296.1538709150556,296.45852393531595
2017-08-02 19:30:00,1,296.0171947884465,296.33024182182027
2017-08-02 19:45:00,1,295.86106165937383,296.1823568141489
2017-08-02 20:00:00,1,295.68441516444216,296.0163548138787
2017-08-02 20:15:00,1,295.4951325950636,295.8394268809392
2017-08-02 20:30:00,1,295.30350987395553,295.66095735734814
2017-08-02 20:45:00,1,295.11638007815407,295.49108729206364
2017-08-02 21:00:00,1,294.94024288841746,295.3326425002181
2017-08-02 21:15:00,1,294.77973761803895,295.1779808213507
2017-08-02 21:30:00,1,294.62456726120485,295.02296341490546
2017-08-02 21:45:00,1,294.47487782731866,294.8700245049194
2017-08-02 22:00:00,1,294.3360513486221,294.7298104950638
2017-08-02 22:15:00,1,294.2056101937556,294.60274152288474
2017-08-02 22:30:00,1,294.08161342216323,294.4837656866706
2017-08-02 22:45:00,1,293.96282607349383,294.36906188195485
2017-08-02 23:00:00,1,293.84849036411106,294.25761320085275
2017-08-02 23:15:00,1,293.73816013776815,294.1496690749341
2017-08-02 23:30:00,1,293.631735621141,294.0456014611891
2017-08-02 23:45:00,1,293.5298565959291,293.9459427974561
2017-08-03 00:00:00,1,293.4333858040787,293.8513827492903
2017-08-03 00:15:00,1,293.34281563171476,293.7624341935004
2017-08-03 00:30:00,1,293.2583887398913,293.67941444940345
2017-08-03 00:45:00,1,293.180667809487,293.6027830369891
2017-08-03 01:00:00,1,293.11031621754097,293.53312285595064
2017-08-03 01:15:00,1,293.04763539051413,293.4708000977375
2017-08-03 01:30:00,1,292.9926337977908,293.41591523166034
2017-08-03 01:45:00,1,292.9454485082818,293.36857178987833
2017-08-03 02:00:00,1,292.9062885453023,293.3291058517071
2017-08-03 02:15:00,1,292.8751904615091,293.297570636903
2017-08-03 02:30:00,1,292.85171197592945,293.27343302905365
2017-08-03 02:45:00,1,292.8342388153376,293.25530432399
2017-08-03 03:00:00,1,292.82060181387146,293.2407355029115
2017-08-03 03:15:00,1,292.80904347257615,293.2278213219708
2017-08-03 03:30:00,1,292.798405245406,293.2155037206311
2017-08-03 03:45:00,1,292.7879501437766,293.2032486531563
2017-08-03 04:00:00,1,292.77721870237576,293.19073529750443
2017-08-03 04:15:00,1,292.76595394180436,293.17774951777005
2017-08-03 04:30:00,1,292.7540276080326,293.1641673889156
2017-08-03 04:45:00,1,292.7413663549669,293.14992614140374
2017-08-03 05:00:00,1,292.7279218934393,293.13499170099425
2017-08-03 05:15:00,1,292.71368382351244,293.11935466209394
2017-08-03 05:30:00,1,292.6987324956458,293.10310978758525
2017-08-03 05:45:00,1,292.68384702481876,293.0871236364376
2017-08-03 06:00:00,1,292.6717139823989,293.07378841588314
2017-08-03 06:15:00,1,292.665689921313,293.06629054084146
2017-08-03 06:30:00,1,292.66810227951953,293.0672643568271
2017-08-03 06:45:00,1,292.6803970874222,293.0783012397459
2017-08-03 07:00:00,1,292.7031211202602,293.09983732046027
2017-08-03 07:15:00,1,292.7350503453767,293.13070981252156
2017-08-03 07:30:00,1,292.7737452831963,293.16816012075736
2017-08-03 07:45:00,1,292.81643538203105,293.20887058151334
2017-08-03 08:00:00,1,292.86102372264105,293.25074017648075
2017-08-03 08:15:00,1,292.90722478725905,293.2936123657246
2017-08-03 08:30:00,1,292.9560002683896,293.3385274301737
2017-08-03 08:45:00,1,293.00789321748067,293.386412949722
2017-08-03 09:00:00,1,293.0622795324322,293.43745260975663
2017-08-03 09:15:00,1,293.11850010728637,293.49124482919467
2017-08-03 09:30:00,1,293.1752162158053,293.5471045708951
2017-08-03 09:45:00,1,293.2343272194815,293.60309374754405
2017-08-03 10:00:00,1,293.29651772926246,293.6613011322289
2017-08-03 10:15:00,1,293.3610301215364,293.7232153783203
2017-08-03 10:30:00,1,293.429086754761,293.7881982336914
2017-08-03 10:45:00,1,293.5047212347802,293.8600988695866
2017-08-03 11:00:00,1,293.5905732520698,293.94110003267946
2017-08-03 11:15:00,1,293.6901543284213,294.03423826838883
2017-08-03 11:30:00,1,293.8071757496533,294.1414081061609
2017-08-03 11:45:00,1,293.9363385402026,294.2660913223578
2017-08-03 12:00:00,1,294.07117981473937,294.3999375349371
2017-08-03 12:15:00,1,294.2064167200407,294.53343449976234
2017-08-03 12:30:00,1,294.3368067882567,294.66020831085245
2017-08-03 12:45:00,1,294.4587895145019,294.777388359601
2017-08-03 13:00:00,1,294.5705854148639,294.8840578173601
2017-08-03 13:15:00,1,294.67020925692657,294.97920531855834
2017-08-03 13:30:00,1,294.7557248692043,295.0616781820684
2017-08-03 13:45:00,1,294.82758203604584,295.13163443367944
2017-08-03 14:00:00,1,294.88848030040674,295.1913899269573
2017-08-03 14:15:00,1,294.943140473787,295.2452722038177
2017-08-03 14:30:00,1,294.9965068657235,295.2979501187158
2017-08-03 14:45:00,1,295.0514458717359,295.35245288823603
2017-08-03 15:00:00,1,295.1093290016259,295.4102547251962
2017-08-03 15:15:00,1,295.17204257532364,295.4724922540207
2017-08-03 15:30:00,1,295.2405825200289,295.53975936693223
2017-08-03 15:45:00,1,295.31448118781464,295.6118704356157
2017-08-03 16:00:00,1,295.3933765544611,295.68812386387435
2017-08-03 16:15:00,1,295.47583101875915,295.7669409148945
2017-08-03 16:30:00,1,295.55943230813966,295.8460350723749
2017-08-03 16:45:00,1,295.6424301879788,295.9234437773816
2017-08-03 17:00:00,1,295.72164831824864,295.99497048010255
2017-08-03 17:15:00,1,295.78566201434734,296.05048146340613
2017-08-03 17:30:00,1,295.82190045920436,296.0779801912488
2017-08-03 17:45:00,1,295.82145978679097,296.06921155083705
2017-08-03 18:00:00,1,295.77511648679564,296.019528954045
2017-08-03 18:15:00,1,295.69635771815314,295.9393839169446
2017-08-03 18:30:00,1,295.6032723469177,295.84563575588396
2017-08-03 18:45:00,1,295.5077463220563,295.7511158810333
2017-08-03 19:00:00,1,295.4147804573665,295.6603905656548
2017-08-03 19:15:00,1,295.3216557381797,295.570277607054
2017-08-03 19:30:00,1,295.2191735090897,295.4742005167348
2017-08-03 19:45:00,1,295.0997422913655,295.3644241384243
2017-08-03 20:00:00,1,294.9611068114759,295.23624088286203
2017-08-03 20:15:00,1,294.80768658925217,295.0937417496495
2017-08-03 20:30:00,1,294.64706782694,294.94632896539866
2017-08-03 20:45:00,1,294.49009858160747,294.8070832819768
2017-08-03 21:00:00,1,294.34602885652845,294.67232740698984
2017-08-03 21:15:00,1,294.214157896547,294.54007307337145
2017-08-03 21:30:00,1,294.089685564384,294.4119775321559
2017-08-03 21:45:00,1,293.9773801744879,294.29780621392206
2017-08-03 22:00:00,1,293.87553903327233,294.1983691289004
2017-08-03 22:15:00,1,293.7826609124865,294.1095173511417
2017-08-03 22:30:00,1,293.69769427714436,294.02783244056286
2017-08-03 22:45:00,1,293.61979385243154,293.95207366960227
2017-08-03 23:00:00,1,293.54822044658385,293.88203366619115
2017-08-03 23:15:00,1,293.4823160854908,293.8174567053706
2017-08-03 23:30:00,1,293.42149202520113,293.7578037192374
2017-08-03 23:45:00,1,293.36521236725184,293.7024618354797
2017-08-04 00:00:00,1,293.3129919313359,293.65091478143387
2017-08-04 00:15:00,1,293.2644011045346,293.60276204499036
2017-08-04 00:30:00,1,293.21905643957257,293.5576647112093
2017-08-04 00:45:00,1,293.17659847857874,293.51530245546724
2017-08-04 01:00:00,1,293.13669939667005,293.4753735067361
2017-08-04 01:15:00,1,293.09907331158655,293.4377406007004
2017-08-04 01:30:00,1,293.0633670103599,293.40202294679807
2017-08-04 01:45:00,1,293.02888636399507,293.36750049499966
2017-08-04 02:00:00,1,292.9948197021973,293.33336309600327
2017-08-04 02:15:00,1,292.96057133880635,293.29898642571237
2017-08-04 02:30:00,1,292.92588714120467,293.2641235988618
2017-08-04 02:45:00,1,292.890998012815,293.22897353633437
2017-08-04 03:00:00,1,292.8563332209274,293.1939674373579
2017-08-04 03:15:00,1,292.82217155289766,293.1594569373658
2017-08-04 03:30:00,1,292.7886506179286,293.12563272199617
2017-08-04 03:45:00,1,292.75599093688317,293.0926778700088
2017-08-04 04:00:00,1,292.7244980674576,293.0608499535152
2017-08-04 04:15:00,1,292.6944144649847,293.03040129065903
2017-08-04 04:30:00,1,292.6658345396044,293.0014448768081
2017-08-04 04:45:00,1,292.6386326018788,292.9738702981339
2017-08-04 05:00:00,1,292.6125387804183,292.9474011560211
2017-08-04 05:15:00,1,292.58728364763164,292.9217419527774
2017-08-04 05:30:00,1,292.56269333423563,292.89671336670733
2017-08-04 05:45:00,1,292.53918974105284,292.8728513993498
2017-08-04 06:00:00,1,292.51901316745347,292.8521890204206
2017-08-04 06:15:00,1,292.5052788826046,292.83770733423626
2017-08-04 06:30:00,1,292.50020912288676,292.8318592223087
2017-08-04 06:45:00,1,292.50460953702355,292.835587802634
2017-08-04 07:00:00,1,292.5176874543798,292.84785832436876
2017-08-04 07:15:00,1,292.5363245879479,292.8655605998201
2017-08-04 07:30:00,1,292.5566182843043,292.8848925914193
2017-08-04 07:45:00,1,292.57622008728276,292.9032417612603
2017-08-04 08:00:00,1,292.5947343101428,292.91998031315336
2017-08-04 08:15:00,1,292.61388850544256,292.93695419035777
2017-08-04 08:30:00,1,292.63618673896156,292.9568358629348
2017-08-04 08:45:00,1,292.6627803156613,292.9810784143555
2017-08-04 09:00:00,1,292.693206464002,293.0092971829489
2017-08-04 09:15:00,1,292.7260715449829,293.03993925440665
2017-08-04 09:30:00,1,292.7599681873364,293.0714933419477
2017-08-04 09:45:00,1,292.7944007955939,293.10336449585566
2017-08-04 10:00:00,1,292.829683180534,293.13582434791846
2017-08-04 10:15:00,1,292.8661605829942,293.169409649107
2017-08-04 10:30:00,1,292.90328459038255,293.20440271111744
2017-08-04 10:45:00,1,292.94014979872327,293.2402718914631
2017-08-04 11:00:00,1,292.9771990618404,293.2758183156911
2017-08-04 11:15:00,1,293.0143763730492,293.3103484549453
2017-08-04 11:30:00,1,293.0516899407408,293.3448045721111
2017-08-04 11:45:00,1,293.089504380071,293.38018762702035
2017-08-04 12:00:00,1,293.12833227666056,293.41717578647643
2017-08-04 12:15:00,1,293.1682680111843,293.4561817508511
2017-08-04 12:30:00,1,293.21027837050127,293.49707019219403
2017-08-04 12:45:00,1,293.2576543818615,293.5414123327197
2017-08-04 13:00:00,1,293.31170144542114,293.5919324182037
2017-08-04 13:15:00,1,293.37675336730496,293.65204407579665
2017-08-04 13:30:00,1,293.4610887949958,293.7281817789892
2017-08-04 13:45:00,1,293.56597378990466,293.82864202723374
2017-08-04 14:00:00,1,293.6901519029084,293.95179048412587
2017-08-04 14:15:00,1,293.8319820568336,294.09268643949497
2017-08-04 14:30:00,1,293.98866742988633,294.24668524820794
2017-08-04 14:45:00,1,294.1565401174225,294.4100318263071
2017-08-04 15:00:00,1,294.33020065287855,294.5774613769814
2017-08-04 15:15:00,1,294.4988026087633,294.7393198171172
2017-08-04 15:30:00,1,294.65056243240184,294.88465223689144
2017-08-04 15:45:00,1,294.77994437976537,295.0070781883226
2017-08-04 16:00:00,1,294.88574732346456,295.105096990251
2017-08-04 16:15:00,1,294.96646586883026,295.17866597716426
2017-08-04 16:30:00,1,295.0209254235153,295.227185787518
2017-08-04 16:45:00,1,295.0480877680929,295.24999955101043
2017-08-04 17:00:00,1,295.0486027872064,295.2477408917776
2017-08-04 17:15:00,1,295.0245435051897,295.2219720135492
2017-08-04 17:30:00,1,294.97767960566176,295.1747606729123
2017-08-04 17:45:00,1,294.9114497928085,295.10939411015147
2017-08-04 18:00:00,1,294.8306382647939,295.02954998595936
2017-08-04 18:15:00,1,294.7397759148121,294.9411016391172
2017-08-04 18:30:00,1,294.64925771039015,294.8525855376731
2017-08-04 18:45:00,1,294.5663720522645,294.7709093541087
2017-08-04 19:00:00,1,294.4924236481207,294.6979753087896
2017-08-04 19:15:00,1,294.42287329853644,294.6303196479994
2017-08-04 19:30:00,1,294.34781407456126,294.5619096950552
2017-08-04 19:45:00,1,294.2593878141135,294.48052031480086
2017-08-04 20:00:00,1,294.1521878204943,294.38107610546524
2017-08-04 20:15:00,1,294.0280885295063,294.267096390061
2017-08-04 20:30:00,1,293.89740576543113,294.1484807193638
2017-08-04 20:45:00,1,293.77120609644123,294.030702093769
2017-08-04 21:00:00,1,293.65268583867316,293.9124750100613
2017-08-04 21:15:00,1,293.5408699181253,293.7986160468415
2017-08-04 21:30:00,1,293.4365682347445,293.6944720981861
2017-08-04 21:45:00,1,293.33907769311645,293.6000428770923
2017-08-04 22:00:00,1,293.2481070856217,293.5129619751634
2017-08-04 22:15:00,1,293.1633132914614,293.4314670680659
2017-08-04 22:30:00,1,293.08423452993566,293.35494377988175
2017-08-04 22:45:00,1,293.01045711722196,293.2832709646235
2017-08-04 23:00:00,1,292.94164860117286,293.2162948026071
2017-08-04 23:15:00,1,292.877494344308,293.1537235478139
2017-08-04 23:30:00,1,292.8176748550671,293.09521943721273
2017-08-04 23:45:00,1,292.7618829515072,293.04047620518713
2017-08-05 00:00:00,1,292.7098234967977,292.98922390551917
2017-08-05 00:15:00,1,292.661205860177,292.94120674258255
2017-08-05 00:30:00,1,292.61580505220417,292.89624324085514
2017-08-05 00:45:00,1,292.57362505699666,292.8543279668205
2017-08-05 01:00:00,1,292.53479672009564,292.8157220971592
2017-08-05 01:15:00,1,292.49938211385216,292.78048200525086
2017-08-05 01:30:00,1,292.46720540278966,292.7483095829678
2017-08-05 01:45:00,1,292.43755900213415,292.71852095665037
2017-08-05 02:00:00,1,292.4094800317614,292.6902273040089
2017-08-05 02:15:00,1,292.38216542966404,292.662635875792
2017-08-05 02:30:00,1,292.3551374719022,292.6352943498135
2017-08-05 02:45:00,1,292.3283907373149,292.60818437014353
2017-08-05 03:00:00,1,292.30216815642086,292.58155209019725
2017-08-05 03:15:00,1,292.276672807245,292.55562527347325
2017-08-05 03:30:00,1,292.2519832303245,292.5304936484665
2017-08-05 03:45:00,1,292.2280193447341,292.50608232057573
2017-08-05 04:00:00,1,292.20459981631194,292.4822076424635
2017-08-05 04:15:00,1,292.18154306168555,292.45867763908825
2017-08-05 04:30:00,1,292.15874331761347,292.4353826851038
2017-08-05 04:45:00,1,292.1362135934109,292.4123311903042
2017-08-05 05:00:00,1,292.1140286880857,292.3896067416118
2017-08-05 05:15:00,1,292.09225638640845,292.3672966771539
2017-08-05 05:30:00,1,292.07095080100123,292.34547684918545
2017-08-05 05:45:00,1,292.05063023881826,292.324782597663
2017-08-05 06:00:00,1,292.0335846111657,292.30730059922337
2017-08-05 06:15:00,1,292.02310743393804,292.29617454274387
2017-08-05 06:30:00,1,292.0217750745606,292.29424203376306
2017-08-05 06:45:00,1,292.031037550382,292.30309648481426
2017-08-05 07:00:00,1,292.0509318575875,292.3225938610708
2017-08-05 07:15:00,1,292.07920456567433,292.3504421101093
2017-08-05 07:30:00,1,292.1123811356719,292.38315631671173
2017-08-05 07:45:00,1,292.14725938029295,292.416688769275
2017-08-05 08:00:00,1,292.1817998899688,292.44896837904685
2017-08-05 08:15:00,1,292.21603194775525,292.48037246304716
2017-08-05 08:30:00,1,292.25133815815246,292.5126565401266
2017-08-05 08:45:00,1,292.2892857168715,292.5477965825029
2017-08-05 09:00:00,1,292.331250743262,292.58725682124316
2017-08-05 09:15:00,1,292.3788654502202,292.6322689719907
2017-08-05 09:30:00,1,292.43257762390925,292.6835965729936
2017-08-05 09:45:00,1,292.49061232546796,292.7405211023012
2017-08-05 10:00:00,1,292.55378330689024,292.80027305217163
2017-08-05 10:15:00,1,292.6206889055942,292.86355926645143
2017-08-05 10:30:00,1,292.69160369775994,292.9309897537584
2017-08-05 10:45:00,1,292.77426573560484,293.0086611485099
2017-08-05 11:00:00,1,292.8711842199509,293.100177676344
2017-08-05 11:15:00,1,292.98369054053023,293.20556226487355
2017-08-05 11:30:00,1,293.1105522592161,293.32618062052245
2017-08-05 11:45:00,1,293.24451249136513,293.4585659190707
2017-08-05 12:00:00,1,293.38352078157106,293.5963509120358
2017-08-05 12:15:00,1,293.5263375467162,293.73596078559956
2017-08-05 12:30:00,1,293.67095761996563,293.8758578892756
2017-08-05 12:45:00,1,293.8145299998708,294.01449520159827
2017-08-05 13:00:00,1,293.955011670522,294.15038806769326
2017-08-05 13:15:00,1,294.09172848484656,294.2828189812959
2017-08-05 13:30:00,1,294.2248372493795,294.4121103867285
2017-08-05 13:45:00,1,294.3563010411351,294.53993558093066
2017-08-05 14:00:00,1,294.4873391996598,294.6670885218179
2017-08-05 14:15:00,1,294.613498299836,294.78993014396696
2017-08-05 14:30:00,1,294.72721281015527,294.90103588797797
2017-08-05 14:45:00,1,294.8216184354925,294.99286925565684
2017-08-05 15:00:00,1,294.89269860584733,295.0616216548302
2017-08-05 15:15:00,1,294.9423881408539,295.1089124992726
2017-08-05 15:30:00,1,294.9756105826144,295.1397967082168
2017-08-05 15:45:00,1,294.99644591586133,295.1590472790422
2017-08-05 16:00:00,1,295.0070851062732,295.16900117469055
2017-08-05 16:15:00,1,295.0075396093852,295.16949196534046
2017-08-05 16:30:00,1,294.99633843573423,295.1586686197692
2017-08-05 16:45:00,1,294.9710836310778,295.13414411037326
2017-08-05 17:00:00,1,294.93072606918946,295.0946834235225
2017-08-05 17:15:00,1,294.875429200986,295.04034859740204
2017-08-05 17:30:00,1,294.8056774867742,294.971858552572
2017-08-05 17:45:00,1,294.72226968515093,294.8900977996901
2017-08-05 18:00:00,1,294.62745535286825,294.79787076608557
2017-08-05 18:15:00,1,294.5288247557401,294.70011304256747
2017-08-05 18:30:00,1,294.4313583495918,294.60268510846663
2017-08-05 18:45:00,1,294.34066442096366,294.51184768140035
2017-08-05 19:00:00,1,294.2585107439383,294.43002702879227
2017-08-05 19:15:00,1,294.1812857039854,294.35454503917646
2017-08-05 19:30:00,1,294.10013141594635,294.27957615438004
2017-08-05 19:45:00,1,294.0074635952569,294.19549782300606
2017-08-05 20:00:00,1,293.9002222838011,294.0969511962148
2017-08-05 20:15:00,1,293.7809277237198,293.9869371504978
2017-08-05 20:30:00,1,293.6588033475074,293.87436961960253
2017-08-05 20:45:00,1,293.5411976438181,293.76050961789997
2017-08-05 21:00:00,1,293.42683812540474,293.6456453053738
2017-08-05 21:15:00,1,293.3183834818891,293.53419643802357
2017-08-05 21:30:00,1,293.21881345863176,293.4333725633239
2017-08-05 21:45:00,1,293.127273331387,293.3438556001991
2017-08-05 22:00:00,1,293.0430866796857,293.2628882219143
2017-08-05 22:15:00,1,292.96574779105174,293.18822036677125
2017-08-05 22:30:00,1,292.894744010577,293.1190386155472
2017-08-05 22:45:00,1,292.82940908693826,293.0550681027821
2017-08-05 23:00:00,1,292.76897453594154,292.99583637752596
2017-08-05 23:15:00,1,292.7127316278615,292.9406560689724
2017-08-05 23:30:00,1,292.6601274546242,292.8888988405407
2017-08-05 23:45:00,1,292.6107713648026,292.8401442794343
2017-08-06 00:00:00,1,292.5643730166728,292.79413922912687
2017-08-06 00:15:00,1,292.5206869780118,292.7506924527818
2017-08-06 00:30:00,1,292.4794203831169,292.7095305959865
2017-08-06 00:45:00,1,292.4400451418118,292.6701779603393
2017-08-06 01:00:00,1,292.4019218467982,292.63217573756395
2017-08-06 01:15:00,1,292.3645273095851,292.59497337769284
2017-08-06 01:30:00,1,292.3275762323201,292.55819187382895
2017-08-06 01:45:00,1,292.2911800195131,292.5218737599966
2017-08-06 02:00:00,1,292.25567469539396,292.4863542070382
2017-08-06 02:15:00,1,292.2213462068395,292.45197391433334
2017-08-06 02:30:00,1,292.1883514234134,292.41891788287984
2017-08-06 02:45:00,1,292.1567392690507,292.3872230638577
2017-08-06 03:00:00,1,292.12648854257134,292.35684809229247
2017-08-06 03:15:00,1,292.0975380373552,292.3277239552819
2017-08-06 03:30:00,1,292.0698064673115,292.2997728875176
2017-08-06 03:45:00,1,292.04320464907926,292.27291260481365
2017-08-06 04:00:00,1,292.0176425818398,292.24705904779466
2017-08-06 04:15:00,1,291.99303335451157,292.22213024127535
2017-08-06 04:30:00,1,291.9692951411801,292.19804979849215
2017-08-06 04:45:00,1,291.9463520715792,292.17475118041426
2017-08-06 05:00:00,1,291.92413445633787,292.15215368100127
2017-08-06 05:15:00,1,291.9025785347572,292.13018580520156
2017-08-06 05:30:00,1,291.8816289767854,292.1088053700651
2017-08-06 05:45:00,1,291.8616381408657,292.08848690430534
2017-08-06 06:00:00,1,291.8445802304251,292.0710390538178
2017-08-06 06:15:00,1,291.83345595855434,292.05930750728817
2017-08-06 06:30:00,1,291.83063851452806,292.0558432119647
2017-08-06 06:45:00,1,291.8371542355622,292.06182240420964
2017-08-06 07:00:00,1,291.85238033847094,292.0764408176731
2017-08-06 07:15:00,1,291.87341082723464,292.09680913728687
2017-08-06 07:30:00,1,291.8965858334145,292.11938526612346
2017-08-06 07:45:00,1,291.91976673844175,292.14159337142974
2017-08-06 08:00:00,1,291.94290263599186,292.163246540442
2017-08-06 08:15:00,1,291.9687404752753,292.187127426947
2017-08-06 08:30:00,1,292.0011056706749,292.2173199168076
2017-08-06 08:45:00,1,292.0423385503748,292.2565567031638
2017-08-06 09:00:00,1,292.09285900418206,292.30518804344143
2017-08-06 09:15:00,1,292.1514313801289,292.36162657417236
2017-08-06 09:30:00,1,292.21502274438484,292.4234261695052
2017-08-06 09:45:00,1,292.2817700312373,292.48631900182215
2017-08-06 10:00:00,1,292.35207914906243,292.551701683079
2017-08-06 10:15:00,1,292.42408007599767,292.6190374472096
2017-08-06 10:30:00,1,292.50071058754884,292.69201869655524
2017-08-06 10:45:00,1,292.5864957543109,292.7738468884173
2017-08-06 11:00:00,1,292.67895797299593,292.8623792308102
2017-08-06 11:15:00,1,292.7754715771209,292.9532290430087
2017-08-06 11:30:00,1,292.87208037485215,293.04577461743384
2017-08-06 11:45:00,1,292.963860971258,293.13633417925087
2017-08-06 12:00:00,1,293.0520091383387,293.22320629020203
2017-08-06 12:15:00,1,293.1397095300814,293.3083448781031
2017-08-06 12:30:00,1,293.2300916560948,293.3954174581505
2017-08-06 12:45:00,1,293.32593199444545,293.4879681430141
2017-08-06 13:00:00,1,293.42986165061797,293.58882154037406
2017-08-06 13:15:00,1,293.5436611999311,293.6998128717457
2017-08-06 13:30:00,1,293.66852816297086,293.8220014964972
2017-08-06 13:45:00,1,293.8060022437475,293.9562767070504
2017-08-06 14:00:00,1,293.95595644889664,294.1025900688904
2017-08-06 14:15:00,1,294.1159583782466,294.25892969624687
2017-08-06 14:30:00,1,294.28235463143335,294.4214012783787
2017-08-06 14:45:00,1,294.4501944698572,294.5847404193892
2017-08-06 15:00:00,1,294.613879749008,294.74325467861394
2017-08-06 15:15:00,1,294.76825394777626,294.8917930827572
2017-08-06 15:30:00,1,294.90894483229516,295.0261298648518
2017-08-06 15:45:00,1,295.0323425476858,295.14301016013815
2017-08-06 16:00:00,1,295.13596914638646,295.2402156929994
2017-08-06 16:15:00,1,295.2183803172087,295.31653163982975
2017-08-06 16:30:00,1,295.27946180246636,295.3719074048398
2017-08-06 16:45:00,1,295.32094015900634,295.40801040453306
2017-08-06 17:00:00,1,295.3450219709451,295.42704766205867
2017-08-06 17:15:00,1,295.3528998292766,295.4302780249684
2017-08-06 17:30:00,1,295.3456287370759,295.418389336863
2017-08-06 17:45:00,1,295.3260156852191,295.3929366519362
2017-08-06 18:00:00,1,295.2960747306812,295.3578688481376
2017-08-06 18:15:00,1,295.2488036674317,295.3082887305454
2017-08-06 18:30:00,1,295.1852973075279,295.24380635076625
2017-08-06 18:45:00,1,295.1085341749851,295.16700894110664
2017-08-06 19:00:00,1,295.02063946303633,295.0805063182372
2017-08-06 19:15:00,1,294.9192085708789,294.98502517906957
2017-08-06 19:30:00,1,294.80243491397874,294.87753570464645
2017-08-06 19:45:00,1,294.66614527133817,294.750962873686
2017-08-06 20:00:00,1,294.507061622722,294.6028782568133
2017-08-06 20:15:00,1,294.33071946936565,294.43858146784544
2017-08-06 20:30:00,1,294.14687548690046,294.26713337781274
2017-08-06 20:45:00,1,293.9616213662865,294.09670369798977
2017-08-06 21:00:00,1,293.78074009374643,293.9376148847233
2017-08-06 21:15:00,1,293.6144684724359,293.7830913946719
2017-08-06 21:30:00,1,293.4602242805357,293.63015567039264
2017-08-06 21:45:00,1,293.3112192848658,293.48043766152784
2017-08-06 22:00:00,1,293.17935431030844,293.34566861031203
2017-08-06 22:15:00,1,293.0659008147416,293.2329528437068
2017-08-06 22:30:00,1,292.9695793376301,293.1403008453468
2017-08-06 22:45:00,1,292.8881085804692,293.06251502999567
2017-08-06 23:00:00,1,292.81851689718764,292.99540528312286
2017-08-06 23:15:00,1,292.7580992376237,292.9364578778262
2017-08-06 23:30:00,1,292.7046569896063,292.8839651470082
2017-08-06 23:45:00,1,292.65620179746236,292.8362804018395
2017-08-07 00:00:00,1,292.61102444964746,292.7917894268836
2017-08-07 00:15:00,1,292.56790022662403,292.74921314567337
2017-08-07 00:30:00,1,292.52612208385403,292.70782644336356
2017-08-07 00:45:00,1,292.48554394122795,292.66746808334346
2017-08-07 01:00:00,1,292.4462913691702,292.628282312794
2017-08-07 01:15:00,1,292.40843934444905,292.5905427272024
2017-08-07 01:30:00,1,292.37194649352716,292.55424403967544
2017-08-07 01:45:00,1,292.3367698762902,292.51923418948655
2017-08-07 02:00:00,1,292.3029036142376,292.48543395078457
2017-08-07 02:15:00,1,292.27033865538175,292.45284605729614
2017-08-07 02:30:00,1,292.239057601859,292.4215018011587
2017-08-07 02:45:00,1,292.2090729619942,292.39144021048287
2017-08-07 03:00:00,1,292.1804109270832,292.3626572625851
2017-08-07 03:15:00,1,292.1530711033671,292.3351520181444
2017-08-07 03:30:00,1,292.12701844984394,292.30890089293183
2017-08-07 03:45:00,1,292.1021924184715,292.2838484112152
2017-08-07 04:00:00,1,292.07851803670576,292.25991803714135
2017-08-07 04:15:00,1,292.05591420373145,292.2370274893117
2017-08-07 04:30:00,1,292.0342934408879,292.2150899825006
2017-08-07 04:45:00,1,292.0135486670452,292.19400475303803
2017-08-07 05:00:00,1,291.9935637887767,292.1736613039066
2017-08-07 05:15:00,1,291.9742350169824,292.15395625047404
2017-08-07 05:30:00,1,291.95548541567393,292.13482116869733
2017-08-07 05:45:00,1,291.9376452291381,292.1166897765817
2017-08-07 06:00:00,1,291.9224675708018,292.1011199222776
2017-08-07 06:15:00,1,291.9122846951438,292.0903241857173
2017-08-07 06:30:00,1,291.90868445071095,292.08609185415537
2017-08-07 06:45:00,1,291.9122990276106,292.0892044551732
2017-08-07 07:00:00,1,291.92307098292616,292.0995897741576
2017-08-07 07:15:00,1,291.9406158139488,292.1167824479495
2017-08-07 07:30:00,1,291.9644275866069,292.1398291375591
2017-08-07 07:45:00,1,291.9939464902998,292.1680917134236
2017-08-07 08:00:00,1,292.0284584079424,292.20087178398745
2017-08-07 08:15:00,1,292.0667853111038,292.23706772825557
2017-08-07 08:30:00,1,292.1075597119025,292.2753493264288
2017-08-07 08:45:00,1,292.1496115821486,292.31450319948294
2017-08-07 09:00:00,1,292.1921573608962,292.3538157596794
2017-08-07 09:15:00,1,292.23455004926535,292.39332536517156
2017-08-07 09:30:00,1,292.2766082262786,292.43351976873714
2017-08-07 09:45:00,1,292.31970820939983,292.4744383552603
2017-08-07 10:00:00,1,292.36528134018914,292.51655754074585
2017-08-07 10:15:00,1,292.4139792596113,292.5616338433339
2017-08-07 10:30:00,1,292.46501699829787,292.6105372712027
2017-08-07 10:45:00,1,292.5182229983051,292.6625666418119
2017-08-07 11:00:00,1,292.57866454109967,292.72041862870867
2017-08-07 11:15:00,1,292.6485638867156,292.78674772836456
2017-08-07 11:30:00,1,292.7276397876323,292.86174627210863
2017-08-07 11:45:00,1,292.81707057771104,292.94494303770904
2017-08-07 12:00:00,1,292.91203154593796,293.0371914583561
2017-08-07 12:15:00,1,293.007529853746,293.1322808257739
2017-08-07 12:30:00,1,293.1001498450493,293.2242869213134
2017-08-07 12:45:00,1,293.1880459229942,293.31050901431735
2017-08-07 13:00:00,1,293.2710155519436,293.3911338039734
2017-08-07 13:15:00,1,293.35016816062375,293.4678156087569
2017-08-07 13:30:00,1,293.4270108012678,293.5423806781728
2017-08-07 13:45:00,1,293.5028440150627,293.6163228204294
2017-08-07 14:00:00,1,293.57945434564004,293.6913242072992
2017-08-07 14:15:00,1,293.65989175395424,293.7700779780894
2017-08-07 14:30:00,1,293.74784609167506,293.8559100556984
2017-08-07 14:45:00,1,293.8457991957309,293.95153015939127
2017-08-07 15:00:00,1,293.954676637397,294.057735003135
2017-08-07 15:15:00,1,294.0722392010218,294.17236581773346
2017-08-07 15:30:00,1,294.19471684963736,294.2917047249301
2017-08-07 15:45:00,1,294.3201223192821,294.41299361936035
2017-08-07 16:00:00,1,294.44646775065036,294.53374773859866
2017-08-07 16:15:00,1,294.568096741464,294.6491360009537
2017-08-07 16:30:00,1,294.67722683693415,294.7519459080794
2017-08-07 16:45:00,1,294.7665836951832,294.83501714213196
2017-08-07 17:00:00,1,294.8321742850348,294.8943321801198
2017-08-07 17:15:00,1,294.87504071286975,294.9307617016275
2017-08-07 17:30:00,1,294.8995160850336,294.9487926506908
2017-08-07 17:45:00,1,294.9128031749714,294.9548160052175
2017-08-07 18:00:00,1,294.92144646067084,294.9546434477556
2017-08-07 18:15:00,1,294.9169609681191,294.94537514244684
2017-08-07 18:30:00,1,294.8945904607787,294.9206209651272
2017-08-07 18:45:00,1,294.8518820576712,294.8764622471363
2017-08-07 19:00:00,1,294.78740858398754,294.8121341501965
2017-08-07 19:15:00,1,294.6982805447844,294.72845904880273
2017-08-07 19:30:00,1,294.58590026641116,294.62490305484926
2017-08-07 19:45:00,1,294.45171929186927,294.5002354335369
2017-08-07 20:00:00,1,294.2977895414243,294.35731088382175
2017-08-07 20:15:00,1,294.1328658554592,294.20437002873865
2017-08-07 20:30:00,1,293.9677235848759,294.05117243294296
2017-08-07 20:45:00,1,293.8087343313358,293.9048601738171
2017-08-07 21:00:00,1,293.6572805286464,293.7710581646828
2017-08-07 21:15:00,1,293.5193016010374,293.64748641838963
2017-08-07 21:30:00,1,293.3978963620792,293.53004445559566
2017-08-07 21:45:00,1,293.2854921408954,293.41733010285174
2017-08-07 22:00:00,1,293.1788485685055,293.3089513061703
2017-08-07 22:15:00,1,293.0832879896255,293.21112533200886
2017-08-07 22:30:00,1,292.99716463614993,293.1256407083486
2017-08-07 22:45:00,1,292.91830244911375,293.0494665867657
2017-08-07 23:00:00,1,292.8450045710695,292.9789584859345
2017-08-07 23:15:00,1,292.77606711080824,292.9120808457138
2017-08-07 23:30:00,1,292.71073910239966,292.84826437686473
2017-08-07 23:45:00,1,292.64878150378496,292.7875831551546
2017-08-08 00:00:00,1,292.59018903346526,292.7301511590785
2017-08-08 00:15:00,1,292.53488098080203,292.67590228368556
2017-08-08 00:30:00,1,292.48270467540897,292.62466785014885
2017-08-08 00:45:00,1,292.43360395245446,292.57635188147145
2017-08-08 01:00:00,1,292.38763162101503,292.53098522790873
2017-08-08 01:15:00,1,292.34482491689926,292.4886333199247
2017-08-08 01:30:00,1,292.30509207718995,292.44938047515154
2017-08-08 01:45:00,1,292.268094967744,292.41291195398514
2017-08-08 02:00:00,1,292.23333212473517,292.3786338887165
2017-08-08 02:15:00,1,292.2003204909346,292.34598775029787
2017-08-08 02:30:00,1,292.1687108556744,292.3146147278497
2017-08-08 02:45:00,1,292.1383464160219,292.28437315808134
2017-08-08 03:00:00,1,292.10918931634524,292.25525693519927
2017-08-08 03:15:00,1,292.0812234759018,292.22729793085773
2017-08-08 03:30:00,1,292.0544054142357,292.2004234710654
2017-08-08 03:45:00,1,292.0286278081386,292.17452889828917
2017-08-08 04:00:00,1,292.0037430394793,292.14948474672775
2017-08-08 04:15:00,1,291.97961119776943,292.1251590316317
2017-08-08 04:30:00,1,291.95613183759,292.10145763029266
2017-08-08 04:45:00,1,291.93328687070635,292.07836156627957
2017-08-08 05:00:00,1,291.9111204736011,292.0559159618498
2017-08-08 05:15:00,1,291.8896825614855,292.0341849744146
2017-08-08 05:30:00,1,291.8690019423231,292.01321411347686
2017-08-08 05:45:00,1,291.8493914022633,291.99340647968364
2017-08-08 06:00:00,1,291.8322230919945,291.9759243994002
2017-08-08 06:15:00,1,291.8188804031767,291.9620934830803
2017-08-08 06:30:00,1,291.8098665756484,291.95261684947724
2017-08-08 06:45:00,1,291.8050794252137,291.9474952151686
2017-08-08 07:00:00,1,291.80423539135484,291.94632173503527
2017-08-08 07:15:00,1,291.8073145418683,291.94896041031905
2017-08-08 07:30:00,1,291.81440875099,291.9553661203971
2017-08-08 07:45:00,1,291.82534792477554,291.965350563266
2017-08-08 08:00:00,1,291.83993003960876,291.97881878299944
2017-08-08 08:15:00,1,291.85872321083576,291.9962274655038
2017-08-08 08:30:00,1,291.88268475662517,292.01843711908623
2017-08-08 08:45:00,1,291.912446984176,292.04625835021017
2017-08-08 09:00:00,1,291.9480818136536,292.07978886702864
2017-08-08 09:15:00,1,291.9890111859905,292.11836097309873
2017-08-08 09:30:00,1,292.03445228741566,292.1610987879466
2017-08-08 09:45:00,1,292.08386821621133,292.20745449485315
2017-08-08 10:00:00,1,292.1354340569099,292.25692845792486
2017-08-08 10:15:00,1,292.1906418498274,292.30781377617745
2017-08-08 10:30:00,1,292.24924091823004,292.3615075339536
2017-08-08 10:45:00,1,292.3087174308983,292.41773568415755
2017-08-08 11:00:00,1,292.37234054258636,292.47858283077056
2017-08-08 11:15:00,1,292.4423587825466,292.5459013231574
2017-08-08 11:30:00,1,292.52197538948633,292.62201943377215
2017-08-08 11:45:00,1,292.6122821258012,292.70764896242355
2017-08-08 12:00:00,1,292.71445489169264,292.80297570685394
2017-08-08 12:15:00,1,292.8210342677602,292.90746901633383
2017-08-08 12:30:00,1,292.92668715961446,293.0134117266548
2017-08-08 12:45:00,1,293.0287369884297,293.11495387515686
2017-08-08 13:00:00,1,293.12698739948235,293.2114041175154
2017-08-08 13:15:00,1,293.22535916417,293.3070094871765
2017-08-08 13:30:00,1,293.3303547023259,293.4087752569776
2017-08-08 13:45:00,1,293.4488190496481,293.5239280143081
2017-08-08 14:00:00,1,293.585228222397,293.65710160127645
2017-08-08 14:15:00,1,293.73940184746465,293.8083695176093
2017-08-08 14:30:00,1,293.90742692296203,293.9733146258656
2017-08-08 14:45:00,1,294.08232679933553,294.1444361612966
2017-08-08 15:00:00,1,294.25637725829216,294.31371759426594
2017-08-08 15:15:00,1,294.42317157205554,294.47457752237483
2017-08-08 15:30:00,1,294.5778777471396,294.62259937673025
2017-08-08 15:45:00,1,294.71810567328237,294.7557488585265
2017-08-08 16:00:00,1,294.8432321261116,294.8736176280764
2017-08-08 16:15:00,1,294.95294076683984,294.97621025495766
2017-08-08 16:30:00,1,295.0470866774467,295.06351626088207
2017-08-08 16:45:00,1,295.12608216321416,295.135743329051
2017-08-08 17:00:00,1,295.19044086895224,295.1930676393823
2017-08-08 17:15:00,1,295.2400349592864,295.23510445403946
2017-08-08 17:30:00,1,295.27552970088226,295.2619055889515
2017-08-08 17:45:00,1,295.30053313638166,295.27535076717794
2017-08-08 18:00:00,1,295.3059708741896,295.2737502488228
2017-08-08 18:15:00,1,295.28850941782264,295.25223622713884
2017-08-08 18:30:00,1,295.2491762863441,295.2098226267217
2017-08-08 18:45:00,1,295.1900323911386,295.1485289298566
2017-08-08 19:00:00,1,295.1099846748832,295.07040739348184
2017-08-08 19:15:00,1,295.00716953894073,294.97591399983753
2017-08-08 19:30:00,1,294.88145794846054,294.8601194297531
2017-08-08 19:45:00,1,294.73159123282306,294.71974738692234
2017-08-08 20:00:00,1,294.5561245212788,294.55579107840913
2017-08-08 20:15:00,1,294.3625718260431,294.3756897907925
2017-08-08 20:30:00,1,294.1628647372327,294.1900075204023
2017-08-08 20:45:00,1,293.96602326846033,294.0070281195317
2017-08-08 21:00:00,1,293.77673284088314,293.834967595874
2017-08-08 21:15:00,1,293.60012970049473,293.6797061559686
2017-08-08 21:30:00,1,293.4438194875929,293.53800666903794
2017-08-08 21:45:00,1,293.30638741919,293.4046731384213
2017-08-08 22:00:00,1,293.1804272579667,293.27599559630903
2017-08-08 22:15:00,1,293.06495252459536,293.1561535602534
2017-08-08 22:30:00,1,292.95676055485455,293.04751285661445
2017-08-08 22:45:00,1,292.853561233961,292.9471632566124
2017-08-08 23:00:00,1,292.7541949108059,292.8512814204618
2017-08-08 23:15:00,1,292.65791285709076,292.7578394309588
2017-08-08 23:30:00,1,292.56420282224553,292.66644191881466
2017-08-08 23:45:00,1,292.47301453219126,292.57737254294824
2017-08-09 00:00:00,1,292.3845862100359,292.49097771063356
2017-08-09 00:15:00,1,292.2991323889669,292.40747982612265
2017-08-09 00:30:00,1,292.2171773195976,292.3274913783134
2017-08-09 00:45:00,1,292.14078422876065,292.2528560171892
2017-08-09 01:00:00,1,292.072845601965,292.18626991808253
2017-08-09 01:15:00,1,292.0155124351819,292.129999485416
2017-08-09 01:30:00,1,291.9694041262883,292.0847139479468
2017-08-09 01:45:00,1,291.93294563996324,292.0491279253225
2017-08-09 02:00:00,1,291.90340844183584,292.0205265174848
2017-08-09 02:15:00,1,291.8783543771025,291.99620290519334
2017-08-09 02:30:00,1,291.855809843445,291.9740631496345
2017-08-09 02:45:00,1,291.8334536157491,291.9516975423235
2017-08-09 03:00:00,1,291.8088931549381,291.9268280108707
2017-08-09 03:15:00,1,291.7803942792797,291.89780994956084
2017-08-09 03:30:00,1,291.7474774517692,291.864383965918
2017-08-09 03:45:00,1,291.7121167136519,291.8284381441732
2017-08-09 04:00:00,1,291.6776807352557,291.79330238753977
2017-08-09 04:15:00,1,291.6470212716825,291.7621089024636
2017-08-09 04:30:00,1,291.62173245828353,291.73657499273656
2017-08-09 04:45:00,1,291.6018632008171,291.71671022591613
2017-08-09 05:00:00,1,291.5865171036065,291.7014550374174
2017-08-09 05:15:00,1,291.5746949022787,291.6895887237532
2017-08-09 05:30:00,1,291.56556513318446,291.6801762365924
2017-08-09 05:45:00,1,291.55866873658573,291.67296832400575
2017-08-09 06:00:00,1,291.555218370527,291.66904693238445
2017-08-09 06:15:00,1,291.5582604318321,291.6711718116183
2017-08-09 06:30:00,1,291.5709309301217,291.68270977699353
2017-08-09 06:45:00,1,291.5953155316739,291.7060425106397
2017-08-09 07:00:00,1,291.63212077856804,291.74169198878474
2017-08-09 07:15:00,1,291.6804436665245,291.78838348562067
2017-08-09 07:30:00,1,291.7383877007493,291.8438005591568
2017-08-09 07:45:00,1,291.8037609226905,291.90538319237214
2017-08-09 08:00:00,1,291.874199446001,291.97072886279307
2017-08-09 08:15:00,1,291.94562570022566,292.0375569840046
2017-08-09 08:30:00,1,292.0146910706377,292.1030937834805
2017-08-09 08:45:00,1,292.0822453929957,292.16588484864195
2017-08-09 09:00:00,1,292.148208807999,292.22792671231275
2017-08-09 09:15:00,1,292.2126221929871,292.2909255987145
2017-08-09 09:30:00,1,292.27823781107094,292.3560909544257
2017-08-09 09:45:00,1,292.35224619281473,292.42814875100845
2017-08-09 10:00:00,1,292.4399049415601,292.5125648822123
2017-08-09 10:15:00,1,292.543753588359,292.61222193260943
2017-08-09 10:30:00,1,292.66846381451285,292.729454232473
2017-08-09 10:45:00,1,292.81061159975616,292.86836527203917
2017-08-09 11:00:00,1,292.96641754025273,293.02264357829785
2017-08-09 11:15:00,1,293.132610385529,293.1849567276247
2017-08-09 11:30:00,1,293.30352029705773,293.35010328740617
2017-08-09 11:45:00,1,293.47268008507905,293.51340680863206
2017-08-09 12:00:00,1,293.63732523758455,293.6716663312218
2017-08-09 12:15:00,1,293.79524722692776,293.82304249294714
2017-08-09 12:30:00,1,293.94437309233217,293.96589415756375
2017-08-09 12:45:00,1,294.0822049455168,294.0982551619801
2017-08-09 13:00:00,1,294.20765932025586,294.2190445153206
2017-08-09 13:15:00,1,294.32187207459424,294.328950510655
2017-08-09 13:30:00,1,294.42632334955636,294.42896758154285
2017-08-09 13:45:00,1,294.5202781649318,294.5212510817286
2017-08-09 14:00:00,1,294.60562825090125,294.6100207497257
2017-08-09 14:15:00,1,294.6881074258089,294.6961793609928
2017-08-09 14:30:00,1,294.7670399893936,294.7782495486579
2017-08-09 14:45:00,1,294.84191337173695,294.85500180029965
2017-08-09 15:00:00,1,294.9126613738762,294.9261939575637
2017-08-09 15:15:00,1,294.9787842271769,294.9917539460579
2017-08-09 15:30:00,1,295.03949625730644,295.05127779795333
2017-08-09 15:45:00,1,295.09435910436156,295.10443014766213
2017-08-09 16:00:00,1,295.1433609799382,295.15106458909196
2017-08-09 16:15:00,1,295.185746235433,295.19053815224544
2017-08-09 16:30:00,1,295.220413494503,295.22200943609164
2017-08-09 16:45:00,1,295.2468740473845,295.2449940039409
2017-08-09 17:00:00,1,295.26496063651246,295.2591280768054
2017-08-09 17:15:00,1,295.27412022103766,295.26383052763697
2017-08-09 17:30:00,1,295.2743008699915,295.2588584994427
2017-08-09 17:45:00,1,295.26740261007234,295.24512290182463
2017-08-09 18:00:00,1,295.2557548038218,295.2242130805337
2017-08-09 18:15:00,1,295.22986517482246,295.19361052298467
2017-08-09 18:30:00,1,295.1876554063703,295.1492749367493
2017-08-09 18:45:00,1,295.13045466599897,295.0904862317188
2017-08-09 19:00:00,1,295.05775763970564,295.0181725409362
2017-08-09 19:15:00,1,294.96665774768127,294.93234948386527
2017-08-09 19:30:00,1,294.8561828273485,294.8303760412117
2017-08-09 19:45:00,1,294.7243037805953,294.70759082824594
2017-08-09 20:00:00,1,294.5699352528329,294.56388334314784
2017-08-09 20:15:00,1,294.4005991476133,294.40619133011865
2017-08-09 20:30:00,1,294.22700960186984,294.2442427417339
2017-08-09 20:45:00,1,294.0556912660546,294.0851457906572
2017-08-09 21:00:00,1,293.8886759253821,293.93208488960914
2017-08-09 21:15:00,1,293.72562605791086,293.78675327852903
2017-08-09 21:30:00,1,293.5740569275857,293.64414092911795
2017-08-09 21:45:00,1,293.4306651210666,293.50240328780825
2017-08-09 22:00:00,1,293.2905416685938,293.3622554896906
2017-08-09 22:15:00,1,293.1626824667796,293.2312253227282
2017-08-09 22:30:00,1,293.0458310989195,293.11440504729495
2017-08-09 22:45:00,1,292.93687925672293,293.00885495781375
2017-08-09 23:00:00,1,292.8331136642419,292.90914476703296
2017-08-09 23:15:00,1,292.7325745632837,292.8117599585529
2017-08-09 23:30:00,1,292.6342561588258,292.7157723588213
2017-08-09 23:45:00,1,292.5383387903292,292.6218439091382
2017-08-10 00:00:00,1,292.4456879243012,292.5310952123531
2017-08-10 00:15:00,1,292.3570881063059,292.44438896511167
2017-08-10 00:30:00,1,292.27283744187287,292.3619709819365
2017-08-10 00:45:00,1,292.19241164277065,292.2833069986471
2017-08-10 01:00:00,1,292.11478065607173,292.2073456996274
2017-08-10 01:15:00,1,292.0390051465816,292.1330594660095
2017-08-10 01:30:00,1,291.9645585056407,292.05987741897513
2017-08-10 01:45:00,1,291.891412469428,291.9877753945453
2017-08-10 02:00:00,1,291.8197642262752,291.91702079618926
2017-08-10 02:15:00,1,291.74977987788577,291.84787364076976
2017-08-10 02:30:00,1,291.6818581136681,291.78086190994634
2017-08-10 02:45:00,1,291.6175806134948,291.7174271399024
2017-08-10 03:00:00,1,291.55918110337586,291.65967196850147
2017-08-10 03:15:00,1,291.50834924639605,291.60938820740984
2017-08-10 03:30:00,1,291.46562498993757,291.5671636367708
2017-08-10 03:45:00,1,291.42995631472814,291.53217939692814
2017-08-10 04:00:00,1,291.3995021969472,291.50255730686274
2017-08-10 04:15:00,1,291.3726800440179,291.4765318332686
2017-08-10 04:30:00,1,291.3485678272017,291.4527635237181
2017-08-10 04:45:00,1,291.32707821951107,291.4311281907343
2017-08-10 05:00:00,1,291.3085976916624,291.41216786363447
2017-08-10 05:15:00,1,291.293517443989,291.3964168679381
2017-08-10 05:30:00,1,291.28169329674364,291.3837022395433
2017-08-10 05:45:00,1,291.2718188280655,291.3729884029809
2017-08-10 06:00:00,1,291.26324039261647,291.363620219554
2017-08-10 06:15:00,1,291.25696140828563,291.35633983754195
2017-08-10 06:30:00,1,291.2551921902225,291.3535407392469
2017-08-10 06:45:00,1,291.2617954189351,291.35897416919926
2017-08-10 07:00:00,1,291.2807046163592,291.3765160832952
2017-08-10 07:15:00,1,291.3135696595726,291.40801215906697
2017-08-10 07:30:00,1,291.3596781110685,291.45245664978364
2017-08-10 07:45:00,1,291.41638186322876,291.50672510411016
2017-08-10 08:00:00,1,291.48074368196035,291.567622662408
2017-08-10 08:15:00,1,291.5518108503871,291.6339027866667
2017-08-10 08:30:00,1,291.630395629719,291.7061248585507
2017-08-10 08:45:00,1,291.7153952981806,291.78491603171483
2017-08-10 09:00:00,1,291.80464618560836,291.86920012010734
2017-08-10 09:15:00,1,291.8928196619656,291.9526850200615
2017-08-10 09:30:00,1,291.97989604523343,292.03628316990745
2017-08-10 09:45:00,1,292.0683460041,292.12183183356194
2017-08-10 10:00:00,1,292.16467055381645,292.2143708079734
2017-08-10 10:15:00,1,292.26957850463896,292.3156715055618
2017-08-10 10:30:00,1,292.3825544628305,292.4252867332151
2017-08-10 10:45:00,1,292.50571788675734,292.5432087319456
2017-08-10 11:00:00,1,292.64008279322604,292.67009078088023
2017-08-10 11:15:00,1,292.7784485291338,292.8070754748495
2017-08-10 11:30:00,1,292.9203911251305,292.9490148631793
2017-08-10 11:45:00,1,293.0672037541633,293.09341716278595
2017-08-10 12:00:00,1,293.2183488021552,293.23967959161587
2017-08-10 12:15:00,1,293.37030083866165,293.38553837751226
2017-08-10 12:30:00,1,293.5177274112085,293.5270613558937
2017-08-10 12:45:00,1,293.65432067858774,293.6593502798087
2017-08-10 13:00:00,1,293.7803362088654,293.78082018422873
2017-08-10 13:15:00,1,293.89798907150225,293.8933885293725
2017-08-10 13:30:00,1,294.00845608876574,293.9990221018155
2017-08-10 13:45:00,1,294.1108325055083,294.09873753519884
2017-08-10 14:00:00,1,294.2075674302992,294.19693888499546
2017-08-10 14:15:00,1,294.3039697140056,294.29539991915254
2017-08-10 14:30:00,1,294.4001431128457,294.3934921067428
2017-08-10 14:45:00,1,294.49620198482666,294.4905372808342
2017-08-10 15:00:00,1,294.5926570934323,294.5865509615475
2017-08-10 15:15:00,1,294.6887351128143,294.68111816835477
2017-08-10 15:30:00,1,294.782271126116,294.77243737297715
2017-08-10 15:45:00,1,294.86996320275716,294.8574617959836
2017-08-10 16:00:00,1,294.9485717914656,294.9330101681452
2017-08-10 16:15:00,1,295.0157210594833,294.9967732378994
2017-08-10 16:30:00,1,295.07025230177004,295.04759332405905
2017-08-10 16:45:00,1,295.11204527264476,295.08554686581033
2017-08-10 17:00:00,1,295.1412522766467,295.1109987515548
2017-08-10 17:15:00,1,295.15752137906287,295.1238005760072
2017-08-10 17:30:00,1,295.16083669569576,295.1238220150058
2017-08-10 17:45:00,1,295.15264500311804,295.11196845898553
2017-08-10 18:00:00,1,295.1347359483649,295.089473597712
2017-08-10 18:15:00,1,295.1074753259319,295.0562872865936
2017-08-10 18:30:00,1,295.0670527447905,295.0116355215499
2017-08-10 18:45:00,1,295.00960682915075,294.9540339389429
2017-08-10 19:00:00,1,294.9371333871471,294.8827600137209
2017-08-10 19:15:00,1,294.850300811559,294.79830179490807
2017-08-10 19:30:00,1,294.7461614059069,294.7004324689496
2017-08-10 19:45:00,1,294.62307285273675,294.5877378236188
2017-08-10 20:00:00,1,294.4807101214711,294.4570286053077
2017-08-10 20:15:00,1,294.32565164825763,294.31314398630394
2017-08-10 20:30:00,1,294.166849787178,294.1646817118078
2017-08-10 20:45:00,1,294.01011938095917,294.01846921941666
2017-08-10 21:00:00,1,293.8579677081557,293.8779534216704
2017-08-10 21:15:00,1,293.71043244794805,293.7442679685304
2017-08-10 21:30:00,1,293.56996099826733,293.613561765959
2017-08-10 21:45:00,1,293.4384544705635,293.4848699390693
2017-08-10 22:00:00,1,293.31062913271774,293.3595179228843
2017-08-10 22:15:00,1,293.18759596432085,293.2383659916764
2017-08-10 22:30:00,1,293.07668166858724,293.12603368626327
2017-08-10 22:45:00,1,292.9758946408674,293.02573294175806
2017-08-10 23:00:00,1,292.88218129320984,292.9349595502643
2017-08-10 23:15:00,1,292.79357778882445,292.8497000671966
2017-08-10 23:30:00,1,292.7090951694693,292.76786161285725
2017-08-10 23:45:00,1,292.6293037021073,292.68994145454695
2017-08-11 00:00:00,1,292.55576365875214,292.61777325902193
2017-08-11 00:15:00,1,292.4897821274063,292.55299466572615
2017-08-11 00:30:00,1,292.43191472377157,292.49625597027824
2017-08-11 00:45:00,1,292.38175651850867,292.44714358129636
2017-08-11 01:00:00,1,292.3383202978857,292.40463713870275
2017-08-11 01:15:00,1,292.30058592747054,292.36779040690476
2017-08-11 01:30:00,1,292.2676311505578,292.33565073381664
2017-08-11 01:45:00,1,292.23842415431994,292.3072066764809
2017-08-11 02:00:00,1,292.21190969553675,292.2811669585196
2017-08-11 02:15:00,1,292.18724958453464,292.25664079198805
2017-08-11 02:30:00,1,292.1638933618342,292.2331717144142
2017-08-11 02:45:00,1,292.14154370649146,292.2105712049758
2017-08-11 03:00:00,1,292.1200539820281,292.1887634519435
2017-08-11 03:15:00,1,292.0993394787241,292.1676995217243
2017-08-11 03:30:00,1,292.0793370556269,292.14733387529276
2017-08-11 03:45:00,1,292.05999151069403,292.12762108282584
2017-08-11 04:00:00,1,292.0412517193219,292.108516883356
2017-08-11 04:15:00,1,292.0230697751121,292.0899802257845
2017-08-11 04:30:00,1,292.00540090388864,292.0719700526597
2017-08-11 04:45:00,1,291.9882034912194,292.0544468573372
2017-08-11 05:00:00,1,291.97143906014236,292.0373747858423
2017-08-11 05:15:00,1,291.9550721810017,292.0207085335609
2017-08-11 05:30:00,1,291.9390766356469,292.0044230731697
2017-08-11 05:45:00,1,291.9237451118988,291.98889823093646
2017-08-11 06:00:00,1,291.9107225681022,291.9756664971135
2017-08-11 06:15:00,1,291.902956083247,291.9674523413388
2017-08-11 06:30:00,1,291.90324379115475,291.96711916193635
2017-08-11 06:45:00,1,291.91320259578043,291.9764535111957
2017-08-11 07:00:00,1,291.9330362507467,291.9955914439641
2017-08-11 07:15:00,1,291.9613646530562,292.02292717781864
2017-08-11 07:30:00,1,291.9960271857069,292.05599485787104
2017-08-11 07:45:00,1,292.0350636662559,292.0925007640141
2017-08-11 08:00:00,1,292.07718532647436,292.1312059126031
2017-08-11 08:15:00,1,292.12199598641274,292.17255261075337
2017-08-11 08:30:00,1,292.17088203796146,292.21818016593664
2017-08-11 08:45:00,1,292.2243428606359,292.26941518834786
2017-08-11 09:00:00,1,292.2835333719851,292.32486672278674
2017-08-11 09:15:00,1,292.3471360955136,292.38519695363124
2017-08-11 09:30:00,1,292.4182402522576,292.45348360480114
2017-08-11 09:45:00,1,292.5002090369545,292.53268313168394
2017-08-11 10:00:00,1,292.59333578969193,292.6228056893967
2017-08-11 10:15:00,1,292.6957070453068,292.721269548704
2017-08-11 10:30:00,1,292.807302310536,292.8272818112987
2017-08-11 10:45:00,1,292.92253697174027,292.9410529297444
2017-08-11 11:00:00,1,293.0410713503479,293.05921037521335
2017-08-11 11:15:00,1,293.16467138086153,293.18101302872316
2017-08-11 11:30:00,1,293.2944380446955,293.30754287291666
2017-08-11 11:45:00,1,293.42890963704355,293.4385383962841
2017-08-11 12:00:00,1,293.56473398926136,293.571292854978
2017-08-11 12:15:00,1,293.6980514528478,293.70179365151284
2017-08-11 12:30:00,1,293.8256619952932,293.82647884124646
2017-08-11 12:45:00,1,293.9455666324688,293.94335200644406
2017-08-11 13:00:00,1,294.05762228111035,294.05252657997505
2017-08-11 13:15:00,1,294.1637611292633,294.1560373191895
2017-08-11 13:30:00,1,294.2668780848715,294.25699707282223
2017-08-11 13:45:00,1,294.3701366543627,294.35856137287186
2017-08-11 14:00:00,1,294.47540220377437,294.4624553487726
2017-08-11 14:15:00,1,294.5820026641712,294.5680330549563
2017-08-11 14:30:00,1,294.68765378368283,294.67269532430305
2017-08-11 14:45:00,1,294.7891623294321,294.7729415268754
2017-08-11 15:00:00,1,294.88358604132355,294.86572185819307
2017-08-11 15:15:00,1,294.96950153725845,294.94956994132104
2017-08-11 15:30:00,1,295.0475852385386,295.02528450417753
2017-08-11 15:45:00,1,295.1208471922165,295.0957231831325
2017-08-11 16:00:00,1,295.1921695356018,295.163754492127
2017-08-11 16:15:00,1,295.2620517581023,295.23022416670784
2017-08-11 16:30:00,1,295.3291843624579,295.2937275095353
2017-08-11 16:45:00,1,295.3911237623838,295.3515561386129
2017-08-11 17:00:00,1,295.4450615973227,295.4004713934162
2017-08-11 17:15:00,1,295.4878086572793,295.4373951865162
2017-08-11 17:30:00,1,295.5164146371659,295.4594614791618
2017-08-11 17:45:00,1,295.5282043901349,295.46397653768605
2017-08-11 18:00:00,1,295.52239731366575,295.4487640563177
2017-08-11 18:15:00,1,295.49129204230167,295.4126565059905
2017-08-11 18:30:00,1,295.4312696440084,295.35192778993087
2017-08-11 18:45:00,1,295.34711729172545,295.26842958782333
2017-08-11 19:00:00,1,295.24403624088137,295.1671595102896
2017-08-11 19:15:00,1,295.12513526264553,295.0521435556351
2017-08-11 19:30:00,1,294.9888350441211,294.92477126870625
2017-08-11 19:45:00,1,294.83556266023896,294.7845054733881
2017-08-11 20:00:00,1,294.66645869560756,294.62922022323534
2017-08-11 20:15:00,1,294.4878720235022,294.4637650054102
2017-08-11 20:30:00,1,294.30797356568905,294.29635723458676
2017-08-11 20:45:00,1,294.13282800223055,294.1337615313946
2017-08-11 21:00:00,1,293.9651558638393,293.9836534986575
2017-08-11 21:15:00,1,293.81180578531496,293.84295665850595
2017-08-11 21:30:00,1,293.67661604679864,293.7103208900904
2017-08-11 21:45:00,1,293.55136911442116,293.58642531332885
2017-08-11 22:00:00,1,293.43474079262836,293.4718235582611
2017-08-11 22:15:00,1,293.3331305908467,293.3681444062113
2017-08-11 22:30:00,1,293.24580492596425,293.2797038605678
2017-08-11 22:45:00,1,293.16956523261064,293.2049927279853
2017-08-11 23:00:00,1,293.1018040929613,293.1397685003549
2017-08-11 23:15:00,1,293.04065446607837,293.08068230767464
2017-08-11 23:30:00,1,292.98484513900223,293.0261780957276
2017-08-11 23:45:00,1,292.9335419533927,292.9757502660526
2017-08-12 00:00:00,1,292.88618692177806,292.92913953905435
2017-08-12 00:15:00,1,292.8423597126293,292.88602001737894
2017-08-12 00:30:00,1,292.80164199837236,292.845958687467
2017-08-12 00:45:00,1,292.76341338809436,292.8084972675631
2017-08-12 01:00:00,1,292.72696945920944,292.77281575313754
2017-08-12 01:15:00,1,292.6917456604213,292.7382075518289
2017-08-12 01:30:00,1,292.65738413696295,292.70429998694186
2017-08-12 01:45:00,1,292.6237502255761,292.67100990303356
2017-08-12 02:00:00,1,292.5908376954768,292.63838617109917
2017-08-12 02:15:00,1,292.55866073145785,292.6064838431046
2017-08-12 02:30:00,1,292.527249824444,292.57535439939386
2017-08-12 02:45:00,1,292.4967495805629,292.54511381987345
2017-08-12 03:00:00,1,292.4673550240374,292.51592879595984
2017-08-12 03:15:00,1,292.43918840627583,292.487930964514
2017-08-12 03:30:00,1,292.4122382478019,292.46112586272096
2017-08-12 03:45:00,1,292.38632440135666,292.4353508155607
2017-08-12 04:00:00,1,292.3611932299647,292.41034234200936
2017-08-12 04:15:00,1,292.3366118505344,292.38584319123834
2017-08-12 04:30:00,1,292.312353124657,292.36161778049234
2017-08-12 04:45:00,1,292.28815008320584,292.3374291974761
2017-08-12 05:00:00,1,292.2637537670152,292.3130629727831
2017-08-12 05:15:00,1,292.2389858913172,292.2883611528803
2017-08-12 05:30:00,1,292.21382287992253,292.2633433678007
2017-08-12 05:45:00,1,292.18887779153306,292.23864643625785
2017-08-12 06:00:00,1,292.1661396061837,292.2161181386691
2017-08-12 06:15:00,1,292.14876664431296,292.19876519696214
2017-08-12 06:30:00,1,292.1398520555027,292.1897566123284
2017-08-12 06:45:00,1,292.141291832918,292.19119773530514
2017-08-12 07:00:00,1,292.1531358808774,292.20293394534883
2017-08-12 07:15:00,1,292.17305948775754,292.2223363077296
2017-08-12 07:30:00,1,292.1976239670978,292.2457843580523
2017-08-12 07:45:00,1,292.22391793509166,292.27025690465246
2017-08-12 08:00:00,1,292.2503016127924,292.29431302584044
2017-08-12 08:15:00,1,292.27699821343253,292.3183080933799
2017-08-12 08:30:00,1,292.3052731398665,292.3435169716363
2017-08-12 08:45:00,1,292.3359046237297,292.37092115798976
2017-08-12 09:00:00,1,292.3686909413306,292.4008590727074
2017-08-12 09:15:00,1,292.4038040097734,292.4335629555104
2017-08-12 09:30:00,1,292.441241147935,292.4691650181549
2017-08-12 09:45:00,1,292.48114311008584,292.5073881892001
2017-08-12 10:00:00,1,292.52465253404716,292.5477878662759
2017-08-12 10:15:00,1,292.5710805080148,292.59138243191063
2017-08-12 10:30:00,1,292.6190545849106,292.63710556393056
2017-08-12 10:45:00,1,292.67284007440156,292.689169377193
2017-08-12 11:00:00,1,292.73468298832165,292.7493436583334
2017-08-12 11:15:00,1,292.80907990272664,292.82193091192477
2017-08-12 11:30:00,1,292.9011434860223,292.9105487868859
2017-08-12 11:45:00,1,293.01434510430147,293.0183048425231
2017-08-12 12:00:00,1,293.14087567039104,293.1436510225957
2017-08-12 12:15:00,1,293.27257683997556,293.27586550536097
2017-08-12 12:30:00,1,293.40236046647215,293.4047281815764
2017-08-12 12:45:00,1,293.52408229972,293.52380439570805
2017-08-12 13:00:00,1,293.6339519663893,293.6304018162509
2017-08-12 13:15:00,1,293.73155534588886,293.72475985857494
2017-08-12 13:30:00,1,293.81914790835475,293.8095325418393
2017-08-12 13:45:00,1,293.9016391878722,293.8894210065607
2017-08-12 14:00:00,1,293.9843943890475,293.9697775234429
2017-08-12 14:15:00,1,294.0716867067404,294.055131209132
2017-08-12 14:30:00,1,294.1660642846313,294.14786818651356
2017-08-12 14:45:00,1,294.2666572363128,294.2469840375167
2017-08-12 15:00:00,1,294.36949988272926,294.3484399360864
2017-08-12 15:15:00,1,294.4702010753161,294.4474728907276
2017-08-12 15:30:00,1,294.5661625439432,294.5410649897506
2017-08-12 15:45:00,1,294.6568716179148,294.62853138859754
2017-08-12 16:00:00,1,294.74210019061456,294.70986231430004
2017-08-12 16:15:00,1,294.8202274367681,294.7839822230122
2017-08-12 16:30:00,1,294.88933812874893,294.84910508794945
2017-08-12 16:45:00,1,294.9487019369763,294.904072607848
2017-08-12 17:00:00,1,294.9981087242081,294.94820192637127
2017-08-12 17:15:00,1,295.036512155535,294.98065170975815
2017-08-12 17:30:00,1,295.0634141069135,295.0007404865822
2017-08-12 17:45:00,1,295.0812626297737,295.0092686129946
2017-08-12 18:00:00,1,295.0830035629737,295.00466081913066
2017-08-12 18:15:00,1,295.064311042733,294.98251320506665
2017-08-12 18:30:00,1,295.0254804405878,294.9414155875789
2017-08-12 18:45:00,1,294.96736877915714,294.88224184436814
2017-08-12 19:00:00,1,294.8897143782665,294.8063058580534
2017-08-12 19:15:00,1,294.7905724147887,294.71426529192064
2017-08-12 19:30:00,1,294.67006923707515,294.6037204910995
2017-08-12 19:45:00,1,294.5281572892193,294.4723803022356
2017-08-12 20:00:00,1,294.3669372229565,294.32299888953384
2017-08-12 20:15:00,1,294.1950152318234,294.1638204324961
2017-08-12 20:30:00,1,294.02219348666597,294.0041856077084
2017-08-12 20:45:00,1,293.8532769478005,293.85036820294914
2017-08-12 21:00:00,1,293.6900468654667,293.7063406856479
2017-08-12 21:15:00,1,293.5411202676162,293.56690819755914
2017-08-12 21:30:00,1,293.4019627105799,293.429388496294
2017-08-12 21:45:00,1,293.2731821498522,293.29565803580914
2017-08-12 22:00:00,1,293.1589163594276,293.1782606764242
2017-08-12 22:15:00,1,293.0588151855064,293.0799226597518
2017-08-12 22:30:00,1,292.97219327320477,292.9970301745615
2017-08-12 22:45:00,1,292.8973850238138,292.92536765094366
2017-08-12 23:00:00,1,292.83210647114294,292.86219327270743
2017-08-12 23:15:00,1,292.77432452268533,292.80589403514153
2017-08-12 23:30:00,1,292.7224066708439,292.7551653248046
2017-08-12 23:45:00,1,292.67474310741767,292.7085735984252
2017-08-13 00:00:00,1,292.6298372203539,292.66467437404697
2017-08-13 00:15:00,1,292.5865844874675,292.6223203946013
2017-08-13 00:30:00,1,292.54437021546374,292.58089811581084
2017-08-13 00:45:00,1,292.5032059691967,292.54039894487414
2017-08-13 01:00:00,1,292.4634362305545,292.50116833849404
2017-08-13 01:15:00,1,292.4253468682628,292.4636248357359
2017-08-13 01:30:00,1,292.38903718835616,292.4278995809184
2017-08-13 01:45:00,1,292.3544064917147,292.39382507443725
2017-08-13 02:00:00,1,292.3212459396622,292.3611336938881
2017-08-13 02:15:00,1,292.28934156327966,292.32959150725765
2017-08-13 02:30:00,1,292.2585570002178,292.2990817746625
2017-08-13 02:45:00,1,292.22896210042273,292.2696820292788
2017-08-13 03:00:00,1,292.2007817734045,292.2416194508419
2017-08-13 03:15:00,1,292.1742111317586,292.2151221888048
2017-08-13 03:30:00,1,292.14930624384834,292.19027359903663
2017-08-13 03:45:00,1,292.12592049049726,292.16694701321416
2017-08-13 04:00:00,1,292.1037897077423,292.1448747999303
2017-08-13 04:15:00,1,292.08266151432787,292.1237774443607
2017-08-13 04:30:00,1,292.06235344136957,292.1034578181681
2017-08-13 04:45:00,1,292.0427822962249,292.08383006042106
2017-08-13 05:00:00,1,292.02392562791323,292.0648809275322
2017-08-13 05:15:00,1,292.0057645854177,292.04660937138556
2017-08-13 05:30:00,1,291.9882574560701,292.02898790370443
2017-08-13 05:45:00,1,291.9715553501428,292.0122350530443
2017-08-13 06:00:00,1,291.956968838294,291.99759541034626
2017-08-13 06:15:00,1,291.94735129255747,291.9877003981465
2017-08-13 06:30:00,1,291.9458523022429,291.985718048251
2017-08-13 06:45:00,1,291.9548633733252,291.994285848218
2017-08-13 07:00:00,1,291.97548250847586,292.0144010051647
2017-08-13 07:15:00,1,292.00650381710426,292.04470264412026
2017-08-13 07:30:00,1,292.0450996662109,292.0821296101458
2017-08-13 07:45:00,1,292.08825185207763,292.1233800412652
2017-08-13 08:00:00,1,292.1338265451201,292.1662879570572
2017-08-13 08:15:00,1,292.181447847061,292.2104293102873
2017-08-13 08:30:00,1,292.23065125300036,292.25627176408966
2017-08-13 08:45:00,1,292.2803546232088,292.30360233828293
2017-08-13 09:00:00,1,292.33163494752444,292.35075083792424
2017-08-13 09:15:00,1,292.384031276503,292.3989382224108
2017-08-13 09:30:00,1,292.43765866725363,292.4497567370753
2017-08-13 09:45:00,1,292.4931860998337,292.50418827961784
2017-08-13 10:00:00,1,292.5577822379657,292.56703943037235
2017-08-13 10:15:00,1,292.6373551257291,292.6436189587506
2017-08-13 10:30:00,1,292.7334145411927,292.7361648868572
2017-08-13 10:45:00,1,292.8488436270449,292.8462920895779
2017-08-13 11:00:00,1,292.9822734363301,292.97720123152055
2017-08-13 11:15:00,1,293.1248572089664,293.1201210153616
2017-08-13 11:30:00,1,293.27201063299776,293.2665069739939
2017-08-13 11:45:00,1,293.4202176331445,293.4117075927251
2017-08-13 12:00:00,1,293.5665208990979,293.55365726084017
2017-08-13 12:15:00,1,293.7084891814849,293.6909406386548
2017-08-13 12:30:00,1,293.84356593702256,293.8217726840864
2017-08-13 12:45:00,1,293.96977644365654,293.9444502796858
2017-08-13 13:00:00,1,294.08693173113835,294.05848194299284
2017-08-13 13:15:00,1,294.19584951783133,294.16463288875883
2017-08-13 13:30:00,1,294.29807139387657,294.2648619518656
2017-08-13 13:45:00,1,294.3970806477135,294.36244576742394
2017-08-13 14:00:00,1,294.4966513075456,294.46097097634885
2017-08-13 14:15:00,1,294.5994426896655,294.5630851106877
2017-08-13 14:30:00,1,294.70666569504425,294.66970781645983
2017-08-13 14:45:00,1,294.8176335079237,294.7798930742409
2017-08-13 15:00:00,1,294.93082189756524,294.8918736266492
2017-08-13 15:15:00,1,295.04526345159127,295.0042415624433
2017-08-13 15:30:00,1,295.1597359097849,295.11560579019203
2017-08-13 15:45:00,1,295.27163329218575,295.22362766295004
2017-08-13 16:00:00,1,295.37718095547774,295.32450525392755
2017-08-13 16:15:00,1,295.4711427472216,295.4132170427832
2017-08-13 16:30:00,1,295.5492828743805,295.4857663368358
2017-08-13 16:45:00,1,295.61101823429897,295.54128274056376
2017-08-13 17:00:00,1,295.657509248564,295.580866964038
2017-08-13 17:15:00,1,295.68874393805424,295.6049196024985
2017-08-13 17:30:00,1,295.7041499668903,295.6129150674804
2017-08-13 17:45:00,1,295.70609921281283,295.60533528979994
2017-08-13 18:00:00,1,295.6932092401832,295.5849414094534
2017-08-13 18:15:00,1,295.65728007804773,295.54525310550156
2017-08-13 18:30:00,1,295.5983439397368,295.48393428794475
2017-08-13 18:45:00,1,295.51669640435875,295.40132949231264
2017-08-13 19:00:00,1,295.41277221930926,295.29863186089466
2017-08-13 19:15:00,1,295.2867120238968,295.17776201109194
2017-08-13 19:30:00,1,295.1370059715129,295.03862078222545
2017-08-13 19:45:00,1,294.9609101303277,294.876888313444
2017-08-13 20:00:00,1,294.76464548170054,294.69579358998124
2017-08-13 20:15:00,1,294.5607057283303,294.50586143328087
2017-08-13 20:30:00,1,294.3586241313042,294.3176692811067
2017-08-13 20:45:00,1,294.1636193025519,294.13944856281995
2017-08-13 21:00:00,1,293.9817694941067,293.9789010425663
2017-08-13 21:15:00,1,293.82260350495227,293.83199885970214
2017-08-13 21:30:00,1,293.68516342576413,293.69636085260225
2017-08-13 21:45:00,1,293.5591363555289,293.5713922227138
2017-08-13 22:00:00,1,293.44726076732246,293.45525306475804
2017-08-13 22:15:00,1,293.349680607092,293.3556639584639
2017-08-13 22:30:00,1,293.26291312968357,293.2710640359319
2017-08-13 22:45:00,1,293.1846427601433,293.196293753832
2017-08-13 23:00:00,1,293.11337366561355,293.127739792906
2017-08-13 23:15:00,1,293.0480562768369,293.0641221441309
2017-08-13 23:30:00,1,292.9879167353879,293.00521959995876
2017-08-13 23:45:00,1,292.93242172309164,292.9508663691813
2017-08-14 00:00:00,1,292.88119301871313,292.90072553463136
2017-08-14 00:15:00,1,292.8338939235856,292.85440692581614
2017-08-14 00:30:00,1,292.79018630077314,292.81155246133034
2017-08-14 00:45:00,1,292.7497219919238,292.7718462575066
2017-08-14 01:00:00,1,292.7121611386428,292.73514515563204
2017-08-14 01:15:00,1,292.6772028501277,292.70098773778966
2017-08-14 01:30:00,1,292.6445521413497,292.6689430168355
2017-08-14 01:45:00,1,292.61382769857886,292.6386486032055
2017-08-14 02:00:00,1,292.58461617804284,292.6097511707016
2017-08-14 02:15:00,1,292.5565361112253,292.5818958946252
2017-08-14 02:30:00,1,292.5292519593902,292.5547613589605
2017-08-14 02:45:00,1,292.50251959659624,292.52811402872993
2017-08-14 03:00:00,1,292.4761864024375,292.50181791728227
2017-08-14 03:15:00,1,292.45015097745494,292.4757985651562
2017-08-14 03:30:00,1,292.424319969294,292.44996050238666
2017-08-14 03:45:00,1,292.398466070349,292.42410590202235
2017-08-14 04:00:00,1,292.3722977027611,292.39797586976687
2017-08-14 04:15:00,1,292.34560123759036,292.37135903141774
2017-08-14 04:30:00,1,292.31832860084177,292.3442248704828
2017-08-14 04:45:00,1,292.2907468536932,292.31681194950136
2017-08-14 05:00:00,1,292.2632806545421,292.28951903353925
2017-08-14 05:15:00,1,292.2362635779021,292.26270366499955
2017-08-14 05:30:00,1,292.2099090938667,292.23659650711875
2017-08-14 05:45:00,1,292.1846174111007,292.2116396006943
2017-08-14 06:00:00,1,292.16186304336327,292.1891910258316
2017-08-14 06:15:00,1,292.14422646103793,292.1716259515485
2017-08-14 06:30:00,1,292.1341648069311,292.16148105405955
2017-08-14 06:45:00,1,292.1331753187128,292.1605540474349
2017-08-14 07:00:00,1,292.14194859770083,292.1695876189847
2017-08-14 07:15:00,1,292.1610559070036,292.1887458850842
2017-08-14 07:30:00,1,292.19087913099787,292.2180513273563
2017-08-14 07:45:00,1,292.23124226107745,292.25720365100585
2017-08-14 08:00:00,1,292.2812299504837,292.3051146321879
2017-08-14 08:15:00,1,292.33883640343646,292.35956231537057
2017-08-14 08:30:00,1,292.3993966678483,292.41742893196965
2017-08-14 08:45:00,1,292.4608873906582,292.47402311603184
2017-08-14 09:00:00,1,292.5231214782262,292.5303071292378
2017-08-14 09:15:00,1,292.58470140903574,292.58752172483975
2017-08-14 09:30:00,1,292.64504665466825,292.6459003136968
2017-08-14 09:45:00,1,292.7062734093906,292.70607400845756
2017-08-14 10:00:00,1,292.77311195552977,292.7709959191181
2017-08-14 10:15:00,1,292.846090577323,292.8419421089214
2017-08-14 10:30:00,1,292.92616008139055,292.9196727997877
2017-08-14 10:45:00,1,293.01558889731956,293.00493625134106
2017-08-14 11:00:00,1,293.1145466269161,293.1012930512795
2017-08-14 11:15:00,1,293.2189353579789,293.20509288025596
2017-08-14 11:30:00,1,293.3274348927262,293.312833410812
2017-08-14 11:45:00,1,293.4402492599963,293.4238307070511
2017-08-14 12:00:00,1,293.5582663080258,293.5393240402215
2017-08-14 12:15:00,1,293.6819459631559,293.66045366734863
2017-08-14 12:30:00,1,293.8101837806487,293.7862001848481
2017-08-14 12:45:00,1,293.93854325393136,293.91237165371234
2017-08-14 13:00:00,1,294.06174943033506,294.03367667617266
2017-08-14 13:15:00,1,294.17707643155535,294.14687712935466
2017-08-14 13:30:00,1,294.28516092896086,294.2525561941403
2017-08-14 13:45:00,1,294.39018808910663,294.35501409226373
2017-08-14 14:00:00,1,294.49757795568394,294.45996505964973
2017-08-14 14:15:00,1,294.6111877611008,294.57172784040296
2017-08-14 14:30:00,1,294.73229040540747,294.69143165730947
2017-08-14 14:45:00,1,294.85858123279905,294.816267141147
2017-08-14 15:00:00,1,294.9842273718275,294.9397910563016
2017-08-14 15:15:00,1,295.10089036284523,295.0535209017613
2017-08-14 15:30:00,1,295.2011517842827,295.15008319165844
2017-08-14 15:45:00,1,295.28138102579345,295.226072860574
2017-08-14 16:00:00,1,295.3421268080689,295.2823047907507
2017-08-14 16:15:00,1,295.38546706299246,295.3212873592232
2017-08-14 16:30:00,1,295.41312934162426,295.345277604355
2017-08-14 16:45:00,1,295.4264580264149,295.3556726761757
2017-08-14 17:00:00,1,295.42656156155755,295.3532200791018
2017-08-14 17:15:00,1,295.414298281403,295.3384296624078
2017-08-14 17:30:00,1,295.3905617183739,295.3119034514089
2017-08-14 17:45:00,1,295.3568802233932,295.2746240639028
2017-08-14 18:00:00,1,295.31582684651613,295.22789167807474
2017-08-14 18:15:00,1,295.2608669959879,295.1704702942316
2017-08-14 18:30:00,1,295.1886227363002,295.09853861769585
2017-08-14 18:45:00,1,295.0991757846526,295.0103946519487
2017-08-14 19:00:00,1,294.9924189827885,294.9064962310422
2017-08-14 19:15:00,1,294.8708084239507,294.7890499852427
2017-08-14 19:30:00,1,294.73471657290145,294.6595967903597
2017-08-14 19:45:00,1,294.5818518777568,294.5194882021254
2017-08-14 20:00:00,1,294.4170605277491,294.368908151176
2017-08-14 20:15:00,1,294.24849941877596,294.21403524312115
2017-08-14 20:30:00,1,294.0813302120283,294.0638854826282
2017-08-14 20:45:00,1,293.925362478489,293.92216142804284
2017-08-14 21:00:00,1,293.7861690993638,293.7871771436381
2017-08-14 21:15:00,1,293.65505971487187,293.65812694593313
2017-08-14 21:30:00,1,293.53111088386896,293.5349460734772
2017-08-14 21:45:00,1,293.42143823024804,293.4229203664246
2017-08-14 22:00:00,1,293.32427976974583,293.32590075378096
2017-08-14 22:15:00,1,293.23753638378287,293.24192886725024
2017-08-14 22:30:00,1,293.159648750935,293.1671865785359
2017-08-14 22:45:00,1,293.08884625994926,293.0987562465443
2017-08-14 23:00:00,1,293.0232712186759,293.034897372734
2017-08-14 23:15:00,1,292.96145554908895,292.97450307296964
2017-08-14 23:30:00,1,292.9025660508824,292.916948491774
2017-08-14 23:45:00,1,292.84673245902724,292.86229480098064
2017-08-15 00:00:00,1,292.7946404387494,292.8111395221843
2017-08-15 00:15:00,1,292.7468711806198,292.7641277697217
2017-08-15 00:30:00,1,292.7035328163284,292.7214055064419
2017-08-15 00:45:00,1,292.6638662043078,292.682313335725
2017-08-15 01:00:00,1,292.62664227787616,292.64580830137925
2017-08-15 01:15:00,1,292.5907925138157,292.610751283225
2017-08-15 01:30:00,1,292.5557416810817,292.5764247817439
2017-08-15 01:45:00,1,292.52179913236847,292.54296767717636
2017-08-15 02:00:00,1,292.48979253852883,292.5112033157838
2017-08-15 02:15:00,1,292.46043682047303,292.4819938637088
2017-08-15 02:30:00,1,292.4340642179677,292.45573691145563
2017-08-15 02:45:00,1,292.4104646262607,292.43223664120563
2017-08-15 03:00:00,1,292.38912347451185,292.4109551387252
2017-08-15 03:15:00,1,292.3695458349522,292.3913462785569
2017-08-15 03:30:00,1,292.3513253867616,292.3729915478439
2017-08-15 03:45:00,1,292.3340537287772,292.3555311769195
2017-08-15 04:00:00,1,292.31734206222114,292.33861631590327
2017-08-15 04:15:00,1,292.3008894456463,292.3219474530915
2017-08-15 04:30:00,1,292.28449155961295,292.30532778591544
2017-08-15 04:45:00,1,292.26810405557615,292.28871072546525
2017-08-15 05:00:00,1,292.25180035590796,292.27215857285915
2017-08-15 05:15:00,1,292.2356570702813,292.25577901374777
2017-08-15 05:30:00,1,292.21973090771183,292.2396776249524
2017-08-15 05:45:00,1,292.2043156062164,292.22419252856946
2017-08-15 06:00:00,1,292.1905958878686,292.2104254499879
2017-08-15 06:15:00,1,292.18077712780337,292.20053651879203
2017-08-15 06:30:00,1,292.1772506144128,292.19678032605873
2017-08-15 06:45:00,1,292.1815601334633,292.20073663641585
2017-08-15 07:00:00,1,292.1939232755183,292.2125899607602
2017-08-15 07:15:00,1,292.2129286787408,292.230871561635
2017-08-15 07:30:00,1,292.23635405740174,292.25324267993966
2017-08-15 07:45:00,1,292.26224851610266,292.2775997969923
2017-08-15 08:00:00,1,292.289552694815,292.3029866233646
2017-08-15 08:15:00,1,292.3188871585348,292.33002879690656
2017-08-15 08:30:00,1,292.3518638383156,292.3602546518756
2017-08-15 08:45:00,1,292.3897658617018,292.3951068680785
2017-08-15 09:00:00,1,292.4328616380182,292.43561779125554
2017-08-15 09:15:00,1,292.4822251744651,292.4831418559811
2017-08-15 09:30:00,1,292.5387658128184,292.5372047996168
2017-08-15 09:45:00,1,292.6041280473528,292.5992784143565
2017-08-15 10:00:00,1,292.68855760692134,292.6797442259402
2017-08-15 10:15:00,1,292.79705977190133,292.78364176360793
2017-08-15 10:30:00,1,292.92625766164747,292.9099045179124
2017-08-15 10:45:00,1,293.07375121251897,293.0515700111181
2017-08-15 11:00:00,1,293.22535331909523,293.20233031420446
2017-08-15 11:15:00,1,293.371620009796,293.3492156349683
2017-08-15 11:30:00,1,293.51284145659247,293.48789438514007
2017-08-15 11:45:00,1,293.6531980441986,293.6228313969522
2017-08-15 12:00:00,1,293.79659957274157,293.7599861727063
2017-08-15 12:15:00,1,293.9428667213549,293.900903768167
2017-08-15 12:30:00,1,294.08906060296823,294.04274680808874
2017-08-15 12:45:00,1,294.23240062194986,294.18193188673575
2017-08-15 13:00:00,1,294.3716700805412,294.3169189808002
2017-08-15 13:15:00,1,294.5067866550752,294.4483199863641
2017-08-15 13:30:00,1,294.63891676391523,294.57805720412506
2017-08-15 13:45:00,1,294.77040661589393,294.70838033679
2017-08-15 14:00:00,1,294.9028862304914,294.8403010043534
2017-08-15 14:15:00,1,295.03519361529834,294.97225332683877
2017-08-15 14:30:00,1,295.164145086426,295.1006236573246
2017-08-15 14:45:00,1,295.28637948523937,295.22156462465045
2017-08-15 15:00:00,1,295.39966534196117,295.33279581744625
2017-08-15 15:15:00,1,295.5039896921551,295.4343504820166
2017-08-15 15:30:00,1,295.60029270461644,295.5274014718735
2017-08-15 15:45:00,1,295.6887810133859,295.6125594374846
2017-08-15 16:00:00,1,295.7686805646758,295.68907683512265
2017-08-15 16:15:00,1,295.8381345293635,295.75502894155596
2017-08-15 16:30:00,1,295.89511030228005,295.80825797511847
2017-08-15 16:45:00,1,295.9381339891777,295.84710343984625
2017-08-15 17:00:00,1,295.96609316731235,295.8704748389071
2017-08-15 17:15:00,1,295.9773241685166,295.8769807386774
2017-08-15 17:30:00,1,295.9708222467155,295.8655876247994
2017-08-15 17:45:00,1,295.9478995788244,295.8368714079748
2017-08-15 18:00:00,1,295.91198450095374,295.7925947685554
2017-08-15 18:15:00,1,295.8555672380633,295.7323844423019
2017-08-15 18:30:00,1,295.774682678006,295.6519610313127
2017-08-15 18:45:00,1,295.6725780215248,295.5516938661293
2017-08-15 19:00:00,1,295.5540302903268,295.43596582178554
2017-08-15 19:15:00,1,295.4235434821618,295.3092639658197
2017-08-15 19:30:00,1,295.2807539483653,295.17158390527425
2017-08-15 19:45:00,1,295.1181637367272,295.02038251719
2017-08-15 20:00:00,1,294.9397157353998,294.8576327923609
2017-08-15 20:15:00,1,294.75623071876265,294.6888561873302
2017-08-15 20:30:00,1,294.57635496085294,294.52225441861333
2017-08-15 20:45:00,1,294.403822776431,294.36551767834203
2017-08-15 21:00:00,1,294.2429948187863,294.2224562585612
2017-08-15 21:15:00,1,294.100268391251,294.088395124326
2017-08-15 21:30:00,1,293.97064332717287,293.96056648841414
2017-08-15 21:45:00,1,293.84699946394187,293.83884698583324
2017-08-15 22:00:00,1,293.72963046196924,293.7233940338263
2017-08-15 22:15:00,1,293.6250360348069,293.6167657851697
2017-08-15 22:30:00,1,293.5317776632277,293.5229968846385
2017-08-15 22:45:00,1,293.4474381178579,293.44079810593297
2017-08-15 23:00:00,1,293.3703873362851,293.3666899703978
2017-08-15 23:15:00,1,293.29948346519944,293.29815938689154
2017-08-15 23:30:00,1,293.2338770601465,293.2342040818245
2017-08-15 23:45:00,1,293.17298750154555,293.17458317419664
2017-08-16 00:00:00,1,293.11643541579,293.1191569018934
2017-08-16 00:15:00,1,293.06391970229583,293.06768017785805
2017-08-16 00:30:00,1,293.0151703742492,293.019866347492
2017-08-16 00:45:00,1,292.96998301844076,292.97549103916214
2017-08-16 01:00:00,1,292.9281856898628,292.9343969691487
2017-08-16 01:15:00,1,292.8895678548701,292.8965595174915
2017-08-16 01:30:00,1,292.8538509995734,292.86169122938526
2017-08-16 01:45:00,1,292.8206662307682,292.82923015954447
2017-08-16 02:00:00,1,292.78961569940384,292.7987056223764
2017-08-16 02:15:00,1,292.76035527258307,292.76980261167057
2017-08-16 02:30:00,1,292.73261361648565,292.74230018868644
2017-08-16 02:45:00,1,292.7061742092272,292.7160184208437
2017-08-16 03:00:00,1,292.68085930791017,292.69079999306405
2017-08-16 03:15:00,1,292.6565193803172,292.6665051690792
2017-08-16 03:30:00,1,292.63291177140405,292.6428787184204
2017-08-16 03:45:00,1,292.60940316702374,292.61936775176434
2017-08-16 04:00:00,1,292.5851988316327,292.59523434849905
2017-08-16 04:15:00,1,292.5597104910356,292.5698544380002
2017-08-16 04:30:00,1,292.5327302567922,292.543016175508
2017-08-16 04:45:00,1,292.5046684014428,292.51508926645926
2017-08-16 05:00:00,1,292.4763162404636,292.4868437367773
2017-08-16 05:15:00,1,292.4484051551361,292.4590657836189
2017-08-16 05:30:00,1,292.42140472033856,292.4322609422132
2017-08-16 05:45:00,1,292.39544533569654,292.40656708610186
2017-08-16 06:00:00,1,292.37074965628676,292.382263982996
2017-08-16 06:15:00,1,292.3486858965963,292.3604910384067
2017-08-16 06:30:00,1,292.33111020282314,292.3429628103589
2017-08-16 06:45:00,1,292.31929891574197,292.33109467106476
2017-08-16 07:00:00,1,292.3139437412155,292.3257837982311
2017-08-16 07:15:00,1,292.315848232507,292.3277519542566
2017-08-16 07:30:00,1,292.32590312274044,292.3375048204059
2017-08-16 07:45:00,1,292.3451980442029,292.35594628834275
2017-08-16 08:00:00,1,292.37480996028444,292.3841958194425
2017-08-16 08:15:00,1,292.415315569801,292.42282298239496
2017-08-16 08:30:00,1,292.4664687707182,292.4711638685766
2017-08-16 08:45:00,1,292.52643867470744,292.526908555747
2017-08-16 09:00:00,1,292.59063632548305,292.5869649469782
2017-08-16 09:15:00,1,292.6556470995463,292.6485320318857
2017-08-16 09:30:00,1,292.7221650712762,292.7099249305145
2017-08-16 09:45:00,1,292.78943175173447,292.7722793604826
2017-08-16 10:00:00,1,292.8644553660401,292.8430672019228
2017-08-16 10:15:00,1,292.94883300976034,292.92437992942115
2017-08-16 10:30:00,1,293.04260578107375,293.01588644901216
2017-08-16 10:45:00,1,293.145416928796,293.11540702828546
2017-08-16 11:00:00,1,293.2582590732923,293.22201318962715
2017-08-16 11:15:00,1,293.3738893281508,293.3353240713777
2017-08-16 11:30:00,1,293.48725575220095,293.44847090389845
2017-08-16 11:45:00,1,293.5978027080899,293.55770235587573
2017-08-16 12:00:00,1,293.7068078577754,293.66378697839025
2017-08-16 12:15:00,1,293.8155652024752,293.76915952540844
2017-08-16 12:30:00,1,293.9249079258092,293.8755700430822
2017-08-16 12:45:00,1,294.03543282875825,293.9837905368013
2017-08-16 13:00:00,1,294.1477790819585,294.094184342015
2017-08-16 13:15:00,1,294.2620213589821,294.20676076637835
2017-08-16 13:30:00,1,294.3770401949466,294.3203088737302
2017-08-16 13:45:00,1,294.48927423797994,294.43147179894214
2017-08-16 14:00:00,1,294.5939016305601,294.5353436373751
2017-08-16 14:15:00,1,294.6859219817952,294.62663911551226
2017-08-16 14:30:00,1,294.7613617965236,294.70164880081467
2017-08-16 14:45:00,1,294.8203323108234,294.76018781501796
2017-08-16 15:00:00,1,294.86560833105415,294.8047602065754
2017-08-16 15:15:00,1,294.9000348706679,294.838641099567
2017-08-16 15:30:00,1,294.9253850002623,294.86391974113087
2017-08-16 15:45:00,1,294.9416407358113,294.88071450988565
2017-08-16 16:00:00,1,294.9475503989725,294.88758363896875
2017-08-16 16:15:00,1,294.94131878984126,294.88278594796145
2017-08-16 16:30:00,1,294.92284451434335,294.86599832880916
2017-08-16 16:45:00,1,294.8939201341598,294.8385282803297
2017-08-16 17:00:00,1,294.85651412305594,294.8023519394312
2017-08-16 17:15:00,1,294.8119031559113,294.75898780615773
2017-08-16 17:30:00,1,294.7608211105262,294.70920970909043
2017-08-16 17:45:00,1,294.70386009271374,294.65343493898126
2017-08-16 18:00:00,1,294.64174518741044,294.5920804589929
2017-08-16 18:15:00,1,294.57528869587946,294.5256082678105
2017-08-16 18:30:00,1,294.5000411805203,294.4512134894631
2017-08-16 18:45:00,1,294.4140478295977,294.3673331080342
2017-08-16 19:00:00,1,294.3175853732681,294.27443441584666
2017-08-16 19:15:00,1,294.213370314779,294.1750902029417
2017-08-16 19:30:00,1,294.1036488141903,294.0735742325728
2017-08-16 19:45:00,1,293.9900395733038,293.97019160408803
2017-08-16 20:00:00,1,293.87579346167814,293.86196740270714
2017-08-16 20:15:00,1,293.760730827518,293.750744865796
2017-08-16 20:30:00,1,293.64742040526096,293.64064236468823
2017-08-16 20:45:00,1,293.53818236575006,293.53396547633116
2017-08-16 21:00:00,1,293.43916246303826,293.43409103098827
2017-08-16 21:15:00,1,293.3486266404957,293.34413254724643
2017-08-16 21:30:00,1,293.26435541308274,293.26260835704574
2017-08-16 21:45:00,1,293.18542738683817,293.18683055204343
2017-08-16 22:00:00,1,293.11159403781596,293.1154116085065
2017-08-16 22:15:00,1,293.0426496254476,293.0481957279989
2017-08-16 22:30:00,1,292.97828694125104,292.98527213287605
2017-08-16 22:45:00,1,292.9181968195052,292.92650803366166
2017-08-16 23:00:00,1,292.8621132494921,292.87160747929397
2017-08-16 23:15:00,1,292.8097769052326,292.8202569182437
2017-08-16 23:30:00,1,292.7609021963481,292.7721760367816
2017-08-16 23:45:00,1,292.7151315740534,292.72705410276103
2017-08-17 00:00:00,1,292.6720608035993,292.68452535854755
2017-08-17 00:15:00,1,292.63130762030386,292.64422071308616
2017-08-17 00:30:00,1,292.5925852507288,292.6060004877603
2017-08-17 00:45:00,1,292.5558323301339,292.5697708732236
2017-08-17 01:00:00,1,292.52116982443596,292.5355348258475
2017-08-17 01:15:00,1,292.4887078145067,292.5033868578719
2017-08-17 01:30:00,1,292.4584118475847,292.4733619756954
2017-08-17 01:45:00,1,292.43006333068445,292.44529005232704
2017-08-17 02:00:00,1,292.40334887574244,292.4187974108438
2017-08-17 02:15:00,1,292.3779776383977,292.3935508517827
2017-08-17 02:30:00,1,292.35372669356735,292.3693364564318
2017-08-17 02:45:00,1,292.33047562980755,292.3460565886122
2017-08-17 03:00:00,1,292.3081868877493,292.32368769617915
2017-08-17 03:15:00,1,292.2868368165672,292.30222375041643
2017-08-17 03:30:00,1,292.26637114828293,292.28162407858355
2017-08-17 03:45:00,1,292.2466638830641,292.2617785633859
2017-08-17 04:00:00,1,292.2275490032592,292.2425277922451
2017-08-17 04:15:00,1,292.20887923213684,292.22371635659835
2017-08-17 04:30:00,1,292.19054198106954,292.20522587176384
2017-08-17 04:45:00,1,292.172449953018,292.1869742551907
2017-08-17 05:00:00,1,292.15453607654155,292.16890323599404
2017-08-17 05:15:00,1,292.1367519931941,292.1509715289617
2017-08-17 05:30:00,1,292.11908471342883,292.1331664096198
2017-08-17 05:45:00,1,292.10159171961135,292.1155468381612
2017-08-17 06:00:00,1,292.0849032108231,292.0988695910969
2017-08-17 06:15:00,1,292.0715076581071,292.0852923890046
2017-08-17 06:30:00,1,292.0642087780482,292.07751400040155
2017-08-17 06:45:00,1,292.0645245508385,292.0774024062235
2017-08-17 07:00:00,1,292.07296622894705,292.08561938061956
2017-08-17 07:15:00,1,292.0895154407434,292.1021660391074
2017-08-17 07:30:00,1,292.1136487382494,292.1260124490161
2017-08-17 07:45:00,1,292.1443219590946,292.1558665852281
2017-08-17 08:00:00,1,292.1801391319172,292.19036463050384
2017-08-17 08:15:00,1,292.21967446551787,292.2281757463686
2017-08-17 08:30:00,1,292.2619491855792,292.26836781945696
2017-08-17 08:45:00,1,292.3068153939959,292.31070319857776
2017-08-17 09:00:00,1,292.353847394265,292.3550977682537
2017-08-17 09:15:00,1,292.4013301017734,292.4006192285227
2017-08-17 09:30:00,1,292.44960078093203,292.44540174200375
2017-08-17 09:45:00,1,292.49784841838294,292.4897846740396
2017-08-17 10:00:00,1,292.5457369331931,292.5344494440852
2017-08-17 10:15:00,1,292.59417339381406,292.5807425347462
2017-08-17 10:30:00,1,292.6446633498005,292.62910851124855
2017-08-17 10:45:00,1,292.7024897874449,292.68487921563826
2017-08-17 11:00:00,1,292.77168979596644,292.7523547671399
2017-08-17 11:15:00,1,292.85355998187487,292.8320619027561
2017-08-17 11:30:00,1,292.94646957991154,292.92133377785774
2017-08-17 11:45:00,1,293.04566423318033,293.01915083322945
2017-08-17 12:00:00,1,293.1440214056281,293.11801699184184
2017-08-17 12:15:00,1,293.23856222490804,293.2122993808227
2017-08-17 12:30:00,1,293.3280370143184,293.3002118164129
2017-08-17 12:45:00,1,293.41254324757494,293.38256767130133
2017-08-17 13:00:00,1,293.4931054051108,293.4610476188525
2017-08-17 13:15:00,1,293.57088126763193,293.5370902776651
2017-08-17 13:30:00,1,293.6466021142886,293.61142070495004
2017-08-17 13:45:00,1,293.72027507818007,293.6840024315288
2017-08-17 14:00:00,1,293.7915482813938,293.75441271591524
2017-08-17 14:15:00,1,293.86024430033734,293.82233533609644
2017-08-17 14:30:00,1,293.92646667087143,293.8877867008712
2017-08-17 14:45:00,1,293.99055834324867,293.9510879634005
2017-08-17 15:00:00,1,294.0531287966481,294.0128849533224
2017-08-17 15:15:00,1,294.11497638710165,294.073748061754
2017-08-17 15:30:00,1,294.17564426839857,294.1333242644761
2017-08-17 15:45:00,1,294.23370056887364,294.19034916098445
2017-08-17 16:00:00,1,294.2876023997843,294.2430658634226
2017-08-17 16:15:00,1,294.33515403436735,294.2891884884808
2017-08-17 16:30:00,1,294.37405879977655,294.326599765513
2017-08-17 16:45:00,1,294.40274861295467,294.3538498995784
2017-08-17 17:00:00,1,294.4206234977847,294.3704321024794
2017-08-17 17:15:00,1,294.4282520069476,294.3768360139151
2017-08-17 17:30:00,1,294.4267460809833,294.37406034732345
2017-08-17 17:45:00,1,294.41709074728226,294.36298501343146
2017-08-17 18:00:00,1,294.40004308296295,294.3440387838279
2017-08-17 18:15:00,1,294.37611559779504,294.3170592468369
2017-08-17 18:30:00,1,294.3424652881359,294.2812094216861
2017-08-17 18:45:00,1,294.29520730907143,294.23384903381816
2017-08-17 19:00:00,1,294.23601381821334,294.1750615341644
2017-08-17 19:15:00,1,294.1666133712812,294.1061869958996
2017-08-17 19:30:00,1,294.08389476070886,294.0268658140756
2017-08-17 19:45:00,1,293.98403563150606,293.9353516415889
2017-08-17 20:00:00,1,293.8709599344447,293.8320514553576
2017-08-17 20:15:00,1,293.75213984485043,293.72260005729004
2017-08-17 20:30:00,1,293.63254040901563,293.61382231479683
2017-08-17 20:45:00,1,293.5178113303343,293.50967444596154
2017-08-17 21:00:00,1,293.4134044182106,293.4087815411712
2017-08-17 21:15:00,1,293.3125448246503,293.30992459495565
2017-08-17 21:30:00,1,293.21407165318874,293.2127297152009
2017-08-17 21:45:00,1,293.1238634169784,293.12078710920184
2017-08-17 22:00:00,1,293.04151848175536,293.038191856231
2017-08-17 22:15:00,1,292.9658643490942,292.9645341646243
2017-08-17 22:30:00,1,292.89609544078945,292.89744928219824
2017-08-17 22:45:00,1,292.8316483231842,292.8352121418218
2017-08-17 23:00:00,1,292.7720749178504,292.77721560258414
2017-08-17 23:15:00,1,292.7169617406047,292.7233278710006
2017-08-17 23:30:00,1,292.66590252286153,292.6733494019067
2017-08-17 23:45:00,1,292.6184823156055,292.6269050988893
2017-08-18 00:00:00,1,292.5743012292091,292.583566526852
2017-08-18 00:15:00,1,292.53300431873225,292.54296244951263
2017-08-18 00:30:00,1,292.49429353626493,292.50494351927523
2017-08-18 00:45:00,1,292.4579409304938,292.4692842115882
2017-08-18 01:00:00,1,292.4237630621221,292.4357117519852
2017-08-18 01:15:00,1,292.3915881716493,292.4040153324284
2017-08-18 01:30:00,1,292.3612345508281,292.3740275838795
2017-08-18 01:45:00,1,292.332476991505,292.3455624606095
2017-08-18 02:00:00,1,292.3050778677771,292.3184086906217
2017-08-18 02:15:00,1,292.2788355534027,292.2923689966397
2017-08-18 02:30:00,1,292.2536114379117,292.26731110955643
2017-08-18 02:45:00,1,292.22936978862765,292.2432031306552
2017-08-18 03:00:00,1,292.20613079429495,292.22005212227134
2017-08-18 03:15:00,1,292.1838994183103,292.19785864229306
2017-08-18 03:30:00,1,292.16263082044566,292.1765876242558
2017-08-18 03:45:00,1,292.14219276193575,292.15612938076805
2017-08-18 04:00:00,1,292.1224121192177,292.13632317040725
2017-08-18 04:15:00,1,292.1031424232914,292.1170149382023
2017-08-18 04:30:00,1,292.0842874613196,292.0981060725094
2017-08-18 04:45:00,1,292.06581271109417,292.07956291820835
2017-08-18 05:00:00,1,292.04771615337484,292.06138872206026
2017-08-18 05:15:00,1,292.0299940069085,292.0435886260397
2017-08-18 05:30:00,1,292.01263381280086,292.0261550221301
2017-08-18 05:45:00,1,291.995624528592,292.0090777834423
2017-08-18 06:00:00,1,291.9790328582663,291.99243711891774
2017-08-18 06:15:00,1,291.9631714051271,291.97650095947904
2017-08-18 06:30:00,1,291.9484055756747,291.9616202342711
2017-08-18 06:45:00,1,291.9349538080201,291.94805580672863
2017-08-18 07:00:00,1,291.92301339868874,291.93604338469714
2017-08-18 07:15:00,1,291.91311155515734,291.92602524473
2017-08-18 07:30:00,1,291.90591052433217,291.9186812874503
2017-08-18 07:45:00,1,291.90181358243933,291.91441810238973
2017-08-18 08:00:00,1,291.9011535741614,291.91355625978144
2017-08-18 08:15:00,1,291.9049052852927,291.9169582044318
2017-08-18 08:30:00,1,291.914417497486,291.9259764278836
2017-08-18 08:45:00,1,291.9309952657363,291.9419554394139
2017-08-18 09:00:00,1,291.955626347096,291.9657132330906
2017-08-18 09:15:00,1,291.9889739853491,291.9978470428857
2017-08-18 09:30:00,1,292.0312952033258,292.0384626924877
2017-08-18 09:45:00,1,292.0822519441498,292.08704041198064
2017-08-18 10:00:00,1,292.1407309383381,292.14215612832766
2017-08-18 10:15:00,1,292.20220369748426,292.2009777550104
2017-08-18 10:30:00,1,292.2650044358152,292.25912988441274
2017-08-18 10:45:00,1,292.326751662133,292.3159648116223
2017-08-18 11:00:00,1,292.38702426572144,292.37290982353875
2017-08-18 11:15:00,1,292.4485149335678,292.4325777258055
2017-08-18 11:30:00,1,292.5124170380296,292.4951762040721
2017-08-18 11:45:00,1,292.57836934175026,292.5597529881924
2017-08-18 12:00:00,1,292.6466697689912,292.62564811229254
2017-08-18 12:15:00,1,292.7176804495457,292.69280316619535
2017-08-18 12:30:00,1,292.7862044222373,292.7603473210741
2017-08-18 12:45:00,1,292.8487871325799,292.82360959522794
2017-08-18 13:00:00,1,292.904276429435,292.87957404729514
2017-08-18 13:15:00,1,292.95330999444104,292.92829698475947
2017-08-18 13:30:00,1,292.99738666494585,292.97144033583015
2017-08-18 13:45:00,1,293.03763812526057,293.01071562886256
2017-08-18 14:00:00,1,293.0749126892949,293.0474550216429
2017-08-18 14:15:00,1,293.11113196152274,293.0834378477872
2017-08-18 14:30:00,1,293.1494050014841,293.1212116308103
2017-08-18 14:45:00,1,293.19216490047205,293.1632737397231
2017-08-18 15:00:00,1,293.23918564119475,293.20943226889676
2017-08-18 15:15:00,1,293.28449416957795,293.25434929703374
2017-08-18 15:30:00,1,293.3188930458875,293.2892982393351
2017-08-18 15:45:00,1,293.3346065019504,293.3063180667362
2017-08-18 16:00:00,1,293.32906230780026,293.3028619830275
2017-08-18 16:15:00,1,293.30794774106135,293.2836228385426
2017-08-18 16:30:00,1,293.28053554968164,293.25712551515744
2017-08-18 16:45:00,1,293.2545780544372,293.2313755835758
2017-08-18 17:00:00,1,293.2347836048877,293.21129085207275
2017-08-18 17:15:00,1,293.22142739154907,293.19773761867106
2017-08-18 17:30:00,1,293.21171714792405,293.18840009779694
2017-08-18 17:45:00,1,293.2027609755789,293.1800099346352
2017-08-18 18:00:00,1,293.192025936856,293.16906853831534
2017-08-18 18:15:00,1,293.174982061391,293.15205957619145
2017-08-18 18:30:00,1,293.14881808925713,293.12650272848975
2017-08-18 18:45:00,1,293.11190349539146,293.09099744472053
2017-08-18 19:00:00,1,293.0640756896859,293.0458672669396
2017-08-18 19:15:00,1,293.00615206916285,292.99452737360974
2017-08-18 19:30:00,1,292.94073273670125,292.9341327914434
2017-08-18 19:45:00,1,292.86831655275665,292.86444295045493
2017-08-18 20:00:00,1,292.79117836422233,292.7888418696447
2017-08-18 20:15:00,1,292.71411583758857,292.71118250479304
2017-08-18 20:30:00,1,292.64261581442327,292.6386196564801
2017-08-18 20:45:00,1,292.5765713162623,292.57370849170024
2017-08-18 21:00:00,1,292.5153784852007,292.51508288306417
2017-08-18 21:15:00,1,292.45861347619683,292.46079619419083
2017-08-18 21:30:00,1,292.40595536868733,292.40993213841614
2017-08-18 21:45:00,1,292.35714928404326,292.36240536121005
2017-08-18 22:00:00,1,292.31199710766055,292.31830952008227
2017-08-18 22:15:00,1,292.2703184731498,292.27758850221414
2017-08-18 22:30:00,1,292.23188947919994,292.2401326692543
2017-08-18 22:45:00,1,292.19634413899,292.2055488561754
2017-08-18 23:00:00,1,292.1632194805005,292.17328376087073
2017-08-18 23:15:00,1,292.13208840204675,292.14285673076256
2017-08-18 23:30:00,1,292.10263900326936,292.1139579555999
2017-08-18 23:45:00,1,292.07469793117133,292.08643627244237
2017-08-19 00:00:00,1,292.0481741752847,292.06022943158393
2017-08-19 00:15:00,1,292.0229963847822,292.0352949606187
2017-08-19 00:30:00,1,291.99908879964596,292.0115760022778
2017-08-19 00:45:00,1,291.9763687061572,291.9889987863835
2017-08-19 01:00:00,1,291.95474994130893,291.9674820846851
2017-08-19 01:15:00,1,291.9341443292319,291.94693867774816
2017-08-19 01:30:00,1,291.9143495827165,291.9271429715061
2017-08-19 01:45:00,1,291.8947181740525,291.90751158110817
2017-08-19 02:00:00,1,291.8743410488632,291.8871866996243
2017-08-19 02:15:00,1,291.8524781034495,291.86537123945936
2017-08-19 02:30:00,1,291.82876673995236,291.84165968114314
2017-08-19 02:45:00,1,291.80339338984396,291.81621863239286
2017-08-19 03:00:00,1,291.7769068904128,291.78963546507913
2017-08-19 03:15:00,1,291.74987533313777,291.762580698524
2017-08-19 03:30:00,1,291.72283154813,291.7356732354292
2017-08-19 03:45:00,1,291.6965017443083,291.70958600117586
2017-08-19 04:00:00,1,291.67167331968557,291.68502603446507
2017-08-19 04:15:00,1,291.64891848380125,291.6625615927047
2017-08-19 04:30:00,1,291.6285037151873,291.6424544617962
2017-08-19 04:45:00,1,291.6103299384385,291.62460131696326
2017-08-19 05:00:00,1,291.5940677552426,291.60865447260187
2017-08-19 05:15:00,1,291.57936938745314,291.5942242978148
2017-08-19 05:30:00,1,291.56599719414686,291.5810700343943
2017-08-19 05:45:00,1,291.55395287077164,291.56915488684905
2017-08-19 06:00:00,1,291.54402425460796,291.55939338886384
2017-08-19 06:15:00,1,291.5393050909728,291.5545192748381
2017-08-19 06:30:00,1,291.5434324681666,291.5579704871837
2017-08-19 06:45:00,1,291.55807290000877,291.57193992816923
2017-08-19 07:00:00,1,291.5827524661747,291.5962384822526
2017-08-19 07:15:00,1,291.61520170095775,291.6285659116788
2017-08-19 07:30:00,1,291.65252736123836,291.6653876291109
2017-08-19 07:45:00,1,291.6928252705529,291.70434182814205
2017-08-19 08:00:00,1,291.73570578621377,291.7451617994112
2017-08-19 08:15:00,1,291.7828412141339,291.7896734797246
2017-08-19 08:30:00,1,291.83606647449193,291.840337803127
2017-08-19 08:45:00,1,291.89526002679395,291.89570811207517
2017-08-19 09:00:00,1,291.961359296659,291.95572621403943
2017-08-19 09:15:00,1,292.03891666522634,292.0296397668695
2017-08-19 09:30:00,1,292.13592848560455,292.1240488850087
2017-08-19 09:45:00,1,292.2560317837067,292.2410113945457
2017-08-19 10:00:00,1,292.40399598830084,292.3826408468026
2017-08-19 10:15:00,1,292.5710330681378,292.548154173618
2017-08-19 10:30:00,1,292.74822716246666,292.72533539020617
2017-08-19 10:45:00,1,292.9281381085349,292.9026120757477
2017-08-19 11:00:00,1,293.1038031187199,293.0730016440907
2017-08-19 11:15:00,1,293.27045795834255,293.23335872439725
2017-08-19 11:30:00,1,293.42616371876017,293.38301242511375
2017-08-19 11:45:00,1,293.5717785381585,293.52312903416384
2017-08-19 12:00:00,1,293.7091909562461,293.65556170539185
2017-08-19 12:15:00,1,293.8392872168511,293.78142419236536
2017-08-19 12:30:00,1,293.9620868118067,293.9008370449458
2017-08-19 12:45:00,1,294.07790889283365,294.0139726548919
2017-08-19 13:00:00,1,294.1878146641142,294.121647774718
2017-08-19 13:15:00,1,294.2922049828275,294.2244949316326
2017-08-19 13:30:00,1,294.3906157705291,294.3223119337938
2017-08-19 13:45:00,1,294.4825882032203,294.41452027095846
2017-08-19 14:00:00,1,294.56819437099847,294.50065345099586
2017-08-19 14:15:00,1,294.6469305982277,294.57992129072636
2017-08-19 14:30:00,1,294.71669163196253,294.6499888297768
2017-08-19 14:45:00,1,294.7729607342168,294.7067555627713
2017-08-19 15:00:00,1,294.8125345518167,294.7469858515307
2017-08-19 15:15:00,1,294.8362012931413,294.7709936640494
2017-08-19 15:30:00,1,294.84768036636814,294.782867331758
2017-08-19 15:45:00,1,294.8538816625708,294.78938599980324
2017-08-19 16:00:00,1,294.86028316989854,294.795484847531
2017-08-19 16:15:00,1,294.86413169833105,294.7991835184572
2017-08-19 16:30:00,1,294.85623978840067,294.7915306300687
2017-08-19 16:45:00,1,294.8254004372986,294.76129550492925
2017-08-19 17:00:00,1,294.7652252203906,294.702556184242
2017-08-19 17:15:00,1,294.68016306604403,294.61896796238375
2017-08-19 17:30:00,1,294.57994248555696,294.5198672497107
2017-08-19 17:45:00,1,294.4727136775499,294.4140372703977
2017-08-19 18:00:00,1,294.3634918982011,294.30653889876504
2017-08-19 18:15:00,1,294.2543168099283,294.19953284977316
2017-08-19 18:30:00,1,294.1455968684217,294.0936903616248
2017-08-19 18:45:00,1,294.0376336401949,293.9894679969022
2017-08-19 19:00:00,1,293.9313164552121,293.8874706186788
2017-08-19 19:15:00,1,293.8277302415757,293.78916390524927
2017-08-19 19:30:00,1,293.72415424337834,293.69477443990377
2017-08-19 19:45:00,1,293.62199627366454,293.60074821135424
2017-08-19 20:00:00,1,293.52255954103214,293.50575657197726
2017-08-19 20:15:00,1,293.42676633600956,293.4127086042468
2017-08-19 20:30:00,1,293.3374494264349,293.325390496977
2017-08-19 20:45:00,1,293.255592410956,293.2457338174805
2017-08-19 21:00:00,1,293.18074550698026,293.17349610453215
2017-08-19 21:15:00,1,293.11186346140965,293.1073430036374
2017-08-19 21:30:00,1,293.04789126955546,293.0459879608173
2017-08-19 21:45:00,1,292.9884917151263,292.98876952046504
2017-08-19 22:00:00,1,292.93648277654137,292.93567523020914
2017-08-19 22:15:00,1,292.8921114205328,292.890018517704
2017-08-19 22:30:00,1,292.85443955194745,292.8522129229147
2017-08-19 22:45:00,1,292.8220815323721,292.82045250880054
2017-08-19 23:00:00,1,292.79342100389283,292.79249946843515
2017-08-19 23:15:00,1,292.767101922734,292.76670112912075
2017-08-19 23:30:00,1,292.74228107907527,292.7422327494201
2017-08-19 23:45:00,1,292.71885373597735,292.7190144335547
2017-08-20 00:00:00,1,292.69714768846893,292.69739239463297
2017-08-20 00:15:00,1,292.6774474050733,292.6776712332477
2017-08-20 00:30:00,1,292.6597191554314,292.65981232432114
2017-08-20 00:45:00,1,292.6432848733749,292.64323864265884
2017-08-20 01:00:00,1,292.62710915593635,292.6270080313047
2017-08-20 01:15:00,1,292.61032218460895,292.61021704154257
2017-08-20 01:30:00,1,292.5924756395477,292.59238075485166
2017-08-20 01:45:00,1,292.573734777577,292.5736116885743
2017-08-20 02:00:00,1,292.55465485449747,292.55444838430265
2017-08-20 02:15:00,1,292.5357846294115,292.53549977789436
2017-08-20 02:30:00,1,292.51735424024383,292.51701111291356
2017-08-20 02:45:00,1,292.49882975683516,292.4985394317201
2017-08-20 03:00:00,1,292.4791799938274,292.4791296229208
2017-08-20 03:15:00,1,292.45748630537804,292.4578133364975
2017-08-20 03:30:00,1,292.43338058474836,292.4342113442778
2017-08-20 03:45:00,1,292.4076761557294,292.40898823405314
2017-08-20 04:00:00,1,292.3819666674026,292.38360398736285
2017-08-20 04:15:00,1,292.35768896128513,292.3595815327931
2017-08-20 04:30:00,1,292.3356932691439,292.3378718660301
2017-08-20 04:45:00,1,292.3160714881148,292.3186215731835
2017-08-20 05:00:00,1,292.2984336998088,292.30140978040384
2017-08-20 05:15:00,1,292.28231772357213,292.2856719696331
2017-08-20 05:30:00,1,292.26737375785194,292.270995996791
2017-08-20 05:45:00,1,292.2534435757582,292.25721925519025
2017-08-20 06:00:00,1,292.2406672007854,292.2445494334921
2017-08-20 06:15:00,1,292.2298054937848,292.233682704318
2017-08-20 06:30:00,1,292.2218401590848,292.2256605822568
2017-08-20 06:45:00,1,292.2176143407102,292.2213270138915
2017-08-20 07:00:00,1,292.218176048893,292.2217374527084
2017-08-20 07:15:00,1,292.2258171998832,292.22894095593307
2017-08-20 07:30:00,1,292.24310270268404,292.24536715885733
2017-08-20 07:45:00,1,292.2710615753551,292.27232113771663
2017-08-20 08:00:00,1,292.30880784538715,292.30848133617326
2017-08-20 08:15:00,1,292.35297447689067,292.3503296466557
2017-08-20 08:30:00,1,292.39785998150654,292.3935479256707
2017-08-20 08:45:00,1,292.44004320628443,292.43337783533434
2017-08-20 09:00:00,1,292.4786796445286,292.470005458269
2017-08-20 09:15:00,1,292.51678202384454,292.5062478548206
2017-08-20 09:30:00,1,292.55487565327945,292.5429886571143
2017-08-20 09:45:00,1,292.59212108458735,292.57927559641394
2017-08-20 10:00:00,1,292.62759967154767,292.6137693821019
2017-08-20 10:15:00,1,292.66029194758795,292.6453651978431
2017-08-20 10:30:00,1,292.6893913586535,292.6734089833635
2017-08-20 10:45:00,1,292.7151953154046,292.69801193663983
2017-08-20 11:00:00,1,292.7375734690047,292.7200369620521
2017-08-20 11:15:00,1,292.75707775838634,292.73974762517537
2017-08-20 11:30:00,1,292.7748246158909,292.7576597316526
2017-08-20 11:45:00,1,292.791572135529,292.77439842686346
2017-08-20 12:00:00,1,292.8075374193198,292.7903230282092
2017-08-20 12:15:00,1,292.8224819025757,292.80535799058174
2017-08-20 12:30:00,1,292.8360421600355,292.8191055788127
2017-08-20 12:45:00,1,292.84836934019194,292.82817031059443
2017-08-20 13:00:00,1,292.86021499958935,292.8263727219249
2017-08-20 13:15:00,1,292.8727213532312,292.8136710528638
2017-08-20 13:30:00,1,292.88691085392765,292.78825821852274
2017-08-20 13:45:00,1,292.90268392150966,292.75639375228786
2017-08-20 14:00:00,1,292.91859135995924,292.72840280522803
2017-08-20 14:15:00,1,292.9323103769554,292.7110469372667
2017-08-20 14:30:00,1,292.9418333558703,292.70457788220045
2017-08-20 14:45:00,1,292.9467612857605,292.70587528091056
2017-08-20 15:00:00,1,292.94804776029014,292.7110015173379
2017-08-20 15:15:00,1,292.9473806636973,292.7187113502736
2017-08-20 15:30:00,1,292.9465840077659,292.72868247351335
2017-08-20 15:45:00,1,292.9470854859061,292.7409540972093
2017-08-20 16:00:00,1,292.9495796617408,292.75537395265764
2017-08-20 16:15:00,1,292.9533892265485,292.77090750309736
2017-08-20 16:30:00,1,292.9568297164564,292.7857586831045
2017-08-20 16:45:00,1,292.9582654018809,292.7979337212571
2017-08-20 17:00:00,1,292.9570067384431,292.80479085236743
2017-08-20 17:15:00,1,292.9546765594918,292.80349828362057
2017-08-20 17:30:00,1,292.9549100213272,292.7957515848692
2017-08-20 17:45:00,1,292.9611813738557,292.78082418604316
2017-08-20 18:00:00,1,292.9765723727491,292.76366002630857
2017-08-20 18:15:00,1,293.0043721278647,292.7525756203687
2017-08-20 18:30:00,1,293.04523247927233,292.7534323309767
2017-08-20 18:45:00,1,293.10061567158186,292.75908889256476
2017-08-20 19:00:00,1,293.16835299183253,292.7573169548939
2017-08-20 19:15:00,1,293.2350268300831,292.7443749483005
2017-08-20 19:30:00,1,293.2814186671563,292.7239691147161
2017-08-20 19:45:00,1,293.2915912848653,292.70125830855835
2017-08-20 20:00:00,1,293.2664038244,292.6769110175476
2017-08-20 20:15:00,1,293.2180586872915,292.6504706225438
2017-08-20 20:30:00,1,293.15794654316284,292.62270860252755
2017-08-20 20:45:00,1,293.0936719528911,292.5944390768069
2017-08-20 21:00:00,1,293.0297090645128,292.56653738012767
2017-08-20 21:15:00,1,292.9683634656202,292.5398018011881
2017-08-20 21:30:00,1,292.91056921671833,292.51471365412004
2017-08-20 21:45:00,1,292.85628376567655,292.491404555744
2017-08-20 22:00:00,1,292.8053542204324,292.4697711966133
2017-08-20 22:15:00,1,292.7596993036331,292.44962127095647
2017-08-20 22:30:00,1,292.71909380670223,292.4307714944853
2017-08-20 22:45:00,1,292.6826391848728,292.4130855577483
2017-08-20 23:00:00,1,292.6494995039002,292.396468259386
2017-08-20 23:15:00,1,292.6191531117331,292.3808428921428
2017-08-20 23:30:00,1,292.5912304930908,292.3661139781214
2017-08-20 23:45:00,1,292.5653736043133,292.3521320421098
2017-08-21 00:00:00,1,292.54122662708227,292.3387227300916
2017-08-21 00:15:00,1,292.5184884163315,292.3261089229789
2017-08-21 00:30:00,1,292.49685478517296,292.3147630041972
2017-08-21 00:45:00,1,292.47579414359654,292.3041632202739
2017-08-21 01:00:00,1,292.4546363020984,292.2928418817258
2017-08-21 01:15:00,1,292.43282288235724,292.2794780096241
2017-08-21 01:30:00,1,292.41007582267844,292.26362659362127
2017-08-21 01:45:00,1,292.3866155524918,292.2457429357733
2017-08-21 02:00:00,1,292.3629984542891,292.22673531158995
2017-08-21 02:15:00,1,292.33976467843786,292.20746898021923
2017-08-21 02:30:00,1,292.31730302845654,292.188584751558
2017-08-21 02:45:00,1,292.2958974372607,292.1704744899354
2017-08-21 03:00:00,1,292.27575413732416,292.1533570509379
2017-08-21 03:15:00,1,292.2569900145613,292.13735132191766
2017-08-21 03:30:00,1,292.23961555870557,292.1224779482152
2017-08-21 03:45:00,1,292.22347995895126,292.1086287638839
2017-08-21 04:00:00,1,292.20834122519943,292.095604348145
2017-08-21 04:15:00,1,292.19397835226715,292.08319957440705
2017-08-21 04:30:00,1,292.18021903781994,292.0712393723469
2017-08-21 04:45:00,1,292.16692024216036,292.0595756542824
2017-08-21 05:00:00,1,292.15394552833345,292.0480832452793
2017-08-21 05:15:00,1,292.14115676406055,292.0366519262329
2017-08-21 05:30:00,1,292.12847344400905,292.0252240100216
2017-08-21 05:45:00,1,292.1159614883458,292.0138725287378
2017-08-21 06:00:00,1,292.1043667608723,292.0034479427782
2017-08-21 06:15:00,1,292.096462345685,291.9963499860361
2017-08-21 06:30:00,1,292.09556577440713,291.995758210348
2017-08-21 06:45:00,1,292.10379528886693,292.00424864061205
2017-08-21 07:00:00,1,292.1219950036022,292.022906203749
2017-08-21 07:15:00,1,292.1496632439416,292.0512736423836
2017-08-21 07:30:00,1,292.18508946437214,292.0871612288856
2017-08-21 07:45:00,1,292.22488424559305,292.1271163895561
2017-08-21 08:00:00,1,292.26605771719824,292.1665070209462
2017-08-21 08:15:00,1,292.30768302408853,292.20488991615815
2017-08-21 08:30:00,1,292.34796229915503,292.2431644008839
2017-08-21 08:45:00,1,292.3886243265449,292.2835787768713
2017-08-21 09:00:00,1,292.43223447173403,292.32751602501753
2017-08-21 09:15:00,1,292.48117643881113,292.37661728345205
2017-08-21 09:30:00,1,292.53948600805035,292.4340373192607
2017-08-21 09:45:00,1,292.612507748091,292.5057974726943
2017-08-21 10:00:00,1,292.70082594034346,292.59298302867415
2017-08-21 10:15:00,1,292.8027508027917,292.69348805566125
2017-08-21 10:30:00,1,292.91394399599386,292.8028057977661
2017-08-21 10:45:00,1,293.02869014124144,292.91519556361993
2017-08-21 11:00:00,1,293.14222698748574,293.02611321776743
2017-08-21 11:15:00,1,293.2543145194157,293.13479005905
2017-08-21 11:30:00,1,293.36817808352197,293.2439930320387
2017-08-21 11:45:00,1,293.48734544445074,293.3574583212986
2017-08-21 12:00:00,1,293.6134488289971,293.47692202606095
2017-08-21 12:15:00,1,293.74468787502036,293.60064028314207
2017-08-21 12:30:00,1,293.8742113464321,293.7245638259046
2017-08-21 12:45:00,1,293.99791111805513,293.84438446066474
2017-08-21 13:00:00,1,294.11545292988507,293.95774997216347
2017-08-21 13:15:00,1,294.22790238778566,294.0650056349929
2017-08-21 13:30:00,1,294.3355457446777,294.1669204919861
2017-08-21 13:45:00,1,294.4372474352447,294.268302194868
2017-08-21 14:00:00,1,294.5380604437874,294.37256880099636
2017-08-21 14:15:00,1,294.6429620620197,294.48056831558347
2017-08-21 14:30:00,1,294.75136103430856,294.59095797569023
2017-08-21 14:45:00,1,294.8603663306477,294.70076060938806
2017-08-21 15:00:00,1,294.96634679267254,294.80642289864886
2017-08-21 15:15:00,1,295.06616398688953,294.90489459162876
2017-08-21 15:30:00,1,295.1575172183192,294.9940911550344
2017-08-21 15:45:00,1,295.2389752259776,295.07292444770485
2017-08-21 16:00:00,1,295.30988966949315,295.14086308812415
2017-08-21 16:15:00,1,295.36923019249224,295.1971782504155
2017-08-21 16:30:00,1,295.4162035769964,295.24120294872773
2017-08-21 16:45:00,1,295.45157012529853,295.27348916948444
2017-08-21 17:00:00,1,295.4764171753726,295.2950573401077
2017-08-21 17:15:00,1,295.4905505049606,295.3060360861641
2017-08-21 17:30:00,1,295.4934356935625,295.3058540054843
2017-08-21 17:45:00,1,295.48541269646523,295.29430932295094
2017-08-21 18:00:00,1,295.46702974669626,295.27135285383594
2017-08-21 18:15:00,1,295.43759258466235,295.2360805811997
2017-08-21 18:30:00,1,295.3962911918707,295.1870599099613
2017-08-21 18:45:00,1,295.33517672916446,295.12343756316835
2017-08-21 19:00:00,1,295.2508265538857,295.041789480929
2017-08-21 19:15:00,1,295.14146762622266,294.93850842219496
2017-08-21 19:30:00,1,295.0019916164579,294.80983038614994
2017-08-21 19:45:00,1,294.83826854121577,294.6585581765861
2017-08-21 20:00:00,1,294.6641639106342,294.4956785492819
2017-08-21 20:15:00,1,294.49007454933343,294.33224226209296
2017-08-21 20:30:00,1,294.32117302115364,294.1744901931528
2017-08-21 20:45:00,1,294.15953280438765,294.02408310442326
2017-08-21 21:00:00,1,294.00528442260895,293.8837234095283
2017-08-21 21:15:00,1,293.8587044199597,293.75219247074386
2017-08-21 21:30:00,1,293.7247704910927,293.6253963369439
2017-08-21 21:45:00,1,293.5973805409972,293.50137209498365
2017-08-21 22:00:00,1,293.4719318412238,293.37962270909907
2017-08-21 22:15:00,1,293.34725520914884,293.2594622162759
2017-08-21 22:30:00,1,293.2298336928854,293.14013767715846
2017-08-21 22:45:00,1,293.1201797223339,293.0294527749326
2017-08-21 23:00:00,1,293.016666548452,292.92831366087785
2017-08-21 23:15:00,1,292.9184464651065,292.83381431358947
2017-08-21 23:30:00,1,292.8249962151533,292.74357643577184
2017-08-21 23:45:00,1,292.735869009433,292.6568430089021
2017-08-22 00:00:00,1,292.6505640499316,292.5735352557717
2017-08-22 00:15:00,1,292.5686437906095,292.49346991179567
2017-08-22 00:30:00,1,292.49000231342507,292.4165803320446
2017-08-22 00:45:00,1,292.41549535655986,292.3435801936529
2017-08-22 01:00:00,1,292.3465969269755,292.2758826057699
2017-08-22 01:15:00,1,292.2845328388079,292.2148693668386
2017-08-22 01:30:00,1,292.2300607746505,292.1614348539538
2017-08-22 01:45:00,1,292.1836469394177,292.11598997795204
2017-08-22 02:00:00,1,292.14543962365764,292.0787141597915
2017-08-22 02:15:00,1,292.11524950259474,292.049331862399
2017-08-22 02:30:00,1,292.09245432273394,292.0270646099114
2017-08-22 02:45:00,1,292.0755690553361,292.01056692141947
2017-08-22 03:00:00,1,292.0627458253689,291.99810400969415
2017-08-22 03:15:00,1,292.0524915127499,291.9878490004065
2017-08-22 03:30:00,1,292.0438148873157,291.9787396899547
2017-08-22 03:45:00,1,292.0361009247113,291.970337374272
2017-08-22 04:00:00,1,292.02894631338114,291.9624420129733
2017-08-22 04:15:00,1,292.02208923633265,291.9548885015821
2017-08-22 04:30:00,1,292.01534678545755,291.94750394064977
2017-08-22 04:45:00,1,292.00852241238294,291.9402117222593
2017-08-22 05:00:00,1,292.0014172673435,291.93281040128915
2017-08-22 05:15:00,1,291.9938893074708,291.925066680759
2017-08-22 05:30:00,1,291.98585294357537,291.91683725033903
2017-08-22 05:45:00,1,291.977238786471,291.9079292345244
2017-08-22 06:00:00,1,291.9685198874963,291.89910166449175
2017-08-22 06:15:00,1,291.9621641518392,291.8925147856586
2017-08-22 06:30:00,1,291.96135389727533,291.89119693156476
2017-08-22 06:45:00,1,291.96810776221463,291.8975012578472
2017-08-22 07:00:00,1,291.9828650145931,291.91191135607835
2017-08-22 07:15:00,1,292.00422705163385,291.9328762374421
2017-08-22 07:30:00,1,292.0298582396662,291.95783839049386
2017-08-22 07:45:00,1,292.05767716393746,291.9845193711184
2017-08-22 08:00:00,1,292.08674661259715,292.0121388570581
2017-08-22 08:15:00,1,292.11866485272265,292.042363636368
2017-08-22 08:30:00,1,292.15661787585066,292.07820638265133
2017-08-22 08:45:00,1,292.2032212398512,292.12220251156106
2017-08-22 09:00:00,1,292.2585879924194,292.1755530648665
2017-08-22 09:15:00,1,292.3214262460652,292.23683760538455
2017-08-22 09:30:00,1,292.3923859875472,292.3025029552173
2017-08-22 09:45:00,1,292.4787302346197,292.38432336245836
2017-08-22 10:00:00,1,292.58420031368894,292.48717478993177
2017-08-22 10:15:00,1,292.70612170394236,292.6069431774876
2017-08-22 10:30:00,1,292.8377262576684,292.7341958995872
2017-08-22 10:45:00,1,292.96709864962787,292.86238209964876
2017-08-22 11:00:00,1,293.08481946937076,292.9805369096597
2017-08-22 11:15:00,1,293.1912596100184,293.085381079431
2017-08-22 11:30:00,1,293.28970589491274,293.18035936150625
2017-08-22 11:45:00,1,293.38296748593365,293.2703058552651
2017-08-22 12:00:00,1,293.47346661750794,293.3586998237748
2017-08-22 12:15:00,1,293.56369746207963,293.4475802442545
2017-08-22 12:30:00,1,293.6553200413745,293.53810059675203
2017-08-22 12:45:00,1,293.7495693371842,293.631319242879
2017-08-22 13:00:00,1,293.8471252800255,293.72754774110865
2017-08-22 13:15:00,1,293.9450239325595,293.8242901927398
2017-08-22 13:30:00,1,294.0369426630052,293.91543680959575
2017-08-22 13:45:00,1,294.11442279932686,293.9927211907346
2017-08-22 14:00:00,1,294.17138304644664,294.0501110009042
2017-08-22 14:15:00,1,294.20819009823066,294.0871215030763
2017-08-22 14:30:00,1,294.2293310202771,294.108238198479
2017-08-22 14:45:00,1,294.2409145052471,294.1200469477386
2017-08-22 15:00:00,1,294.2500298746175,294.1301705621054
2017-08-22 15:15:00,1,294.26701667133057,294.1480885493118
2017-08-22 15:30:00,1,294.30256582579835,294.1838073111448
2017-08-22 15:45:00,1,294.36289648739074,294.24382991379775
2017-08-22 16:00:00,1,294.44733308375316,294.32767460003504
2017-08-22 16:15:00,1,294.54912371841755,294.4283701794917
2017-08-22 16:30:00,1,294.660379562436,294.53681239941625
2017-08-22 16:45:00,1,294.77422234857136,294.6453008305489
2017-08-22 17:00:00,1,294.88406627703375,294.74728638669404
2017-08-22 17:15:00,1,294.98168751403585,294.835709241632
2017-08-22 17:30:00,1,295.0602748348375,294.90434845996174
2017-08-22 17:45:00,1,295.1176809464325,294.95023754265816
2017-08-22 18:00:00,1,295.15515320334106,294.9736084892354
2017-08-22 18:15:00,1,295.1624228530436,294.9732854095484
2017-08-22 18:30:00,1,295.13707997432635,294.9443602239002
2017-08-22 18:45:00,1,295.08133920427736,294.88657267082647
2017-08-22 19:00:00,1,294.99590849569853,294.8034033694617
2017-08-22 19:15:00,1,294.8822407772505,294.6966010242055
2017-08-22 19:30:00,1,294.7389226567908,294.5649793697603
2017-08-22 19:45:00,1,294.5735310210023,294.413223194543
2017-08-22 20:00:00,1,294.3997670377396,294.25243607076135
2017-08-22 20:15:00,1,294.227724095713,294.0931362762724
2017-08-22 20:30:00,1,294.06240286485286,293.94128158928413
2017-08-22 20:45:00,1,293.905423418171,293.7997398875092
2017-08-22 21:00:00,1,293.75707038886236,293.6687645197567
2017-08-22 21:15:00,1,293.6246894239651,293.5446085580021
2017-08-22 21:30:00,1,293.50430066733605,293.4259241197794
2017-08-22 21:45:00,1,293.3894417524018,293.3132775515027
2017-08-22 22:00:00,1,293.282859598516,293.206940605994
2017-08-22 22:15:00,1,293.1893093106554,293.1110453259954
2017-08-22 22:30:00,1,293.1065387465726,293.0280644844512
2017-08-22 22:45:00,1,293.0321583504166,292.95568860249
2017-08-22 23:00:00,1,292.96422515502525,292.8902457515902
2017-08-22 23:15:00,1,292.9012938525959,292.82927252201233
2017-08-22 23:30:00,1,292.8424040376516,292.7718199172118
2017-08-22 23:45:00,1,292.78717546439344,292.7177908818274
2017-08-23 00:00:00,1,292.73556968438413,292.6672962588997
2017-08-23 00:15:00,1,292.6875474891772,292.62033025679926
2017-08-23 00:30:00,1,292.6429567780067,292.5767209337614
2017-08-23 00:45:00,1,292.60152099945066,292.53617270626154
2017-08-23 01:00:00,1,292.56289481474255,292.4984656580757
2017-08-23 01:15:00,1,292.5267416062613,292.4632491308449
2017-08-23 01:30:00,1,292.4927658070232,292.4301324921737
2017-08-23 01:45:00,1,292.4607154734956,292.39882804666604
2017-08-23 02:00:00,1,292.43038347810466,292.3691548700599
2017-08-23 02:15:00,1,292.40159685285346,292.3408951153976
2017-08-23 02:30:00,1,292.37419896187765,292.31390599466636
2017-08-23 02:45:00,1,292.34807552078865,292.2881072761021
2017-08-23 03:00:00,1,292.323150192307,292.26344765665385
2017-08-23 03:15:00,1,292.29935573166574,292.23987715196176
2017-08-23 03:30:00,1,292.2766175449655,292.21733106778635
2017-08-23 03:45:00,1,292.25484221874507,292.1957233877145
2017-08-23 04:00:00,1,292.23392565668763,292.17495455684906
2017-08-23 04:15:00,1,292.2137675622392,292.15492270871556
2017-08-23 04:30:00,1,292.1941682876963,292.1354055702326
2017-08-23 04:45:00,1,292.17454070705105,292.11588518080964
2017-08-23 05:00:00,1,292.15412399141354,292.09565281141664
2017-08-23 05:15:00,1,292.1323521193325,292.074103617216
2017-08-23 05:30:00,1,292.10902657160824,292.0510262898695
2017-08-23 05:45:00,1,292.08451294332656,292.02676026937354
2017-08-23 06:00:00,1,292.0600197479117,292.00264052581537
2017-08-23 06:15:00,1,292.0386107102333,291.9814923875085
2017-08-23 06:30:00,1,292.02383484185503,291.96679987897716
2017-08-23 06:45:00,1,292.0181495069069,291.96131573251023
2017-08-23 07:00:00,1,292.0224122711324,291.9659053685017
2017-08-23 07:15:00,1,292.0351930160995,291.97914529583386
2017-08-23 07:30:00,1,292.0536218953554,291.99789368844813
2017-08-23 07:45:00,1,292.07449024421777,292.018418414529
2017-08-23 08:00:00,1,292.095363859611,292.0383240929197
2017-08-23 08:15:00,1,292.1159263149873,292.05742943158157
2017-08-23 08:30:00,1,292.1374615253181,292.0772345596031
2017-08-23 08:45:00,1,292.1618091989758,292.09979419516895
2017-08-23 09:00:00,1,292.19078164883143,292.12700502954766
2017-08-23 09:15:00,1,292.2261697124642,292.1605675087522
2017-08-23 09:30:00,1,292.2693170311289,292.2013686063812
2017-08-23 09:45:00,1,292.31886445865126,292.2489229510232
2017-08-23 10:00:00,1,292.37278776764225,292.29956577535006
2017-08-23 10:15:00,1,292.4302250679041,292.3528489062875
2017-08-23 10:30:00,1,292.48751203882426,292.40757874087046
2017-08-23 10:45:00,1,292.5461874165066,292.4650939508812
2017-08-23 11:00:00,1,292.60946821394623,292.5277122898349
2017-08-23 11:15:00,1,292.6787398083054,292.59603341450196
2017-08-23 11:30:00,1,292.7548522249592,292.6705425696558
2017-08-23 11:45:00,1,292.84224232448514,292.75434526888694
2017-08-23 12:00:00,1,292.942548445627,292.85301421735676
2017-08-23 12:15:00,1,293.05743160598456,292.9674556238378
2017-08-23 12:30:00,1,293.1884618767869,293.09701421015103
2017-08-23 12:45:00,1,293.33230636905864,293.2385050348868
2017-08-23 13:00:00,1,293.48241830490826,293.3856859980586
2017-08-23 13:15:00,1,293.6299407957976,293.52984847869595
2017-08-23 13:30:00,1,293.76661018521315,293.66326749097533
2017-08-23 13:45:00,1,293.890413579919,293.78349123510094
2017-08-23 14:00:00,1,294.00446313999197,293.8936183786949
2017-08-23 14:15:00,1,294.1135559984531,293.9989829755069
2017-08-23 14:30:00,1,294.22108901327306,294.10357952045234
2017-08-23 14:45:00,1,294.328649552913,294.20902133735166
2017-08-23 15:00:00,1,294.43663709842565,294.3151026892815
2017-08-23 15:15:00,1,294.54397814284647,294.4203880806105
2017-08-23 15:30:00,1,294.6487224631927,294.5227745287716
2017-08-23 15:45:00,1,294.74862167544757,294.62000104720585
2017-08-23 16:00:00,1,294.84273962511315,294.71141119513436
2017-08-23 16:15:00,1,294.9336569629797,294.79893776993515
2017-08-23 16:30:00,1,295.02354050147306,294.88479525188353
2017-08-23 16:45:00,1,295.1126704366418,294.9696999730569
2017-08-23 17:00:00,1,295.19869645263344,295.050286023684
2017-08-23 17:15:00,1,295.2708937980868,295.1162798670531
2017-08-23 17:30:00,1,295.31532855591377,295.15436920059034
2017-08-23 17:45:00,1,295.32230415269504,295.15461787734455
2017-08-23 18:00:00,1,295.2890273238472,295.1155345023255
2017-08-23 18:15:00,1,295.22596225425286,295.0463393737893
2017-08-23 18:30:00,1,295.1452486246476,294.96216767147286
2017-08-23 18:45:00,1,295.05382249200557,294.87109716028357
2017-08-23 19:00:00,1,294.95785330824344,294.77647953359786
2017-08-23 19:15:00,1,294.84967464793505,294.6726273875407
2017-08-23 19:30:00,1,294.7146277426108,294.5497725949062
2017-08-23 19:45:00,1,294.5550459039823,294.4049082939845
2017-08-23 20:00:00,1,294.38376687950074,294.2463643127856
2017-08-23 20:15:00,1,294.2113735078116,294.08566865802004
2017-08-23 20:30:00,1,294.04334122654564,293.9299570193842
2017-08-23 20:45:00,1,293.88108775289186,293.78558885103905
2017-08-23 21:00:00,1,293.73105850424196,293.6512557354841
2017-08-23 21:15:00,1,293.5982386152049,293.52373831493003
2017-08-23 21:30:00,1,293.474993070136,293.4025164130284
2017-08-23 21:45:00,1,293.35783918274626,293.288176148355
2017-08-23 22:00:00,1,293.25221082358456,293.1792906309772
2017-08-23 22:15:00,1,293.1589067109307,293.0845942736285
2017-08-23 22:30:00,1,293.075201869991,293.00331992052355
2017-08-23 22:45:00,1,292.9991917929325,292.93090959817783
2017-08-23 23:00:00,1,292.9295725246057,292.86407449505344
2017-08-23 23:15:00,1,292.8653868449024,292.8016729681873
2017-08-23 23:30:00,1,292.8059169373462,292.7435267071168
2017-08-23 23:45:00,1,292.7506283066892,292.6894618064773
2017-08-24 00:00:00,1,292.6991011981806,292.63910585260453
2017-08-24 00:15:00,1,292.6509782574779,292.59203676211484
2017-08-24 00:30:00,1,292.6059351222021,292.5478965153583
2017-08-24 00:45:00,1,292.5636587219788,292.50639292429923
2017-08-24 01:00:00,1,292.5238570118491,292.46740442115623
2017-08-24 01:15:00,1,292.48627198495666,292.4306741799767
2017-08-24 01:30:00,1,292.4506195066218,292.3958110390229
2017-08-24 01:45:00,1,292.4164215155812,292.362329368038
2017-08-24 02:00:00,1,292.38310501410734,292.3297115984413
2017-08-24 02:15:00,1,292.3502035738569,292.2974370199959
2017-08-24 02:30:00,1,292.3174752385005,292.26527132743394
2017-08-24 02:45:00,1,292.2850713481343,292.2333665550568
2017-08-24 03:00:00,1,292.2533844114035,292.20212136030284
2017-08-24 03:15:00,1,292.22276133302984,292.1719227070251
2017-08-24 03:30:00,1,292.19330701005106,292.1428776039413
2017-08-24 03:45:00,1,292.1646104308385,292.1146244292562
2017-08-24 04:00:00,1,292.1359637127436,292.08648178291884
2017-08-24 04:15:00,1,292.10677229886863,292.05780134372185
2017-08-24 04:30:00,1,292.0768561960744,292.0284032546231
2017-08-24 04:45:00,1,292.0468977956996,291.99888545669154
2017-08-24 05:00:00,1,292.01806590868676,291.97036843748157
2017-08-24 05:15:00,1,291.9913495339336,291.94392204578725
2017-08-24 05:30:00,1,291.9672543322149,291.920084175439
2017-08-24 05:45:00,1,291.94559188785234,291.8987048771088
2017-08-24 06:00:00,1,291.92633000867266,291.87987346408437
2017-08-24 06:15:00,1,291.9114655924962,291.86522962071285
2017-08-24 06:30:00,1,291.9038391020183,291.85745433346796
2017-08-24 06:45:00,1,291.90518511168233,291.85866095253573
2017-08-24 07:00:00,1,291.9158043781356,291.86938465682346
2017-08-24 07:15:00,1,291.9346521810269,291.88843533546367
2017-08-24 07:30:00,1,291.96006898167093,291.91368335735945
2017-08-24 07:45:00,1,291.9906375661524,291.94340410392005
2017-08-24 08:00:00,1,292.0256956892529,291.97699601356646
2017-08-24 08:15:00,1,292.0659972583318,292.0152697112243
2017-08-24 08:30:00,1,292.1131529862914,292.0597660127729
2017-08-24 08:45:00,1,292.16841863428726,292.11154479726497
2017-08-24 09:00:00,1,292.23024082950366,292.17054024874676
2017-08-24 09:15:00,1,292.29788172666275,292.2336555681522
2017-08-24 09:30:00,1,292.37084954884034,292.3008671150694
2017-08-24 09:45:00,1,292.4553934046552,292.3810899226686
2017-08-24 10:00:00,1,292.55700938627734,292.47809755350653
2017-08-24 10:15:00,1,292.67371303299177,292.5920606090989
2017-08-24 10:30:00,1,292.8045755895544,292.71841252452384
2017-08-24 10:45:00,1,292.94484712244525,292.8559924533445
2017-08-24 11:00:00,1,293.0832213107232,292.99405296264126
2017-08-24 11:15:00,1,293.21761361456333,293.1267359697937
2017-08-24 11:30:00,1,293.34993265913073,293.2551165827536
2017-08-24 11:45:00,1,293.4826287938384,293.3830802549507
2017-08-24 12:00:00,1,293.61720288604124,293.5133367769161
2017-08-24 12:15:00,1,293.75348098634134,293.64602068017945
2017-08-24 12:30:00,1,293.8902483899483,293.7796369304407
2017-08-24 12:45:00,1,294.02641074867114,293.91284941229543
2017-08-24 13:00:00,1,294.1620946783507,294.0457088888789
2017-08-24 13:15:00,1,294.29850292088105,294.1796561959902
2017-08-24 13:30:00,1,294.43735951087046,294.31646079036545
2017-08-24 13:45:00,1,294.57940656312496,294.45687701970394
2017-08-24 14:00:00,1,294.72411056892213,294.6001777957431
2017-08-24 14:15:00,1,294.87002902778045,294.7445512040496
2017-08-24 14:30:00,1,295.0148722577251,294.8872543477663
2017-08-24 14:45:00,1,295.15471800290004,295.024399558408
2017-08-24 15:00:00,1,295.2849212232909,295.1513879857073
2017-08-24 15:15:00,1,295.40083247364294,295.2637520163654
2017-08-24 15:30:00,1,295.49939448784585,295.3587811192702
2017-08-24 15:45:00,1,295.58078519443427,295.43663668734627
2017-08-24 16:00:00,1,295.6471705048776,295.49972436358735
2017-08-24 16:15:00,1,295.7016178517835,295.5512727587283
2017-08-24 16:30:00,1,295.7467607317808,295.5937701928077
2017-08-24 16:45:00,1,295.78427354412577,295.6288366985461
2017-08-24 17:00:00,1,295.81421025600997,295.65596219768184
2017-08-24 17:15:00,1,295.8320702106959,295.67110008642635
2017-08-24 17:30:00,1,295.83324232609897,295.66963167508874
2017-08-24 17:45:00,1,295.8166907927018,295.6497295895206
2017-08-24 18:00:00,1,295.7832496267148,295.6118747005213
2017-08-24 18:15:00,1,295.7325571574671,295.55591208819516
2017-08-24 18:30:00,1,295.6634604500226,295.4806888998707
2017-08-24 18:45:00,1,295.57009211368637,295.386323564962
2017-08-24 19:00:00,1,295.45343308311305,295.27193968640466
2017-08-24 19:15:00,1,295.3170677220562,295.14025388774746
2017-08-24 19:30:00,1,295.16207220608624,294.99480300446777
2017-08-24 19:45:00,1,294.9934122629532,294.8388726021351
2017-08-24 20:00:00,1,294.81857278683117,294.6763198684833
2017-08-24 20:15:00,1,294.6433710901,294.51229082578453
2017-08-24 20:30:00,1,294.47116158785894,294.35071711046186
2017-08-24 20:45:00,1,294.30349544751977,294.19396063366804
2017-08-24 21:00:00,1,294.1402646686808,294.0465642103208
2017-08-24 21:15:00,1,293.9852179575284,293.90426921661367
2017-08-24 21:30:00,1,293.84148197370035,293.7647160071135
2017-08-24 21:45:00,1,293.7015000957177,293.6281045080597
2017-08-24 22:00:00,1,293.56441922398756,293.49494470461775
2017-08-24 22:15:00,1,293.4384600957594,293.36752791834743
2017-08-24 22:30:00,1,293.3234863108337,293.2523796215711
2017-08-24 22:45:00,1,293.21738922375175,293.1493435954684
2017-08-24 23:00:00,1,293.1193861607539,293.0553130042608
2017-08-24 23:15:00,1,293.02915699010106,292.96825362331185
2017-08-24 23:30:00,1,292.94653476095937,292.88793707739524
2017-08-24 23:45:00,1,292.8718759624254,292.8151304506194
2017-08-25 00:00:00,1,292.805838578347,292.7507083536147
2017-08-25 00:15:00,1,292.74884198963963,292.6951612485296
2017-08-25 00:30:00,1,292.70082430911214,292.64840569625903
2017-08-25 00:45:00,1,292.6610649317973,292.60988391969425
2017-08-25 01:00:00,1,292.62847409783745,292.5784990441836
2017-08-25 01:15:00,1,292.60193020910555,292.55307609619626
2017-08-25 01:30:00,1,292.5803519074502,292.53236513608266
2017-08-25 01:45:00,1,292.562679601525,292.51511596405146
2017-08-25 02:00:00,1,292.54793575707583,292.5004057528071
2017-08-25 02:15:00,1,292.53529513795024,292.4875630131199
2017-08-25 02:30:00,1,292.5241300648017,292.47608855512584
2017-08-25 02:45:00,1,292.51401430121774,292.46561565760595
2017-08-25 03:00:00,1,292.5046777541158,292.4557680101228
2017-08-25 03:15:00,1,292.495956928808,292.4463946762766
2017-08-25 03:30:00,1,292.48782486056604,292.43770153048615
2017-08-25 03:45:00,1,292.4805623350847,292.4299694511083
2017-08-25 04:00:00,1,292.4746187440499,292.42350648823884
2017-08-25 04:15:00,1,292.4703475274095,292.4186012386412
2017-08-25 04:30:00,1,292.4677121049881,292.4151730812132
2017-08-25 04:45:00,1,292.4657041253863,292.41238419928567
2017-08-25 05:00:00,1,292.4627046718972,292.40883683622945
2017-08-25 05:15:00,1,292.45722953365504,292.4031401249693
2017-08-25 05:30:00,1,292.44845366529023,292.3943878219182
2017-08-25 05:45:00,1,292.4368356531099,292.38286952283624
2017-08-25 06:00:00,1,292.4239212536648,292.37011465438076
2017-08-25 06:15:00,1,292.41228051783605,292.35852237006225
2017-08-25 06:30:00,1,292.4042858986828,292.35040174210354
2017-08-25 06:45:00,1,292.4011860486018,292.34715519319076
2017-08-25 07:00:00,1,292.4035376660155,292.3493781762855
2017-08-25 07:15:00,1,292.4120314133189,292.3575284156796
2017-08-25 07:30:00,1,292.4277227379398,292.37258590910074
2017-08-25 07:45:00,1,292.4524803446281,292.3962230757234
2017-08-25 08:00:00,1,292.4883328467671,292.4300720094798
2017-08-25 08:15:00,1,292.53587217502974,292.47446409524923
2017-08-25 08:30:00,1,292.59179915515216,292.527598570958
2017-08-25 08:45:00,1,292.6522580707567,292.5838718644092
2017-08-25 09:00:00,1,292.7142735717765,292.6413535354491
2017-08-25 09:15:00,1,292.7821096181639,292.7052298112414
2017-08-25 09:30:00,1,292.8579612950134,292.77823303540805
2017-08-25 09:45:00,1,292.94440800532294,292.86224506251904
2017-08-25 10:00:00,1,293.04299080327513,292.957270475511
2017-08-25 10:15:00,1,293.15596991494857,293.06391129723954
2017-08-25 10:30:00,1,293.27863188689156,293.1835146520555
2017-08-25 10:45:00,1,293.40819247550064,293.3111640585752
2017-08-25 11:00:00,1,293.54470653418616,293.44359612153494
2017-08-25 11:15:00,1,293.6871002480572,293.5793451458756
2017-08-25 11:30:00,1,293.8316934057539,293.7168930740903
2017-08-25 11:45:00,1,293.97470187251105,293.85443110922057
2017-08-25 12:00:00,1,294.1143737882294,293.9894577315633
2017-08-25 12:15:00,1,294.2495589427008,294.1200195032892
2017-08-25 12:30:00,1,294.37924630441927,294.24506263538274
2017-08-25 12:45:00,1,294.5027375440988,294.3643639975668
2017-08-25 13:00:00,1,294.62122536992854,294.47887120433614
2017-08-25 13:15:00,1,294.73628483257363,294.5897365935996
2017-08-25 13:30:00,1,294.8477443269145,294.6959177187273
2017-08-25 13:45:00,1,294.9523947226002,294.8011916994552
2017-08-25 14:00:00,1,295.0524829605815,294.9063301437663
2017-08-25 14:15:00,1,295.151221727363,295.00933826449386
2017-08-25 14:30:00,1,295.246607657247,295.1076361308202
2017-08-25 14:45:00,1,295.3369316132256,295.19938975049257
2017-08-25 15:00:00,1,295.42066596702693,295.28349146776117
2017-08-25 15:15:00,1,295.4969825638171,295.35946870706806
2017-08-25 15:30:00,1,295.5660236344647,295.427669302611
2017-08-25 15:45:00,1,295.62904225231745,295.4893061068616
2017-08-25 16:00:00,1,295.687067467359,295.5453915843034
2017-08-25 16:15:00,1,295.7394451348656,295.595597609679
2017-08-25 16:30:00,1,295.7847257613561,295.6384310904531
2017-08-25 16:45:00,1,295.8216839952113,295.67252374873055
2017-08-25 17:00:00,1,295.8492566766657,295.6968150021463
2017-08-25 17:15:00,1,295.8659242153052,295.7099914585918
2017-08-25 17:30:00,1,295.8705226153675,295.71078154186
2017-08-25 17:45:00,1,295.8626306713933,295.6984569062808
2017-08-25 18:00:00,1,295.8423895015107,295.67254838881206
2017-08-25 18:15:00,1,295.81023484080777,295.6322043662102
2017-08-25 18:30:00,1,295.75970401944164,295.57686904189916
2017-08-25 18:45:00,1,295.68396625278325,295.5014845866965
2017-08-25 19:00:00,1,295.5829788473702,295.4053944353321
2017-08-25 19:15:00,1,295.4572490315837,295.28729941274264
2017-08-25 19:30:00,1,295.30318499872584,295.14411829672235
2017-08-25 19:45:00,1,295.1283481013918,294.98144152667777
2017-08-25 20:00:00,1,294.94608523035214,294.81077670418586
2017-08-25 20:15:00,1,294.7652327797086,294.6418185593363
2017-08-25 20:30:00,1,294.5897161314714,294.4794090977977
2017-08-25 20:45:00,1,294.4209276152612,294.3253228444469
2017-08-25 21:00:00,1,294.25967761529506,294.1791506824204
2017-08-25 21:15:00,1,294.1109363038193,294.0379581379259
2017-08-25 21:30:00,1,293.97128061384484,293.9013574184122
2017-08-25 21:45:00,1,293.83629299649897,293.7702233527875
2017-08-25 22:00:00,1,293.7125584135082,293.64339323376714
2017-08-25 22:15:00,1,293.6024034618946,293.5318116064739
2017-08-25 22:30:00,1,293.5030922229443,293.4355287948789
2017-08-25 22:45:00,1,293.41373252647696,293.35047726510595
2017-08-25 23:00:00,1,293.3346778238533,293.2745120048227
2017-08-25 23:15:00,1,293.2662079003826,293.20782231765145
2017-08-25 23:30:00,1,293.20773674072825,293.1505696231979
2017-08-25 23:45:00,1,293.1569297928769,293.1011045731026
2017-08-26 00:00:00,1,293.11055637949084,293.05634464494364
2017-08-26 00:15:00,1,293.0658027997312,293.01317424515315
2017-08-26 00:30:00,1,293.02046688549115,292.9690131958453
2017-08-26 00:45:00,1,292.97247993400606,292.92169809535636
2017-08-26 01:00:00,1,292.9200192583984,292.8696132660337
2017-08-26 01:15:00,1,292.86188884105394,292.8117263822825
2017-08-26 01:30:00,1,292.7977465981281,292.7478568172817
2017-08-26 01:45:00,1,292.72863850414853,292.67903420635156
2017-08-26 02:00:00,1,292.6565386199066,292.6072505426271
2017-08-26 02:15:00,1,292.5833099325867,292.53476319720613
2017-08-26 02:30:00,1,292.5103263705388,292.4631299909021
2017-08-26 02:45:00,1,292.43865901544467,292.39321372915254
2017-08-26 03:00:00,1,292.36902541787435,292.32544394363657
2017-08-26 03:15:00,1,292.30172988619586,292.2599675326766
2017-08-26 03:30:00,1,292.2367369723068,292.1966682833163
2017-08-26 03:45:00,1,292.1736775422852,292.1351754383164
2017-08-26 04:00:00,1,292.112064832224,292.07501087397173
2017-08-26 04:15:00,1,292.0515012518804,292.01576607072303
2017-08-26 04:30:00,1,291.9916697521112,291.9571239898025
2017-08-26 04:45:00,1,291.93218797391376,291.8987397065299
2017-08-26 05:00:00,1,291.8726343039527,291.8402172103517
2017-08-26 05:15:00,1,291.8127094112327,291.7812518124166
2017-08-26 05:30:00,1,291.752498674653,291.72195652952723
2017-08-26 05:45:00,1,291.69281574297975,291.66310597326736
2017-08-26 06:00:00,1,291.63526795879477,291.6064574163618
2017-08-26 06:15:00,1,291.5830047186552,291.5550434491611
2017-08-26 06:30:00,1,291.5398748635161,291.51280261755727
2017-08-26 06:45:00,1,291.5101922583354,291.48409519714977
2017-08-26 07:00:00,1,291.49783946832196,291.4729432971699
2017-08-26 07:15:00,1,291.5050171129181,291.48117919220397
2017-08-26 07:30:00,1,291.53240722041835,291.5097310878028
2017-08-26 07:45:00,1,291.5804959690338,291.55960993263847
2017-08-26 08:00:00,1,291.6502953335046,291.6310541876495
2017-08-26 08:15:00,1,291.7418785659719,291.7225368628819
2017-08-26 08:30:00,1,291.85281444677173,291.8309344461349
2017-08-26 08:45:00,1,291.97610746370435,291.95069878565346
2017-08-26 09:00:00,1,292.10286252486924,292.07007654885956
2017-08-26 09:15:00,1,292.23326430436236,292.1905937262423
2017-08-26 09:30:00,1,292.379174060929,292.3251246985572
2017-08-26 09:45:00,1,292.5379246405342,292.4753425808002
2017-08-26 10:00:00,1,292.70652994771086,292.63616125133217
2017-08-26 10:15:00,1,292.8837370498932,292.8034863872955
2017-08-26 10:30:00,1,293.0723323785737,292.9767811463367
2017-08-26 10:45:00,1,293.2631418825911,293.1591457088203
2017-08-26 11:00:00,1,293.4442046787267,293.3371435199433
2017-08-26 11:15:00,1,293.6122777037419,293.50105166132676
2017-08-26 11:30:00,1,293.76684957867855,293.6495196106275
2017-08-26 11:45:00,1,293.9094404685032,293.7857834934905
2017-08-26 12:00:00,1,294.0421988919427,293.9132382420004
2017-08-26 12:15:00,1,294.16647587019065,294.0335335100774
2017-08-26 12:30:00,1,294.2823926939416,294.1464439164283
2017-08-26 12:45:00,1,294.3887567581853,294.2507190849217
2017-08-26 13:00:00,1,294.48532616490377,294.3456826257582
2017-08-26 13:15:00,1,294.5729461578707,294.43170372637536
2017-08-26 13:30:00,1,294.65315914581254,294.5104448301213
2017-08-26 13:45:00,1,294.7300694793576,294.5847714440555
2017-08-26 14:00:00,1,294.80653442356004,294.6606209836738
2017-08-26 14:15:00,1,294.88559862679784,294.7469821240322
2017-08-26 14:30:00,1,294.97770879811793,294.84587717629114
2017-08-26 14:45:00,1,295.07880174435155,294.95213677830066
2017-08-26 15:00:00,1,295.1818710714806,295.0581173502588
2017-08-26 15:15:00,1,295.2808994197291,295.15761842180837
2017-08-26 15:30:00,1,295.3718453971732,295.2472928716641
2017-08-26 15:45:00,1,295.4532182940725,295.3263362948161
2017-08-26 16:00:00,1,295.52477108819073,295.3950169636364
2017-08-26 16:15:00,1,295.58602076511295,295.4533160372193
2017-08-26 16:30:00,1,295.63616977782897,295.5004224159535
2017-08-26 16:45:00,1,295.6741144577798,295.5352766218561
2017-08-26 17:00:00,1,295.6984886607169,295.5566083009717
2017-08-26 17:15:00,1,295.70750750893876,295.5627620622227
2017-08-26 17:30:00,1,295.7000610429774,295.5525155685523
2017-08-26 17:45:00,1,295.67650910990153,295.52586170574926
2017-08-26 18:00:00,1,295.638028741998,295.4834524231299
2017-08-26 18:15:00,1,295.5858262466146,295.42556702348986
2017-08-26 18:30:00,1,295.51640930668435,295.3528079784676
2017-08-26 18:45:00,1,295.42324725539225,295.2612009814237
2017-08-26 19:00:00,1,295.30731682889615,295.15124750820354
2017-08-26 19:15:00,1,295.17107937773585,295.02337717165227
2017-08-26 19:30:00,1,295.0131404385645,294.8764485546106
2017-08-26 19:45:00,1,294.8400796763796,294.7155402539764
2017-08-26 20:00:00,1,294.6628046379378,294.54995283900115
2017-08-26 20:15:00,1,294.4883037530699,294.387435193357
2017-08-26 20:30:00,1,294.3189457822259,294.2326878737231
2017-08-26 20:45:00,1,294.1576731839273,294.08689993475883
2017-08-26 21:00:00,1,294.00828769262233,293.9453419657394
2017-08-26 21:15:00,1,293.8659656742645,293.8066078873354
2017-08-26 21:30:00,1,293.72658184887536,293.67145314403103
2017-08-26 21:45:00,1,293.59623117157275,293.5392761483936
2017-08-26 22:00:00,1,293.47830187862206,293.41983500351967
2017-08-26 22:15:00,1,293.369552554501,293.3137003901332
2017-08-26 22:30:00,1,293.2674881707577,293.21599559134165
2017-08-26 22:45:00,1,293.17034318793816,293.12249832487953
2017-08-26 23:00:00,1,293.07688056082753,293.0315147335086
2017-08-26 23:15:00,1,292.9863014368826,292.9428351393833
2017-08-26 23:30:00,1,292.89821531726756,292.85655736427026
2017-08-26 23:45:00,1,292.8126167783107,292.7727471640449
2017-08-27 00:00:00,1,292.72966360904496,292.6914863344025
2017-08-27 00:15:00,1,292.6494714215408,292.6128722955706
2017-08-27 00:30:00,1,292.5720746964946,292.5369859715788
2017-08-27 00:45:00,1,292.49757561895007,292.46394209603216
2017-08-27 01:00:00,1,292.42615882405005,292.39390835260167
2017-08-27 01:15:00,1,292.35795965868044,292.32702552614194
2017-08-27 01:30:00,1,292.2928790172438,292.2631890673451
2017-08-27 01:45:00,1,292.23027048620474,292.2017987324729
2017-08-27 02:00:00,1,292.16916722655276,292.1418891974134
2017-08-27 02:15:00,1,292.10876383886654,292.082571267911
2017-08-27 02:30:00,1,292.0487299115627,292.0234782126887
2017-08-27 02:45:00,1,291.9894010860243,291.96491922589394
2017-08-27 03:00:00,1,291.93139532500936,291.9075617648224
2017-08-27 03:15:00,1,291.87519462713624,291.8519870432882
2017-08-27 03:30:00,1,291.82104367464257,291.79847771995566
2017-08-27 03:45:00,1,291.7690064700872,291.7470916160101
2017-08-27 04:00:00,1,291.7191178470819,291.69784101323086
2017-08-27 04:15:00,1,291.6714094371172,291.6507751681552
2017-08-27 04:30:00,1,291.6258721864369,291.60587784431266
2017-08-27 04:45:00,1,291.5824714403856,291.56309108761195
2017-08-27 05:00:00,1,291.5411022285021,291.5222863262355
2017-08-27 05:15:00,1,291.5015913924654,291.4832669512378
2017-08-27 05:30:00,1,291.46377455744835,291.4460018636665
2017-08-27 05:45:00,1,291.4275998360141,291.4103960013451
2017-08-27 06:00:00,1,291.3935310600008,291.3768942940333
2017-08-27 06:15:00,1,291.36358356265606,291.34725260496504
2017-08-27 06:30:00,1,291.3405767151625,291.3242400200606
2017-08-27 06:45:00,1,291.32789100393865,291.31142992399214
2017-08-27 07:00:00,1,291.32914951692294,291.31241030776323
2017-08-27 07:15:00,1,291.3468333981379,291.32979487495396
2017-08-27 07:30:00,1,291.38223432603723,291.3653382092645
2017-08-27 07:45:00,1,291.4365535973317,291.4205750155502
2017-08-27 08:00:00,1,291.5112353502802,291.49552745684684
2017-08-27 08:15:00,1,291.6064985258986,291.58939677617906
2017-08-27 08:30:00,1,291.72081860501225,291.6998092268375
2017-08-27 08:45:00,1,291.84535949622006,291.82164206731113
2017-08-27 09:00:00,1,291.9726274613567,291.94347678287915
2017-08-27 09:15:00,1,292.1120488170557,292.07241029935074
2017-08-27 09:30:00,1,292.27091612874534,292.2196423634225
2017-08-27 09:45:00,1,292.4445184871893,292.3844812015549
2017-08-27 10:00:00,1,292.62912993750496,292.5605930524694
2017-08-27 10:15:00,1,292.8254634397344,292.74389557958636
2017-08-27 10:30:00,1,293.0304575652365,292.93949719229346
2017-08-27 10:45:00,1,293.22855659222523,293.1334963522899
2017-08-27 11:00:00,1,293.41433881232615,293.3146592463631
2017-08-27 11:15:00,1,293.5857921991316,293.4796359980026
2017-08-27 11:30:00,1,293.7429646993331,293.6302253159991
2017-08-27 11:45:00,1,293.88897699885086,293.77043207475947
2017-08-27 12:00:00,1,294.02784136487935,293.90423230745716
2017-08-27 12:15:00,1,294.16201605610297,294.03409682298764
2017-08-27 12:30:00,1,294.29242649815797,294.16087029131063
2017-08-27 12:45:00,1,294.41966548061885,294.2849390524743
2017-08-27 13:00:00,1,294.54533554439513,294.40708949902
2017-08-27 13:15:00,1,294.670775488024,294.52868450729096
2017-08-27 13:30:00,1,294.79357202581036,294.6532464882238
2017-08-27 13:45:00,1,294.91413823664595,294.77963365376877
2017-08-27 14:00:00,1,295.03238446842363,294.902871116379
2017-08-27 14:15:00,1,295.14412162240086,295.01797052923195
2017-08-27 14:30:00,1,295.24689284612424,295.1225602478169
2017-08-27 14:45:00,1,295.340947177866,295.21720359714243
2017-08-27 15:00:00,1,295.4275002604216,295.30358452367136
2017-08-27 15:15:00,1,295.50695185577587,295.38266134116253
2017-08-27 15:30:00,1,295.5796053953232,295.4549797656937
2017-08-27 15:45:00,1,295.6472732344459,295.5218399046275
2017-08-27 16:00:00,1,295.71147019901423,295.5846037113449
2017-08-27 16:15:00,1,295.7720231797035,295.6434589593199
2017-08-27 16:30:00,1,295.82745900257197,295.69688772648215
2017-08-27 16:45:00,1,295.8746680535765,295.7417749885809
2017-08-27 17:00:00,1,295.9103006724947,295.77473971027143
2017-08-27 17:15:00,1,295.9312271826694,295.7928595191673
2017-08-27 17:30:00,1,295.93536002746123,295.79414070552514
2017-08-27 17:45:00,1,295.92219582043526,295.77794729643426
2017-08-27 18:00:00,1,295.89201307581783,295.74433882171707
2017-08-27 18:15:00,1,295.8442487177218,295.69291459420185
2017-08-27 18:30:00,1,295.77869458081693,295.62306232968183
2017-08-27 18:45:00,1,295.6952167170242,295.5352225788693
2017-08-27 19:00:00,1,295.5888432583799,295.42995376092676
2017-08-27 19:15:00,1,295.45765807885977,295.30490896822585
2017-08-27 19:30:00,1,295.30076652081544,295.1592497877374
2017-08-27 19:45:00,1,295.1261819077516,294.9976845691051
2017-08-27 20:00:00,1,294.9461976227754,294.8293791621046
2017-08-27 20:15:00,1,294.7688613099582,294.66291042814885
2017-08-27 20:30:00,1,294.5975654613337,294.5025759162035
2017-08-27 20:45:00,1,294.4326788520783,294.3506761244833
2017-08-27 21:00:00,1,294.2740098523062,294.20767336280085
2017-08-27 21:15:00,1,294.124538567606,294.0670666242193
2017-08-27 21:30:00,1,293.9793752436453,293.9260675431775
2017-08-27 21:45:00,1,293.8348625961966,293.7855828184586
2017-08-27 22:00:00,1,293.6915426972915,293.64735220732337
2017-08-27 22:15:00,1,293.55725425770487,293.5107756146425
2017-08-27 22:30:00,1,293.4353640008839,293.38748028749205
2017-08-27 22:45:00,1,293.3229652290371,293.27800337797566
2017-08-27 23:00:00,1,293.2179797523391,293.1774266900524
2017-08-27 23:15:00,1,293.119105462894,293.0819995007393
2017-08-27 23:30:00,1,293.0253821712649,292.9905103711834
2017-08-27 23:45:00,1,292.9357952955362,292.90269320393196
2017-08-28 00:00:00,1,292.8493195786912,292.8180155266268
2017-08-28 00:15:00,1,292.765131482402,292.7356615279787
2017-08-28 00:30:00,1,292.68281222771776,292.65512736056434
2017-08-28 00:45:00,1,292.60274417337985,292.5766776935552
2017-08-28 01:00:00,1,292.52572313807195,292.5010882903248
2017-08-28 01:15:00,1,292.45234308643654,292.4290506412141
2017-08-28 01:30:00,1,292.3827596566764,292.36073852493934
2017-08-28 01:45:00,1,292.31652229535723,292.29570512521525
2017-08-28 02:00:00,1,292.252871681035,292.23317234949104
2017-08-28 02:15:00,1,292.1911293954039,292.17240940478933
2017-08-28 02:30:00,1,292.13085424245065,292.1129858509739
2017-08-28 02:45:00,1,292.0719611176942,292.0548398183757
2017-08-28 03:00:00,1,292.01457632071447,291.9981328742104
2017-08-28 03:15:00,1,291.95881698472823,291.94304125242763
2017-08-28 03:30:00,1,291.9047900363516,291.88971619171485
2017-08-28 03:45:00,1,291.85276957650603,291.83839525443744
2017-08-28 04:00:00,1,291.8030754083284,291.78937893076596
2017-08-28 04:15:00,1,291.75588584318155,291.7428117378913
2017-08-28 04:30:00,1,291.711255827293,291.6987447475681
2017-08-28 04:45:00,1,291.66925056895644,291.6572214514181
2017-08-28 05:00:00,1,291.62993891597336,291.6184423429837
2017-08-28 05:15:00,1,291.59331980812203,291.58238046205423
2017-08-28 05:30:00,1,291.55920322811795,291.5487075581453
2017-08-28 05:45:00,1,291.52693153820576,291.5167682985186
2017-08-28 06:00:00,1,291.4960580324949,291.4862679849119
2017-08-28 06:15:00,1,291.46799057426864,291.4584005285267
2017-08-28 06:30:00,1,291.4456618916536,291.43598490306806
2017-08-28 06:45:00,1,291.4330780981069,291.423158795615
2017-08-28 07:00:00,1,291.43437646389134,291.4241377230082
2017-08-28 07:15:00,1,291.4523836363142,291.4419202765486
2017-08-28 07:30:00,1,291.4884444561315,291.47825324318774
2017-08-28 07:45:00,1,291.5434644616435,291.53436119852864
2017-08-28 08:00:00,1,291.6185681038709,291.60989302723164
2017-08-28 08:15:00,1,291.71390637469193,291.70375082584036
2017-08-28 08:30:00,1,291.8270954138615,291.8131550904112
2017-08-28 08:45:00,1,291.94730514837175,291.9321312470093
2017-08-28 09:00:00,1,292.07123483804804,292.04969552692165
2017-08-28 09:15:00,1,292.2125199547448,292.1797522571083
2017-08-28 09:30:00,1,292.37361586048416,292.3306048600087
2017-08-28 09:45:00,1,292.5501498342704,292.49928265500995
2017-08-28 10:00:00,1,292.7401341011591,292.6802365896882
2017-08-28 10:15:00,1,292.94717549154484,292.8722198279587
2017-08-28 10:30:00,1,293.16152238478566,293.07922919972447
2017-08-28 10:45:00,1,293.3745525049256,293.28955492925706
2017-08-28 11:00:00,1,293.58605296128843,293.4960555593578
2017-08-28 11:15:00,1,293.79624790278723,293.69864007784753
2017-08-28 11:30:00,1,294.00435319360395,293.89877158009716
2017-08-28 11:45:00,1,294.20820064922214,294.0956846203801
2017-08-28 12:00:00,1,294.4053070603503,294.28683388683527
2017-08-28 12:15:00,1,294.593832799283,294.46959180051215
2017-08-28 12:30:00,1,294.7722119321286,294.64196766206766
2017-08-28 12:45:00,1,294.938563975109,294.80352250038976
2017-08-28 13:00:00,1,295.09205558331763,294.95453084150586
2017-08-28 13:15:00,1,295.23190310877555,295.0969235926615
2017-08-28 13:30:00,1,295.36520710077224,295.23353151970144
2017-08-28 13:45:00,1,295.49556610547376,295.36640593653874
2017-08-28 14:00:00,1,295.6233143101149,295.4960442715044
2017-08-28 14:15:00,1,295.7477485419499,295.62176062495706
2017-08-28 14:30:00,1,295.8684579578907,295.7431894437441
2017-08-28 14:45:00,1,295.9868965172947,295.86144051736056
2017-08-28 15:00:00,1,296.10445121633995,295.97802207517924
2017-08-28 15:15:00,1,296.22118013084463,296.09343664719927
2017-08-28 15:30:00,1,296.33625805116134,296.20685389754306
2017-08-28 15:45:00,1,296.44784989695285,296.3164106299192
2017-08-28 16:00:00,1,296.55380806143415,296.4199441731007
2017-08-28 16:15:00,1,296.65224675268547,296.5156093541841
2017-08-28 16:30:00,1,296.74165092987994,296.6019965930527
2017-08-28 16:45:00,1,296.820704721284,296.6779963216593
2017-08-28 17:00:00,1,296.8880609844302,296.7422326267181
2017-08-28 17:15:00,1,296.9412066427571,296.7923249787951
2017-08-28 17:30:00,1,296.97768908938025,296.8260037110716
2017-08-28 17:45:00,1,296.996198642624,296.8419970073092
2017-08-28 18:00:00,1,296.99602433061546,296.8395122033439
2017-08-28 18:15:00,1,296.9755049813828,296.8172374534987
2017-08-28 18:30:00,1,296.93221492012617,296.7730432729036
2017-08-28 18:45:00,1,296.86316426398577,296.7045315711873
2017-08-28 19:00:00,1,296.7668655342904,296.61061476026464
2017-08-28 19:15:00,1,296.6428399006964,296.4906046282898
2017-08-28 19:30:00,1,296.4895676537748,296.3447924289908
2017-08-28 19:45:00,1,296.31362853329694,296.1783302339095
2017-08-28 20:00:00,1,296.12582853241594,295.9996226825267
2017-08-28 20:15:00,1,295.9336988443195,295.81560022711125
2017-08-28 20:30:00,1,295.7417978673497,295.6306877643479
2017-08-28 20:45:00,1,295.5550516979048,295.44785914426444
2017-08-28 21:00:00,1,295.3766838150303,295.2729540670943
2017-08-28 21:15:00,1,295.20291865094316,295.11115451086926
2017-08-28 21:30:00,1,295.03444211608684,294.9605641786264
2017-08-28 21:45:00,1,294.87421557966064,294.81367544643876
2017-08-28 22:00:00,1,294.721023714601,294.66735645565586
2017-08-28 22:15:00,1,294.5706919188346,294.52308094031673
2017-08-28 22:30:00,1,294.42484812804315,294.3829493257952
2017-08-28 22:45:00,1,294.28357219243713,294.247645404836
2017-08-28 23:00:00,1,294.1460141637644,294.1165816960896
2017-08-28 23:15:00,1,294.01473687064424,293.98834182857564
2017-08-28 23:30:00,1,293.89535455068494,293.86668540792914
2017-08-28 23:45:00,1,293.78547022736427,293.7562984477534
2017-08-29 00:00:00,1,293.68354245664415,293.6564759767349
2017-08-29 00:15:00,1,293.58880685579015,293.5644442193348
2017-08-29 00:30:00,1,293.50055747514955,293.4782046441349
2017-08-29 00:45:00,1,293.41756956352276,293.39659268036127
2017-08-29 01:00:00,1,293.3383506856787,293.31855338898964
2017-08-29 01:15:00,1,293.26167486681493,293.24299465456767
2017-08-29 01:30:00,1,293.1867582803763,293.1690856181623
2017-08-29 01:45:00,1,293.1132819026137,293.09648447560073
2017-08-29 02:00:00,1,293.0412748210591,293.0252714467577
2017-08-29 02:15:00,1,292.9708797097993,292.95569048998124
2017-08-29 02:30:00,1,292.90230102305577,292.88804208866105
2017-08-29 02:45:00,1,292.8360355820827,292.8227578570877
2017-08-29 03:00:00,1,292.7726186578098,292.7602858412579
2017-08-29 03:15:00,1,292.71231451697275,292.70087390278604
2017-08-29 03:30:00,1,292.6550644802233,292.64443902119956
2017-08-29 03:45:00,1,292.6004028578105,292.59051681027023
2017-08-29 04:00:00,1,292.5476489173851,292.538426460573
2017-08-29 04:15:00,1,292.4962295137445,292.4875872401012
2017-08-29 04:30:00,1,292.4458747010925,292.43763362534526
2017-08-29 04:45:00,1,292.3966392144936,292.38862519733357
2017-08-29 05:00:00,1,292.34869752904706,292.34082141047946
2017-08-29 05:15:00,1,292.3021773752289,292.29442952068763
2017-08-29 05:30:00,1,292.25702026452547,292.2493888021559
2017-08-29 05:45:00,1,292.2127550218766,292.2052688554935
2017-08-29 06:00:00,1,292.16919926419996,292.16202865886436
2017-08-29 06:15:00,1,292.12799762684284,292.1211121011941
2017-08-29 06:30:00,1,292.09229147370485,292.0858553094301
2017-08-29 06:45:00,1,292.0667506156501,292.0607983304736
2017-08-29 07:00:00,1,292.0564123511654,292.05080324934517
2017-08-29 07:15:00,1,292.0650233220214,292.0596543012499
2017-08-29 07:30:00,1,292.09445391392416,292.089470028098
2017-08-29 07:45:00,1,292.1454323030433,292.1413762996697
2017-08-29 08:00:00,1,292.2184017568439,292.2147925503394
2017-08-29 08:15:00,1,292.31268306237564,292.30727443947103
2017-08-29 08:30:00,1,292.42474385497286,292.4149467600298
2017-08-29 08:45:00,1,292.5422571780536,292.5308798621564
2017-08-29 09:00:00,1,292.661264198883,292.64134197486936
2017-08-29 09:15:00,1,292.79501757078896,292.7644955743565
2017-08-29 09:30:00,1,292.9437248443978,292.90564269167413
2017-08-29 09:45:00,1,293.10510818905664,293.06111600016567
2017-08-29 10:00:00,1,293.28011170847276,293.2279413184098
2017-08-29 10:15:00,1,293.4737736036564,293.4075197923907
2017-08-29 10:30:00,1,293.6779811284947,293.60436887569165
2017-08-29 10:45:00,1,293.8810094975491,293.8048164267213
2017-08-29 11:00:00,1,294.07816390111077,293.99751831849755
2017-08-29 11:15:00,1,294.26654139071786,294.17879938515836
2017-08-29 11:30:00,1,294.44442561841004,294.34907250565124
2017-08-29 11:45:00,1,294.6110527344303,294.5090709801771
2017-08-29 12:00:00,1,294.7658879963208,294.65860352702975
2017-08-29 12:15:00,1,294.90839446378357,294.7968926727529
2017-08-29 12:30:00,1,295.03794706943546,294.9230081479374
2017-08-29 12:45:00,1,295.15394387207283,295.0363933166701
2017-08-29 13:00:00,1,295.25743258044736,295.1377198781304
2017-08-29 13:15:00,1,295.3503601257026,295.22853036239746
2017-08-29 13:30:00,1,295.43450273253546,295.3106614479999
2017-08-29 13:45:00,1,295.5127247078659,295.38464138290124
2017-08-29 14:00:00,1,295.58557766187454,295.46076564745147
2017-08-29 14:15:00,1,295.661378695429,295.54536433710166
2017-08-29 14:30:00,1,295.74780147229995,295.6390052392235
2017-08-29 14:45:00,1,295.84239385047283,295.7383850704271
2017-08-29 15:00:00,1,295.94056224123347,295.8388745324749
2017-08-29 15:15:00,1,296.0379676187891,295.93639058892256
2017-08-29 15:30:00,1,296.13187352164726,296.0288185307302
2017-08-29 15:45:00,1,296.2225292716492,296.11666636835093
2017-08-29 16:00:00,1,296.3112134831345,296.20147960484735
2017-08-29 16:15:00,1,296.397857128485,296.28371675351616
2017-08-29 16:30:00,1,296.4802044686526,296.3609301935023
2017-08-29 16:45:00,1,296.55189959832893,296.42710151268307
2017-08-29 17:00:00,1,296.60570926635984,296.47504371036644
2017-08-29 17:15:00,1,296.63622443939937,296.4993101895634
2017-08-29 17:30:00,1,296.6409641831262,296.49766260173857
2017-08-29 17:45:00,1,296.62051503033604,296.4707948961748
2017-08-29 18:00:00,1,296.57719735846837,296.42054343762635
2017-08-29 18:15:00,1,296.513392648223,296.34824848191107
2017-08-29 18:30:00,1,296.4211007504879,296.25429117762764
2017-08-29 18:45:00,1,296.3009548559068,296.13637070459254
2017-08-29 19:00:00,1,296.1553006093196,295.99651319866433
2017-08-29 19:15:00,1,295.98634880283697,295.837572393013
2017-08-29 19:30:00,1,295.795634458303,295.6610997962472
2017-08-29 19:45:00,1,295.59174678247786,295.4723166528515
2017-08-29 20:00:00,1,295.3868589779373,295.2813397050953
2017-08-29 20:15:00,1,295.18890221703896,295.0966148510633
2017-08-29 20:30:00,1,295.0007922243282,294.9249643895589
2017-08-29 20:45:00,1,294.82659768895985,294.7689005817178
2017-08-29 21:00:00,1,294.6689288183075,294.6219656139114
2017-08-29 21:15:00,1,294.52454384771244,294.4811348285756
2017-08-29 21:30:00,1,294.38694432142097,294.3466255043505
2017-08-29 21:45:00,1,294.2551002782376,294.2189640155091
2017-08-29 22:00:00,1,294.1357194688816,294.09709468348706
2017-08-29 22:15:00,1,294.02968815986577,293.9898353492611
2017-08-29 22:30:00,1,293.9341181729165,293.8968671257603
2017-08-29 22:45:00,1,293.84719829777345,293.8138324816815
2017-08-29 23:00:00,1,293.767900019391,293.73760090820093
2017-08-29 23:15:00,1,293.6955361970504,293.667245194791
2017-08-29 23:30:00,1,293.6295038366593,293.602735651144
2017-08-29 23:45:00,1,293.56915222902285,293.54384492558313
2017-08-30 00:00:00,1,293.513807082591,293.48999033629195
2017-08-30 00:15:00,1,293.4628507985846,293.4404452163352
2017-08-30 00:30:00,1,293.4156717725178,293.3943445205466
2017-08-30 00:45:00,1,293.3714473129455,293.3508943704558
2017-08-30 01:00:00,1,293.32928351128896,293.30934031808175
2017-08-30 01:15:00,1,293.2884632073877,293.26902617407524
2017-08-30 01:30:00,1,293.2485303590605,293.2295241514639
2017-08-30 01:45:00,1,293.2093535175492,293.19085108687113
2017-08-30 02:00:00,1,293.17101400593293,293.1530878653799
2017-08-30 02:15:00,1,293.1336280381812,293.116279680259
2017-08-30 02:30:00,1,293.0972950558465,293.0805009128776
2017-08-30 02:45:00,1,293.06217243019523,293.04589107087594
2017-08-30 03:00:00,1,293.02842280503285,293.0126020488366
2017-08-30 03:15:00,1,292.99613274251055,292.9807240973422
2017-08-30 03:30:00,1,292.9652909632699,292.95024784909003
2017-08-30 03:45:00,1,292.9357795454735,292.92106315948797
2017-08-30 04:00:00,1,292.90743699427793,292.893004341052
2017-08-30 04:15:00,1,292.880105044377,292.8659053358696
2017-08-30 04:30:00,1,292.8536478156837,292.83963222448455
2017-08-30 04:45:00,1,292.8279668114347,292.8140942392852
2017-08-30 05:00:00,1,292.80299447118193,292.7892338341258
2017-08-30 05:15:00,1,292.7786763116114,292.7650096505416
2017-08-30 05:30:00,1,292.75496569322866,292.7413828810674
2017-08-30 05:45:00,1,292.7318467241846,292.71834251371143
2017-08-30 06:00:00,1,292.70973722179144,292.6964045632276
2017-08-30 06:15:00,1,292.6905638163425,292.6772766006013
2017-08-30 06:30:00,1,292.67675707174465,292.66319983241925
2017-08-30 06:45:00,1,292.6694563842601,292.6555311308043
2017-08-30 07:00:00,1,292.66819880359236,292.65394732155454
2017-08-30 07:15:00,1,292.6711091526223,292.65661219223574
2017-08-30 07:30:00,1,292.67607512331494,292.66144543061307
2017-08-30 07:45:00,1,292.68236637004685,292.6674569125995
2017-08-30 08:00:00,1,292.69069610605493,292.6751496184413
2017-08-30 08:15:00,1,292.70316324566295,292.68655205838104
2017-08-30 08:30:00,1,292.72202705579735,292.7038919719704
2017-08-30 08:45:00,1,292.74808200624966,292.7281547713608
2017-08-30 09:00:00,1,292.78113387160545,292.759248131611
2017-08-30 09:15:00,1,292.8211508356576,292.79687683229196
2017-08-30 09:30:00,1,292.8679677657407,292.84140939439646
2017-08-30 09:45:00,1,292.9223744889261,292.8938301431055
2017-08-30 10:00:00,1,292.9833629604926,292.95407520078544
2017-08-30 10:15:00,1,293.0516443073003,293.0192277761742
2017-08-30 10:30:00,1,293.12505446442225,293.0873863625757
2017-08-30 10:45:00,1,293.20620368731403,293.1638332116835
2017-08-30 11:00:00,1,293.29258575012244,293.2470316105461
2017-08-30 11:15:00,1,293.38217988085256,293.3345897910092
2017-08-30 11:30:00,1,293.477416747123,293.42683717469805
2017-08-30 11:45:00,1,293.58537492617654,293.52807966857716
2017-08-30 12:00:00,1,293.7090987261082,293.64617075870524
2017-08-30 12:15:00,1,293.84335154706366,293.77705816764706
2017-08-30 12:30:00,1,293.9817930613913,293.91251162528476
2017-08-30 12:45:00,1,294.11690579134756,294.0442192398377
2017-08-30 13:00:00,1,294.24372388296075,294.16772943804847
2017-08-30 13:15:00,1,294.36467057281675,294.28536907211645
2017-08-30 13:30:00,1,294.48645999151563,294.40390661877694
2017-08-30 13:45:00,1,294.6149175886073,294.52950282362934
2017-08-30 14:00:00,1,294.75104475450945,294.66344213310657
2017-08-30 14:15:00,1,294.88972950530405,294.80072885508804
2017-08-30 14:30:00,1,295.02348071515985,294.93328795118043
2017-08-30 14:45:00,1,295.1465759584657,295.0544535752521
2017-08-30 15:00:00,1,295.2556604925,295.16070865198253
2017-08-30 15:15:00,1,295.3488551591966,295.2507782702605
2017-08-30 15:30:00,1,295.4261793992352,295.3253977558757
2017-08-30 15:45:00,1,295.49138574775503,295.3879611798
2017-08-30 16:00:00,1,295.54925332701436,295.44284794962215
2017-08-30 16:15:00,1,295.60200462712834,295.4926746502149
2017-08-30 16:30:00,1,295.64938204185125,295.5371056812595
2017-08-30 16:45:00,1,295.68925940217986,295.5738697384934
2017-08-30 17:00:00,1,295.7188668146669,295.59996711775784
2017-08-30 17:15:00,1,295.7351481894716,295.6123678905166
2017-08-30 17:30:00,1,295.7359583451745,295.6088376346459
2017-08-30 17:45:00,1,295.72102207568554,295.5885577757825
2017-08-30 18:00:00,1,295.69260707176426,295.55234069767397
2017-08-30 18:15:00,1,295.64273932885374,295.49791591133015
2017-08-30 18:30:00,1,295.56479936483953,295.4214746582429
2017-08-30 18:45:00,1,295.4602762665881,295.3235680752945
2017-08-30 19:00:00,1,295.3321235422233,295.2029979497122
2017-08-30 19:15:00,1,295.1837864820681,295.0625318520091
2017-08-30 19:30:00,1,295.01655096810293,294.90585393951426
2017-08-30 19:45:00,1,294.83643904162784,294.73893785250215
2017-08-30 20:00:00,1,294.65222938423443,294.5692127636461
2017-08-30 20:15:00,1,294.46901346845226,294.40351645219175
2017-08-30 20:30:00,1,294.2935279893054,294.24498766664897
2017-08-30 20:45:00,1,294.1306727040389,294.0896413915244
2017-08-30 21:00:00,1,293.97484187004926,293.93630685841106
2017-08-30 21:15:00,1,293.8322949658588,293.79040943234685
2017-08-30 21:30:00,1,293.7021906533971,293.65984108781316
2017-08-30 21:45:00,1,293.5812696193958,293.54299636030737
2017-08-30 22:00:00,1,293.4672904137028,293.43435090292144
2017-08-30 22:15:00,1,293.35877592032705,293.330172279595
2017-08-30 22:30:00,1,293.25461020225066,293.22918981312085
2017-08-30 22:45:00,1,293.1534025344708,293.13075053773713
2017-08-30 23:00:00,1,293.0536653832921,293.03379270380753
2017-08-30 23:15:00,1,292.95430604146526,292.93715638122484
2017-08-30 23:30:00,1,292.85502416800404,292.840468524286
2017-08-30 23:45:00,1,292.7568953221252,292.7446912729029
2017-08-31 00:00:00,1,292.66162721397217,292.65155034707016
2017-08-31 00:15:00,1,292.57052924440075,292.5625256834686
2017-08-31 00:30:00,1,292.48439712856845,292.47847673845735
2017-08-31 00:45:00,1,292.40394501686995,292.39997372509174
2017-08-31 01:00:00,1,292.3298199974649,292.32752724995237
2017-08-31 01:15:00,1,292.2623652256558,292.26148767298787
2017-08-31 01:30:00,1,292.2017966108783,292.2021784277985
2017-08-31 01:45:00,1,292.1488169184863,292.15021613748047
2017-08-31 02:00:00,1,292.10422697269547,292.10634572066726
2017-08-31 02:15:00,1,292.0683233455125,292.07113952820805
2017-08-31 02:30:00,1,292.04049854650873,292.043890311696
2017-08-31 02:45:00,1,292.0184652183711,292.02204012029455
2017-08-31 03:00:00,1,291.99936376472175,292.0027188855229
2017-08-31 03:15:00,1,291.9810758578704,291.983816897963
2017-08-31 03:30:00,1,291.9620933892336,291.9639238045246
2017-08-31 03:45:00,1,291.94074883725807,291.9416998635307
2017-08-31 04:00:00,1,291.91550839161664,291.9158281728942
2017-08-31 04:15:00,1,291.88547478137656,291.88540163618194
2017-08-31 04:30:00,1,291.8505498317107,291.85034792973687
2017-08-31 04:45:00,1,291.811741741166,291.8115914144849
2017-08-31 05:00:00,1,291.77050450178047,291.7703874792167
2017-08-31 05:15:00,1,291.7279724647555,291.7279714471135
2017-08-31 05:30:00,1,291.68500995607707,291.68536617901475
2017-08-31 05:45:00,1,291.6426964868408,291.64352456980464
2017-08-31 06:00:00,1,291.6020240175842,291.60346279343804
2017-08-31 06:15:00,1,291.56431506258457,291.56666714227936
2017-08-31 06:30:00,1,291.5333493619047,291.5363437377585
2017-08-31 06:45:00,1,291.5135070016148,291.5165775624058
2017-08-31 07:00:00,1,291.5077490986324,291.5107571764302
2017-08-31 07:15:00,1,291.51788053923894,291.520944445078
2017-08-31 07:30:00,1,291.5453604873207,291.54874991457996
2017-08-31 07:45:00,1,291.5922394019053,291.5961176023141
2017-08-31 08:00:00,1,291.65997655333655,291.6638189480144
2017-08-31 08:15:00,1,291.74772837516696,291.7498384112557
2017-08-31 08:30:00,1,291.85276166323354,291.8505880232126
2017-08-31 08:45:00,1,291.97019415369226,291.96156497994576
2017-08-31 09:00:00,1,292.0888846306353,292.0771516359329
2017-08-31 09:15:00,1,292.20561698086084,292.18640193633473
2017-08-31 09:30:00,1,292.334573113677,292.3031399942018
2017-08-31 09:45:00,1,292.47429134282453,292.43243664896255
2017-08-31 10:00:00,1,292.6189749876616,292.56941179199634
2017-08-31 10:15:00,1,292.76473005416676,292.7075377806972
2017-08-31 10:30:00,1,292.91021971629283,292.8437429461124
2017-08-31 10:45:00,1,293.0589084322484,292.97917986788394
2017-08-31 11:00:00,1,293.20511746054007,293.1188478285672
2017-08-31 11:15:00,1,293.3443742714042,293.25603887204034
2017-08-31 11:30:00,1,293.47666316528375,293.385886011407
2017-08-31 11:45:00,1,293.60355511325815,293.50882481155105
2017-08-31 12:00:00,1,293.7269293386565,293.62774443626284
2017-08-31 12:15:00,1,293.8477641159908,293.7447232453973
2017-08-31 12:30:00,1,293.96569712323,293.859585973457
2017-08-31 12:45:00,1,294.0786926665692,293.9703863681761
2017-08-31 13:00:00,1,294.18549304938205,294.0753635879409
2017-08-31 13:15:00,1,294.28604139803156,294.17388258814555
2017-08-31 13:30:00,1,294.38043792025684,294.2660953085791
2017-08-31 13:45:00,1,294.46919040787924,294.35208628762933
2017-08-31 14:00:00,1,294.5518286821467,294.4325367639886
2017-08-31 14:15:00,1,294.6261086768923,294.5125327027825
2017-08-31 14:30:00,1,294.7001173389691,294.5932927496409
2017-08-31 14:45:00,1,294.77459889558344,294.67309528368594
2017-08-31 15:00:00,1,294.84816656931116,294.75000964597564
2017-08-31 15:15:00,1,294.91931175707356,294.822749895167
2017-08-31 15:30:00,1,294.98637978802316,294.89020234391376
2017-08-31 15:45:00,1,295.0475000997632,294.95095613752073
2017-08-31 16:00:00,1,295.1008796748938,295.0034144499769
2017-08-31 16:15:00,1,295.14496745028475,295.0460152324173
2017-08-31 16:30:00,1,295.17842328996045,295.0775437868658
2017-08-31 16:45:00,1,295.1997129428544,295.0968691358474
2017-08-31 17:00:00,1,295.2073753356652,295.10261201962885
2017-08-31 17:15:00,1,295.19987577271826,295.09331267610247
2017-08-31 17:30:00,1,295.17657910034654,295.0682713903165
2017-08-31 17:45:00,1,295.1385840676136,295.0281800931909
2017-08-31 18:00:00,1,295.088126475084,294.9745594001449
2017-08-31 18:15:00,1,295.0271143134558,294.9099804689574
2017-08-31 18:30:00,1,294.9463656544556,294.8294978805891
2017-08-31 18:45:00,1,294.84402913925936,294.73231694310954
2017-08-31 19:00:00,1,294.7234102858482,294.618527267475
2017-08-31 19:15:00,1,294.5863968827492,294.4890682719347
2017-08-31 19:30:00,1,294.43371784681983,294.3462141476589
2017-08-31 19:45:00,1,294.27144715297123,294.19553794649613
2017-08-31 20:00:00,1,294.10732341005416,294.0445667530027
2017-08-31 20:15:00,1,293.9490847057298,293.9034751440092
2017-08-31 20:30:00,1,293.8024311741625,293.7664680274283
2017-08-31 20:45:00,1,293.66469947832013,293.6313141044272
2017-08-31 21:00:00,1,293.52965358164266,293.4991047279109
2017-08-31 21:15:00,1,293.40380308002057,293.3708051137523
2017-08-31 21:30:00,1,293.2891746365053,293.25542359539963
2017-08-31 21:45:00,1,293.18327849187585,293.1529203794981
2017-08-31 22:00:00,1,293.08465939045703,293.05902019882626
2017-08-31 22:15:00,1,292.9923129246733,292.97051086504365
2017-08-31 22:30:00,1,292.90545007176684,292.886350803233
2017-08-31 22:45:00,1,292.82350416694914,292.8065312783332
2017-08-31 23:00:00,1,292.74610059101246,292.73105680799006
2017-08-31 23:15:00,1,292.6729147855063,292.65967305173393
2017-08-31 23:30:00,1,292.6033850839377,292.59172567457284
2017-08-31 23:45:00,1,292.536159088101,292.52596260798157
2017-09-01 00:00:00,1,292.46957876249854,292.46081457997525
2017-08-01 00:15:00,2,293.7663732030758,294.3919422481523
2017-08-01 00:30:00,2,293.7359865418347,294.3589895251485
2017-08-01 00:45:00,2,293.7050605240011,294.32580705869714
2017-08-01 01:00:00,2,293.6704893219528,294.28927126897537
2017-08-01 01:15:00,2,293.6296049911802,294.24642047441483
2017-08-01 01:30:00,2,293.5809174265729,294.19559325161725
2017-08-01 01:45:00,2,293.5250531464477,294.1371395146985
2017-08-01 02:00:00,2,293.4642146503297,294.0731634184789
2017-08-01 02:15:00,2,293.4006830437268,294.0063949829169
2017-08-01 02:30:00,2,293.3362112027857,293.9392200914502
2017-08-01 02:45:00,2,293.272314952813,293.8732696676288
2017-08-01 03:00:00,2,293.21037979394515,293.8096647594422
2017-08-01 03:15:00,2,293.1514284546228,293.7492323590268
2017-08-01 03:30:00,2,293.09592972150796,293.6923973690807
2017-08-01 03:45:00,2,293.04360735582355,293.6389655961162
2017-08-01 04:00:00,2,292.99371616586694,293.5882848977825
2017-08-01 04:15:00,2,292.94550175390276,293.53942702550285
2017-08-01 04:30:00,2,292.8983530545366,293.49133921825046
2017-08-01 04:45:00,2,292.851719423643,293.4434075762485
2017-08-01 05:00:00,2,292.8051065145116,293.3952935040363
2017-08-01 05:15:00,2,292.7581797087459,293.34678586076495
2017-08-01 05:30:00,2,292.7109509897432,293.2978314844822
2017-08-01 05:45:00,2,292.6644193666827,293.2494871610095
2017-08-01 06:00:00,2,292.6213315386708,293.20439811648936
2017-08-01 06:15:00,2,292.584839223129,293.16592073334766
2017-08-01 06:30:00,2,292.557762064099,293.1373387874335
2017-08-01 06:45:00,2,292.5435314419535,293.1219605468954
2017-08-01 07:00:00,2,292.5455279208018,293.12284147423395
2017-08-01 07:15:00,2,292.56549123409087,293.14183599905846
2017-08-01 07:30:00,2,292.60324391976434,293.1787023983215
2017-08-01 07:45:00,2,292.657134088098,293.23129401523454
2017-08-01 08:00:00,2,292.72496752641297,293.2967882959782
2017-08-01 08:15:00,2,292.8033556355561,293.37299513264975
2017-08-01 08:30:00,2,292.886351242235,293.4579682936638
2017-08-01 08:45:00,2,292.97614175779745,293.54518136263965
2017-08-01 09:00:00,2,293.0759831537326,293.64000813380585
2017-08-01 09:15:00,2,293.18147022326184,293.74348419358193
2017-08-01 09:30:00,2,293.289228663325,293.8517980937946
2017-08-01 09:45:00,2,293.4111617336766,293.9710824970095
2017-08-01 10:00:00,2,293.5494424109975,294.10455206827965
2017-08-01 10:15:00,2,293.7078252700823,294.2525333246011
2017-08-01 10:30:00,2,293.8814674456194,294.42043179596567
2017-08-01 10:45:00,2,294.0583172048603,294.59620501087045
2017-08-01 11:00:00,2,294.23311481053,294.7694995193144
2017-08-01 11:15:00,2,294.4027558731468,294.9356903062218
2017-08-01 11:30:00,2,294.5651123639157,295.09365168731705
2017-08-01 11:45:00,2,294.7186535541732,295.24261007071385
2017-08-01 12:00:00,2,294.86225314496266,295.38166305494786
2017-08-01 12:15:00,2,294.99504845167104,295.5099793037969
2017-08-01 12:30:00,2,295.1166453830219,295.62721592132925
2017-08-01 12:45:00,2,295.22760104212443,295.73387978859597
2017-08-01 13:00:00,2,295.32889198554443,295.8309875806914
2017-08-01 13:15:00,2,295.4211491407928,295.9193763713821
2017-08-01 13:30:00,2,295.50437605615934,295.99915755957727
2017-08-01 13:45:00,2,295.5775864363514,296.06950116745776
2017-08-01 14:00:00,2,295.6395078594486,296.12916665224867
2017-08-01 14:15:00,2,295.689307491592,296.1772415071032
2017-08-01 14:30:00,2,295.72694566160055,296.2137012778555
2017-08-01 14:45:00,2,295.75353837386007,296.23959023868775
2017-08-01 15:00:00,2,295.77059594413373,296.2564245298279
2017-08-01 15:15:00,2,295.77913779226236,296.26537939674927
2017-08-01 15:30:00,2,295.77971065754906,296.2670383031024
2017-08-01 15:45:00,2,295.7726852822456,296.2615990706611
2017-08-01 16:00:00,2,295.7582055251583,296.24901050112624
2017-08-01 16:15:00,2,295.7361292736892,296.2289447445035
2017-08-01 16:30:00,2,295.7062465564389,296.2007242630561
2017-08-01 16:45:00,2,295.66846172148826,296.165468297974
2017-08-01 17:00:00,2,295.6227665824005,296.1240916608546
2017-08-01 17:15:00,2,295.56904074425495,296.0767416504089
2017-08-01 17:30:00,2,295.5072577455981,296.02365325187037
2017-08-01 17:45:00,2,295.4384268408368,295.9661570989001
2017-08-01 18:00:00,2,295.36746055253633,295.9063977793047
2017-08-01 18:15:00,2,295.2985039959537,295.846238833398
2017-08-01 18:30:00,2,295.23233207871294,295.78668661206376
2017-08-01 18:45:00,2,295.16864306813227,295.7277183953775
2017-08-01 19:00:00,2,295.10776581164487,295.6670928037965
2017-08-01 19:15:00,2,295.04621698252276,295.6035940544052
2017-08-01 19:30:00,2,294.9809488633179,295.53718429862977
2017-08-01 19:45:00,2,294.91223321368557,295.4683340686276
2017-08-01 20:00:00,2,294.8392367648109,295.39856530196937
2017-08-01 20:15:00,2,294.7581974142612,295.3209217992586
2017-08-01 20:30:00,2,294.6723664828995,295.23588853690444
2017-08-01 20:45:00,2,294.58487097429673,295.1473443641858
2017-08-01 21:00:00,2,294.49782897155103,295.05866218928816
2017-08-01 21:15:00,2,294.41251927510325,294.9714974979861
2017-08-01 21:30:00,2,294.3296160815499,294.8863966372958
2017-08-01 21:45:00,2,294.24954993036596,294.8036506589588
2017-08-01 22:00:00,2,294.1750884791077,294.7243187968389
2017-08-01 22:15:00,2,294.10924039689513,294.6532864040122
2017-08-01 22:30:00,2,294.050903649662,294.59122988094435
2017-08-01 22:45:00,2,293.99878077107616,294.53618003928756
2017-08-01 23:00:00,2,293.95166342493326,294.48608399606684
2017-08-01 23:15:00,2,293.90858390212406,294.43977169609235
2017-08-01 23:30:00,2,293.8688468996157,294.3967393761138
2017-08-01 23:45:00,2,293.83199026129853,294.3567222504358
2017-08-02 00:00:00,2,293.79768915034094,294.3194774991925
2017-08-02 00:15:00,2,293.76567668467146,294.28476138685625
2017-08-02 00:30:00,2,293.735654764403,294.2523346469039
2017-08-02 00:45:00,2,293.70712479958195,294.2215606486709
2017-08-02 01:00:00,2,293.6795001032341,294.1917796056082
2017-08-02 01:15:00,2,293.6523131620625,294.16249830242856
2017-08-02 01:30:00,2,293.6252890546629,294.13345488537846
2017-08-02 01:45:00,2,293.59838488222863,294.1045865317653
2017-08-02 02:00:00,2,293.57168154833437,294.0759668004159
2017-08-02 02:15:00,2,293.54525171703534,294.0476930805882
2017-08-02 02:30:00,2,293.519155350796,294.01984622057415
2017-08-02 02:45:00,2,293.4935406521882,293.99254816786635
2017-08-02 03:00:00,2,293.4686109884024,293.9659746880684
2017-08-02 03:15:00,2,293.4445175021321,293.9403104747099
2017-08-02 03:30:00,2,293.42130545497963,293.9155356984175
2017-08-02 03:45:00,2,293.39885918744096,293.8915082333731
2017-08-02 04:00:00,2,293.37695853692577,293.8680173960175
2017-08-02 04:15:00,2,293.35538400020573,293.84484652521536
2017-08-02 04:30:00,2,293.3339250093802,293.82177975833736
2017-08-02 04:45:00,2,293.31230066999353,293.7985682851924
2017-08-02 05:00:00,2,293.29021467670634,293.7749524072385
2017-08-02 05:15:00,2,293.26745849735005,293.7507295758526
2017-08-02 05:30:00,2,293.2440326881237,293.7259228582349
2017-08-02 05:45:00,2,293.22076662398064,293.70138226555963
2017-08-02 06:00:00,2,293.2002166524748,293.6793586939237
2017-08-02 06:15:00,2,293.18550580090874,293.66288761161024
2017-08-02 06:30:00,2,293.17898899093905,293.6547579687885
2017-08-02 06:45:00,2,293.1820597897351,293.65676560687115
2017-08-02 07:00:00,2,293.19540817462456,293.66955214869944
2017-08-02 07:15:00,2,293.21879060016346,293.6926512592657
2017-08-02 07:30:00,2,293.25059047323344,293.7246748010513
2017-08-02 07:45:00,2,293.28745842085914,293.76343397418896
2017-08-02 08:00:00,2,293.32494069963394,293.8060618678065
2017-08-02 08:15:00,2,293.3673026169885,293.84864171526146
2017-08-02 08:30:00,2,293.41763508502277,293.8954637674269
2017-08-02 08:45:00,2,293.47735987332976,293.9517051187186
2017-08-02 09:00:00,2,293.54674739332916,294.0191174645832
2017-08-02 09:15:00,2,293.6241828090776,294.0963112156358
2017-08-02 09:30:00,2,293.7081514733715,294.18089851035717
2017-08-02 09:45:00,2,293.8096516894282,294.27916416342435
2017-08-02 10:00:00,2,293.9336513547886,294.39573594472193
2017-08-02 10:15:00,2,294.0730567505847,294.53297448564274
2017-08-02 10:30:00,2,294.22256805822303,294.6816450195398
2017-08-02 10:45:00,2,294.3778884918457,294.8331983950183
2017-08-02 11:00:00,2,294.5330106663327,294.9829415033351
2017-08-02 11:15:00,2,294.68423059412976,295.12850727075283
2017-08-02 11:30:00,2,294.82952854145424,295.26859396925175
2017-08-02 11:45:00,2,294.9687946462969,295.4029947331263
2017-08-02 12:00:00,2,295.10303460060504,295.53242786937534
2017-08-02 12:15:00,2,295.23290827850695,295.6577014447943
2017-08-02 12:30:00,2,295.35802886669217,295.7785273585277
2017-08-02 12:45:00,2,295.4773772340578,295.89380204623467
2017-08-02 13:00:00,2,295.5898055437112,296.00221234656834
2017-08-02 13:15:00,2,295.6942830050082,296.1026873115425
2017-08-02 13:30:00,2,295.78999023542997,296.1944985692343
2017-08-02 13:45:00,2,295.8762953989748,296.2772113793187
2017-08-02 14:00:00,2,295.9527705306586,296.35058918728913
2017-08-02 14:15:00,2,296.01907540549246,296.41446066721477
2017-08-02 14:30:00,2,296.0749085729837,296.4686182334535
2017-08-02 14:45:00,2,296.11987050466246,296.51270541896747
2017-08-02 15:00:00,2,296.1535291498494,296.546254166898
2017-08-02 15:15:00,2,296.1755261941214,296.5688183068238
2017-08-02 15:30:00,2,296.18554148298773,296.5799598896807
2017-08-02 15:45:00,2,296.1829852202041,296.5790486358563
2017-08-02 16:00:00,2,296.1672087612178,296.5653135027047
2017-08-02 16:15:00,2,296.1379246568825,296.5380469066115
2017-08-02 16:30:00,2,296.09553697596226,296.4973906032807
2017-08-02 16:45:00,2,296.04140369943207,296.4459526866996
2017-08-02 17:00:00,2,295.9771582160693,296.3867825272238
2017-08-02 17:15:00,2,295.90380556322424,296.3215169878499
2017-08-02 17:30:00,2,295.8216063045916,296.2510238523953
2017-08-02 17:45:00,2,295.73468666162705,296.17665312158806
2017-08-02 18:00:00,2,295.64830434746773,296.10036185366914
2017-08-02 18:15:00,2,295.5646283814255,296.0242601922399
2017-08-02 18:30:00,2,295.4846443755894,295.9491314208559
2017-08-02 18:45:00,2,295.4088009361781,295.87221015790396
2017-08-02 19:00:00,2,295.3301436428837,295.7921305083835
2017-08-02 19:15:00,2,295.24723180876515,295.7090468739675
2017-08-02 19:30:00,2,295.1608529541087,295.6238214315671
2017-08-02 19:45:00,2,295.0685476221959,295.5361027895222
2017-08-02 20:00:00,2,294.97018886094605,295.44235245318424
2017-08-02 20:15:00,2,294.86939020659975,295.3436028215217
2017-08-02 20:30:00,2,294.76899325417503,295.2432131369247
2017-08-02 20:45:00,2,294.6701165525061,295.14350726843946
2017-08-02 21:00:00,2,294.57251342901503,295.04478476425754
2017-08-02 21:15:00,2,294.4751811576162,294.946108387458
2017-08-02 21:30:00,2,294.3795288819267,294.8456672709321
2017-08-02 21:45:00,2,294.2893233429295,294.74985367674395
2017-08-02 22:00:00,2,294.2031220714006,294.6600870169527
2017-08-02 22:15:00,2,294.11971972832123,294.57424573991494
2017-08-02 22:30:00,2,294.03834277924864,294.4902241424849
2017-08-02 22:45:00,2,293.95851897325826,294.4072672263021
2017-08-02 23:00:00,2,293.8800487987404,294.3255077620945
2017-08-02 23:15:00,2,293.8029326098638,294.2452368985469
2017-08-02 23:30:00,2,293.72732957594354,294.1667231636189
2017-08-02 23:45:00,2,293.653812687963,294.0904344146217
2017-08-03 00:00:00,2,293.5831337651627,294.0170251069326
2017-08-03 00:15:00,2,293.5158169597228,293.9470620232836
2017-08-03 00:30:00,2,293.4521955876001,293.8809582134423
2017-08-03 00:45:00,2,293.3928046455495,293.8192002438724
2017-08-03 01:00:00,2,293.3382701442969,293.76238110593624
2017-08-03 01:15:00,2,293.28896943956266,293.7109888814609
2017-08-03 01:30:00,2,293.2450404599066,293.66538647152294
2017-08-03 01:45:00,2,293.20667680090446,293.62583568845946
2017-08-03 02:00:00,2,293.1741328301277,293.5920047400099
2017-08-03 02:15:00,2,293.1475534124602,293.5638501778942
2017-08-03 02:30:00,2,293.12675031835545,293.5414364288923
2017-08-03 02:45:00,2,293.1106826355695,293.5233002704513
2017-08-03 03:00:00,2,293.0977980215597,293.50789833882135
2017-08-03 03:15:00,2,293.08674656548766,293.49402925670955
2017-08-03 03:30:00,2,293.0765900099951,293.4809250956044
2017-08-03 03:45:00,2,293.0667047170738,293.46812798603196
2017-08-03 04:00:00,2,293.05668373640657,293.4553483499898
2017-08-03 04:15:00,2,293.046287820958,293.4423959600369
2017-08-03 04:30:00,2,293.03539117610063,293.42915084817236
2017-08-03 04:45:00,2,293.0239199382675,293.4155327098595
2017-08-03 05:00:00,2,293.01182417310486,293.4014793903422
2017-08-03 05:15:00,2,292.9990915464811,293.3869520959193
2017-08-03 05:30:00,2,292.9857836151492,293.3719919466988
2017-08-03 05:45:00,2,292.97244596888885,293.35716014407274
2017-08-03 06:00:00,2,292.96103305796544,293.34412256932603
2017-08-03 06:15:00,2,292.95417951570374,293.33525599310957
2017-08-03 06:30:00,2,292.95386424184517,293.33266618472106
2017-08-03 06:45:00,2,292.9613324068907,293.3376720876733
2017-08-03 07:00:00,2,292.9771390612083,293.35064575172584
2017-08-03 07:15:00,2,293.0006343066488,293.37068030298946
2017-08-03 07:30:00,2,293.0295686861347,293.3958817998501
2017-08-03 07:45:00,2,293.0615606248056,293.4241143029919
2017-08-03 08:00:00,2,293.09508075357695,293.453871294397
2017-08-03 08:15:00,2,293.12995509350134,293.48486604938375
2017-08-03 08:30:00,2,293.1661949943954,293.5177134285725
2017-08-03 08:45:00,2,293.2040487996732,293.5530775091272
2017-08-03 09:00:00,2,293.24359615176525,293.5911419565788
2017-08-03 09:15:00,2,293.28398202672315,293.6316357887674
2017-08-03 09:30:00,2,293.32504596427816,293.6737821164377
2017-08-03 09:45:00,2,293.36875147431425,293.71650130188016
2017-08-03 10:00:00,2,293.415210908713,293.7618647555005
2017-08-03 10:15:00,2,293.4631116223669,293.8109839779951
2017-08-03 10:30:00,2,293.51583312018204,293.86413066250105
2017-08-03 10:45:00,2,293.5778126362136,293.92473998427545
2017-08-03 11:00:00,2,293.65028985893,293.9950855146094
2017-08-03 11:15:00,2,293.7350788323008,294.07654565608993
2017-08-03 11:30:00,2,293.83604123135996,294.1705975002494
2017-08-03 11:45:00,2,293.94956363209945,294.28187109259386
2017-08-03 12:00:00,2,294.0703066307528,294.4037010146012
2017-08-03 12:15:00,2,294.1931396071509,294.5274559516799
2017-08-03 12:30:00,2,294.3127882602168,294.64657090600235
2017-08-03 12:45:00,2,294.4255473680936,294.75754310132123
2017-08-03 13:00:00,2,294.5290664586673,294.85863446868365
2017-08-03 13:15:00,2,294.6205048112133,294.94788261122125
2017-08-03 13:30:00,2,294.6970562664683,295.02314981108356
2017-08-03 13:45:00,2,294.75834354912513,295.08379748526824
2017-08-03 14:00:00,2,294.8063877966282,295.1315904537776
2017-08-03 14:15:00,2,294.8450772075334,295.1702859609624
2017-08-03 14:30:00,2,294.87849014088454,295.20397072734187
2017-08-03 14:45:00,2,294.9091232106004,295.2354174476723
2017-08-03 15:00:00,2,294.9381001587687,295.2658802153899
2017-08-03 15:15:00,2,294.96622086736915,295.29579283085417
2017-08-03 15:30:00,2,294.99362097763395,295.3250364458649
2017-08-03 15:45:00,2,295.01957444365405,295.3529769279175
2017-08-03 16:00:00,2,295.04307683023745,295.37859051358043
2017-08-03 16:15:00,2,295.0627846783258,295.4005203288316
2017-08-03 16:30:00,2,295.07713829611555,295.4172346389537
2017-08-03 16:45:00,2,295.0847872700016,295.42725705992996
2017-08-03 17:00:00,2,295.0843976868188,295.42923609862135
2017-08-03 17:15:00,2,295.0735956922946,295.4218293777434
2017-08-03 17:30:00,2,295.0503381158308,295.4035884571975
2017-08-03 17:45:00,2,295.0143606047709,295.37422822056743
2017-08-03 18:00:00,2,294.96740046038593,295.335076778941
2017-08-03 18:15:00,2,294.9142059171309,295.2889431368167
2017-08-03 18:30:00,2,294.85805738615005,295.2369352576669
2017-08-03 18:45:00,2,294.80124690122193,295.17863422695854
2017-08-03 19:00:00,2,294.7386538627495,295.1144003920121
2017-08-03 19:15:00,2,294.6693992802344,295.0452835553106
2017-08-03 19:30:00,2,294.594637669935,294.97254880119436
2017-08-03 19:45:00,2,294.51690624926005,294.897711307024
2017-08-03 20:00:00,2,294.4336451080965,294.8179569208633
2017-08-03 20:15:00,2,294.34598088284406,294.732443952101
2017-08-03 20:30:00,2,294.2568809373143,294.6435300333267
2017-08-03 20:45:00,2,294.168504829929,294.5542309259118
2017-08-03 21:00:00,2,294.08172479680235,294.466315431756
2017-08-03 21:15:00,2,293.9997282701513,294.37929847895845
2017-08-03 21:30:00,2,293.9252183372796,294.2999577302814
2017-08-03 21:45:00,2,293.8568112068253,294.2288145086818
2017-08-03 22:00:00,2,293.793471157992,294.1635042672027
2017-08-03 22:15:00,2,293.73456233858974,294.1022001590436
2017-08-03 22:30:00,2,293.67963873948366,294.0443618062236
2017-08-03 22:45:00,2,293.6283347205838,293.9900199373418
2017-08-03 23:00:00,2,293.5803269346868,293.93914502979356
2017-08-03 23:15:00,2,293.53532653736363,293.89152706899773
2017-08-03 23:30:00,2,293.49307305752353,293.8468972087424
2017-08-03 23:45:00,2,293.453322604584,293.80503655103684
2017-08-04 00:00:00,2,293.4158473317816,293.7655049071721
2017-08-04 00:15:00,2,293.3804421895614,293.7280475547249
2017-08-04 00:30:00,2,293.34692233191754,293.6925625353209
2017-08-04 00:45:00,2,293.3151113354412,293.6589094582126
2017-08-04 01:00:00,2,293.2848454700289,293.6267920835393
2017-08-04 01:15:00,2,293.25597999789,293.5961370004134
2017-08-04 01:30:00,2,293.22831934308306,293.5667779301914
2017-08-04 01:45:00,2,293.2014269215422,293.5382984931336
2017-08-04 02:00:00,2,293.1747499027268,293.5101650748327
2017-08-04 02:15:00,2,293.14785690337544,293.4819473542646
2017-08-04 02:30:00,2,293.1205399933601,293.4533395121632
2017-08-04 02:45:00,2,293.0929160011569,293.42436818190413
2017-08-04 03:00:00,2,293.0652612203564,293.39530502155156
2017-08-04 03:15:00,2,293.03777020285787,293.3664106704363
2017-08-04 03:30:00,2,293.0105511008054,293.3378396640387
2017-08-04 03:45:00,2,292.98379195081475,293.3097494114003
2017-08-04 04:00:00,2,292.95777215722944,293.2823735841997
2017-08-04 04:15:00,2,292.93273790545754,293.2559615154328
2017-08-04 04:30:00,2,292.9088156931619,293.23065884850917
2017-08-04 04:45:00,2,292.8859376747386,293.2064179074504
2017-08-04 05:00:00,2,292.86389346775906,293.1830309758372
2017-08-04 05:15:00,2,292.84246056692376,293.1602573590606
2017-08-04 05:30:00,2,292.82149496284427,293.13794403951556
2017-08-04 05:45:00,2,292.8012710252525,293.11642461245134
2017-08-04 06:00:00,2,292.7833823509055,293.0971068755644
2017-08-04 06:15:00,2,292.77023534328515,293.0822076347672
2017-08-04 06:30:00,2,292.76373118521394,293.0737315222383
2017-08-04 06:45:00,2,292.76472340549026,293.07262798854435
2017-08-04 07:00:00,2,292.77283446225783,293.0783378799472
2017-08-04 07:15:00,2,292.7859028985151,293.08867472373566
2017-08-04 07:30:00,2,292.8009453929491,293.10078879828694
2017-08-04 07:45:00,2,292.81586812803965,293.11256515010433
2017-08-04 08:00:00,2,292.83003120171765,293.1234346180039
2017-08-04 08:15:00,2,292.8442131036382,293.13446718178767
2017-08-04 08:30:00,2,292.8600963399536,293.1474076604991
2017-08-04 08:45:00,2,292.8788457046628,293.16337162146704
2017-08-04 09:00:00,2,292.9003914407437,293.1823321027869
2017-08-04 09:15:00,2,292.92388597163006,293.2034341764823
2017-08-04 09:30:00,2,292.94840176344707,293.22572198556804
2017-08-04 09:45:00,2,292.9734715644042,293.2487365189913
2017-08-04 10:00:00,2,292.99902735261173,293.2725725946344
2017-08-04 10:15:00,2,293.0252844597758,293.2975348124638
2017-08-04 10:30:00,2,293.0518618775117,293.3237839859671
2017-08-04 10:45:00,2,293.0784048499169,293.350841963988
2017-08-04 11:00:00,2,293.1055266551861,293.37737998399155
2017-08-04 11:15:00,2,293.13318237468934,293.40400292416825
2017-08-04 11:30:00,2,293.16130956158224,293.4314074550043
2017-08-04 11:45:00,2,293.190045392798,293.45996445520535
2017-08-04 12:00:00,2,293.2195901572635,293.489899801404
2017-08-04 12:15:00,2,293.2497262923155,293.52149210083854
2017-08-04 12:30:00,2,293.28229393402285,293.5542540463165
2017-08-04 12:45:00,2,293.3202489125373,293.5911518318956
2017-08-04 13:00:00,2,293.36492757285026,293.634330495726
2017-08-04 13:15:00,2,293.41915313959214,293.6860948536805
2017-08-04 13:30:00,2,293.4879738339005,293.74956971442543
2017-08-04 13:45:00,2,293.57208001258573,293.8289713974815
2017-08-04 14:00:00,2,293.6686391376221,293.9247893856375
2017-08-04 14:15:00,2,293.77465843924585,294.0316428954074
2017-08-04 14:30:00,2,293.88646967737157,294.1436368201827
2017-08-04 14:45:00,2,294.0000048867515,294.25628874851986
2017-08-04 15:00:00,2,294.1106775932501,294.3654811657748
2017-08-04 15:15:00,2,294.2118822689251,294.46572052771035
2017-08-04 15:30:00,2,294.2973344455213,294.55136614743395
2017-08-04 15:45:00,2,294.3645970270152,294.6194179690327
2017-08-04 16:00:00,2,294.41410952408955,294.6698439359023
2017-08-04 16:15:00,2,294.44664710608976,294.70380412348106
2017-08-04 16:30:00,2,294.46300644268587,294.72232021699665
2017-08-04 16:45:00,2,294.4641756947291,294.7262279848209
2017-08-04 17:00:00,2,294.451475131865,294.7161497895266
2017-08-04 17:15:00,2,294.4262568505906,294.6942358730901
2017-08-04 17:30:00,2,294.3898317441576,294.66282274109284
2017-08-04 17:45:00,2,294.34362010815374,294.6239119564542
2017-08-04 18:00:00,2,294.2915282644604,294.57987441682593
2017-08-04 18:15:00,2,294.23774443132413,294.53199388993795
2017-08-04 18:30:00,2,294.1859343793062,294.47942706170124
2017-08-04 18:45:00,2,294.1324376328155,294.42299825948817
2017-08-04 19:00:00,2,294.07482459129795,294.3640172840778
2017-08-04 19:15:00,2,294.01303003372954,294.3033243054447
2017-08-04 19:30:00,2,293.9478003484383,294.2415445210186
2017-08-04 19:45:00,2,293.87771448613444,294.17531762472345
2017-08-04 20:00:00,2,293.8028673306569,294.10323987298165
2017-08-04 20:15:00,2,293.724659305696,294.02633147545225
2017-08-04 20:30:00,2,293.64502105135284,293.9469136214467
2017-08-04 20:45:00,2,293.5659975300975,293.8666554855191
2017-08-04 21:00:00,2,293.49235294622713,293.78978479640637
2017-08-04 21:15:00,2,293.4235976998597,293.7187410339299
2017-08-04 21:30:00,2,293.35856678350984,293.65263001014387
2017-08-04 21:45:00,2,293.29672388540234,293.58980346289127
2017-08-04 22:00:00,2,293.2378823547745,293.5294588862474
2017-08-04 22:15:00,2,293.1818732110908,293.47154241612367
2017-08-04 22:30:00,2,293.12849474805336,293.41618337335217
2017-08-04 22:45:00,2,293.0776247327676,293.3634566076801
2017-08-04 23:00:00,2,293.0292241140207,293.31328910680065
2017-08-04 23:15:00,2,292.9832597216125,293.26550859209306
2017-08-04 23:30:00,2,292.9396697538655,293.2200428541274
2017-08-04 23:45:00,2,292.8983708915534,293.17686812599317
2017-08-05 00:00:00,2,292.8592629532933,293.13593543971723
2017-08-05 00:15:00,2,292.82222968078815,293.09715457349336
2017-08-05 00:30:00,2,292.78717961385934,293.0604585874013
2017-08-05 00:45:00,2,292.7541548827962,293.02591560228274
2017-08-05 01:00:00,2,292.72328277993057,292.99365525130656
2017-08-05 01:15:00,2,292.6946517362808,292.96366646802454
2017-08-05 01:30:00,2,292.6682002913092,292.9358034389777
2017-08-05 01:45:00,2,292.64353076959065,292.90974274657134
2017-08-05 02:00:00,2,292.62006268026255,292.884963785828
2017-08-05 02:15:00,2,292.5972888674755,292.8608325822278
2017-08-05 02:30:00,2,292.57488162721603,292.837013886118
2017-08-05 02:45:00,2,292.5527880779347,292.8134993801722
2017-08-05 03:00:00,2,292.5311215992317,292.7904362329163
2017-08-05 03:15:00,2,292.50999198177504,292.7679550643451
2017-08-05 03:30:00,2,292.48943902472485,292.74608809528985
2017-08-05 03:45:00,2,292.4693894884472,292.72475157637587
2017-08-05 04:00:00,2,292.4496891837345,292.7037867395041
2017-08-05 04:15:00,2,292.43018761975213,292.6830367664946
2017-08-05 04:30:00,2,292.4108061215398,292.66241715623187
2017-08-05 04:45:00,2,292.39156491596026,292.64194046442014
2017-08-05 05:00:00,2,292.37253574985465,292.62168132207194
2017-08-05 05:15:00,2,292.35378695040345,292.6017195347482
2017-08-05 05:30:00,2,292.33537184185866,292.5821202371966
2017-08-05 05:45:00,2,292.3176464724277,292.56329672222574
2017-08-05 06:00:00,2,292.3022418224943,292.54667194555236
2017-08-05 06:15:00,2,292.2916913976998,292.53453217274864
2017-08-05 06:30:00,2,292.28815615296514,292.5290997612964
2017-08-05 06:45:00,2,292.29296387075055,292.5317313108774
2017-08-05 07:00:00,2,292.3064698869785,292.54245581862904
2017-08-05 07:15:00,2,292.32687030882664,292.55965717351256
2017-08-05 07:30:00,2,292.35122337787647,292.58073239959634
2017-08-05 07:45:00,2,292.37717890979525,292.6031126451575
2017-08-05 08:00:00,2,292.4029708764128,292.62534045137943
2017-08-05 08:15:00,2,292.42819807799964,292.64744304860557
2017-08-05 08:30:00,2,292.4539813516402,292.6704276404404
2017-08-05 08:45:00,2,292.48144645385554,292.69558978389864
2017-08-05 09:00:00,2,292.51137035699986,292.7239363832458
2017-08-05 09:15:00,2,292.5446755491366,292.75631999451576
2017-08-05 09:30:00,2,292.5813560841313,292.7932203830542
2017-08-05 09:45:00,2,292.620632254412,292.83351501434623
2017-08-05 10:00:00,2,292.66385550710123,292.8763966013421
2017-08-05 10:15:00,2,292.709929080313,292.92313502229285
2017-08-05 10:30:00,2,292.76363568885705,292.9769048638645
2017-08-05 10:45:00,2,292.82888391067075,293.0413210301195
2017-08-05 11:00:00,2,292.90617151711155,293.1175226432522
2017-08-05 11:15:00,2,292.99610125117295,293.2052482828312
2017-08-05 11:30:00,2,293.10090633399653,293.30457350051097
2017-08-05 11:45:00,2,293.215634545443,293.418513305709
2017-08-05 12:00:00,2,293.33660513830455,293.5415268172952
2017-08-05 12:15:00,2,293.46250889586514,293.6685224583753
2017-08-05 12:30:00,2,293.5916120445093,293.7968668577703
2017-08-05 12:45:00,2,293.7211775948654,293.9247964584774
2017-08-05 13:00:00,2,293.84851959344024,294.0504599671613
2017-08-05 13:15:00,2,293.971490475003,294.1719204471312
2017-08-05 13:30:00,2,294.08834677647707,294.2875580097352
2017-08-05 13:45:00,2,294.1990204181344,294.3969167148731
2017-08-05 14:00:00,2,294.3033252007323,294.4995153993194
2017-08-05 14:15:00,2,294.3974523759506,294.5924521346825
2017-08-05 14:30:00,2,294.47631646544437,294.6710534351608
2017-08-05 14:45:00,2,294.5364903575043,294.73150263504266
2017-08-05 15:00:00,2,294.5769256845538,294.7728009761468
2017-08-05 15:15:00,2,294.59992365335086,294.79702011614006
2017-08-05 15:30:00,2,294.6092297861521,294.8078546542382
2017-08-05 15:45:00,2,294.607933753747,294.8085976382272
2017-08-05 16:00:00,2,294.59794906906467,294.80108640307174
2017-08-05 16:15:00,2,294.5799864284056,294.7855684352036
2017-08-05 16:30:00,2,294.5540573714699,294.76250220748193
2017-08-05 16:45:00,2,294.5199562238529,294.73214548505985
2017-08-05 17:00:00,2,294.4777087064714,294.694494287216
2017-08-05 17:15:00,2,294.427444922822,294.64959145463615
2017-08-05 17:30:00,2,294.3692644685906,294.5977269124958
2017-08-05 17:45:00,2,294.305634274554,294.5395274256224
2017-08-05 18:00:00,2,294.23852592034035,294.4772046217542
2017-08-05 18:15:00,2,294.17022698603785,294.41368493652243
2017-08-05 18:30:00,2,294.1041235267487,294.34737826852995
2017-08-05 18:45:00,2,294.03622653030703,294.2779711922162
2017-08-05 19:00:00,2,293.9646411881408,294.20640265519705
2017-08-05 19:15:00,2,293.89102974549866,294.133715637034
2017-08-05 19:30:00,2,293.81580284579536,294.06088176777985
2017-08-05 19:45:00,2,293.7368203943713,293.98499738701713
2017-08-05 20:00:00,2,293.65468489930976,293.90494983579333
2017-08-05 20:15:00,2,293.5706249689744,293.82177221232666
2017-08-05 20:30:00,2,293.4860692294838,293.7373178572351
2017-08-05 20:45:00,2,293.401973013317,293.6530734098205
2017-08-05 21:00:00,2,293.32077396064386,293.5694244069176
2017-08-05 21:15:00,2,293.24651497681623,293.49089213314375
2017-08-05 21:30:00,2,293.1782379125037,293.41967547432233
2017-08-05 21:45:00,2,293.11500065711516,293.35478626999816
2017-08-05 22:00:00,2,293.0562764551378,293.2945873915552
2017-08-05 22:15:00,2,293.0017345433977,293.2382281324439
2017-08-05 22:30:00,2,292.951073073107,293.1855348993753
2017-08-05 22:45:00,2,292.903876878739,293.1364270213633
2017-08-05 23:00:00,2,292.85963785263493,293.09047896068813
2017-08-05 23:15:00,2,292.81788462492887,293.04702484467714
2017-08-05 23:30:00,2,292.7782684279137,293.0056213241952
2017-08-05 23:45:00,2,292.7405779870623,292.9660867682404
2017-08-06 00:00:00,2,292.7046863433741,292.92836956836845
2017-08-06 00:15:00,2,292.67049525050743,292.8924322492922
2017-08-06 00:30:00,2,292.63786782572595,292.8581646846623
2017-08-06 00:45:00,2,292.60650244956713,292.8253451579747
2017-08-06 01:00:00,2,292.5759976223734,292.7935826811793
2017-08-06 01:15:00,2,292.5460050819437,292.76245317221367
2017-08-06 01:30:00,2,292.516321876772,292.73168477898594
2017-08-06 01:45:00,2,292.48700421425383,292.7012955783538
2017-08-06 02:00:00,2,292.45827580735903,292.671512061833
2017-08-06 02:15:00,2,292.4303449026343,292.6425893356955
2017-08-06 02:30:00,2,292.4033370389788,292.61458117589115
2017-08-06 02:45:00,2,292.3773012562179,292.5874989969712
2017-08-06 03:00:00,2,292.3522340763576,292.56133898629344
2017-08-06 03:15:00,2,292.32810079345984,292.5360773291668
2017-08-06 03:30:00,2,292.3048502353315,292.5116707303466
2017-08-06 03:45:00,2,292.2824240032872,292.48806533643557
2017-08-06 04:00:00,2,292.26076191790366,292.46520558944053
2017-08-06 04:15:00,2,292.2398050663144,292.44303854824557
2017-08-06 04:30:00,2,292.2194973974034,292.42151467543096
2017-08-06 04:45:00,2,292.1997864630018,292.4005874919975
2017-08-06 05:00:00,2,292.1806236701364,292.380213362333
2017-08-06 05:15:00,2,292.16196418218954,292.3603514156015
2017-08-06 05:30:00,2,292.1437681709837,292.34096865314797
2017-08-06 05:45:00,2,292.1262664110314,292.32235691773053
2017-08-06 06:00:00,2,292.11085703151065,292.3057370250806
2017-08-06 06:15:00,2,292.0998412834228,292.29316468314397
2017-08-06 06:30:00,2,292.0952317735824,292.28665295720634
2017-08-06 06:45:00,2,292.09812406190247,292.2873174018955
2017-08-06 07:00:00,2,292.1084096050538,292.29481292608307
2017-08-06 07:15:00,2,292.12365027785836,292.30715562747156
2017-08-06 07:30:00,2,292.140885290642,292.3216774966168
2017-08-06 07:45:00,2,292.1582799860587,292.33644124208007
2017-08-06 08:00:00,2,292.17555004631424,292.3511702117084
2017-08-06 08:15:00,2,292.19455648292023,292.36753465943184
2017-08-06 08:30:00,2,292.21804692316243,292.38825099379994
2017-08-06 08:45:00,2,292.2478575953623,292.4153667919746
2017-08-06 09:00:00,2,292.28444007946746,292.4494013085783
2017-08-06 09:15:00,2,292.3260338563167,292.48940368306575
2017-08-06 09:30:00,2,292.36941666543817,292.53341797160755
2017-08-06 09:45:00,2,292.4149028223099,292.57816612992127
2017-08-06 10:00:00,2,292.4629447914847,292.62545026943894
2017-08-06 10:15:00,2,292.51319986837467,292.6764747354679
2017-08-06 10:30:00,2,292.57183776015864,292.7353124794369
2017-08-06 10:45:00,2,292.6387064724264,292.8023207216598
2017-08-06 11:00:00,2,292.7111377909346,292.87481197646235
2017-08-06 11:15:00,2,292.7866122936441,292.9495495993938
2017-08-06 11:30:00,2,292.8648729252502,293.02478011548214
2017-08-06 11:45:00,2,292.94308098347494,293.10273842320015
2017-08-06 12:00:00,2,293.0200163486737,293.1815149168637
2017-08-06 12:15:00,2,293.0979519624461,293.26078085719365
2017-08-06 12:30:00,2,293.17945491519265,293.3423398734214
2017-08-06 12:45:00,2,293.2663913791494,293.4286026634761
2017-08-06 13:00:00,2,293.3600269150694,293.5213771798867
2017-08-06 13:15:00,2,293.4606128615946,293.62118891327333
2017-08-06 13:30:00,2,293.56765465317426,293.7274518540121
2017-08-06 13:45:00,2,293.680955796623,293.83931288466096
2017-08-06 14:00:00,2,293.7988783222364,293.95532548530866
2017-08-06 14:15:00,2,293.9181251865194,294.0728191285294
2017-08-06 14:30:00,2,294.0349163397647,294.18816497948364
2017-08-06 14:45:00,2,294.1452461366705,294.2973614127164
2017-08-06 15:00:00,2,294.24528792967203,294.39666429718125
2017-08-06 15:15:00,2,294.33189570307485,294.4830357587745
2017-08-06 15:30:00,2,294.4028440704552,294.55434278917335
2017-08-06 15:45:00,2,294.4568412772413,294.6093568138152
2017-08-06 16:00:00,2,294.4934383396534,294.64760485665823
2017-08-06 16:15:00,2,294.51276969612275,294.6691347121727
2017-08-06 16:30:00,2,294.51552643917074,294.6744089249363
2017-08-06 16:45:00,2,294.5030807667178,294.6639753247891
2017-08-06 17:00:00,2,294.47704608103385,294.6409072311721
2017-08-06 17:15:00,2,294.4386946347291,294.607660056722
2017-08-06 17:30:00,2,294.3891000155584,294.5656484453425
2017-08-06 17:45:00,2,294.3298411551408,294.5163704033448
2017-08-06 18:00:00,2,294.26633927177704,294.4615825966946
2017-08-06 18:15:00,2,294.2016445262999,294.404052302583
2017-08-06 18:30:00,2,294.1366942233355,294.3456789003778
2017-08-06 18:45:00,2,294.07196143531223,294.2878652129709
2017-08-06 19:00:00,2,294.0087760800279,294.22737419709455
2017-08-06 19:15:00,2,293.9440861197917,294.1626068030971
2017-08-06 19:30:00,2,293.8751171084895,294.0937165870254
2017-08-06 19:45:00,2,293.8011567076611,294.02180900194554
2017-08-06 20:00:00,2,293.71718672875124,293.94246049893627
2017-08-06 20:15:00,2,293.6245921692948,293.8539743018117
2017-08-06 20:30:00,2,293.52704964105106,293.7587759751401
2017-08-06 20:45:00,2,293.42789008044304,293.660310136349
2017-08-06 21:00:00,2,293.3286224362656,293.56090768297037
2017-08-06 21:15:00,2,293.22938726157383,293.46145906437476
2017-08-06 21:30:00,2,293.1323259194063,293.36189056405044
2017-08-06 21:45:00,2,293.0433647310579,293.2662807026635
2017-08-06 22:00:00,2,292.96332415544873,293.18051253732443
2017-08-06 22:15:00,2,292.8928796956935,293.10628765693144
2017-08-06 22:30:00,2,292.8323095914447,293.04268408261504
2017-08-06 22:45:00,2,292.78076123483373,292.98809121216846
2017-08-06 23:00:00,2,292.7365609538813,292.94097167482585
2017-08-06 23:15:00,2,292.69801555204685,292.8996271855319
2017-08-06 23:30:00,2,292.6636922723074,292.86238463112534
2017-08-06 23:45:00,2,292.6322710397179,292.8279626503455
2017-08-07 00:00:00,2,292.6025949250036,292.7953831761537
2017-08-07 00:15:00,2,292.5738247995156,292.7639100897584
2017-08-07 00:30:00,2,292.54547475100753,292.73308396543143
2017-08-07 00:45:00,2,292.5174369477599,292.70275604144416
2017-08-07 01:00:00,2,292.4897974503233,292.67298146763727
2017-08-07 01:15:00,2,292.4626242287441,292.6439679608471
2017-08-07 01:30:00,2,292.43593065553875,292.6156233268226
2017-08-07 01:45:00,2,292.409749873443,292.58785367110715
2017-08-07 02:00:00,2,292.38415260502416,292.56068141518614
2017-08-07 02:15:00,2,292.3592055438284,292.53419179005994
2017-08-07 02:30:00,2,292.3349583913796,292.50846716963673
2017-08-07 02:45:00,2,292.31147067657156,292.4835729485854
2017-08-07 03:00:00,2,292.2888058083286,292.45956256184553
2017-08-07 03:15:00,2,292.2670023914445,292.4364742077862
2017-08-07 03:30:00,2,292.24606632328124,292.4143217623258
2017-08-07 03:45:00,2,292.2259773860252,292.3930985072934
2017-08-07 04:00:00,2,292.2066987035453,292.3726796321979
2017-08-07 04:15:00,2,292.18818442297066,292.35298769616037
2017-08-07 04:30:00,2,292.170381026861,292.33398352746264
2017-08-07 04:45:00,2,292.15321779227423,292.3156203753771
2017-08-07 05:00:00,2,292.1366131351156,292.29782937889917
2017-08-07 05:15:00,2,292.1204919008697,292.2805353942331
2017-08-07 05:30:00,2,292.1047984370255,292.2636836132712
2017-08-07 05:45:00,2,292.0897570300566,292.2475428845291
2017-08-07 06:00:00,2,292.07660415916996,292.23317401691656
2017-08-07 06:15:00,2,292.0671344517833,292.22218911855754
2017-08-07 06:30:00,2,292.0626792045789,292.2160037514352
2017-08-07 06:45:00,2,292.06380974491174,292.2153318275839
2017-08-07 07:00:00,2,292.0705049706699,292.2201868836018
2017-08-07 07:15:00,2,292.0824537853289,292.23019242076265
2017-08-07 07:30:00,2,292.09924651368385,292.2448708272291
2017-08-07 07:45:00,2,292.12044243443114,292.2638426145343
2017-08-07 08:00:00,2,292.145533000789,292.28658353632034
2017-08-07 08:15:00,2,292.17371654817765,292.31227233761797
2017-08-07 08:30:00,2,292.2035205606758,292.3399249673037
2017-08-07 08:45:00,2,292.23389479294013,292.36861852754345
2017-08-07 09:00:00,2,292.2641748296198,292.3977551233385
2017-08-07 09:15:00,2,292.294026242573,292.4272422370288
2017-08-07 09:30:00,2,292.3234995740728,292.4571807802938
2017-08-07 09:45:00,2,292.3542754909738,292.48724895825427
2017-08-07 10:00:00,2,292.3871019278773,292.51913479738806
2017-08-07 10:15:00,2,292.4223138874132,292.55422158019127
2017-08-07 10:30:00,2,292.4593617107426,292.59276139280314
2017-08-07 10:45:00,2,292.50135922281754,292.6355242488647
2017-08-07 11:00:00,2,292.55126817786004,292.6848670142226
2017-08-07 11:15:00,2,292.60906102367153,292.74163065749667
2017-08-07 11:30:00,2,292.67440819151386,292.80540967676274
2017-08-07 11:45:00,2,292.74848503114333,292.8758662348491
2017-08-07 12:00:00,2,292.8287753566023,292.95493015605825
2017-08-07 12:15:00,2,292.91051891485876,293.03786477016575
2017-08-07 12:30:00,2,292.9905760027657,293.11948265489576
2017-08-07 12:45:00,2,293.06711507850014,293.19685689930526
2017-08-07 13:00:00,2,293.13946822482956,293.2693720124469
2017-08-07 13:15:00,2,293.2078904141706,293.3376895959251
2017-08-07 13:30:00,2,293.27302931846594,293.402754049968
2017-08-07 13:45:00,2,293.3355318549514,293.46539389663616
2017-08-07 14:00:00,2,293.39646270863597,293.52660741389263
2017-08-07 14:15:00,2,293.4576272027476,293.58796616719746
2017-08-07 14:30:00,2,293.5209391055904,293.6512220533837
2017-08-07 14:45:00,2,293.5871842870268,293.7174232521805
2017-08-07 15:00:00,2,293.6558875005051,293.7862276542666
2017-08-07 15:15:00,2,293.72482639494666,293.85560225317124
2017-08-07 15:30:00,2,293.7910453144375,293.92270583493996
2017-08-07 15:45:00,2,293.85254469584277,293.9852321538182
2017-08-07 16:00:00,2,293.907798901088,294.04149457933715
2017-08-07 16:15:00,2,293.95453777043184,294.08957160752055
2017-08-07 16:30:00,2,293.9901015957687,294.12705786807874
2017-08-07 16:45:00,2,294.01216036846625,294.15152366061136
2017-08-07 17:00:00,2,294.0194070227734,294.160981131797
2017-08-07 17:15:00,2,294.0118565020293,294.1562967676059
2017-08-07 17:30:00,2,293.9905390879748,294.1394989720877
2017-08-07 17:45:00,2,293.9574199352361,294.11292904508673
2017-08-07 18:00:00,2,293.91518688219253,294.0790102686454
2017-08-07 18:15:00,2,293.86849693680597,294.0394861421598
2017-08-07 18:30:00,2,293.8188130102446,293.9964815975576
2017-08-07 18:45:00,2,293.7667654844391,293.9526815419207
2017-08-07 19:00:00,2,293.7141383546,293.9035891263385
2017-08-07 19:15:00,2,293.6580206289144,293.8477664624077
2017-08-07 19:30:00,2,293.5960797269824,293.7863164082756
2017-08-07 19:45:00,2,293.52995864353676,293.7213837140055
2017-08-07 20:00:00,2,293.45746590254174,293.65289018238013
2017-08-07 20:15:00,2,293.3797727913895,293.5792767047833
2017-08-07 20:30:00,2,293.3006909585291,293.5025247936719
2017-08-07 20:45:00,2,293.22343039478613,293.4258525312734
2017-08-07 21:00:00,2,293.1492537963993,293.35132650442836
2017-08-07 21:15:00,2,293.07826326254775,293.27948191639575
2017-08-07 21:30:00,2,293.00995051986126,293.21002151935556
2017-08-07 21:45:00,2,292.94557385491163,293.1423494921668
2017-08-07 22:00:00,2,292.8870441975246,293.077420163354
2017-08-07 22:15:00,2,292.833189312261,293.01780570587295
2017-08-07 22:30:00,2,292.7830290630796,292.9635181499229
2017-08-07 22:45:00,2,292.73575573158575,292.9130348062847
2017-08-07 23:00:00,2,292.6906596155037,292.86491718741235
2017-08-07 23:15:00,2,292.64720811454043,292.8184113530864
2017-08-07 23:30:00,2,292.6050876245113,292.7733044324089
2017-08-07 23:45:00,2,292.564268845254,292.72965092289553
2017-08-08 00:00:00,2,292.5248534760117,292.68755697013694
2017-08-08 00:15:00,2,292.48688391385565,292.64706003210205
2017-08-08 00:30:00,2,292.45035223692236,292.60814944175974
2017-08-08 00:45:00,2,292.415346084989,292.57087593874047
2017-08-08 01:00:00,2,292.3820568207617,292.5353911384359
2017-08-08 01:15:00,2,292.350658287119,292.50187297932433
2017-08-08 01:30:00,2,292.32120130786484,292.47050576153
2017-08-08 01:45:00,2,292.2935097339321,292.441136118743
2017-08-08 02:00:00,2,292.2672355629447,292.41334417095817
2017-08-08 02:15:00,2,292.24201475785566,292.38669631020844
2017-08-08 02:30:00,2,292.21757907579405,292.3609175023113
2017-08-08 02:45:00,2,292.1938266467878,292.3358451615989
2017-08-08 03:00:00,2,292.1707710978753,292.3114446912145
2017-08-08 03:15:00,2,292.148450514533,292.2877770037662
2017-08-08 03:30:00,2,292.1268775026243,292.26489325237793
2017-08-08 03:45:00,2,292.10600679150826,292.2427711276153
2017-08-08 04:00:00,2,292.0857490546592,292.22132458662696
2017-08-08 04:15:00,2,292.0660100245217,292.20045085859084
2017-08-08 04:30:00,2,292.04672032704246,292.1800802451502
2017-08-08 04:45:00,2,292.02787486253084,292.1602122041572
2017-08-08 05:00:00,2,292.00952512809204,292.14082711768526
2017-08-08 05:15:00,2,291.99173507860434,292.12196720746397
2017-08-08 05:30:00,2,291.9745189485335,292.1036892645514
2017-08-08 05:45:00,2,291.95808083005073,292.08626520433614
2017-08-08 06:00:00,2,291.94339365204286,292.0704891303618
2017-08-08 06:15:00,2,291.93153954156696,292.0573360536796
2017-08-08 06:30:00,2,291.922983723748,292.04739871182886
2017-08-08 06:45:00,2,291.91770511509884,292.0408111245688
2017-08-08 07:00:00,2,291.915504162133,292.03730740448003
2017-08-08 07:15:00,2,291.91633722865504,292.0366646345675
2017-08-08 07:30:00,2,291.9202557829045,292.03890282574196
2017-08-08 07:45:00,2,291.927146888187,292.0440276422225
2017-08-08 08:00:00,2,291.93686164721026,292.05201817907147
2017-08-08 08:15:00,2,291.9497845270856,292.063169634665
2017-08-08 08:30:00,2,291.966641580115,292.07809107222823
2017-08-08 08:45:00,2,291.98796648949815,292.0974257203479
2017-08-08 09:00:00,2,292.0138907913624,292.1213449017121
2017-08-08 09:15:00,2,292.04407310195234,292.14944566357525
2017-08-08 09:30:00,2,292.0773696681178,292.1810701998783
2017-08-08 09:45:00,2,292.1123695575705,292.2156140539355
2017-08-08 10:00:00,2,292.1489218472533,292.251879777578
2017-08-08 10:15:00,2,292.1887161787268,292.2897350727538
2017-08-08 10:30:00,2,292.23104653670896,292.3307020417005
2017-08-08 10:45:00,2,292.2751267323031,292.3750163629656
2017-08-08 11:00:00,2,292.325999088584,292.425601690363
2017-08-08 11:15:00,2,292.38469118466526,292.48370247482313
2017-08-08 11:30:00,2,292.45145472006743,292.54935407058986
2017-08-08 11:45:00,2,292.52706012604574,292.62250615768096
2017-08-08 12:00:00,2,292.61281760524594,292.7036299881361
2017-08-08 12:15:00,2,292.7029589118225,292.79352575302033
2017-08-08 12:30:00,2,292.7931874678132,292.8861443056255
2017-08-08 12:45:00,2,292.881149955939,292.9761789819072
2017-08-08 13:00:00,2,292.96634469281923,293.06235074777345
2017-08-08 13:15:00,2,293.0517520366274,293.1476020246581
2017-08-08 13:30:00,2,293.14205886319866,293.2369204896589
2017-08-08 13:45:00,2,293.24110793534106,293.33466763577076
2017-08-08 14:00:00,2,293.35009758626427,293.44240760930586
2017-08-08 14:15:00,2,293.4666966064901,293.5581058834276
2017-08-08 14:30:00,2,293.5863847233761,293.677050833383
2017-08-08 14:45:00,2,293.7034425816428,293.7933733181437
2017-08-08 15:00:00,2,293.81237905432477,293.90164448713136
2017-08-08 15:15:00,2,293.90896658991693,293.99775281592747
2017-08-08 15:30:00,2,293.9903764961592,294.07914544713043
2017-08-08 15:45:00,2,294.055530414471,294.1448651350281
2017-08-08 16:00:00,2,294.1045778247964,294.19507227865506
2017-08-08 16:15:00,2,294.13796028372656,294.2302668394105
2017-08-08 16:30:00,2,294.1561502181917,294.2508219650552
2017-08-08 16:45:00,2,294.1597332710152,294.25658100951273
2017-08-08 17:00:00,2,294.14930609564533,294.24946983031595
2017-08-08 17:15:00,2,294.1252610670387,294.23114085723165
2017-08-08 17:30:00,2,294.0878890286071,294.2023531483212
2017-08-08 17:45:00,2,294.0383600480438,294.16418855446045
2017-08-08 18:00:00,2,293.9824528000459,294.1183118144131
2017-08-08 18:15:00,2,293.92308520050904,294.0675958863772
2017-08-08 18:30:00,2,293.8615963052965,294.0151382615996
2017-08-08 18:45:00,2,293.79994816419,293.95929024904314
2017-08-08 19:00:00,2,293.73709262961927,293.8979199224019
2017-08-08 19:15:00,2,293.6690377791995,293.83124053931186
2017-08-08 19:30:00,2,293.5965806395464,293.7606970373472
2017-08-08 19:45:00,2,293.52110745616295,293.6878137808669
2017-08-08 20:00:00,2,293.43785806198036,293.61022047169206
2017-08-08 20:15:00,2,293.3467906149374,293.5243134225244
2017-08-08 20:30:00,2,293.2511203432256,293.43156145743876
2017-08-08 20:45:00,2,293.1542329613531,293.3362338824421
2017-08-08 21:00:00,2,293.0600901905688,293.2424383123213
2017-08-08 21:15:00,2,292.9710286947383,293.1528570170142
2017-08-08 21:30:00,2,292.887843000334,293.0685239922168
2017-08-08 21:45:00,2,292.81339674307435,292.9884497066971
2017-08-08 22:00:00,2,292.74617717585596,292.91421782619545
2017-08-08 22:15:00,2,292.6829408690379,292.8458054039152
2017-08-08 22:30:00,2,292.62159238017136,292.780840652781
2017-08-08 22:45:00,2,292.5609965907803,292.7169866620835
2017-08-08 23:00:00,2,292.5006070591137,292.65314896245235
2017-08-08 23:15:00,2,292.4401306776827,292.5891586486245
2017-08-08 23:30:00,2,292.3794413657124,292.52515423220746
2017-08-08 23:45:00,2,292.3187627265511,292.46139528361493
2017-08-09 00:00:00,2,292.2585427398862,292.3982565365933
2017-08-09 00:15:00,2,292.19920271171844,292.3361540296754
2017-08-09 00:30:00,2,292.14132215902225,292.2757501257417
2017-08-09 00:45:00,2,292.08650783869103,292.2184986246039
2017-08-09 01:00:00,2,292.03706229260536,292.166517104507
2017-08-09 01:15:00,2,291.9948765453418,292.12174955343266
2017-08-09 01:30:00,2,291.96073666119787,292.08503682000634
2017-08-09 01:45:00,2,291.93370623301087,292.0556877816492
2017-08-09 02:00:00,2,291.911796409175,292.03173039997284
2017-08-09 02:15:00,2,291.893125519008,292.0110411028508
2017-08-09 02:30:00,2,291.8762027764126,291.99198461760585
2017-08-09 02:45:00,2,291.8593768344845,291.9728625308635
2017-08-09 03:00:00,2,291.8406550056759,291.9520151502452
2017-08-09 03:15:00,2,291.81872432608816,291.92821783491445
2017-08-09 03:30:00,2,291.7931976644369,291.90115238433435
2017-08-09 03:45:00,2,291.76542755126445,291.8719899072658
2017-08-09 04:00:00,2,291.7379598920229,291.8430763615041
2017-08-09 04:15:00,2,291.713149584994,291.81684350378225
2017-08-09 04:30:00,2,291.6924463998061,291.79481939439114
2017-08-09 04:45:00,2,291.6760207119699,291.777230042548
2017-08-09 05:00:00,2,291.66315915539786,291.7634083880638
2017-08-09 05:15:00,2,291.6530024542083,291.7521815367049
2017-08-09 05:30:00,2,291.6448507065424,291.74268264410944
2017-08-09 05:45:00,2,291.6383208560888,291.73466615839163
2017-08-09 06:00:00,2,291.6342457116887,291.72900167515394
2017-08-09 06:15:00,2,291.63489801083716,291.7277969090595
2017-08-09 06:30:00,2,291.64276736625305,291.73368658835795
2017-08-09 06:45:00,2,291.65955515822213,291.748691390561
2017-08-09 07:00:00,2,291.6858520951354,291.7734707127744
2017-08-09 07:15:00,2,291.720987623711,291.80725449592745
2017-08-09 07:30:00,2,291.76349389133475,291.8483670034178
2017-08-09 07:45:00,2,291.81156684600205,291.89484932373074
2017-08-09 08:00:00,2,291.86223799722706,291.9447831669491
2017-08-09 08:15:00,2,291.9120214018821,291.99610326433543
2017-08-09 08:30:00,2,291.96219483485186,292.04579137618197
2017-08-09 08:45:00,2,292.0133656021708,292.09588958054496
2017-08-09 09:00:00,2,292.06467680748614,292.14782017894044
2017-08-09 09:15:00,2,292.1157830687418,292.2007716229603
2017-08-09 09:30:00,2,292.17244992423934,292.2592174370025
2017-08-09 09:45:00,2,292.23880744231076,292.32636762925915
2017-08-09 10:00:00,2,292.31753943609147,292.40466956130547
2017-08-09 10:15:00,2,292.4124657673296,292.4969381426896
2017-08-09 10:30:00,2,292.5280452822709,292.60845550539153
2017-08-09 10:45:00,2,292.6605191313507,292.7411414903296
2017-08-09 11:00:00,2,292.80753611337605,292.8895459910823
2017-08-09 11:15:00,2,292.965068194581,293.0469614896499
2017-08-09 11:30:00,2,293.1275044552434,293.2076441847299
2017-08-09 11:45:00,2,293.2904016015016,293.36762000899625
2017-08-09 12:00:00,2,293.45079684202494,293.5242593463237
2017-08-09 12:15:00,2,293.6057622735404,293.6752492457347
2017-08-09 12:30:00,2,293.752557056581,293.8180657177991
2017-08-09 12:45:00,2,293.888215445537,293.9499554251031
2017-08-09 13:00:00,2,294.0104647327944,294.0687586928371
2017-08-09 13:15:00,2,294.11864569376263,294.17379396757804
2017-08-09 13:30:00,2,294.21333138525375,294.2656794011897
2017-08-09 13:45:00,2,294.29525542709587,294.3454663491318
2017-08-09 14:00:00,2,294.365171127242,294.41397920539134
2017-08-09 14:15:00,2,294.42324788933234,294.4714009009018
2017-08-09 14:30:00,2,294.4693778900596,294.5176247302694
2017-08-09 14:45:00,2,294.5041217307879,294.5529646629224
2017-08-09 15:00:00,2,294.52841695511034,294.5781965748303
2017-08-09 15:15:00,2,294.5429608510733,294.59408597779037
2017-08-09 15:30:00,2,294.5482091394513,294.6011165222349
2017-08-09 15:45:00,2,294.5445737561344,294.5995703642295
2017-08-09 16:00:00,2,294.5324440963147,294.58946583775463
2017-08-09 16:15:00,2,294.5119462444053,294.5713939365061
2017-08-09 16:30:00,2,294.48309260826903,294.5463305759878
2017-08-09 16:45:00,2,294.4460389710548,294.5145684523951
2017-08-09 17:00:00,2,294.4009839412541,294.4761541098787
2017-08-09 17:15:00,2,294.347806110973,294.4312006034816
2017-08-09 17:30:00,2,294.28681516663056,294.38014823696335
2017-08-09 17:45:00,2,294.2216577970505,294.32413936624744
2017-08-09 18:00:00,2,294.1548062868662,294.26476998425375
2017-08-09 18:15:00,2,294.0878122554757,294.2038774533346
2017-08-09 18:30:00,2,294.02130071540796,294.14290449570956
2017-08-09 18:45:00,2,293.9554048361665,294.08234616967263
2017-08-09 19:00:00,2,293.8904439380131,294.02282354338456
2017-08-09 19:15:00,2,293.82736504626695,293.9612906465782
2017-08-09 19:30:00,2,293.7616823481966,293.8963344854608
2017-08-09 19:45:00,2,293.6928694303669,293.82825956384215
2017-08-09 20:00:00,2,293.6184295067057,293.75804972311164
2017-08-09 20:15:00,2,293.53706663132624,293.6811955163352
2017-08-09 20:30:00,2,293.4516678782375,293.5981601518149
2017-08-09 20:45:00,2,293.3642577175256,293.5117447545915
2017-08-09 21:00:00,2,293.2757252821078,293.42405185786413
2017-08-09 21:15:00,2,293.1869344071136,293.33569482550706
2017-08-09 21:30:00,2,293.09789179133037,293.2465456672765
2017-08-09 21:45:00,2,293.0084255905744,293.1565445594022
2017-08-09 22:00:00,2,292.92218707640944,293.06579837654783
2017-08-09 22:15:00,2,292.8421309061055,292.9785437631
2017-08-09 22:30:00,2,292.76696588660025,292.897946605881
2017-08-09 22:45:00,2,292.6951858967303,292.822870327024
2017-08-09 23:00:00,2,292.6253531412071,292.7505634893174
2017-08-09 23:15:00,2,292.55638636620375,292.6790421731127
2017-08-09 23:30:00,2,292.48774028492625,292.60768579045384
2017-08-09 23:45:00,2,292.41969569686665,292.5369561396313
2017-08-10 00:00:00,2,292.3530788557831,292.4677643370656
2017-08-10 00:15:00,2,292.28867978261337,292.4009652887813
2017-08-10 00:30:00,2,292.22690532674824,292.33698994138854
2017-08-10 00:45:00,2,292.1674780754838,292.27558415777025
2017-08-10 01:00:00,2,292.1096401343499,292.2159566523857
2017-08-10 01:15:00,2,292.0526455213118,292.15724216254927
2017-08-10 01:30:00,2,291.9960689944954,292.0989279182441
2017-08-10 01:45:00,2,291.9399244703248,292.0409940829911
2017-08-10 02:00:00,2,291.88445320459556,291.9837246548358
2017-08-10 02:15:00,2,291.8298836767906,291.9274302396665
2017-08-10 02:30:00,2,291.77657055005716,291.8725598118297
2017-08-10 02:45:00,2,291.72569044747934,291.82018786720164
2017-08-10 03:00:00,2,291.67901415755415,291.7719723912292
2017-08-10 03:15:00,2,291.6380325386001,291.72949798583784
2017-08-10 03:30:00,2,291.6033864809168,291.69352563732264
2017-08-10 03:45:00,2,291.57441405619744,291.663728973145
2017-08-10 04:00:00,2,291.5496905787531,291.6383128773848
2017-08-10 04:15:00,2,291.5279105999651,291.6156122016241
2017-08-10 04:30:00,2,291.50826332656516,291.5948277703115
2017-08-10 04:45:00,2,291.4905322054319,291.57564717674165
2017-08-10 05:00:00,2,291.4748875778515,291.55816709382924
2017-08-10 05:15:00,2,291.4615978959884,291.5427274627506
2017-08-10 05:30:00,2,291.4506434413158,291.5293527313624
2017-08-10 05:45:00,2,291.4412164982261,291.5174576519381
2017-08-10 06:00:00,2,291.43270301280194,291.5066120070987
2017-08-10 06:15:00,2,291.42572118341764,291.4973331147049
2017-08-10 06:30:00,2,291.4219998192669,291.49130622383956
2017-08-10 06:45:00,2,291.42447656680713,291.49132348680683
2017-08-10 07:00:00,2,291.4362304966704,291.5003675297894
2017-08-10 07:15:00,2,291.45864867393357,291.52003501723794
2017-08-10 07:30:00,2,291.4912470560174,291.54984133594667
2017-08-10 07:45:00,2,291.53212256906517,291.5876752759095
2017-08-10 08:00:00,2,291.57924353538766,291.6312564757128
2017-08-10 08:15:00,2,291.6310795794022,291.6797185746647
2017-08-10 08:30:00,2,291.68792003848057,291.73366007468593
2017-08-10 08:45:00,2,291.75005540604315,291.7938060550461
2017-08-10 09:00:00,2,291.81383597951714,291.8591077596951
2017-08-10 09:15:00,2,291.8795964829466,291.9250235415449
2017-08-10 09:30:00,2,291.94650650239504,291.9922767021863
2017-08-10 09:45:00,2,292.0197247391341,292.0668724005789
2017-08-10 10:00:00,2,292.1027982112223,292.15121973200445
2017-08-10 10:15:00,2,292.19535165427004,292.2445169103878
2017-08-10 10:30:00,2,292.29666490446175,292.34516378179364
2017-08-10 10:45:00,2,292.4069550421982,292.45198136425466
2017-08-10 11:00:00,2,292.52470728436515,292.5676222090695
2017-08-10 11:15:00,2,292.64592195202687,292.6909991999704
2017-08-10 11:30:00,2,292.77346165923746,292.8205328342002
2017-08-10 11:45:00,2,292.90961671685466,292.956691243465
2017-08-10 12:00:00,2,293.0532995304377,293.0990303442883
2017-08-10 12:15:00,2,293.19933305724476,293.2436035300898
2017-08-10 12:30:00,2,293.34154026000925,293.3843675929785
2017-08-10 12:45:00,2,293.4757645568314,293.516561731187
2017-08-10 13:00:00,2,293.60030273360036,293.63817841012747
2017-08-10 13:15:00,2,293.7141554849092,293.7487540159516
2017-08-10 13:30:00,2,293.81653177002937,293.84821318067367
2017-08-10 13:45:00,2,293.90759588851574,293.93686295639617
2017-08-10 14:00:00,2,293.9880898089906,294.01540356811927
2017-08-10 14:15:00,2,294.05855624603066,294.08453386751194
2017-08-10 14:30:00,2,294.1194219051738,294.14484353089944
2017-08-10 14:45:00,2,294.1715862676096,294.19714105182976
2017-08-10 15:00:00,2,294.21618859653285,294.24235713736823
2017-08-10 15:15:00,2,294.2536550222901,294.28099433643746
2017-08-10 15:30:00,2,294.28367860985503,294.31280281361177
2017-08-10 15:45:00,2,294.3053321466974,294.3368609267932
2017-08-10 16:00:00,2,294.31762799133315,294.35204428829763
2017-08-10 16:15:00,2,294.3198991720967,294.3573931308403
2017-08-10 16:30:00,2,294.31185225889215,294.35220741582594
2017-08-10 16:45:00,2,294.29363424351834,294.33783688944465
2017-08-10 17:00:00,2,294.2656455611588,294.31528672830996
2017-08-10 17:15:00,2,294.22820445391494,294.2849395044335
2017-08-10 17:30:00,2,294.1817110682107,294.2471411225274
2017-08-10 17:45:00,2,294.12749640735984,294.20316070587376
2017-08-10 18:00:00,2,294.07023702549424,294.154919032603
2017-08-10 18:15:00,2,294.0120960205143,294.10387262112647
2017-08-10 18:30:00,2,293.9534196115492,294.0508964932034
2017-08-10 18:45:00,2,293.8940480928277,293.99662856734943
2017-08-10 19:00:00,2,293.8338516938553,293.9411589099567
2017-08-10 19:15:00,2,293.7729029683263,293.88446243499567
2017-08-10 19:30:00,2,293.71168065433403,293.8269728608607
2017-08-10 19:45:00,2,293.6518615580661,293.7683733950566
2017-08-10 20:00:00,2,293.59070520667495,293.70696695747523
2017-08-10 20:15:00,2,293.52156987892647,293.64066128208594
2017-08-10 20:30:00,2,293.44547196464526,293.5672234017267
2017-08-10 20:45:00,2,293.36547649889957,293.48820136325935
2017-08-10 21:00:00,2,293.2836461286029,293.4064552901129
2017-08-10 21:15:00,2,293.2009730059733,293.3239486788427
2017-08-10 21:30:00,2,293.1182187334529,293.2414759662228
2017-08-10 21:45:00,2,293.03645105589237,293.15941046226544
2017-08-10 22:00:00,2,292.9561043033854,293.0781212649348
2017-08-10 22:15:00,2,292.87792273090264,292.9979332674918
2017-08-10 22:30:00,2,292.80586537224076,292.91926704099154
2017-08-10 22:45:00,2,292.7389507680617,292.8463493026457
2017-08-10 23:00:00,2,292.67549579628627,292.7792400922296
2017-08-10 23:15:00,2,292.6143570693542,292.71572246845693
2017-08-10 23:30:00,2,292.55501420819326,292.65416503387667
2017-08-10 23:45:00,2,292.49805766065197,292.59476005536186
2017-08-11 00:00:00,2,292.4448077357396,292.5387908147673
2017-08-11 00:15:00,2,292.39643578946993,292.4877018794797
2017-08-11 00:30:00,2,292.35356999495,292.44230206546484
2017-08-11 00:45:00,2,292.3161107131112,292.4025269774458
2017-08-11 01:00:00,2,292.28346429931264,292.3677286238538
2017-08-11 01:15:00,2,292.2549508570719,292.33723940740015
2017-08-11 01:30:00,2,292.2299340761861,292.3103543140564
2017-08-11 01:45:00,2,292.2076783023127,292.28633147575044
2017-08-11 02:00:00,2,292.1873945369284,292.2643973854718
2017-08-11 02:15:00,2,292.16843201560806,292.24369918766484
2017-08-11 02:30:00,2,292.1503675608418,292.22375510461313
2017-08-11 02:45:00,2,292.13295095471324,292.2044149887643
2017-08-11 03:00:00,2,292.1159820174573,292.18567378434426
2017-08-11 03:15:00,2,292.0994474390122,292.16753828858543
2017-08-11 03:30:00,2,292.0833494727266,292.1499914236395
2017-08-11 03:45:00,2,292.0676816172753,292.1330003927842
2017-08-11 04:00:00,2,292.0524289468442,292.11652978060266
2017-08-11 04:15:00,2,292.0375712035824,292.1005478944336
2017-08-11 04:30:00,2,292.0230853445006,292.08502373841117
2017-08-11 04:45:00,2,292.0089472593397,292.06992817533137
2017-08-11 05:00:00,2,291.99513285353305,292.05524038680863
2017-08-11 05:15:00,2,291.9816187033328,292.0408926894559
2017-08-11 05:30:00,2,291.9683864383066,292.0268480362893
2017-08-11 05:45:00,2,291.95562879677686,292.01334519313986
2017-08-11 06:00:00,2,291.94449541585266,292.00142359654365
2017-08-11 06:15:00,2,291.93717407428386,291.99304551792994
2017-08-11 06:30:00,2,291.93587710600787,291.9904305544661
2017-08-11 06:45:00,2,291.9419534940591,291.9951325301904
2017-08-11 07:00:00,2,291.95563328230656,292.0074984972801
2017-08-11 07:15:00,2,291.9759289310096,292.0265115834034
2017-08-11 07:30:00,2,292.00126620475294,292.0503862549281
2017-08-11 07:45:00,2,292.02985498003846,292.0773535983006
2017-08-11 08:00:00,2,292.06012253086675,292.1063646967579
2017-08-11 08:15:00,2,292.09221317677515,292.13763373650727
2017-08-11 08:30:00,2,292.12665599255314,292.17228108671685
2017-08-11 08:45:00,2,292.1641923015296,292.21031978309435
2017-08-11 09:00:00,2,292.20739987573813,292.2526891343636
2017-08-11 09:15:00,2,292.2554761895309,292.30055323814145
2017-08-11 09:30:00,2,292.3147985764655,292.35926520375835
2017-08-11 09:45:00,2,292.38620028243787,292.4300933490928
2017-08-11 10:00:00,2,292.4679761921036,292.51115534778415
2017-08-11 10:15:00,2,292.55972243464277,292.60021283617243
2017-08-11 10:30:00,2,292.65911909157086,292.699140050972
2017-08-11 10:45:00,2,292.7613922443806,292.8033599057021
2017-08-11 11:00:00,2,292.8667385679244,292.91017229547657
2017-08-11 11:15:00,2,292.97664345086207,293.0201766650049
2017-08-11 11:30:00,2,293.0923542631963,293.13505858129514
2017-08-11 11:45:00,2,293.2130028982583,293.2548384562522
2017-08-11 12:00:00,2,293.3358380388689,293.3771546893292
2017-08-11 12:15:00,2,293.45741706010426,293.4983512822242
2017-08-11 12:30:00,2,293.5747633948948,293.6150692753539
2017-08-11 12:45:00,2,293.685776690749,293.7250906540285
2017-08-11 13:00:00,2,293.78934280089754,293.8275089806475
2017-08-11 13:15:00,2,293.885638349381,293.9226252255567
2017-08-11 13:30:00,2,293.97570712584417,294.0116232320618
2017-08-11 13:45:00,2,294.06103768219816,294.09598268756815
2017-08-11 14:00:00,2,294.14223425810604,294.1763807553719
2017-08-11 14:15:00,2,294.218225853586,294.25203008477456
2017-08-11 14:30:00,2,294.28719750653835,294.3211227994108
2017-08-11 14:45:00,2,294.3472537921298,294.3816556190969
2017-08-11 15:00:00,2,294.39697081189655,294.43216383284977
2017-08-11 15:15:00,2,294.435858744421,294.4721231526998
2017-08-11 15:30:00,2,294.46441859127225,294.50202264047664
2017-08-11 15:45:00,2,294.484086774028,294.5231614427537
2017-08-11 16:00:00,2,294.4962874637603,294.5368708447988
2017-08-11 16:15:00,2,294.50163343776126,294.5434797613184
2017-08-11 16:30:00,2,294.5000023273915,294.5441344613958
2017-08-11 16:45:00,2,294.4906437058286,294.5385591739622
2017-08-11 17:00:00,2,294.4725562570976,294.5256650740053
2017-08-11 17:15:00,2,294.444758806281,294.50438516357565
2017-08-11 17:30:00,2,294.4063739999365,294.47414047748725
2017-08-11 17:45:00,2,294.35802266222737,294.43524537897054
2017-08-11 18:00:00,2,294.3032630308145,294.3885888724443
2017-08-11 18:15:00,2,294.24353284447596,294.3352591115347
2017-08-11 18:30:00,2,294.17972381719034,294.2770248052033
2017-08-11 18:45:00,2,294.1128401632346,294.2152897624702
2017-08-11 19:00:00,2,294.04412855547474,294.1515039307952
2017-08-11 19:15:00,2,293.97578889018314,294.0861881470623
2017-08-11 19:30:00,2,293.9066795456419,294.01739757592003
2017-08-11 19:45:00,2,293.83391129891396,293.944568759776
2017-08-11 20:00:00,2,293.7550496943994,293.8692090805078
2017-08-11 20:15:00,2,293.66783803643773,293.786269342667
2017-08-11 20:30:00,2,293.5754639456543,293.6962975009818
2017-08-11 20:45:00,2,293.4820721411534,293.60331823695753
2017-08-11 21:00:00,2,293.39107592029734,293.5115925046567
2017-08-11 21:15:00,2,293.30439981219445,293.423754271522
2017-08-11 21:30:00,2,293.22292468068235,293.3408201153703
2017-08-11 21:45:00,2,293.14686267913777,293.2629672858045
2017-08-11 22:00:00,2,293.0759604986602,293.1900717096755
2017-08-11 22:15:00,2,293.0128573483316,293.12170374009924
2017-08-11 22:30:00,2,292.95794051168997,293.0599006919822
2017-08-11 22:45:00,2,292.90943647356744,293.00596482894207
2017-08-11 23:00:00,2,292.86577041609416,292.958657754951
2017-08-11 23:15:00,2,292.82578952717694,292.91572979698384
2017-08-11 23:30:00,2,292.78872259024854,292.87567525286283
2017-08-11 23:45:00,2,292.75409559654645,292.8379364362967
2017-08-12 00:00:00,2,292.7216271767659,292.8024183188247
2017-08-12 00:15:00,2,292.69112717056106,292.7690718039438
2017-08-12 00:30:00,2,292.6624007005701,292.73772534141915
2017-08-12 00:45:00,2,292.6351078726749,292.70814654242
2017-08-12 01:00:00,2,292.60882505626216,292.6799135049441
2017-08-12 01:15:00,2,292.58319635441677,292.65257298236315
2017-08-12 01:30:00,2,292.5579924192206,292.6258277351914
2017-08-12 01:45:00,2,292.5331300941708,292.5995850783737
2017-08-12 02:00:00,2,292.50861922617224,292.5737941826706
2017-08-12 02:15:00,2,292.48449335731596,292.54846039468026
2017-08-12 02:30:00,2,292.4607959118085,292.5236323127954
2017-08-12 02:45:00,2,292.4376382125367,292.4994039484056
2017-08-12 03:00:00,2,292.4151637909693,292.4758905760546
2017-08-12 03:15:00,2,292.39346960194246,292.4531799928446
2017-08-12 03:30:00,2,292.3725715417389,292.4312838277027
2017-08-12 03:45:00,2,292.3523631413903,292.41010312447344
2017-08-12 04:00:00,2,292.3326625667212,292.3894573546585
2017-08-12 04:15:00,2,292.3132890802418,292.3691530196404
2017-08-12 04:30:00,2,292.2940662344138,292.3490154122587
2017-08-12 04:45:00,2,292.2748341085235,292.32890713592826
2017-08-12 05:00:00,2,292.25547965107023,292.30874276424726
2017-08-12 05:15:00,2,292.2359330273523,292.2884769136225
2017-08-12 05:30:00,2,292.21619448045516,292.2681378595346
2017-08-12 05:45:00,2,292.1966338364067,292.2480834342752
2017-08-12 06:00:00,2,292.178570904897,292.22946225594046
2017-08-12 06:15:00,2,292.16429343080273,292.2143422986412
2017-08-12 06:30:00,2,292.15627370794584,292.20512544152103
2017-08-12 06:45:00,2,292.15609774442953,292.20360790501184
2017-08-12 07:00:00,2,292.1637604186883,292.2099784248527
2017-08-12 07:15:00,2,292.1776000684657,292.2225150336482
2017-08-12 07:30:00,2,292.1950923064621,292.2386284581947
2017-08-12 07:45:00,2,292.21406663662617,292.2560479910516
2017-08-12 08:00:00,2,292.23328012821895,292.2735803001724
2017-08-12 08:15:00,2,292.25283593705103,292.2913203861659
2017-08-12 08:30:00,2,292.2733506108812,292.3101080171728
2017-08-12 08:45:00,2,292.29534048122633,292.3306831239103
2017-08-12 09:00:00,2,292.318971582315,292.35335401875136
2017-08-12 09:15:00,2,292.3441638238269,292.3782954820965
2017-08-12 09:30:00,2,292.370563274618,292.4053899951829
2017-08-12 09:45:00,2,292.3997373440308,292.4338714464998
2017-08-12 10:00:00,2,292.43240130383185,292.46524303181525
2017-08-12 10:15:00,2,292.46776202442385,292.500157064885
2017-08-12 10:30:00,2,292.5056390625615,292.53888036022124
2017-08-12 10:45:00,2,292.55071603886523,292.583946840187
2017-08-12 11:00:00,2,292.6051339145105,292.6374417909019
2017-08-12 11:15:00,2,292.6712003147567,292.7016116878791
2017-08-12 11:30:00,2,292.7536114308425,292.77962112178193
2017-08-12 11:45:00,2,292.8518651881011,292.87617885258305
2017-08-12 12:00:00,2,292.9608997363214,292.9864046436903
2017-08-12 12:15:00,2,293.0752804811323,293.10230794890833
2017-08-12 12:30:00,2,293.18914395579134,293.2166735784673
2017-08-12 12:45:00,2,293.29711914577297,293.3242158586282
2017-08-12 13:00:00,2,293.3953856977077,293.4217253912701
2017-08-12 13:15:00,2,293.48260236843083,293.50811874884727
2017-08-12 13:30:00,2,293.5597010927634,293.5844814237604
2017-08-12 13:45:00,2,293.62984095972627,293.6537728338031
2017-08-12 14:00:00,2,293.69646840357126,293.71952988362654
2017-08-12 14:15:00,2,293.7621187433928,293.7846454578944
2017-08-12 14:30:00,2,293.8281044535967,293.8505195586736
2017-08-12 14:45:00,2,293.89355465189976,293.9163745195769
2017-08-12 15:00:00,2,293.955705138205,293.9795314519792
2017-08-12 15:15:00,2,294.0115140823074,294.0367689432501
2017-08-12 15:30:00,2,294.0589123221596,294.0857392258986
2017-08-12 15:45:00,2,294.0970254841886,294.1254201071794
2017-08-12 16:00:00,2,294.12545432984894,294.1555178207468
2017-08-12 16:15:00,2,294.14366564076755,294.17568275617555
2017-08-12 16:30:00,2,294.1511589380582,294.1851519459437
2017-08-12 16:45:00,2,294.1477823400595,294.1843946125577
2017-08-12 17:00:00,2,294.1336090083828,294.1742280400763
2017-08-12 17:15:00,2,294.10863743661236,294.1550963754916
2017-08-12 17:30:00,2,294.0727311931223,294.12736384526636
2017-08-12 17:45:00,2,294.02834473441413,294.0921448153511
2017-08-12 18:00:00,2,293.97958172065626,294.05117584568933
2017-08-12 18:15:00,2,293.9283451306406,294.0062467264271
2017-08-12 18:30:00,2,293.87568571924174,293.9599841299484
2017-08-12 18:45:00,2,293.82328509727023,293.91026459736065
2017-08-12 19:00:00,2,293.7678084306665,293.85497819313264
2017-08-12 19:15:00,2,293.70540188473956,293.7939021302441
2017-08-12 19:30:00,2,293.6376704770775,293.7281019190988
2017-08-12 19:45:00,2,293.56562702542936,293.6594141935906
2017-08-12 20:00:00,2,293.48578517679385,293.5851643232593
2017-08-12 20:15:00,2,293.40060795061623,293.50450283847806
2017-08-12 20:30:00,2,293.31407984619324,293.4200839699008
2017-08-12 20:45:00,2,293.22841092386756,293.334907070108
2017-08-12 21:00:00,2,293.1439330379135,293.2503156205771
2017-08-12 21:15:00,2,293.0599911088966,293.1661544515253
2017-08-12 21:30:00,2,292.97862599533846,293.0819521923502
2017-08-12 21:45:00,2,292.90373701333914,293.00018249477586
2017-08-12 22:00:00,2,292.83578249315934,292.9260322603446
2017-08-12 22:15:00,2,292.77521222429846,292.86119166204224
2017-08-12 22:30:00,2,292.7221620993917,292.80487094376286
2017-08-12 22:45:00,2,292.67590430812186,292.7556822290986
2017-08-12 23:00:00,2,292.63512520196485,292.71190053402574
2017-08-12 23:15:00,2,292.5985812269293,292.67222511006264
2017-08-12 23:30:00,2,292.56526896206753,292.635734764095
2017-08-12 23:45:00,2,292.5342022479302,292.6016086188733
2017-08-13 00:00:00,2,292.504451316979,292.5690429492882
2017-08-13 00:15:00,2,292.4753228204664,292.5373615682626
2017-08-13 00:30:00,2,292.4464350960851,292.5061708606963
2017-08-13 00:45:00,2,292.41781933051533,292.4754434635439
2017-08-13 01:00:00,2,292.38975123069247,292.44540363044666
2017-08-13 01:15:00,2,292.36248760534204,292.416411533701
2017-08-13 01:30:00,2,292.3361550120035,292.3886024191435
2017-08-13 01:45:00,2,292.3107222247434,292.36189121903624
2017-08-13 02:00:00,2,292.28606682970997,292.33602859882285
2017-08-13 02:15:00,2,292.26204782634636,292.3108034854714
2017-08-13 02:30:00,2,292.2385774570884,292.28613395627815
2017-08-13 02:45:00,2,292.2157434620876,292.262112635392
2017-08-13 03:00:00,2,292.1937851844468,292.23897024947473
2017-08-13 03:15:00,2,292.17293849878916,292.2169558458744
2017-08-13 03:30:00,2,292.15332435059446,292.1962071661395
2017-08-13 03:45:00,2,292.13488105059156,292.1766787635977
2017-08-13 04:00:00,2,292.1174226414512,292.1581838002446
2017-08-13 04:15:00,2,292.1007560189211,292.14050076997785
2017-08-13 04:30:00,2,292.08471429049024,292.123462134147
2017-08-13 04:45:00,2,292.06919242383844,292.10699031357586
2017-08-13 05:00:00,2,292.05418203542365,292.09107565846784
2017-08-13 05:15:00,2,292.039681148656,292.07573802035967
2017-08-13 05:30:00,2,292.0256659039088,292.0609166453082
2017-08-13 05:45:00,2,292.01222139808783,292.0467037036469
2017-08-13 06:00:00,2,292.0002407326566,292.033911464835
2017-08-13 06:15:00,2,291.9918324198777,292.0244162247746
2017-08-13 06:30:00,2,291.98948597207203,292.02068705210286
2017-08-13 06:45:00,2,291.99516948741285,292.02495534938015
2017-08-13 07:00:00,2,292.0098226319407,292.03828806288004
2017-08-13 07:15:00,2,292.0325629543464,292.0598873878598
2017-08-13 07:30:00,2,292.0611539840199,292.0874935293352
2017-08-13 07:45:00,2,292.0932485556885,292.1185490238821
2017-08-13 08:00:00,2,292.1271599726098,292.15129909335957
2017-08-13 08:15:00,2,292.16178095311005,292.185265121629
2017-08-13 08:30:00,2,292.19645252524504,292.22056354338946
2017-08-13 08:45:00,2,292.232372879859,292.25585943993906
2017-08-13 09:00:00,2,292.27039675689605,292.29269234553203
2017-08-13 09:15:00,2,292.31061894640044,292.3323414096216
2017-08-13 09:30:00,2,292.3533220390592,292.37549753875214
2017-08-13 09:45:00,2,292.3992191005433,292.4228394400421
2017-08-13 10:00:00,2,292.45626209113203,292.4800002238733
2017-08-13 10:15:00,2,292.5288054626574,292.5514083828356
2017-08-13 10:30:00,2,292.61878081563015,292.63893656712133
2017-08-13 10:45:00,2,292.7275751938382,292.7441701857457
2017-08-13 11:00:00,2,292.8480176326819,292.8654759943726
2017-08-13 11:15:00,2,292.9753707276343,292.99507954085374
2017-08-13 11:30:00,2,293.1066473171601,293.1269884122447
2017-08-13 11:45:00,2,293.2390656267307,293.25826531494425
2017-08-13 12:00:00,2,293.3702608256863,293.3874705576609
2017-08-13 12:15:00,2,293.49837990100525,293.5134045425758
2017-08-13 12:30:00,2,293.6213243741677,293.6344998028654
2017-08-13 12:45:00,2,293.737213551381,293.74900472371047
2017-08-13 13:00:00,2,293.84502127506266,293.85554176596986
2017-08-13 13:15:00,2,293.94391453622245,293.9531934037515
2017-08-13 13:30:00,2,294.033616315648,294.04192352872354
2017-08-13 13:45:00,2,294.1156441275079,294.12304990419506
2017-08-13 14:00:00,2,294.19194289314174,294.1985508808353
2017-08-13 14:15:00,2,294.26389221021543,294.2701032799368
2017-08-13 14:30:00,2,294.33215401626956,294.33846065223656
2017-08-13 14:45:00,2,294.39629520603233,294.4032425595091
2017-08-13 15:00:00,2,294.4553302877633,294.46343685760814
2017-08-13 15:15:00,2,294.50850437630874,294.5180681830292
2017-08-13 15:30:00,2,294.55496824112174,294.56617780622264
2017-08-13 15:45:00,2,294.59324124245575,294.60640440539555
2017-08-13 16:00:00,2,294.6214234326668,294.6368401597176
2017-08-13 16:15:00,2,294.6374207624314,294.6552068946678
2017-08-13 16:30:00,2,294.6397663538919,294.6596978184124
2017-08-13 16:45:00,2,294.6285184209937,294.65144155754933
2017-08-13 17:00:00,2,294.60460988950035,294.6320324946583
2017-08-13 17:15:00,2,294.5686120159312,294.60246593841515
2017-08-13 17:30:00,2,294.52032623047,294.56334731735404
2017-08-13 17:45:00,2,294.4629579888107,294.51573974700693
2017-08-13 18:00:00,2,294.4006133992926,294.4610709323669
2017-08-13 18:15:00,2,294.3350374852722,294.4021106504406
2017-08-13 18:30:00,2,294.26695876061666,294.34039033735013
2017-08-13 18:45:00,2,294.196953299697,294.2769787453469
2017-08-13 19:00:00,2,294.1267575362068,294.2097908757569
2017-08-13 19:15:00,2,294.0525482830423,294.13654782002345
2017-08-13 19:30:00,2,293.9721317313945,294.0571693347254
2017-08-13 19:45:00,2,293.8864777250787,293.973129944046
2017-08-13 20:00:00,2,293.79102893941837,293.88354430199456
2017-08-13 20:15:00,2,293.68760626819153,293.7856653765004
2017-08-13 20:30:00,2,293.5820977226357,293.68229663270637
2017-08-13 20:45:00,2,293.4788874490005,293.5789412970136
2017-08-13 21:00:00,2,293.38120611132365,293.4802625466283
2017-08-13 21:15:00,2,293.29100909308505,293.38873627654726
2017-08-13 21:30:00,2,293.20883814588825,293.3049590632179
2017-08-13 21:45:00,2,293.1341990144975,293.2281622871156
2017-08-13 22:00:00,2,293.06907632761295,293.156458090906
2017-08-13 22:15:00,2,293.01157871145784,293.09221746265973
2017-08-13 22:30:00,2,292.9596295970621,293.0355144367752
2017-08-13 22:45:00,2,292.9119458009942,292.9844578331108
2017-08-13 23:00:00,2,292.86771456581556,292.9370882231296
2017-08-13 23:15:00,2,292.8263910291704,292.89243944456496
2017-08-13 23:30:00,2,292.7876051068479,292.85027898720625
2017-08-13 23:45:00,2,292.7511515469168,292.8106056149615
2017-08-14 00:00:00,2,292.7169319621528,292.7733936612159
2017-08-14 00:15:00,2,292.68486249948415,292.73855199488713
2017-08-14 00:30:00,2,292.6548311657582,292.70594155565607
2017-08-14 00:45:00,2,292.62668868641697,292.6753961940168
2017-08-14 01:00:00,2,292.6002668678765,292.64683840374715
2017-08-14 01:15:00,2,292.5754031434401,292.62008718502284
2017-08-14 01:30:00,2,292.5519308690168,292.5948889589629
2017-08-14 01:45:00,2,292.52961348904955,292.5709799027757
2017-08-14 02:00:00,2,292.5081564639885,292.5480664724277
2017-08-14 02:15:00,2,292.4872696930585,292.5257698402642
2017-08-14 02:30:00,2,292.4666970163895,292.50380964127214
2017-08-14 02:45:00,2,292.4462667419312,292.4820349828476
2017-08-14 03:00:00,2,292.42588565805994,292.46039209505983
2017-08-14 03:15:00,2,292.4055289078785,292.43887205788997
2017-08-14 03:30:00,2,292.3851786327709,292.41744726767877
2017-08-14 03:45:00,2,292.36472841277504,292.39602433489483
2017-08-14 04:00:00,2,292.344023545258,292.3744681851441
2017-08-14 04:15:00,2,292.32294532092106,292.3526619932569
2017-08-14 04:30:00,2,292.30145699047154,292.33058151867306
2017-08-14 04:45:00,2,292.27973692272997,292.30835338978034
2017-08-14 05:00:00,2,292.2580851471263,292.28620625165604
2017-08-14 05:15:00,2,292.23673056353425,292.2643577337582
2017-08-14 05:30:00,2,292.21582102361714,292.2429609915073
2017-08-14 05:45:00,2,292.19563811080275,292.22231519069055
2017-08-14 06:00:00,2,292.17723619853365,292.20335670912516
2017-08-14 06:15:00,2,292.16256474985664,292.1878107776389
2017-08-14 06:30:00,2,292.1536401632656,292.1776639377714
2017-08-14 06:45:00,2,292.1516348890333,292.1744850533875
2017-08-14 07:00:00,2,292.15709874931383,292.17904798645486
2017-08-14 07:15:00,2,292.1704531129524,292.1915853111399
2017-08-14 07:30:00,2,292.19197434919573,292.2121865475507
2017-08-14 07:45:00,2,292.22148486440494,292.2406871124418
2017-08-14 08:00:00,2,292.25820595473374,292.27633535274686
2017-08-14 08:15:00,2,292.2999336222297,292.3174576350473
2017-08-14 08:30:00,2,292.34261921706053,292.3611177747244
2017-08-14 08:45:00,2,292.3877341126433,292.4047220872465
2017-08-14 09:00:00,2,292.4348492750581,292.4498527510303
2017-08-14 09:15:00,2,292.48305714132243,292.49741416808143
2017-08-14 09:30:00,2,292.53131141858455,292.5468361003504
2017-08-14 09:45:00,2,292.583844121937,292.6008381103976
2017-08-14 10:00:00,2,292.64388313250106,292.6612857973501
2017-08-14 10:15:00,2,292.7117019633808,292.728557879086
2017-08-14 10:30:00,2,292.7879213272778,292.80253751211177
2017-08-14 10:45:00,2,292.87223139694464,292.8859539873576
2017-08-14 11:00:00,2,292.9611230206157,292.9757177110346
2017-08-14 11:15:00,2,293.05358792692243,293.0689215582342
2017-08-14 11:30:00,2,293.14923042398624,293.16449955049336
2017-08-14 11:45:00,2,293.24826571885586,293.26292105183927
2017-08-14 12:00:00,2,293.3513200288695,293.3651956584612
2017-08-14 12:15:00,2,293.45873769061114,293.4719443265895
2017-08-14 12:30:00,2,293.5697352349938,293.5823039749521
2017-08-14 12:45:00,2,293.6808735016047,293.69301914767965
2017-08-14 13:00:00,2,293.78755164010016,293.7995502299056
2017-08-14 13:15:00,2,293.88673354293655,293.89848036622845
2017-08-14 13:30:00,2,293.9780259331899,293.98914990366205
2017-08-14 13:45:00,2,294.0635211386956,294.07366832277216
2017-08-14 14:00:00,2,294.1461480134045,294.15530474218434
2017-08-14 14:15:00,2,294.2279373948462,294.2365902238498
2017-08-14 14:30:00,2,294.309329116053,294.31807745218555
2017-08-14 14:45:00,2,294.38838239209275,294.3977506924746
2017-08-14 15:00:00,2,294.46108438942855,294.47141244676
2017-08-14 15:15:00,2,294.52244685088107,294.5339549016091
2017-08-14 15:30:00,2,294.5685285249211,294.58133501514766
2017-08-14 15:45:00,2,294.5980523095609,294.61210346892466
2017-08-14 16:00:00,2,294.6120702765452,294.62716746809366
2017-08-14 16:15:00,2,294.61227208674677,294.6280486269969
2017-08-14 16:30:00,2,294.6000792250909,294.61710419984496
2017-08-14 16:45:00,2,294.5766860922987,294.59660142762635
2017-08-14 17:00:00,2,294.54307290763677,294.56768447428516
2017-08-14 17:15:00,2,294.4997074333752,294.5308098999661
2017-08-14 17:30:00,2,294.4472096172312,294.4863473615078
2017-08-14 17:45:00,2,294.3889562578649,294.434777038136
2017-08-14 18:00:00,2,294.3267581789304,294.3783064705768
2017-08-14 18:15:00,2,294.262028280374,294.31913780637893
2017-08-14 18:30:00,2,294.19600566928835,294.2588298263454
2017-08-14 18:45:00,2,294.1306702541673,294.1971980192536
2017-08-14 19:00:00,2,294.06319515033454,294.1307337744015
2017-08-14 19:15:00,2,293.98935014616717,294.0581141831046
2017-08-14 19:30:00,2,293.90987960688756,293.9802016687922
2017-08-14 19:45:00,2,293.82619079775475,293.898857601505
2017-08-14 20:00:00,2,293.73638497669805,293.8138672644227
2017-08-14 20:15:00,2,293.6429614547752,293.72409375849605
2017-08-14 20:30:00,2,293.54988747319027,293.6319516401962
2017-08-14 20:45:00,2,293.45958452429124,293.5409300084642
2017-08-14 21:00:00,2,293.3731021422232,293.4532484875412
2017-08-14 21:15:00,2,293.2905984992641,293.36952600792375
2017-08-14 21:30:00,2,293.2119339095199,293.28946728939104
2017-08-14 21:45:00,2,293.1407042009489,293.21210801832245
2017-08-14 22:00:00,2,293.07688260761756,293.141847608846
2017-08-14 22:15:00,2,293.01915706456145,293.07976349138164
2017-08-14 22:30:00,2,292.96656357442964,293.02422025214497
2017-08-14 22:45:00,2,292.91803123560794,292.97317096919505
2017-08-14 23:00:00,2,292.87241364714157,292.9250820687883
2017-08-14 23:15:00,2,292.8287925213879,292.8789287300276
2017-08-14 23:30:00,2,292.7866586576924,292.83431007009136
2017-08-14 23:45:00,2,292.7461420884487,292.79139535657214
2017-08-15 00:00:00,2,292.7077740254363,292.75069431615793
2017-08-15 00:15:00,2,292.6720459128799,292.71272349212416
2017-08-15 00:30:00,2,292.6391444471377,292.67767702376045
2017-08-15 00:45:00,2,292.60867480664484,292.64522233676854
2017-08-15 01:00:00,2,292.57987561471316,292.6147553261082
2017-08-15 01:15:00,2,292.55203628804463,292.58551832383694
2017-08-15 01:30:00,2,292.52474361236864,292.55699574141966
2017-08-15 01:45:00,2,292.49816439417407,292.52924426966234
2017-08-15 02:00:00,2,292.472855263712,292.5027530420323
2017-08-15 02:15:00,2,292.4493432330941,292.4780251370231
2017-08-15 02:30:00,2,292.4279155643399,292.4553617817082
2017-08-15 02:45:00,2,292.40849649343033,292.4347246363352
2017-08-15 03:00:00,2,292.3907854084054,292.4158279735058
2017-08-15 03:15:00,2,292.3744708322005,292.3983343564263
2017-08-15 03:30:00,2,292.35928120348495,292.3819568659837
2017-08-15 03:45:00,2,292.3449128215581,292.36642103328603
2017-08-15 04:00:00,2,292.33105640674734,292.35144053315844
2017-08-15 04:15:00,2,292.3174390288686,292.3367591930638
2017-08-15 04:30:00,2,292.303831206345,292.3222044190452
2017-08-15 04:45:00,2,292.2902130791676,292.30774320720866
2017-08-15 05:00:00,2,292.2766904186368,292.2934178176707
2017-08-15 05:15:00,2,292.263378204263,292.2793406934243
2017-08-15 05:30:00,2,292.25034567390594,292.2656145413654
2017-08-15 05:45:00,2,292.23775615744177,292.25242921180757
2017-08-15 06:00:00,2,292.22636921852364,292.24044399963407
2017-08-15 06:15:00,2,292.21774627441386,292.2311389699849
2017-08-15 06:30:00,2,292.2137101474521,292.22614063012753
2017-08-15 06:45:00,2,292.2155410718633,292.2267645180269
2017-08-15 07:00:00,2,292.22351798729625,292.23342051984906
2017-08-15 07:15:00,2,292.2366729888966,292.2452623262888
2017-08-15 07:30:00,2,292.2533610915711,292.26065752367083
2017-08-15 07:45:00,2,292.2720923595797,292.27801508596394
2017-08-15 08:00:00,2,292.2920188564594,292.2964986976935
2017-08-15 08:15:00,2,292.3135218876877,292.31640377483404
2017-08-15 08:30:00,2,292.3374801654849,292.33875293995027
2017-08-15 08:45:00,2,292.3645378216767,292.36460945363973
2017-08-15 09:00:00,2,292.39519738417977,292.3948767150745
2017-08-15 09:15:00,2,292.42983402866645,292.43071788522866
2017-08-15 09:30:00,2,292.4714090760664,292.47174137810583
2017-08-15 09:45:00,2,292.52185728549165,292.52094228284625
2017-08-15 10:00:00,2,292.5933922389096,292.59081935069185
2017-08-15 10:15:00,2,292.6900357148415,292.6857665869607
2017-08-15 10:30:00,2,292.80755349977574,292.80107705206376
2017-08-15 10:45:00,2,292.9393716066283,292.93057710432714
2017-08-15 11:00:00,2,293.070731753877,293.06458499594737
2017-08-15 11:15:00,2,293.19775578672835,293.1941570318807
2017-08-15 11:30:00,2,293.3228092281777,293.31891673790966
2017-08-15 11:45:00,2,293.4503649605865,293.44430509479844
2017-08-15 12:00:00,2,293.5836852443067,293.5751903540653
2017-08-15 12:15:00,2,293.72177839080877,293.71172627856356
2017-08-15 12:30:00,2,293.86114453602147,293.85025583247403
2017-08-15 12:45:00,2,293.998502473167,293.98656606768304
2017-08-15 13:00:00,2,294.1314914006881,294.1177895420284
2017-08-15 13:15:00,2,294.2582749105965,294.242308695973
2017-08-15 13:30:00,2,294.3774903654164,294.3592462744549
2017-08-15 13:45:00,2,294.488613522075,294.46831310366724
2017-08-15 14:00:00,2,294.5913464492324,294.56926977553655
2017-08-15 14:15:00,2,294.6843880736128,294.6611212954594
2017-08-15 14:30:00,2,294.76596964955814,294.7422860525295
2017-08-15 14:45:00,2,294.83492611567794,294.8114932856367
2017-08-15 15:00:00,2,294.8910985901358,294.8685148626574
2017-08-15 15:15:00,2,294.9354782806244,294.9142613277923
2017-08-15 15:30:00,2,294.9693332003835,294.9499839925115
2017-08-15 15:45:00,2,294.99320531871155,294.97631208659936
2017-08-15 16:00:00,2,295.00692181685963,294.9929403021341
2017-08-15 16:15:00,2,295.00986091622576,294.998711143922
2017-08-15 16:30:00,2,295.0013746395039,294.9934590621772
2017-08-15 16:45:00,2,294.9811338356122,294.9777943653208
2017-08-15 17:00:00,2,294.9490637801437,294.9518791514741
2017-08-15 17:15:00,2,294.90496660145624,294.9156049756793
2017-08-15 17:30:00,2,294.8484592196475,294.86922196503997
2017-08-15 17:45:00,2,294.783095516352,294.81385522627704
2017-08-15 18:00:00,2,294.71277088870494,294.7512725350953
2017-08-15 18:15:00,2,294.63933412207996,294.6843345262358
2017-08-15 18:30:00,2,294.56376787847825,294.6151977744081
2017-08-15 18:45:00,2,294.48710871750757,294.54517606807923
2017-08-15 19:00:00,2,294.41162918165674,294.4730633236963
2017-08-15 19:15:00,2,294.3338341433092,294.39639725469294
2017-08-15 19:30:00,2,294.25124967137407,294.3149230888233
2017-08-15 19:45:00,2,294.16477654407356,294.2298586212469
2017-08-15 20:00:00,2,294.07534707616117,294.1433663354549
2017-08-15 20:15:00,2,293.98140636134724,294.0543537953051
2017-08-15 20:30:00,2,293.8868712308138,293.9627496757351
2017-08-15 20:45:00,2,293.7949358573196,293.8711579431572
2017-08-15 21:00:00,2,293.7069907468214,293.78223937620726
2017-08-15 21:15:00,2,293.62336966010554,293.6972264714725
2017-08-15 21:30:00,2,293.543907509157,293.61615554348805
2017-08-15 21:45:00,2,293.4682075940739,293.5386110498567
2017-08-15 22:00:00,2,293.3955950133499,293.46413923109293
2017-08-15 22:15:00,2,293.3281971765323,293.39215255286484
2017-08-15 22:30:00,2,293.2671780795595,293.3242197005487
2017-08-15 22:45:00,2,293.21120964948636,293.26261965416234
2017-08-15 23:00:00,2,293.1592844549023,293.2069588678111
2017-08-15 23:15:00,2,293.1107149145801,293.1555924916587
2017-08-15 23:30:00,2,293.06502069982264,293.1072357579621
2017-08-15 23:45:00,2,293.02192291250356,293.0614017335851
2017-08-16 00:00:00,2,292.98129602920056,293.01807377056696
2017-08-16 00:15:00,2,292.9430637312305,292.9773055538318
2017-08-16 00:30:00,2,292.9071550495681,292.9390677037315
2017-08-16 00:45:00,2,292.87353761216053,292.90329323692475
2017-08-16 01:00:00,2,292.8421944711905,292.86992444218305
2017-08-16 01:15:00,2,292.8130575486343,292.8389932059885
2017-08-16 01:30:00,2,292.78597677162276,292.8103497555486
2017-08-16 01:45:00,2,292.76069830872984,292.78367702417364
2017-08-16 02:00:00,2,292.73692037421,292.7586626420125
2017-08-16 02:15:00,2,292.7143762100456,292.7349063339977
2017-08-16 02:30:00,2,292.69285976507535,292.712138339584
2017-08-16 02:45:00,2,292.67221270165305,292.69022315286384
2017-08-16 03:00:00,2,292.65230941722666,292.66907979932637
2017-08-16 03:15:00,2,292.6330475644479,292.64862960043956
2017-08-16 03:30:00,2,292.61426941905233,292.62870910402125
2017-08-16 03:45:00,2,292.5955507076713,292.6089532189305
2017-08-16 04:00:00,2,292.57631439860694,292.58884966618996
2017-08-16 04:15:00,2,292.5560934597997,292.5679288621415
2017-08-16 04:30:00,2,292.53469345036683,292.54597673101387
2017-08-16 04:45:00,2,292.51238177156216,292.5231829256431
2017-08-16 05:00:00,2,292.48974885052775,292.5000606794271
2017-08-16 05:15:00,2,292.46738370389846,292.4771960486725
2017-08-16 05:30:00,2,292.44568904749684,292.45501042422836
2017-08-16 05:45:00,2,292.4247875490971,292.43364574186944
2017-08-16 06:00:00,2,292.40480643692314,292.41327070120246
2017-08-16 06:15:00,2,292.38668113409386,292.39462908151836
2017-08-16 06:30:00,2,292.37182697994916,292.3789631226018
2017-08-16 06:45:00,2,292.36137156540934,292.3674531953471
2017-08-16 07:00:00,2,292.3560155175576,292.3609399658231
2017-08-16 07:15:00,2,292.35623290593577,292.3598207661239
2017-08-16 07:30:00,2,292.3626476225441,292.3645928659421
2017-08-16 07:45:00,2,292.37596207770616,292.3759788617629
2017-08-16 08:00:00,2,292.3968371304562,292.3947731781523
2017-08-16 08:15:00,2,292.4257117574752,292.4214383418391
2017-08-16 08:30:00,2,292.4625331224971,292.45565981396174
2017-08-16 08:45:00,2,292.50500044265357,292.49591089658554
2017-08-16 09:00:00,2,292.5491354028956,292.53978522219035
2017-08-16 09:15:00,2,292.5947424476949,292.583890218438
2017-08-16 09:30:00,2,292.6429007627052,292.63004039255986
2017-08-16 09:45:00,2,292.69423359908455,292.6815040723336
2017-08-16 10:00:00,2,292.756535506833,292.74326769348636
2017-08-16 10:15:00,2,292.8304530621545,292.8164908800574
2017-08-16 10:30:00,2,292.9143094059678,292.8993695181616
2017-08-16 10:45:00,2,293.00800968911216,292.990005303787
2017-08-16 11:00:00,2,293.10944135912985,293.09051236344555
2017-08-16 11:15:00,2,293.21222708763844,293.19489349206367
2017-08-16 11:30:00,2,293.3136411556064,293.2979080525765
2017-08-16 11:45:00,2,293.4134279998366,293.3981026386375
2017-08-16 12:00:00,2,293.5126623140369,293.4968045146279
2017-08-16 12:15:00,2,293.6123951923649,293.5958432578426
2017-08-16 12:30:00,2,293.71321331541947,293.69621147171864
2017-08-16 12:45:00,2,293.8151775515159,293.79790549442146
2017-08-16 13:00:00,2,293.917686780671,293.9000677722438
2017-08-16 13:15:00,2,294.0190494958604,294.0010187229136
2017-08-16 13:30:00,2,294.1167113295817,294.09820447764514
2017-08-16 13:45:00,2,294.2070273426724,294.18824062338183
2017-08-16 14:00:00,2,294.28629230615064,294.2675892379237
2017-08-16 14:15:00,2,294.3513586865113,294.33316507818614
2017-08-16 14:30:00,2,294.40027304774065,294.3832956307498
2017-08-16 14:45:00,2,294.4340312979005,294.4187070133678
2017-08-16 15:00:00,2,294.4554110558915,294.44183634718985
2017-08-16 15:15:00,2,294.4671047548231,294.4555096214875
2017-08-16 15:30:00,2,294.4709616974927,294.4616772765257
2017-08-16 15:45:00,2,294.4675583680945,294.46085254488975
2017-08-16 16:00:00,2,294.45666095500786,294.45258269407014
2017-08-16 16:15:00,2,294.4378622254927,294.4371143622287
2017-08-16 16:30:00,2,294.4113088974336,294.41475639216617
2017-08-16 16:45:00,2,294.3777966378577,294.3859684831976
2017-08-16 17:00:00,2,294.3381119343948,294.3514579415289
2017-08-16 17:15:00,2,294.2928343204504,294.31185097147466
2017-08-16 17:30:00,2,294.24392010556375,294.2678688814844
2017-08-16 17:45:00,2,294.1921549490992,294.220269388675
2017-08-16 18:00:00,2,294.13816949487574,294.1700930996812
2017-08-16 18:15:00,2,294.0827750777915,294.1182910639777
2017-08-16 18:30:00,2,294.02762457691284,294.06530339562255
2017-08-16 18:45:00,2,293.97158041036005,294.0085567613912
2017-08-16 19:00:00,2,293.91003285769267,293.94689150114914
2017-08-16 19:15:00,2,293.8432341102559,293.88099221964114
2017-08-16 19:30:00,2,293.7724773856856,293.8126167597161
2017-08-16 19:45:00,2,293.6966761386877,293.74021214109916
2017-08-16 20:00:00,2,293.6181848597048,293.66372969834936
2017-08-16 20:15:00,2,293.53960170409516,293.585381561965
2017-08-16 20:30:00,2,293.46265236296773,293.5076932065807
2017-08-16 20:45:00,2,293.38779248433883,293.4319760252097
2017-08-16 21:00:00,2,293.31468303122665,293.3581437268063
2017-08-16 21:15:00,2,293.2463918664372,293.28465619564383
2017-08-16 21:30:00,2,293.18297715353617,293.216576504106
2017-08-16 21:45:00,2,293.12344890440676,293.15455428651813
2017-08-16 22:00:00,2,293.0673846607961,293.097033151704
2017-08-16 22:15:00,2,293.0145513214501,293.04271628992956
2017-08-16 22:30:00,2,292.9647266793207,292.9911696738523
2017-08-16 22:45:00,2,292.9177284082033,292.94242979432266
2017-08-16 23:00:00,2,292.87342786577784,292.8966152459998
2017-08-16 23:15:00,2,292.8317050600243,292.85344529637257
2017-08-16 23:30:00,2,292.7924115253529,292.81268451547635
2017-08-16 23:45:00,2,292.75532687712916,292.77413431264785
2017-08-17 00:00:00,2,292.72017399107796,292.7375666704896
2017-08-17 00:15:00,2,292.6866783719566,292.7027292645842
2017-08-17 00:30:00,2,292.65463417556754,292.66953582176365
2017-08-17 00:45:00,2,292.62402018879925,292.6379441932252
2017-08-17 01:00:00,2,292.5949726823889,292.60800344272724
2017-08-17 01:15:00,2,292.56762845865944,292.57972109524945
2017-08-17 01:30:00,2,292.5420171512902,292.55312535901237
2017-08-17 01:45:00,2,292.5180014432922,292.5281399882969
2017-08-17 02:00:00,2,292.4953367159307,292.5045551638451
2017-08-17 02:15:00,2,292.4737797836193,292.48211423520456
2017-08-17 02:30:00,2,292.45314544669327,292.4606144291871
2017-08-17 02:45:00,2,292.4333391402878,292.43995951531656
2017-08-17 03:00:00,2,292.41433279684225,292.4201566410673
2017-08-17 03:15:00,2,292.39611100514026,292.40112882903634
2017-08-17 03:30:00,2,292.3786346724065,292.3828125473374
2017-08-17 03:45:00,2,292.36180423181736,292.3651321119007
2017-08-17 04:00:00,2,292.3454795137007,292.3479750051545
2017-08-17 04:15:00,2,292.329530480361,292.3312158293326
2017-08-17 04:30:00,2,292.3138564784301,292.3147495154642
2017-08-17 04:45:00,2,292.2983818048394,292.29850209375
2017-08-17 05:00:00,2,292.28305017353796,292.28242384769914
2017-08-17 05:15:00,2,292.26782100756975,292.2664808164588
2017-08-17 05:30:00,2,292.2526730416952,292.2506548185992
2017-08-17 05:45:00,2,292.23763405346267,292.2349717835161
2017-08-17 06:00:00,2,292.2231383349182,292.21991808290244
2017-08-17 06:15:00,2,292.21100385788674,292.20700342122296
2017-08-17 06:30:00,2,292.20350610117015,292.1982711066801
2017-08-17 06:45:00,2,292.2021051661436,292.1952840141155
2017-08-17 07:00:00,2,292.2071507454183,292.1986662709861
2017-08-17 07:15:00,2,292.2184683883617,292.2083507089607
2017-08-17 07:30:00,2,292.23564410044537,292.22383922555497
2017-08-17 07:45:00,2,292.25794909970534,292.2443595671775
2017-08-17 08:00:00,2,292.28442487024085,292.26898227863376
2017-08-17 08:15:00,2,292.3140809888565,292.296761973205
2017-08-17 08:30:00,2,292.3457389934824,292.3270033654697
2017-08-17 08:45:00,2,292.37903391592,292.3594223101764
2017-08-17 09:00:00,2,292.4131128701306,292.39369892266785
2017-08-17 09:15:00,2,292.448279669779,292.4279430693208
2017-08-17 09:30:00,2,292.4847324390954,292.46285377741333
2017-08-17 09:45:00,2,292.5211860609676,292.49852980260226
2017-08-17 10:00:00,2,292.5569555102635,292.53468178609285
2017-08-17 10:15:00,2,292.5925498361558,292.571710163359
2017-08-17 10:30:00,2,292.63034086586106,292.6112301478987
2017-08-17 10:45:00,2,292.6768155402585,292.6580400482635
2017-08-17 11:00:00,2,292.73439286651643,292.71513817814304
2017-08-17 11:15:00,2,292.802456092303,292.78234967698984
2017-08-17 11:30:00,2,292.88003857341613,292.8577025675535
2017-08-17 11:45:00,2,292.9627831779621,292.94079211023427
2017-08-17 12:00:00,2,293.04530893737103,293.02570339634593
2017-08-17 12:15:00,2,293.12516864688746,293.1076007773381
2017-08-17 12:30:00,2,293.20118476582644,293.1846088893635
2017-08-17 12:45:00,2,293.27321279255096,293.25698869601587
2017-08-17 13:00:00,2,293.34166089608976,293.3256787731346
2017-08-17 13:15:00,2,293.4068915676744,293.3913571938968
2017-08-17 13:30:00,2,293.4690229069688,293.45418954555856
2017-08-17 13:45:00,2,293.5278527758684,293.513939897497
2017-08-17 14:00:00,2,293.58307946799556,293.5702676497038
2017-08-17 14:15:00,2,293.634597110469,293.62300199996014
2017-08-17 14:30:00,2,293.6825011779003,293.67220634551165
2017-08-17 14:45:00,2,293.7270141510244,293.7181051498979
2017-08-17 15:00:00,2,293.76841729212873,293.76099396407324
2017-08-17 15:15:00,2,293.8068924653502,293.800979015294
2017-08-17 15:30:00,2,293.84198531712343,293.8376742447399
2017-08-17 15:45:00,2,293.8728617282971,293.8703200931511
2017-08-17 16:00:00,2,293.8987196216073,293.89801562680327
2017-08-17 16:15:00,2,293.9185288253137,293.91966057262056
2017-08-17 16:30:00,2,293.9312179749803,293.9341887744981
2017-08-17 16:45:00,2,293.93604746795233,293.94063688387
2017-08-17 17:00:00,2,293.9327098084648,293.9392521331995
2017-08-17 17:15:00,2,293.9213533562624,293.93048090828125
2017-08-17 17:30:00,2,293.90235621914013,293.9147808316718
2017-08-17 17:45:00,2,293.8760803955058,293.8925623772973
2017-08-17 18:00:00,2,293.8429519698173,293.8643065068666
2017-08-17 18:15:00,2,293.804881650398,293.83053990524206
2017-08-17 18:30:00,2,293.7628535930208,293.7923683199252
2017-08-17 18:45:00,2,293.7177557363114,293.75134984772217
2017-08-17 19:00:00,2,293.6717360628386,293.7068806437019
2017-08-17 19:15:00,2,293.6222367456277,293.65757088047815
2017-08-17 19:30:00,2,293.5673867144062,293.6035848862258
2017-08-17 19:45:00,2,293.5083717450141,293.5462804641399
2017-08-17 20:00:00,2,293.4436437038456,293.4856114682942
2017-08-17 20:15:00,2,293.37561856140735,293.4209316120028
2017-08-17 20:30:00,2,293.30718600815806,293.35381628262536
2017-08-17 20:45:00,2,293.2398406414981,293.2864329685746
2017-08-17 21:00:00,2,293.1739190175085,293.2200338155347
2017-08-17 21:15:00,2,293.1090648327401,293.15477754622736
2017-08-17 21:30:00,2,293.0461122714452,293.0902342265434
2017-08-17 21:45:00,2,292.98775610448877,293.0268186908898
2017-08-17 22:00:00,2,292.93346367876615,292.96777731775825
2017-08-17 22:15:00,2,292.88266300914876,292.91382908777456
2017-08-17 22:30:00,2,292.8349926916951,292.86399303460973
2017-08-17 22:45:00,2,292.7902163913064,292.81724980931875
2017-08-17 23:00:00,2,292.74815541119835,292.77316485358676
2017-08-17 23:15:00,2,292.7086400612961,292.73172850519035
2017-08-17 23:30:00,2,292.6714918242453,292.69272532209385
2017-08-17 23:45:00,2,292.63651383420853,292.6559404873202
2017-08-18 00:00:00,2,292.6035056809187,292.6211828633149
2017-08-18 00:15:00,2,292.5722839641445,292.58828394478826
2017-08-18 00:30:00,2,292.5426922531228,292.5572052341647
2017-08-18 00:45:00,2,292.51461140305554,292.52782359834674
2017-08-18 01:00:00,2,292.4879465317807,292.499963778367
2017-08-18 01:15:00,2,292.4626070907255,292.4734931907523
2017-08-18 01:30:00,2,292.4384925596811,292.44832753432695
2017-08-18 01:45:00,2,292.41546891366806,292.4243277888798
2017-08-18 02:00:00,2,292.39338590761247,292.4012831693272
2017-08-18 02:15:00,2,292.37211143809776,292.3790447556729
2017-08-18 02:30:00,2,292.3515532659975,292.3575408780224
2017-08-18 02:45:00,2,292.33168985697654,292.33676528220434
2017-08-18 03:00:00,2,292.3125442296654,292.3167485467718
2017-08-18 03:15:00,2,292.294132666433,292.2975278397956
2017-08-18 03:30:00,2,292.27643628061867,292.27907648256837
2017-08-18 03:45:00,2,292.2593719525409,292.2612586822487
2017-08-18 04:00:00,2,292.2428190448099,292.243942956733
2017-08-18 04:15:00,2,292.22666874137826,292.22703019843493
2017-08-18 04:30:00,2,292.2108453194913,292.21045888192333
2017-08-18 04:45:00,2,292.19531567028827,292.1942013272201
2017-08-18 05:00:00,2,292.18007241909686,292.178250217558
2017-08-18 05:15:00,2,292.1651106602811,292.1626017505395
2017-08-18 05:30:00,2,292.1504219665659,292.14724818675467
2017-08-18 05:45:00,2,292.1360029945523,292.13218495871195
2017-08-18 06:00:00,2,292.121904990509,292.11746793731913
2017-08-18 06:15:00,2,292.108354821512,292.1032836687509
2017-08-18 06:30:00,2,292.0956389631892,292.0898879985107
2017-08-18 06:45:00,2,292.0839438401996,292.077482445236
2017-08-18 07:00:00,2,292.07342286883085,292.0662385133601
2017-08-18 07:15:00,2,292.06445728260775,292.0564590095436
2017-08-18 07:30:00,2,292.05757714501715,292.0486702342264
2017-08-18 07:45:00,2,292.053131323437,292.043190289531
2017-08-18 08:00:00,2,292.05129508333323,292.0402303113069
2017-08-18 08:15:00,2,292.05274230470303,292.0403271783535
2017-08-18 08:30:00,2,292.0584649186402,292.04441000563884
2017-08-18 08:45:00,2,292.0694390399134,292.05347913419297
2017-08-18 09:00:00,2,292.08641745464706,292.06830310281623
2017-08-18 09:15:00,2,292.1099408895645,292.08944625474106
2017-08-18 09:30:00,2,292.14035262157074,292.11707096677463
2017-08-18 09:45:00,2,292.17699653587954,292.1508392569428
2017-08-18 10:00:00,2,292.2179215773177,292.18963411689674
2017-08-18 10:15:00,2,292.2598617453112,292.2305244765787
2017-08-18 10:30:00,2,292.3027630890792,292.2716774057192
2017-08-18 10:45:00,2,292.345070841294,292.31375967387817
2017-08-18 11:00:00,2,292.39033058336565,292.3596388565227
2017-08-18 11:15:00,2,292.4390081427028,292.4093572095171
2017-08-18 11:30:00,2,292.4896513041646,292.46125745698674
2017-08-18 11:45:00,2,292.5415773683875,292.5140747108647
2017-08-18 12:00:00,2,292.59481653222593,292.5674528584479
2017-08-18 12:15:00,2,292.6496789584556,292.62126622300025
2017-08-18 12:30:00,2,292.7041410024597,292.67644286438093
2017-08-18 12:45:00,2,292.75463133618837,292.7295427569365
2017-08-18 13:00:00,2,292.79985829459724,292.7777332767898
2017-08-18 13:15:00,2,292.8400430740507,292.82035084513825
2017-08-18 13:30:00,2,292.876155914094,292.85819556202495
2017-08-18 13:45:00,2,292.9090206888298,292.89245803941736
2017-08-18 14:00:00,2,292.93928669129707,292.9242024733119
2017-08-18 14:15:00,2,292.968266750643,292.95471175805955
2017-08-18 14:30:00,2,292.9979706482419,292.98564193204396
2017-08-18 14:45:00,2,293.0299052587692,293.01857164259707
2017-08-18 15:00:00,2,293.0639226742157,293.05349716686464
2017-08-18 15:15:00,2,293.0964440424028,293.0873450037908
2017-08-18 15:30:00,2,293.1218474333831,293.11488883905906
2017-08-18 15:45:00,2,293.1353194633046,293.1310920235529
2017-08-18 16:00:00,2,293.13487574233307,293.1337028625486
2017-08-18 16:15:00,2,293.1231330198625,293.1245569433043
2017-08-18 16:30:00,2,293.1051565349223,293.108016155481
2017-08-18 16:45:00,2,293.0854365996239,293.08927805526304
2017-08-18 17:00:00,2,293.0667012460048,293.07174432744563
2017-08-18 17:15:00,2,293.04970736994454,293.05639441482157
2017-08-18 17:30:00,2,293.0339039471168,293.04247731307373
2017-08-18 17:45:00,2,293.01804963415697,293.02869104187226
2017-08-18 18:00:00,2,293.00131599698284,293.01438202358145
2017-08-18 18:15:00,2,292.9836767455233,292.99747886579576
2017-08-18 18:30:00,2,292.963253161278,292.97652090427215
2017-08-18 18:45:00,2,292.9378429599297,292.95064266889494
2017-08-18 19:00:00,2,292.9067073105039,292.91962336492645
2017-08-18 19:15:00,2,292.8697606648384,292.8842535383447
2017-08-18 19:30:00,2,292.8258462191446,292.8427351216028
2017-08-18 19:45:00,2,292.7761990551552,292.79513185665235
2017-08-18 20:00:00,2,292.7230929239442,292.743129208515
2017-08-18 20:15:00,2,292.66927226609477,292.6885503037677
2017-08-18 20:30:00,2,292.6183845015255,292.63422307652576
2017-08-18 20:45:00,2,292.57060243286753,292.5834528101907
2017-08-18 21:00:00,2,292.5256658459803,292.5369078020601
2017-08-18 21:15:00,2,292.48339441686164,292.49375317470196
2017-08-18 21:30:00,2,292.44365585754656,292.4531643812713
2017-08-18 21:45:00,2,292.4063451180232,292.4148447831238
2017-08-18 22:00:00,2,292.37139361039567,292.3788680908406
2017-08-18 22:15:00,2,292.3387510651051,292.3452370890529
2017-08-18 22:30:00,2,292.30833224016834,292.3139362448201
2017-08-18 22:45:00,2,292.2799250711398,292.2847501762774
2017-08-18 23:00:00,2,292.2532146228734,292.2573082884177
2017-08-18 23:15:00,2,292.2278976142956,292.2312583506991
2017-08-18 23:30:00,2,292.2037577466866,292.2063665659872
2017-08-18 23:45:00,2,292.1806815488227,292.1825273773093
2017-08-19 00:00:00,2,292.1586167533842,292.15971863643404
2017-08-19 00:15:00,2,292.13752732802305,292.1379453604794
2017-08-19 00:30:00,2,292.1173734371375,292.1171092361381
2017-08-19 00:45:00,2,292.09810762791716,292.0971441602034
2017-08-19 01:00:00,2,292.07967686837145,292.0780177863685
2017-08-19 01:15:00,2,292.0620240472775,292.0597080852391
2017-08-19 01:30:00,2,292.0450112949574,292.04204380297176
2017-08-19 01:45:00,2,292.02816838661454,292.024556558345
2017-08-19 02:00:00,2,292.01078514300815,292.0065897906942
2017-08-19 02:15:00,2,291.9922397925447,291.9875248158753
2017-08-19 02:30:00,2,291.9721967863203,291.96701531586945
2017-08-19 02:45:00,2,291.95077843071346,291.94514619026694
2017-08-19 03:00:00,2,291.9284484635573,291.922356967044
2017-08-19 03:15:00,2,291.9057182930884,291.8991975752473
2017-08-19 03:30:00,2,291.8830518008078,291.8761865058209
2017-08-19 03:45:00,2,291.8610056475499,291.85384894732783
2017-08-19 04:00:00,2,291.8401715023143,291.8327128931031
2017-08-19 04:15:00,2,291.82099333967477,291.8132075153495
2017-08-19 04:30:00,2,291.80368952128856,291.7955410681751
2017-08-19 04:45:00,2,291.7881893182008,291.7796364864383
2017-08-19 05:00:00,2,291.7742208546432,291.76520784176273
2017-08-19 05:15:00,2,291.76148574002315,291.7519232666102
2017-08-19 05:30:00,2,291.74976848834916,291.7395561333942
2017-08-19 05:45:00,2,291.739028799181,291.72806659888613
2017-08-19 06:00:00,2,291.7297877836542,291.7180567082785
2017-08-19 06:15:00,2,291.7243166853582,291.71143032838853
2017-08-19 06:30:00,2,291.7255494718202,291.7107692048039
2017-08-19 06:45:00,2,291.734874577486,291.7179353658866
2017-08-19 07:00:00,2,291.7520727424636,291.73304062264424
2017-08-19 07:15:00,2,291.77548046971117,291.75445635793983
2017-08-19 07:30:00,2,291.8029492418642,291.7798909147272
2017-08-19 07:45:00,2,291.8330388931964,291.8076143344864
2017-08-19 08:00:00,2,291.86488947474913,291.83720545232546
2017-08-19 08:15:00,2,291.8990607500404,291.8698289130802
2017-08-19 08:30:00,2,291.9362343126217,291.9071635438793
2017-08-19 08:45:00,2,291.97748664005314,291.9480376701834
2017-08-19 09:00:00,2,292.02432492042266,291.99481309331486
2017-08-19 09:15:00,2,292.08547809340763,292.0561311557003
2017-08-19 09:30:00,2,292.1658794466755,292.1368065161187
2017-08-19 09:45:00,2,292.2678507070611,292.2386733945679
2017-08-19 10:00:00,2,292.39610364909214,292.36340305637975
2017-08-19 10:15:00,2,292.5450286674043,292.51333564389245
2017-08-19 10:30:00,2,292.70456724695725,292.6768712172773
2017-08-19 10:45:00,2,292.86716309506016,292.84165450320364
2017-08-19 11:00:00,2,293.02636859272957,293.0002607452102
2017-08-19 11:15:00,2,293.1781240638558,293.14988858299984
2017-08-19 11:30:00,2,293.3209224825056,293.2903884261787
2017-08-19 11:45:00,2,293.4556089784248,293.4230636553608
2017-08-19 12:00:00,2,293.5838153618075,293.54952775793083
2017-08-19 12:15:00,2,293.7061744738058,293.67056877476284
2017-08-19 12:30:00,2,293.82249406433516,293.78604134701
2017-08-19 12:45:00,2,293.9326316888631,293.8955535070809
2017-08-19 13:00:00,2,294.0362361314416,293.99848410770113
2017-08-19 13:15:00,2,294.13160342943604,294.09335228545
2017-08-19 13:30:00,2,294.2164716917665,294.17807176737824
2017-08-19 13:45:00,2,294.2893579503746,294.25113040239796
2017-08-19 14:00:00,2,294.35019507591943,294.31229064473723
2017-08-19 14:15:00,2,294.39932718031304,294.36200081381713
2017-08-19 14:30:00,2,294.4364818152507,294.40014293992095
2017-08-19 14:45:00,2,294.46012707574874,294.42555091594267
2017-08-19 15:00:00,2,294.469453672895,294.43730296110715
2017-08-19 15:15:00,2,294.4657290053005,294.43611414233703
2017-08-19 15:30:00,2,294.45167849179444,294.4245290382667
2017-08-19 15:45:00,2,294.4316763246128,294.406445978143
2017-08-19 16:00:00,2,294.4095084343976,294.38535092023096
2017-08-19 16:15:00,2,294.38505734063875,294.3625110198751
2017-08-19 16:30:00,2,294.35493033905965,294.33527198732855
2017-08-19 16:45:00,2,294.31469383946,294.2990378325558
2017-08-19 17:00:00,2,294.26160936571205,294.2506848002281
2017-08-19 17:15:00,2,294.1968198377316,294.1908471865675
2017-08-19 17:30:00,2,294.12354432464815,294.12281815699504
2017-08-19 17:45:00,2,294.04597911307576,294.0510970908767
2017-08-19 18:00:00,2,293.9679090026342,293.9787567012111
2017-08-19 18:15:00,2,293.8904211445093,293.9067937614922
2017-08-19 18:30:00,2,293.8136367170327,293.8351017483878
2017-08-19 18:45:00,2,293.73834480929276,293.7635446888489
2017-08-19 19:00:00,2,293.6657746784898,293.6926110579924
2017-08-19 19:15:00,2,293.5950546613041,293.6239020337586
2017-08-19 19:30:00,2,293.52204853804335,293.5518979901526
2017-08-19 19:45:00,2,293.44586654830135,293.4755549876736
2017-08-19 20:00:00,2,293.36963838302364,293.39790949164467
2017-08-19 20:15:00,2,293.2964276482962,293.3228926720827
2017-08-19 20:30:00,2,293.22827068411664,293.2531417578631
2017-08-19 20:45:00,2,293.1658076629829,293.1894330545163
2017-08-19 21:00:00,2,293.1085904882747,293.13121015398247
2017-08-19 21:15:00,2,293.05575020480467,293.0774214868667
2017-08-19 21:30:00,2,293.006488660837,293.02716548837077
2017-08-19 21:45:00,2,292.96045176067696,292.9800265597139
2017-08-19 22:00:00,2,292.91760744101725,292.9360322721401
2017-08-19 22:15:00,2,292.87905838336883,292.8954210968323
2017-08-19 22:30:00,2,292.846004369706,292.85896572660914
2017-08-19 22:45:00,2,292.8175041640791,292.8275317196564
2017-08-19 23:00:00,2,292.79228819213427,292.8004517511242
2017-08-19 23:15:00,2,292.7692824807474,292.77634342841475
2017-08-19 23:30:00,2,292.74777892397145,292.75409680442226
2017-08-19 23:45:00,2,292.7275632546576,292.7332187301877
2017-08-20 00:00:00,2,292.70873907223955,292.7136416934369
2017-08-20 00:15:00,2,292.69143129359844,292.6954458538497
2017-08-20 00:30:00,2,292.6755961966215,292.6786358103252
2017-08-20 00:45:00,2,292.66079277490235,292.66289904068753
2017-08-20 01:00:00,2,292.64632242908954,292.6476430735381
2017-08-20 01:15:00,2,292.63156391761834,292.6322437732724
2017-08-20 01:30:00,2,292.61617031438243,292.6163169370733
2017-08-20 01:45:00,2,292.6002127246103,292.59986859417205
2017-08-20 02:00:00,2,292.58405474109463,292.5832156022537
2017-08-20 02:15:00,2,292.56808744280283,292.5667645112039
2017-08-20 02:30:00,2,292.5525057836415,292.5507221400258
2017-08-20 02:45:00,2,292.5369978553975,292.53485448905724
2017-08-20 03:00:00,2,292.52087243136253,292.51855103906064
2017-08-20 03:15:00,2,292.5034613870954,292.5011253990552
2017-08-20 03:30:00,2,292.4844378412357,292.48221558312446
2017-08-20 03:45:00,2,292.46425888542825,292.4621299842076
2017-08-20 04:00:00,2,292.44396918859,292.4417638220397
2017-08-20 04:15:00,2,292.42458008117825,292.42215371706664
2017-08-20 04:30:00,2,292.40673501381127,292.4040275757424
2017-08-20 04:45:00,2,292.39056360531845,292.38758963895503
2017-08-20 05:00:00,2,292.37583651938525,292.3726305450843
2017-08-20 05:15:00,2,292.36224094672457,292.3587972825568
2017-08-20 05:30:00,2,292.3495251473012,292.34581495716816
2017-08-20 05:45:00,2,292.3375684807536,292.3335244320467
2017-08-20 06:00:00,2,292.32646226268355,292.3220110102422
2017-08-20 06:15:00,2,292.3167489138063,292.3117559297708
2017-08-20 06:30:00,2,292.30918146376604,292.3035753628795
2017-08-20 06:45:00,2,292.30442949529095,292.29813129505095
2017-08-20 07:00:00,2,292.303282584259,292.2961114415908
2017-08-20 07:15:00,2,292.3074351753969,292.29890202268894
2017-08-20 07:30:00,2,292.3190233151497,292.3082515509118
2017-08-20 07:45:00,2,292.3388196999727,292.32523234297673
2017-08-20 08:00:00,2,292.3654200969965,292.34926967123033
2017-08-20 08:15:00,2,292.39597236976834,292.3780160080223
2017-08-20 08:30:00,2,292.4264250443879,292.4080806735986
2017-08-20 08:45:00,2,292.4549389097391,292.435650098623
2017-08-20 09:00:00,2,292.48256582208796,292.4632552557683
2017-08-20 09:15:00,2,292.5110821598787,292.4922329724981
2017-08-20 09:30:00,2,292.5399984082144,292.5221081115179
2017-08-20 09:45:00,2,292.56853358502394,292.55165552712816
2017-08-20 10:00:00,2,292.59597543828596,292.579879299208
2017-08-20 10:15:00,2,292.6215647574342,292.60609940077325
2017-08-20 10:30:00,2,292.6446350236077,292.6298620310181
2017-08-20 10:45:00,2,292.6650958945438,292.65106564110715
2017-08-20 11:00:00,2,292.68359725543127,292.6700869637181
2017-08-20 11:15:00,2,292.7004152836572,292.68788629740146
2017-08-20 11:30:00,2,292.7159221756853,292.7046822608097
2017-08-20 11:45:00,2,292.7305574578142,292.7205650215982
2017-08-20 12:00:00,2,292.7444886165163,292.7355943343738
2017-08-20 12:15:00,2,292.75760261714646,292.7497159612231
2017-08-20 12:30:00,2,292.76969280587804,292.7627461201038
2017-08-20 12:45:00,2,292.78082831426855,292.7726532099872
2017-08-20 13:00:00,2,292.7914338806602,292.77531980626156
2017-08-20 13:15:00,2,292.80224711141506,292.77046361677884
2017-08-20 13:30:00,2,292.81400760126735,292.75651323712697
2017-08-20 13:45:00,2,292.82677279213306,292.73723696008705
2017-08-20 14:00:00,2,292.83968556579975,292.7187619967991
2017-08-20 14:15:00,2,292.85121928415816,292.70626881036833
2017-08-20 14:30:00,2,292.8599329386617,292.7001768540368
2017-08-20 14:45:00,2,292.86538330445035,292.69923433449935
2017-08-20 15:00:00,2,292.86807541811436,292.7014138966516
2017-08-20 15:15:00,2,292.86908345392806,292.7055401431484
2017-08-20 15:30:00,2,292.86964861280717,292.711338008956
2017-08-20 15:45:00,2,292.8707994208716,292.71886082893457
2017-08-20 16:00:00,2,292.87310916041156,292.7280712772069
2017-08-20 16:15:00,2,292.8762786660684,292.7384313872864
2017-08-20 16:30:00,2,292.879284427005,292.7488464597378
2017-08-20 16:45:00,2,292.8810035650059,292.7579463617629
2017-08-20 17:00:00,2,292.8806807073614,292.7638580734131
2017-08-20 17:15:00,2,292.87831273118417,292.7644297991801
2017-08-20 17:30:00,2,292.8743631434432,292.75978634329
2017-08-20 17:45:00,2,292.86923569557945,292.7503074297325
2017-08-20 18:00:00,2,292.8631948616595,292.73766662308674
2017-08-20 18:15:00,2,292.8567842895857,292.7245564076491
2017-08-20 18:30:00,2,292.8507656115979,292.71275794884036
2017-08-20 18:45:00,2,292.84577159075934,292.70211166998126
2017-08-20 19:00:00,2,292.8420614829067,292.6916419445954
2017-08-20 19:15:00,2,292.8392448604338,292.6801537590571
2017-08-20 19:30:00,2,292.8359685354584,292.6672369718323
2017-08-20 19:45:00,2,292.83013087829,292.65294061248073
2017-08-20 20:00:00,2,292.8202584974439,292.6375013696095
2017-08-20 20:15:00,2,292.8062377894555,292.6211017898645
2017-08-20 20:30:00,2,292.78771166234776,292.60357801262387
2017-08-20 20:45:00,2,292.76487120916323,292.5849345693135
2017-08-20 21:00:00,2,292.7394347657653,292.565604541726
2017-08-20 21:15:00,2,292.71313308688923,292.54626729934773
2017-08-20 21:30:00,2,292.6870140327453,292.5275299003167
2017-08-20 21:45:00,2,292.6625948409151,292.50973442878967
2017-08-20 22:00:00,2,292.6400822590287,292.49295928716134
2017-08-20 22:15:00,2,292.6191777366311,292.4771308997555
2017-08-20 22:30:00,2,292.59960188162927,292.4621386250296
2017-08-20 22:45:00,2,292.5811575300575,292.4479050511136
2017-08-20 23:00:00,2,292.5637170831239,292.43435921493375
2017-08-20 23:15:00,2,292.5471927311626,292.4214415028357
2017-08-20 23:30:00,2,292.5315048594935,292.40910077469863
2017-08-20 23:45:00,2,292.5165376895438,292.39726137236676
2017-08-21 00:00:00,2,292.5021509147971,292.385825948683
2017-08-21 00:15:00,2,292.4882214963687,292.3749628279172
2017-08-21 00:30:00,2,292.47461188753516,292.3651000374399
2017-08-21 00:45:00,2,292.461017481111,292.3559856787271
2017-08-21 01:00:00,2,292.44700805947315,292.3465820994275
2017-08-21 01:15:00,2,292.43219883010164,292.3357748618425
2017-08-21 01:30:00,2,292.4163838908727,292.32306069893735
2017-08-21 01:45:00,2,292.39970869286975,292.30865325361447
2017-08-21 02:00:00,2,292.38258541325564,292.2931826877465
2017-08-21 02:15:00,2,292.3654459386239,292.27732269700203
2017-08-21 02:30:00,2,292.34862321380115,292.2615849501836
2017-08-21 02:45:00,2,292.3323659482895,292.2463016249853
2017-08-21 03:00:00,2,292.31685879367916,292.2316779793132
2017-08-21 03:15:00,2,292.3022190146329,292.2178336816817
2017-08-21 03:30:00,2,292.2884882355501,292.2048071675467
2017-08-21 03:45:00,2,292.2755999110438,292.19254420668193
2017-08-21 04:00:00,2,292.26341866695344,292.1809245023937
2017-08-21 04:15:00,2,292.2518107293626,292.169815368803
2017-08-21 04:30:00,2,292.2406630022216,292.15910189102993
2017-08-21 04:45:00,2,292.22986743631185,292.14867768718403
2017-08-21 05:00:00,2,292.2193066657809,292.1384298311918
2017-08-21 05:15:00,2,292.2088481949183,292.1282415559105
2017-08-21 05:30:00,2,292.1984028112292,292.1180376607921
2017-08-21 05:45:00,2,292.18801391272194,292.1078563689653
2017-08-21 06:00:00,2,292.1782087082285,292.0982718293595
2017-08-21 06:15:00,2,292.1709897674587,292.0909918068229
2017-08-21 06:30:00,2,292.16895826648243,292.0884259830919
2017-08-21 06:45:00,2,292.17391758776284,292.0926538495013
2017-08-21 07:00:00,2,292.1867323026157,292.104640498478
2017-08-21 07:15:00,2,292.20692335991674,292.1240523218119
2017-08-21 07:30:00,2,292.23298230992856,292.14941687148826
2017-08-21 07:45:00,2,292.26139460772947,292.17822098902434
2017-08-21 08:00:00,2,292.2909337718996,292.2070866235562
2017-08-21 08:15:00,2,292.3216435868126,292.23635552903016
2017-08-21 08:30:00,2,292.3526122937066,292.26803457708843
2017-08-21 08:45:00,2,292.3860202956981,292.3030811181362
2017-08-21 09:00:00,2,292.4229679178969,292.34177136418253
2017-08-21 09:15:00,2,292.4654233098061,292.38526158635597
2017-08-21 09:30:00,2,292.51718680682734,292.4363910813267
2017-08-21 09:45:00,2,292.58258767561284,292.5011421421023
2017-08-21 10:00:00,2,292.66207043020864,292.5806847923537
2017-08-21 10:15:00,2,292.75405516690194,292.67300995869
2017-08-21 10:30:00,2,292.8544492068107,292.77368130794986
2017-08-21 10:45:00,2,292.9581621549651,292.87727271908085
2017-08-21 11:00:00,2,293.0612301632668,292.97992628437765
2017-08-21 11:15:00,2,293.16448509267263,293.0818943344505
2017-08-21 11:30:00,2,293.27192711635615,293.1868012381704
2017-08-21 11:45:00,2,293.3867872247208,293.29846391199817
2017-08-21 12:00:00,2,293.5094376059196,293.4178631879797
2017-08-21 12:15:00,2,293.6366468437729,293.54215041505137
2017-08-21 12:30:00,2,293.76366520911563,293.666289071546
2017-08-21 12:45:00,2,293.8862709341102,293.7856697841424
2017-08-21 13:00:00,2,294.00194857460764,293.89759018606355
2017-08-21 13:15:00,2,294.1090924418301,294.000808401843
2017-08-21 13:30:00,2,294.20676124150964,294.0949559736046
2017-08-21 13:45:00,2,294.29547267322766,294.18062531464915
2017-08-21 14:00:00,2,294.3763985945642,294.25898255111593
2017-08-21 14:15:00,2,294.45024603676586,294.3309529313528
2017-08-21 14:30:00,2,294.51699297351297,294.39661934964255
2017-08-21 14:45:00,2,294.57564083311206,294.45507056640594
2017-08-21 15:00:00,2,294.62487956242825,294.5049363975808
2017-08-21 15:15:00,2,294.66370548634336,294.5450538578872
2017-08-21 15:30:00,2,294.6915755319791,294.57477442591806
2017-08-21 15:45:00,2,294.70835876942033,294.59392084719445
2017-08-21 16:00:00,2,294.7141956436674,294.6025326853738
2017-08-21 16:15:00,2,294.70915624880644,294.600579204325
2017-08-21 16:30:00,2,294.6934290813941,294.5879543330106
2017-08-21 16:45:00,2,294.6676767863285,294.5653720115155
2017-08-21 17:00:00,2,294.63269546364455,294.5347282693649
2017-08-21 17:15:00,2,294.5889241506411,294.4968705269084
2017-08-21 17:30:00,2,294.536542864489,294.4518739007337
2017-08-21 17:45:00,2,294.47565371190336,294.399850643248
2017-08-21 18:00:00,2,294.40684996716794,294.34162878907455
2017-08-21 18:15:00,2,294.33468644673326,294.2787447316868
2017-08-21 18:30:00,2,294.2618757118889,294.21332855360805
2017-08-21 18:45:00,2,294.18921238751517,294.1474012534295
2017-08-21 19:00:00,2,294.11682222818627,294.08150221424347
2017-08-21 19:15:00,2,294.0449227038471,294.0154635635292
2017-08-21 19:30:00,2,293.9742943305001,293.94947691060014
2017-08-21 19:45:00,2,293.9071835366382,293.8833376623797
2017-08-21 20:00:00,2,293.83602714580246,293.81574243023783
2017-08-21 20:15:00,2,293.7570668843855,293.7411684488332
2017-08-21 20:30:00,2,293.6736650597461,293.66008146256087
2017-08-21 20:45:00,2,293.5890506473228,293.5759825010616
2017-08-21 21:00:00,2,293.50505295323114,293.4918840070857
2017-08-21 21:15:00,2,293.4225840221732,293.40917321816903
2017-08-21 21:30:00,2,293.34190419709125,293.3280058067865
2017-08-21 21:45:00,2,293.26257899660146,293.2478881912424
2017-08-21 22:00:00,2,293.1836653228288,293.16805228247875
2017-08-21 22:15:00,2,293.1041939184859,293.0876186530982
2017-08-21 22:30:00,2,293.02751334975306,293.00541546316134
2017-08-21 22:45:00,2,292.9542143206361,292.92589089153574
2017-08-21 23:00:00,2,292.88364017066857,292.8511555900855
2017-08-21 23:15:00,2,292.8155070079482,292.78044729525976
2017-08-21 23:30:00,2,292.7496532172798,292.7124147342537
2017-08-21 23:45:00,2,292.68587304118046,292.6463270038147
2017-08-22 00:00:00,2,292.6238505588765,292.5819395752091
2017-08-22 00:15:00,2,292.56329139518317,292.5191035445154
2017-08-22 00:30:00,2,292.50416204344447,292.45784866880535
2017-08-22 00:45:00,2,292.4472503497648,292.39884612167685
2017-08-22 01:00:00,2,292.39391832141456,292.34340004280705
2017-08-22 01:15:00,2,292.34537732183253,292.29289070652527
2017-08-22 01:30:00,2,292.3024220069776,292.2483248438566
2017-08-22 01:45:00,2,292.26548132229794,292.2102998312925
2017-08-22 02:00:00,2,292.2346508691709,292.17863306034144
2017-08-22 02:15:00,2,292.2097671481224,292.15296883017254
2017-08-22 02:30:00,2,292.1903904190852,292.1328702301555
2017-08-22 02:45:00,2,292.1755148635025,292.1170968394923
2017-08-22 03:00:00,2,292.1638482939999,292.1042956915746
2017-08-22 03:15:00,2,292.15430153718626,292.09348875440156
2017-08-22 03:30:00,2,292.1461123137733,292.0839033809399
2017-08-22 03:45:00,2,292.1387821226909,292.07496962712816
2017-08-22 04:00:00,2,292.1319915093089,292.06647241354676
2017-08-22 04:15:00,2,292.1255373516354,292.05836447445114
2017-08-22 04:30:00,2,292.1192754640087,292.05059237066223
2017-08-22 04:45:00,2,292.11304473815784,292.04314316564637
2017-08-22 05:00:00,2,292.106670489457,292.0358336357551
2017-08-22 05:15:00,2,292.1000168529821,292.0284212885756
2017-08-22 05:30:00,2,292.0929949598015,292.0207486704872
2017-08-22 05:45:00,2,292.0855295276187,292.01261490348054
2017-08-22 06:00:00,2,292.0779118667647,292.0045146259398
2017-08-22 06:15:00,2,292.0719008624984,291.99788715611334
2017-08-22 06:30:00,2,292.0699805015213,291.99491460124483
2017-08-22 06:45:00,2,292.07390730642135,291.99749348250134
2017-08-22 07:00:00,2,292.08430752579574,292.00626819478276
2017-08-22 07:15:00,2,292.1000955368031,292.02034611832784
2017-08-22 07:30:00,2,292.11937348565925,292.03793911354234
2017-08-22 07:45:00,2,292.14055749280897,292.0573178545413
2017-08-22 08:00:00,2,292.16278620761045,292.077746740118
2017-08-22 08:15:00,2,292.1868424390204,292.1002839095628
2017-08-22 08:30:00,2,292.21508549333635,292.1271179309903
2017-08-22 08:45:00,2,292.2493890635307,292.16022074392873
2017-08-22 09:00:00,2,292.28973559303415,292.2004868840553
2017-08-22 09:15:00,2,292.3358318628722,292.24550408554825
2017-08-22 09:30:00,2,292.38842067827716,292.29742158310563
2017-08-22 09:45:00,2,292.45777888754736,292.36666854184705
2017-08-22 10:00:00,2,292.54865544108526,292.4570868164209
2017-08-22 10:15:00,2,292.6562282498304,292.563759224623
2017-08-22 10:30:00,2,292.77365826405617,292.67828159278093
2017-08-22 10:45:00,2,292.88761982817005,292.79421631725404
2017-08-22 11:00:00,2,292.9915468771014,292.90172693056553
2017-08-22 11:15:00,2,293.08608899953856,292.9978420179121
2017-08-22 11:30:00,2,293.1739672234916,293.0853533447111
2017-08-22 11:45:00,2,293.2571628200912,293.1680722947873
2017-08-22 12:00:00,2,293.3375606862225,293.2488459653358
2017-08-22 12:15:00,2,293.4177569615226,293.32976412824075
2017-08-22 12:30:00,2,293.49958519300804,293.41225812485357
2017-08-22 12:45:00,2,293.5839156414277,293.4971539252206
2017-08-22 13:00:00,2,293.67036147375586,293.58383646200093
2017-08-22 13:15:00,2,293.7550566830989,293.6688930230393
2017-08-22 13:30:00,2,293.8318325764965,293.7463655563358
2017-08-22 13:45:00,2,293.89396789783785,293.80967639118103
2017-08-22 14:00:00,2,293.93752587771974,293.854899915813
2017-08-22 14:15:00,2,293.9636749646169,293.8825460793388
2017-08-22 14:30:00,2,293.97638391792344,293.89649904397226
2017-08-22 14:45:00,2,293.9802817771666,293.90167211600664
2017-08-22 15:00:00,2,293.9800703068007,293.90300226305635
2017-08-22 15:15:00,2,293.98152177661626,293.90574168158065
2017-08-22 15:30:00,2,293.98982786968463,293.91478766436063
2017-08-22 15:45:00,2,294.0072821308929,293.9329764762972
2017-08-22 16:00:00,2,294.03267529144586,293.9599015924835
2017-08-22 16:15:00,2,294.06199692224385,293.99176759354026
2017-08-22 16:30:00,2,294.090579290892,294.023288737419
2017-08-22 16:45:00,2,294.1142079488951,294.0496029429059
2017-08-22 17:00:00,2,294.1293331275907,294.0671373059154
2017-08-22 17:15:00,2,294.1331017331694,294.0735828389554
2017-08-22 17:30:00,2,294.1237143406593,294.06776716897554
2017-08-22 17:45:00,2,294.10060959499737,294.0496409830873
2017-08-22 18:00:00,2,294.0641209365521,294.02031909025936
2017-08-22 18:15:00,2,294.017443023588,293.98166310755556
2017-08-22 18:30:00,2,293.96478304318566,293.935666969558
2017-08-22 18:45:00,2,293.9084055589321,293.88529706231765
2017-08-22 19:00:00,2,293.8510673779796,293.8330332810295
2017-08-22 19:15:00,2,293.7931126975626,293.77663623099994
2017-08-22 19:30:00,2,293.72985995836365,293.7153698714619
2017-08-22 19:45:00,2,293.66281244047025,293.65033175908576
2017-08-22 20:00:00,2,293.5902116788203,293.58275358539674
2017-08-22 20:15:00,2,293.5131725043426,293.51028134854414
2017-08-22 20:30:00,2,293.4348447029484,293.4339687770414
2017-08-22 20:45:00,2,293.3573197798023,293.35658413905446
2017-08-22 21:00:00,2,293.281809684557,293.2803822564377
2017-08-22 21:15:00,2,293.20886254426773,293.20638901239266
2017-08-22 21:30:00,2,293.13855025055364,293.1348171103635
2017-08-22 21:45:00,2,293.07080207530976,293.06562442525365
2017-08-22 22:00:00,2,293.0087132462031,292.998594228825
2017-08-22 22:15:00,2,292.95272735757266,292.93580285093685
2017-08-22 22:30:00,2,292.9017571940736,292.87931589395424
2017-08-22 22:45:00,2,292.85481905322285,292.8285867632137
2017-08-22 23:00:00,2,292.8110509819795,292.78194618566806
2017-08-22 23:15:00,2,292.7697878839324,292.7380894064838
2017-08-22 23:30:00,2,292.7305865379141,292.69648072796934
2017-08-22 23:45:00,2,292.6933092936408,292.6568958291459
2017-08-23 00:00:00,2,292.6580112982637,292.61939341224183
2017-08-23 00:15:00,2,292.6247437340223,292.58406468881026
2017-08-23 00:30:00,2,292.5934758744281,292.5508974371023
2017-08-23 00:45:00,2,292.56407135806876,292.5197497962935
2017-08-23 01:00:00,2,292.5363276905215,292.4905015630105
2017-08-23 01:15:00,2,292.5100410013202,292.4629226828824
2017-08-23 01:30:00,2,292.4850352081858,292.43674980375044
2017-08-23 01:45:00,2,292.46116462188223,292.4118028242356
2017-08-23 02:00:00,2,292.4383080290646,292.38793212193247
2017-08-23 02:15:00,2,292.41636236350115,292.36497318259046
2017-08-23 02:30:00,2,292.3952437804623,292.3428380178976
2017-08-23 02:45:00,2,292.3749043535863,292.32150118577823
2017-08-23 03:00:00,2,292.35532497507904,292.3009622917389
2017-08-23 03:15:00,2,292.33648947055383,292.2812163941642
2017-08-23 03:30:00,2,292.3183693997055,292.26223877208747
2017-08-23 03:45:00,2,292.30091396782603,292.24397988290906
2017-08-23 04:00:00,2,292.2840565625764,292.2263729216791
2017-08-23 04:15:00,2,292.2677292173861,292.2093466140627
2017-08-23 04:30:00,2,292.25180160175097,292.19276058313557
2017-08-23 04:45:00,2,292.2358826523601,292.17628641258307
2017-08-23 05:00:00,2,292.21942995000916,292.15937813075857
2017-08-23 05:15:00,2,292.2020086915928,292.1415662779017
2017-08-23 05:30:00,2,292.1834391806656,292.1226591045793
2017-08-23 05:45:00,2,292.1639424738858,292.1028447818671
2017-08-23 06:00:00,2,292.1443434030814,292.08299022888156
2017-08-23 06:15:00,2,292.1268332139124,292.0650688600668
2017-08-23 06:30:00,2,292.1141364105551,292.05168950546584
2017-08-23 06:45:00,2,292.10826203231693,292.04506373760665
2017-08-23 07:00:00,2,292.1100331381612,292.0460190688215
2017-08-23 07:15:00,2,292.1185962830433,292.0535576126418
2017-08-23 07:30:00,2,292.1319835594261,292.0654258016983
2017-08-23 07:45:00,2,292.14742899022184,292.07912765592954
2017-08-23 08:00:00,2,292.16295526426467,292.0929390671802
2017-08-23 08:15:00,2,292.17825580741487,292.106556621588
2017-08-23 08:30:00,2,292.1942537568163,292.120873304248
2017-08-23 08:45:00,2,292.21234650894843,292.1372611914764
2017-08-23 09:00:00,2,292.23371123620706,292.1570558644421
2017-08-23 09:15:00,2,292.2594630513474,292.18152553715885
2017-08-23 09:30:00,2,292.2902252539643,292.21134515400075
2017-08-23 09:45:00,2,292.3245456769078,292.2458648423961
2017-08-23 10:00:00,2,292.3625184133408,292.2825025699024
2017-08-23 10:15:00,2,292.40337943684335,292.32143912146097
2017-08-23 10:30:00,2,292.4453900954205,292.3641341187147
2017-08-23 10:45:00,2,292.4922476395155,292.41210206048333
2017-08-23 11:00:00,2,292.54452208516904,292.46537408036966
2017-08-23 11:15:00,2,292.6023773005335,292.52359187511144
2017-08-23 11:30:00,2,292.666821562831,292.5872533892087
2017-08-23 11:45:00,2,292.7411276236988,292.65917890672483
2017-08-23 12:00:00,2,292.82525979041804,292.7436459355594
2017-08-23 12:15:00,2,292.92187327832625,292.8417795459258
2017-08-23 12:30:00,2,293.03323703664574,292.9537984644781
2017-08-23 12:45:00,2,293.15701878846124,293.07757683028
2017-08-23 13:00:00,2,293.2873850920125,293.2075521200649
2017-08-23 13:15:00,2,293.41551112323367,293.33504793325636
2017-08-23 13:30:00,2,293.5327646550919,293.45177982130514
2017-08-23 13:45:00,2,293.6361670765589,293.5542297296633
2017-08-23 14:00:00,2,293.72750766784685,293.64411613834056
2017-08-23 14:15:00,2,293.8101930827401,293.725428706242
2017-08-23 14:30:00,2,293.8866804436962,293.8013116943203
2017-08-23 14:45:00,2,293.9581459588754,293.87314404405623
2017-08-23 15:00:00,2,294.0250175166506,293.9410239757927
2017-08-23 15:15:00,2,294.0868655236916,294.00429366474873
2017-08-23 15:30:00,2,294.14272744859676,294.0619002293954
2017-08-23 15:45:00,2,294.1913994622461,294.1126097501768
2017-08-23 16:00:00,2,294.23204479065043,294.1556019126389
2017-08-23 16:15:00,2,294.26499895562205,294.190873992015
2017-08-23 16:30:00,2,294.2905267449583,294.21858710528824
2017-08-23 16:45:00,2,294.30821511809444,294.2383312706794
2017-08-23 17:00:00,2,294.31702831325714,294.2492527449162
2017-08-23 17:15:00,2,294.3143804704467,294.24968686854805
2017-08-23 17:30:00,2,294.2970822719136,294.2369313924022
2017-08-23 17:45:00,2,294.26297134556324,294.2089231740972
2017-08-23 18:00:00,2,294.21157472169233,294.1657890135669
2017-08-23 18:15:00,2,294.1472078596189,294.1098403537753
2017-08-23 18:30:00,2,294.0761949698738,294.0458740532347
2017-08-23 18:45:00,2,294.0024741184397,293.9787282124533
2017-08-23 19:00:00,2,293.9292807777308,293.91292618075005
2017-08-23 19:15:00,2,293.8589333103565,293.8447111492575
2017-08-23 19:30:00,2,293.7854553396731,293.77235391393367
2017-08-23 19:45:00,2,293.708308988151,293.6967622707613
2017-08-23 20:00:00,2,293.62480315967986,293.61822562306924
2017-08-23 20:15:00,2,293.5373261083682,293.53534898541454
2017-08-23 20:30:00,2,293.4491656406368,293.44945352119487
2017-08-23 20:45:00,2,293.36239418145635,293.3631976216489
2017-08-23 21:00:00,2,293.27849461015757,293.27889114303156
2017-08-23 21:15:00,2,293.1984260927981,293.1979126224925
2017-08-23 21:30:00,2,293.12253107846584,293.12080335831894
2017-08-23 21:45:00,2,293.05054697897157,293.04746032378824
2017-08-23 22:00:00,2,292.98524494812585,292.9771628748991
2017-08-23 22:15:00,2,292.9264754408304,292.91190841524946
2017-08-23 22:30:00,2,292.8727725374637,292.85320842754754
2017-08-23 22:45:00,2,292.82312856805294,292.80022341132934
2017-08-23 23:00:00,2,292.7768388845672,292.75136571017407
2017-08-23 23:15:00,2,292.7333933371939,292.70555385765607
2017-08-23 23:30:00,2,292.6924354448833,292.6621675884291
2017-08-23 23:45:00,2,292.65372545964107,292.621019418289
2017-08-24 00:00:00,2,292.6170874638815,292.5820526552858
2017-08-24 00:15:00,2,292.5823728072085,292.54517540826436
2017-08-24 00:30:00,2,292.5494419189971,292.5102440046141
2017-08-24 00:45:00,2,292.51815451723917,292.4770998295944
2017-08-24 01:00:00,2,292.4883758906485,292.4457062639047
2017-08-24 01:15:00,2,292.4599831388928,292.4159264836576
2017-08-24 01:30:00,2,292.43282807729594,292.3875215058516
2017-08-24 01:45:00,2,292.40662644270196,292.3601837807424
2017-08-24 02:00:00,2,292.3810089561731,292.3335712264573
2017-08-24 02:15:00,2,292.35565822145367,292.3073781772853
2017-08-24 02:30:00,2,292.3304001825839,292.2813544816933
2017-08-24 02:45:00,2,292.3053317513815,292.2555363283786
2017-08-24 03:00:00,2,292.28073781803084,292.23018832273647
2017-08-24 03:15:00,2,292.25688817603856,292.20560624898803
2017-08-24 03:30:00,2,292.2338804329437,292.18190323608746
2017-08-24 03:45:00,2,292.21143529844596,292.15884888213634
2017-08-24 04:00:00,2,292.18903176331054,292.13595000292787
2017-08-24 04:15:00,2,292.1662025335904,292.1127002729914
2017-08-24 04:30:00,2,292.14276496945035,292.08889078879224
2017-08-24 04:45:00,2,292.119136741734,292.0648464303895
2017-08-24 05:00:00,2,292.0961241124249,292.04130286557677
2017-08-24 05:15:00,2,292.0744646213396,292.0190391255501
2017-08-24 05:30:00,2,292.0545876661715,291.998532599078
2017-08-24 05:45:00,2,292.0364481826665,291.9798139790231
2017-08-24 06:00:00,2,292.0200603046898,291.96296292951024
2017-08-24 06:15:00,2,292.0068730402415,291.9490872892586
2017-08-24 06:30:00,2,291.9991212391178,291.9401888304513
2017-08-24 06:45:00,2,291.99835888986735,291.93801769217146
2017-08-24 07:00:00,2,292.0051265940748,291.9431406797236
2017-08-24 07:15:00,2,292.0184657720052,291.9548172247599
2017-08-24 07:30:00,2,292.03690646828045,291.97171571192627
2017-08-24 07:45:00,2,292.0593466857311,291.9925854989067
2017-08-24 08:00:00,2,292.0852811411618,292.0168514360059
2017-08-24 08:15:00,2,292.1153370824743,292.0449915531953
2017-08-24 08:30:00,2,292.15057987203636,292.07812755514556
2017-08-24 08:45:00,2,292.191074056687,292.11703700091533
2017-08-24 09:00:00,2,292.2352602383819,292.16129886963563
2017-08-24 09:15:00,2,292.2849740989372,292.2089896515582
2017-08-24 09:30:00,2,292.33954113401194,292.26207642446064
2017-08-24 09:45:00,2,292.40782232511674,292.3299329669853
2017-08-24 10:00:00,2,292.4951623161954,292.4167081449597
2017-08-24 10:15:00,2,292.5995152283579,292.5201537470735
2017-08-24 10:30:00,2,292.7185596195271,292.63551269488306
2017-08-24 10:45:00,2,292.8429626498207,292.7603783705291
2017-08-24 11:00:00,2,292.96489847397714,292.8852265590095
2017-08-24 11:15:00,2,293.0838577630093,293.0055127437296
2017-08-24 11:30:00,2,293.2021653509966,293.1229323397341
2017-08-24 11:45:00,2,293.3220673873321,293.2411642901423
2017-08-24 12:00:00,2,293.44454480625336,293.36229930179394
2017-08-24 12:15:00,2,293.56903124797094,293.48594306185163
2017-08-24 12:30:00,2,293.69413054687385,293.6103445153612
2017-08-24 12:45:00,2,293.8184463499191,293.7337457873956
2017-08-24 13:00:00,2,293.940855167351,293.8549448421523
2017-08-24 13:15:00,2,294.06056909993373,293.9733906727304
2017-08-24 13:30:00,2,294.17736095342985,294.08886254422066
2017-08-24 13:45:00,2,294.290505283272,294.20078846610625
2017-08-24 14:00:00,2,294.3986754252648,294.30801973456084
2017-08-24 14:15:00,2,294.50038631781433,294.4091179337355
2017-08-24 14:30:00,2,294.5940688812146,294.5024680366625
2017-08-24 14:45:00,2,294.67755813479397,294.5860941096674
2017-08-24 15:00:00,2,294.7485728457527,294.6578153363663
2017-08-24 15:15:00,2,294.80508910455205,294.71563563880056
2017-08-24 15:30:00,2,294.8460502335564,294.7584831056
2017-08-24 15:45:00,2,294.87206569123583,294.7867245900865
2017-08-24 16:00:00,2,294.8847277149182,294.8017976049573
2017-08-24 16:15:00,2,294.885835698462,294.8053266813531
2017-08-24 16:30:00,2,294.87676129358874,294.7984091361937
2017-08-24 16:45:00,2,294.85817755802873,294.7832441785188
2017-08-24 17:00:00,2,294.83014760509195,294.7602964515421
2017-08-24 17:15:00,2,294.79175431751145,294.7285417508976
2017-08-24 17:30:00,2,294.7421527615185,294.6869767078713
2017-08-24 17:45:00,2,294.6812232572102,294.63572259373177
2017-08-24 18:00:00,2,294.611828398833,294.5760013162867
2017-08-24 18:15:00,2,294.5380580946795,294.50974842012107
2017-08-24 18:30:00,2,294.4616653372903,294.4401450788853
2017-08-24 18:45:00,2,294.38375074953353,294.3688853359738
2017-08-24 19:00:00,2,294.3051255964771,294.29638565242385
2017-08-24 19:15:00,2,294.22656899820953,294.22272297945807
2017-08-24 19:30:00,2,294.14927975574403,294.1488771999994
2017-08-24 19:45:00,2,294.07397306719906,294.07349564141487
2017-08-24 20:00:00,2,293.98979643231655,293.99227620087856
2017-08-24 20:15:00,2,293.8979431706103,293.90264579138574
2017-08-24 20:30:00,2,293.8018966582289,293.8071427049464
2017-08-24 20:45:00,2,293.70467148755773,293.7097049169029
2017-08-24 21:00:00,2,293.60818434130533,293.6129221027454
2017-08-24 21:15:00,2,293.51324642934463,293.51771858469124
2017-08-24 21:30:00,2,293.4201508414868,293.42420086506854
2017-08-24 21:45:00,2,293.32882651312985,293.33225920812987
2017-08-24 22:00:00,2,293.2387900193116,293.2416314780556
2017-08-24 22:15:00,2,293.15386107962325,293.1514908762617
2017-08-24 22:30:00,2,293.07496038053193,293.0659904386229
2017-08-24 22:45:00,2,293.00094599613493,292.98743684235353
2017-08-24 23:00:00,2,292.93150433880254,292.91513121093345
2017-08-24 23:15:00,2,292.8666359160673,292.84779518812087
2017-08-24 23:30:00,2,292.8064305980396,292.78500086901875
2017-08-24 23:45:00,2,292.7513437405738,292.72725048754296
2017-08-25 00:00:00,2,292.70207281329357,292.675421422659
2017-08-25 00:15:00,2,292.6591486054539,292.63023717590397
2017-08-25 00:30:00,2,292.62273283457944,292.592003926274
2017-08-25 00:45:00,2,292.5924831895891,292.56016621538186
2017-08-25 01:00:00,2,292.567718824275,292.5338591241702
2017-08-25 01:15:00,2,292.54766048676777,292.5122146836626
2017-08-25 01:30:00,2,292.53150412473457,292.49449928577394
2017-08-25 01:45:00,2,292.51839161003005,292.4798871376207
2017-08-25 02:00:00,2,292.50747693261235,292.46731646990537
2017-08-25 02:15:00,2,292.49805554480974,292.4560250319889
2017-08-25 02:30:00,2,292.489644439486,292.4455909823641
2017-08-25 02:45:00,2,292.48184544591385,292.4358069956221
2017-08-25 03:00:00,2,292.4743795552161,292.42656980544444
2017-08-25 03:15:00,2,292.46719275471713,292.41782435902684
2017-08-25 03:30:00,2,292.46031788082297,292.4097078297628
2017-08-25 03:45:00,2,292.4539754235212,292.402370832978
2017-08-25 04:00:00,2,292.4485038058085,292.395986835154
2017-08-25 04:15:00,2,292.44418395794986,292.3907117925637
2017-08-25 04:30:00,2,292.44105260119863,292.3865438868987
2017-08-25 04:45:00,2,292.4385376914439,292.38304958130453
2017-08-25 05:00:00,2,292.435621029941,292.3794031925285
2017-08-25 05:15:00,2,292.4312997218911,292.3746939931816
2017-08-25 05:30:00,2,292.4249407381593,292.36821786636926
2017-08-25 05:45:00,2,292.4167068757548,292.35998830158655
2017-08-25 06:00:00,2,292.40752531161934,292.35085679475714
2017-08-25 06:15:00,2,292.39914395041905,292.34239078423593
2017-08-25 06:30:00,2,292.39334677062607,292.33628549195913
2017-08-25 06:45:00,2,292.3911839207804,292.33372513901986
2017-08-25 07:00:00,2,292.3931614779706,292.3353137206542
2017-08-25 07:15:00,2,292.39983051428237,292.34149147356453
2017-08-25 07:30:00,2,292.4119890586064,292.3530171250239
2017-08-25 07:45:00,2,292.43098707070584,292.3711296767836
2017-08-25 08:00:00,2,292.45832750876394,292.39708000471336
2017-08-25 08:15:00,2,292.49358459722816,292.4311321758518
2017-08-25 08:30:00,2,292.5336261704576,292.47161576679304
2017-08-25 08:45:00,2,292.57730092812307,292.514199583873
2017-08-25 09:00:00,2,292.62327604846473,292.5598203677712
2017-08-25 09:15:00,2,292.678262366073,292.6138991775764
2017-08-25 09:30:00,2,292.7444779244476,292.678954137206
2017-08-25 09:45:00,2,292.8221311250035,292.7551385423893
2017-08-25 10:00:00,2,292.91312740849935,292.842487357967
2017-08-25 10:15:00,2,293.01645002475965,292.94432551385245
2017-08-25 10:30:00,2,293.1281008673628,293.05680468805815
2017-08-25 10:45:00,2,293.2477556902818,293.17667606803985
2017-08-25 11:00:00,2,293.37547133705215,293.3028613330461
2017-08-25 11:15:00,2,293.5093571862216,293.43431911269886
2017-08-25 11:30:00,2,293.646256124347,293.56878345396075
2017-08-25 11:45:00,2,293.7834471142264,293.70347700397616
2017-08-25 12:00:00,2,293.91886765872977,293.83611862401074
2017-08-25 12:15:00,2,294.0510236587534,293.9652393656342
2017-08-25 12:30:00,2,294.17868855828,294.08975360475364
2017-08-25 12:45:00,2,294.3005504662496,294.2086483632063
2017-08-25 13:00:00,2,294.41579278330937,294.3210795469554
2017-08-25 13:15:00,2,294.5235419207174,294.4262095169886
2017-08-25 13:30:00,2,294.6227502882393,294.5231466236654
2017-08-25 13:45:00,2,294.71257468917474,294.6111299353021
2017-08-25 14:00:00,2,294.7923513710886,294.6895313125327
2017-08-25 14:15:00,2,294.8612249454232,294.75766904304606
2017-08-25 14:30:00,2,294.91855212759384,294.81500880641744
2017-08-25 14:45:00,2,294.9642713060518,294.8613607976716
2017-08-25 15:00:00,2,294.9984461874513,294.8968023930871
2017-08-25 15:15:00,2,295.02145452231724,294.9216815058154
2017-08-25 15:30:00,2,295.03406726847015,294.9366834318193
2017-08-25 15:45:00,2,295.03747908658795,294.94281026003114
2017-08-25 16:00:00,2,295.0327228539586,294.9408953874394
2017-08-25 16:15:00,2,295.0200575962502,294.9308762784411
2017-08-25 16:30:00,2,294.99930909858637,294.9135086645093
2017-08-25 16:45:00,2,294.9702922659644,294.88930328944093
2017-08-25 17:00:00,2,294.93287425273013,294.8580422884533
2017-08-25 17:15:00,2,294.88675046825955,294.8192968380221
2017-08-25 17:30:00,2,294.8314197087089,294.77281625116905
2017-08-25 17:45:00,2,294.76646820612063,294.7187688977763
2017-08-25 18:00:00,2,294.69526176727754,294.6580749567686
2017-08-25 18:15:00,2,294.6206952331608,294.5923663674717
2017-08-25 18:30:00,2,294.54475538955353,294.5231238931044
2017-08-25 18:45:00,2,294.4686321897003,294.4523645387143
2017-08-25 19:00:00,2,294.3931446523878,294.381738059865
2017-08-25 19:15:00,2,294.3196891176178,294.31347208713396
2017-08-25 19:30:00,2,294.24975868629286,294.24320886655977
2017-08-25 19:45:00,2,294.1745854704408,294.1701633419354
2017-08-25 20:00:00,2,294.09030133789855,294.090292308277
2017-08-25 20:15:00,2,294.0003800633669,294.0037787289782
2017-08-25 20:30:00,2,293.90784648541296,293.913446826582
2017-08-25 20:45:00,2,293.81513741281947,293.82200940165865
2017-08-25 21:00:00,2,293.72396519572163,293.7313620327229
2017-08-25 21:15:00,2,293.6351594897249,293.64250959667675
2017-08-25 21:30:00,2,293.548984569957,293.55588073430044
2017-08-25 21:45:00,2,293.46518709145533,293.4715782965819
2017-08-25 22:00:00,2,293.3868531866878,293.3892703983743
2017-08-25 22:15:00,2,293.3155765370517,293.31131946167176
2017-08-25 22:30:00,2,293.25001921448705,293.2405320758687
2017-08-25 22:45:00,2,293.19000659992656,293.1771266479209
2017-08-25 23:00:00,2,293.1362082706079,293.1205668438506
2017-08-25 23:15:00,2,293.08919405534806,293.0707799670473
2017-08-25 23:30:00,2,293.0488456898717,293.02775763262764
2017-08-25 23:45:00,2,293.0136847068982,292.9902912954737
2017-08-26 00:00:00,2,292.9814074159374,292.95607731070436
2017-08-26 00:15:00,2,292.9498781075212,292.9227587948531
2017-08-26 00:30:00,2,292.91737518083266,292.88844843450704
2017-08-26 00:45:00,2,292.8823687047972,292.8516604639061
2017-08-26 01:00:00,2,292.8435711223297,292.81119405911517
2017-08-26 01:15:00,2,292.80014293171956,292.76617400503
2017-08-26 01:30:00,2,292.75183856543373,292.7163193829459
2017-08-26 01:45:00,2,292.69941323517793,292.662376725203
2017-08-26 02:00:00,2,292.64440850973807,292.6059179446713
2017-08-26 02:15:00,2,292.58839253799044,292.54866866287836
2017-08-26 02:30:00,2,292.53254839441513,292.4919467825534
2017-08-26 02:45:00,2,292.47766854677366,292.4365043428315
2017-08-26 03:00:00,2,292.42417536669154,292.3826227742047
2017-08-26 03:15:00,2,292.3721936846243,292.3302956607421
2017-08-26 03:30:00,2,292.32165090933006,292.2793601919272
2017-08-26 03:45:00,2,292.2722966083301,292.22955314395904
2017-08-26 04:00:00,2,292.22381955745567,292.18058190009293
2017-08-26 04:15:00,2,292.1759653326649,292.13220285973
2017-08-26 04:30:00,2,292.1285226121298,292.0842293966506
2017-08-26 04:45:00,2,292.081201037256,292.03633155042127
2017-08-26 05:00:00,2,292.033658056425,291.9881596167331
2017-08-26 05:15:00,2,291.9856588662939,291.9394761692516
2017-08-26 05:30:00,2,291.93727436275987,291.89036173393555
2017-08-26 05:45:00,2,291.8890819125301,291.84136275868707
2017-08-26 06:00:00,2,291.84221795839716,291.7937143736248
2017-08-26 06:15:00,2,291.7989801327383,291.7496739596879
2017-08-26 06:30:00,2,291.7624013043691,291.71240856541226
2017-08-26 06:45:00,2,291.7360128480415,291.6856581487701
2017-08-26 07:00:00,2,291.7232523764084,291.6731081536726
2017-08-26 07:15:00,2,291.7264598094035,291.67668936561313
2017-08-26 07:30:00,2,291.746799793899,291.69751620797757
2017-08-26 07:45:00,2,291.785504671238,291.73658077485044
2017-08-26 08:00:00,2,291.84479420150234,291.79485586833727
2017-08-26 08:15:00,2,291.92519880083864,291.8720680275615
2017-08-26 08:30:00,2,292.0230934507039,291.9656094647656
2017-08-26 08:45:00,2,292.12933933888183,292.0697912849958
2017-08-26 09:00:00,2,292.2380775836701,292.1740280537661
2017-08-26 09:15:00,2,292.3480424934917,292.2828511247628
2017-08-26 09:30:00,2,292.47524176071437,292.4086422010096
2017-08-26 09:45:00,2,292.6200296487538,292.55240297455725
2017-08-26 10:00:00,2,292.7789125698845,292.70886703607533
2017-08-26 10:15:00,2,292.9532577259709,292.8749814473781
2017-08-26 10:30:00,2,293.13422843148834,293.05315379252863
2017-08-26 10:45:00,2,293.3108854741667,293.2309065287043
2017-08-26 11:00:00,2,293.47898909859043,293.3983580071218
2017-08-26 11:15:00,2,293.63632024782834,293.55247816468426
2017-08-26 11:30:00,2,293.7820543292278,293.6942309141292
2017-08-26 11:45:00,2,293.9171061159573,293.82569658994123
2017-08-26 12:00:00,2,294.04306774490504,293.94865361727545
2017-08-26 12:15:00,2,294.16093538595004,294.06405324541595
2017-08-26 12:30:00,2,294.27073054407487,294.171765674844
2017-08-26 12:45:00,2,294.37112181140157,294.27050833994696
2017-08-26 13:00:00,2,294.46039140179516,294.3585346292347
2017-08-26 13:15:00,2,294.5374138368554,294.43456508673665
2017-08-26 13:30:00,2,294.6025838624169,294.4990553884231
2017-08-26 13:45:00,2,294.6593894782477,294.5551097750066
2017-08-26 14:00:00,2,294.71222220185444,294.60708399577123
2017-08-26 14:15:00,2,294.7638599494579,294.65832488424775
2017-08-26 14:30:00,2,294.81487313975794,294.70962526356675
2017-08-26 14:45:00,2,294.8630089920894,294.7589639720478
2017-08-26 15:00:00,2,294.9051246447201,294.8029989881448
2017-08-26 15:15:00,2,294.93862232970133,294.83876961909345
2017-08-26 15:30:00,2,294.961944837301,294.864623470516
2017-08-26 15:45:00,2,294.9747983042004,294.8802583350791
2017-08-26 16:00:00,2,294.9775196277724,294.8860439797704
2017-08-26 16:15:00,2,294.9703574251609,294.8822672035473
2017-08-26 16:30:00,2,294.9533457639699,294.8687025182882
2017-08-26 16:45:00,2,294.9262594782533,294.845376139913
2017-08-26 17:00:00,2,294.8888999606509,294.81303537213824
2017-08-26 17:15:00,2,294.8411441332002,294.77191778505596
2017-08-26 17:30:00,2,294.7830494793338,294.72207198720344
2017-08-26 17:45:00,2,294.7146927267661,294.663911849567
2017-08-26 18:00:00,2,294.63821779167284,294.59857221655716
2017-08-26 18:15:00,2,294.55827000119587,294.52812210555425
2017-08-26 18:30:00,2,294.4771277909425,294.45483211232505
2017-08-26 18:45:00,2,294.39616299550164,294.3801044427536
2017-08-26 19:00:00,2,294.3167981417479,294.30630037579897
2017-08-26 19:15:00,2,294.24189868486445,294.2327828667415
2017-08-26 19:30:00,2,294.1667138720605,294.1571772859086
2017-08-26 19:45:00,2,294.08283580632667,294.0773291581252
2017-08-26 20:00:00,2,293.99229757004815,293.9911242473776
2017-08-26 20:15:00,2,293.8983021049653,293.90034264261135
2017-08-26 20:30:00,2,293.80389872007703,293.8079589249493
2017-08-26 20:45:00,2,293.71071437254807,293.7160173525265
2017-08-26 21:00:00,2,293.61930226118204,293.62533033112817
2017-08-26 21:15:00,2,293.5296637858896,293.5359755840784
2017-08-26 21:30:00,2,293.4413056806946,293.447731569557
2017-08-26 21:45:00,2,293.3579251083353,293.3599516735835
2017-08-26 22:00:00,2,293.2805656019386,293.2760335713734
2017-08-26 22:15:00,2,293.20750110001325,293.1981990003573
2017-08-26 22:30:00,2,293.1373916078035,293.1251981235904
2017-08-26 22:45:00,2,293.0692521803661,293.054768106433
2017-08-26 23:00:00,2,293.00241084230134,292.98548629788655
2017-08-26 23:15:00,2,292.93646602166706,292.9169446778061
2017-08-26 23:30:00,2,292.87129013311096,292.8492575127959
2017-08-26 23:45:00,2,292.8070582480506,292.78271363722945
2017-08-27 00:00:00,2,292.7440735476438,292.7176221684942
2017-08-27 00:15:00,2,292.6825796260471,292.65422696516964
2017-08-27 00:30:00,2,292.6227299838199,292.5926951939954
2017-08-27 00:45:00,2,292.56470026188543,292.53320017930076
2017-08-27 01:00:00,2,292.50873643999466,292.4759835050548
2017-08-27 01:15:00,2,292.4550656678581,292.4213330216131
2017-08-27 01:30:00,2,292.40372528566974,292.36913649379403
2017-08-27 01:45:00,2,292.3542671858885,292.3189519326847
2017-08-27 02:00:00,2,292.3059154116282,292.2700587072708
2017-08-27 02:15:00,2,292.25800256055436,292.2215424572978
2017-08-27 02:30:00,2,292.2102452516717,292.1730032421491
2017-08-27 02:45:00,2,292.16284739613195,292.12464768420375
2017-08-27 03:00:00,2,292.1162378821935,292.0769915524297
2017-08-27 03:15:00,2,292.0707817642153,292.0305062216408
2017-08-27 03:30:00,2,292.0266930278977,291.9854562265109
2017-08-27 03:45:00,2,291.984084532243,291.94196363020757
2017-08-27 04:00:00,2,291.9430927580031,291.9001486173719
2017-08-27 04:15:00,2,291.9038713463477,291.86016907373994
2017-08-27 04:30:00,2,291.86650567304105,291.82214468309644
2017-08-27 04:45:00,2,291.8309565807711,291.7861015990467
2017-08-27 05:00:00,2,291.7970625391233,291.75169248935316
2017-08-27 05:15:00,2,291.764612382978,291.71859108546505
2017-08-27 05:30:00,2,291.73342164347366,291.6867349612788
2017-08-27 05:45:00,2,291.7033952450413,291.6560440202954
2017-08-27 06:00:00,2,291.674803118209,291.6267680674358
2017-08-27 06:15:00,2,291.64908276712646,291.600139524405
2017-08-27 06:30:00,2,291.6284727956099,291.57830732550053
2017-08-27 06:45:00,2,291.6157521622627,291.56422952961674
2017-08-27 07:00:00,2,291.6140247095702,291.5610564785799
2017-08-27 07:15:00,2,291.6257618748403,291.5713242967387
2017-08-27 07:30:00,2,291.6526352759886,291.5968677549515
2017-08-27 07:45:00,2,291.6966436842254,291.6392885662103
2017-08-27 08:00:00,2,291.7605612276058,291.6998911729764
2017-08-27 08:15:00,2,291.84286039713476,291.7785648464997
2017-08-27 08:30:00,2,291.94084459345413,291.8729529291334
2017-08-27 08:45:00,2,292.0444550497241,291.9773668879316
2017-08-27 09:00:00,2,292.1499410440367,292.0813957269649
2017-08-27 09:15:00,2,292.2645978022805,292.1963631919383
2017-08-27 09:30:00,2,292.4020034769102,292.33240266537916
2017-08-27 09:45:00,2,292.5580782630801,292.4875629906276
2017-08-27 10:00:00,2,292.72917261539027,292.65557279637477
2017-08-27 10:15:00,2,292.91610847228975,292.8347188731921
2017-08-27 10:30:00,2,293.1046830172632,293.0229310525955
2017-08-27 10:45:00,2,293.28692140761024,293.2070235046966
2017-08-27 11:00:00,2,293.45939911487824,293.378629295712
2017-08-27 11:15:00,2,293.6201437683454,293.5361282021574
2017-08-27 11:30:00,2,293.76864789473905,293.68111924816674
2017-08-27 11:45:00,2,293.9068047211333,293.8162632737512
2017-08-27 12:00:00,2,294.0373405678328,293.9441685234366
2017-08-27 12:15:00,2,294.16195915938323,294.0665507448895
2017-08-27 12:30:00,2,294.2814077709405,294.18419011976175
2017-08-27 12:45:00,2,294.3962644929935,294.2975111070744
2017-08-27 13:00:00,2,294.5070426252124,294.4068930051351
2017-08-27 13:15:00,2,294.61386642668384,294.5125191606495
2017-08-27 13:30:00,2,294.71596623853077,294.6136283775339
2017-08-27 13:45:00,2,294.81052270284783,294.70778302458103
2017-08-27 14:00:00,2,294.8941917170797,294.7917727411714
2017-08-27 14:15:00,2,294.96480987539286,294.8631899813922
2017-08-27 14:30:00,2,295.02177819980994,294.92137118714356
2017-08-27 14:45:00,2,295.0661874645431,294.9673607328997
2017-08-27 15:00:00,2,295.09965804309365,295.00284691234174
2017-08-27 15:15:00,2,295.12324767544095,295.029082780316
2017-08-27 15:30:00,2,295.1377202387208,295.0468496842679
2017-08-27 15:45:00,2,295.1442478210257,295.0569772319197
2017-08-27 16:00:00,2,295.1438183493057,295.0602345746153
2017-08-27 16:15:00,2,295.1366711321216,295.05688204015206
2017-08-27 16:30:00,2,295.12247158661523,295.04628938902823
2017-08-27 16:45:00,2,295.10021372556196,295.02798443993237
2017-08-27 17:00:00,2,295.0686665757359,295.00161557651234
2017-08-27 17:15:00,2,295.0268983304792,294.9662943060137
2017-08-27 17:30:00,2,294.9745213704131,294.9213695926096
2017-08-27 17:45:00,2,294.9116559462091,294.86687017917944
2017-08-27 18:00:00,2,294.83868508974626,294.80450527542513
2017-08-27 18:15:00,2,294.7592748125417,294.7364081103183
2017-08-27 18:30:00,2,294.6773668659536,294.6643278908168
2017-08-27 18:45:00,2,294.59433953942226,294.5892503135457
2017-08-27 19:00:00,2,294.51110180454947,294.51273470581157
2017-08-27 19:15:00,2,294.42842356495174,294.43597241579465
2017-08-27 19:30:00,2,294.34786765303556,294.3600978491119
2017-08-27 19:45:00,2,294.2725307107771,294.2843907712192
2017-08-27 20:00:00,2,294.19349852147207,294.20753782117066
2017-08-27 20:15:00,2,294.1077601557893,294.1240222006913
2017-08-27 20:30:00,2,294.0181599914347,294.0348515476243
2017-08-27 20:45:00,2,293.9264904130075,293.94323429810254
2017-08-27 21:00:00,2,293.8341165435705,293.8511330067282
2017-08-27 21:15:00,2,293.7414529776464,293.75871134737895
2017-08-27 21:30:00,2,293.64812305140947,293.6653860724886
2017-08-27 21:45:00,2,293.55407866653013,293.57094204678464
2017-08-27 22:00:00,2,293.459392537593,293.4757454016436
2017-08-27 22:15:00,2,293.36810667571507,293.38009539013393
2017-08-27 22:30:00,2,293.283213437461,293.28761630338323
2017-08-27 22:45:00,2,293.2034409100093,293.2020852617035
2017-08-27 23:00:00,2,293.12777853411507,293.12305960048405
2017-08-27 23:15:00,2,293.05558619783665,293.0484350285729
2017-08-27 23:30:00,2,292.98638105672404,292.97673128153747
2017-08-27 23:45:00,2,292.9196043383181,292.9073326387455
2017-08-28 00:00:00,2,292.8546484495508,292.83990394164107
2017-08-28 00:15:00,2,292.79100604316983,292.77406437605447
2017-08-28 00:30:00,2,292.7284142640598,292.7095378385221
2017-08-28 00:45:00,2,292.6671287641307,292.6464540581378
2017-08-28 01:00:00,2,292.6077119023191,292.5852992169472
2017-08-28 01:15:00,2,292.55062383987996,292.5265872686175
2017-08-28 01:30:00,2,292.496040601009,292.47054931091657
2017-08-28 01:45:00,2,292.443725186348,292.4170050676159
2017-08-28 02:00:00,2,292.39319864099406,292.3655201711379
2017-08-28 02:15:00,2,292.3440054750109,292.31565407077323
2017-08-28 02:30:00,2,292.29583987902373,292.2667053494171
2017-08-28 02:45:00,2,292.24864916869217,292.21853217837855
2017-08-28 03:00:00,2,292.20255027361236,292.1713625777834
2017-08-28 03:15:00,2,292.1576636784557,292.12545295370904
2017-08-28 03:30:00,2,292.114088410351,292.08096175476516
2017-08-28 03:45:00,2,292.0720091522263,292.0380334392799
2017-08-28 04:00:00,2,292.0316376398711,291.9968317519602
2017-08-28 04:15:00,2,291.99309764475976,291.9574814394465
2017-08-28 04:30:00,2,291.95643296052685,291.9200499640571
2017-08-28 04:45:00,2,291.9217027058461,291.8846350850707
2017-08-28 05:00:00,2,291.8889819872605,291.8512971010082
2017-08-28 05:15:00,2,291.8583005924284,291.81996676224605
2017-08-28 05:30:00,2,291.8295450432144,291.790432854588
2017-08-28 05:45:00,2,291.80222291243587,291.7622391708782
2017-08-28 06:00:00,2,291.7759023378661,291.7350811616669
2017-08-28 06:15:00,2,291.7514805398853,291.70970381672356
2017-08-28 06:30:00,2,291.7311857524907,291.68821349828465
2017-08-28 06:45:00,2,291.7183086162169,291.67403534499584
2017-08-28 07:00:00,2,291.7165306924059,291.67098015968963
2017-08-28 07:15:00,2,291.72870708136236,291.6820399487406
2017-08-28 07:30:00,2,291.7565674932651,291.7090559151889
2017-08-28 07:45:00,2,291.80196485681614,291.75325342188285
2017-08-28 08:00:00,2,291.8663815158585,291.8154948271616
2017-08-28 08:15:00,2,291.94923392872266,291.8953142352353
2017-08-28 08:30:00,2,292.0463882281844,291.9899823804831
2017-08-28 08:45:00,2,292.1476304759166,292.09241017484834
2017-08-28 09:00:00,2,292.2515364517364,292.19157713544513
2017-08-28 09:15:00,2,292.37027749984566,292.3102718906608
2017-08-28 09:30:00,2,292.5124178728884,292.4534566421418
2017-08-28 09:45:00,2,292.6737536259858,292.6150613528041
2017-08-28 10:00:00,2,292.8536699139989,292.78980182859937
2017-08-28 10:15:00,2,293.0489273052656,292.98241124403916
2017-08-28 10:30:00,2,293.24602702831334,293.1809586624353
2017-08-28 10:45:00,2,293.44198071992065,293.3767126977199
2017-08-28 11:00:00,2,293.63673637518025,293.5683096050102
2017-08-28 11:15:00,2,293.8300609349162,293.75743216614825
2017-08-28 11:30:00,2,294.020986359668,293.94458409383236
2017-08-28 11:45:00,2,294.20761225153785,294.12811877981267
2017-08-28 12:00:00,2,294.3878753180174,294.30559343848677
2017-08-28 12:15:00,2,294.56021461242534,294.474976519709
2017-08-28 12:30:00,2,294.7231216312985,294.63477638720394
2017-08-28 12:45:00,2,294.87416673603525,294.78309185097567
2017-08-28 13:00:00,2,295.01112984617095,294.9178928894692
2017-08-28 13:15:00,2,295.133180162247,295.03816091581245
2017-08-28 13:30:00,2,295.2408724760219,295.14442336844434
2017-08-28 13:45:00,2,295.3356370737341,295.23831103890194
2017-08-28 14:00:00,2,295.41899160563327,295.3216040368171
2017-08-28 14:15:00,2,295.49197671821696,295.39553383129794
2017-08-28 14:30:00,2,295.5556033082147,295.4610950128533
2017-08-28 14:45:00,2,295.61167483113456,295.51965964873153
2017-08-28 15:00:00,2,295.661665990087,295.5725599005933
2017-08-28 15:15:00,2,295.7060709376766,295.62043840839107
2017-08-28 15:30:00,2,295.74481479817376,295.6631736384247
2017-08-28 15:45:00,2,295.77740455583125,295.7001312861976
2017-08-28 16:00:00,2,295.80319873086785,295.73050314402457
2017-08-28 16:15:00,2,295.8215932976791,295.75353136506106
2017-08-28 16:30:00,2,295.8320275876549,295.7684538959118
2017-08-28 16:45:00,2,295.83371583595886,295.7740936175323
2017-08-28 17:00:00,2,295.8257549364205,295.77025006983126
2017-08-28 17:15:00,2,295.80735239900554,295.7570029445837
2017-08-28 17:30:00,2,295.77810374851845,295.73393099012
2017-08-28 17:45:00,2,295.7381231262956,295.7011610477456
2017-08-28 18:00:00,2,295.688255007919,295.65983675140717
2017-08-28 18:15:00,2,295.63027053775534,295.61163699580425
2017-08-28 18:30:00,2,295.56537374191134,295.5579292890141
2017-08-28 18:45:00,2,295.49514434095596,295.4991383897613
2017-08-28 19:00:00,2,295.4216409315391,295.4352061912397
2017-08-28 19:15:00,2,295.3451043000815,295.36708570664814
2017-08-28 19:30:00,2,295.2653551095493,295.2950683955104
2017-08-28 19:45:00,2,295.1817865309681,295.21868032676264
2017-08-28 20:00:00,2,295.0936925089515,295.1373310321158
2017-08-28 20:15:00,2,295.0017892163488,295.0508176955468
2017-08-28 20:30:00,2,294.90785849278245,294.96007299449684
2017-08-28 20:45:00,2,294.81478583899667,294.86771593987993
2017-08-28 21:00:00,2,294.7227651433316,294.77632382717167
2017-08-28 21:15:00,2,294.6267133653864,294.6799616912526
2017-08-28 21:30:00,2,294.5269033292718,294.57845921107446
2017-08-28 21:45:00,2,294.42580023379367,294.47518844973604
2017-08-28 22:00:00,2,294.32570734549137,294.37301842820733
2017-08-28 22:15:00,2,294.2274699984428,294.2729203637194
2017-08-28 22:30:00,2,294.13105549573055,294.17465500200166
2017-08-28 22:45:00,2,294.0362904342133,294.0778028399761
2017-08-28 23:00:00,2,293.943010041948,293.98218337908276
2017-08-28 23:15:00,2,293.85086101006556,293.88772299072247
2017-08-28 23:30:00,2,293.75992696686905,293.7942403196776
2017-08-28 23:45:00,2,293.675074116106,293.700764054156
2017-08-29 00:00:00,2,293.59635693705513,293.61434965979447
2017-08-29 00:15:00,2,293.52285197509434,293.5362871475459
2017-08-29 00:30:00,2,293.4538925476906,293.4643727020516
2017-08-29 00:45:00,2,293.388590693694,293.3962681479129
2017-08-29 01:00:00,2,293.3258910993945,293.3306138236563
2017-08-29 01:15:00,2,293.26492095209903,293.266736811174
2017-08-29 01:30:00,2,293.2051350084429,293.2042616174216
2017-08-29 01:45:00,2,293.1463494873388,293.14303117754406
2017-08-29 02:00:00,2,293.0886837927435,293.083134499277
2017-08-29 02:15:00,2,293.0323717983539,293.024818157335
2017-08-29 02:30:00,2,292.9776488840093,292.9683656367021
2017-08-29 02:45:00,2,292.9248272303136,292.9140584175269
2017-08-29 03:00:00,2,292.87418049439947,292.8621144534028
2017-08-29 03:15:00,2,292.82581238613136,292.81264171382395
2017-08-29 03:30:00,2,292.77963127677566,292.76544594444454
2017-08-29 03:45:00,2,292.73525912165644,292.72007566451384
2017-08-29 04:00:00,2,292.69215432103255,292.67599003903536
2017-08-29 04:15:00,2,292.64987723248424,292.632765979649
2017-08-29 04:30:00,2,292.60825317171316,292.59015250051283
2017-08-29 04:45:00,2,292.5673609696667,292.5481312131833
2017-08-29 05:00:00,2,292.5273705654471,292.5069220559027
2017-08-29 05:15:00,2,292.4884181052319,292.46676844061886
2017-08-29 05:30:00,2,292.4505091846026,292.4277262277486
2017-08-29 05:45:00,2,292.41336828197586,292.3895659933173
2017-08-29 06:00:00,2,292.37688157646875,292.3522613578517
2017-08-29 06:15:00,2,292.34222462469853,292.3168538021634
2017-08-29 06:30:00,2,292.31179775350085,292.285942950606
2017-08-29 06:45:00,2,292.2892070588079,292.2630048706539
2017-08-29 07:00:00,2,292.2785099668471,292.2519988908102
2017-08-29 07:15:00,2,292.28298152640355,292.2562549531254
2017-08-29 07:30:00,2,292.304650469717,292.27788145028035
2017-08-29 07:45:00,2,292.3451656261959,292.3180435925989
2017-08-29 08:00:00,2,292.40586698927143,292.3772010519916
2017-08-29 08:15:00,2,292.48528499707413,292.45431802910986
2017-08-29 08:30:00,2,292.58059412729426,292.54604584602123
2017-08-29 08:45:00,2,292.6794489287309,292.6442611606124
2017-08-29 09:00:00,2,292.77882431922404,292.74190972736005
2017-08-29 09:15:00,2,292.8929948738396,292.85452351219493
2017-08-29 09:30:00,2,293.0270414035952,292.98732859777704
2017-08-29 09:45:00,2,293.17841786494364,293.13713468044796
2017-08-29 10:00:00,2,293.3497751315352,293.30176646826135
2017-08-29 10:15:00,2,293.5365972226359,293.4862156194803
2017-08-29 10:30:00,2,293.726964837038,293.6787766828032
2017-08-29 10:45:00,2,293.91596681271693,293.8682771409189
2017-08-29 11:00:00,2,294.1003087526775,294.04981448688073
2017-08-29 11:15:00,2,294.2774014343072,294.22253520159296
2017-08-29 11:30:00,2,294.44558893917076,294.38643724877693
2017-08-29 11:45:00,2,294.6041958827943,294.54126888888607
2017-08-29 12:00:00,2,294.7527662892625,294.68652499852055
2017-08-29 12:15:00,2,294.89074377025776,294.8215670135802
2017-08-29 12:30:00,2,295.0173884621976,294.9455497365365
2017-08-29 12:45:00,2,295.13143339732136,295.0572485682118
2017-08-29 13:00:00,2,295.23156492396475,295.1553485657713
2017-08-29 13:15:00,2,295.31695163555503,295.2389631389689
2017-08-29 13:30:00,2,295.38800612356863,295.3086103104397
2017-08-29 13:45:00,2,295.44768932038755,295.36701431772417
2017-08-29 14:00:00,2,295.4997615866904,295.4179673544408
2017-08-29 14:15:00,2,295.5468144903227,295.46456009117907
2017-08-29 14:30:00,2,295.5901382637445,295.50815163709376
2017-08-29 14:45:00,2,295.62909317284044,295.5481048993767
2017-08-29 15:00:00,2,295.6619903605072,295.58261712689927
2017-08-29 15:15:00,2,295.6872483457257,295.6098754154982
2017-08-29 15:30:00,2,295.7040635678851,295.6290011380674
2017-08-29 15:45:00,2,295.7130350649143,295.64044804613974
2017-08-29 16:00:00,2,295.71529477227466,295.6452898616843
2017-08-29 16:15:00,2,295.71133052272376,295.644092900072
2017-08-29 16:30:00,2,295.70055193877255,295.6356060836342
2017-08-29 16:45:00,2,295.68075893471126,295.6193963022106
2017-08-29 17:00:00,2,295.6493668345837,295.5934194726488
2017-08-29 17:15:00,2,295.60459248458017,295.55559264261933
2017-08-29 17:30:00,2,295.5457565898963,295.50506225877285
2017-08-29 17:45:00,2,295.4727956164686,295.4423592553956
2017-08-29 18:00:00,2,295.3884657754253,295.37008585829165
2017-08-29 18:15:00,2,295.29833704366456,295.29116545929725
2017-08-29 18:30:00,2,295.2051316569815,295.20792806081465
2017-08-29 18:45:00,2,295.1105636121962,295.1219455965548
2017-08-29 19:00:00,2,295.01797614409816,295.0364750265223
2017-08-29 19:15:00,2,294.9308008309625,294.9498433214554
2017-08-29 19:30:00,2,294.8422871187044,294.85990927861644
2017-08-29 19:45:00,2,294.7462324535295,294.76752404512115
2017-08-29 20:00:00,2,294.64394997764515,294.6692435791083
2017-08-29 20:15:00,2,294.54018719678066,294.56779475586654
2017-08-29 20:30:00,2,294.43856277306554,294.46747731000426
2017-08-29 20:45:00,2,294.34124968980154,294.37084557489214
2017-08-29 21:00:00,2,294.248563121521,294.2784073407261
2017-08-29 21:15:00,2,294.16015296744615,294.18966707049196
2017-08-29 21:30:00,2,294.07540697038434,294.1040203182382
2017-08-29 21:45:00,2,293.9935273250973,294.0210499329729
2017-08-29 22:00:00,2,293.9171302947192,293.9402919534193
2017-08-29 22:15:00,2,293.8477500325807,293.86390266198697
2017-08-29 22:30:00,2,293.78403976625435,293.79461263484427
2017-08-29 22:45:00,2,293.72512685100287,293.7321316455079
2017-08-29 23:00:00,2,293.67057517801203,293.6749305388787
2017-08-29 23:15:00,2,293.62013249116944,293.62194735802296
2017-08-29 23:30:00,2,293.57355750343913,293.5728246588477
2017-08-29 23:45:00,2,293.53052374853235,293.5274386064206
2017-08-30 00:00:00,2,293.4906435810077,293.48561171634265
2017-08-30 00:15:00,2,293.45354391754006,293.4467951185323
2017-08-30 00:30:00,2,293.4188486021449,293.41042170789717
2017-08-30 00:45:00,2,293.3860265050036,293.375979424567
2017-08-30 01:00:00,2,293.3544677953072,293.34299076810834
2017-08-30 01:15:00,2,293.3236674817921,293.31081882095134
2017-08-30 01:30:00,2,293.29330070063315,293.279081835393
2017-08-30 01:45:00,2,293.2632896630647,293.24782350600134
2017-08-30 02:00:00,2,293.2337359868528,293.2171754040152
2017-08-30 02:15:00,2,293.2047707913761,293.1872303319442
2017-08-30 02:30:00,2,293.17649977512946,293.15806702132
2017-08-30 02:45:00,2,293.149045150748,293.1297801422266
2017-08-30 03:00:00,2,293.1225232645254,293.10246394464093
2017-08-30 03:15:00,2,293.0969947210626,293.0761741126584
2017-08-30 03:30:00,2,293.0724561223503,293.05090489338585
2017-08-30 03:45:00,2,293.0488370570899,293.0265862645188
2017-08-30 04:00:00,2,293.026023065151,293.00310774269974
2017-08-30 04:15:00,2,293.00389412248484,292.98036621403776
2017-08-30 04:30:00,2,292.98234718902205,292.9582042567559
2017-08-30 04:45:00,2,292.9613112177285,292.9365039168235
2017-08-30 05:00:00,2,292.9407432194281,292.9152291034543
2017-08-30 05:15:00,2,292.920612305006,292.89438101776807
2017-08-30 05:30:00,2,292.9008934211647,292.87395618590125
2017-08-30 05:45:00,2,292.881586340993,292.85395758673866
2017-08-30 06:00:00,2,292.862985484009,292.83472671398647
2017-08-30 06:15:00,2,292.84646782639925,292.8174576128897
2017-08-30 06:30:00,2,292.83391549645455,292.80384740383863
2017-08-30 06:45:00,2,292.8263960832437,292.79509869702184
2017-08-30 07:00:00,2,292.8237980212257,292.7912193143848
2017-08-30 07:15:00,2,292.8249330857555,292.79100379178516
2017-08-30 07:30:00,2,292.82805692721035,292.7928708645606
2017-08-30 07:45:00,2,292.832281125927,292.7959054840159
2017-08-30 08:00:00,2,292.8379608950807,292.80033609562804
2017-08-30 08:15:00,2,292.84653962937006,292.8074718229008
2017-08-30 08:30:00,2,292.8597270700608,292.81889801816476
2017-08-30 08:45:00,2,292.8782745287687,292.83549888473476
2017-08-30 09:00:00,2,292.90212944765494,292.8574602315406
2017-08-30 09:15:00,2,292.9314588906066,292.88482895595627
2017-08-30 09:30:00,2,292.96685064554816,292.91803893687796
2017-08-30 09:45:00,2,293.0079807600634,292.95764308985457
2017-08-30 10:00:00,2,293.05403218308794,293.0022075138527
2017-08-30 10:15:00,2,293.10594385095953,293.05096855047327
2017-08-30 10:30:00,2,293.1605493851898,293.10442326547104
2017-08-30 10:45:00,2,293.22322898002176,293.1669165926026
2017-08-30 11:00:00,2,293.2939168222012,293.2380053287151
2017-08-30 11:15:00,2,293.37119380219445,293.31542920931844
2017-08-30 11:30:00,2,293.4566550661092,293.39918331274345
2017-08-30 11:45:00,2,293.5559365249159,293.4935743659879
2017-08-30 12:00:00,2,293.66775328615245,293.60380390373075
2017-08-30 12:15:00,2,293.7887682220351,293.72540330606785
2017-08-30 12:30:00,2,293.91384002760657,293.8507954083308
2017-08-30 12:45:00,2,294.036167174775,293.9725250694966
2017-08-30 13:00:00,2,294.1509957485526,294.0863730482081
2017-08-30 13:15:00,2,294.26035544179524,294.1937544142008
2017-08-30 13:30:00,2,294.36896157062023,294.2993085406708
2017-08-30 13:45:00,2,294.47921499623936,294.4065072969246
2017-08-30 14:00:00,2,294.5899082441082,294.51469911252434
2017-08-30 14:15:00,2,294.6956233724907,294.6188451788283
2017-08-30 14:30:00,2,294.790098365951,294.7124891960957
2017-08-30 14:45:00,2,294.86932289413414,294.79108098933864
2017-08-30 15:00:00,2,294.93161663740756,294.8529020030436
2017-08-30 15:15:00,2,294.9766332846633,294.8980376058177
2017-08-30 15:30:00,2,295.00516363586814,294.9276589645011
2017-08-30 15:45:00,2,295.0197516043441,294.9440316307892
2017-08-30 16:00:00,2,295.02334943055627,294.9497766865464
2017-08-30 16:15:00,2,295.01775176457573,294.9467280368785
2017-08-30 16:30:00,2,295.00362998332236,294.93534859184683
2017-08-30 16:45:00,2,294.98084438943954,294.91596030472147
2017-08-30 17:00:00,2,294.94893428301845,294.8889982532498
2017-08-30 17:15:00,2,294.90735196961674,294.8541037893408
2017-08-30 17:30:00,2,294.85566975154774,294.81089926139555
2017-08-30 17:45:00,2,294.79372475697335,294.75956899001324
2017-08-30 18:00:00,2,294.72501003939243,294.7011762684985
2017-08-30 18:15:00,2,294.6525161908718,294.6377323537442
2017-08-30 18:30:00,2,294.5788891027463,294.57221812146696
2017-08-30 18:45:00,2,294.50781583656516,294.5044717991302
2017-08-30 19:00:00,2,294.4365758810962,294.43188064440204
2017-08-30 19:15:00,2,294.3576852958536,294.3549305505731
2017-08-30 19:30:00,2,294.2673384131803,294.2693500712281
2017-08-30 19:45:00,2,294.1692076537547,294.17567677642256
2017-08-30 20:00:00,2,294.067341158654,294.07738530127426
2017-08-30 20:15:00,2,293.9653587802938,293.97794340117525
2017-08-30 20:30:00,2,293.86419848518824,293.8790159913227
2017-08-30 20:45:00,2,293.7643641606667,293.78081759498446
2017-08-30 21:00:00,2,293.67149412630556,293.68185654990737
2017-08-30 21:15:00,2,293.5854282765705,293.5905208649013
2017-08-30 21:30:00,2,293.50425981799555,293.50709951088044
2017-08-30 21:45:00,2,293.42661520175653,293.42827169377625
2017-08-30 22:00:00,2,293.3515405166671,293.3515413860638
2017-08-30 22:15:00,2,293.27839028396016,293.276154110092
2017-08-30 22:30:00,2,293.20668992687786,293.2020662353106
2017-08-30 22:45:00,2,293.13573368636906,293.12893529288664
2017-08-30 23:00:00,2,293.06467948027523,293.05599580476553
2017-08-30 23:15:00,2,292.9929080045358,292.9824985500158
2017-08-30 23:30:00,2,292.92032433848624,292.9082632051033
2017-08-30 23:45:00,2,292.84774148692514,292.8340013206278
2017-08-31 00:00:00,2,292.7764344148917,292.7609938483445
2017-08-31 00:15:00,2,292.7074456324353,292.690449789903
2017-08-31 00:30:00,2,292.64146384414363,292.6232026126944
2017-08-31 00:45:00,2,292.5791167191033,292.55988604048196
2017-08-31 01:00:00,2,292.521018577488,292.500880028517
2017-08-31 01:15:00,2,292.4675889094557,292.44657868356705
2017-08-31 01:30:00,2,292.4191073246647,292.39741069346
2017-08-31 01:45:00,2,292.3760897225356,292.35356699718403
2017-08-31 02:00:00,2,292.3391026936804,292.3154416561807
2017-08-31 02:15:00,2,292.3084070828838,292.28347780045465
2017-08-31 02:30:00,2,292.2836702315149,292.25737073732324
2017-08-31 02:45:00,2,292.2633788657208,292.2358866728454
2017-08-31 03:00:00,2,292.24548527353545,292.21648288461193
2017-08-31 03:15:00,2,292.22836179832797,292.1974151386332
2017-08-31 03:30:00,2,292.2108581676158,292.1777571869639
2017-08-31 03:45:00,2,292.19180819993244,292.156762262525
2017-08-31 04:00:00,2,292.17013677683804,292.1336362961713
2017-08-31 04:15:00,2,292.1451816252795,292.1077415170273
2017-08-31 04:30:00,2,292.1168222278544,292.0789065050513
2017-08-31 04:45:00,2,292.0856999992614,292.0475971276779
2017-08-31 05:00:00,2,292.0528219125983,292.01452885608484
2017-08-31 05:15:00,2,292.0190116936129,291.98050340115157
2017-08-31 05:30:00,2,291.9848748600273,291.94621164785156
2017-08-31 05:45:00,2,291.951086701686,291.912242801367
2017-08-31 06:00:00,2,291.91825385482974,291.8792186030009
2017-08-31 06:15:00,2,291.8872669442764,291.8480823032552
2017-08-31 06:30:00,2,291.8608778974428,291.82114079006976
2017-08-31 06:45:00,2,291.84259723790643,291.8016688395046
2017-08-31 07:00:00,2,291.8352033647707,291.79281496477773
2017-08-31 07:15:00,2,291.8407308789882,291.79689822014984
2017-08-31 07:30:00,2,291.86095018651497,291.81575828391107
2017-08-31 07:45:00,2,291.8983288082503,291.8511786156506
2017-08-31 08:00:00,2,291.9557027095071,291.90422216900765
2017-08-31 08:15:00,2,292.0308860534746,291.9741681851998
2017-08-31 08:30:00,2,292.12053097116285,292.05823433167114
2017-08-31 08:45:00,2,292.21808571047467,292.15220234765474
2017-08-31 09:00:00,2,292.31492800759827,292.2499045983675
2017-08-31 09:15:00,2,292.40904011182016,292.34293699910245
2017-08-31 09:30:00,2,292.51418147865996,292.44654710407264
2017-08-31 09:45:00,2,292.63408781182244,292.5651911246235
2017-08-31 10:00:00,2,292.7635127176245,292.69374355305564
2017-08-31 10:15:00,2,292.89849692728467,292.82602107283765
2017-08-31 10:30:00,2,293.03932847664834,292.959563563207
2017-08-31 10:45:00,2,293.1821433225275,293.0989417538337
2017-08-31 11:00:00,2,293.31986784018767,293.2372793912643
2017-08-31 11:15:00,2,293.4513277624013,293.3689647417794
2017-08-31 11:30:00,2,293.57658176715285,293.49289445645275
2017-08-31 11:45:00,2,293.6967719350845,293.6109237057312
2017-08-31 12:00:00,2,293.81338902357413,293.72532407863173
2017-08-31 12:15:00,2,293.9272190537176,293.8372804923076
2017-08-31 12:30:00,2,294.03795683532246,293.94638972013854
2017-08-31 12:45:00,2,294.14361283839196,294.05067803372174
2017-08-31 13:00:00,2,294.2416033510001,294.1475174760528
2017-08-31 13:15:00,2,294.32994715705985,294.23477293476043
2017-08-31 13:30:00,2,294.40776614384714,294.3116028037123
2017-08-31 13:45:00,2,294.47567399234674,294.37862860739904
2017-08-31 14:00:00,2,294.53482309828985,294.4371287831977
2017-08-31 14:15:00,2,294.58585244405225,294.4880486522035
2017-08-31 14:30:00,2,294.6289495344046,294.5317173852943
2017-08-31 14:45:00,2,294.664210385885,294.5681847694613
2017-08-31 15:00:00,2,294.69180493959135,294.597482985567
2017-08-31 15:15:00,2,294.7116437310781,294.61953352647515
2017-08-31 15:30:00,2,294.72343146258896,294.6340737267456
2017-08-31 15:45:00,2,294.72681924368584,294.6407153814589
2017-08-31 16:00:00,2,294.7215177199524,294.6390557382416
2017-08-31 16:15:00,2,294.7072935840571,294.62876121309114
2017-08-31 16:30:00,2,294.68398046393844,294.6094610860703
2017-08-31 16:45:00,2,294.6513656365013,294.58063611909967
2017-08-31 17:00:00,2,294.6093189720245,294.543274917914
2017-08-31 17:15:00,2,294.55784884570284,294.4980136601537
2017-08-31 17:30:00,2,294.49725471512414,294.44522266815426
2017-08-31 17:45:00,2,294.42794605993333,294.38558257449097
2017-08-31 18:00:00,2,294.352386733209,294.32047701213156
2017-08-31 18:15:00,2,294.2748779640564,294.25191579107934
2017-08-31 18:30:00,2,294.197693720126,294.18241544357545
2017-08-31 18:45:00,2,294.12281704392706,294.1142541404697
2017-08-31 19:00:00,2,294.0524250290821,294.04385928647935
2017-08-31 19:15:00,2,293.9768739300362,293.97025417953654
2017-08-31 19:30:00,2,293.89194110431754,293.88868519370743
2017-08-31 19:45:00,2,293.8009030538139,293.79985889159246
2017-08-31 20:00:00,2,293.7073274443351,293.70752091507967
2017-08-31 20:15:00,2,293.6135188440602,293.6155472077327
2017-08-31 20:30:00,2,293.52177034519127,293.5257743642087
2017-08-31 20:45:00,2,293.4321209460748,293.4381641823891
2017-08-31 21:00:00,2,293.34723477196593,293.3515875190327
2017-08-31 21:15:00,2,293.26894355807167,293.26830713364745
2017-08-31 21:30:00,2,293.19541455608754,293.19092880065574
2017-08-31 21:45:00,2,293.1256248237191,293.11902579705685
2017-08-31 22:00:00,2,293.05915425700664,293.0510216535656
2017-08-31 22:15:00,2,292.995672700849,292.98581566925674
2017-08-31 22:30:00,2,292.93480955909774,292.9230034449938
2017-08-31 22:45:00,2,292.87630857754436,292.86253488751237
2017-08-31 23:00:00,2,292.8200759933222,292.80444479807943
2017-08-31 23:15:00,2,292.76605568893143,292.7487390219798
2017-08-31 23:30:00,2,292.7140160760977,292.6952081304878
2017-08-31 23:45:00,2,292.663161356205,292.6432518160106
2017-09-01 00:00:00,2,292.6124052416278,292.5915867535058
2017-08-01 00:15:00,3,293.37552026535775,294.0492259627918
2017-08-01 00:30:00,3,293.3421789355084,294.01411003999533
2017-08-01 00:45:00,3,293.30842808136345,293.97868962375895
2017-08-01 01:00:00,3,293.2702126286516,293.9391939118943
2017-08-01 01:15:00,3,293.22410136102627,293.89201957478076
2017-08-01 01:30:00,3,293.1682176341125,293.8351832864707
2017-08-01 01:45:00,3,293.1034073471536,293.7693267679273
2017-08-01 02:00:00,3,293.03252173936966,293.69720633611354
2017-08-01 02:15:00,3,292.95852487656555,293.6220799167799
2017-08-01 02:30:00,3,292.8837227613661,293.546539126132
2017-08-01 02:45:00,3,292.8100843441557,293.47247134723324
2017-08-01 03:00:00,3,292.7393430513133,293.40135002429895
2017-08-01 03:15:00,3,292.6727140608526,293.3342580183312
2017-08-01 03:30:00,3,292.61069950191273,293.2716604054984
2017-08-01 03:45:00,3,292.55290333796955,293.21320537638076
2017-08-01 04:00:00,3,292.498376007861,293.1579515921926
2017-08-01 04:15:00,3,292.4461588443421,293.1048594365694
2017-08-01 04:30:00,3,292.3954672421217,293.05308873922826
2017-08-01 04:45:00,3,292.3455956139529,293.00197555342356
2017-08-01 05:00:00,3,292.2959105304357,292.9509565065036
2017-08-01 05:15:00,3,292.2459648664282,292.899620390097
2017-08-01 05:30:00,3,292.1957586494843,292.8480462550883
2017-08-01 05:45:00,3,292.14778592720575,292.7991401524967
2017-08-01 06:00:00,3,292.11028170578885,292.7600081216776
2017-08-01 06:15:00,3,292.0903050965684,292.7374973073733
2017-08-01 06:30:00,3,292.0893099804439,292.73435601187015
2017-08-01 06:45:00,3,292.10730545819746,292.7506520110645
2017-08-01 07:00:00,3,292.14431451671175,292.78604074369713
2017-08-01 07:15:00,3,292.19896992516703,292.83963774711776
2017-08-01 07:30:00,3,292.26849971275595,292.9085391335488
2017-08-01 07:45:00,3,292.34916782515444,292.98917469576617
2017-08-01 08:00:00,3,292.4370035489634,293.07731973061703
2017-08-01 08:15:00,3,292.528166688993,293.1692034275886
2017-08-01 08:30:00,3,292.61622635356656,293.26165822314385
2017-08-01 08:45:00,3,292.70406535907415,293.34750225544764
2017-08-01 09:00:00,3,292.7967524945725,293.43347847945995
2017-08-01 09:15:00,3,292.8936210389871,293.52447894355913
2017-08-01 09:30:00,3,292.9931621665949,293.6206746653331
2017-08-01 09:45:00,3,293.0950555805502,293.7207248028225
2017-08-01 10:00:00,3,293.2012633197395,293.8247441079211
2017-08-01 10:15:00,3,293.3168528664579,293.93481344195715
2017-08-01 10:30:00,3,293.43979443631184,294.0571306862742
2017-08-01 10:45:00,3,293.56418723763903,294.1861828541242
2017-08-01 11:00:00,3,293.68650987427395,294.3147269157007
2017-08-01 11:15:00,3,293.8045973803444,294.43785177715984
2017-08-01 11:30:00,3,293.9168491409687,294.5533490310118
2017-08-01 11:45:00,3,294.0221420158601,294.66056374850587
2017-08-01 12:00:00,3,294.11983982931054,294.759337742717
2017-08-01 12:15:00,3,294.20937257909657,294.84955472023626
2017-08-01 12:30:00,3,294.2905798363802,294.93123202055784
2017-08-01 12:45:00,3,294.3640326317814,295.0050427114884
2017-08-01 13:00:00,3,294.4309997780019,295.07255938295634
2017-08-01 13:15:00,3,294.4937414821509,295.1355370073551
2017-08-01 13:30:00,3,294.5556072141351,295.19554133452135
2017-08-01 13:45:00,3,294.61823850257076,295.25492350560285
2017-08-01 14:00:00,3,294.6814429317569,295.31438212241113
2017-08-01 14:15:00,3,294.74347262149803,295.37247489943013
2017-08-01 14:30:00,3,294.80261411975437,295.42729660919093
2017-08-01 14:45:00,3,294.85840246746375,295.478039804402
2017-08-01 15:00:00,3,294.911351013577,295.52512858964786
2017-08-01 15:15:00,3,294.961866229433,295.5693033853374
2017-08-01 15:30:00,3,295.0099775930981,295.6109733336132
2017-08-01 15:45:00,3,295.05568709041717,295.6501925738773
2017-08-01 16:00:00,3,295.0988112682383,295.6866938777932
2017-08-01 16:15:00,3,295.13883191525423,295.71988016629393
2017-08-01 16:30:00,3,295.1745761315121,295.7489487795308
2017-08-01 16:45:00,3,295.20475030513586,295.77309029639565
2017-08-01 17:00:00,3,295.22859538880954,295.79153833794624
2017-08-01 17:15:00,3,295.2452444428532,295.803516916666
2017-08-01 17:30:00,3,295.25417115289724,295.80853309960025
2017-08-01 17:45:00,3,295.256371124857,295.8069380160615
2017-08-01 18:00:00,3,295.25368058066044,295.7998411129979
2017-08-01 18:15:00,3,295.2465314730248,295.78785754438337
2017-08-01 18:30:00,3,295.2339672434801,295.77045680852535
2017-08-01 18:45:00,3,295.2147252746508,295.7463485757184
2017-08-01 19:00:00,3,295.18628045515277,295.71383022924573
2017-08-01 19:15:00,3,295.1417709934346,295.67106134514086
2017-08-01 19:30:00,3,295.07885113130607,295.61294016423
2017-08-01 19:45:00,3,294.9948842066316,295.5339622084484
2017-08-01 20:00:00,3,294.8862559280841,295.4321760724367
2017-08-01 20:15:00,3,294.7579244109457,295.31157652409945
2017-08-01 20:30:00,3,294.6190639202938,295.180445969355
2017-08-01 20:45:00,3,294.479335112905,295.0486328491095
2017-08-01 21:00:00,3,294.3464248567846,294.92251972238313
2017-08-01 21:15:00,3,294.2227716076648,294.8038839185835
2017-08-01 21:30:00,3,294.10929719889396,294.69004837172207
2017-08-01 21:45:00,3,294.00209938497636,294.58050773398566
2017-08-01 22:00:00,3,293.9009567587519,294.4765758189772
2017-08-01 22:15:00,3,293.80693694750096,294.3791847275595
2017-08-01 22:30:00,3,293.7252958061035,294.2957520051481
2017-08-01 22:45:00,3,293.65551133762625,294.2261511067869
2017-08-01 23:00:00,3,293.59487047245574,294.16639477304784
2017-08-01 23:15:00,3,293.5412786488179,294.11299129509973
2017-08-01 23:30:00,3,293.493302013737,294.06425507255346
2017-08-01 23:45:00,3,293.4499916470304,294.01964142111797
2017-08-02 00:00:00,3,293.41068410099126,293.9788697262612
2017-08-02 00:15:00,3,293.37485615683437,293.9415604607533
2017-08-02 00:30:00,3,293.3419797767575,293.90715577528016
2017-08-02 00:45:00,3,293.3112853443183,293.87490183059583
2017-08-02 01:00:00,3,293.2819063372403,293.8439780321812
2017-08-02 01:15:00,3,293.25315324155656,293.81378196344383
2017-08-02 01:30:00,3,293.22461436186535,293.7838993895783
2017-08-02 01:45:00,3,293.19620955454343,293.75416961699545
2017-08-02 02:00:00,3,293.1680384427794,293.7246511814776
2017-08-02 02:15:00,3,293.1401950962406,293.69546720489325
2017-08-02 02:30:00,3,293.11275754512064,293.66673254927014
2017-08-02 02:45:00,3,293.0859183786317,293.63861181185507
2017-08-02 03:00:00,3,293.05993891600133,293.6113241203202
2017-08-02 03:15:00,3,293.03500926083325,293.58506115504036
2017-08-02 03:30:00,3,293.011178810944,293.55988287326596
2017-08-02 03:45:00,3,292.988285743796,293.5356532940963
2017-08-02 04:00:00,3,292.96603827942056,293.5120956332768
2017-08-02 04:15:00,3,292.94415367588584,293.48891295502904
2017-08-02 04:30:00,3,292.9223672738549,293.4658180548057
2017-08-02 04:45:00,3,292.90032799438023,293.44248747917555
2017-08-02 05:00:00,3,292.8776668276678,293.4185853068995
2017-08-02 05:15:00,3,292.8541298872088,293.39385370873777
2017-08-02 05:30:00,3,292.82975565739844,293.3683869367808
2017-08-02 05:45:00,3,292.8066056344345,293.3445831328819
2017-08-02 06:00:00,3,292.79175057693107,293.32852295773193
2017-08-02 06:15:00,3,292.79192034081126,293.32655182802114
2017-08-02 06:30:00,3,292.8086312010263,293.3412502536184
2017-08-02 06:45:00,3,292.8398820554748,293.37133237259985
2017-08-02 07:00:00,3,292.88266490488274,293.41376993635515
2017-08-02 07:15:00,3,292.9332039772194,293.4648810205869
2017-08-02 07:30:00,3,292.98710465014915,293.52074347981505
2017-08-02 07:45:00,3,293.04267655478463,293.57865168004525
2017-08-02 08:00:00,3,293.09437452898794,293.6348316444274
2017-08-02 08:15:00,3,293.1440608507992,293.684697276677
2017-08-02 08:30:00,3,293.1936847192961,293.73115611838637
2017-08-02 08:45:00,3,293.24539758992006,293.7780404441873
2017-08-02 09:00:00,3,293.2998900005826,293.82846314284814
2017-08-02 09:15:00,3,293.35894265942045,293.88456891872005
2017-08-02 09:30:00,3,293.42470905699196,293.94786054342666
2017-08-02 09:45:00,3,293.5009291543656,294.0199288161856
2017-08-02 10:00:00,3,293.5875389526451,294.10435885041926
2017-08-02 10:15:00,3,293.6818259560778,294.20038867955657
2017-08-02 10:30:00,3,293.7816911225788,294.3038854427497
2017-08-02 10:45:00,3,293.88452903509017,294.4105814137428
2017-08-02 11:00:00,3,293.9874272386314,294.5169920215113
2017-08-02 11:15:00,3,294.0878828478081,294.62050712022375
2017-08-02 11:30:00,3,294.18421883228194,294.7194703536917
2017-08-02 11:45:00,3,294.2759163819558,294.8133607084613
2017-08-02 12:00:00,3,294.3633483116608,294.9025757321594
2017-08-02 12:15:00,3,294.44710585101336,294.9878337124155
2017-08-02 12:30:00,3,294.52756269492596,295.0696369436984
2017-08-02 12:45:00,3,294.6048311375579,295.1481956951029
2017-08-02 13:00:00,3,294.67915575055105,295.2238016931352
2017-08-02 13:15:00,3,294.7508022611424,295.29700235307297
2017-08-02 13:30:00,3,294.82258753476015,295.36819873525275
2017-08-02 13:45:00,3,294.8968099596073,295.44007188795985
2017-08-02 14:00:00,3,294.9742205037868,295.51429313305147
2017-08-02 14:15:00,3,295.05420305961655,295.59048042257535
2017-08-02 14:30:00,3,295.1352026097688,295.6669126072831
2017-08-02 14:45:00,3,295.2150924004146,295.7413848532241
2017-08-02 15:00:00,3,295.2916343877073,295.8117723349341
2017-08-02 15:15:00,3,295.3628642947088,295.87630446352193
2017-08-02 15:30:00,3,295.42709995820593,295.9334572335666
2017-08-02 15:45:00,3,295.48242875893254,295.9815502872864
2017-08-02 16:00:00,3,295.52658751400185,296.0187506779925
2017-08-02 16:15:00,3,295.55753500323783,296.04358693282825
2017-08-02 16:30:00,3,295.57498460246524,296.05576470802345
2017-08-02 16:45:00,3,295.58062411496485,296.0566460570002
2017-08-02 17:00:00,3,295.5767931364246,296.04839074812315
2017-08-02 17:15:00,3,295.56481969110206,296.03260968744104
2017-08-02 17:30:00,3,295.5453576862031,296.0101723701314
2017-08-02 17:45:00,3,295.5197133180054,295.98201134675213
2017-08-02 18:00:00,3,295.48953981226884,295.9491496123519
2017-08-02 18:15:00,3,295.45501436829284,295.9118415659563
2017-08-02 18:30:00,3,295.41518259974066,295.8693818116642
2017-08-02 18:45:00,3,295.3692089913872,295.82065994319555
2017-08-02 19:00:00,3,295.3112494179472,295.7646133053239
2017-08-02 19:15:00,3,295.2381990022707,295.69713699855896
2017-08-02 19:30:00,3,295.1488239975872,295.61288543194047
2017-08-02 19:45:00,3,295.04085306171163,295.5089956847673
2017-08-02 20:00:00,3,294.91118245088967,295.3858145648919
2017-08-02 20:15:00,3,294.7664476909795,295.2497695115778
2017-08-02 20:30:00,3,294.61974097371547,295.11015170141786
2017-08-02 20:45:00,3,294.4781549017461,294.97449533355183
2017-08-02 21:00:00,3,294.3445938160181,294.8440977725773
2017-08-02 21:15:00,3,294.21709511664443,294.71530375678805
2017-08-02 21:30:00,3,294.0896162478338,294.58620747083
2017-08-02 21:45:00,3,293.96389419482296,294.4568319889195
2017-08-02 22:00:00,3,293.8474404757931,294.33737863632916
2017-08-02 22:15:00,3,293.73870151895153,294.2289781738113
2017-08-02 22:30:00,3,293.6355557238741,294.12760181937284
2017-08-02 22:45:00,3,293.53673855547635,294.0298532326566
2017-08-02 23:00:00,3,293.4416290458166,293.9347057475783
2017-08-02 23:15:00,3,293.3498299318258,293.84237608413594
2017-08-02 23:30:00,3,293.26119318040713,293.7532562421009
2017-08-02 23:45:00,3,293.1762290793011,293.66784352873026
2017-08-03 00:00:00,3,293.09572833995804,293.58675672302513
2017-08-03 00:15:00,3,293.02019659054076,293.5104889403418
2017-08-03 00:30:00,3,292.9498986205525,293.4393736709467
2017-08-03 00:45:00,3,292.8853598173728,293.3738569089119
2017-08-03 01:00:00,3,292.8272213158394,293.3144970181945
2017-08-03 01:15:00,3,292.7758129903219,293.2616742174738
2017-08-03 01:30:00,3,292.7311808999859,293.21552509537923
2017-08-03 01:45:00,3,292.69347565736837,293.1761697414755
2017-08-03 02:00:00,3,292.6629288122318,293.1438980232024
2017-08-03 02:15:00,3,292.63961546673437,293.1187910536691
2017-08-03 02:30:00,3,292.6231738205448,293.10039740296793
2017-08-03 02:45:00,3,292.61217021557775,293.0874114776525
2017-08-03 03:00:00,3,292.60458294506236,293.07794917045027
2017-08-03 03:15:00,3,292.59871215192396,293.0702422761765
2017-08-03 03:30:00,3,292.59341948147164,293.06306840669276
2017-08-03 03:45:00,3,292.58798842976455,293.05572998279854
2017-08-03 04:00:00,3,292.58198253366885,293.0478515443948
2017-08-03 04:15:00,3,292.57516765063997,293.0391830853601
2017-08-03 04:30:00,3,292.56743985294565,293.02961987595864
2017-08-03 04:45:00,3,292.55875129217907,293.01913703224136
2017-08-03 05:00:00,3,292.5490621659681,293.0077246094979
2017-08-03 05:15:00,3,292.5383494154261,292.99537542993926
2017-08-03 05:30:00,3,292.5266973553484,292.9821798051638
2017-08-03 05:45:00,3,292.5149597872308,292.9690984077037
2017-08-03 06:00:00,3,292.5062711654588,292.95894660234734
2017-08-03 06:15:00,3,292.50467546160536,292.9554664751476
2017-08-03 06:30:00,3,292.5123836830926,292.9613433726924
2017-08-03 06:45:00,3,292.5299820066322,292.9776035351665
2017-08-03 07:00:00,3,292.55713874559245,293.0036407103033
2017-08-03 07:15:00,3,292.59197656761285,293.0374199514651
2017-08-03 07:30:00,3,292.631720659742,293.0760849797486
2017-08-03 07:45:00,3,292.67371160631205,293.1168616527769
2017-08-03 08:00:00,3,292.71613681662643,293.15799636979494
2017-08-03 08:15:00,3,292.7588023537011,293.1992555572402
2017-08-03 08:30:00,3,292.8025299919874,293.24147575196935
2017-08-03 08:45:00,3,292.8478601984428,293.2855517713203
2017-08-03 09:00:00,3,292.8942584779301,293.33174147627057
2017-08-03 09:15:00,3,292.940765757479,293.37952567620107
2017-08-03 09:30:00,3,292.9891488129289,293.42647821318906
2017-08-03 09:45:00,3,293.0402004976758,293.47450078011286
2017-08-03 10:00:00,3,293.0944166157493,293.52555359007164
2017-08-03 10:15:00,3,293.15189255288703,293.58054023015325
2017-08-03 10:30:00,3,293.2118332568534,293.63937109897455
2017-08-03 10:45:00,3,293.2762467437036,293.7011045550976
2017-08-03 11:00:00,3,293.34989272353704,293.76935972742353
2017-08-03 11:15:00,3,293.43580510811506,293.8466496415965
2017-08-03 11:30:00,3,293.5295122857806,293.93647777687937
2017-08-03 11:45:00,3,293.62626667107077,294.0342609333956
2017-08-03 12:00:00,3,293.7234549539724,294.1342203482038
2017-08-03 12:15:00,3,293.81880640423356,294.23203788136175
2017-08-03 12:30:00,3,293.9098421671744,294.3248635416188
2017-08-03 12:45:00,3,293.9946578765233,294.41098093427104
2017-08-03 13:00:00,3,294.07246978038194,294.48960992471496
2017-08-03 13:15:00,3,294.1429685618987,294.5604279223106
2017-08-03 13:30:00,3,294.20606550352056,294.6233336450541
2017-08-03 13:45:00,3,294.2622568695072,294.6786562259175
2017-08-03 14:00:00,3,294.3126998795978,294.72765328584524
2017-08-03 14:15:00,3,294.3595459801037,294.77252016646
2017-08-03 14:30:00,3,294.4054567057731,294.81594729420374
2017-08-03 14:45:00,3,294.4522315115174,294.86017675771507
2017-08-03 15:00:00,3,294.5006204868381,294.906378090872
2017-08-03 15:15:00,3,294.5512360318516,294.95497572519855
2017-08-03 15:30:00,3,294.6045384180234,295.00606239351947
2017-08-03 15:45:00,3,294.66056166543757,295.05960287651743
2017-08-03 16:00:00,3,294.7194710003799,295.1154452615698
2017-08-03 16:15:00,3,294.78142753682937,295.1730022153893
2017-08-03 16:30:00,3,294.84538179621876,295.2316058116461
2017-08-03 16:45:00,3,294.9070705066503,295.2893867819365
2017-08-03 17:00:00,3,294.96391273753227,295.34202176819457
2017-08-03 17:15:00,3,295.00869854750664,295.38227889672567
2017-08-03 17:30:00,3,295.0322259326188,295.40181776680794
2017-08-03 17:45:00,3,295.0278893116623,295.39404099402805
2017-08-03 18:00:00,3,294.9938382351971,295.3580671203092
2017-08-03 18:15:00,3,294.93755695868686,295.30107710027306
2017-08-03 18:30:00,3,294.87025964649297,295.23381559761646
2017-08-03 18:45:00,3,294.8005293129918,295.16529141568697
2017-08-03 19:00:00,3,294.7339248505975,295.09976767560244
2017-08-03 19:15:00,3,294.6698898405045,295.03615502924794
2017-08-03 19:30:00,3,294.59828071058206,294.97039474845883
2017-08-03 19:45:00,3,294.5117712485837,294.8912681117597
2017-08-03 20:00:00,3,294.40614506631545,294.79319135313426
2017-08-03 20:15:00,3,294.28542608633256,294.67921468528215
2017-08-03 20:30:00,3,294.15936691471137,294.5581967520329
2017-08-03 20:45:00,3,294.0355769419811,294.43909866449576
2017-08-03 21:00:00,3,293.91885430359827,294.32241665772546
2017-08-03 21:15:00,3,293.80623613609396,294.2083064411262
2017-08-03 21:30:00,3,293.69736429757637,294.09668935146397
2017-08-03 21:45:00,3,293.5993794443206,293.9963534243316
2017-08-03 22:00:00,3,293.51226749684804,293.90933571561106
2017-08-03 22:15:00,3,293.43408337116733,293.83266567464995
2017-08-03 22:30:00,3,293.36339329920213,293.7630966257516
2017-08-03 22:45:00,3,293.29915419734385,293.69901038563387
2017-08-03 23:00:00,3,293.24054418626184,293.6399235155575
2017-08-03 23:15:00,3,293.1868824983021,293.58557817518704
2017-08-03 23:30:00,3,293.13758880599204,293.5355526372308
2017-08-03 23:45:00,3,293.09215284408714,293.4893194168832
2017-08-04 00:00:00,3,293.05012290043186,293.4463887124726
2017-08-04 00:15:00,3,293.0111056703205,293.4063660636324
2017-08-04 00:30:00,3,292.97475644329273,293.36892948581436
2017-08-04 00:45:00,3,292.9407581641217,293.3337903294084
2017-08-04 01:00:00,3,292.90882496826094,293.30068282877926
2017-08-04 01:15:00,3,292.87871011978064,293.2694628919514
2017-08-04 01:30:00,3,292.8501153230099,293.2398111742495
2017-08-04 01:45:00,3,292.82244556206194,293.21112301981566
2017-08-04 02:00:00,3,292.79497119974764,293.18267997858135
2017-08-04 02:15:00,3,292.76713210938107,293.1538931178561
2017-08-04 02:30:00,3,292.7386701081121,293.12449729208186
2017-08-04 02:45:00,3,292.7097505032416,293.09462421693047
2017-08-04 03:00:00,3,292.6807323138656,293.06462505630736
2017-08-04 03:15:00,3,292.6518882903905,293.0348151494366
2017-08-04 03:30:00,3,292.62338870205866,293.0053981722749
2017-08-04 03:45:00,3,292.59547458568113,292.9765828063162
2017-08-04 04:00:00,3,292.56847179382436,292.9486509882968
2017-08-04 04:15:00,3,292.54266057540366,292.9218890830898
2017-08-04 04:30:00,3,292.51817991812055,292.8964586441679
2017-08-04 04:45:00,3,292.49494064788604,292.87229963297443
2017-08-04 05:00:00,3,292.47269038421143,292.849172163409
2017-08-04 05:15:00,3,292.4511690583043,292.826790746002
2017-08-04 05:30:00,3,292.4302139257449,292.80495534551403
2017-08-04 05:45:00,3,292.41028204867916,292.78424357819864
2017-08-04 06:00:00,3,292.3938756682707,292.7669148352375
2017-08-04 06:15:00,3,292.38450788157655,292.75621140280356
2017-08-04 06:30:00,3,292.3842269800271,292.7544965768566
2017-08-04 06:45:00,3,292.3931566907008,292.7622561582836
2017-08-04 07:00:00,3,292.4099055719455,292.77801007947653
2017-08-04 07:15:00,3,292.431095993508,292.79827359033527
2017-08-04 07:30:00,3,292.4528465343917,292.8190942790238
2017-08-04 07:45:00,3,292.47292254185874,292.8379243436969
2017-08-04 08:00:00,3,292.49104556265917,292.85446959721435
2017-08-04 08:15:00,3,292.50902975391574,292.8706213240021
2017-08-04 08:30:00,3,292.5295345060927,292.8890958072804
2017-08-04 08:45:00,3,292.55395154897667,292.91161609882784
2017-08-04 09:00:00,3,292.5820320972068,292.9381432463133
2017-08-04 09:15:00,3,292.6124665862667,292.96731656326824
2017-08-04 09:30:00,3,292.64377933707925,292.9975369143989
2017-08-04 09:45:00,3,292.6752592307376,293.027914171618
2017-08-04 10:00:00,3,292.706775529427,293.05839426619815
2017-08-04 10:15:00,3,292.7378746082239,293.08923646954224
2017-08-04 10:30:00,3,292.76899210750236,293.1205553156069
2017-08-04 10:45:00,3,292.8008845908124,293.15141993201837
2017-08-04 11:00:00,3,292.83341170179125,293.1817842565666
2017-08-04 11:15:00,3,292.866355898532,293.2122952949255
2017-08-04 11:30:00,3,292.89969110127896,293.24342567839204
2017-08-04 11:45:00,3,292.9336999864628,293.2754916660817
2017-08-04 12:00:00,3,292.9688757679213,293.30886174252197
2017-08-04 12:15:00,3,293.00561665914825,293.3438698362806
2017-08-04 12:30:00,3,293.0438857126477,293.38070726169747
2017-08-04 12:45:00,3,293.0836344902504,293.41950583710604
2017-08-04 13:00:00,3,293.1281741763438,293.4610859358686
2017-08-04 13:15:00,3,293.18161046461637,293.5089622354658
2017-08-04 13:30:00,3,293.24488275567086,293.56870436350437
2017-08-04 13:45:00,3,293.31902182719995,293.64160126743326
2017-08-04 14:00:00,3,293.4043931259562,293.7272523053067
2017-08-04 14:15:00,3,293.5004342448024,293.82402248682206
2017-08-04 14:30:00,3,293.60571115489745,293.92968408401305
2017-08-04 14:45:00,3,293.7183416176895,294.04185528809916
2017-08-04 15:00:00,3,293.835878919435,294.1575874268467
2017-08-04 15:15:00,3,293.9538201005339,294.2722372109737
2017-08-04 15:30:00,3,294.06398274631414,294.3788907497061
2017-08-04 15:45:00,3,294.15956367792376,294.4710303091161
2017-08-04 16:00:00,3,294.23906803270415,294.54602517694013
2017-08-04 16:15:00,3,294.3015267333684,294.60359843164207
2017-08-04 16:30:00,3,294.34587088526627,294.6436202178915
2017-08-04 16:45:00,3,294.3709838960909,294.66560178711234
2017-08-04 17:00:00,3,294.37668249389696,294.6693648365283
2017-08-04 17:15:00,3,294.36361150533514,294.6549980324006
2017-08-04 17:30:00,3,294.33223279548747,294.6235392299516
2017-08-04 17:45:00,3,294.2839523720186,294.5768797921596
2017-08-04 18:00:00,3,294.2215529451094,294.51816814269273
2017-08-04 18:15:00,3,294.1511355384725,294.45265567712477
2017-08-04 18:30:00,3,294.0816343519375,294.387047028957
2017-08-04 18:45:00,3,294.0190750705591,294.3270741505674
2017-08-04 19:00:00,3,293.96589653008397,294.2748635593905
2017-08-04 19:15:00,3,293.91842730782537,294.2285501070407
2017-08-04 19:30:00,3,293.86765117514926,294.1807849412342
2017-08-04 19:45:00,3,293.8063363965131,294.12225957141237
2017-08-04 20:00:00,3,293.7282485552579,294.04742306576406
2017-08-04 20:15:00,3,293.634532895333,293.95748823140474
2017-08-04 20:30:00,3,293.5329707896285,293.8592473673427
2017-08-04 20:45:00,3,293.4311741122097,293.7572713549536
2017-08-04 21:00:00,3,293.3290023867109,293.6534314801124
2017-08-04 21:15:00,3,293.2303925673298,293.55251791755086
2017-08-04 21:30:00,3,293.1395592910509,293.46032378687147
2017-08-04 21:45:00,3,293.05577820507614,293.3774063321058
2017-08-04 22:00:00,3,292.97829948085814,293.30160575606584
2017-08-04 22:15:00,3,292.90649098383807,293.23100606867894
2017-08-04 22:30:00,3,292.8397727865861,293.16478651695894
2017-08-04 22:45:00,3,292.7776992710618,293.10276777691934
2017-08-04 23:00:00,3,292.719943091893,293.04486414193195
2017-08-04 23:15:00,3,292.666214914003,292.99087456620015
2017-08-04 23:30:00,3,292.61622765532115,292.9405157436328
2017-08-04 23:45:00,3,292.56970440364825,292.8935021578781
2017-08-05 00:00:00,3,292.52637853351445,292.8495756510862
2017-08-05 00:15:00,3,292.48598789341895,292.8084973097169
2017-08-05 00:30:00,3,292.44832552398606,292.77009571248084
2017-08-05 00:45:00,3,292.41338523302204,292.73435468512
2017-08-05 01:00:00,3,292.3812897324943,292.7014806557826
2017-08-05 01:15:00,3,292.3521144778384,292.6715577241872
2017-08-05 01:30:00,3,292.32573527263145,292.6443862059981
2017-08-05 01:45:00,3,292.30156956331285,292.6193339902327
2017-08-05 02:00:00,3,292.27877237265534,292.59559674117486
2017-08-05 02:15:00,3,292.2566032728287,292.5724574598009
2017-08-05 02:30:00,3,292.234598776273,292.54948736283313
2017-08-05 02:45:00,3,292.212713994268,292.52663291475466
2017-08-05 03:00:00,3,292.19114892092193,292.50408334119084
2017-08-05 03:15:00,3,292.17009118197205,292.4820527806776
2017-08-05 03:30:00,3,292.14962451428005,292.4606383246196
2017-08-05 03:45:00,3,292.1296859030867,292.4397767432117
2017-08-05 04:00:00,3,292.11010691279137,292.41929267968794
2017-08-05 04:15:00,3,292.0907064260292,292.398992231683
2017-08-05 04:30:00,3,292.07136990020786,292.37875627558526
2017-08-05 04:45:00,3,292.05211113875055,292.3585896238949
2017-08-05 05:00:00,3,292.0330241170522,292.33858744900664
2017-08-05 05:15:00,3,292.01420291753385,292.31886040605394
2017-08-05 05:30:00,3,291.99572495431147,292.299510311494
2017-08-05 05:45:00,3,291.9781735513698,292.2812585543793
2017-08-05 06:00:00,3,291.96418935051076,292.2664928260227
2017-08-05 06:15:00,3,291.95759216027767,292.2587102908351
2017-08-05 06:30:00,3,291.9608139252467,292.2606787607385
2017-08-05 06:45:00,3,291.9744960031973,292.27341673784076
2017-08-05 07:00:00,3,291.9978952019288,292.29593576983797
2017-08-05 07:15:00,3,292.02832266435706,292.3254131682288
2017-08-05 07:30:00,3,292.06222599459824,292.3582369978104
2017-08-05 07:45:00,3,292.09662756930044,292.39123438483466
2017-08-05 08:00:00,3,292.1297731844353,292.4225853300293
2017-08-05 08:15:00,3,292.1617926957264,292.452483992731
2017-08-05 08:30:00,3,292.1941121633577,292.482513705427
2017-08-05 08:45:00,3,292.22823987002596,292.51462194334425
2017-08-05 09:00:00,3,292.2653495427003,292.5503226285512
2017-08-05 09:15:00,3,292.30642747876533,292.5907571638323
2017-08-05 09:30:00,3,292.3511113388507,292.6363994126729
2017-08-05 09:45:00,3,292.4008119461449,292.6848875344823
2017-08-05 10:00:00,3,292.455696979763,292.7372567652193
2017-08-05 10:15:00,3,292.51340345159673,292.7935798204891
2017-08-05 10:30:00,3,292.5762732300463,292.85433572202214
2017-08-05 10:45:00,3,292.64884879664123,292.9231286683893
2017-08-05 11:00:00,3,292.73209549370233,293.00172679458336
2017-08-05 11:15:00,3,292.8272299572972,293.0902280376289
2017-08-05 11:30:00,3,292.9287095214627,293.19026703532114
2017-08-05 11:45:00,3,293.0329279763981,293.2967690894523
2017-08-05 12:00:00,3,293.1390999909975,293.4052919737397
2017-08-05 12:15:00,3,293.2461104896807,293.5135996465588
2017-08-05 12:30:00,3,293.3524527481011,293.6206177370095
2017-08-05 12:45:00,3,293.4564328239618,293.7252732174006
2017-08-05 13:00:00,3,293.5565644264493,293.8262826968191
2017-08-05 13:15:00,3,293.6518923312918,293.9226215268378
2017-08-05 13:30:00,3,293.74262429700417,294.01429693558134
2017-08-05 13:45:00,3,293.83037893515393,294.1026094368648
2017-08-05 14:00:00,3,293.91680762889956,294.18907187164467
2017-08-05 14:15:00,3,294.00134338241946,294.27334849662077
2017-08-05 14:30:00,3,294.0808583014831,294.35250890493325
2017-08-05 14:45:00,3,294.1513888854558,294.42232315853835
2017-08-05 15:00:00,3,294.2098551174162,294.4794553640126
2017-08-05 15:15:00,3,294.2556613567528,294.5230298889307
2017-08-05 15:30:00,3,294.2901982245972,294.55449912975655
2017-08-05 15:45:00,3,294.31525135640476,294.5761627534778
2017-08-05 16:00:00,3,294.33205974345884,294.589948101976
2017-08-05 16:15:00,3,294.3407290849377,294.59626323092954
2017-08-05 16:30:00,3,294.3403888129405,294.5940884333242
2017-08-05 16:45:00,3,294.32951156947325,294.58173345168444
2017-08-05 17:00:00,3,294.30732005413415,294.557975432616
2017-08-05 17:15:00,3,294.27377274328256,294.52256173259417
2017-08-05 17:30:00,3,294.2267834182419,294.47623134189786
2017-08-05 17:45:00,3,294.165968661965,294.4180593546402
2017-08-05 18:00:00,3,294.09297600089263,294.34901406740363
2017-08-05 18:15:00,3,294.0125779390724,294.27337128434954
2017-08-05 18:30:00,3,293.93270755388534,294.1973698793089
2017-08-05 18:45:00,3,293.85953011217924,294.12640749611626
2017-08-05 19:00:00,3,293.7957107607951,294.0628042637411
2017-08-05 19:15:00,3,293.7381862886455,294.0051627836442
2017-08-05 19:30:00,3,293.678138757776,293.9474211431391
2017-08-05 19:45:00,3,293.60985633964617,293.881320458914
2017-08-05 20:00:00,3,293.52894890609286,293.8021860304734
2017-08-05 20:15:00,3,293.4362355016169,293.71112040185153
2017-08-05 20:30:00,3,293.3374292626835,293.61427374437403
2017-08-05 20:45:00,3,293.2380063743043,293.5134357418713
2017-08-05 21:00:00,3,293.13703823425226,293.4109650266625
2017-08-05 21:15:00,3,293.0397368896833,293.3105348159212
2017-08-05 21:30:00,3,292.9514422907749,293.219639060568
2017-08-05 21:45:00,3,292.8714458920319,293.1396323377272
2017-08-05 22:00:00,3,292.7987750157845,293.06818397103854
2017-08-05 22:15:00,3,292.7326920445612,293.0029824760242
2017-08-05 22:30:00,3,292.6725522717256,292.94295768922075
2017-08-05 22:45:00,3,292.6176280755945,292.8876926073534
2017-08-05 23:00:00,3,292.56711709894125,292.8367248233958
2017-08-05 23:15:00,3,292.5202786874712,292.78941089278055
2017-08-05 23:30:00,3,292.47653067410687,292.7451271350239
2017-08-05 23:45:00,3,292.4354847595353,292.70343939701775
2017-08-06 00:00:00,3,292.39688710727165,292.66410152388306
2017-08-06 00:15:00,3,292.36053963504037,292.6269566413242
2017-08-06 00:30:00,3,292.3262061590681,292.5917897577482
2017-08-06 00:45:00,3,292.2934427426763,292.5582040388998
2017-08-06 01:00:00,3,292.2616858055754,292.52577798623
2017-08-06 01:15:00,3,292.23045631730736,292.4939905796902
2017-08-06 01:30:00,3,292.19948004724847,292.46245992058624
2017-08-06 01:45:00,3,292.1688352640036,292.4311987327918
2017-08-06 02:00:00,3,292.13882412569353,292.40050856110895
2017-08-06 02:15:00,3,292.10972601571734,292.3707201006896
2017-08-06 02:30:00,3,292.08170834019694,292.34203180945275
2017-08-06 02:45:00,3,292.0548356088332,292.314499074877
2017-08-06 03:00:00,3,292.02910200206827,292.2880928997833
2017-08-06 03:15:00,3,292.00446019798903,292.262751937317
2017-08-06 03:30:00,3,291.98084138493743,292.2384060647027
2017-08-06 03:45:00,3,291.9581678039855,292.2149823439203
2017-08-06 04:00:00,3,291.9363601292229,292.1924067357499
2017-08-06 04:15:00,3,291.91534156275577,292.170606510827
2017-08-06 04:30:00,3,291.8950399290096,292.14951279313203
2017-08-06 04:45:00,3,291.8753885883676,292.1290620102106
2017-08-06 05:00:00,3,291.8563266755038,292.1091962143471
2017-08-06 05:15:00,3,291.83779886744964,292.08986291958274
2017-08-06 05:30:00,3,291.8197590041954,292.0710268758965
2017-08-06 05:45:00,3,291.80259989910024,292.05320851416326
2017-08-06 06:00:00,3,291.7885480789079,292.038432102106
2017-08-06 06:15:00,3,291.78103168362367,292.02982225736224
2017-08-06 06:30:00,3,291.78235499105557,292.02990795921005
2017-08-06 06:45:00,3,291.7929578623304,292.0394628085725
2017-08-06 07:00:00,3,291.8116501545818,292.0570804521367
2017-08-06 07:15:00,3,291.8352256788692,292.0795233102722
2017-08-06 07:30:00,3,291.8599414774122,292.1031518308434
2017-08-06 07:45:00,3,291.88367154244384,292.1256278496443
2017-08-06 08:00:00,3,291.90637090668065,292.14693955560875
2017-08-06 08:15:00,3,291.93057529589487,292.16953360255405
2017-08-06 08:30:00,3,291.9599384102924,292.19713548101817
2017-08-06 08:45:00,3,291.9968757737698,292.2324802615832
2017-08-06 09:00:00,3,292.0416781581717,292.27617943582555
2017-08-06 09:15:00,3,292.09221929570333,292.3268570949323
2017-08-06 09:30:00,3,292.14575772151545,292.38174190589996
2017-08-06 09:45:00,3,292.203559802965,292.437657860441
2017-08-06 10:00:00,3,292.2650220160321,292.49591242491226
2017-08-06 10:15:00,3,292.3277238285896,292.55630442678194
2017-08-06 10:30:00,3,292.3961885749275,292.6221592153471
2017-08-06 10:45:00,3,292.47259430668356,292.69517274791644
2017-08-06 11:00:00,3,292.5547091538154,292.77351089763295
2017-08-06 11:15:00,3,292.6405625719717,292.8541216050842
2017-08-06 11:30:00,3,292.72277684635094,292.93567534135497
2017-08-06 11:45:00,3,292.79861458509026,293.01350617091106
2017-08-06 12:00:00,3,292.8691817388436,293.0856324260579
2017-08-06 12:15:00,3,292.9363363170267,293.1532083501901
2017-08-06 12:30:00,3,293.0022223821294,293.219030033678
2017-08-06 12:45:00,3,293.0695950684164,293.2863686635376
2017-08-06 13:00:00,3,293.14119317121873,293.3580455428407
2017-08-06 13:15:00,3,293.2185186503229,293.43580137696495
2017-08-06 13:30:00,3,293.30231629742104,293.5203952585593
2017-08-06 13:45:00,3,293.39300198217865,293.6120500246619
2017-08-06 14:00:00,3,293.4908026694133,293.7106860134505
2017-08-06 14:15:00,3,293.5952209239027,293.815641344522
2017-08-06 14:30:00,3,293.7047930589699,293.9252517942002
2017-08-06 14:45:00,3,293.8167448787718,294.0365966161328
2017-08-06 15:00:00,3,293.9275898769881,294.14599207810545
2017-08-06 15:15:00,3,294.03408679852635,294.2498575814444
2017-08-06 15:30:00,3,294.13383861402065,294.3453249993065
2017-08-06 15:45:00,3,294.2247105557428,294.4306319128389
2017-08-06 16:00:00,3,294.3010066387484,294.5018380840734
2017-08-06 16:15:00,3,294.3610591778007,294.5569341179571
2017-08-06 16:30:00,3,294.4050749924693,294.5960864164569
2017-08-06 16:45:00,3,294.4344905184373,294.6209640132086
2017-08-06 17:00:00,3,294.45108071669847,294.6334533360926
2017-08-06 17:15:00,3,294.4557848009283,294.63470148344777
2017-08-06 17:30:00,3,294.4490636186293,294.625551961398
2017-08-06 17:45:00,3,294.4321439289826,294.60705785298745
2017-08-06 18:00:00,3,294.40713962527127,294.5806746726446
2017-08-06 18:15:00,3,294.3750801206359,294.547333156375
2017-08-06 18:30:00,3,294.3359320351563,294.5072439347472
2017-08-06 18:45:00,3,294.2902568047255,294.46057725780355
2017-08-06 19:00:00,3,294.23765595300415,294.4076972452553
2017-08-06 19:15:00,3,294.1734930448437,294.3487442363671
2017-08-06 19:30:00,3,294.09545659599047,294.27822647577534
2017-08-06 19:45:00,3,293.999665041291,294.18960009050875
2017-08-06 20:00:00,3,293.8821416079597,294.0798358363169
2017-08-06 20:15:00,3,293.74589510215003,293.95199627693887
2017-08-06 20:30:00,3,293.59902174288226,293.8136607709357
2017-08-06 20:45:00,3,293.45057104891265,293.67346826272666
2017-08-06 21:00:00,3,293.3060549907699,293.53728382942876
2017-08-06 21:15:00,3,293.16920307033166,293.4029986492137
2017-08-06 21:30:00,3,293.035139484857,293.2698110561037
2017-08-06 21:45:00,3,292.9086681384402,293.13867833587886
2017-08-06 22:00:00,3,292.79849907440627,293.02438977089867
2017-08-06 22:15:00,3,292.70474239214064,292.9305818647262
2017-08-06 22:30:00,3,292.62651897251175,292.8539962236473
2017-08-06 22:45:00,3,292.56185092291116,292.79033326430715
2017-08-06 23:00:00,3,292.5079869173246,292.736437949401
2017-08-06 23:15:00,3,292.4623394195438,292.6901608624981
2017-08-06 23:30:00,3,292.4227756509235,292.6497558978947
2017-08-06 23:45:00,3,292.38738250199714,292.61353024823904
2017-08-07 00:00:00,3,292.3545139383699,292.5799374650975
2017-08-07 00:15:00,3,292.3229841814114,292.5476553193437
2017-08-07 00:30:00,3,292.2921034075524,292.51589988299605
2017-08-07 00:45:00,3,292.26170125302144,292.48449872063276
2017-08-07 01:00:00,3,292.23188360320256,292.45361050279325
2017-08-07 01:15:00,3,292.2027488790887,292.4235006288339
2017-08-07 01:30:00,3,292.17432166835954,292.3942271495212
2017-08-07 01:45:00,3,292.146632932433,292.36573296513694
2017-08-07 02:00:00,3,292.11974300746147,292.3380085197244
2017-08-07 02:15:00,3,292.09370328214453,292.3111008557938
2017-08-07 02:30:00,3,292.0685466111126,292.28507224872953
2017-08-07 02:45:00,3,292.0443195450286,292.2599824370398
2017-08-07 03:00:00,3,292.0210752496382,292.23588178988336
2017-08-07 03:15:00,3,291.99884038488074,292.21279969474455
2017-08-07 03:30:00,3,291.9776061055363,292.1907300889896
2017-08-07 03:45:00,3,291.9573355864023,292.16963508307856
2017-08-07 04:00:00,3,291.93797474991686,292.1494575248949
2017-08-07 04:15:00,3,291.9194609260648,292.13013246253377
2017-08-07 04:30:00,3,291.9017238914834,292.1115879521424
2017-08-07 04:45:00,3,291.8846741975533,292.09373758889245
2017-08-07 05:00:00,3,291.86821124941605,292.0764842995752
2017-08-07 05:15:00,3,291.85224358812405,292.0597355277705
2017-08-07 05:30:00,3,291.836705222977,292.0434324116851
2017-08-07 05:45:00,3,291.8219648600584,292.0280543029787
2017-08-07 06:00:00,3,291.80993898892405,292.0152629612109
2017-08-07 06:15:00,3,291.80306650783723,292.007303336205
2017-08-07 06:30:00,3,291.8027258200437,292.00579725537705
2017-08-07 06:45:00,3,291.809193799998,292.0112526648807
2017-08-07 07:00:00,3,291.82215860952505,292.02341373293103
2017-08-07 07:15:00,3,291.8411313246827,292.0415415867485
2017-08-07 07:30:00,3,291.86558978212634,292.0649489504841
2017-08-07 07:45:00,3,291.8950140594152,292.0931912685699
2017-08-07 08:00:00,3,291.9287704711395,292.1255766738893
2017-08-07 08:15:00,3,291.96546804394694,292.1609445523575
2017-08-07 08:30:00,3,292.00376304930904,292.19802569577547
2017-08-07 08:45:00,3,292.0425589385023,292.2357318470285
2017-08-07 09:00:00,3,292.0809455097592,292.2733742055955
2017-08-07 09:15:00,3,292.1181196506371,292.31078145679135
2017-08-07 09:30:00,3,292.1554592404805,292.3478139257944
2017-08-07 09:45:00,3,292.19415259428814,292.38461110176866
2017-08-07 10:00:00,3,292.2347363864885,292.422870040793
2017-08-07 10:15:00,3,292.2774976620453,292.46380685116964
2017-08-07 10:30:00,3,292.3218582083882,292.50757159142864
2017-08-07 10:45:00,3,292.36909448521186,292.5537424425893
2017-08-07 11:00:00,3,292.4227393263304,292.604890722932
2017-08-07 11:15:00,3,292.48341956880034,292.66238432458056
2017-08-07 11:30:00,3,292.552059416635,292.72641174358296
2017-08-07 11:45:00,3,292.6262747047707,292.79870019011264
2017-08-07 12:00:00,3,292.70261898425326,292.8757322031484
2017-08-07 12:15:00,3,292.7788104165357,292.9533236315438
2017-08-07 12:30:00,3,292.8527407053493,293.0283988547474
2017-08-07 12:45:00,3,292.9230643670042,293.0994099976154
2017-08-07 13:00:00,3,292.9894870185672,293.1661335789956
2017-08-07 13:15:00,3,293.0525784854813,293.2292349193189
2017-08-07 13:30:00,3,293.11326842207905,293.28974071979223
2017-08-07 13:45:00,3,293.17230260132624,293.3485258471048
2017-08-07 14:00:00,3,293.2302116405882,293.40629585357965
2017-08-07 14:15:00,3,293.28817951783475,293.46414296319404
2017-08-07 14:30:00,3,293.34811721133224,293.52377742293356
2017-08-07 14:45:00,3,293.41204200640385,293.5871927501999
2017-08-07 15:00:00,3,293.48150134205883,293.6558542718151
2017-08-07 15:15:00,3,293.556452744155,293.7297708768673
2017-08-07 15:30:00,3,293.63567830793164,293.8077295927596
2017-08-07 15:45:00,3,293.71852071407653,293.8884712038384
2017-08-07 16:00:00,3,293.80445754941593,293.9706908479793
2017-08-07 16:15:00,3,293.8912980661613,294.05187289476135
2017-08-07 16:30:00,3,293.97172198668466,294.12757176838915
2017-08-07 16:45:00,3,294.03880353151146,294.1910608220459
2017-08-07 17:00:00,3,294.0888728695017,294.2377207806263
2017-08-07 17:15:00,3,294.1216373969891,294.2668505638132
2017-08-07 17:30:00,3,294.1393017871824,294.2809506634602
2017-08-07 17:45:00,3,294.1462169246784,294.2844593320257
2017-08-07 18:00:00,3,294.1470488696475,294.28144879973587
2017-08-07 18:15:00,3,294.14267881096237,294.2734663060529
2017-08-07 18:30:00,3,294.1305338472728,294.2585702901262
2017-08-07 18:45:00,3,294.1074604812272,294.23337943464463
2017-08-07 19:00:00,3,294.0709858730979,294.1952781099091
2017-08-07 19:15:00,3,294.01493211042754,294.14321983548916
2017-08-07 19:30:00,3,293.9381951806692,294.07398212676856
2017-08-07 19:45:00,3,293.8408279856924,293.9844184523974
2017-08-07 20:00:00,3,293.7232761250247,293.8758103695976
2017-08-07 20:15:00,3,293.5932496871615,293.7547259173335
2017-08-07 20:30:00,3,293.4603538813638,293.63001863800116
2017-08-07 20:45:00,3,293.331432411193,293.50911040428446
2017-08-07 21:00:00,3,293.2113088029863,293.3971996177654
2017-08-07 21:15:00,3,293.10157258434504,293.29237219184336
2017-08-07 21:30:00,3,293.00124273729574,293.19242650532783
2017-08-07 21:45:00,3,292.905844305523,293.09662046540194
2017-08-07 22:00:00,3,292.81695864167057,293.0041102107249
2017-08-07 22:15:00,3,292.738291598273,292.9220741370629
2017-08-07 22:30:00,3,292.6680472648091,292.85119778612903
2017-08-07 22:45:00,3,292.60421447142363,292.7882446729823
2017-08-07 23:00:00,3,292.5451781081486,292.72999511714295
2017-08-07 23:15:00,3,292.48977220935313,292.6747478709437
2017-08-07 23:30:00,3,292.4372567566568,292.621995696476
2017-08-07 23:45:00,3,292.3873579774644,292.5717482676915
2017-08-08 00:00:00,3,292.3400429408885,292.52408787316347
2017-08-08 00:15:00,3,292.2952517924707,292.4789475295652
2017-08-08 00:30:00,3,292.25288520040243,292.43619271159866
2017-08-08 00:45:00,3,292.21293064642896,292.39577369572567
2017-08-08 01:00:00,3,292.17548665716015,292.3577666364303
2017-08-08 01:15:00,3,292.14065701546104,292.3222900043985
2017-08-08 01:30:00,3,292.10842298362485,292.28944881364134
2017-08-08 01:45:00,3,292.07850457078297,292.25899613892847
2017-08-08 02:00:00,3,292.050430114037,292.23040693755155
2017-08-08 02:15:00,3,292.02373339226784,292.2031517453837
2017-08-08 02:30:00,3,291.9980872075781,292.1768768484081
2017-08-08 02:45:00,3,291.9733524874331,292.15144158122075
2017-08-08 03:00:00,3,291.94950694021134,292.1268453550359
2017-08-08 03:15:00,3,291.9265554688543,292.10312554521323
2017-08-08 03:30:00,3,291.90448014920753,292.0802830744503
2017-08-08 03:45:00,3,291.8832023785133,292.05824988728307
2017-08-08 04:00:00,3,291.8625991940715,292.03690659109327
2017-08-08 04:15:00,3,291.842548486302,292.0161256062637
2017-08-08 04:30:00,3,291.82296047716625,291.9958157006165
2017-08-08 04:45:00,3,291.8038162225621,291.97595497167765
2017-08-08 05:00:00,3,291.78515839416536,291.9565838865136
2017-08-08 05:15:00,3,291.7670450447597,291.93776819907043
2017-08-08 05:30:00,3,291.7495227466357,291.9195671051831
2017-08-08 05:45:00,3,291.73293544535613,291.90241505415366
2017-08-08 06:00:00,3,291.7186974041036,291.88746446486317
2017-08-08 06:15:00,3,291.70809029035837,291.87592388824845
2017-08-08 06:30:00,3,291.70144840600443,291.8683706063622
2017-08-08 06:45:00,3,291.69865248982114,291.86476787434805
2017-08-08 07:00:00,3,291.699495684293,291.8648002000579
2017-08-08 07:15:00,3,291.7039920436835,291.86840223346
2017-08-08 07:30:00,3,291.71224826329785,291.8756574961633
2017-08-08 07:45:00,3,291.72412635650403,291.88642139132014
2017-08-08 08:00:00,3,291.7394092634679,291.900549858319
2017-08-08 08:15:00,3,291.7585336197431,291.91836440022325
2017-08-08 08:30:00,3,291.7822806330799,291.94051479887116
2017-08-08 08:45:00,3,291.8109298400202,291.96760779134706
2017-08-08 09:00:00,3,291.84437568548253,291.99969182057896
2017-08-08 09:15:00,3,291.88188493896286,292.0361344213122
2017-08-08 09:30:00,3,291.9222976397428,292.0760195955597
2017-08-08 09:45:00,3,291.96394707128417,292.118548549235
2017-08-08 10:00:00,3,292.00800789349665,292.16157184643004
2017-08-08 10:15:00,3,292.0555871832337,292.2067270982387
2017-08-08 10:30:00,3,292.10620412038935,292.2551018411114
2017-08-08 10:45:00,3,292.1585796343019,292.3064265202084
2017-08-08 11:00:00,3,292.21242190755953,292.35932966253654
2017-08-08 11:15:00,3,292.27225101359585,292.41698381743726
2017-08-08 11:30:00,3,292.33941127733004,292.4814577032741
2017-08-08 11:45:00,3,292.4155442094537,292.55352147246464
2017-08-08 12:00:00,3,292.4996426796344,292.6357429491032
2017-08-08 12:15:00,3,292.58639980092244,292.72343619847504
2017-08-08 12:30:00,3,292.67240629317104,292.81127604490246
2017-08-08 12:45:00,3,292.75551563405304,292.89578956955506
2017-08-08 13:00:00,3,292.8347137071515,292.97570674818303
2017-08-08 13:15:00,3,292.9102940389898,293.0516498976551
2017-08-08 13:30:00,3,292.9842932147014,293.12604962715164
2017-08-08 13:45:00,3,293.06094517724097,293.2031251552101
2017-08-08 14:00:00,3,293.14524130070026,293.2876302662385
2017-08-08 14:15:00,3,293.2400511862162,293.38264989658205
2017-08-08 14:30:00,3,293.3452330821095,293.48810411146064
2017-08-08 14:45:00,3,293.4576444551391,293.60060404084646
2017-08-08 15:00:00,3,293.572624227124,293.71497599639645
2017-08-08 15:15:00,3,293.68597208355044,293.82622545835886
2017-08-08 15:30:00,3,293.7952031349191,293.93114891314326
2017-08-08 15:45:00,3,293.8955973389644,294.0266243871902
2017-08-08 16:00:00,3,293.98441159187087,294.11049042478817
2017-08-08 16:15:00,3,294.06175999194596,294.1825933755173
2017-08-08 16:30:00,3,294.12793202353316,294.2436649164053
2017-08-08 16:45:00,3,294.1833113800808,294.2944072663478
2017-08-08 17:00:00,3,294.228163052448,294.3350465208017
2017-08-08 17:15:00,3,294.26209209619657,294.3651306304981
2017-08-08 17:30:00,3,294.2846296666195,294.3841961384394
2017-08-08 17:45:00,3,294.2964475997491,294.3926244077451
2017-08-08 18:00:00,3,294.2989984986848,294.391580168946
2017-08-08 18:15:00,3,294.2923815590554,294.38136290229477
2017-08-08 18:30:00,3,294.2756424355698,294.36127233740666
2017-08-08 18:45:00,3,294.248577260702,294.33061882043546
2017-08-08 19:00:00,3,294.2087229645351,294.2889572648699
2017-08-08 19:15:00,3,294.1495367375664,294.2359909138255
2017-08-08 19:30:00,3,294.0696960452587,294.16340375897937
2017-08-08 19:45:00,3,293.9669677308355,294.0668221836445
2017-08-08 20:00:00,3,293.8382335764289,293.94632211318435
2017-08-08 20:15:00,3,293.68948079041013,293.80734352490674
2017-08-08 20:30:00,3,293.5310877151458,293.6587735650916
2017-08-08 20:45:00,3,293.37175446437385,293.50909995380835
2017-08-08 21:00:00,3,293.21924189496923,293.3659075657655
2017-08-08 21:15:00,3,293.078653859273,293.23484314810815
2017-08-08 21:30:00,3,292.95203798752306,293.11325823358584
2017-08-08 21:45:00,3,292.837236159804,292.99878322055395
2017-08-08 22:00:00,3,292.732310289229,292.8888583366813
2017-08-08 22:15:00,3,292.6377211964298,292.7901673992631
2017-08-08 22:30:00,3,292.54976606121,292.7018927146065
2017-08-08 22:45:00,3,292.46600125394434,292.6195893104892
2017-08-08 23:00:00,3,292.3851181362267,292.5398373075993
2017-08-08 23:15:00,3,292.30636120132976,292.4613899810502
2017-08-08 23:30:00,3,292.2292950465139,292.3842439411002
2017-08-08 23:45:00,3,292.1538982758387,292.3087388261791
2017-08-09 00:00:00,3,292.0804335523093,292.2352010228882
2017-08-09 00:15:00,3,292.0091696824248,292.16388482319786
2017-08-09 00:30:00,3,291.94063060054947,292.0954017695248
2017-08-09 00:45:00,3,291.8767009748662,292.03146976806045
2017-08-09 01:00:00,3,291.82014234373077,291.9746701786973
2017-08-09 01:15:00,3,291.7731466120415,291.9272422122474
2017-08-09 01:30:00,3,291.73648851204985,291.8899923756082
2017-08-09 01:45:00,3,291.7088187604422,291.86178149509084
2017-08-09 02:00:00,3,291.6875313609364,291.84000950805734
2017-08-09 02:15:00,3,291.6701884956764,291.8219733518565
2017-08-09 02:30:00,3,291.6548341203114,291.8055091086483
2017-08-09 02:45:00,3,291.6393040367099,291.78864131747633
2017-08-09 03:00:00,3,291.62136644461384,291.7694252292939
2017-08-09 03:15:00,3,291.5993609963417,291.74627022002016
2017-08-09 03:30:00,3,291.5727557629368,291.71873848399736
2017-08-09 03:45:00,3,291.5432687706077,291.68837207269405
2017-08-09 04:00:00,3,291.5140868797611,291.65819176161597
2017-08-09 04:15:00,3,291.48808230658767,291.6312313295974
2017-08-09 04:30:00,3,291.466975044122,291.60931821510604
2017-08-09 04:45:00,3,291.450968183294,291.5926660685176
2017-08-09 05:00:00,3,291.4392454872579,291.580376443328
2017-08-09 05:15:00,3,291.4308064995345,291.5712812733707
2017-08-09 05:30:00,3,291.4248061106467,291.5644332858932
2017-08-09 05:45:00,3,291.42087953156675,291.5596450582835
2017-08-09 06:00:00,3,291.42090350481584,291.55881903787724
2017-08-09 06:15:00,3,291.4294265187377,291.5659696394831
2017-08-09 06:30:00,3,291.4500893758805,291.58487915651085
2017-08-09 06:45:00,3,291.48380160035356,291.6168180636075
2017-08-09 07:00:00,3,291.5290646961653,291.6605471810613
2017-08-09 07:15:00,3,291.58321332163536,291.7133117325784
2017-08-09 07:30:00,3,291.643496617499,291.77220420028056
2017-08-09 07:45:00,3,291.70732826226,291.8347263857355
2017-08-09 08:00:00,3,291.7721188085056,291.8987267625175
2017-08-09 08:15:00,3,291.83412625654086,291.9619229175407
2017-08-09 08:30:00,3,291.8943347571008,292.0208132862702
2017-08-09 08:45:00,3,291.9530167816074,292.0773370965029
2017-08-09 09:00:00,3,292.01003042427806,292.13307978698805
2017-08-09 09:15:00,3,292.06730492903836,292.1893399475764
2017-08-09 09:30:00,3,292.1265735741791,292.2477815595329
2017-08-09 09:45:00,3,292.1913809920639,292.31136008745796
2017-08-09 10:00:00,3,292.2644564424374,292.38251871598015
2017-08-09 10:15:00,3,292.3483635078534,292.46276300624385
2017-08-09 10:30:00,3,292.4399197786786,292.55444835836664
2017-08-09 10:45:00,3,292.53543876892024,292.6537404047666
2017-08-09 11:00:00,3,292.63434141329725,292.7573029106405
2017-08-09 11:15:00,3,292.73629463073104,292.86357633729625
2017-08-09 11:30:00,3,292.84005987419323,292.9714900504327
2017-08-09 11:45:00,3,292.94392737396436,293.07959615032996
2017-08-09 12:00:00,3,293.04633842230464,293.1862573622508
2017-08-09 12:15:00,3,293.1461089419781,293.2899538981092
2017-08-09 12:30:00,3,293.2420104890968,293.3891555767519
2017-08-09 12:45:00,3,293.3323661330138,293.48218764227113
2017-08-09 13:00:00,3,293.41583673138666,293.5676944417669
2017-08-09 13:15:00,3,293.49232135876696,293.64534297970664
2017-08-09 13:30:00,3,293.56275350970793,293.71597501100194
2017-08-09 13:45:00,3,293.62855949673303,293.7810268834917
2017-08-09 14:00:00,3,293.69119616035636,293.842267919535
2017-08-09 14:15:00,3,293.7517240577849,293.90085420587417
2017-08-09 14:30:00,3,293.8108366330069,293.9569135152048
2017-08-09 14:45:00,3,293.86668158769584,294.00946299957286
2017-08-09 15:00:00,3,293.9189589944135,294.0583101447713
2017-08-09 15:15:00,3,293.96799323776946,294.1036477295665
2017-08-09 15:30:00,3,294.013768088413,294.14562370562135
2017-08-09 15:45:00,3,294.05612676945907,294.1842524192748
2017-08-09 16:00:00,3,294.0949274805644,294.21933621934807
2017-08-09 16:15:00,3,294.1296321489059,294.25033099001814
2017-08-09 16:30:00,3,294.1594785963439,294.2765774068998
2017-08-09 16:45:00,3,294.18400325809216,294.29762712802295
2017-08-09 17:00:00,3,294.20291931275483,294.3131277531247
2017-08-09 17:15:00,3,294.21560403113915,294.3225594246768
2017-08-09 17:30:00,3,294.22152603826663,294.32551229139517
2017-08-09 17:45:00,3,294.22125465390195,294.3223134004754
2017-08-09 18:00:00,3,294.2159400073542,294.3136654007893
2017-08-09 18:15:00,3,294.2053317113301,294.29950000252467
2017-08-09 18:30:00,3,294.18813612195567,294.2788356907803
2017-08-09 18:45:00,3,294.16350416002507,294.2505222972631
2017-08-09 19:00:00,3,294.1285227082019,294.21352374171084
2017-08-09 19:15:00,3,294.07795358784193,294.16675309073105
2017-08-09 19:30:00,3,294.00986097766645,294.10523861082976
2017-08-09 19:45:00,3,293.92165274856916,294.0239810424144
2017-08-09 20:00:00,3,293.8116765631811,293.921814509864
2017-08-09 20:15:00,3,293.684898589789,293.8032722069136
2017-08-09 20:30:00,3,293.5503029854961,293.6761651045969
2017-08-09 20:45:00,3,293.4143888291753,293.54779804225797
2017-08-09 21:00:00,3,293.28204871673677,293.4228918933804
2017-08-09 21:15:00,3,293.1547761257592,293.30224159624584
2017-08-09 21:30:00,3,293.0332142080116,293.18246252496294
2017-08-09 21:45:00,3,292.91291353591066,293.06273950597534
2017-08-09 22:00:00,3,292.7949094181558,292.94383021263326
2017-08-09 22:15:00,3,292.68731553165105,292.8316334199558
2017-08-09 22:30:00,3,292.5895031832047,292.73102033864103
2017-08-09 22:45:00,3,292.49872004397423,292.6402874969723
2017-08-09 23:00:00,3,292.412420898749,292.5550358190372
2017-08-09 23:15:00,3,292.328738090293,292.47195215842856
2017-08-09 23:30:00,3,292.2466760036544,292.3898523878832
2017-08-09 23:45:00,3,292.1663192706275,292.3091428333013
2017-08-10 00:00:00,3,292.08846027384175,292.2308772571411
2017-08-10 00:15:00,3,292.0139168797662,292.1560092839238
2017-08-10 00:30:00,3,291.94308846925037,292.08493296428713
2017-08-10 00:45:00,3,291.87556226879707,292.0172416015099
2017-08-10 01:00:00,3,291.8103712632295,291.9519513105161
2017-08-10 01:15:00,3,291.74660994035827,291.88805184128614
2017-08-10 01:30:00,3,291.6837820499412,291.82496076586904
2017-08-10 01:45:00,3,291.6218545701233,291.7626231185009
2017-08-10 02:00:00,3,291.56101294918506,291.7012838909013
2017-08-10 02:15:00,3,291.50143266859345,291.6412101663008
2017-08-10 02:30:00,3,291.4434992994107,291.5829178080621
2017-08-10 02:45:00,3,291.3887064059443,291.5277789568265
2017-08-10 03:00:00,3,291.3392404793461,291.47783376630684
2017-08-10 03:15:00,3,291.2968115091313,291.4348328852883
2017-08-10 03:30:00,3,291.2620206230841,291.39942347431673
2017-08-10 03:45:00,3,291.2339191835295,291.3708376886845
2017-08-10 04:00:00,3,291.21069830854634,291.3472296034616
2017-08-10 04:15:00,3,291.1907230527517,291.3267285805654
2017-08-10 04:30:00,3,291.1729902554071,291.30824487551286
2017-08-10 04:45:00,3,291.15733305441034,291.2916173618991
2017-08-10 05:00:00,3,291.14409792131704,291.27723161932596
2017-08-10 05:15:00,3,291.1336727681582,291.26553499527125
2017-08-10 05:30:00,3,291.12598597339917,291.25642896657916
2017-08-10 05:45:00,3,291.11999820628535,291.24915742849316
2017-08-10 06:00:00,3,291.11554885197944,291.2435533150193
2017-08-10 06:15:00,3,291.1143058259426,291.240852510904
2017-08-10 06:30:00,3,291.1184736892679,291.2433802372653
2017-08-10 06:45:00,3,291.1308992738978,291.25404131572463
2017-08-10 07:00:00,3,291.1544258029178,291.2756683651068
2017-08-10 07:15:00,3,291.19012752946276,291.30961471487154
2017-08-10 07:30:00,3,291.2373166800344,291.3551150092893
2017-08-10 07:45:00,3,291.29342347282994,291.40922521256005
2017-08-10 08:00:00,3,291.35499603258495,291.4688472193978
2017-08-10 08:15:00,3,291.42066483384326,291.53253177775497
2017-08-10 08:30:00,3,291.4904607619601,291.60040401186376
2017-08-10 08:45:00,3,291.56366078459695,291.6725866009675
2017-08-10 09:00:00,3,291.6364481931593,291.7472331806841
2017-08-10 09:15:00,3,291.71086670768887,291.81973170048354
2017-08-10 09:30:00,3,291.7870367873379,291.8926113157162
2017-08-10 09:45:00,3,291.8640004117885,291.968014848701
2017-08-10 10:00:00,3,291.9413463056726,292.0457594345231
2017-08-10 10:15:00,3,292.02358623891496,292.1282375805856
2017-08-10 10:30:00,3,292.11487732364077,292.218541144514
2017-08-10 10:45:00,3,292.2178259216949,292.318125695578
2017-08-10 11:00:00,3,292.3296411226808,292.4293144438258
2017-08-10 11:15:00,3,292.44165716883447,292.54439009667635
2017-08-10 11:30:00,3,292.5497831336815,292.6562028494351
2017-08-10 11:45:00,3,292.6526610097688,292.76190576069183
2017-08-10 12:00:00,3,292.7502379999298,292.8618245126847
2017-08-10 12:15:00,3,292.84249690963975,292.95672280892603
2017-08-10 12:30:00,3,292.92873403099657,293.04628288553613
2017-08-10 12:45:00,3,293.00844578777424,293.12973059117166
2017-08-10 13:00:00,3,293.0823016853847,293.2070147121359
2017-08-10 13:15:00,3,293.1518014322142,293.27898460602916
2017-08-10 13:30:00,3,293.21853408452927,293.3470501006376
2017-08-10 13:45:00,3,293.28415952369255,293.4128872445597
2017-08-10 14:00:00,3,293.3502091857094,293.4780851637637
2017-08-10 14:15:00,3,293.4175602066945,293.543829072537
2017-08-10 14:30:00,3,293.4864936782118,293.6105143927065
2017-08-10 14:45:00,3,293.5574711452244,293.6781852399809
2017-08-10 15:00:00,3,293.63018948485944,293.746806707411
2017-08-10 15:15:00,3,293.70359610950237,293.8159987664669
2017-08-10 15:30:00,3,293.77651217070945,293.88461720444445
2017-08-10 15:45:00,3,293.84683264374485,293.9507046276982
2017-08-10 16:00:00,3,293.912081167708,294.01190509896577
2017-08-10 16:15:00,3,293.9701840532963,294.066112425607
2017-08-10 16:30:00,3,294.01985211816486,294.1119169541469
2017-08-10 16:45:00,3,294.0606108806205,294.14885622604817
2017-08-10 17:00:00,3,294.09235143542213,294.176959359397
2017-08-10 17:15:00,3,294.1146843643153,294.19611481056273
2017-08-10 17:30:00,3,294.1273264051628,294.2061810950394
2017-08-10 17:45:00,3,294.13107368110633,294.2076215710533
2017-08-10 18:00:00,3,294.12726745198984,294.2012867945806
2017-08-10 18:15:00,3,294.1158529027432,294.1872816020239
2017-08-10 18:30:00,3,294.0955747380596,294.16479558814893
2017-08-10 18:45:00,3,294.0657593470329,294.1330160025309
2017-08-10 19:00:00,3,294.0266959500669,294.0916010896345
2017-08-10 19:15:00,3,293.9757087897723,294.0407454886753
2017-08-10 19:30:00,3,293.90942430990907,293.9801190199619
2017-08-10 19:45:00,3,293.8256951382451,293.9064055579805
2017-08-10 20:00:00,3,293.7238246302536,293.81615705405727
2017-08-10 20:15:00,3,293.6080551895391,293.71054049745754
2017-08-10 20:30:00,3,293.4855732699826,293.5955061821316
2017-08-10 20:45:00,3,293.3616977179214,293.478209514304
2017-08-10 21:00:00,3,293.2406990984596,293.3636230607338
2017-08-10 21:15:00,3,293.1246605384051,293.25342153178303
2017-08-10 21:30:00,3,293.014474769321,293.1452444464704
2017-08-10 21:45:00,3,292.90708069639584,293.0384672005884
2017-08-10 22:00:00,3,292.8023854022262,292.9340931794207
2017-08-10 22:15:00,3,292.7007385653396,292.8330044284125
2017-08-10 22:30:00,3,292.60745374423306,292.73641056482705
2017-08-10 22:45:00,3,292.52321593699287,292.6490914994659
2017-08-10 23:00:00,3,292.44534862885774,292.57057909745237
2017-08-10 23:15:00,3,292.37185699656106,292.4976391571236
2017-08-10 23:30:00,3,292.3016931507013,292.42788881666024
2017-08-10 23:45:00,3,292.23532257641074,292.36130231401734
2017-08-11 00:00:00,3,292.17423759700097,292.29948091183667
2017-08-11 00:15:00,3,292.11978681737327,292.24415153707554
2017-08-11 00:30:00,3,292.0726315563951,292.1961809751728
2017-08-11 00:45:00,3,292.0325053796456,292.1553436457293
2017-08-11 01:00:00,3,291.9985229593549,292.120714966818
2017-08-11 01:15:00,3,291.96970713035404,292.0913217238382
2017-08-11 01:30:00,3,291.945159089987,292.0662504626526
2017-08-11 01:45:00,3,291.92388710549085,292.044307768746
2017-08-11 02:00:00,3,291.9048698572501,292.02446468717403
2017-08-11 02:15:00,3,291.8872890152788,292.005955156722
2017-08-11 02:30:00,3,291.87061225325886,291.9882905035774
2017-08-11 02:45:00,3,291.8545555338301,291.9712167294842
2017-08-11 03:00:00,3,291.838986012981,291.9546300856935
2017-08-11 03:15:00,3,291.82383985365965,291.9384918144238
2017-08-11 03:30:00,3,291.8090799134778,291.9227800397881
2017-08-11 03:45:00,3,291.7946784833304,291.9074714760569
2017-08-11 04:00:00,3,291.78061112545754,291.89254009702216
2017-08-11 04:15:00,3,291.76685477384734,291.87796115938096
2017-08-11 04:30:00,3,291.7533873165487,291.8637099719502
2017-08-11 04:45:00,3,291.7401876232665,291.84976255934805
2017-08-11 05:00:00,3,291.72723565979965,291.836096236767
2017-08-11 05:15:00,3,291.71451258022216,291.82268975163817
2017-08-11 05:30:00,3,291.702007475602,291.80953716523544
2017-08-11 05:45:00,3,291.6900566066665,291.797068630082
2017-08-11 06:00:00,3,291.6805746979181,291.7870728027432
2017-08-11 06:15:00,3,291.677056666021,291.78266619521906
2017-08-11 06:30:00,3,291.6823753835094,291.78674748681385
2017-08-11 06:45:00,3,291.69745697222316,291.80062823563367
2017-08-11 07:00:00,3,291.72165289601753,291.8238411554827
2017-08-11 07:15:00,3,291.75306691919604,291.8544361993956
2017-08-11 07:30:00,3,291.7891149391699,291.8899053111624
2017-08-11 07:45:00,3,291.8273326910701,291.9276821250963
2017-08-11 08:00:00,3,291.86637311075475,291.966260214256
2017-08-11 08:15:00,3,291.9064132643989,292.005884466602
2017-08-11 08:30:00,3,291.947618291235,292.04780965243253
2017-08-11 08:45:00,3,291.99183746815316,292.09114917294494
2017-08-11 09:00:00,3,292.04165176636786,292.1389265936275
2017-08-11 09:15:00,3,292.0964291409836,292.1924095600565
2017-08-11 09:30:00,3,292.15721143406165,292.2525247094314
2017-08-11 09:45:00,3,292.2277780104797,292.3214015932394
2017-08-11 10:00:00,3,292.30768681203534,292.39894073404986
2017-08-11 10:15:00,3,292.3967809015302,292.48436226895177
2017-08-11 10:30:00,3,292.48913673626816,292.57725279176367
2017-08-11 10:45:00,3,292.5819459614407,292.6731190975172
2017-08-11 11:00:00,3,292.6760308013885,292.7697195598171
2017-08-11 11:15:00,3,292.7727696227005,292.86756837342017
2017-08-11 11:30:00,3,292.8724569026727,292.96769243758604
2017-08-11 11:45:00,3,292.9739489011275,293.06985203445106
2017-08-11 12:00:00,3,293.0753550101045,293.172389655301
2017-08-11 12:15:00,3,293.1745111398588,293.2729309559884
2017-08-11 12:30:00,3,293.269400164005,293.36917742338204
2017-08-11 12:45:00,3,293.35856814604796,293.4595260370595
2017-08-11 13:00:00,3,293.4416383737994,293.54349860872895
2017-08-11 13:15:00,3,293.5193834063907,293.6217779254372
2017-08-11 13:30:00,3,293.59317647934256,293.6957892745637
2017-08-11 13:45:00,3,293.66460333896146,293.7672801491856
2017-08-11 14:00:00,3,293.73532292943264,293.83788349539776
2017-08-11 14:15:00,3,293.8061934315308,293.9084288161899
2017-08-11 14:30:00,3,293.8768134963874,293.9784307035234
2017-08-11 14:45:00,3,293.94556936601816,294.04628885666756
2017-08-11 15:00:00,3,294.01044487293916,294.1098526399841
2017-08-11 15:15:00,3,294.07009612163586,294.1675201496095
2017-08-11 15:30:00,3,294.1246211614627,294.219226297294
2017-08-11 15:45:00,3,294.1761914080798,294.26678850676507
2017-08-11 16:00:00,3,294.2279185352409,294.3127838611503
2017-08-11 16:15:00,3,294.2807350146805,294.3589331109853
2017-08-11 16:30:00,3,294.33188135356215,294.4054638419875
2017-08-11 16:45:00,3,294.37969548528304,294.45023269365913
2017-08-11 17:00:00,3,294.42222667626925,294.48990832394077
2017-08-11 17:15:00,3,294.4570065727378,294.52152719041845
2017-08-11 17:30:00,3,294.4814785842915,294.54265564236823
2017-08-11 17:45:00,3,294.493144978343,294.55116993249715
2017-08-11 18:00:00,3,294.4901680438263,294.54527537627007
2017-08-11 18:15:00,3,294.47074344718004,294.52351104257446
2017-08-11 18:30:00,3,294.4341963989507,294.48550971030954
2017-08-11 18:45:00,3,294.3820048549722,294.43252884154316
2017-08-11 19:00:00,3,294.31674754270455,294.36684278244957
2017-08-11 19:15:00,3,294.23770837871047,294.29045526815105
2017-08-11 19:30:00,3,294.1419947583315,294.20435341265835
2017-08-11 19:45:00,3,294.03059202107073,294.10449861288953
2017-08-11 20:00:00,3,293.9036648305694,293.9885365813509
2017-08-11 20:15:00,3,293.7654387376411,293.8597293521108
2017-08-11 20:30:00,3,293.62253321046575,293.7253493003008
2017-08-11 20:45:00,3,293.48251767444134,293.59311337371855
2017-08-11 21:00:00,3,293.35086009996354,293.46870075882305
2017-08-11 21:15:00,3,293.23157577795394,293.3515409334409
2017-08-11 21:30:00,3,293.1217246628115,293.2415129456114
2017-08-11 21:45:00,3,293.01986237147145,293.13931991156267
2017-08-11 22:00:00,3,292.92577320514846,293.04539616856266
2017-08-11 22:15:00,3,292.84289236014365,292.9586135927176
2017-08-11 22:30:00,3,292.7728127591201,292.88476552612855
2017-08-11 22:45:00,3,292.71281575043486,292.8234674445954
2017-08-11 23:00:00,3,292.6603488943469,292.77103141449055
2017-08-11 23:15:00,3,292.6135368325039,292.7241396387963
2017-08-11 23:30:00,3,292.5711115404134,292.6810733568554
2017-08-11 23:45:00,3,292.532266694293,292.64124127118134
2017-08-12 00:00:00,3,292.49649463126667,292.6044279138079
2017-08-12 00:15:00,3,292.4634386882459,292.5704060907166
2017-08-12 00:30:00,3,292.4327599757345,292.5388406045426
2017-08-12 00:45:00,3,292.4039508304329,292.50927392068706
2017-08-12 01:00:00,3,292.376412736454,292.4810847269388
2017-08-12 01:15:00,3,292.34965156870413,292.4536997489464
2017-08-12 01:30:00,3,292.3233511624804,292.4267663831138
2017-08-12 01:45:00,3,292.29740351443564,292.4001731759142
2017-08-12 02:00:00,3,292.27183088571144,292.37395512294387
2017-08-12 02:15:00,3,292.2466694250807,292.34817888917485
2017-08-12 02:30:00,3,292.2219623370284,292.3229101220418
2017-08-12 02:45:00,3,292.19784875709706,292.2982613963171
2017-08-12 03:00:00,3,292.1745177737627,292.27438708686225
2017-08-12 03:15:00,3,292.15210013015087,292.2514169928654
2017-08-12 03:30:00,3,292.1306135229159,292.2293789608044
2017-08-12 03:45:00,3,292.10992103499615,292.2081523980326
2017-08-12 04:00:00,3,292.08977624223553,292.1875004391432
2017-08-12 04:15:00,3,292.0699218114916,292.1671598840806
2017-08-12 04:30:00,3,292.0501529292981,292.14689751469325
2017-08-12 04:45:00,3,292.03027487246305,292.1265234097232
2017-08-12 05:00:00,3,292.0101280010446,292.10590329459603
2017-08-12 05:15:00,3,291.98960929018784,292.0849558854565
2017-08-12 05:30:00,3,291.9687189669279,292.06372271607796
2017-08-12 05:45:00,3,291.94802606967596,292.0428208455733
2017-08-12 06:00:00,3,291.92968722995556,292.02425830019143
2017-08-12 06:15:00,3,291.9173853501704,292.0113727946139
2017-08-12 06:30:00,3,291.91427420814074,292.00731976442177
2017-08-12 06:45:00,3,291.9215165235458,292.0135925563791
2017-08-12 07:00:00,3,291.9383241469739,292.02945367759867
2017-08-12 07:15:00,3,291.96189340615933,292.0521691912799
2017-08-12 07:30:00,3,291.98870670773465,292.0782560631737
2017-08-12 07:45:00,3,292.016084812665,292.1048952172483
2017-08-12 08:00:00,3,292.04259975516464,292.1304324895673
2017-08-12 08:15:00,3,292.0683465048603,292.15496250578406
2017-08-12 08:30:00,3,292.09453837881017,292.1797294872144
2017-08-12 08:45:00,3,292.1219983158049,292.20587812843667
2017-08-12 09:00:00,3,292.15082648464346,292.23388263324244
2017-08-12 09:15:00,3,292.1804867689659,292.26383426520556
2017-08-12 09:30:00,3,292.2115428376268,292.29524107801507
2017-08-12 09:45:00,3,292.24533893601114,292.3277376201276
2017-08-12 10:00:00,3,292.2822410564841,292.3626466982283
2017-08-12 10:15:00,3,292.32206585269404,292.4007874017588
2017-08-12 10:30:00,3,292.3643355748556,292.4421505802542
2017-08-12 10:45:00,3,292.40887258186166,292.4861751571473
2017-08-12 11:00:00,3,292.4603469935347,292.53676288908775
2017-08-12 11:15:00,3,292.52336124495156,292.597757894849
2017-08-12 11:30:00,3,292.6019384694927,292.67264792375977
2017-08-12 11:45:00,3,292.6928993009639,292.7631951601627
2017-08-12 12:00:00,3,292.79163177755413,292.8644688104202
2017-08-12 12:15:00,3,292.8937938378533,292.96971998132136
2017-08-12 12:30:00,3,292.99480970947803,293.0730130331387
2017-08-12 12:45:00,3,293.0899515479961,293.16961852780827
2017-08-12 13:00:00,3,293.1755711830455,293.25628428621906
2017-08-12 13:15:00,3,293.25034732577956,293.33171972188495
2017-08-12 13:30:00,3,293.3151959155147,293.3968264616326
2017-08-12 13:45:00,3,293.37324824758,293.45467828292806
2017-08-12 14:00:00,3,293.4290067307908,293.50973634306763
2017-08-12 14:15:00,3,293.486752670371,293.5665153080626
2017-08-12 14:30:00,3,293.54924018099547,293.627960886605
2017-08-12 14:45:00,3,293.61610381241235,293.694081200061
2017-08-12 15:00:00,3,293.68460958381627,293.76225368890607
2017-08-12 15:15:00,3,293.7517762083471,293.8289632315999
2017-08-12 15:30:00,3,293.81587767486815,293.8917282101475
2017-08-12 15:45:00,3,293.8771721672324,293.9499969411249
2017-08-12 16:00:00,3,293.93711228092036,294.00466705155753
2017-08-12 16:15:00,3,293.9916805782128,294.0552982229015
2017-08-12 16:30:00,3,294.03864164250695,294.0994433326749
2017-08-12 16:45:00,3,294.07794682050644,294.13585906014725
2017-08-12 17:00:00,3,294.1098117998296,294.16444909909126
2017-08-12 17:15:00,3,294.1336092462171,294.18509217362174
2017-08-12 17:30:00,3,294.14845669476614,294.1973488974761
2017-08-12 17:45:00,3,294.15449053652094,294.20116537582095
2017-08-12 18:00:00,3,294.15258201766676,294.1968827400414
2017-08-12 18:15:00,3,294.1423339174123,294.18424517766437
2017-08-12 18:30:00,3,294.1223084697008,294.1621720903677
2017-08-12 18:45:00,3,294.0913209044786,294.1293920978316
2017-08-12 19:00:00,3,294.04773889388554,294.0850603110766
2017-08-12 19:15:00,3,293.9858908391476,294.02882646572044
2017-08-12 19:30:00,3,293.90404489185164,293.95581965921343
2017-08-12 19:45:00,3,293.8021064827892,293.86233721428215
2017-08-12 20:00:00,3,293.68103294746726,293.74968024446065
2017-08-12 20:15:00,3,293.54724297054605,293.6244016114792
2017-08-12 20:30:00,3,293.40945277877796,293.4948932432446
2017-08-12 20:45:00,3,293.27527431594456,293.3686572819056
2017-08-12 21:00:00,3,293.1478962212151,293.24874281651137
2017-08-12 21:15:00,3,293.0288127435821,293.1317372385013
2017-08-12 21:30:00,3,292.9121571552201,293.01603987871516
2017-08-12 21:45:00,3,292.8034551647327,292.90237939106333
2017-08-12 22:00:00,3,292.7080305169951,292.80233116848166
2017-08-12 22:15:00,3,292.6256876104607,292.71899274715764
2017-08-12 22:30:00,3,292.55566911929907,292.64978738521046
2017-08-12 22:45:00,3,292.4963772263186,292.5911086977664
2017-08-12 23:00:00,3,292.44563550801246,292.54027992158734
2017-08-12 23:15:00,3,292.40146247306103,292.49557997044366
2017-08-12 23:30:00,3,292.3622689150502,292.4556975525408
2017-08-12 23:45:00,3,292.3265536540131,292.41934195316736
2017-08-13 00:00:00,3,292.29293906910635,292.38515914759734
2017-08-13 00:15:00,3,292.26039967210755,292.3520078966371
2017-08-13 00:30:00,3,292.22835350507415,292.3192908931513
2017-08-13 00:45:00,3,292.196782249423,292.28699407615704
2017-08-13 01:00:00,3,292.1660025376344,292.2554469394542
2017-08-13 01:15:00,3,292.1363171397941,292.2250915632312
2017-08-13 01:30:00,3,292.10789066006356,292.1961091309705
2017-08-13 01:45:00,3,292.08071006454935,292.16841108252737
2017-08-13 02:00:00,3,292.05461174216504,292.1417861957334
2017-08-13 02:15:00,3,292.02938965651805,292.11601363679733
2017-08-13 02:30:00,3,292.00490283286734,292.09096356270265
2017-08-13 02:45:00,3,291.98122925455846,292.0667027882483
2017-08-13 03:00:00,3,291.9586220234917,292.04346814295275
2017-08-13 03:15:00,3,291.9373149891596,292.021517786954
2017-08-13 03:30:00,3,291.9174045506714,292.000977267924
2017-08-13 03:45:00,3,291.89878493912124,291.98176416766927
2017-08-13 04:00:00,3,291.88122005850107,291.9636437888978
2017-08-13 04:15:00,3,291.8644699491552,291.9463515830492
2017-08-13 04:30:00,3,291.8483560873844,291.9296909707022
2017-08-13 04:45:00,3,291.83279479613446,291.9135708619049
2017-08-13 05:00:00,3,291.81776729422694,291.89797648148476
2017-08-13 05:15:00,3,291.8032650743159,291.88291313699233
2017-08-13 05:30:00,3,291.78926228296,291.86836863706196
2017-08-13 05:45:00,3,291.775964045167,291.85462600172843
2017-08-13 06:00:00,3,291.76509672087866,291.84335202442935
2017-08-13 06:15:00,3,291.76065924223775,291.83800627652903
2017-08-13 06:30:00,3,291.766305835451,291.84214647867947
2017-08-13 06:45:00,3,291.78332617082725,291.85772001696415
2017-08-13 07:00:00,3,291.811185569093,291.88445114744883
2017-08-13 07:15:00,3,291.8475623558521,291.9201034427207
2017-08-13 07:30:00,3,291.8890557561573,291.9610895972578
2017-08-13 07:45:00,3,291.932347793318,292.00394950851137
2017-08-13 08:00:00,3,291.9754886102572,292.04667277715413
2017-08-13 08:15:00,3,292.01787665775134,292.08893948165723
2017-08-13 08:30:00,3,292.0590811555536,292.13115717901144
2017-08-13 08:45:00,3,292.1012047960509,292.1723137159981
2017-08-13 09:00:00,3,292.1448841509038,292.21396814360634
2017-08-13 09:15:00,3,292.18966080163415,292.2570542028137
2017-08-13 09:30:00,3,292.23540854067784,292.30194928488714
2017-08-13 09:45:00,3,292.2833016158469,292.34960142271166
2017-08-13 10:00:00,3,292.33510793741397,292.4014475651228
2017-08-13 10:15:00,3,292.39447171659907,292.46050685089864
2017-08-13 10:30:00,3,292.46627274024377,292.53089642948254
2017-08-13 10:45:00,3,292.55379574811036,292.6167597038251
2017-08-13 11:00:00,3,292.6524070311854,292.71745921629423
2017-08-13 11:15:00,3,292.7582802133175,292.82751552315824
2017-08-13 11:30:00,3,292.8687730448846,292.94175755767833
2017-08-13 11:45:00,3,292.98119087273835,293.0566238906291
2017-08-13 12:00:00,3,293.09249372887734,293.1694585524418
2017-08-13 12:15:00,3,293.1996829624277,293.27785204992585
2017-08-13 12:30:00,3,293.30066568157423,293.37980015866884
2017-08-13 12:45:00,3,293.39437125690586,293.47418097105833
2017-08-13 13:00:00,3,293.4806620906559,293.5609114981694
2017-08-13 13:15:00,3,293.5600743542606,293.6405631284825
2017-08-13 13:30:00,3,293.6335400669571,293.71418412645255
2017-08-13 13:45:00,3,293.7030927628336,293.7837006218607
2017-08-13 14:00:00,3,293.7717407048533,293.8518821098794
2017-08-13 14:15:00,3,293.8422708716293,293.9215353404471
2017-08-13 14:30:00,3,293.9163445296423,293.99443107640127
2017-08-13 14:45:00,3,293.99394892975795,294.07078414098316
2017-08-13 15:00:00,3,294.07405127405406,294.1494777418124
2017-08-13 15:15:00,3,294.15576476899173,294.22910940685114
2017-08-13 15:30:00,3,294.2383644635116,294.3083763094691
2017-08-13 15:45:00,3,294.3208965897043,294.38574922460356
2017-08-13 16:00:00,3,294.40117239924814,294.4592616708754
2017-08-13 16:15:00,3,294.4720173192257,294.5257493003243
2017-08-13 16:30:00,3,294.53003190594245,294.58031789463536
2017-08-13 16:45:00,3,294.57509907472735,294.6212385082483
2017-08-13 17:00:00,3,294.6085391201533,294.6496997177311
2017-08-13 17:15:00,3,294.6307266752741,294.66701884536235
2017-08-13 17:30:00,3,294.6409765228273,294.67339698449666
2017-08-13 17:45:00,3,294.6395723121993,294.6689807619173
2017-08-13 18:00:00,3,294.6278256472512,294.65431620135877
2017-08-13 18:15:00,3,294.6056839039256,294.6293348497955
2017-08-13 18:30:00,3,294.57170335114756,294.5929366240135
2017-08-13 18:45:00,3,294.52406261193266,294.5433417090979
2017-08-13 19:00:00,3,294.4613549448889,294.4792834135163
2017-08-13 19:15:00,3,294.3792508301474,294.4009934346579
2017-08-13 19:30:00,3,294.2744900255617,294.306940073678
2017-08-13 19:45:00,3,294.1447406542957,294.18960939429326
2017-08-13 20:00:00,3,293.9939110212771,294.0503792400907
2017-08-13 20:15:00,3,293.8322859588119,293.89830871050543
2017-08-13 20:30:00,3,293.6693176809308,293.74456681458565
2017-08-13 20:45:00,3,293.513697688735,293.5979137111561
2017-08-13 21:00:00,3,293.3713024177802,293.46324755378373
2017-08-13 21:15:00,3,293.24561150076545,293.3396452576523
2017-08-13 21:30:00,3,293.13284740447386,293.2266374649969
2017-08-13 21:45:00,3,293.0301724194104,293.1238359851485
2017-08-13 22:00:00,3,292.9406723221852,293.0298431955531
2017-08-13 22:15:00,3,292.8639560444151,292.94934231215717
2017-08-13 22:30:00,3,292.79676981843335,292.8812006709639
2017-08-13 22:45:00,3,292.7368385102162,292.82161064982097
2017-08-13 23:00:00,3,292.6826757376599,292.767559995728
2017-08-13 23:15:00,3,292.6332674274408,292.71766880405204
2017-08-13 23:30:00,3,292.58789788352897,292.6715117788975
2017-08-13 23:45:00,3,292.54609886612883,292.6289068709269
2017-08-14 00:00:00,3,292.50756572234934,292.58965051952646
2017-08-14 00:15:00,3,292.4720440315186,292.55342773538547
2017-08-14 00:30:00,3,292.43927737238636,292.51991213969666
2017-08-14 00:45:00,3,292.408993372696,292.488826184018
2017-08-14 01:00:00,3,292.38091866792195,292.46000567787104
2017-08-14 01:15:00,3,292.3548061659986,292.43321124897363
2017-08-14 01:30:00,3,292.33041572645124,292.40814017435326
2017-08-14 01:45:00,3,292.30743535498556,292.3844635825317
2017-08-14 02:00:00,3,292.2855084140827,292.3618361570517
2017-08-14 02:15:00,3,292.26429447124315,292.33991931813
2017-08-14 02:30:00,3,292.24349038367353,292.3184141721271
2017-08-14 02:45:00,3,292.22287687533435,292.2971060888701
2017-08-14 03:00:00,3,292.20232984341663,292.2758757253966
2017-08-14 03:15:00,3,292.18177819983003,292.2546663229852
2017-08-14 03:30:00,3,292.16115574148967,292.2334111736269
2017-08-14 03:45:00,3,292.14029613500975,292.21196695493273
2017-08-14 04:00:00,3,292.1189809993974,292.190141253703
2017-08-14 04:15:00,3,292.0970491143242,292.16777354641727
2017-08-14 04:30:00,3,292.0744712976073,292.1448430427742
2017-08-14 04:45:00,3,292.0514703695216,292.12154331437785
2017-08-14 05:00:00,3,292.0284104512648,292.0982055266465
2017-08-14 05:15:00,3,292.0056166236952,292.07515180442795
2017-08-14 05:30:00,3,291.9833229529796,292.05262190927135
2017-08-14 05:45:00,3,291.9619665515313,292.03111743422585
2017-08-14 06:00:00,3,291.9432953493715,292.0122918509754
2017-08-14 06:15:00,3,291.93059922952165,291.9990515773897
2017-08-14 06:30:00,3,291.92663450406275,291.9941261368048
2017-08-14 06:45:00,3,291.9322623744714,291.998772588358
2017-08-14 07:00:00,3,291.94722505112304,292.01304042650025
2017-08-14 07:15:00,3,291.9713891031306,292.03667344799624
2017-08-14 07:30:00,3,292.0046956568994,292.06947931078906
2017-08-14 07:45:00,3,292.04661323561413,292.1110392444312
2017-08-14 08:00:00,3,292.0952673203276,292.1596354081419
2017-08-14 08:15:00,3,292.1474699428198,292.212722928881
2017-08-14 08:30:00,3,292.1996028354498,292.26663389190696
2017-08-14 08:45:00,3,292.25318294000033,292.3187626905248
2017-08-14 09:00:00,3,292.3077003996031,292.3706011602877
2017-08-14 09:15:00,3,292.36238227483005,292.42326105292784
2017-08-14 09:30:00,3,292.416902376494,292.47684009871733
2017-08-14 09:45:00,3,292.4714696773221,292.53114028648065
2017-08-14 10:00:00,3,292.5283224310703,292.5876051151931
2017-08-14 10:15:00,3,292.5896401645355,292.64791127899133
2017-08-14 10:30:00,3,292.6574771154548,292.7134153947539
2017-08-14 10:45:00,3,292.73037599866734,292.7861969666941
2017-08-14 11:00:00,3,292.80668716552816,292.86429024053126
2017-08-14 11:15:00,3,292.88638526222877,292.9458624819893
2017-08-14 11:30:00,3,292.96962441029905,293.0304048203776
2017-08-14 11:45:00,3,293.05697841889446,293.11857598438314
2017-08-14 12:00:00,3,293.1493516607869,293.2114968410767
2017-08-14 12:15:00,3,293.24718709128746,293.309857289639
2017-08-14 12:30:00,3,293.3496020647223,293.41278939443396
2017-08-14 12:45:00,3,293.45312725049024,293.5170032633368
2017-08-14 13:00:00,3,293.55300612805127,293.61776074502524
2017-08-14 13:15:00,3,293.6455018366154,293.71085950122335
2017-08-14 13:30:00,3,293.72901219665397,293.79463797270284
2017-08-14 13:45:00,3,293.80604715730954,293.87138127067004
2017-08-14 14:00:00,3,293.88176663754217,293.94613452544104
2017-08-14 14:15:00,3,293.9605234607885,294.0238377095213
2017-08-14 14:30:00,3,294.0441953732825,294.10679280845824
2017-08-14 14:45:00,3,294.1312348416669,294.1935262537308
2017-08-14 15:00:00,3,294.21764337869763,294.2795593496011
2017-08-14 15:15:00,3,294.2982766909386,294.3590847787654
2017-08-14 15:30:00,3,294.3684806724701,294.4270809364809
2017-08-14 15:45:00,3,294.4259794530522,294.4810889582329
2017-08-14 16:00:00,3,294.47108093813085,294.52132479539546
2017-08-14 16:15:00,3,294.50525228091016,294.5493040529751
2017-08-14 16:30:00,3,294.52975667555813,294.56688642777425
2017-08-14 16:45:00,3,294.5429777181268,294.57555743796144
2017-08-14 17:00:00,3,294.5452463286707,294.5753613157894
2017-08-14 17:15:00,3,294.5372444318327,294.56586462509387
2017-08-14 17:30:00,3,294.519431114063,294.5470679773274
2017-08-14 17:45:00,3,294.49239668099506,294.51950178679215
2017-08-14 18:00:00,3,294.4569083172447,294.4838280198682
2017-08-14 18:15:00,3,294.4130249344471,294.44022126804293
2017-08-14 18:30:00,3,294.3599348659979,294.38817388516327
2017-08-14 18:45:00,3,294.296462859116,294.3264555313925
2017-08-14 19:00:00,3,294.2216151904236,294.2539434299754
2017-08-14 19:15:00,3,294.135736670153,294.17081024238973
2017-08-14 19:30:00,3,294.0355822479154,294.0775319015477
2017-08-14 19:45:00,3,293.91911690511256,293.9707627263064
2017-08-14 20:00:00,3,293.78919149516867,293.85119889006234
2017-08-14 20:15:00,3,293.65448318696997,293.725202224847
2017-08-14 20:30:00,3,293.5228308310844,293.6008353574517
2017-08-14 20:45:00,3,293.40008888853004,293.4813507396383
2017-08-14 21:00:00,3,293.2855548589062,293.36699672456683
2017-08-14 21:15:00,3,293.1762030677095,293.258031182195
2017-08-14 21:30:00,3,293.0726723702837,293.1546024920028
2017-08-14 21:45:00,3,292.981167117814,293.05927210573327
2017-08-14 22:00:00,3,292.9012095795756,292.97631320444333
2017-08-14 22:15:00,3,292.8307712593813,292.9052148709959
2017-08-14 22:30:00,3,292.768238320943,292.8429710018481
2017-08-14 22:45:00,3,292.71188866792113,292.78668544173286
2017-08-14 23:00:00,3,292.65995116611964,292.73439873053786
2017-08-14 23:15:00,3,292.61101321688585,292.68490619402286
2017-08-14 23:30:00,3,292.56425197151447,292.63759552046224
2017-08-14 23:45:00,3,292.51973769125283,292.59252135056903
2017-08-15 00:00:00,3,292.47810809959145,292.55024058623246
2017-08-15 00:15:00,3,292.43995997281456,292.51138846073525
2017-08-15 00:30:00,3,292.4054836913438,292.47620157639847
2017-08-15 00:45:00,3,292.37409448628694,292.4441492906426
2017-08-15 01:00:00,3,292.34473046777765,292.41426162750736
2017-08-15 01:15:00,3,292.31641782095744,292.3854895121094
2017-08-15 01:30:00,3,292.288599203275,292.35720825776974
2017-08-15 01:45:00,3,292.26150217934196,292.32956479294234
2017-08-15 02:00:00,3,292.2358708501378,292.3032680824245
2017-08-15 02:15:00,3,292.21239986116996,292.27908634524437
2017-08-15 02:30:00,3,292.1914578366011,292.2574303540208
2017-08-15 02:45:00,3,292.1729282210416,292.2382065982746
2017-08-15 03:00:00,3,292.15638418351625,292.22098664631744
2017-08-15 03:15:00,3,292.14137651067335,292.20528366033864
2017-08-15 03:30:00,3,292.1275204185896,292.19069357181024
2017-08-15 03:45:00,3,292.1144116627092,292.17685174290966
2017-08-15 04:00:00,3,292.10163556087485,292.1633912890767
2017-08-15 04:15:00,3,292.08887884062074,292.14999488931187
2017-08-15 04:30:00,3,292.0759638755063,292.13646620363653
2017-08-15 04:45:00,3,292.0628778707822,292.1227804829394
2017-08-15 05:00:00,3,292.04973960446625,292.1090548512036
2017-08-15 05:15:00,3,292.0366855913999,292.0954458304621
2017-08-15 05:30:00,3,292.02381088806317,292.08208180206077
2017-08-15 05:45:00,3,292.0113853031452,292.0692853843538
2017-08-15 06:00:00,3,292.0006280526627,292.0581948794897
2017-08-15 06:15:00,3,291.9939800143028,292.0510252918096
2017-08-15 06:30:00,3,291.9938571344137,292.0500686329681
2017-08-15 06:45:00,3,292.0013847354808,292.05669014471994
2017-08-15 07:00:00,3,292.0163124815763,292.07079335725456
2017-08-15 07:15:00,3,292.0370201738301,292.0908446956165
2017-08-15 07:30:00,3,292.0613084965405,292.1146267792433
2017-08-15 07:45:00,3,292.0873680116133,292.13998250172017
2017-08-15 08:00:00,3,292.11398579555225,292.16572265582255
2017-08-15 08:15:00,3,292.1415577708431,292.1922611742655
2017-08-15 08:30:00,3,292.1714466207004,292.2210144896615
2017-08-15 08:45:00,3,292.2046535730366,292.25338148027663
2017-08-15 09:00:00,3,292.2412820150967,292.2900315216102
2017-08-15 09:15:00,3,292.2805719114204,292.33091476045297
2017-08-15 09:30:00,3,292.3255499118337,292.3750742559189
2017-08-15 09:45:00,3,292.3790765158366,292.4266559275416
2017-08-15 10:00:00,3,292.44253788019785,292.4889774737982
2017-08-15 10:15:00,3,292.519557283122,292.56620994129463
2017-08-15 10:30:00,3,292.61516545339816,292.66121391193735
2017-08-15 10:45:00,3,292.72923607312237,292.7729748742736
2017-08-15 11:00:00,3,292.8509065470132,292.89715218741236
2017-08-15 11:15:00,3,292.9696678523264,293.02115862412836
2017-08-15 11:30:00,3,293.08144034053413,293.1367845242475
2017-08-15 11:45:00,3,293.186540756809,293.24335526597815
2017-08-15 12:00:00,3,293.2873813682825,293.3444765168713
2017-08-15 12:15:00,3,293.3857289784109,293.44346235175254
2017-08-15 12:30:00,3,293.4817351996846,293.5412003637987
2017-08-15 12:45:00,3,293.5748888336563,293.63698719097573
2017-08-15 13:00:00,3,293.6655642778821,293.73043849417235
2017-08-15 13:15:00,3,293.7551896632685,293.8222469890875
2017-08-15 13:30:00,3,293.84529786183936,293.91375468668224
2017-08-15 13:45:00,3,293.9371608202442,294.0063345156515
2017-08-15 14:00:00,3,294.0315365879211,294.10078005266024
2017-08-15 14:15:00,3,294.1279714273798,294.1966800182944
2017-08-15 14:30:00,3,294.2247611036495,294.29229409652487
2017-08-15 14:45:00,3,294.3195382906484,294.38512318877474
2017-08-15 15:00:00,3,294.4101169027266,294.4729003251762
2017-08-15 15:15:00,3,294.4953850052355,294.5545131615681
2017-08-15 15:30:00,3,294.57512496581296,294.6298339912109
2017-08-15 15:45:00,3,294.64913644152887,294.69890051509293
2017-08-15 16:00:00,3,294.7169693251633,294.7612611291535
2017-08-15 16:15:00,3,294.7780982475847,294.8158394987339
2017-08-15 16:30:00,3,294.83089638608146,294.861370218905
2017-08-15 16:45:00,3,294.8718632941217,294.8970103634819
2017-08-15 17:00:00,3,294.8998885860449,294.9218468654662
2017-08-15 17:15:00,3,294.91388410429806,294.9334560250886
2017-08-15 17:30:00,3,294.91293588869917,294.9303728676035
2017-08-15 17:45:00,3,294.89752560483805,294.9130063347526
2017-08-15 18:00:00,3,294.8692123656275,294.88287491544776
2017-08-15 18:15:00,3,294.82836544006267,294.8406994965925
2017-08-15 18:30:00,3,294.77385323308437,294.786145065805
2017-08-15 18:45:00,3,294.7058853526383,294.7193696399097
2017-08-15 19:00:00,3,294.62629620126404,294.6419099184996
2017-08-15 19:15:00,3,294.5386862752606,294.555802409945
2017-08-15 19:30:00,3,294.439104480411,294.46054330847653
2017-08-15 19:45:00,3,294.3206334408182,294.3534464897155
2017-08-15 20:00:00,3,294.1852492209487,294.23024824371566
2017-08-15 20:15:00,3,294.0415305537435,294.0966014146234
2017-08-15 20:30:00,3,293.8993119206015,293.9622534818735
2017-08-15 20:45:00,3,293.7646098107031,293.83467960849924
2017-08-15 21:00:00,3,293.6410887409598,293.7163172271309
2017-08-15 21:15:00,3,293.5288624467638,293.60498364921995
2017-08-15 21:30:00,3,293.42316623857,293.4993698570769
2017-08-15 21:45:00,3,293.3231096108314,293.3993812397998
2017-08-15 22:00:00,3,293.2282808860241,293.30494955906477
2017-08-15 22:15:00,3,293.1430202963409,293.21589046390955
2017-08-15 22:30:00,3,293.06779294358944,293.1371089745196
2017-08-15 22:45:00,3,293.0004829136603,293.0686395308764
2017-08-15 23:00:00,3,292.9394698287799,293.00773399884474
2017-08-15 23:15:00,3,292.88360518752717,292.9518978401761
2017-08-15 23:30:00,3,292.8320574972101,292.8998967429025
2017-08-15 23:45:00,3,292.78428510423277,292.85137452268134
2017-08-16 00:00:00,3,292.73996692366,292.8062462115897
2017-08-16 00:15:00,3,292.69887107145837,292.76438422806626
2017-08-16 00:30:00,3,292.66079511377626,292.7255935758653
2017-08-16 00:45:00,3,292.6255931684544,292.6897020351528
2017-08-16 01:00:00,3,292.5931477701331,292.65658438253115
2017-08-16 01:15:00,3,292.56330079219384,292.6261202200476
2017-08-16 01:30:00,3,292.5358234187921,292.59806984201464
2017-08-16 01:45:00,3,292.5103956060287,292.57207067472496
2017-08-16 02:00:00,3,292.4866587596848,292.54774081670064
2017-08-16 02:15:00,3,292.4642972248591,292.52475654451985
2017-08-16 02:30:00,3,292.4430645356947,292.5028736984128
2017-08-16 02:45:00,3,292.4227700074561,292.48191377487535
2017-08-16 03:00:00,3,292.40326246548926,292.4617398770276
2017-08-16 03:15:00,3,292.38441895941935,292.44223667566035
2017-08-16 03:30:00,3,292.36604282656174,292.42319258977216
2017-08-16 03:45:00,3,292.34759627174725,292.40413525920746
2017-08-16 04:00:00,3,292.32836271684545,292.3844075556837
2017-08-16 04:15:00,3,292.30777794161645,292.3634193716963
2017-08-16 04:30:00,3,292.2856132401271,292.3409288136044
2017-08-16 04:45:00,3,292.26222125384663,292.3172307453992
2017-08-16 05:00:00,3,292.23835696962874,292.2930283259124
2017-08-16 05:15:00,3,292.2147570165392,292.2690887072036
2017-08-16 05:30:00,3,292.191916768095,292.2459442748502
2017-08-16 05:45:00,3,292.16999516892344,292.2237740236486
2017-08-16 06:00:00,3,292.1491729697877,292.20281929843924
2017-08-16 06:15:00,3,292.13062838772345,292.1840578343643
2017-08-16 06:30:00,3,292.116088568404,292.16904070780356
2017-08-16 06:45:00,3,292.10681366100977,292.1591282024932
2017-08-16 07:00:00,3,292.10351030975977,292.15521207264663
2017-08-16 07:15:00,3,292.10698890845896,292.15801558450033
2017-08-16 07:30:00,3,292.1180982656183,292.16832025778996
2017-08-16 07:45:00,3,292.1376842521226,292.1869995537726
2017-08-16 08:00:00,3,292.1664570124878,292.2149194994962
2017-08-16 08:15:00,3,292.20466783676454,292.25247945120816
2017-08-16 08:30:00,3,292.2515452164037,292.2987519279692
2017-08-16 08:45:00,3,292.3040275345281,292.35117252764064
2017-08-16 09:00:00,3,292.3576085152817,292.40633519390286
2017-08-16 09:15:00,3,292.4128661859877,292.4604125070977
2017-08-16 09:30:00,3,292.47052793233814,292.515206678364
2017-08-16 09:45:00,3,292.5305632501055,292.57277699231724
2017-08-16 10:00:00,3,292.59231389015997,292.63322671026
2017-08-16 10:15:00,3,292.6605849217867,292.70047011064185
2017-08-16 10:30:00,3,292.73700428491304,292.77570777264697
2017-08-16 10:45:00,3,292.821873631203,292.85820250576757
2017-08-16 11:00:00,3,292.91295925583336,292.9490440605582
2017-08-16 11:15:00,3,293.00410120022696,293.0426431460378
2017-08-16 11:30:00,3,293.09267980865025,293.1339886548833
2017-08-16 11:45:00,3,293.1781440336607,293.22121410358443
2017-08-16 12:00:00,3,293.26104460126675,293.3049482259335
2017-08-16 12:15:00,3,293.34217266883957,293.3866510600703
2017-08-16 12:30:00,3,293.4222982894744,293.46762955304297
2017-08-16 12:45:00,3,293.50248784124824,293.5490151771433
2017-08-16 13:00:00,3,293.5841430401547,293.6319243142442
2017-08-16 13:15:00,3,293.66830735409957,293.71717040262854
2017-08-16 13:30:00,3,293.75482150100856,293.80443429133277
2017-08-16 13:45:00,3,293.8413302592715,293.89150339000946
2017-08-16 14:00:00,3,293.92407964548596,293.9746603784688
2017-08-16 14:15:00,3,293.99922143705123,294.04983152347694
2017-08-16 14:30:00,3,294.063896880346,294.1140436954836
2017-08-16 14:45:00,3,294.11750506114487,294.1664991631733
2017-08-16 15:00:00,3,294.1611551907847,294.20815799488304
2017-08-16 15:15:00,3,294.1963659881429,294.2410897622067
2017-08-16 15:30:00,3,294.2242475548869,294.26694548879175
2017-08-16 15:45:00,3,294.2447995708762,294.28604971976404
2017-08-16 16:00:00,3,294.2571353294958,294.2975075994786
2017-08-16 16:15:00,3,294.26004497138115,294.3000360923668
2017-08-16 16:30:00,3,294.2531623499493,294.2930638918124
2017-08-16 16:45:00,3,294.23732065072096,294.2770781034137
2017-08-16 17:00:00,3,294.2137491640645,294.2531979251841
2017-08-16 17:15:00,3,294.1833914481903,294.2225635108939
2017-08-16 17:30:00,3,294.14744875647176,294.1861363304635
2017-08-16 17:45:00,3,294.10715226511746,294.1446981744244
2017-08-16 18:00:00,3,294.0605714033749,294.0990120535151
2017-08-16 18:15:00,3,294.00704551316073,294.0476062635118
2017-08-16 18:30:00,3,293.9462785229943,293.9894094563576
2017-08-16 18:45:00,3,293.87771426453133,293.9239272433788
2017-08-16 19:00:00,3,293.801601867154,293.85139739944793
2017-08-16 19:15:00,3,293.7194550246407,293.77350529734764
2017-08-16 19:30:00,3,293.63181748149634,293.69229372654706
2017-08-16 19:45:00,3,293.54132173675464,293.60625015663203
2017-08-16 20:00:00,3,293.4478980954279,293.5145228531743
2017-08-16 20:15:00,3,293.3527276861234,293.4197452324266
2017-08-16 20:30:00,3,293.25863849776596,293.3256527411197
2017-08-16 20:45:00,3,293.16675308078607,293.23446765293073
2017-08-16 21:00:00,3,293.0797341393076,293.1459162992742
2017-08-16 21:15:00,3,293.0008187371746,293.06408793439124
2017-08-16 21:30:00,3,292.9282923608013,292.9903710737506
2017-08-16 21:45:00,3,292.86095743399545,292.92327531644145
2017-08-16 22:00:00,3,292.7983259738914,292.86100882749935
2017-08-16 22:15:00,3,292.7400863494606,292.8026900669389
2017-08-16 22:30:00,3,292.6859034734737,292.7480918653038
2017-08-16 22:45:00,3,292.63546770906083,292.69713235114693
2017-08-16 23:00:00,3,292.5885267236518,292.6496503853618
2017-08-16 23:15:00,3,292.5448454046488,292.6054012426617
2017-08-16 23:30:00,3,292.50416827477864,292.564113285278
2017-08-16 23:45:00,3,292.46617185852665,292.5254764756252
2017-08-17 00:00:00,3,292.4304799674247,292.48913697074624
2017-08-17 00:15:00,3,292.3967269857188,292.45473793939766
2017-08-17 00:30:00,3,292.3646336953264,292.4221056262394
2017-08-17 00:45:00,3,292.33414863713085,292.3911587966039
2017-08-17 01:00:00,3,292.3054099946562,292.36194368590066
2017-08-17 01:15:00,3,292.27855265456844,292.3345810843343
2017-08-17 01:30:00,3,292.25357885782495,292.3090658822588
2017-08-17 01:45:00,3,292.23030935867695,292.28524740415975
2017-08-17 02:00:00,3,292.2084563876507,292.2628564399632
2017-08-17 02:15:00,3,292.1877399500372,292.2415999812073
2017-08-17 02:30:00,3,292.16794392576236,292.22124959622346
2017-08-17 02:45:00,3,292.148951902705,292.2016848004658
2017-08-17 03:00:00,3,292.13072913286885,292.18287383824463
2017-08-17 03:15:00,3,292.11326017130625,292.16481675309484
2017-08-17 03:30:00,3,292.09650531806915,292.14748661512687
2017-08-17 03:45:00,3,292.08036001592393,292.1307905125877
2017-08-17 04:00:00,3,292.06467621721845,292.11458359593615
2017-08-17 04:15:00,3,292.04931680599253,292.0987179670637
2017-08-17 04:30:00,3,292.03417588295684,292.0830775672444
2017-08-17 04:45:00,3,292.01917296733285,292.0675822996008
2017-08-17 05:00:00,3,292.0042482626165,292.0521780019542
2017-08-17 05:15:00,3,291.98936052090806,292.03682876914087
2017-08-17 05:30:00,3,291.9744972808307,292.02152314708053
2017-08-17 05:45:00,3,291.9597115318612,292.00631846064863
2017-08-17 06:00:00,3,291.9457192020387,291.992072205029
2017-08-17 06:15:00,3,291.9353692756657,291.98118127062116
2017-08-17 06:30:00,3,291.9316398046337,291.9764252604891
2017-08-17 06:45:00,3,291.93560958390657,291.9793780297956
2017-08-17 07:00:00,3,291.94717358064844,291.9902299968133
2017-08-17 07:15:00,3,291.9659494426035,292.00858442166225
2017-08-17 07:30:00,3,291.99121747010963,292.0334306324627
2017-08-17 07:45:00,3,292.0218088843214,292.063534193689
2017-08-17 08:00:00,3,292.05646105160065,292.0976588877337
2017-08-17 08:15:00,3,292.09399977617306,292.1344500211404
2017-08-17 08:30:00,3,292.1330239836751,292.17290752714416
2017-08-17 08:45:00,3,292.1725671716646,292.2125715921426
2017-08-17 09:00:00,3,292.21187844234265,292.25300399356246
2017-08-17 09:15:00,3,292.2524989085546,292.29264383418695
2017-08-17 09:30:00,3,292.2942857501486,292.3324779290865
2017-08-17 09:45:00,3,292.33657644219204,292.3731002231046
2017-08-17 10:00:00,3,292.3790308830668,292.4145761158153
2017-08-17 10:15:00,3,292.42246213364837,292.45739900788453
2017-08-17 10:30:00,3,292.4676713510626,292.50226883462415
2017-08-17 10:45:00,3,292.517256316022,292.5513500522809
2017-08-17 11:00:00,3,292.5768528619679,292.60892398377405
2017-08-17 11:15:00,3,292.64807116802865,292.6767292955086
2017-08-17 11:30:00,3,292.72849165573024,292.7558968847695
2017-08-17 11:45:00,3,292.8113515026546,292.84036282367276
2017-08-17 12:00:00,3,292.89307060496753,292.92420211522744
2017-08-17 12:15:00,3,292.97199900911545,293.00425683783953
2017-08-17 12:30:00,3,293.04730076735825,293.0797364462627
2017-08-17 12:45:00,3,293.1188640538539,293.1510777968476
2017-08-17 13:00:00,3,293.18722644709345,293.2191436694691
2017-08-17 13:15:00,3,293.2531138130295,293.2847647678179
2017-08-17 13:30:00,3,293.31702104495093,293.34844406401066
2017-08-17 13:45:00,3,293.37893695268707,293.4102050223574
2017-08-17 14:00:00,3,293.4385304126281,293.4697264652039
2017-08-17 14:15:00,3,293.4955061805937,293.5266545523879
2017-08-17 14:30:00,3,293.54978338663295,293.58084399922194
2017-08-17 14:45:00,3,293.60154533383496,293.6324379918405
2017-08-17 15:00:00,3,293.6511249352843,293.68176136298996
2017-08-17 15:15:00,3,293.69874599587536,293.72901923178387
2017-08-17 15:30:00,3,293.7441820441567,293.7740268055739
2017-08-17 15:45:00,3,293.7868860483454,293.81625466678247
2017-08-17 16:00:00,3,293.8261649776586,293.85488362510614
2017-08-17 16:15:00,3,293.8607552600418,293.8886025630806
2017-08-17 16:30:00,3,293.88909236927066,293.9159204832114
2017-08-17 16:45:00,3,293.90992982760724,293.93554877783833
2017-08-17 17:00:00,3,293.9226459880868,293.9468977294556
2017-08-17 17:15:00,3,293.9274840497435,293.9501888823987
2017-08-17 17:30:00,3,293.92525610117605,293.9461404517301
2017-08-17 17:45:00,3,293.91695742644856,293.93552540997206
2017-08-17 18:00:00,3,293.9035630009339,293.91888071100885
2017-08-17 18:15:00,3,293.88267183481184,293.89655988771557
2017-08-17 18:30:00,3,293.85282447518927,293.8665823749745
2017-08-17 18:45:00,3,293.8139425781813,293.82809159704766
2017-08-17 19:00:00,3,293.7671104005733,293.7817346788886
2017-08-17 19:15:00,3,293.7132786427482,293.7284336642028
2017-08-17 19:30:00,3,293.6483869453981,293.6676745971538
2017-08-17 19:45:00,3,293.5685834390336,293.59551893373555
2017-08-17 20:00:00,3,293.4758678118469,293.5108111666978
2017-08-17 20:15:00,3,293.3766804383457,293.41841998509733
2017-08-17 20:30:00,3,293.2778042898576,293.3251423786771
2017-08-17 20:45:00,3,293.1841022401144,293.234552381843
2017-08-17 21:00:00,3,293.09525174318946,293.14650473853555
2017-08-17 21:15:00,3,293.00839486009187,293.06048400741173
2017-08-17 21:30:00,3,292.9231432258301,292.97624830484875
2017-08-17 21:45:00,3,292.84424244452856,292.8949207143506
2017-08-17 22:00:00,3,292.7729927146945,292.8212431801973
2017-08-17 22:15:00,3,292.70825137474924,292.7560099087592
2017-08-17 22:30:00,3,292.64906489018335,292.69743481482715
2017-08-17 22:45:00,3,292.59476161997713,292.64368477972425
2017-08-17 23:00:00,3,292.5448401129198,292.59384639171407
2017-08-17 23:15:00,3,292.49887236863657,292.5476328454554
2017-08-17 23:30:00,3,292.4564601960334,292.5048685655527
2017-08-17 23:45:00,3,292.4172110027294,292.46526225781133
2017-08-18 00:00:00,3,292.38075160457487,292.4284417481348
2017-08-18 00:15:00,3,292.3467524315457,292.39405342552135
2017-08-18 00:30:00,3,292.3149379785267,292.36191107835447
2017-08-18 00:45:00,3,292.2850980204169,292.33180548692155
2017-08-18 01:00:00,3,292.25706681989317,292.3035152601983
2017-08-18 01:15:00,3,292.2306932462907,292.27686270717703
2017-08-18 01:30:00,3,292.2058199864211,292.25164169561276
2017-08-18 01:45:00,3,292.1822523236687,292.2276646103839
2017-08-18 02:00:00,3,292.1597807959837,292.2047522267168
2017-08-18 02:15:00,3,292.138224986352,292.18274110511885
2017-08-18 02:30:00,3,292.11746019410043,292.16151538066816
2017-08-18 02:45:00,3,292.0974549133374,292.1410379531271
2017-08-18 03:00:00,3,292.07823497416064,292.1213311921525
2017-08-18 03:15:00,3,292.0598179540164,292.10242595202374
2017-08-18 03:30:00,3,292.0421775033588,292.0843045978954
2017-08-18 03:45:00,3,292.02520692529305,292.06687186931214
2017-08-18 04:00:00,3,292.0087549405543,292.049981871462
2017-08-18 04:15:00,3,291.9926882163885,292.0334914342986
2017-08-18 04:30:00,3,291.9769174605269,292.0173051725236
2017-08-18 04:45:00,3,291.96140963875166,292.0013867909052
2017-08-18 05:00:00,3,291.9461647020556,291.9857370517761
2017-08-18 05:15:00,3,291.9311843268242,291.97036301185653
2017-08-18 05:30:00,3,291.9164635091928,291.9552630746816
2017-08-18 05:45:00,3,291.90199941931365,291.9404343546969
2017-08-18 06:00:00,3,291.88785528539665,291.92595047405047
2017-08-18 06:15:00,3,291.87431217052597,291.9120517322277
2017-08-18 06:30:00,3,291.8617190951901,291.8990653134945
2017-08-18 06:45:00,3,291.850300064943,291.88725099991933
2017-08-18 07:00:00,3,291.84024138567565,291.87683777331904
2017-08-18 07:15:00,3,291.8320066598489,291.86822290581586
2017-08-18 07:30:00,3,291.8262071239956,291.8620073163539
2017-08-18 07:45:00,3,291.8232450977648,291.858600917361
2017-08-18 08:00:00,3,291.82343255480896,291.8583494616688
2017-08-18 08:15:00,3,291.8276158388555,291.8620003011524
2017-08-18 08:30:00,3,291.83700399201484,291.8706825040829
2017-08-18 08:45:00,3,291.8527713006682,291.8855840835338
2017-08-18 09:00:00,3,291.875783139386,291.9076153287749
2017-08-18 09:15:00,3,291.9065578383845,291.93739984314993
2017-08-18 09:30:00,3,291.94522324219736,291.97494151578326
2017-08-18 09:45:00,3,291.9907414791958,292.0195036673741
2017-08-18 10:00:00,3,292.0404892804865,292.0695045324355
2017-08-18 10:15:00,3,292.09268413049216,292.12050148857105
2017-08-18 10:30:00,3,292.1472683130848,292.17257392590744
2017-08-18 10:45:00,3,292.2020814755944,292.22518302584666
2017-08-18 11:00:00,3,292.2558395357651,292.27805724316056
2017-08-18 11:15:00,3,292.31175045674223,292.3327055927748
2017-08-18 11:30:00,3,292.3698493731006,292.38956792095473
2017-08-18 11:45:00,3,292.4301712593222,292.4484835360122
2017-08-18 12:00:00,3,292.4942223931133,292.50960258535764
2017-08-18 12:15:00,3,292.5594434814952,292.5738349402702
2017-08-18 12:30:00,3,292.6218455098127,292.6373093689525
2017-08-18 12:45:00,3,292.6791262748841,292.6960527075566
2017-08-18 13:00:00,3,292.7301986801757,292.7480837073312
2017-08-18 13:15:00,3,292.7753438582369,292.79355223820846
2017-08-18 13:30:00,3,292.8156906163355,292.8336896737579
2017-08-18 13:45:00,3,292.85223514344176,292.86984057274066
2017-08-18 14:00:00,3,292.88573416187415,292.90313430784846
2017-08-18 14:15:00,3,292.9174965431188,292.9348528780752
2017-08-18 14:30:00,3,292.9493812481596,292.9666363065485
2017-08-18 14:45:00,3,292.98314146473314,293.0002653570544
2017-08-18 15:00:00,3,293.01924531493154,293.0361177847986
2017-08-18 15:15:00,3,293.05423737470636,293.0711743239628
2017-08-18 15:30:00,3,293.08168862501543,293.09950350094596
2017-08-18 15:45:00,3,293.0954293226515,293.11477974966357
2017-08-18 16:00:00,3,293.0924583575758,293.1138128464292
2017-08-18 16:15:00,3,293.07581689291624,293.098733459976
2017-08-18 16:30:00,3,293.05214572379145,293.07555155615086
2017-08-18 16:45:00,3,293.02775396224257,293.0509690931488
2017-08-18 17:00:00,3,293.0069543275696,293.02966720510807
2017-08-18 17:15:00,3,292.9913099092742,293.0133924249257
2017-08-18 17:30:00,3,292.97918067274577,293.0009433331846
2017-08-18 17:45:00,3,292.96758663452886,292.9897154410671
2017-08-18 18:00:00,3,292.95416626688467,292.97698537190973
2017-08-18 18:15:00,3,292.9367130492762,292.96036959148876
2017-08-18 18:30:00,3,292.9130619560186,292.9378893348566
2017-08-18 18:45:00,3,292.88148748212757,292.9079846764243
2017-08-18 19:00:00,3,292.8415537681002,292.8702302684902
2017-08-18 19:15:00,3,292.79290359230936,292.825671611937
2017-08-18 19:30:00,3,292.7373064070157,292.773223122153
2017-08-18 19:45:00,3,292.67552315073334,292.7129759166729
2017-08-18 20:00:00,3,292.60919105334625,292.64721310613214
2017-08-18 20:15:00,3,292.5408765876701,292.5788890523606
2017-08-18 20:30:00,3,292.47626377301975,292.51208371262425
2017-08-18 20:45:00,3,292.4167879650104,292.4509951403974
2017-08-18 21:00:00,3,292.36206403752993,292.39626333555304
2017-08-18 21:15:00,3,292.31164797454323,292.34659316853123
2017-08-18 21:30:00,3,292.26517362659484,292.300731332226
2017-08-18 21:45:00,3,292.2223606846582,292.2581318249229
2017-08-18 22:00:00,3,292.1829998894579,292.2187086514365
2017-08-18 22:15:00,3,292.1469025167073,292.1824453542542
2017-08-18 22:30:00,3,292.113839482898,292.14927935249665
2017-08-18 22:45:00,3,292.083447422858,292.1188626975419
2017-08-18 23:00:00,3,292.0552604048699,292.09066246955695
2017-08-18 23:15:00,3,292.02883541614136,292.064178116845
2017-08-18 23:30:00,3,292.00383976592764,292.0390649569463
2017-08-18 23:45:00,3,291.9800933556854,292.01516410589795
2017-08-19 00:00:00,3,291.9575185505059,291.992370861153
2017-08-19 00:15:00,3,291.936066698334,291.970634601163
2017-08-19 00:30:00,3,291.9156847992396,291.9499248032419
2017-08-19 00:45:00,3,291.89630944464915,291.9301997255058
2017-08-19 01:00:00,3,291.87787003643734,291.91139958260624
2017-08-19 01:15:00,3,291.8602914207036,291.893449112461
2017-08-19 01:30:00,3,291.8433995032897,291.8761499781805
2017-08-19 01:45:00,3,291.8266169501225,291.858980092199
2017-08-19 02:00:00,3,291.8090882302888,291.8411461535404
2017-08-19 02:15:00,3,291.7900782797494,291.8218786297208
2017-08-19 02:30:00,3,291.7691991310639,291.80074791014243
2017-08-19 02:45:00,3,291.74659802452544,291.77785959897545
2017-08-19 03:00:00,3,291.72281378922685,291.75374955756695
2017-08-19 03:15:00,3,291.6984410292799,291.72908301971586
2017-08-19 03:30:00,3,291.67403371769103,291.7044963361381
2017-08-19 03:45:00,3,291.65028895253,291.6806559305929
2017-08-19 04:00:00,3,291.62795857608,291.6582429101485
2017-08-19 04:15:00,3,291.60760501066466,291.63781189281156
2017-08-19 04:30:00,3,291.58950229707517,291.61963674117305
2017-08-19 04:45:00,3,291.573567893093,291.6036385341443
2017-08-19 05:00:00,3,291.5594754834146,291.58948138358613
2017-08-19 05:15:00,3,291.5468633741665,291.5767638031527
2017-08-19 05:30:00,3,291.53546834607624,291.56520275284436
2017-08-19 05:45:00,3,291.5252521973971,291.5547608953525
2017-08-19 06:00:00,3,291.5171492177977,291.54658180513263
2017-08-19 06:15:00,3,291.5149895336092,291.54394373890017
2017-08-19 06:30:00,3,291.5227455993319,291.5504318878631
2017-08-19 06:45:00,3,291.5412325955336,291.5675737008578
2017-08-19 07:00:00,3,291.5688517591638,291.5941522067384
2017-08-19 07:15:00,3,291.60277155442583,291.62720865765607
2017-08-19 07:30:00,3,291.64005875038316,291.66352830787116
2017-08-19 07:45:00,3,291.67855515579225,291.7009754735775
2017-08-19 08:00:00,3,291.71789039628345,291.7392448212251
2017-08-19 08:15:00,3,291.75924296351576,291.77977952881315
2017-08-19 08:30:00,3,291.8031219480397,291.8242894403646
2017-08-19 08:45:00,3,291.85185973779494,291.8717246899097
2017-08-19 09:00:00,3,291.90624832887136,291.9241404519386
2017-08-19 09:15:00,3,291.969333225243,291.9857205812903
2017-08-19 09:30:00,3,292.04543352074506,292.0604619206289
2017-08-19 09:45:00,3,292.13539748008236,292.1498057465575
2017-08-19 10:00:00,3,292.2426210393194,292.25540238341273
2017-08-19 10:15:00,3,292.36315561674706,292.3789092387584
2017-08-19 10:30:00,3,292.49198142448824,292.5135949816673
2017-08-19 10:45:00,3,292.6246972613882,292.65161628202384
2017-08-19 11:00:00,3,292.75650707977513,292.78693202630274
2017-08-19 11:15:00,3,292.88324392185325,292.9156760248695
2017-08-19 11:30:00,3,293.0023387883228,293.0358984739243
2017-08-19 11:45:00,3,293.1131690624869,293.1473606287887
2017-08-19 12:00:00,3,293.21637743307537,293.2509299313138
2017-08-19 12:15:00,3,293.31267552413897,293.34760614088736
2017-08-19 12:30:00,3,293.4024564024689,293.4379738888901
2017-08-19 12:45:00,3,293.4862558310515,293.5225372718712
2017-08-19 13:00:00,3,293.5653123087724,293.6024423129336
2017-08-19 13:15:00,3,293.6409278453188,293.6787965028114
2017-08-19 13:30:00,3,293.71379266743776,293.7522463346224
2017-08-19 13:45:00,3,293.78441029898784,293.8230782946897
2017-08-19 14:00:00,3,293.8528161438536,293.89111806289225
2017-08-19 14:15:00,3,293.91799942834143,293.95545184687984
2017-08-19 14:30:00,3,293.97805293283477,294.01420095896367
2017-08-19 14:45:00,3,294.0300377824953,294.0646122487562
2017-08-19 15:00:00,3,294.0711483542637,294.10403872233314
2017-08-19 15:15:00,3,294.1004372892563,294.13141312566415
2017-08-19 15:30:00,3,294.1192030844578,294.14818181716595
2017-08-19 15:45:00,3,294.13154738990005,294.1583757687137
2017-08-19 16:00:00,3,294.1417784601657,294.16604460379017
2017-08-19 16:15:00,3,294.1495316764676,294.17147302860616
2017-08-19 16:30:00,3,294.14955529554913,294.16988385485155
2017-08-19 16:45:00,3,294.13402345912533,294.1534987638583
2017-08-19 17:00:00,3,294.0971489577619,294.11670050730777
2017-08-19 17:15:00,3,294.0401966897592,294.06028916294053
2017-08-19 17:30:00,3,293.9690414579225,293.9902595514244
2017-08-19 17:45:00,3,293.8898350693958,293.9135345251638
2017-08-19 18:00:00,3,293.8077900687418,293.83487508544454
2017-08-19 18:15:00,3,293.724999027113,293.7562463619354
2017-08-19 18:30:00,3,293.64302408263336,293.6779176356307
2017-08-19 18:45:00,3,293.56289085416716,293.5999564230243
2017-08-19 19:00:00,3,293.4824777421889,293.5230442506536
2017-08-19 19:15:00,3,293.3987751304168,293.44567379197787
2017-08-19 19:30:00,3,293.31343658545995,293.3654291691593
2017-08-19 19:45:00,3,293.22873562424155,293.28210241966144
2017-08-19 20:00:00,3,293.14544637805545,293.1983553542717
2017-08-19 20:15:00,3,293.06594674056106,293.1179102003102
2017-08-19 20:30:00,3,292.9924502770581,293.04360400151756
2017-08-19 20:45:00,3,292.92576998090004,292.9764802783482
2017-08-19 21:00:00,3,292.8654347294482,292.91603946810613
2017-08-19 21:15:00,3,292.81044123308675,292.8610729183156
2017-08-19 21:30:00,3,292.75981665665523,292.8104637724914
2017-08-19 21:45:00,3,292.7130546714988,292.7636298400852
2017-08-19 22:00:00,3,292.672060430443,292.7202850136197
2017-08-19 22:15:00,3,292.6375101303745,292.6828897958486
2017-08-19 22:30:00,3,292.60873411375445,292.65212390944714
2017-08-19 22:45:00,3,292.58454993765764,292.62677179279353
2017-08-19 23:00:00,3,292.56351208423274,292.60496303725597
2017-08-19 23:15:00,3,292.5443720962618,292.58512434739566
2017-08-19 23:30:00,3,292.52632799012025,292.5663611846856
2017-08-19 23:45:00,3,292.5092331348674,292.54848391884116
2017-08-20 00:00:00,3,292.49335821008714,292.5317407744308
2017-08-20 00:15:00,3,292.4789751457298,292.5164525960128
2017-08-20 00:30:00,3,292.4660965127462,292.5026658100298
2017-08-20 00:45:00,3,292.4541755287146,292.48992960431514
2017-08-20 01:00:00,3,292.442315412547,292.47742668426855
2017-08-20 01:15:00,3,292.4297206049565,292.46432050821744
2017-08-20 01:30:00,3,292.4159472277897,292.45010706808966
2017-08-20 01:45:00,3,292.40110572194214,292.4348168509974
2017-08-20 02:00:00,3,292.385698765345,292.4189086226769
2017-08-20 02:15:00,3,292.3702648453887,292.4029649008439
2017-08-20 02:30:00,3,292.3550832353906,292.3872917470345
2017-08-20 02:45:00,3,292.3397706853062,292.37159708695464
2017-08-20 03:00:00,3,292.32345720495675,292.3550921314774
2017-08-20 03:15:00,3,292.3053077816569,292.3369027666667
2017-08-20 03:30:00,3,292.28493040326754,292.3166101503499
2017-08-20 03:45:00,3,292.2629520354413,292.2947000042077
2017-08-20 04:00:00,3,292.2407575744499,292.27241969236854
2017-08-20 04:15:00,3,292.21968376669156,292.25116244020967
2017-08-20 04:30:00,3,292.20058289544227,292.23187104377524
2017-08-20 04:45:00,3,292.1836270276759,292.21477904472044
2017-08-20 05:00:00,3,292.16851251292286,292.1995839732723
2017-08-20 05:15:00,3,292.154823357689,292.18580707671555
2017-08-20 05:30:00,3,292.142221782039,292.17306406025205
2017-08-20 05:45:00,3,292.13053838709,292.1611766378207
2017-08-20 06:00:00,3,292.1198747345695,292.1502986979611
2017-08-20 06:15:00,3,292.110901363003,292.14104616511054
2017-08-20 06:30:00,3,292.1045393607542,292.134367366397
2017-08-20 06:45:00,3,292.101595525809,292.13106423366435
2017-08-20 07:00:00,3,292.1030092610347,292.1321281714288
2017-08-20 07:15:00,3,292.1107739625623,292.1393762473442
2017-08-20 07:30:00,3,292.12718464226543,292.15495919544315
2017-08-20 07:45:00,3,292.1531152709861,292.18011648020087
2017-08-20 08:00:00,3,292.1874496352426,292.21399767040714
2017-08-20 08:15:00,3,292.2268246205308,292.2533875226464
2017-08-20 08:30:00,3,292.2660758445486,292.29354837765385
2017-08-20 08:45:00,3,292.30364436382905,292.33034448718394
2017-08-20 09:00:00,3,292.34052647222506,292.366044444003
2017-08-20 09:15:00,3,292.37806807336256,292.4021906378809
2017-08-20 09:30:00,3,292.41574671862145,292.4386475181563
2017-08-20 09:45:00,3,292.452829058294,292.4744674248866
2017-08-20 10:00:00,3,292.48882000848965,292.50881958402175
2017-08-20 10:15:00,3,292.5234521331539,292.5413595913885
2017-08-20 10:30:00,3,292.5544415656802,292.57169963489974
2017-08-20 10:45:00,3,292.5808225514061,292.5984807590573
2017-08-20 11:00:00,3,292.60291548012316,292.621147994909
2017-08-20 11:15:00,3,292.62171121468805,292.64024749716316
2017-08-20 11:30:00,3,292.63837719746107,292.6568850362112
2017-08-20 11:45:00,3,292.6537524317662,292.6720632858153
2017-08-20 12:00:00,3,292.6682044321168,292.68633870198545
2017-08-20 12:15:00,3,292.68167512728223,292.6997861025354
2017-08-20 12:30:00,3,292.6939229572271,292.7121267430122
2017-08-20 12:45:00,3,292.705016807721,292.72060709746273
2017-08-20 13:00:00,3,292.71549700872134,292.71988855788527
2017-08-20 13:15:00,3,292.72633026830687,292.70995051250895
2017-08-20 13:30:00,3,292.7385253152695,292.68861653556405
2017-08-20 13:45:00,3,292.75217625054853,292.6607600592932
2017-08-20 14:00:00,3,292.766207323796,292.63486158786526
2017-08-20 14:15:00,3,292.7787655110616,292.61791011913454
2017-08-20 14:30:00,3,292.7880954150813,292.6104522368664
2017-08-20 14:45:00,3,292.7935754802967,292.61020480895536
2017-08-20 15:00:00,3,292.7957163328728,292.6138473723399
2017-08-20 15:15:00,3,292.7957845422103,292.62024091688556
2017-08-20 15:30:00,3,292.79532440130714,292.6289481890368
2017-08-20 15:45:00,3,292.79567772159777,292.6398389650225
2017-08-20 16:00:00,3,292.7976458954206,292.6527120443811
2017-08-20 16:15:00,3,292.8009040168809,292.66679065371784
2017-08-20 16:30:00,3,292.8041404675549,292.6806413247068
2017-08-20 16:45:00,3,292.80586017695106,292.69247675229605
2017-08-20 17:00:00,3,292.805156581514,292.69984293115124
2017-08-20 17:15:00,3,292.8027003959983,292.69999378324803
2017-08-20 17:30:00,3,292.80069029607137,292.6933631263348
2017-08-20 17:45:00,3,292.80164208459615,292.6808181540283
2017-08-20 18:00:00,3,292.8080730332055,292.6657759027609
2017-08-20 18:15:00,3,292.8229294709273,292.6541814666183
2017-08-20 18:30:00,3,292.8486044873496,292.6507594458293
2017-08-20 18:45:00,3,292.8867824408801,292.6513527795097
2017-08-20 19:00:00,3,292.9374761591028,292.6480638406762
2017-08-20 19:15:00,3,292.993440471919,292.6373355533499
2017-08-20 19:30:00,3,293.0381449637808,292.62056480063626
2017-08-20 19:45:00,3,293.05639225642346,292.6008640337732
2017-08-20 20:00:00,3,293.0457210078378,292.57961445213397
2017-08-20 20:15:00,3,293.01221153488535,292.5566944111266
2017-08-20 20:30:00,3,292.96476065806115,292.5315896015705
2017-08-20 20:45:00,3,292.9106854930319,292.5046773515123
2017-08-20 21:00:00,3,292.85471935726355,292.4777612648219
2017-08-20 21:15:00,3,292.7996553586159,292.45220120127567
2017-08-20 21:30:00,3,292.7476935852756,292.42855734124134
2017-08-20 21:45:00,3,292.69947945565036,292.4068404877345
2017-08-20 22:00:00,3,292.6556473647145,292.3868406510672
2017-08-20 22:15:00,3,292.61513167264104,292.3683250369818
2017-08-20 22:30:00,3,292.5769945605006,292.3511060444346
2017-08-20 22:45:00,3,292.5424398547707,292.33504578886954
2017-08-20 23:00:00,3,292.51180673715544,292.3200402091571
2017-08-20 23:15:00,3,292.48444967931727,292.30600140282365
2017-08-20 23:30:00,3,292.4597707279447,292.29282959003456
2017-08-20 23:45:00,3,292.4372575708411,292.2803825335338
2017-08-21 00:00:00,3,292.4164683025067,292.2684950750989
2017-08-21 00:15:00,3,292.39705224669063,292.2573426817272
2017-08-21 00:30:00,3,292.3786889470291,292.24738386046306
2017-08-21 00:45:00,3,292.3608832566662,292.23823835621283
2017-08-21 01:00:00,3,292.3430085477045,292.228616532829
2017-08-21 01:15:00,3,292.32451395368605,292.2172312764319
2017-08-21 01:30:00,3,292.3050807687163,292.20349967567665
2017-08-21 01:45:00,3,292.28484549379334,292.18768556941166
2017-08-21 02:00:00,3,292.26429940919866,292.17058392035557
2017-08-21 02:15:00,3,292.2439676594747,292.15306620969784
2017-08-21 02:30:00,3,292.2242533842628,292.13579179161474
2017-08-21 02:45:00,3,292.2054577693367,292.1191763079357
2017-08-21 03:00:00,3,292.1878021100302,292.10346818150754
2017-08-21 03:15:00,3,292.1714168115094,292.0888116417374
2017-08-21 03:30:00,3,292.1563285229146,292.07525059388536
2017-08-21 03:45:00,3,292.142417017158,292.0627056994162
2017-08-21 04:00:00,3,292.1294666383788,292.05100503196974
2017-08-21 04:15:00,3,292.11726384158345,292.03994940864345
2017-08-21 04:30:00,3,292.10563098170246,292.02935143778024
2017-08-21 04:45:00,3,292.0943915700591,292.0190456198763
2017-08-21 05:00:00,3,292.0833568092019,292.00886890409686
2017-08-21 05:15:00,3,292.07238550140823,291.99868359505444
2017-08-21 05:30:00,3,292.06142250321153,291.9884280713623
2017-08-21 05:45:00,3,292.05053984200475,291.978185016065
2017-08-21 06:00:00,3,292.04068579428485,291.9690768760785
2017-08-21 06:15:00,3,292.0355148585215,291.96414931703396
2017-08-21 06:30:00,3,292.03887675749627,291.966983236227
2017-08-21 06:45:00,3,292.0522430074268,291.97974429603744
2017-08-21 07:00:00,3,292.0750964631286,292.002438694683
2017-08-21 07:15:00,3,292.1056602025114,292.0332059776289
2017-08-21 07:30:00,3,292.14137037327976,292.0692709153364
2017-08-21 07:45:00,3,292.17745929487836,292.1069112976495
2017-08-21 08:00:00,3,292.213709142656,292.14362713349146
2017-08-21 08:15:00,3,292.2516354928725,292.18022848276536
2017-08-21 08:30:00,3,292.29031832677487,292.21800862778616
2017-08-21 08:45:00,3,292.32968322430264,292.25722193262266
2017-08-21 09:00:00,3,292.3701471384598,292.2978959541311
2017-08-21 09:15:00,3,292.4134517673826,292.34095659705133
2017-08-21 09:30:00,3,292.4618046964341,292.38949996588786
2017-08-21 09:45:00,3,292.51588228455086,292.4446962494492
2017-08-21 10:00:00,3,292.5772760906582,292.507472761346
2017-08-21 10:15:00,3,292.646539686045,292.5781955422271
2017-08-21 10:30:00,3,292.72236247013996,292.65573873058986
2017-08-21 10:45:00,3,292.8017784783866,292.7372916534549
2017-08-21 11:00:00,3,292.8813274125943,292.8191538322195
2017-08-21 11:15:00,3,292.95789949285523,292.89795720349576
2017-08-21 11:30:00,3,293.02979945810495,292.97197107611845
2017-08-21 11:45:00,3,293.09754972118884,293.0417348990654
2017-08-21 12:00:00,3,293.1630364699067,293.10923148089495
2017-08-21 12:15:00,3,293.2275696819216,293.1761071201586
2017-08-21 12:30:00,3,293.2911266289042,293.2425964891776
2017-08-21 12:45:00,3,293.35313668388636,293.3080104109275
2017-08-21 13:00:00,3,293.4137285631725,293.37190284111574
2017-08-21 13:15:00,3,293.4737603666903,293.434519458107
2017-08-21 13:30:00,3,293.5343196811709,293.49669242338035
2017-08-21 13:45:00,3,293.59701783346407,293.5600535929458
2017-08-21 14:00:00,3,293.6636286356113,293.6263652848301
2017-08-21 14:15:00,3,293.7351781529347,293.6967761702579
2017-08-21 14:30:00,3,293.81148832365903,293.77115967525356
2017-08-21 14:45:00,3,293.89081168901765,293.84790985692155
2017-08-21 15:00:00,3,293.97058119948116,293.9245208979828
2017-08-21 15:15:00,3,294.0486667377012,293.9984438297501
2017-08-21 15:30:00,3,294.12240450504424,294.067560351853
2017-08-21 15:45:00,3,294.1893052841441,294.1302966194344
2017-08-21 16:00:00,3,294.2485470157201,294.1860020326857
2017-08-21 16:15:00,3,294.29950950125993,294.2340313181341
2017-08-21 16:30:00,3,294.3418026157141,294.27355621194926
2017-08-21 16:45:00,3,294.37596161320045,294.30476122164634
2017-08-21 17:00:00,3,294.40282719121495,294.3284747203837
2017-08-21 17:15:00,3,294.4224162124582,294.3451280411261
2017-08-21 17:30:00,3,294.43424405101354,294.3544998445829
2017-08-21 17:45:00,3,294.43811887809494,294.356251235753
2017-08-21 18:00:00,3,294.4340593462648,294.3500672762833
2017-08-21 18:15:00,3,294.4214765847585,294.3352988365838
2017-08-21 18:30:00,3,294.39938958032076,294.3109463945024
2017-08-21 18:45:00,3,294.3667869821537,294.2759617294553
2017-08-21 19:00:00,3,294.31886775796977,294.2294538544404
2017-08-21 19:15:00,3,294.2519143137003,294.1688306777676
2017-08-21 19:30:00,3,294.1598662511066,294.0871269944443
2017-08-21 19:45:00,3,294.04460950221176,293.9838009340008
2017-08-21 20:00:00,3,293.91738945668885,293.866266891648
2017-08-21 20:15:00,3,293.7871028457784,293.74348219903925
2017-08-21 20:30:00,3,293.6582524237936,293.62242564842944
2017-08-21 20:45:00,3,293.53409465203936,293.5067774991234
2017-08-21 21:00:00,3,293.41734027301345,293.39801003676575
2017-08-21 21:15:00,3,293.30914600837895,293.2938607973743
2017-08-21 21:30:00,3,293.2069566429023,293.19217314870747
2017-08-21 21:45:00,3,293.1069242395497,293.09221579493675
2017-08-21 22:00:00,3,293.0075816035149,292.99359459116306
2017-08-21 22:15:00,3,292.9093380060826,292.8953132061266
2017-08-21 22:30:00,3,292.8169697449081,292.79849428443333
2017-08-21 22:45:00,3,292.72962498736996,292.70760623015775
2017-08-21 23:00:00,3,292.6464384395256,292.62331385290554
2017-08-21 23:15:00,3,292.5670067339815,292.54398800249635
2017-08-21 23:30:00,3,292.4910478054962,292.4681243031841
2017-08-21 23:45:00,3,292.4183292568575,292.39511813810617
2017-08-22 00:00:00,3,292.34858021659716,292.32483574869
2017-08-22 00:15:00,3,292.2813997445902,292.25708619330516
2017-08-22 00:30:00,3,292.21657833230944,292.1917698670766
2017-08-22 00:45:00,3,292.1548605900997,292.1295052697808
2017-08-22 01:00:00,3,292.0977182026753,292.07165210387353
2017-08-22 01:15:00,3,292.0464758951205,292.01965804361333
2017-08-22 01:30:00,3,292.00199671839874,291.97453977850915
2017-08-22 01:45:00,3,291.964782224727,291.93677947207794
2017-08-22 02:00:00,3,291.93497320096475,291.9065098132879
2017-08-22 02:15:00,3,291.912373547161,291.8834405625182
2017-08-22 02:30:00,3,291.8964067040698,291.8668511213112
2017-08-22 02:45:00,3,291.8857555804224,291.8555047008727
2017-08-22 03:00:00,3,291.8787302021147,291.8478658828415
2017-08-22 03:15:00,3,291.8739040446238,291.8423073792547
2017-08-22 03:30:00,3,291.87029405536356,291.8377599398075
2017-08-22 03:45:00,3,291.8672810938914,291.83368492823274
2017-08-22 04:00:00,3,291.8644772714437,291.82982220542704
2017-08-22 04:15:00,3,291.8616476826966,291.82601086326696
2017-08-22 04:30:00,3,291.85864197577007,291.82211225259675
2017-08-22 04:45:00,3,291.8553031129516,291.81803194943814
2017-08-22 05:00:00,3,291.8514669062596,291.8136078268543
2017-08-22 05:15:00,3,291.84701585391485,291.8086689465602
2017-08-22 05:30:00,3,291.84188472949256,291.8031077211095
2017-08-22 05:45:00,3,291.83602717611825,291.79679740732035
2017-08-22 06:00:00,3,291.8300373437547,291.7905756246122
2017-08-22 06:15:00,3,291.82680499433434,291.78688260271457
2017-08-22 06:30:00,3,291.8296201276061,291.78876908821
2017-08-22 06:45:00,3,291.8398980824223,291.7981860732467
2017-08-22 07:00:00,3,291.85736023661667,291.81513798669795
2017-08-22 07:15:00,3,291.88028305756006,291.8378225434341
2017-08-22 07:30:00,3,291.9063745078178,291.86377710868214
2017-08-22 07:45:00,3,291.9337725733137,291.8909420681804
2017-08-22 08:00:00,3,291.96167371570556,291.9184519209705
2017-08-22 08:15:00,3,291.99134902141367,291.94756964233517
2017-08-22 08:30:00,3,292.0253027523499,291.9808016933936
2017-08-22 08:45:00,3,292.06514228636263,292.02027243419144
2017-08-22 09:00:00,3,292.10979491639296,292.06645987228035
2017-08-22 09:15:00,3,292.16073139220504,292.11692323352315
2017-08-22 09:30:00,3,292.2198582458457,292.1739858751712
2017-08-22 09:45:00,3,292.28643751563106,292.2392114539348
2017-08-22 10:00:00,3,292.3660821410244,292.31803917993767
2017-08-22 10:15:00,3,292.4584586197827,292.4101267550957
2017-08-22 10:30:00,3,292.5602227490031,292.5112665100525
2017-08-22 10:45:00,3,292.66270617777445,292.6167857510233
2017-08-22 11:00:00,3,292.7587462464954,292.7176134674799
2017-08-22 11:15:00,3,292.8470460601836,292.80912280675943
2017-08-22 11:30:00,3,292.92902654405754,292.8921004567718
2017-08-22 11:45:00,3,293.0071184758637,292.96992360649233
2017-08-22 12:00:00,3,293.0832335548438,293.04554523791006
2017-08-22 12:15:00,3,293.15793457794587,293.1202609713858
2017-08-22 12:30:00,3,293.2315015259313,293.1944401525946
2017-08-22 12:45:00,3,293.3050161924981,293.2687939905487
2017-08-22 13:00:00,3,293.37992718152844,293.34433554064856
2017-08-22 13:15:00,3,293.45586217977745,293.4208029006042
2017-08-22 13:30:00,3,293.52984423786353,293.49537465317303
2017-08-22 13:45:00,3,293.59655964798856,293.5627163163942
2017-08-22 14:00:00,3,293.65040501991814,293.61716917671436
2017-08-22 14:15:00,3,293.68886682466007,293.6556479744371
2017-08-22 14:30:00,3,293.71305683448406,293.67898215007665
2017-08-22 14:45:00,3,293.72683170231517,293.6909459000595
2017-08-22 15:00:00,3,293.735406086118,293.6977426046452
2017-08-22 15:15:00,3,293.74531139649633,293.70626751709347
2017-08-22 15:30:00,3,293.76349009172645,293.723142973807
2017-08-22 15:45:00,3,293.79524346767386,293.7533846075274
2017-08-22 16:00:00,3,293.84252225584663,293.7988239231651
2017-08-22 16:15:00,3,293.9034608226579,293.857715204946
2017-08-22 16:30:00,3,293.97508617985864,293.92530953215174
2017-08-22 16:45:00,3,294.0509705128422,293.99696139459803
2017-08-22 17:00:00,3,294.1231589264596,294.06667145007475
2017-08-22 17:15:00,3,294.1858929450867,294.1266137697271
2017-08-22 17:30:00,3,294.2346074832567,294.17149112022014
2017-08-22 17:45:00,3,294.26711319305616,294.19944642418704
2017-08-22 18:00:00,3,294.28304892021674,294.2107002476798
2017-08-22 18:15:00,3,294.28221399342823,294.2055810321505
2017-08-22 18:30:00,3,294.26398042917407,294.18367708571094
2017-08-22 18:45:00,3,294.22825602019117,294.14511349345486
2017-08-22 19:00:00,3,294.17445631995855,294.09059610788734
2017-08-22 19:15:00,3,294.09781686089946,294.01948287197325
2017-08-22 19:30:00,3,293.9952534735604,293.92810689745795
2017-08-22 19:45:00,3,293.8708056638105,293.8171929491392
2017-08-22 20:00:00,3,293.73676887690584,293.6946410200849
2017-08-22 20:15:00,3,293.60200921096117,293.5696141684886
2017-08-22 20:30:00,3,293.471319293788,293.4487517595133
2017-08-22 20:45:00,3,293.34890456775884,293.335699595444
2017-08-22 21:00:00,3,293.2371591915738,293.23025474699296
2017-08-22 21:15:00,3,293.1357101119123,293.1299123260241
2017-08-22 21:30:00,3,293.0396977806743,293.03384924683206
2017-08-22 21:45:00,3,292.94799321933095,292.94247421722247
2017-08-22 22:00:00,3,292.86452793273827,292.8557839447619
2017-08-22 22:15:00,3,292.7915370037117,292.7783156498097
2017-08-22 22:30:00,3,292.7272190872726,292.7115968954201
2017-08-22 22:45:00,3,292.6697207915443,292.6535092489956
2017-08-22 23:00:00,3,292.6174368740872,292.6011217360326
2017-08-22 23:15:00,3,292.5691242467409,292.5524583037408
2017-08-22 23:30:00,3,292.5239389051958,292.5066728154469
2017-08-22 23:45:00,3,292.48154008967464,292.4636065672485
2017-08-23 00:00:00,3,292.44190644672625,292.4233315700882
2017-08-23 00:15:00,3,292.4050364807718,292.38587278400655
2017-08-23 00:30:00,3,292.37083318019853,292.35112382268846
2017-08-23 00:45:00,3,292.3390816356471,292.31885355463885
2017-08-23 01:00:00,3,292.30949439276725,292.2888497738781
2017-08-23 01:15:00,3,292.281784697142,292.260808472716
2017-08-23 01:30:00,3,292.2557016699965,292.2344054072586
2017-08-23 01:45:00,3,292.23103525421084,292.2093956513486
2017-08-23 02:00:00,3,292.20761449611507,292.1856118239556
2017-08-23 02:15:00,3,292.185298714227,292.1628956044576
2017-08-23 02:30:00,3,292.16396662527706,292.1411358731911
2017-08-23 02:45:00,3,292.1435367230741,292.1202671843945
2017-08-23 03:00:00,3,292.1239634304159,292.100253980943
2017-08-23 03:15:00,3,292.10520974145714,292.0810682743837
2017-08-23 03:30:00,3,292.08722994339104,292.062670394582
2017-08-23 03:45:00,3,292.0699578373927,292.0449981884036
2017-08-23 04:00:00,3,292.0533128621735,292.0279720800135
2017-08-23 04:15:00,3,292.0372145479953,292.0115066239066
2017-08-23 04:30:00,3,292.0214992917583,291.99541476256627
2017-08-23 04:45:00,3,292.00566279904064,291.97925036587844
2017-08-23 05:00:00,3,291.98901357444686,291.9623780309213
2017-08-23 05:15:00,3,291.97100627624457,291.9442219658223
2017-08-23 05:30:00,3,291.95142083862027,291.92453708036464
2017-08-23 05:45:00,3,291.9305621232121,291.9035899397274
2017-08-23 06:00:00,3,291.909700452508,291.88278688023996
2017-08-23 06:15:00,3,291.8923167007365,291.86520690125514
2017-08-23 06:30:00,3,291.882059775699,291.85434854047173
2017-08-23 06:45:00,3,291.88074849045796,291.85249962094
2017-08-23 07:00:00,3,291.8884872644646,291.85992272539136
2017-08-23 07:15:00,3,291.9035208022642,291.8748729865238
2017-08-23 07:30:00,3,291.9230798526476,291.8944815048206
2017-08-23 07:45:00,3,291.94432082375715,291.915684857343
2017-08-23 08:00:00,3,291.96513071075395,291.93627139613966
2017-08-23 08:15:00,3,291.98521316848917,291.95583342923203
2017-08-23 08:30:00,3,292.00573054076625,291.9755135487119
2017-08-23 08:45:00,3,292.02834085719326,291.9971677591664
2017-08-23 09:00:00,3,292.05456303047976,292.0225541102737
2017-08-23 09:15:00,3,292.08573327906106,292.0531525903556
2017-08-23 09:30:00,3,292.1220840415069,292.08962665944733
2017-08-23 09:45:00,3,292.1624728108668,292.130912534131
2017-08-23 10:00:00,3,292.20803665314247,292.1750989080264
2017-08-23 10:15:00,3,292.25789356269945,292.2225140307323
2017-08-23 10:30:00,3,292.30923581113086,292.2713679224663
2017-08-23 10:45:00,3,292.36289558635974,292.32444324548965
2017-08-23 11:00:00,3,292.42107425287884,292.38214561126915
2017-08-23 11:15:00,3,292.4832372485449,292.4436716991768
2017-08-23 11:30:00,3,292.5509846462337,292.5095990024527
2017-08-23 11:45:00,3,292.6245637841127,292.58307191039285
2017-08-23 12:00:00,3,292.7049729002713,292.66466548399535
2017-08-23 12:15:00,3,292.7943292373184,292.7551534530664
2017-08-23 12:30:00,3,292.8934001115576,292.8550003481405
2017-08-23 12:45:00,3,293.0000737051659,292.96254672932207
2017-08-23 13:00:00,3,293.109459154113,293.0733470847774
2017-08-23 13:15:00,3,293.2156425446711,293.1813752472984
2017-08-23 13:30:00,3,293.3140972493833,293.2816305234763
2017-08-23 13:45:00,3,293.40389783276515,293.37243732737227
2017-08-23 14:00:00,3,293.48685044340186,293.45531953025466
2017-08-23 14:15:00,3,293.5653833747284,293.53318939460513
2017-08-23 14:30:00,3,293.6416861445551,293.6087823274332
2017-08-23 14:45:00,3,293.71754955932744,293.68403401531555
2017-08-23 15:00:00,3,293.7940353697904,293.7598540886137
2017-08-23 15:15:00,3,293.8709490258225,293.8359699789426
2017-08-23 15:30:00,3,293.9470907438644,293.9110990594888
2017-08-23 15:45:00,3,294.02068999271853,293.98336597182424
2017-08-23 16:00:00,3,294.090431125678,294.05145501775866
2017-08-23 16:15:00,3,294.15699201508517,294.1155548624218
2017-08-23 16:30:00,3,294.2215876913871,294.1766372207417
2017-08-23 16:45:00,3,294.2849898232787,294.2354976987073
2017-08-23 17:00:00,3,294.347281438838,294.2909840634457
2017-08-23 17:15:00,3,294.40189451587594,294.33787012415894
2017-08-23 17:30:00,3,294.4358427503804,294.36811173607623
2017-08-23 17:45:00,3,294.4416677096738,294.3716696546962
2017-08-23 18:00:00,3,294.4166958120426,294.3447183211653
2017-08-23 18:15:00,3,294.36629825249577,294.2928711904921
2017-08-23 18:30:00,3,294.30101180552623,294.22684300100707
2017-08-23 18:45:00,3,294.2303254103331,294.1564979374099
2017-08-23 19:00:00,3,294.1595066838787,294.08645286947745
2017-08-23 19:15:00,3,294.0809178280519,294.01281615210746
2017-08-23 19:30:00,3,293.9818633190307,293.9269510068051
2017-08-23 19:45:00,3,293.8616072735526,293.82070375605656
2017-08-23 20:00:00,3,293.72898774928393,293.6985842948556
2017-08-23 20:15:00,3,293.59260141592705,293.57067179443015
2017-08-23 20:30:00,3,293.45926707076217,293.4455215696917
2017-08-23 20:45:00,3,293.3335770687409,293.3281657991571
2017-08-23 21:00:00,3,293.21841459865936,293.21744546913965
2017-08-23 21:15:00,3,293.11228156618415,293.11196693249445
2017-08-23 21:30:00,3,293.0120271620641,293.0119279925666
2017-08-23 21:45:00,3,292.9177733945236,292.9177432249003
2017-08-23 22:00:00,3,292.834443659565,292.8300741350497
2017-08-23 22:15:00,3,292.76123536910643,292.75315843900756
2017-08-23 22:30:00,3,292.69594527311233,292.6866654338336
2017-08-23 22:45:00,3,292.63696386203446,292.62776669033184
2017-08-23 23:00:00,3,292.58312628255163,292.5739705173657
2017-08-23 23:15:00,3,292.53356060891775,292.5240147315252
2017-08-23 23:30:00,3,292.4876195609897,292.47743357179695
2017-08-23 23:45:00,3,292.44484803364986,292.43399203842955
2017-08-24 00:00:00,3,292.4049164601125,292.3934381172712
2017-08-24 00:15:00,3,292.36755596177693,292.355491551348
2017-08-24 00:30:00,3,292.3325234800375,292.3198855907682
2017-08-24 00:45:00,3,292.2995822755349,292.2863838887099
2017-08-24 01:00:00,3,292.26850937024443,292.2548817225178
2017-08-24 01:15:00,3,292.23910641881974,292.2251353014223
2017-08-24 01:30:00,3,292.2111503659013,292.19681605696366
2017-08-24 01:45:00,3,292.1842446000652,292.1695211249635
2017-08-24 02:00:00,3,292.1578907358293,292.14279735001764
2017-08-24 02:15:00,3,292.13167188981413,292.1162432827588
2017-08-24 02:30:00,3,292.1053669166267,292.08964772626575
2017-08-24 02:45:00,3,292.0791051061401,292.06311232068
2017-08-24 03:00:00,3,292.0532581994289,292.03698089917896
2017-08-24 03:15:00,3,292.0281839612767,292.011627648176
2017-08-24 03:30:00,3,292.00402923156815,291.9872019098315
2017-08-24 03:45:00,3,291.9804665741786,291.9634271803678
2017-08-24 04:00:00,3,291.956858916728,291.93970232713735
2017-08-24 04:15:00,3,291.9326439887112,291.9154151990683
2017-08-24 04:30:00,3,291.9076201942348,291.89034953099934
2017-08-24 04:45:00,3,291.88235274401893,291.8649893352283
2017-08-24 05:00:00,3,291.85790658691326,291.8403316949314
2017-08-24 05:15:00,3,291.83524055721506,291.81738734428757
2017-08-24 05:30:00,3,291.8148869674045,291.79672463659404
2017-08-24 05:45:00,3,291.7967362928379,291.77829582899346
2017-08-24 06:00:00,3,291.78097439660166,291.76247788347035
2017-08-24 06:15:00,3,291.7702130410127,291.751339189981
2017-08-24 06:30:00,3,291.76746125354435,291.7476202697598
2017-08-24 06:45:00,3,291.7737321333688,291.7528973209055
2017-08-24 07:00:00,3,291.7884328671565,291.76693242604887
2017-08-24 07:15:00,3,291.81001762729386,291.78819775762884
2017-08-24 07:30:00,3,291.8367251718417,291.8147825924996
2017-08-24 07:45:00,3,291.86723755057227,291.845130863606
2017-08-24 08:00:00,3,291.9010108860689,291.878387422878
2017-08-24 08:15:00,3,291.9385230942461,291.91501768421466
2017-08-24 08:30:00,3,291.9805067325852,291.9561710775908
2017-08-24 08:45:00,3,292.02688550968185,292.0025140302819
2017-08-24 09:00:00,3,292.0760787846334,292.0530060776501
2017-08-24 09:15:00,3,292.1304951808606,292.1060059823456
2017-08-24 09:30:00,3,292.19105249649215,292.16395038406523
2017-08-24 09:45:00,3,292.2572206399159,292.2281419807454
2017-08-24 10:00:00,3,292.3305702517543,292.3011603193916
2017-08-24 10:15:00,3,292.41529326614926,292.38540901619575
2017-08-24 10:30:00,3,292.51119708735746,292.48042323936465
2017-08-24 10:45:00,3,292.6166379615902,292.5871985170117
2017-08-24 11:00:00,3,292.72389089652734,292.6983648799879
2017-08-24 11:15:00,3,292.8293075061442,292.80746432711607
2017-08-24 11:30:00,3,292.93161076211277,292.91198411747695
2017-08-24 11:45:00,3,293.0312588530907,293.01273348124823
2017-08-24 12:00:00,3,293.1296575495569,293.11180691188866
2017-08-24 12:15:00,3,293.227778883815,293.2107483553724
2017-08-24 12:30:00,3,293.3257883960349,293.3099469906878
2017-08-24 12:45:00,3,293.42357043590175,293.4092059981524
2017-08-24 13:00:00,3,293.52156841535793,293.5086011489577
2017-08-24 13:15:00,3,293.62046140696924,293.6085556826153
2017-08-24 13:30:00,3,293.72050699944396,293.70941298597734
2017-08-24 13:45:00,3,293.8217787771649,293.8112899712103
2017-08-24 14:00:00,3,293.9242594529996,293.914038084171
2017-08-24 14:15:00,3,294.0275164228324,294.01711357571116
2017-08-24 14:30:00,3,294.1304214836252,294.1192250720137
2017-08-24 14:45:00,3,294.2305414185161,294.2179654564826
2017-08-24 15:00:00,3,294.3246604464316,294.31013022802773
2017-08-24 15:15:00,3,294.4095767567927,294.3924646970684
2017-08-24 15:30:00,3,294.4830451883356,294.4627765293935
2017-08-24 15:45:00,3,294.54489222392266,294.5207571977402
2017-08-24 16:00:00,3,294.5964587549749,294.567842487761
2017-08-24 16:15:00,3,294.63972830547857,294.60642482256924
2017-08-24 16:30:00,3,294.6766103623899,294.6384759834353
2017-08-24 16:45:00,3,294.70874850171896,294.665272675245
2017-08-24 17:00:00,3,294.7372505679576,294.6867870315807
2017-08-24 17:15:00,3,294.75679895031044,294.7009500416216
2017-08-24 17:30:00,3,294.76310335009566,294.7054057148015
2017-08-24 17:45:00,3,294.7551811198661,294.6970800000182
2017-08-24 18:00:00,3,294.73367047749787,294.67479028654043
2017-08-24 18:15:00,3,294.6985961731812,294.6384854645457
2017-08-24 18:30:00,3,294.64876606169435,294.5879966175479
2017-08-24 18:45:00,3,294.58382973731204,294.52317778134625
2017-08-24 19:00:00,3,294.50405420703424,294.4448556690645
2017-08-24 19:15:00,3,294.4070299450078,294.3545717432072
2017-08-24 19:30:00,3,294.2936700803578,294.2533384505658
2017-08-24 19:45:00,3,294.16706451711474,294.1386058293732
2017-08-24 20:00:00,3,294.03277372657413,294.0133322332727
2017-08-24 20:15:00,3,293.8955003002348,293.8837497939085
2017-08-24 20:30:00,3,293.7592693420376,293.7549077294976
2017-08-24 20:45:00,3,293.6269388578885,293.62986118152736
2017-08-24 21:00:00,3,293.5007695714509,293.5105652179028
2017-08-24 21:15:00,3,293.38180213489073,293.3939566118722
2017-08-24 21:30:00,3,293.26664955673334,293.279025441674
2017-08-24 21:45:00,3,293.1533673057605,293.1662654419585
2017-08-24 22:00:00,3,293.04300339483336,293.05590264781193
2017-08-24 22:15:00,3,292.9420045216448,292.95049692179725
2017-08-24 22:30:00,3,292.84944112101516,292.8547297569047
2017-08-24 22:45:00,3,292.76386712758364,292.76857553594806
2017-08-24 23:00:00,3,292.6848096398761,292.6899180513504
2017-08-24 23:15:00,3,292.61212357138504,292.6173021647475
2017-08-24 23:30:00,3,292.5457593818677,292.55053291611756
2017-08-24 23:45:00,3,292.48611908722825,292.49024839364193
2017-08-25 00:00:00,3,292.4339058420019,292.43729766591605
2017-08-25 00:15:00,3,292.3896201050506,292.3922639125337
2017-08-25 00:30:00,3,292.35329288480443,292.3551868902595
2017-08-25 00:45:00,3,292.32429881458927,292.3255603572324
2017-08-25 01:00:00,3,292.3016537348287,292.3023727218804
2017-08-25 01:15:00,3,292.28434836015,292.2845012932629
2017-08-25 01:30:00,3,292.27138722337713,292.27093501539355
2017-08-25 01:45:00,3,292.26172552832674,292.26051037943614
2017-08-25 02:00:00,3,292.25435385892206,292.2522216705682
2017-08-25 02:15:00,3,292.2484425475985,292.24529782965584
2017-08-25 02:30:00,3,292.24341566048173,292.2392086139943
2017-08-25 02:45:00,3,292.23891467794954,292.23362369916407
2017-08-25 03:00:00,3,292.2347219748175,292.2283563103738
2017-08-25 03:15:00,3,292.23071719954487,292.22331414960126
2017-08-25 03:30:00,3,292.22689989022496,292.2185935084343
2017-08-25 03:45:00,3,292.2235360495348,292.2144226750287
2017-08-25 04:00:00,3,292.22105648485217,292.2111320155862
2017-08-25 04:15:00,3,292.2198232901562,292.20904929995464
2017-08-25 04:30:00,3,292.2198643130334,292.2081781805973
2017-08-25 04:45:00,3,292.2203801348173,292.20786152948796
2017-08-25 05:00:00,3,292.2200281559362,292.20691922730737
2017-08-25 05:15:00,3,292.2175205357283,292.2041008507369
2017-08-25 05:30:00,3,292.2120672141286,292.19853898840375
2017-08-25 05:45:00,3,292.2039549585365,292.1903492632379
2017-08-25 06:00:00,3,292.19465793641314,292.18098438733
2017-08-25 06:15:00,3,292.18711116037724,292.1730604215149
2017-08-25 06:30:00,3,292.1837614939045,292.1689953686048
2017-08-25 06:45:00,3,292.18529284968014,292.1698808918382
2017-08-25 07:00:00,3,292.1915628394533,292.17576762982355
2017-08-25 07:15:00,3,292.20277645696495,292.1866490414977
2017-08-25 07:30:00,3,292.2196131853292,292.2031645650016
2017-08-25 07:45:00,3,292.2434203606539,292.2266774721056
2017-08-25 08:00:00,3,292.27561559836164,292.25860888602426
2017-08-25 08:15:00,3,292.31572054707976,292.29913410638744
2017-08-25 08:30:00,3,292.36063097820465,292.3458486675683
2017-08-25 08:45:00,3,292.4107256789886,292.3951410402677
2017-08-25 09:00:00,3,292.4644270976291,292.4468320357669
2017-08-25 09:15:00,3,292.51961205986606,292.5009601163297
2017-08-25 09:30:00,3,292.5803208664812,292.560892481163
2017-08-25 09:45:00,3,292.6485054449779,292.6280651184988
2017-08-25 10:00:00,3,292.7249300358188,292.7023997257099
2017-08-25 10:15:00,3,292.8079325625985,292.785146975793
2017-08-25 10:30:00,3,292.8919861188157,292.87174853829515
2017-08-25 10:45:00,3,292.9753374516266,292.9584031923976
2017-08-25 11:00:00,3,293.05821465905854,293.04403459014884
2017-08-25 11:15:00,3,293.14091186546574,293.12905282689997
2017-08-25 11:30:00,3,293.2231370364943,293.2137260525067
2017-08-25 11:45:00,3,293.304390452093,293.2977196076994
2017-08-25 12:00:00,3,293.38433098438594,293.3805913695284
2017-08-25 12:15:00,3,293.4624716051972,293.4617019306886
2017-08-25 12:30:00,3,293.53815718630125,293.5403194661747
2017-08-25 12:45:00,3,293.6110975551722,293.6160772667006
2017-08-25 13:00:00,3,293.68199006675815,293.68951574927735
2017-08-25 13:15:00,3,293.75218519478705,293.7617222471188
2017-08-25 13:30:00,3,293.8228898792622,293.8337446545375
2017-08-25 13:45:00,3,293.89472472852407,293.9062114729395
2017-08-25 14:00:00,3,293.9676425183592,293.97906433795305
2017-08-25 14:15:00,3,294.0408985843313,294.0514543716779
2017-08-25 14:30:00,3,294.11327760170076,294.1220445565868
2017-08-25 14:45:00,3,294.18351198976984,294.1894190322365
2017-08-25 15:00:00,3,294.25072668415623,294.25242014180213
2017-08-25 15:15:00,3,294.3140733081636,294.3104267808726
2017-08-25 15:30:00,3,294.3715986357146,294.3636863260761
2017-08-25 15:45:00,3,294.42376891985964,294.41310464009763
2017-08-25 16:00:00,3,294.4717262898921,294.4586869845552
2017-08-25 16:15:00,3,294.51576237781467,294.50014163129447
2017-08-25 16:30:00,3,294.55537106916984,294.5369166182213
2017-08-25 16:45:00,3,294.58981983289436,294.5683938539563
2017-08-25 17:00:00,3,294.61829378598657,294.59386681929294
2017-08-25 17:15:00,3,294.6395729763472,294.612303928191
2017-08-25 17:30:00,3,294.65240236744893,294.6225354274139
2017-08-25 17:45:00,3,294.65584606092347,294.62361856736436
2017-08-25 18:00:00,3,294.649327090588,294.6148562100177
2017-08-25 18:15:00,3,294.63207494923824,294.5954818825075
2017-08-25 18:30:00,3,294.6033323713708,294.564649860124
2017-08-25 18:45:00,3,294.56101840408525,294.5217423408541
2017-08-25 19:00:00,3,294.500644501604,294.46648897167864
2017-08-25 19:15:00,3,294.42038562557616,294.39482179095864
2017-08-25 19:30:00,3,294.3164761868498,294.3010581496735
2017-08-25 19:45:00,3,294.19290696417227,294.1873577319001
2017-08-25 20:00:00,3,294.0595841319689,294.0619713731854
2017-08-25 20:15:00,3,293.92380833392934,293.9341868241143
2017-08-25 20:30:00,3,293.79088957185394,293.8093695497878
2017-08-25 20:45:00,3,293.66376705814025,293.6903665759416
2017-08-25 21:00:00,3,293.545129874927,293.5766020286897
2017-08-25 21:15:00,3,293.4341035654049,293.4659894222931
2017-08-25 21:30:00,3,293.3267361641991,293.35837964112693
2017-08-25 21:45:00,3,293.222612013616,293.2545800315639
2017-08-25 22:00:00,3,293.12640753339565,293.15441730193226
2017-08-25 22:15:00,3,293.0406086629149,293.06375066594313
2017-08-25 22:30:00,3,292.9633806851942,292.9843447258797
2017-08-25 22:45:00,3,292.8941911066802,292.91474935160136
2017-08-25 23:00:00,3,292.8335864756396,292.8537078815982
2017-08-25 23:15:00,3,292.7820286567221,292.80110512720563
2017-08-25 23:30:00,3,292.73913607345816,292.75679549628546
2017-08-25 23:45:00,3,292.7028445218858,292.7192480215074
2017-08-26 00:00:00,3,292.6701179629116,292.6856655100214
2017-08-26 00:15:00,3,292.6382246574549,292.6530896391466
2017-08-26 00:30:00,3,292.6050601876345,292.6191145849657
2017-08-26 00:45:00,3,292.5687489004704,292.58183962036
2017-08-26 01:00:00,3,292.52764990615117,292.5397497514207
2017-08-26 01:15:00,3,292.4806715333407,292.49180458527184
2017-08-26 01:30:00,3,292.42748861070424,292.4377684570406
2017-08-26 01:45:00,3,292.3690527084452,292.37860210478925
2017-08-26 02:00:00,3,292.3072825442944,292.31622588159513
2017-08-26 02:15:00,3,292.24410821985884,292.2527132986496
2017-08-26 02:30:00,3,292.1810003087345,292.1896555335667
2017-08-26 02:45:00,3,292.1190307359346,292.12803469420976
2017-08-26 03:00:00,3,292.0588606176591,292.0683302704227
2017-08-26 03:15:00,3,292.0007509501857,292.0106706890226
2017-08-26 03:30:00,3,291.94470271744694,291.9549521609413
2017-08-26 03:45:00,3,291.89045198047245,291.9008926949566
2017-08-26 04:00:00,3,291.83754045064165,291.84809812315626
2017-08-26 04:15:00,3,291.7855487024412,291.79617621347774
2017-08-26 04:30:00,3,291.73414114425395,291.7447836499958
2017-08-26 04:45:00,3,291.6829315298653,291.69355077010675
2017-08-26 05:00:00,3,291.63148050986575,291.6420595616672
2017-08-26 05:15:00,3,291.5794420405927,291.589960788479
2017-08-26 05:30:00,3,291.5268237072306,291.5372827961015
2017-08-26 05:45:00,3,291.4743699065846,291.48473523753523
2017-08-26 06:00:00,3,291.42436177802756,291.4349085514218
2017-08-26 06:15:00,3,291.3827424564363,291.3931203347396
2017-08-26 06:30:00,3,291.3553893395195,291.36514955566315
2017-08-26 06:45:00,3,291.34528382101405,291.35440689032873
2017-08-26 07:00:00,3,291.3531491536515,291.36164112760963
2017-08-26 07:15:00,3,291.37793960899137,291.38588914001787
2017-08-26 07:30:00,3,291.4176134844926,291.42574063185015
2017-08-26 07:45:00,3,291.4704515594445,291.48000803743054
2017-08-26 08:00:00,3,291.5357942974712,291.5478127990644
2017-08-26 08:15:00,3,291.6128760864838,291.627847932363
2017-08-26 08:30:00,3,291.698725205181,291.71756631284785
2017-08-26 08:45:00,3,291.7857847250931,291.8117243438329
2017-08-26 09:00:00,3,291.87905943955946,291.90418045720617
2017-08-26 09:15:00,3,291.9795815080381,292.0005318704806
2017-08-26 09:30:00,3,292.0853217033542,292.1035311555295
2017-08-26 09:45:00,3,292.1948600303976,292.21254416318266
2017-08-26 10:00:00,3,292.30771621559677,292.32599643062974
2017-08-26 10:15:00,3,292.42378892730153,292.4428695599389
2017-08-26 10:30:00,3,292.54329766326197,292.56302347699676
2017-08-26 10:45:00,3,292.6684962631186,292.6910649829964
2017-08-26 11:00:00,3,292.7916165695633,292.8189516539
2017-08-26 11:15:00,3,292.906510738165,292.93907405602243
2017-08-26 11:30:00,3,293.0112485188924,293.04788526647087
2017-08-26 11:45:00,3,293.1061995306863,293.1456090775291
2017-08-26 12:00:00,3,293.19284200835347,293.2342818908542
2017-08-26 12:15:00,3,293.27259858841376,293.315920803304
2017-08-26 12:30:00,3,293.34618147876193,293.39148321526324
2017-08-26 12:45:00,3,293.41346009005196,293.46065945542534
2017-08-26 13:00:00,3,293.47435524994046,293.52286863782643
2017-08-26 13:15:00,3,293.5293109789484,293.57910781081097
2017-08-26 13:30:00,3,293.5796880530786,293.630904299743
2017-08-26 13:45:00,3,293.62914355849244,293.68117002632397
2017-08-26 14:00:00,3,293.6827601169247,293.73407849291584
2017-08-26 14:15:00,3,293.74473362984594,293.79373523934714
2017-08-26 14:30:00,3,293.81723803186793,293.86219760064165
2017-08-26 14:45:00,3,293.89875463882464,293.9380068019958
2017-08-26 15:00:00,3,293.98439527153,294.01697621781534
2017-08-26 15:15:00,3,294.06911503371674,294.0944019690054
2017-08-26 15:30:00,3,294.14820886722123,294.1669108298599
2017-08-26 15:45:00,3,294.2197643250635,294.23324414736067
2017-08-26 16:00:00,3,294.2836272126312,294.29261132220347
2017-08-26 16:15:00,3,294.3397656553947,294.34481239939197
2017-08-26 16:30:00,3,294.3878227717632,294.38947406946966
2017-08-26 16:45:00,3,294.4269757212943,294.4255099662344
2017-08-26 17:00:00,3,294.4561216646046,294.4517408101659
2017-08-26 17:15:00,3,294.47390677114873,294.4669370798348
2017-08-26 17:30:00,3,294.47927414417836,294.47015393093346
2017-08-26 17:45:00,3,294.4719855671519,294.4611336524721
2017-08-26 18:00:00,3,294.45233612376785,294.44009067303824
2017-08-26 18:15:00,3,294.4202820972656,294.40710841259374
2017-08-26 18:30:00,3,294.375715637005,294.3620846972457
2017-08-26 18:45:00,3,294.31666866761714,294.30521060989867
2017-08-26 19:00:00,3,294.2414470627512,294.2372759684422
2017-08-26 19:15:00,3,294.1504896701119,294.15499304191326
2017-08-26 19:30:00,3,294.04118239355574,294.0548454320535
2017-08-26 19:45:00,3,293.9165807141136,293.93975264830357
2017-08-26 20:00:00,3,293.7852410698008,293.81735433606605
2017-08-26 20:15:00,3,293.6553841533805,293.69535036574325
2017-08-26 20:30:00,3,293.531389339243,293.57821790085904
2017-08-26 20:45:00,3,293.41492222049726,293.466401815428
2017-08-26 21:00:00,3,293.30505213582535,293.3569239786716
2017-08-26 21:15:00,3,293.19731941607876,293.2488562941925
2017-08-26 21:30:00,3,293.09122208141844,293.14278010441615
2017-08-26 21:45:00,3,292.98904848758747,293.03886772617653
2017-08-26 22:00:00,3,292.89581867018455,292.9405698788061
2017-08-26 22:15:00,3,292.80965415659676,292.85104635538926
2017-08-26 22:30:00,3,292.7284429820997,292.76886694104155
2017-08-26 22:45:00,3,292.65063683669956,292.69091628446364
2017-08-26 23:00:00,3,292.5752076814166,292.61504537720697
2017-08-26 23:15:00,3,292.5015607961616,292.54054185313765
2017-08-26 23:30:00,3,292.4294885918829,292.46749326107073
2017-08-26 23:45:00,3,292.3591070117818,292.3962028469337
2017-08-27 00:00:00,3,292.2906508992959,292.32693474661886
2017-08-27 00:15:00,3,292.2242995864664,292.2598488745366
2017-08-27 00:30:00,3,292.16015310636953,292.195043668523
2017-08-27 00:45:00,3,292.0983801956017,292.13266405172294
2017-08-27 01:00:00,3,292.03922173504907,292.07292007379027
2017-08-27 01:15:00,3,291.98285082166626,292.01598863089646
2017-08-27 01:30:00,3,291.9292023749005,291.9618015796808
2017-08-27 01:45:00,3,291.87767601061535,291.90980246139526
2017-08-27 02:00:00,3,291.8273108580148,291.85904319376937
2017-08-27 02:15:00,3,291.777251552565,291.80859361816704
2017-08-27 02:30:00,3,291.72709098801954,291.7580036841288
2017-08-27 02:45:00,3,291.67711489450573,291.70751087132425
2017-08-27 03:00:00,3,291.6279620400033,291.6577714858469
2017-08-27 03:15:00,3,291.5801777220375,291.6094163511971
2017-08-27 03:30:00,3,291.5340862320772,291.562814152223
2017-08-27 03:45:00,3,291.48985514814,291.5181198028669
2017-08-27 04:00:00,3,291.4476016747336,291.4754171567595
2017-08-27 04:15:00,3,291.4073932066509,291.43477257150585
2017-08-27 04:30:00,3,291.3692193110431,291.39620660665713
2017-08-27 04:45:00,3,291.333011060373,291.35965560663135
2017-08-27 05:00:00,3,291.29861790014894,291.32495109453004
2017-08-27 05:15:00,3,291.2657858058166,291.2918317709946
2017-08-27 05:30:00,3,291.234307975996,291.26017073074826
2017-08-27 05:45:00,3,291.2042102767479,291.22991871383545
2017-08-27 06:00:00,3,291.17654326337396,291.20229600708177
2017-08-27 06:15:00,3,291.1554974126814,291.1807511763327
2017-08-27 06:30:00,3,291.14543576679523,291.16943709235056
2017-08-27 06:45:00,3,291.148800099186,291.1713912910185
2017-08-27 07:00:00,3,291.16666418551995,291.1879507424674
2017-08-27 07:15:00,3,291.1987583325098,291.21911177004654
2017-08-27 07:30:00,3,291.243920311647,291.2641757349796
2017-08-27 07:45:00,3,291.30115113556525,291.32227964888114
2017-08-27 08:00:00,3,291.370122173936,291.39319603261123
2017-08-27 08:15:00,3,291.4499873691284,291.4758547669995
2017-08-27 08:30:00,3,291.5375950651007,291.56799555112053
2017-08-27 08:45:00,3,291.62736635166056,291.6638978759729
2017-08-27 09:00:00,3,291.7257735903025,291.7608094866555
2017-08-27 09:15:00,3,291.83338808073944,291.86424135318515
2017-08-27 09:30:00,3,291.9485615229135,291.97647592815133
2017-08-27 09:45:00,3,292.0692096902862,292.09653366998634
2017-08-27 10:00:00,3,292.19404295477125,292.2220042148175
2017-08-27 10:15:00,3,292.32223415613254,292.35105595225286
2017-08-27 10:30:00,3,292.45664462269815,292.486772515047
2017-08-27 10:45:00,3,292.5910434867959,292.6265766897882
2017-08-27 11:00:00,3,292.7189244880976,292.76180048223586
2017-08-27 11:15:00,3,292.8369946804153,292.8860017728362
2017-08-27 11:30:00,3,292.9442141330179,292.9973063709146
2017-08-27 11:45:00,3,293.0421569757585,293.09759007587445
2017-08-27 12:00:00,3,293.13401217425775,293.1905312233173
2017-08-27 12:15:00,3,293.2227626294974,293.27969772967566
2017-08-27 12:30:00,3,293.3103179017039,293.3673709163905
2017-08-27 12:45:00,3,293.39757628152637,293.4546653213437
2017-08-27 13:00:00,3,293.48563830240454,293.54268604133046
2017-08-27 13:15:00,3,293.57616656407396,293.6328952795668
2017-08-27 13:30:00,3,293.6702340926556,293.72607680966706
2017-08-27 13:45:00,3,293.7663870934169,293.8209371678848
2017-08-27 14:00:00,3,293.8612368756265,293.9142467717722
2017-08-27 14:15:00,3,293.9515301035085,294.00242514641803
2017-08-27 14:30:00,3,294.035360389095,294.08320755468117
2017-08-27 14:45:00,3,294.1126955778216,294.15640747568204
2017-08-27 15:00:00,3,294.1841938520904,294.2231928257107
2017-08-27 15:15:00,3,294.25061878308685,294.284771489935
2017-08-27 15:30:00,3,294.31249532321425,294.34196924593346
2017-08-27 15:45:00,3,294.3709855862904,294.39570299157043
2017-08-27 16:00:00,3,294.42740380853587,294.4469575013792
2017-08-27 16:15:00,3,294.48225485784656,294.49624230948245
2017-08-27 16:30:00,3,294.53518774636353,294.5430441969545
2017-08-27 16:45:00,3,294.58450523087635,294.5855891099085
2017-08-27 17:00:00,3,294.62573574130903,294.62127049095017
2017-08-27 17:15:00,3,294.6557761409411,294.6474604243812
2017-08-27 17:30:00,3,294.6727639746441,294.66212088883225
2017-08-27 17:45:00,3,294.67598770372115,294.6646261044949
2017-08-27 18:00:00,3,294.6653998811978,294.65354680783867
2017-08-27 18:15:00,3,294.640659259501,294.6280820125782
2017-08-27 18:30:00,3,294.60133359835464,294.5880468605794
2017-08-27 18:45:00,3,294.54769534844934,294.5338145391155
2017-08-27 19:00:00,3,294.4782171618876,294.46614281631315
2017-08-27 19:15:00,3,294.3891233134456,294.3844807476342
2017-08-27 19:30:00,3,294.279123180415,294.2868225885399
2017-08-27 19:45:00,3,294.1527735445638,294.1728026005268
2017-08-27 20:00:00,3,294.01870667181714,294.04936418177743
2017-08-27 20:15:00,3,293.8835265612319,293.9247228856785
2017-08-27 20:30:00,3,293.753476273168,293.80377566173604
2017-08-27 20:45:00,3,293.63012274129284,293.68789420467806
2017-08-27 21:00:00,3,293.5130958926338,293.5763609824825
2017-08-27 21:15:00,3,293.401069223882,293.4652303693596
2017-08-27 21:30:00,3,293.28889624966973,293.35291861218656
2017-08-27 21:45:00,3,293.17631061361595,293.24015568000743
2017-08-27 22:00:00,3,293.06421336543445,293.12833320821585
2017-08-27 22:15:00,3,292.95406264518545,293.01812285134105
2017-08-27 22:30:00,3,292.8527335380006,292.911947291945
2017-08-27 22:45:00,3,292.7597760427844,292.81501976051925
2017-08-27 23:00:00,3,292.6733191542322,292.7272721382493
2017-08-27 23:15:00,3,292.59208878808414,292.64592827071647
2017-08-27 23:30:00,3,292.515174394125,292.56867450962994
2017-08-27 23:45:00,3,292.44165907276613,292.4943636199599
2017-08-28 00:00:00,3,292.3706177167539,292.4224021458411
2017-08-28 00:15:00,3,292.3012975459881,292.35226469429756
2017-08-28 00:30:00,3,292.23330016144473,292.2836079677398
2017-08-28 00:45:00,3,292.1669377290393,292.21662313623386
2017-08-28 01:00:00,3,292.10293899353167,292.15194567350693
2017-08-28 01:15:00,3,292.04189450761044,292.0902128938911
2017-08-28 01:30:00,3,291.9840112995855,292.0316581543383
2017-08-28 01:45:00,3,291.9289451742291,291.97595764157825
2017-08-28 02:00:00,3,291.8760358430784,291.92244307806976
2017-08-28 02:15:00,3,291.8246637172871,291.8704411230922
2017-08-28 02:30:00,3,291.77441429870476,291.8195304221984
2017-08-28 02:45:00,3,291.7252023429569,291.7696344637798
2017-08-28 03:00:00,3,291.6771596397876,291.720906463128
2017-08-28 03:15:00,3,291.6304258868376,291.67353354744506
2017-08-28 03:30:00,3,291.5851230536001,291.6276741435969
2017-08-28 03:45:00,3,291.5415020884428,291.58353970382404
2017-08-28 04:00:00,3,291.49985733823695,291.5413777115301
2017-08-28 04:15:00,3,291.46036374355356,291.50136344756754
2017-08-28 04:30:00,3,291.4230826620981,291.46357149039915
2017-08-28 04:45:00,3,291.3880817159334,291.42805150292105
2017-08-28 05:00:00,3,291.35543841199126,291.3949715831354
2017-08-28 05:15:00,3,291.3251700346924,291.3643350325237
2017-08-28 05:30:00,3,291.2971205730517,291.33588680271305
2017-08-28 05:45:00,3,291.2707049098467,291.30907101427795
2017-08-28 06:00:00,3,291.24620250328434,291.2844904864388
2017-08-28 06:15:00,3,291.2276921937025,291.26545481137174
2017-08-28 06:30:00,3,291.2198704305338,291.25644495375445
2017-08-28 06:45:00,3,291.22559000107935,291.2609348811681
2017-08-28 07:00:00,3,291.24602941858734,291.28034227923985
2017-08-28 07:15:00,3,291.2806945161147,291.31434761988703
2017-08-28 07:30:00,3,291.3280704509552,291.3619905502848
2017-08-28 07:45:00,3,291.38677509975224,291.42198960952175
2017-08-28 08:00:00,3,291.4561963110236,291.49376612786887
2017-08-28 08:15:00,3,291.5353602650254,291.57623574213653
2017-08-28 08:30:00,3,291.6197453730545,291.66664785396745
2017-08-28 08:45:00,3,291.7067213959648,291.7554577638967
2017-08-28 09:00:00,3,291.8027488207704,291.84871873204906
2017-08-28 09:15:00,3,291.90786205130655,291.95133560188333
2017-08-28 09:30:00,3,292.0207069978306,292.06367829628397
2017-08-28 09:45:00,3,292.139943583272,292.1838949092681
2017-08-28 10:00:00,3,292.2653375967428,292.31046459976403
2017-08-28 10:15:00,3,292.39880039124387,292.4435317075978
2017-08-28 10:30:00,3,292.53985172249173,292.58809981683567
2017-08-28 10:45:00,3,292.6826262554858,292.73882892492577
2017-08-28 11:00:00,3,292.8261366584132,292.89001025455207
2017-08-28 11:15:00,3,292.97037774233235,293.0394402567059
2017-08-28 11:30:00,3,293.11523005288205,293.18726108658757
2017-08-28 11:45:00,3,293.2596093195325,293.33352247694745
2017-08-28 12:00:00,3,293.4016868114124,293.4771449269372
2017-08-28 12:15:00,3,293.5396637716655,293.6163193245785
2017-08-28 12:30:00,3,293.6721295528118,293.7494486835132
2017-08-28 12:45:00,3,293.7981817115862,293.8756280254039
2017-08-28 13:00:00,3,293.9183295479023,293.99509366207957
2017-08-28 13:15:00,3,294.03441670925235,294.10925151056455
2017-08-28 13:30:00,3,294.14826023973467,294.2198292232269
2017-08-28 13:45:00,3,294.2604255516386,294.32776471088005
2017-08-28 14:00:00,3,294.3706833632217,294.4333168916585
2017-08-28 14:15:00,3,294.4781908497549,294.5360365792603
2017-08-28 14:30:00,3,294.5820781675628,294.63548073572366
2017-08-28 14:45:00,3,294.68289496986773,294.7320323066192
2017-08-28 15:00:00,3,294.7817728105631,294.826688609282
2017-08-28 15:15:00,3,294.87941162180346,294.92026324559333
2017-08-28 15:30:00,3,294.97585342322293,295.0128691498152
2017-08-28 15:45:00,3,295.07034391277733,295.1037666339178
2017-08-28 16:00:00,3,295.1616600374135,295.1916706655684
2017-08-28 16:15:00,3,295.24851347348687,295.27521099812907
2017-08-28 16:30:00,3,295.3297040868045,295.3531487638954
2017-08-28 16:45:00,3,295.40395704109716,295.4242704764396
2017-08-28 17:00:00,3,295.46991820193983,295.4869251036183
2017-08-28 17:15:00,3,295.5257549194996,295.53918454490656
2017-08-28 17:30:00,3,295.56969440976553,295.57944770463826
2017-08-28 17:45:00,3,295.6006325090115,295.6067963630144
2017-08-28 18:00:00,3,295.617950075239,295.6207481320837
2017-08-28 18:15:00,3,295.620577662179,295.6205765242854
2017-08-28 18:30:00,3,295.60676912241956,295.6048164238177
2017-08-28 18:45:00,3,295.57395200148017,295.5712970931422
2017-08-28 19:00:00,3,295.5201189024132,295.5181920217251
2017-08-28 19:15:00,3,295.443814708065,295.44356816771676
2017-08-28 19:30:00,3,295.34236267482885,295.34594973196727
2017-08-28 19:45:00,3,295.21843600188055,295.22842872957256
2017-08-28 20:00:00,3,295.0799069575238,295.09735954304676
2017-08-28 20:15:00,3,294.9354109034181,294.9598622909103
2017-08-28 20:30:00,3,294.78793065588184,294.82106420748175
2017-08-28 20:45:00,3,294.64165362543537,294.685027346027
2017-08-28 21:00:00,3,294.49798323929383,294.55572535497873
2017-08-28 21:15:00,3,294.35893580579983,294.42863814526714
2017-08-28 21:30:00,3,294.22649137179036,294.3032898482227
2017-08-28 21:45:00,3,294.10048109462116,294.1786636341692
2017-08-28 22:00:00,3,293.9777068972361,294.0559427493838
2017-08-28 22:15:00,3,293.8582688286084,293.936605985374
2017-08-28 22:30:00,3,293.7423564548657,293.8212184936271
2017-08-28 22:45:00,3,293.6299066241804,293.70956274138575
2017-08-28 23:00:00,3,293.52068951656565,293.60116123391913
2017-08-28 23:15:00,3,293.41412831712665,293.4954919774682
2017-08-28 23:30:00,3,293.3104361824788,293.39190076350775
2017-08-28 23:45:00,3,293.21535060191053,293.29198917735215
2017-08-29 00:00:00,3,293.1285704726996,293.2009708556284
2017-08-29 00:15:00,3,293.04881693075845,293.1194090894136
2017-08-29 00:30:00,3,292.9750872492807,293.0449959523728
2017-08-29 00:45:00,3,292.90610227436247,292.97523561622
2017-08-29 01:00:00,3,292.8403880365611,292.9084152524141
2017-08-29 01:15:00,3,292.7767133385038,292.84348128195734
2017-08-29 01:30:00,3,292.7142849754102,292.7798163592123
2017-08-29 01:45:00,3,292.65284095645126,292.717205147721
2017-08-29 02:00:00,3,292.5925100550446,292.6557724645667
2017-08-29 02:15:00,3,292.53351776187856,292.59578637415643
2017-08-29 02:30:00,3,292.4760971985468,292.53754860692123
2017-08-29 02:45:00,3,292.42068381719884,292.4814351862186
2017-08-29 03:00:00,3,292.36773498317234,292.4278111172253
2017-08-29 03:15:00,3,292.3174748649723,292.3768688864068
2017-08-29 03:30:00,3,292.2698427759877,292.32852074800957
2017-08-29 03:45:00,3,292.2244010492085,292.2823335792829
2017-08-29 04:00:00,3,292.1804776660603,292.23764512629486
2017-08-29 04:15:00,3,292.1374645345957,292.1938330682244
2017-08-29 04:30:00,3,292.0950409514374,292.1505672207542
2017-08-29 04:45:00,3,292.0532684668756,292.10789915534804
2017-08-29 05:00:00,3,292.0123903884735,292.0661060074803
2017-08-29 05:15:00,3,291.97261494820725,292.0254543498924
2017-08-29 05:30:00,3,291.9339677593986,291.985975027733
2017-08-29 05:45:00,3,291.8961025111395,291.9473743908128
2017-08-29 06:00:00,3,291.8594274647924,291.91033940606314
2017-08-29 06:15:00,3,291.82768120374135,291.87805113876806
2017-08-29 06:30:00,3,291.80569312252226,291.85519485319315
2017-08-29 06:45:00,3,291.79723340549975,291.8458004412124
2017-08-29 07:00:00,3,291.8045991554414,291.8522939322502
2017-08-29 07:15:00,3,291.8285035229052,291.875546804196
2017-08-29 07:30:00,3,291.86824827791196,291.9153663652312
2017-08-29 07:45:00,3,291.9224631270229,291.971077115153
2017-08-29 08:00:00,3,291.98991819842445,292.0414158528145
2017-08-29 08:15:00,3,292.06866931027133,292.12409119937183
2017-08-29 08:30:00,3,292.1535689131507,292.2151760256959
2017-08-29 08:45:00,3,292.24063890536655,292.3039169396865
2017-08-29 09:00:00,3,292.3354606173031,292.39597017628284
2017-08-29 09:15:00,3,292.4371717988294,292.4953179171015
2017-08-29 09:30:00,3,292.54382866832134,292.60178955278514
2017-08-29 09:45:00,3,292.6549404696653,292.7139611920775
2017-08-29 10:00:00,3,292.7713993149444,292.83160823420604
2017-08-29 10:15:00,3,292.8973026430532,292.95696327318205
2017-08-29 10:30:00,3,293.03104057016253,293.093681357185
2017-08-29 10:45:00,3,293.1650721160375,293.23537885930244
2017-08-29 11:00:00,3,293.29686653029427,293.37513542082417
2017-08-29 11:15:00,3,293.4247507364438,293.5087888694353
2017-08-29 11:30:00,3,293.5469169622116,293.6346482651163
2017-08-29 11:45:00,3,293.66187745691343,293.7521013206812
2017-08-29 12:00:00,3,293.7685649335058,293.8607447933931
2017-08-29 12:15:00,3,293.8663238530041,293.96016536807736
2017-08-29 12:30:00,3,293.9547418880026,294.04990909967444
2017-08-29 12:45:00,3,294.0334716395802,294.1294465439307
2017-08-29 13:00:00,3,294.10277131551965,294.19925877022763
2017-08-29 13:15:00,3,294.1637609037641,294.2607324080712
2017-08-29 13:30:00,3,294.2184150323793,294.3159875233323
2017-08-29 13:45:00,3,294.270310381647,294.3682490356694
2017-08-29 14:00:00,3,294.3245597510197,294.4213905454179
2017-08-29 14:15:00,3,294.38407555193544,294.4787350953893
2017-08-29 14:30:00,3,294.45032611148105,294.54195656399526
2017-08-29 14:45:00,3,294.52288823740633,294.6103540193116
2017-08-29 15:00:00,3,294.59944793754363,294.68157334334154
2017-08-29 15:15:00,3,294.6768301721509,294.75278833552613
2017-08-29 15:30:00,3,294.7527741422456,294.8220059944632
2017-08-29 15:45:00,3,294.8273986166979,294.8890042795525
2017-08-29 16:00:00,3,294.9012216516059,294.9547780250927
2017-08-29 16:15:00,3,294.9738870291787,295.0200955154255
2017-08-29 16:30:00,3,295.0440371232363,295.0839528796477
2017-08-29 16:45:00,3,295.10739086062,295.1425568146596
2017-08-29 17:00:00,3,295.15847488234226,295.1897879919036
2017-08-29 17:15:00,3,295.1927708138859,295.22023362406316
2017-08-29 17:30:00,3,295.2077269837228,295.2312226502585
2017-08-29 17:45:00,3,295.2029406531088,295.2227698142602
2017-08-29 18:00:00,3,295.1792594400841,295.1961787870447
2017-08-29 18:15:00,3,295.1373113227195,295.1525180215677
2017-08-29 18:30:00,3,295.0774575396757,295.0924757858199
2017-08-29 18:45:00,3,295.0007128457329,295.0169247111814
2017-08-29 19:00:00,3,294.90497375946086,294.9270367619257
2017-08-29 19:15:00,3,294.7900953894352,294.8237006960155
2017-08-29 19:30:00,3,294.65572963212975,294.7018705181454
2017-08-29 19:45:00,3,294.50644411625024,294.5658140097857
2017-08-29 20:00:00,3,294.3548059756701,294.4253792702672
2017-08-29 20:15:00,3,294.21007487897725,294.2892014248395
2017-08-29 20:30:00,3,294.0756628253203,294.16186730580324
2017-08-29 20:45:00,3,293.9527883251023,294.0442600353108
2017-08-29 21:00:00,3,293.8411287760689,293.93265978967094
2017-08-29 21:15:00,3,293.73520038950574,293.82549845135173
2017-08-29 21:30:00,3,293.6340330664632,293.72307126056216
2017-08-29 21:45:00,3,293.537538341155,293.6258443528901
2017-08-29 22:00:00,3,293.4458005447683,293.53357831948694
2017-08-29 22:15:00,3,293.36341437395976,293.4466351950491
2017-08-29 22:30:00,3,293.28998325830855,293.3691124140794
2017-08-29 22:45:00,3,293.2238676180073,293.30110491236024
2017-08-29 23:00:00,3,293.164052957702,293.24048525278727
2017-08-29 23:15:00,3,293.1098899739102,293.18543198983525
2017-08-29 23:30:00,3,293.0608383835255,293.13510943621344
2017-08-29 23:45:00,3,293.01632495009136,293.08915911099893
2017-08-30 00:00:00,3,292.9757534688505,293.04719686538283
2017-08-30 00:15:00,3,292.9385794993795,293.00871634493103
2017-08-30 00:30:00,3,292.9042746087968,292.973130973739
2017-08-30 00:45:00,3,292.8721307624133,292.93974705011647
2017-08-30 01:00:00,3,292.84135994128144,292.9078197170773
2017-08-30 01:15:00,3,292.81132003096315,292.8766947138376
2017-08-30 01:30:00,3,292.7816054983585,292.8459515258548
2017-08-30 01:45:00,3,292.7521188050763,292.81556851041194
2017-08-30 02:00:00,3,292.72297909258805,292.785651568626
2017-08-30 02:15:00,3,292.69434710411974,292.7563133878947
2017-08-30 02:30:00,3,292.6663616556693,292.72767565240645
2017-08-30 02:45:00,3,292.6391976386601,292.69988986920885
2017-08-30 03:00:00,3,292.6130284079505,292.6731076156931
2017-08-30 03:15:00,3,292.58795520688193,292.6474273773299
2017-08-30 03:30:00,3,292.5639896356893,292.62286161336084
2017-08-30 03:45:00,3,292.5410470540987,292.59933112656995
2017-08-30 04:00:00,3,292.518992300989,292.57669828292046
2017-08-30 04:15:00,3,292.4976856259525,292.5548150151476
2017-08-30 04:30:00,3,292.47700591605457,292.53355742864744
2017-08-30 04:45:00,3,292.45686771177907,292.51284139565735
2017-08-30 05:00:00,3,292.43721715381986,292.49261679588324
2017-08-30 05:15:00,3,292.4180142608562,292.4728518958973
2017-08-30 05:30:00,3,292.3992254029989,292.4535189802735
2017-08-30 05:45:00,3,292.3808314158,292.4346144963049
2017-08-30 06:00:00,3,292.3633469801205,292.41678607462717
2017-08-30 06:15:00,3,292.34910645461304,292.4019933220995
2017-08-30 06:30:00,3,292.3405884196134,292.392516232815
2017-08-30 06:45:00,3,292.33847359251763,292.38943115908313
2017-08-30 07:00:00,3,292.34183767835617,292.3920715935696
2017-08-30 07:15:00,3,292.3486644922722,292.3984572896062
2017-08-30 07:30:00,3,292.3569153915996,292.40650031872656
2017-08-30 07:45:00,3,292.36587344751683,292.41519326247277
2017-08-30 08:00:00,3,292.37617537420806,292.4250456421344
2017-08-30 08:15:00,3,292.3896854917926,292.4378914808334
2017-08-30 08:30:00,3,292.4084574533099,292.45582410535485
2017-08-30 08:45:00,3,292.43327205236216,292.47997376677233
2017-08-30 09:00:00,3,292.4638148041661,292.5103841783716
2017-08-30 09:15:00,3,292.4995813584573,292.54649682669594
2017-08-30 09:30:00,3,292.5400267217215,292.5879277416899
2017-08-30 09:45:00,3,292.58409786744687,292.6344989932126
2017-08-30 10:00:00,3,292.6346510496427,292.6844302599559
2017-08-30 10:15:00,3,292.69330655852445,292.7403598982289
2017-08-30 10:30:00,3,292.75899358391575,292.80316550672404
2017-08-30 10:45:00,3,292.82796925613457,292.8695876483658
2017-08-30 11:00:00,3,292.89831002077295,292.93994394299796
2017-08-30 11:15:00,3,292.97194024541136,293.0131883192998
2017-08-30 11:30:00,3,293.04973409319837,293.08876552370106
2017-08-30 11:45:00,3,293.12986816420243,293.16875012902324
2017-08-30 12:00:00,3,293.2124574591284,293.2526957368049
2017-08-30 12:15:00,3,293.2986918194529,293.340625016715
2017-08-30 12:30:00,3,293.388381325223,293.43190834809917
2017-08-30 12:45:00,3,293.47858301102406,293.5239376454204
2017-08-30 13:00:00,3,293.5653377032147,293.61293078248536
2017-08-30 13:15:00,3,293.64689635042555,293.6965204812322
2017-08-30 13:30:00,3,293.7245843341416,293.7753164816055
2017-08-30 13:45:00,3,293.8014480435955,293.8522265023781
2017-08-30 14:00:00,3,293.8804221627541,293.9304798452422
2017-08-30 14:15:00,3,293.962210711291,294.01107813895663
2017-08-30 14:30:00,3,294.04546640030765,294.09250102264673
2017-08-30 14:45:00,3,294.12436169175834,294.1703743524945
2017-08-30 15:00:00,3,294.1947128160232,294.2397320630445
2017-08-30 15:15:00,3,294.25485409221017,294.29796144509044
2017-08-30 15:30:00,3,294.3045734878855,294.34520468737946
2017-08-30 15:45:00,3,294.3462460623356,294.38407454327546
2017-08-30 16:00:00,3,294.3834120872688,294.41816995268726
2017-08-30 16:15:00,3,294.4183003322677,294.45014414213756
2017-08-30 16:30:00,3,294.45129980696976,294.4805817682535
2017-08-30 16:45:00,3,294.4810396829028,294.50813720730173
2017-08-30 17:00:00,3,294.50521909573223,294.53034378109504
2017-08-30 17:15:00,3,294.52110833779653,294.54442895882124
2017-08-30 17:30:00,3,294.5263215820911,294.5480650714443
2017-08-30 17:45:00,3,294.51931228636846,294.5397885816651
2017-08-30 18:00:00,3,294.4991613524021,294.5188905499911
2017-08-30 18:15:00,3,294.46546012076664,294.4850902412674
2017-08-30 18:30:00,3,294.4177961366419,294.4384121094286
2017-08-30 18:45:00,3,294.3519248509622,294.37911036480483
2017-08-30 19:00:00,3,294.26762562676583,294.3032529995805
2017-08-30 19:15:00,3,294.1661505578329,294.2090879119944
2017-08-30 19:30:00,3,294.04712000898803,294.0982887040142
2017-08-30 19:45:00,3,293.9154416860404,293.97568278059725
2017-08-30 20:00:00,3,293.7801993054506,293.8484488340534
2017-08-30 20:15:00,3,293.64788162213955,293.7230004640911
2017-08-30 20:30:00,3,293.5218403782389,293.6017124136152
2017-08-30 20:45:00,3,293.40160109187855,293.48185953540366
2017-08-30 21:00:00,3,293.28283654912525,293.3623415839827
2017-08-30 21:15:00,3,293.1729838032975,293.2466197527685
2017-08-30 21:30:00,3,293.07201201054727,293.1412508394345
2017-08-30 21:45:00,3,292.97768367771994,293.04603226869307
2017-08-30 22:00:00,3,292.88836193396025,292.95731334283323
2017-08-30 22:15:00,3,292.8029986750621,292.87221327678395
2017-08-30 22:30:00,3,292.72069834609425,292.7894930239673
2017-08-30 22:45:00,3,292.64023984533907,292.70841553201325
2017-08-30 23:00:00,3,292.56026866642725,292.6279939195106
2017-08-30 23:15:00,3,292.47975987390885,292.5471850418743
2017-08-30 23:30:00,3,292.39840738605506,292.46561352976346
2017-08-30 23:45:00,3,292.31718998762324,292.38410767207273
2017-08-31 00:00:00,3,292.23775577083893,292.3042744140929
2017-08-31 00:15:00,3,292.1614567507369,292.2276063039268
2017-08-31 00:30:00,3,292.08915136188745,292.1550497685405
2017-08-31 00:45:00,3,292.02155625775686,292.0872276710668
2017-08-31 01:00:00,3,291.9593539057673,292.024685882565
2017-08-31 01:15:00,3,291.9030047285129,291.9678565556329
2017-08-31 01:30:00,3,291.85282398710683,291.9171350874772
2017-08-31 01:45:00,3,291.809469060821,291.87310601524086
2017-08-31 02:00:00,3,291.77367181172673,291.83641939958807
2017-08-31 02:15:00,3,291.74573273603716,291.80751706336923
2017-08-31 02:30:00,3,291.72514524232673,291.78584180153314
2017-08-31 02:45:00,3,291.7098599336235,291.7694777534219
2017-08-31 03:00:00,3,291.69718303684203,291.7558594911507
2017-08-31 03:15:00,3,291.6850315067031,291.7427721393943
2017-08-31 03:30:00,3,291.67195249847913,291.7285188100532
2017-08-31 03:45:00,3,291.6564663180237,291.7117856337695
2017-08-31 04:00:00,3,291.63721775905844,291.6914631173386
2017-08-31 04:15:00,3,291.6133918363298,291.6667834641238
2017-08-31 04:30:00,3,291.5848722730189,291.63764121604993
2017-08-31 04:45:00,3,291.55252739592567,291.6048012000119
2017-08-31 05:00:00,3,291.5176943702383,291.5694222070965
2017-08-31 05:15:00,3,291.4814771771046,291.53269452801163
2017-08-31 05:30:00,3,291.4447082557487,291.4956018935346
2017-08-31 05:45:00,3,291.40832602402014,291.4590020053241
2017-08-31 06:00:00,3,291.3731985133023,291.42378801031987
2017-08-31 06:15:00,3,291.34126438560196,291.3922273992276
2017-08-31 06:30:00,3,291.31869693122496,291.36937877857076
2017-08-31 06:45:00,3,291.31091542401055,291.3603407658122
2017-08-31 07:00:00,3,291.3190787365954,291.3672977995568
2017-08-31 07:15:00,3,291.3421502410027,291.3897257356363
2017-08-31 07:30:00,3,291.3788433160764,291.426621167701
2017-08-31 07:45:00,3,291.42877892171595,291.47741563291993
2017-08-31 08:00:00,3,291.49181628825596,291.5416297942999
2017-08-31 08:15:00,3,291.56654547287866,291.6181572422301
2017-08-31 08:30:00,3,291.64997288642576,291.704011268256
2017-08-31 08:45:00,3,291.7359916215135,291.795081682845
2017-08-31 09:00:00,3,291.82363531601493,291.8831811929453
2017-08-31 09:15:00,3,291.9163673921686,291.97257618181675
2017-08-31 09:30:00,3,292.01323828295074,292.0659883702468
2017-08-31 09:45:00,3,292.1118537620341,292.1624636418739
2017-08-31 10:00:00,3,292.20960868632426,292.25953282710793
2017-08-31 10:15:00,3,292.3045279767075,292.35486354545196
2017-08-31 10:30:00,3,292.39601778146374,292.4473537089789
2017-08-31 10:45:00,3,292.4851267972839,292.5374455604871
2017-08-31 11:00:00,3,292.575294523761,292.6277340140806
2017-08-31 11:15:00,3,292.66402284382013,292.71925274995016
2017-08-31 11:30:00,3,292.74863881458043,292.8085375611903
2017-08-31 11:45:00,3,292.82907991973445,292.8933352036428
2017-08-31 12:00:00,3,292.9063628847819,292.9738244091915
2017-08-31 12:15:00,3,292.98148572854797,293.05133777562486
2017-08-31 12:30:00,3,293.0548077080215,293.12673303569204
2017-08-31 12:45:00,3,293.1255915064935,293.1998657524475
2017-08-31 13:00:00,3,293.19264397565394,293.26955317068825
2017-08-31 13:15:00,3,293.25612073025087,293.3356826532631
2017-08-31 13:30:00,3,293.316930230124,293.39858776753937
2017-08-31 13:45:00,3,293.3764289378866,293.4592852439817
2017-08-31 14:00:00,3,293.4360872886066,293.5189838368014
2017-08-31 14:15:00,3,293.49679765424867,293.57859015312977
2017-08-31 14:30:00,3,293.55861149967814,293.6383090153073
2017-08-31 14:45:00,3,293.62095221792123,293.6976975647401
2017-08-31 15:00:00,3,293.68301181034855,293.75596265370905
2017-08-31 15:15:00,3,293.7439882308011,293.8121797920047
2017-08-31 15:30:00,3,293.80254282769806,293.8653713555148
2017-08-31 15:45:00,3,293.8573056947866,293.91449294387616
2017-08-31 16:00:00,3,293.9064555841244,293.958483979929
2017-08-31 16:15:00,3,293.9488176770853,293.9962985826065
2017-08-31 16:30:00,3,293.9834875484507,294.02700197011876
2017-08-31 16:45:00,3,294.00935505291966,294.0496378555342
2017-08-31 17:00:00,3,294.02523619822057,294.0630811498478
2017-08-31 17:15:00,3,294.02988022658803,294.06612860161295
2017-08-31 17:30:00,3,294.02247026177685,294.0578752930802
2017-08-31 17:45:00,3,294.0030947518104,294.0383440494002
2017-08-31 18:00:00,3,293.9727046455601,294.00819957293567
2017-08-31 18:15:00,3,293.9321569874833,293.9680032409038
2017-08-31 18:30:00,3,293.88037245089095,293.91807906747636
2017-08-31 18:45:00,3,293.81448657930497,293.85886882925945
2017-08-31 19:00:00,3,293.73455008033795,293.78725809025013
2017-08-31 19:15:00,3,293.6410705735599,293.70131082305903
2017-08-31 19:30:00,3,293.5339360603922,293.6019500027518
2017-08-31 19:45:00,3,293.4186099969191,293.4937812760999
2017-08-31 20:00:00,3,293.3026925699274,293.3833957881526
2017-08-31 20:15:00,3,293.191387662499,293.2774697319284
2017-08-31 20:30:00,3,293.08752980744634,293.1739813394397
2017-08-31 20:45:00,3,292.9870143387285,293.071937622889
2017-08-31 21:00:00,3,292.8873812383234,292.97150549390284
2017-08-31 21:15:00,3,292.79188943341876,292.8722657053712
2017-08-31 21:30:00,3,292.70409688105946,292.7797418809409
2017-08-31 21:45:00,3,292.6226798445336,292.69607434300553
2017-08-31 22:00:00,3,292.5465932833815,292.6195916902563
2017-08-31 22:15:00,3,292.4750314568739,292.5479086596562
2017-08-31 22:30:00,3,292.40731543866127,292.47964255585737
2017-08-31 22:45:00,3,292.3430046871176,292.41441914457175
2017-08-31 23:00:00,3,292.28188655281485,292.3522697968482
2017-08-31 23:15:00,3,292.2237983755298,292.29318245656316
2017-08-31 23:30:00,3,292.16835242405523,292.2367565716116
2017-08-31 23:45:00,3,292.11443023246085,292.1819593933348
2017-09-01 00:00:00,3,292.06056195872594,292.1273834904408
2017-08-01 00:15:00,4,293.5561749391129,294.11922744463175
2017-08-01 00:30:00,4,293.52737858736606,294.0888057755285
2017-08-01 00:45:00,4,293.49684884974994,294.05675188404257
2017-08-01 01:00:00,4,293.4599647305536,294.0187413651276
2017-08-01 01:15:00,4,293.41294438069286,293.9707836264016
2017-08-01 01:30:00,4,293.3538773781831,293.9109295431456
2017-08-01 01:45:00,4,293.28402544161344,293.84031422462425
2017-08-01 02:00:00,4,293.20685836027917,293.76236342760507
2017-08-01 02:15:00,4,293.12583074553277,293.6808503016736
2017-08-01 02:30:00,4,293.0435687439861,293.59865283549914
2017-08-01 02:45:00,4,292.9623072564123,293.5178470510501
2017-08-01 03:00:00,4,292.8840230025224,293.4400890372986
2017-08-01 03:15:00,4,292.81011443329317,293.3666205511091
2017-08-01 03:30:00,4,292.74117342495344,293.2979767407602
2017-08-01 03:45:00,4,292.6767680273273,293.233761418255
2017-08-01 04:00:00,4,292.61585552195817,293.17293512321123
2017-08-01 04:15:00,4,292.55739903651653,293.1143797216844
2017-08-01 04:30:00,4,292.5005574505859,293.0572090362044
2017-08-01 04:45:00,4,292.44457340365204,293.00072578158944
2017-08-01 05:00:00,4,292.3887794426593,292.94434534975596
2017-08-01 05:15:00,4,292.33273499736424,292.88766808480466
2017-08-01 05:30:00,4,292.2765641610128,292.8309749710973
2017-08-01 05:45:00,4,292.225563384813,292.78078384751507
2017-08-01 06:00:00,4,292.19799065992396,292.7530703914278
2017-08-01 06:15:00,4,292.20792002425134,292.761715541139
2017-08-01 06:30:00,4,292.2539494918419,292.80846735658304
2017-08-01 06:45:00,4,292.323731848177,292.8840047901522
2017-08-01 07:00:00,4,292.43155497911,292.9875567177591
2017-08-01 07:15:00,4,292.59116013500756,293.1333222875255
2017-08-01 07:30:00,4,292.79076113667514,293.31650637389276
2017-08-01 07:45:00,4,293.0146437179782,293.52281603118826
2017-08-01 08:00:00,4,293.2527924182139,293.7409359133299
2017-08-01 08:15:00,4,293.50142708994684,293.9656773679265
2017-08-01 08:30:00,4,293.7649957180666,294.19599085411465
2017-08-01 08:45:00,4,294.02849164077054,294.4394907726885
2017-08-01 09:00:00,4,294.27627067255446,294.67685837050954
2017-08-01 09:15:00,4,294.50315123703007,294.89293567045917
2017-08-01 09:30:00,4,294.70574400755635,295.08137285050753
2017-08-01 09:45:00,4,294.88766308549333,295.25170818634746
2017-08-01 10:00:00,4,295.05741230348116,295.4123398229022
2017-08-01 10:15:00,4,295.2168627082582,295.5661296827832
2017-08-01 10:30:00,4,295.36412089194187,295.71654023786886
2017-08-01 10:45:00,4,295.50321910891375,295.8614061260654
2017-08-01 11:00:00,4,295.63229623132884,295.99547996670185
2017-08-01 11:15:00,4,295.74725750272313,296.11424624844494
2017-08-01 11:30:00,4,295.84548730502223,296.21543531350295
2017-08-01 11:45:00,4,295.92577268324294,296.2985170796379
2017-08-01 12:00:00,4,295.9878554661602,296.36373678821843
2017-08-01 12:15:00,4,296.0320291368797,296.41159610207467
2017-08-01 12:30:00,4,296.05923714207387,296.4430537197646
2017-08-01 12:45:00,4,296.0719787545504,296.46046574413293
2017-08-01 13:00:00,4,296.07498543560934,296.46809422364225
2017-08-01 13:15:00,4,296.0737035557902,296.47087473996334
2017-08-01 13:30:00,4,296.0715859991764,296.4721429391284
2017-08-01 13:45:00,4,296.06886650137596,296.47242195802147
2017-08-01 14:00:00,4,296.0639827086254,296.4702456397982
2017-08-01 14:15:00,4,296.05521429668147,296.46373700973885
2017-08-01 14:30:00,4,296.04150630152935,296.4518081188819
2017-08-01 14:45:00,4,296.0230108489086,296.43462445113244
2017-08-01 15:00:00,4,296.0005167052139,296.4131135964851
2017-08-01 15:15:00,4,295.9745587926333,296.38818850814084
2017-08-01 15:30:00,4,295.9453296642102,296.35983632997727
2017-08-01 15:45:00,4,295.912215885534,296.3277716752759
2017-08-01 16:00:00,4,295.8743910476326,296.29162737516236
2017-08-01 16:15:00,4,295.8315205548528,296.2509876425572
2017-08-01 16:30:00,4,295.7833083098445,296.2054342809512
2017-08-01 16:45:00,4,295.7295925407778,296.15456274628264
2017-08-01 17:00:00,4,295.67033594302933,296.0985498244536
2017-08-01 17:15:00,4,295.60538968066857,296.03742415698207
2017-08-01 17:30:00,4,295.5347448078928,295.9713813176698
2017-08-01 17:45:00,4,295.4599007912019,295.9016995758567
2017-08-01 18:00:00,4,295.38367200013215,295.8306008674946
2017-08-01 18:15:00,4,295.3088455440641,295.7600412458191
2017-08-01 18:30:00,4,295.2360286705844,295.69091372486133
2017-08-01 18:45:00,4,295.1641032644935,295.6230467531708
2017-08-01 19:00:00,4,295.09227162180184,295.55392929289786
2017-08-01 19:15:00,4,295.02025301520445,295.4821578197114
2017-08-01 19:30:00,4,294.9446452980425,295.4066716841371
2017-08-01 19:45:00,4,294.8638605083415,295.32638905990785
2017-08-01 20:00:00,4,294.77444515144725,295.24032235872323
2017-08-01 20:15:00,4,294.67426451238623,295.1435227452321
2017-08-01 20:30:00,4,294.5659116111737,295.03609863561275
2017-08-01 20:45:00,4,294.4519114682322,294.92224094395465
2017-08-01 21:00:00,4,294.3384394457076,294.8061251899007
2017-08-01 21:15:00,4,294.23383301155,294.6995355783597
2017-08-01 21:30:00,4,294.1379194208964,294.60494761080054
2017-08-01 21:45:00,4,294.05033937214927,294.52002731049043
2017-08-01 22:00:00,4,293.9713695645536,294.442898503562
2017-08-01 22:15:00,4,293.9011737618722,294.3733461082571
2017-08-01 22:30:00,4,293.839461803462,294.31158962221554
2017-08-01 22:45:00,4,293.7852561890655,294.2571313616814
2017-08-01 23:00:00,4,293.73719152151915,294.20874022252247
2017-08-01 23:15:00,4,293.69401825273894,294.1650608392417
2017-08-01 23:30:00,4,293.6547971277808,294.125081783355
2017-08-01 23:45:00,4,293.61891596450903,294.0882134201988
2017-08-02 00:00:00,4,293.5859588154664,294.05411392226773
2017-08-02 00:15:00,4,293.5555786643157,294.02250724687985
2017-08-02 00:30:00,4,293.527361819777,293.99297932484706
2017-08-02 00:45:00,4,293.5005440007291,293.96482604766436
2017-08-02 01:00:00,4,293.47419916283195,293.9371881843703
2017-08-02 01:15:00,4,293.447607669052,293.9094172848446
2017-08-02 01:30:00,4,293.4203885851452,293.88112389191235
2017-08-02 01:45:00,4,293.3925666906546,293.8522574525133
2017-08-02 02:00:00,4,293.36437426026015,293.82301943731807
2017-08-02 02:15:00,4,293.336016902818,293.793653491136
2017-08-02 02:30:00,4,293.3076632531482,293.7643664171943
2017-08-02 02:45:00,4,293.2796015752764,293.7354091594345
2017-08-02 03:00:00,4,293.2521812480082,293.7070835245824
2017-08-02 03:15:00,4,293.2256535204651,293.6796459670152
2017-08-02 03:30:00,4,293.2001015871766,293.6531851439094
2017-08-02 03:45:00,4,293.17537139508374,293.62756118126657
2017-08-02 04:00:00,4,293.15116871322016,293.60248608010977
2017-08-02 04:15:00,4,293.1272111485976,293.5776593734206
2017-08-02 04:30:00,4,293.1032250287739,293.5527830068316
2017-08-02 04:45:00,4,293.07880885780816,293.5274929275587
2017-08-02 05:00:00,4,293.05353051149194,293.50139832959593
2017-08-02 05:15:00,4,293.02709697178295,293.4742038349814
2017-08-02 05:30:00,4,292.99960364040044,293.4461368200592
2017-08-02 05:45:00,4,292.97531527730746,293.42257436828646
2017-08-02 06:00:00,4,292.96955942743574,293.41722149438937
2017-08-02 06:15:00,4,292.9955478896432,293.44290832269826
2017-08-02 06:30:00,4,293.0489141488517,293.4996344004775
2017-08-02 06:45:00,4,293.13438666442244,293.58333134858395
2017-08-02 07:00:00,4,293.26849247615127,293.70624987729406
2017-08-02 07:15:00,4,293.44184074395724,293.8652936864296
2017-08-02 07:30:00,4,293.64008467706265,294.0476909512347
2017-08-02 07:45:00,4,293.8555027035013,294.24121638966915
2017-08-02 08:00:00,4,294.0817130627089,294.4399449298799
2017-08-02 08:15:00,4,294.2946083013357,294.6384604467155
2017-08-02 08:30:00,4,294.48725154466746,294.82169707447684
2017-08-02 08:45:00,4,294.6632518273696,294.98616939305833
2017-08-02 09:00:00,4,294.8282858770118,295.13773986750437
2017-08-02 09:15:00,4,294.9848601682184,295.28126151274955
2017-08-02 09:30:00,4,295.131449608744,295.4169723505556
2017-08-02 09:45:00,4,295.27050764490315,295.54843502780386
2017-08-02 10:00:00,4,295.40530612450607,295.6773225487607
2017-08-02 10:15:00,4,295.53574352180544,295.8032054412135
2017-08-02 10:30:00,4,295.65868101750306,295.9288981183397
2017-08-02 10:45:00,4,295.7764147380954,296.05219747016685
2017-08-02 11:00:00,4,295.8866731832378,296.1675275356067
2017-08-02 11:15:00,4,295.9849919959343,296.2698665042861
2017-08-02 11:30:00,4,296.068892618742,296.35697364973987
2017-08-02 11:45:00,4,296.13852153405315,296.4294542613517
2017-08-02 12:00:00,4,296.19538382247936,296.4892357225361
2017-08-02 12:15:00,4,296.24075691265244,296.537970493759
2017-08-02 12:30:00,4,296.27517288992743,296.57638438804986
2017-08-02 12:45:00,4,296.2992391634833,296.6050954685283
2017-08-02 13:00:00,4,296.3154759203055,296.62608837158814
2017-08-02 13:15:00,4,296.32781723807835,296.6425443077858
2017-08-02 13:30:00,4,296.3391082965393,296.65711397340414
2017-08-02 13:45:00,4,296.35014612151434,296.6708068662422
2017-08-02 14:00:00,4,296.36044068641417,296.68324142871614
2017-08-02 14:15:00,4,296.3689719167128,296.6934212879936
2017-08-02 14:30:00,4,296.374563932069,296.7002520389991
2017-08-02 14:45:00,4,296.37592156763367,296.7027012028674
2017-08-02 15:00:00,4,296.37194116594725,296.69862688122913
2017-08-02 15:15:00,4,296.35992913170077,296.68668538670465
2017-08-02 15:30:00,4,296.3385563701243,296.6661520440657
2017-08-02 15:45:00,4,296.3069551824538,296.63624217120974
2017-08-02 16:00:00,4,296.2642883225631,296.5960696294042
2017-08-02 16:15:00,4,296.21021547207647,296.54505087365544
2017-08-02 16:30:00,4,296.1451589304635,296.4833890698247
2017-08-02 16:45:00,4,296.0706555148225,296.4122591183229
2017-08-02 17:00:00,4,295.98870327889506,296.3341085599693
2017-08-02 17:15:00,4,295.900739807896,296.25087860858395
2017-08-02 17:30:00,4,295.8075041922758,296.1637725480711
2017-08-02 17:45:00,4,295.711396124641,296.07409881819774
2017-08-02 18:00:00,4,295.6152263649891,295.9834226583454
2017-08-02 18:15:00,4,295.5204245596513,295.8936190197028
2017-08-02 18:30:00,4,295.4270877970495,295.80568496016485
2017-08-02 18:45:00,4,295.33499735153885,295.7170912325818
2017-08-02 19:00:00,4,295.24271813367255,295.62564874532484
2017-08-02 19:15:00,4,295.14647513493804,295.53008480119485
2017-08-02 19:30:00,4,295.04529013574415,295.42999059030063
2017-08-02 19:45:00,4,294.9354991746125,295.3235032808034
2017-08-02 20:00:00,4,294.8150656219645,295.2070061617259
2017-08-02 20:15:00,4,294.68654364881445,295.0816608144427
2017-08-02 20:30:00,4,294.55793277263604,294.95018272059554
2017-08-02 20:45:00,4,294.4382807083893,294.8274498816436
2017-08-02 21:00:00,4,294.3261159275134,294.7164192232199
2017-08-02 21:15:00,4,294.21920733562143,294.6127706872721
2017-08-02 21:30:00,4,294.1160883989165,294.5123129909931
2017-08-02 21:45:00,4,294.0160896767826,294.41365874477543
2017-08-02 22:00:00,4,293.9189062896838,294.31708972905
2017-08-02 22:15:00,4,293.8241895616708,294.22288020376794
2017-08-02 22:30:00,4,293.73147965457787,294.13073863522544
2017-08-02 22:45:00,4,293.6403899489016,294.0401697327587
2017-08-02 23:00:00,4,293.55073311645333,293.9508839074378
2017-08-02 23:15:00,4,293.46240456342866,293.8628224340145
2017-08-02 23:30:00,4,293.3755070748593,293.77623323778795
2017-08-02 23:45:00,4,293.29093399147183,293.69191774881835
2017-08-03 00:00:00,4,293.20991508540544,293.6109961107298
2017-08-03 00:15:00,4,293.1332970293503,293.53436354730854
2017-08-03 00:30:00,4,293.06159659474093,293.4626130749429
2017-08-03 00:45:00,4,292.99560733563857,293.39641444605115
2017-08-03 01:00:00,4,292.9362127295282,293.33653487334163
2017-08-03 01:15:00,4,292.8838901013694,293.2834963025795
2017-08-03 01:30:00,4,292.8387591081687,293.23750671811547
2017-08-03 01:45:00,4,292.80102904453213,293.1987338549817
2017-08-03 02:00:00,4,292.77097884214754,293.16750426700554
2017-08-03 02:15:00,4,292.74870719658975,293.1439195854339
2017-08-03 02:30:00,4,292.7338094767137,293.1274707380175
2017-08-03 02:45:00,4,292.72463305280985,293.1166604429596
2017-08-03 03:00:00,4,292.71887418406686,293.1094085647202
2017-08-03 03:15:00,4,292.71463128043166,293.10355766468246
2017-08-03 03:30:00,4,292.71065469303204,293.0977498018372
2017-08-03 03:45:00,4,292.70617126948804,293.0913359126904
2017-08-03 04:00:00,4,292.7007237446157,293.08401570181496
2017-08-03 04:15:00,4,292.6940837164519,293.0756271444925
2017-08-03 04:30:00,4,292.68616781861573,293.066086434913
2017-08-03 04:45:00,4,292.6769538601718,293.0553629759996
2017-08-03 05:00:00,4,292.6664386083061,293.04345554306394
2017-08-03 05:15:00,4,292.65465027744716,293.0303906375717
2017-08-03 05:30:00,4,292.64172869951636,293.0163239168057
2017-08-03 05:45:00,4,292.6289395735795,293.0027427439092
2017-08-03 06:00:00,4,292.6211912412669,292.99410464020144
2017-08-03 06:15:00,4,292.6248379107269,292.9960727338093
2017-08-03 06:30:00,4,292.6425019095772,293.01183259008565
2017-08-03 06:45:00,4,292.6736648004579,293.04136669260464
2017-08-03 07:00:00,4,292.7165280245097,293.0825459212735
2017-08-03 07:15:00,4,292.76724414410046,293.13150531769423
2017-08-03 07:30:00,4,292.8214036425421,293.18374440041316
2017-08-03 07:45:00,4,292.8756803244225,293.2355153306486
2017-08-03 08:00:00,4,292.92842617399987,293.2852295015403
2017-08-03 08:15:00,4,292.97990871867825,293.33377420559174
2017-08-03 08:30:00,4,293.0320380148229,293.3832917796669
2017-08-03 08:45:00,4,293.0862138407772,293.43545565011885
2017-08-03 09:00:00,4,293.1425884221858,293.49077256632444
2017-08-03 09:15:00,4,293.19999823114733,293.5491154014694
2017-08-03 09:30:00,4,293.2575749979142,293.6097812707739
2017-08-03 09:45:00,4,293.32147848239833,293.66970423534565
2017-08-03 10:00:00,4,293.3935425521197,293.7347513415465
2017-08-03 10:15:00,4,293.4734675501132,293.8082516908641
2017-08-03 10:30:00,4,293.5609683623132,293.89021217752986
2017-08-03 10:45:00,4,293.65876382527813,293.98168199172164
2017-08-03 11:00:00,4,293.77086109421265,294.08374870320245
2017-08-03 11:15:00,4,293.89491258076333,294.2025245768084
2017-08-03 11:30:00,4,294.02641010324993,294.3332205396264
2017-08-03 11:45:00,4,294.1623337950445,294.4689731548648
2017-08-03 12:00:00,4,294.29849407666256,294.6036947450501
2017-08-03 12:15:00,4,294.4286265057108,294.73161116520293
2017-08-03 12:30:00,4,294.5465164620475,294.8474167993847
2017-08-03 12:45:00,4,294.64858340755177,294.94775463219986
2017-08-03 13:00:00,4,294.73441582179504,295.0319566663019
2017-08-03 13:15:00,4,294.8048287365619,295.1008934963782
2017-08-03 13:30:00,4,294.8606674760237,295.1557732385927
2017-08-03 13:45:00,4,294.9033487822916,295.1980684923478
2017-08-03 14:00:00,4,294.93539927080593,295.22999524892634
2017-08-03 14:15:00,4,294.9602574513526,295.25479563532303
2017-08-03 14:30:00,4,294.98148734108725,295.2759625182882
2017-08-03 14:45:00,4,295.00128683430734,295.29595116100325
2017-08-03 15:00:00,4,295.0203529774003,295.31564562476905
2017-08-03 15:15:00,4,295.0385488345378,295.33478515028696
2017-08-03 15:30:00,4,295.05535052913615,295.35259426502415
2017-08-03 15:45:00,4,295.0698832403307,295.3681030527586
2017-08-03 16:00:00,4,295.08110049752673,295.38026440694097
2017-08-03 16:15:00,4,295.0878805473476,295.38798139794557
2017-08-03 16:30:00,4,295.0890936617269,295.39017377681205
2017-08-03 16:45:00,4,295.0838556818133,295.38599228805003
2017-08-03 17:00:00,4,295.07155278751117,295.37468113312883
2017-08-03 17:15:00,4,295.05061745096714,295.35490735585057
2017-08-03 17:30:00,4,295.01709848896206,295.32312071626643
2017-08-03 17:45:00,4,294.96985308058044,295.2776451086719
2017-08-03 18:00:00,4,294.90998959503287,295.219551688474
2017-08-03 18:15:00,4,294.8395878072933,295.1516012955316
2017-08-03 18:30:00,4,294.76201983825956,295.0774965522694
2017-08-03 18:45:00,4,294.68013680848105,294.99794714246195
2017-08-03 19:00:00,4,294.5941496415876,294.9132200801336
2017-08-03 19:15:00,4,294.50305284688307,294.8235700996926
2017-08-03 19:30:00,4,294.4068137976109,294.72924311672654
2017-08-03 19:45:00,4,294.3058112628522,294.6304904351135
2017-08-03 20:00:00,4,294.196519646118,294.52505638229115
2017-08-03 20:15:00,4,294.07853945991513,294.41141235411243
2017-08-03 20:30:00,4,293.9583079672396,294.29095842475743
2017-08-03 20:45:00,4,293.8465371634877,294.17724804496424
2017-08-03 21:00:00,4,293.74412492467076,294.075743224891
2017-08-03 21:15:00,4,293.65035620270965,293.9848769546428
2017-08-03 21:30:00,4,293.5644772980087,293.901650441471
2017-08-03 21:45:00,4,293.48580408411595,293.8244839420968
2017-08-03 22:00:00,4,293.413704693862,293.75303335463553
2017-08-03 22:15:00,4,293.3475793985465,293.6871770208521
2017-08-03 22:30:00,4,293.28685467130197,293.62655741059797
2017-08-03 22:45:00,4,293.2309821362454,293.5706309991971
2017-08-03 23:00:00,4,293.17944796333114,293.5188495832405
2017-08-03 23:15:00,4,293.1317850866297,293.4707540538302
2017-08-03 23:30:00,4,293.0875737679017,293.4259574223505
2017-08-03 23:45:00,4,293.0464299958003,293.384110761889
2017-08-04 00:00:00,4,293.0080049503137,293.34489116048525
2017-08-04 00:15:00,4,292.9719915422049,293.3080093431089
2017-08-04 00:30:00,4,292.93811658863063,293.2732062968069
2017-08-04 00:45:00,4,292.90611765496527,293.24023969669344
2017-08-04 01:00:00,4,292.8757539406753,293.2088860052377
2017-08-04 01:15:00,4,292.84682190640257,293.1790395205918
2017-08-04 01:30:00,4,292.8190419612359,293.1503890951376
2017-08-04 01:45:00,4,292.79176500818227,293.1222857080755
2017-08-04 02:00:00,4,292.76418956896646,293.09395053493336
2017-08-04 02:15:00,4,292.73572592014216,293.06476935080565
2017-08-04 02:30:00,4,292.70614268878643,293.03451852430175
2017-08-04 02:45:00,4,292.6757150511875,293.0034411159816
2017-08-04 03:00:00,4,292.6449418154183,292.97202112616685
2017-08-04 03:15:00,4,292.6141925500569,292.9406706084461
2017-08-04 03:30:00,4,292.583697097531,292.90964600015553
2017-08-04 03:45:00,4,292.55374785083256,292.8791916341551
2017-08-04 04:00:00,4,292.5247141417284,292.8496205148018
2017-08-04 04:15:00,4,292.4969037663694,292.8212393561216
2017-08-04 04:30:00,4,292.4704656058444,292.7942111348859
2017-08-04 04:45:00,4,292.445300226251,292.76845967133295
2017-08-04 05:00:00,4,292.42113848719123,292.74372446760606
2017-08-04 05:15:00,4,292.3977105253955,292.7197184748752
2017-08-04 05:30:00,4,292.3748589827367,292.6962852881982
2017-08-04 05:45:00,4,292.3533506728173,292.67442575277397
2017-08-04 06:00:00,4,292.337140821566,292.6577668486839
2017-08-04 06:15:00,4,292.3316602170943,292.6512079524102
2017-08-04 06:30:00,4,292.33935174740253,292.65759018079956
2017-08-04 06:45:00,4,292.3592945982538,292.676491743149
2017-08-04 07:00:00,4,292.38848955382446,292.7045550041881
2017-08-04 07:15:00,4,292.42123377636483,292.7359466849859
2017-08-04 07:30:00,4,292.45180318581123,292.76510626264906
2017-08-04 07:45:00,4,292.4774073116726,292.78902923326973
2017-08-04 08:00:00,4,292.4981755783455,292.80797865241834
2017-08-04 08:15:00,4,292.51716654812674,292.8250992961306
2017-08-04 08:30:00,4,292.5384078843336,292.84440557104296
2017-08-04 08:45:00,4,292.56405466161095,292.8683599346199
2017-08-04 09:00:00,4,292.5940533774376,292.89706429799685
2017-08-04 09:15:00,4,292.6270604547593,292.9290128452849
2017-08-04 09:30:00,4,292.66154244580963,292.96251000628905
2017-08-04 09:45:00,4,292.6967996272733,292.99664912009086
2017-08-04 10:00:00,4,292.73283732018854,293.0314236550884
2017-08-04 10:15:00,4,292.7696494725364,293.0671776203284
2017-08-04 10:30:00,4,292.80663468382267,293.1040652995831
2017-08-04 10:45:00,4,292.8444116112329,293.1413835286632
2017-08-04 11:00:00,4,292.8827653917105,293.17790445351716
2017-08-04 11:15:00,4,292.92134694380024,293.2141234797625
2017-08-04 11:30:00,4,292.9600534326685,293.2506914536005
2017-08-04 11:45:00,4,292.99907694755245,293.28806381560304
2017-08-04 12:00:00,4,293.0386234942925,293.3265932135029
2017-08-04 12:15:00,4,293.0787474896763,293.36646520951626
2017-08-04 12:30:00,4,293.1219013653742,293.40743217262917
2017-08-04 12:45:00,4,293.1698818285402,293.4519463192013
2017-08-04 13:00:00,4,293.22435297292265,293.5019794061528
2017-08-04 13:15:00,4,293.2895959484799,293.5609465273292
2017-08-04 13:30:00,4,293.3658402530436,293.633819842468
2017-08-04 13:45:00,4,293.4529055286711,293.7201395086201
2017-08-04 14:00:00,4,293.54992947128153,293.81710398119395
2017-08-04 14:15:00,4,293.65433812313114,293.9210373606613
2017-08-04 14:30:00,4,293.76234689423904,294.0279220116216
2017-08-04 14:45:00,4,293.86988050116224,294.13372470923855
2017-08-04 15:00:00,4,293.9730678580928,294.23448646403006
2017-08-04 15:15:00,4,294.0675096129441,294.3261309123273
2017-08-04 15:30:00,4,294.14605608598475,294.4032557384844
2017-08-04 15:45:00,4,294.20580810742854,294.46220325745554
2017-08-04 16:00:00,4,294.2477830900017,294.5029617631943
2017-08-04 16:15:00,4,294.2732419193163,294.52722089241485
2017-08-04 16:30:00,4,294.28297524072104,294.5364911638308
2017-08-04 16:45:00,4,294.2777517467285,294.53174670828565
2017-08-04 17:00:00,4,294.2585587929848,294.5137148307599
2017-08-04 17:15:00,4,294.22621576350616,294.4828515019996
2017-08-04 17:30:00,4,294.1813659699726,294.43983233616785
2017-08-04 17:45:00,4,294.12499873455045,294.386086329713
2017-08-04 18:00:00,4,294.05899055006665,294.32433177797134
2017-08-04 18:15:00,4,293.98697377343314,294.2581225680841
2017-08-04 18:30:00,4,293.91369886949127,294.1885469878048
2017-08-04 18:45:00,4,293.84124303847847,294.11689949820334
2017-08-04 19:00:00,4,293.7679274073728,294.0440201324321
2017-08-04 19:15:00,4,293.6928228078205,293.9698090740919
2017-08-04 19:30:00,4,293.6150877282462,293.8935067461823
2017-08-04 19:45:00,4,293.5310631415551,293.8120608953126
2017-08-04 20:00:00,4,293.43782650809163,293.7220769009292
2017-08-04 20:15:00,4,293.3371382927463,293.62296781078396
2017-08-04 20:30:00,4,293.23870282351646,293.5234372280458
2017-08-04 20:45:00,4,293.145485095713,293.43014212876375
2017-08-04 21:00:00,4,293.05759202716104,293.34406779513785
2017-08-04 21:15:00,4,292.9745681533711,293.26344747962963
2017-08-04 21:30:00,4,292.89596126935413,293.18676625393846
2017-08-04 21:45:00,4,292.82167095903907,293.11369733945446
2017-08-04 22:00:00,4,292.7517523489109,293.0445282737481
2017-08-04 22:15:00,4,292.68608922358004,292.97940701538425
2017-08-04 22:30:00,4,292.62440492268155,292.91815653416614
2017-08-04 22:45:00,4,292.56646265274594,292.8604907914479
2017-08-04 23:00:00,4,292.5121053037394,292.80619951194757
2017-08-04 23:15:00,4,292.4611780299123,292.75514742784503
2017-08-04 23:30:00,4,292.4134978214609,292.70720372135463
2017-08-04 23:45:00,4,292.3688722000717,292.6622086456751
2017-08-05 00:00:00,4,292.3271033998451,292.61997643323247
2017-08-05 00:15:00,4,292.2879837369935,292.58030990032336
2017-08-05 00:30:00,4,292.25135992852114,292.54308550415084
2017-08-05 00:45:00,4,292.2173076082359,292.50836287600134
2017-08-05 01:00:00,4,292.1860375891089,292.4764306749463
2017-08-05 01:15:00,4,292.15768849862667,292.44742042666104
2017-08-05 01:30:00,4,292.13214445881243,292.42111256872863
2017-08-05 01:45:00,4,292.10872234312563,292.396848380645
2017-08-05 02:00:00,4,292.0864448856643,292.37372101856903
2017-08-05 02:15:00,4,292.0644854114766,292.35091169059064
2017-08-05 02:30:00,4,292.0423526717588,292.3279586434342
2017-08-05 02:45:00,4,292.02004961632736,292.30485715415557
2017-08-05 03:00:00,4,291.99785952168725,292.2818815041074
2017-08-05 03:15:00,4,291.97604015315886,292.2593162532953
2017-08-05 03:30:00,4,291.95471932335977,292.2372940609699
2017-08-05 03:45:00,4,291.93385008619987,292.21575957158535
2017-08-05 04:00:00,4,291.91326843053054,292.19453863686454
2017-08-05 04:15:00,4,291.89280651205854,292.1734509080681
2017-08-05 04:30:00,4,291.8723786671812,292.1524039101726
2017-08-05 04:45:00,4,291.8520215119311,292.1314251624371
2017-08-05 05:00:00,4,291.8318345700648,292.1106169310472
2017-08-05 05:15:00,4,291.8119098678535,292.0900847576915
2017-08-05 05:30:00,4,291.7923299778651,292.0699399827005
2017-08-05 05:45:00,4,291.774011134977,292.0513416751107
2017-08-05 06:00:00,4,291.7611849787735,292.0381868630689
2017-08-05 06:15:00,4,291.75984006035264,292.03585465891126
2017-08-05 06:30:00,4,291.7729017496866,292.04768279781274
2017-08-05 06:45:00,4,291.7998502108607,292.073683828563
2017-08-05 07:00:00,4,291.83821357120223,292.11117588649546
2017-08-05 07:15:00,4,291.88303351343995,292.1552901383802
2017-08-05 07:30:00,4,291.92901143622754,292.2004232264159
2017-08-05 07:45:00,4,291.97257592389553,292.24251963721645
2017-08-05 08:00:00,4,292.0122158296574,292.28022968601437
2017-08-05 08:15:00,4,292.04894368448487,292.31483298396284
2017-08-05 08:30:00,4,292.0852343028592,292.34903441999074
2017-08-05 08:45:00,4,292.12349542713923,292.3856484699354
2017-08-05 09:00:00,4,292.1655935863233,292.42684965490605
2017-08-05 09:15:00,4,292.2132603440744,292.47439062018924
2017-08-05 09:30:00,4,292.2665261480496,292.52911631524523
2017-08-05 09:45:00,4,292.3250098754425,292.58808696590876
2017-08-05 10:00:00,4,292.391270735478,292.65132077095024
2017-08-05 10:15:00,4,292.46864304141144,292.7233452509199
2017-08-05 10:30:00,4,292.5602075885799,292.80877889266867
2017-08-05 10:45:00,4,292.66958638404844,292.91084189267326
2017-08-05 11:00:00,4,292.7988783610321,293.03084875984695
2017-08-05 11:15:00,4,292.9393355691087,293.1685530120413
2017-08-05 11:30:00,4,293.08441637919225,293.3141752018383
2017-08-05 11:45:00,4,293.23076848046384,293.45997998448223
2017-08-05 12:00:00,4,293.37660137984875,293.60299343169885
2017-08-05 12:15:00,4,293.5198198092498,293.7423470005266
2017-08-05 12:30:00,4,293.6575639245997,293.8764804616213
2017-08-05 12:45:00,4,293.78650013307094,294.002685714003
2017-08-05 13:00:00,4,293.9045123161391,294.1186173306096
2017-08-05 13:15:00,4,294.011048401389,294.2233242300543
2017-08-05 13:30:00,4,294.1066174053626,294.3172655282652
2017-08-05 13:45:00,4,294.1929091352943,294.4019207498451
2017-08-05 14:00:00,4,294.2712187274614,294.4784943233613
2017-08-05 14:15:00,4,294.34034341523517,294.5461977126813
2017-08-05 14:30:00,4,294.3973917236632,294.60242648908616
2017-08-05 14:45:00,4,294.44004940630936,294.6446378346376
2017-08-05 15:00:00,4,294.4675192971564,294.6718950168482
2017-08-05 15:15:00,4,294.4808617207372,294.6852022155866
2017-08-05 15:30:00,4,294.4821442952732,294.68672966241763
2017-08-05 15:45:00,4,294.47337480144785,294.6786522163437
2017-08-05 16:00:00,4,294.45596095757037,294.6623567926254
2017-08-05 16:15:00,4,294.43038183292174,294.6382031762117
2017-08-05 16:30:00,4,294.39648195811156,294.6057605991565
2017-08-05 16:45:00,4,294.3539113918432,294.5648043954735
2017-08-05 17:00:00,4,294.30250472486574,294.5151748866798
2017-08-05 17:15:00,4,294.2422846888834,294.4569069105894
2017-08-05 17:30:00,4,294.17353003755534,294.39082348919095
2017-08-05 17:45:00,4,294.09800063689045,294.3184205909562
2017-08-05 18:00:00,4,294.0165993106912,294.24117176260717
2017-08-05 18:15:00,4,293.92919154027976,294.1590987318889
2017-08-05 18:30:00,4,293.839861479344,294.0729472084171
2017-08-05 18:45:00,4,293.75011134474573,293.9841156863689
2017-08-05 19:00:00,4,293.6595826557432,293.89420642775474
2017-08-05 19:15:00,4,293.56830628693433,293.8039455006712
2017-08-05 19:30:00,4,293.4755010691316,293.71330449716135
2017-08-05 19:45:00,4,293.3779472629796,293.61936420192677
2017-08-05 20:00:00,4,293.27479541243235,293.5197332964666
2017-08-05 20:15:00,4,293.1666166124597,293.4146748301392
2017-08-05 20:30:00,4,293.05677165725666,293.3058571307421
2017-08-05 20:45:00,4,292.95430224233274,293.20168253616214
2017-08-05 21:00:00,4,292.8601778569375,293.10744087758076
2017-08-05 21:15:00,4,292.77366475082874,293.0227725129531
2017-08-05 21:30:00,4,292.69413152871704,292.9453647137321
2017-08-05 21:45:00,4,292.62110020539905,292.87370473065846
2017-08-05 22:00:00,4,292.55417446770787,292.8073940235636
2017-08-05 22:15:00,4,292.49295958115846,292.74639594659976
2017-08-05 22:30:00,4,292.43699563596846,292.69047584945054
2017-08-05 22:45:00,4,292.3856533810993,292.6390645265068
2017-08-05 23:00:00,4,292.33819152412894,292.5914124789721
2017-08-05 23:15:00,4,292.2939196635765,292.5468112430742
2017-08-05 23:30:00,4,292.25230332798503,292.5047352848484
2017-08-05 23:45:00,4,292.2130056149242,292.46486882289264
2017-08-06 00:00:00,4,292.1758233779702,292.4270392605543
2017-08-06 00:15:00,4,292.14060209393455,292.3911240515746
2017-08-06 00:30:00,4,292.1071281029173,292.3569100090671
2017-08-06 00:45:00,4,292.0749276114192,292.32396390042163
2017-08-06 01:00:00,4,292.0433850541991,292.2918114853071
2017-08-06 01:15:00,4,292.01198984219434,292.25991991468373
2017-08-06 01:30:00,4,291.9804761813727,292.2279565555685
2017-08-06 01:45:00,4,291.9489978816524,292.196016717944
2017-08-06 02:00:00,4,291.91796198735284,292.16449414699764
2017-08-06 02:15:00,4,291.88773235390363,292.13379147753784
2017-08-06 02:30:00,4,291.85853134580685,292.1041494737081
2017-08-06 02:45:00,4,291.8304562213905,292.0756460406318
2017-08-06 03:00:00,4,291.8035197416679,292.04826651529584
2017-08-06 03:15:00,4,291.77768459241605,292.0219603132058
2017-08-06 03:30:00,4,291.75288688339884,291.9966644998524
2017-08-06 03:45:00,4,291.7290508028014,291.972309573853
2017-08-06 04:00:00,4,291.7060972706317,291.9488221974936
2017-08-06 04:15:00,4,291.6839488010574,291.9261289720541
2017-08-06 04:30:00,4,291.6625320582961,291.90415985680534
2017-08-06 04:45:00,4,291.6417790460298,291.882849959873
2017-08-06 05:00:00,4,291.621627508048,291.8621399252146
2017-08-06 05:15:00,4,291.60202076974264,291.8419754614998
2017-08-06 05:30:00,4,291.58291593875765,291.8223306998221
2017-08-06 05:45:00,4,291.56496838673183,291.8040767548731
2017-08-06 06:00:00,4,291.5517226695298,291.79049756423115
2017-08-06 06:15:00,4,291.5485139992635,291.7863722193632
2017-08-06 06:30:00,4,291.558202737264,291.7948160798677
2017-08-06 06:45:00,4,291.58025521157003,291.81576632778285
2017-08-06 07:00:00,4,291.61185133964375,291.84615556086095
2017-08-06 07:15:00,4,291.6475312464617,291.8806967034558
2017-08-06 07:30:00,4,291.6818294477897,291.91410317431536
2017-08-06 07:45:00,4,291.7122400600605,291.94333010350175
2017-08-06 08:00:00,4,291.7393841002155,291.9690228445185
2017-08-06 08:15:00,4,291.76746261287553,291.9954772813
2017-08-06 08:30:00,4,291.80196787629876,292.0284335202596
2017-08-06 08:45:00,4,291.8463636563248,292.0718962212743
2017-08-06 09:00:00,4,291.9012527793853,292.1267005657661
2017-08-06 09:15:00,4,291.9642751633907,292.1908379363162
2017-08-06 09:30:00,4,292.03006232599023,292.26028615301743
2017-08-06 09:45:00,4,292.1010029625426,292.3296402157765
2017-08-06 10:00:00,4,292.1806314410116,292.4034804814399
2017-08-06 10:15:00,4,292.26911311330764,292.485355695124
2017-08-06 10:30:00,4,292.36888528883446,292.578547808468
2017-08-06 10:45:00,4,292.4813711335042,292.6828168415068
2017-08-06 11:00:00,4,292.6010822732355,292.79807505984417
2017-08-06 11:15:00,4,292.7163017421131,292.9129276933997
2017-08-06 11:30:00,4,292.8217550222302,293.01837896766125
2017-08-06 11:45:00,4,292.9171884217955,293.1121900903388
2017-08-06 12:00:00,4,293.0050906693682,293.19715964169444
2017-08-06 12:15:00,4,293.08874289760143,293.2776504920095
2017-08-06 12:30:00,4,293.170928473224,293.35727524435595
2017-08-06 12:45:00,4,293.2539859814343,293.4385850819113
2017-08-06 13:00:00,4,293.3401099249274,293.5233867363084
2017-08-06 13:15:00,4,293.4303468462359,293.61259387973456
2017-08-06 13:30:00,4,293.52481668063695,293.7061607421928
2017-08-06 13:45:00,4,293.6231738733487,293.8033863482126
2017-08-06 14:00:00,4,293.7240882049828,293.9028955831537
2017-08-06 14:15:00,4,293.8250333712068,294.00238906644563
2017-08-06 14:30:00,4,293.9228383230903,294.0987178145222
2017-08-06 14:45:00,4,294.0137510761684,294.18814437723057
2017-08-06 15:00:00,4,294.09410413623135,294.2670075578825
2017-08-06 15:15:00,4,294.161041801586,294.33240591950454
2017-08-06 15:30:00,4,294.2128462134081,294.38256608465093
2017-08-06 15:45:00,4,294.2488976572847,294.41677164177764
2017-08-06 16:00:00,4,294.26878123694854,294.4350490872484
2017-08-06 16:15:00,4,294.27200410361166,294.43789305817256
2017-08-06 16:30:00,4,294.25893072689104,294.4259811110403
2017-08-06 16:45:00,4,294.23135526005075,294.40024254536127
2017-08-06 17:00:00,4,294.19134824329933,294.3620041535518
2017-08-06 17:15:00,4,294.14052888705663,294.3132175895822
2017-08-06 17:30:00,4,294.08018796663924,294.2559631616985
2017-08-06 17:45:00,4,294.0119795220571,294.19288497834674
2017-08-06 18:00:00,4,293.93860443731745,294.1263616293955
2017-08-06 18:15:00,4,293.8632015896678,294.057985166207
2017-08-06 18:30:00,4,293.7876185195654,293.98837095560367
2017-08-06 18:45:00,4,293.7116614029473,293.91740985656844
2017-08-06 19:00:00,4,293.6347917614222,293.84496609241404
2017-08-06 19:15:00,4,293.55723953110635,293.76926058811057
2017-08-06 19:30:00,4,293.4758209117733,293.68879529874425
2017-08-06 19:45:00,4,293.3878311735385,293.6028747854543
2017-08-06 20:00:00,4,293.2870975937405,293.50657564642376
2017-08-06 20:15:00,4,293.1731727022495,293.3966021446877
2017-08-06 20:30:00,4,293.0497778929928,293.2757299101833
2017-08-06 20:45:00,4,292.92085089344175,293.1492529127347
2017-08-06 21:00:00,4,292.79258805730876,293.0203080690437
2017-08-06 21:15:00,4,292.67354454642305,292.8987949123173
2017-08-06 21:30:00,4,292.56284719777585,292.7886751560386
2017-08-06 21:45:00,4,292.4609803019787,292.68931143073524
2017-08-06 22:00:00,4,292.3701435966884,292.60045484330226
2017-08-06 22:15:00,4,292.292269786784,292.52337949596836
2017-08-06 22:30:00,4,292.2280113715341,292.45913079061546
2017-08-06 22:45:00,4,292.176032470641,292.4069010259476
2017-08-06 23:00:00,4,292.13373500935774,292.3642747605716
2017-08-06 23:15:00,4,292.09854538175136,292.3285110645458
2017-08-06 23:30:00,4,292.0683294822089,292.29734842182916
2017-08-06 23:45:00,4,292.04115093242723,292.26899319006907
2017-08-07 00:00:00,4,292.015354480769,292.24198667127644
2017-08-07 00:15:00,4,291.98979222319747,292.21524580131256
2017-08-07 00:30:00,4,291.96386463617966,292.18819087407627
2017-08-07 00:45:00,4,291.93755652917594,292.1607778223185
2017-08-07 01:00:00,4,291.9111297879456,292.133263622822
2017-08-07 01:15:00,4,291.8848030986357,292.1059943197216
2017-08-07 01:30:00,4,291.8586995352672,292.07910500269827
2017-08-07 01:45:00,4,291.8329351039199,292.05261560302387
2017-08-07 02:00:00,4,291.8076393158122,292.0265852075982
2017-08-07 02:15:00,4,291.7829164669232,292.00111367357886
2017-08-07 02:30:00,4,291.75884170155905,291.9763025449445
2017-08-07 02:45:00,4,291.73550113908556,291.9522456277995
2017-08-07 03:00:00,4,291.7129832949372,291.9290247136988
2017-08-07 03:15:00,4,291.69134249667707,291.9066949968438
2017-08-07 03:30:00,4,291.6705907354692,291.88526973492026
2017-08-07 03:45:00,4,291.65070719868015,291.86472577400815
2017-08-07 04:00:00,4,291.6316505369078,291.84501822254896
2017-08-07 04:15:00,4,291.6133684797387,291.8260927864613
2017-08-07 04:30:00,4,291.5957986388153,291.8078855301394
2017-08-07 04:45:00,4,291.57885521944286,291.79031427062597
2017-08-07 05:00:00,4,291.5624393153423,291.7732839965602
2017-08-07 05:15:00,4,291.54646191042025,291.7567046320182
2017-08-07 05:30:00,4,291.53086563650555,291.7405332156012
2017-08-07 05:45:00,4,291.5162734364893,291.7255823376073
2017-08-07 06:00:00,4,291.5056303352427,291.7144017856181
2017-08-07 06:15:00,4,291.50230288197133,291.71006421945765
2017-08-07 06:30:00,4,291.5075816331543,291.71422826758436
2017-08-07 06:45:00,4,291.5210552099907,291.7267592884431
2017-08-07 07:00:00,4,291.54181599666884,291.74668033701516
2017-08-07 07:15:00,4,291.5691149628298,291.77307503079044
2017-08-07 07:30:00,4,291.60233563273664,291.8053035394342
2017-08-07 07:45:00,4,291.64085183740673,291.84295705576665
2017-08-07 08:00:00,4,291.6838314931175,291.8852596487326
2017-08-07 08:15:00,4,291.7298096664272,291.9306102872753
2017-08-07 08:30:00,4,291.777071466019,291.97722519013746
2017-08-07 08:45:00,4,291.82414820586104,292.02361627764634
2017-08-07 09:00:00,4,291.8700281660914,292.0690018104224
2017-08-07 09:15:00,4,291.91419444771645,292.1135140404661
2017-08-07 09:30:00,4,291.95820046138004,292.1574570471129
2017-08-07 09:45:00,4,292.0035109741951,292.2013189812298
2017-08-07 10:00:00,4,292.0508260504944,292.2465978653282
2017-08-07 10:15:00,4,292.1033187722586,292.29555022304294
2017-08-07 10:30:00,4,292.1629265063945,292.3506322897903
2017-08-07 10:45:00,4,292.23183754185595,292.4148745992279
2017-08-07 11:00:00,4,292.31356722765963,292.4903532223128
2017-08-07 11:15:00,4,292.40804421569663,292.5783705553604
2017-08-07 11:30:00,4,292.5080899136467,292.6767690973083
2017-08-07 11:45:00,4,292.60978601784296,292.77890184675834
2017-08-07 12:00:00,4,292.71097356656395,292.8796647506843
2017-08-07 12:15:00,4,292.80895972033994,292.9759977410381
2017-08-07 12:30:00,4,292.9007391365845,293.06582798523345
2017-08-07 12:45:00,4,292.9845697619824,293.1479321261241
2017-08-07 13:00:00,4,293.0604886256728,293.2223294944551
2017-08-07 13:15:00,4,293.1298966764766,293.29024353848024
2017-08-07 13:30:00,4,293.1945094957182,293.35337244524675
2017-08-07 13:45:00,4,293.2554622838678,293.41301306948316
2017-08-07 14:00:00,4,293.3133404013763,293.46993139336547
2017-08-07 14:15:00,4,293.36908416176834,293.5249102666668
2017-08-07 14:30:00,4,293.4238507899806,293.57892985457323
2017-08-07 14:45:00,4,293.47846556862885,293.63285222098966
2017-08-07 15:00:00,4,293.5330298808024,293.6868088953049
2017-08-07 15:15:00,4,293.58630497476406,293.73969781509174
2017-08-07 15:30:00,4,293.6363095659797,293.78964128261106
2017-08-07 15:45:00,4,293.68164530873827,293.8349785346348
2017-08-07 16:00:00,4,293.72128912400757,293.8744940123715
2017-08-07 16:15:00,4,293.75373725848266,293.9068561485448
2017-08-07 16:30:00,4,293.7768675168825,293.93018035896205
2017-08-07 16:45:00,4,293.7882613232572,293.94218817449325
2017-08-07 17:00:00,4,293.7861054723061,293.94099113418065
2017-08-07 17:15:00,4,293.76986531290754,293.9257586396301
2017-08-07 17:30:00,4,293.7403323850681,293.8968460858431
2017-08-07 17:45:00,4,293.69942398755353,293.85678808022556
2017-08-07 18:00:00,4,293.6501205106672,293.8091877272585
2017-08-07 18:15:00,4,293.5935722280895,293.7571308523433
2017-08-07 18:30:00,4,293.5307366872199,293.70080999492177
2017-08-07 18:45:00,4,293.46357995679676,293.63979872542086
2017-08-07 19:00:00,4,293.39268231786315,293.57374718305357
2017-08-07 19:15:00,4,293.3176254081607,293.500960377939
2017-08-07 19:30:00,4,293.23600319125984,293.42110146396135
2017-08-07 19:45:00,4,293.1486528139836,293.33545603392633
2017-08-07 20:00:00,4,293.05453568685164,293.2451794437636
2017-08-07 20:15:00,4,292.95313174471664,293.1478361538069
2017-08-07 20:30:00,4,292.8489112870101,293.04609726316335
2017-08-07 20:45:00,4,292.7459969933771,292.9448344409448
2017-08-07 21:00:00,4,292.64642071183675,292.84726152297884
2017-08-07 21:15:00,4,292.5562324252326,292.7555298727882
2017-08-07 21:30:00,4,292.4763848015989,292.6742480889116
2017-08-07 21:45:00,4,292.4047959721056,292.6031196581437
2017-08-07 22:00:00,4,292.33986909761825,292.5393901558336
2017-08-07 22:15:00,4,292.2805079008248,292.4807810286932
2017-08-07 22:30:00,4,292.22584079129143,292.42617311914887
2017-08-07 22:45:00,4,292.17487908270306,292.3749168932475
2017-08-07 23:00:00,4,292.1266000901593,292.32630256837444
2017-08-07 23:15:00,4,292.08019723172055,292.279582165173
2017-08-07 23:30:00,4,292.03520111043747,292.23425705037926
2017-08-07 23:45:00,4,291.9916140586241,292.1902610033564
2017-08-08 00:00:00,4,291.94965818264177,292.1477975440634
2017-08-08 00:15:00,4,291.90945519906353,292.10704837292053
2017-08-08 00:30:00,4,291.8710242805398,292.06808651229596
2017-08-08 00:45:00,4,291.8344796742805,292.03099818645416
2017-08-08 01:00:00,4,291.8000445767621,291.9959546026105
2017-08-08 01:15:00,4,291.767902518991,291.96313877489933
2017-08-08 01:30:00,4,291.73807359029735,291.93268595657537
2017-08-08 01:45:00,4,291.71029226572523,291.9043586269321
2017-08-08 02:00:00,4,291.6840935256933,291.87763982019146
2017-08-08 02:15:00,4,291.6590112924788,291.8520084636066
2017-08-08 02:30:00,4,291.634711351203,291.8271205601607
2017-08-08 02:45:00,4,291.611073121195,291.8028588313998
2017-08-08 03:00:00,4,291.5881176801284,291.7792587034993
2017-08-08 03:15:00,4,291.5658923327836,291.7563929454556
2017-08-08 03:30:00,4,291.54440987238786,291.7342864582302
2017-08-08 03:45:00,4,291.5236076777367,291.7128814061105
2017-08-08 04:00:00,4,291.5033705775825,291.69206184855426
2017-08-08 04:15:00,4,291.4835833170616,291.6717048560324
2017-08-08 04:30:00,4,291.4641679062933,291.6517328171122
2017-08-08 04:45:00,4,291.44513341915604,291.6321508099101
2017-08-08 05:00:00,4,291.4265571874657,291.6130310893736
2017-08-08 05:15:00,4,291.4085214333057,291.59446244866217
2017-08-08 05:30:00,4,291.39108367609884,291.57651787644954
2017-08-08 05:45:00,4,291.3747464652415,291.559840848265
2017-08-08 06:00:00,4,291.36145118041435,291.54595888309836
2017-08-08 06:15:00,4,291.35249544164645,291.53614138058754
2017-08-08 06:30:00,4,291.347784978044,291.5306640222688
2017-08-08 06:45:00,4,291.34695321033337,291.52914551828013
2017-08-08 07:00:00,4,291.3497604250389,291.53117566484013
2017-08-08 07:15:00,4,291.3563060754295,291.53684211112596
2017-08-08 07:30:00,4,291.3668049129447,291.54639218146286
2017-08-08 07:45:00,4,291.3812089649008,291.5598432883745
2017-08-08 08:00:00,4,291.39948704156285,291.57727391958406
2017-08-08 08:15:00,4,291.42258517191397,291.59944445425737
2017-08-08 08:30:00,4,291.4518718150244,291.6275838518273
2017-08-08 08:45:00,4,291.48813495869103,291.6627511724647
2017-08-08 09:00:00,4,291.53128846399983,291.7050356116255
2017-08-08 09:15:00,4,291.5803105444136,291.75352063417563
2017-08-08 09:30:00,4,291.6336550661969,291.8068415499204
2017-08-08 09:45:00,4,291.689246181506,291.86365221992315
2017-08-08 10:00:00,4,291.7470482832846,291.9211421267525
2017-08-08 10:15:00,4,291.8074620327903,291.97880012625313
2017-08-08 10:30:00,4,291.8746358108638,292.04205624571114
2017-08-08 10:45:00,4,291.949720493868,292.1128882754579
2017-08-08 11:00:00,4,292.0342239258096,292.1920445584697
2017-08-08 11:15:00,4,292.1297563847807,292.28054202628203
2017-08-08 11:30:00,4,292.2362763716555,292.38250273165676
2017-08-08 11:45:00,4,292.347511648847,292.49251526316976
2017-08-08 12:00:00,4,292.4600536964613,292.6044982614262
2017-08-08 12:15:00,4,292.57076898083216,292.7139402913666
2017-08-08 12:30:00,4,292.67644733401477,292.8178318612473
2017-08-08 12:45:00,4,292.77478639553345,292.91435408404516
2017-08-08 13:00:00,4,292.86524420981516,293.0031995028633
2017-08-08 13:15:00,4,292.94969928453935,293.0860576451701
2017-08-08 13:30:00,4,293.0316686118144,293.166393235195
2017-08-08 13:45:00,4,293.11559928064594,293.24866012909905
2017-08-08 14:00:00,4,293.2051176706673,293.33642058031313
2017-08-08 14:15:00,4,293.3005630897642,293.4303538994886
2017-08-08 14:30:00,4,293.399220492738,293.52778729379105
2017-08-08 14:45:00,4,293.49611664031823,293.62354689465803
2017-08-08 15:00:00,4,293.5857136171112,293.7118555550005
2017-08-08 15:15:00,4,293.66373772282066,293.78806755803083
2017-08-08 15:30:00,4,293.72772435066,293.84952708515414
2017-08-08 15:45:00,4,293.77631791247757,293.89567592857406
2017-08-08 16:00:00,4,293.80840561059733,293.9270916473004
2017-08-08 16:15:00,4,293.8245247853631,293.9438506946333
2017-08-08 16:30:00,4,293.8258288155404,293.9464378814641
2017-08-08 16:45:00,4,293.81338471758266,293.9357332541134
2017-08-08 17:00:00,4,293.7881092492527,293.91256978606145
2017-08-08 17:15:00,4,293.75065390180316,293.87763993513335
2017-08-08 17:30:00,4,293.7015728857314,293.8322942219954
2017-08-08 17:45:00,4,293.64172905209364,293.7785917943275
2017-08-08 18:00:00,4,293.5734434951209,293.71862775064375
2017-08-08 18:15:00,4,293.5010242905521,293.65394451902705
2017-08-08 18:30:00,4,293.4257949344243,293.58541766246634
2017-08-08 18:45:00,4,293.3479986550028,293.5138595385897
2017-08-08 19:00:00,4,293.2687389582963,293.4378951371056
2017-08-08 19:15:00,4,293.1869901335749,293.3574025546803
2017-08-08 19:30:00,4,293.1009027161646,293.27254987570547
2017-08-08 19:45:00,4,293.01003274546764,293.1831620145883
2017-08-08 20:00:00,4,292.90927467288964,293.08771589714854
2017-08-08 20:15:00,4,292.79787051252185,292.9816355488449
2017-08-08 20:30:00,4,292.67849975957336,292.86542839587156
2017-08-08 20:45:00,4,292.55537612137556,292.7446383383404
2017-08-08 21:00:00,4,292.4359685301758,292.62517178649193
2017-08-08 21:15:00,4,292.3309467876024,292.516638385337
2017-08-08 21:30:00,4,292.24022715507186,292.42447170431655
2017-08-08 21:45:00,4,292.1607571106842,292.3460534661918
2017-08-08 22:00:00,4,292.08863387499343,292.2755983419941
2017-08-08 22:15:00,4,292.0205454253319,292.2084657981677
2017-08-08 22:30:00,4,291.95421936738114,292.1422658028676
2017-08-08 22:45:00,4,291.8883279792127,292.07610637673946
2017-08-08 23:00:00,4,291.82218809934204,292.00965536618776
2017-08-08 23:15:00,4,291.7554901141597,291.94270094334036
2017-08-08 23:30:00,4,291.68817683144806,291.8751824553366
2017-08-08 23:45:00,4,291.62060948629846,291.80738836922865
2017-08-09 00:00:00,4,291.55340320093023,291.7398990310615
2017-08-09 00:15:00,4,291.48711159017785,291.67333524939096
2017-08-09 00:30:00,4,291.42254209676065,291.60867836270364
2017-08-09 00:45:00,4,291.3620264916074,291.5480681326939
2017-08-09 01:00:00,4,291.30882011194814,291.49450184665676
2017-08-09 01:15:00,4,291.26548065576225,291.45058098125537
2017-08-09 01:30:00,4,291.2329407306248,291.4172445771375
2017-08-09 01:45:00,4,291.2097150954528,291.39322851487765
2017-08-09 02:00:00,4,291.1929506332986,291.37572921872356
2017-08-09 02:15:00,4,291.1800419503736,291.3619138624679
2017-08-09 02:30:00,4,291.1689141093877,291.3495077946617
2017-08-09 02:45:00,4,291.15715432794775,291.33631202577175
2017-08-09 03:00:00,4,291.1422379641182,291.32008581560353
2017-08-09 03:15:00,4,291.12231730785084,291.2990144475837
2017-08-09 03:30:00,4,291.09686109986734,291.2726794314792
2017-08-09 03:45:00,4,291.06791695473663,291.24295877090407
2017-08-09 04:00:00,4,291.0391229886734,291.21333283712147
2017-08-09 04:15:00,4,291.0136894462772,291.1871733726106
2017-08-09 04:30:00,4,290.9935173653704,291.1664336706911
2017-08-09 04:45:00,4,290.97882520982404,291.1512944760589
2017-08-09 05:00:00,4,290.9687359122864,291.1407832246652
2017-08-09 05:15:00,4,290.9621972051789,291.13369252774174
2017-08-09 05:30:00,4,290.9583247338981,291.1290638508416
2017-08-09 05:45:00,4,290.95699061592364,291.1270916729049
2017-08-09 06:00:00,4,290.9621561326715,291.1319468736709
2017-08-09 06:15:00,4,290.98287152287156,291.15163518057614
2017-08-09 06:30:00,4,291.02488612606555,291.19210317859205
2017-08-09 06:45:00,4,291.0864643511622,291.252871454216
2017-08-09 07:00:00,4,291.160536316666,291.32785929674424
2017-08-09 07:15:00,4,291.2442704614286,291.4122271532179
2017-08-09 07:30:00,4,291.34233750474914,291.5072687706738
2017-08-09 07:45:00,4,291.4499667314922,291.6105759352347
2017-08-09 08:00:00,4,291.5628779450416,291.71680565069016
2017-08-09 08:15:00,4,291.67528007915746,291.8212586820905
2017-08-09 08:30:00,4,291.78225761993,291.92021371134535
2017-08-09 08:45:00,4,291.8856988775771,292.01294640487083
2017-08-09 09:00:00,4,291.98968863298165,292.1036045500851
2017-08-09 09:15:00,4,292.0947311236034,292.2006416247489
2017-08-09 09:30:00,4,292.2042209068499,292.30546314853405
2017-08-09 09:45:00,4,292.32129960821646,292.4190870754132
2017-08-09 10:00:00,4,292.4473038280045,292.5438726623124
2017-08-09 10:15:00,4,292.58731201240624,292.68297611942575
2017-08-09 10:30:00,4,292.74474316766623,292.83874701679554
2017-08-09 10:45:00,4,292.9183662709684,293.0105013378837
2017-08-09 11:00:00,4,293.1026049939189,293.1925969129196
2017-08-09 11:15:00,4,293.28786220303294,293.37549455224257
2017-08-09 11:30:00,4,293.4641799652627,293.5493452591824
2017-08-09 11:45:00,4,293.6252671556809,293.7076467900803
2017-08-09 12:00:00,4,293.7682918776581,293.847734341767
2017-08-09 12:15:00,4,293.891839541676,293.96898056678435
2017-08-09 12:30:00,4,293.9952288334328,294.0710618758709
2017-08-09 12:45:00,4,294.07790864110126,294.15365312288105
2017-08-09 13:00:00,4,294.14124875536595,294.21776603381164
2017-08-09 13:15:00,4,294.1888168686089,294.26624325975877
2017-08-09 13:30:00,4,294.22421204509203,294.30253846866054
2017-08-09 13:45:00,4,294.24993285764253,294.3293872631686
2017-08-09 14:00:00,4,294.26757234004026,294.3483711307199
2017-08-09 14:15:00,4,294.2778744535207,294.36003721620983
2017-08-09 14:30:00,4,294.28111710881143,294.36451683741916
2017-08-09 14:45:00,4,294.2780083639606,294.36225278588523
2017-08-09 15:00:00,4,294.2695237129698,294.35402996318527
2017-08-09 15:15:00,4,294.2562567326594,294.3405325942765
2017-08-09 15:30:00,4,294.23747302588,294.3220695059227
2017-08-09 15:45:00,4,294.21313225750964,294.2985641439783
2017-08-09 16:00:00,4,294.1832758744542,294.27014733320647
2017-08-09 16:15:00,4,294.14776716708263,294.236960933149
2017-08-09 16:30:00,4,294.10648359794186,294.1989007230137
2017-08-09 16:45:00,4,294.0594718714618,294.15571874946306
2017-08-09 17:00:00,4,294.0068541742581,294.1073124810998
2017-08-09 17:15:00,4,293.94852764422893,294.0538548153859
2017-08-09 17:30:00,4,293.8850680316127,293.9960578557602
2017-08-09 17:45:00,4,293.8178454711906,293.93496918227834
2017-08-09 18:00:00,4,293.7484021319296,293.87203620787943
2017-08-09 18:15:00,4,293.67848159610924,293.8079025392934
2017-08-09 18:30:00,4,293.6086358097906,293.7433757565796
2017-08-09 18:45:00,4,293.53859337600323,293.678566613814
2017-08-09 19:00:00,4,293.46864856203985,293.6130105353486
2017-08-09 19:15:00,4,293.39821534167834,293.5456346523533
2017-08-09 19:30:00,4,293.32542561821305,293.4740442620405
2017-08-09 19:45:00,4,293.24733064735267,293.3966181291643
2017-08-09 20:00:00,4,293.15989587295303,293.31332589456366
2017-08-09 20:15:00,4,293.06297911477145,293.22093395019954
2017-08-09 20:30:00,4,292.9592722700299,293.11954010832056
2017-08-09 20:45:00,4,292.85113769089804,293.0126475061716
2017-08-09 21:00:00,4,292.74033620284365,292.9035231716523
2017-08-09 21:15:00,4,292.62751712610515,292.7932948569216
2017-08-09 21:30:00,4,292.5195912989782,292.68310523924004
2017-08-09 21:45:00,4,292.4184290262356,292.57974149405527
2017-08-09 22:00:00,4,292.3233085949547,292.4848568310282
2017-08-09 22:15:00,4,292.2338433025888,292.39677487093593
2017-08-09 22:30:00,4,292.14951835845983,292.31348923410036
2017-08-09 22:45:00,4,292.06902044315393,292.2334268735299
2017-08-09 23:00:00,4,291.990644554328,292.1552127067598
2017-08-09 23:15:00,4,291.91301932056973,292.077651170694
2017-08-09 23:30:00,4,291.83540390655094,292.0001019788364
2017-08-09 23:45:00,4,291.7581848428337,291.92290070119174
2017-08-10 00:00:00,4,291.68249391473597,291.84713675603547
2017-08-10 00:15:00,4,291.60938773895276,291.7739633485862
2017-08-10 00:30:00,4,291.5393863208256,291.70394632576756
2017-08-10 00:45:00,4,291.4721020426433,291.636727959532
2017-08-10 01:00:00,4,291.40654881480685,291.5712962719142
2017-08-10 01:15:00,4,291.34178387502055,291.5066038848582
2017-08-10 01:30:00,4,291.2772880619428,291.4420786384886
2017-08-10 01:45:00,4,291.2131095367849,291.37775896845767
2017-08-10 02:00:00,4,291.14957799252545,291.31402796022803
2017-08-10 02:15:00,4,291.0869937607304,291.25127170398355
2017-08-10 02:30:00,4,291.0258640800805,291.19012947426046
2017-08-10 02:45:00,4,290.96790045169985,291.1321637571472
2017-08-10 03:00:00,4,290.9155637771107,291.0796466624557
2017-08-10 03:15:00,4,290.87080103611555,291.03457079177355
2017-08-10 03:30:00,4,290.8343311819288,290.99767125939286
2017-08-10 03:45:00,4,290.80511718194424,290.96810055113406
2017-08-10 04:00:00,4,290.78118152681685,290.94386941451273
2017-08-10 04:15:00,4,290.7607768908822,290.9230197754671
2017-08-10 04:30:00,4,290.7428660513416,290.90445983375946
2017-08-10 04:45:00,4,290.7273072099637,290.88807627547186
2017-08-10 05:00:00,4,290.7144991644052,290.874309288202
2017-08-10 05:15:00,4,290.7048894789606,290.8636455528323
2017-08-10 05:30:00,4,290.69839995784037,290.8559377090129
2017-08-10 05:45:00,4,290.6940252371991,290.8505577914315
2017-08-10 06:00:00,4,290.69278512578546,290.8485155338547
2017-08-10 06:15:00,4,290.6987466281179,290.85313261148286
2017-08-10 06:30:00,4,290.71539297234534,290.8680202361208
2017-08-10 06:45:00,4,290.74493652966675,290.8957956832334
2017-08-10 07:00:00,4,290.78869207825363,290.9378297022606
2017-08-10 07:15:00,4,290.8460412588056,290.99390964082363
2017-08-10 07:30:00,4,290.91539951546457,291.06244945397896
2017-08-10 07:45:00,4,290.99347259887986,291.1398819980352
2017-08-10 08:00:00,4,291.07635902727435,291.22302393523364
2017-08-10 08:15:00,4,291.1631355668272,291.30995295819525
2017-08-10 08:30:00,4,291.26475528647893,291.4079768717054
2017-08-10 08:45:00,4,291.38719133876697,291.52381524834516
2017-08-10 09:00:00,4,291.5286744921105,291.6574518006432
2017-08-10 09:15:00,4,291.6827496383875,291.80026644628754
2017-08-10 09:30:00,4,291.8443111356766,291.9474927255184
2017-08-10 09:45:00,4,292.01354625787883,292.0966194332817
2017-08-10 10:00:00,4,292.17988341548056,292.253391611451
2017-08-10 10:15:00,4,292.3371397098297,292.4102490404962
2017-08-10 10:30:00,4,292.48656776713295,292.56003221962203
2017-08-10 10:45:00,4,292.6277062303898,292.69978726644354
2017-08-10 11:00:00,4,292.7604628682454,292.83038188955504
2017-08-10 11:15:00,4,292.8888983960043,292.9564980289907
2017-08-10 11:30:00,4,293.0182823619752,293.08372594156674
2017-08-10 11:45:00,4,293.14964893748555,293.21377790726984
2017-08-10 12:00:00,4,293.27931389177866,293.34320855549583
2017-08-10 12:15:00,4,293.40022091514044,293.46505672070117
2017-08-10 12:30:00,4,293.5056614450735,293.5723765067669
2017-08-10 12:45:00,4,293.59259097584146,293.66111066901453
2017-08-10 13:00:00,4,293.6628233845905,293.73239612748966
2017-08-10 13:15:00,4,293.7206419775367,293.7904698886068
2017-08-10 13:30:00,4,293.7695644743382,293.83939778157486
2017-08-10 13:45:00,4,293.8118291633285,293.88171583651365
2017-08-10 14:00:00,4,293.84876327725755,293.91865004967906
2017-08-10 14:15:00,4,293.8808623319062,293.95063733851543
2017-08-10 14:30:00,4,293.90826673680857,293.9779178660735
2017-08-10 14:45:00,4,293.93155592928815,294.0010511885778
2017-08-10 15:00:00,4,293.9514982504174,294.0208049836378
2017-08-10 15:15:00,4,293.96832846460245,294.0376329699367
2017-08-10 15:30:00,4,293.981639270063,294.05135227142716
2017-08-10 15:45:00,4,293.9902360429483,294.061207992389
2017-08-10 16:00:00,4,293.9926463030791,294.06579278905707
2017-08-10 16:15:00,4,293.9876517731668,294.0635561794082
2017-08-10 16:30:00,4,293.9743742561125,294.0533208490382
2017-08-10 16:45:00,4,293.9524523611432,294.03485927740496
2017-08-10 17:00:00,4,293.9221538030843,294.0083702319074
2017-08-10 17:15:00,4,293.88391244299976,293.9741207705177
2017-08-10 17:30:00,4,293.8381807937811,293.93242536050855
2017-08-10 17:45:00,4,293.78630092950345,293.8848143787346
2017-08-10 18:00:00,4,293.7302434900043,293.83357073233424
2017-08-10 18:15:00,4,293.6719664617672,293.78031325353396
2017-08-10 18:30:00,4,293.6122615673669,293.72544704454776
2017-08-10 18:45:00,4,293.55077603018856,293.66858098678983
2017-08-10 19:00:00,4,293.48781943381744,293.60919981806074
2017-08-10 19:15:00,4,293.4238840111832,293.5470524307932
2017-08-10 19:30:00,4,293.3576787646651,293.4828233507389
2017-08-10 19:45:00,4,293.2872989479157,293.4145771615565
2017-08-10 20:00:00,4,293.21082645885383,293.3395656548959
2017-08-10 20:15:00,4,293.1236577834857,293.2565175784669
2017-08-10 20:30:00,4,293.02893871043995,293.16514539624455
2017-08-10 20:45:00,4,292.928648075211,293.06685412755377
2017-08-10 21:00:00,4,292.8251889029531,292.9648226672177
2017-08-10 21:15:00,4,292.720374519079,292.8617512717478
2017-08-10 21:30:00,4,292.61498206112884,292.75898363545195
2017-08-10 21:45:00,4,292.51098982709027,292.65685447446504
2017-08-10 22:00:00,4,292.4156395055354,292.5591270967641
2017-08-10 22:15:00,4,292.3288488868121,292.47052701266966
2017-08-10 22:30:00,4,292.2490644711594,292.390931241008
2017-08-10 22:45:00,4,292.1746441148164,292.31752841438333
2017-08-10 23:00:00,4,292.1039904671732,292.24763897733794
2017-08-10 23:15:00,4,292.0358200485958,292.17973406411187
2017-08-10 23:30:00,4,291.9695721414253,292.113533285399
2017-08-10 23:45:00,4,291.9062929512008,292.050116575969
2017-08-11 00:00:00,4,291.8480142021393,291.9914227282767
2017-08-11 00:15:00,4,291.79636891781206,291.9392339051422
2017-08-11 00:30:00,4,291.7521104598384,291.89440730378544
2017-08-11 00:45:00,4,291.71493478035904,291.8566677195525
2017-08-11 01:00:00,4,291.6838748515011,291.82501617464
2017-08-11 01:15:00,4,291.65789398614544,291.79840485579024
2017-08-11 01:30:00,4,291.6360535124872,291.77582055482134
2017-08-11 01:45:00,4,291.61730658130915,291.756227033622
2017-08-11 02:00:00,4,291.6005746324256,291.7386161528003
2017-08-11 02:15:00,4,291.5850006433272,291.7221539924318
2017-08-11 02:30:00,4,291.5700357585629,291.70629279839005
2017-08-11 02:45:00,4,291.5554151692505,291.69077266654256
2017-08-11 03:00:00,4,291.5410473806747,291.6755220795717
2017-08-11 03:15:00,4,291.52690903122385,291.6605408567577
2017-08-11 03:30:00,4,291.5129949502932,291.6458352060079
2017-08-11 03:45:00,4,291.49930139108966,291.6313997170976
2017-08-11 04:00:00,4,291.48582210764505,291.61722166472634
2017-08-11 04:15:00,4,291.47254835580065,291.60328834336235
2017-08-11 04:30:00,4,291.45946975324466,291.5895864754791
2017-08-11 04:45:00,4,291.4465751059039,291.57610240957456
2017-08-11 05:00:00,4,291.4338530128151,291.56282248671437
2017-08-11 05:15:00,4,291.4212922621074,291.54973336709173
2017-08-11 05:30:00,4,291.4088932989831,291.5368469252379
2017-08-11 05:45:00,4,291.39722914598815,291.52491259979973
2017-08-11 06:00:00,4,291.3895385779584,291.51706398096775
2017-08-11 06:15:00,4,291.3917255919054,291.51856950097016
2017-08-11 06:30:00,4,291.40786332631825,291.5335023363341
2017-08-11 06:45:00,4,291.437818926887,291.5623942054384
2017-08-11 07:00:00,4,291.4788681992033,291.6027646808799
2017-08-11 07:15:00,4,291.5268120831723,291.6504402630907
2017-08-11 07:30:00,4,291.57757639399296,291.7013877632032
2017-08-11 07:45:00,4,291.6280397620303,291.7524234226438
2017-08-11 08:00:00,4,291.6792196285895,291.80322072144764
2017-08-11 08:15:00,4,291.7350327965901,291.85744403178455
2017-08-11 08:30:00,4,291.8006246795811,291.9208163203031
2017-08-11 08:45:00,4,291.8829199895953,291.99716415359666
2017-08-11 09:00:00,4,291.98774864229847,292.0918817245857
2017-08-11 09:15:00,4,292.11508538937557,292.20519205068905
2017-08-11 09:30:00,4,292.2622654199088,292.3380302448634
2017-08-11 09:45:00,4,292.41527551432426,292.4864910679122
2017-08-11 10:00:00,4,292.5668610352125,292.63773755409704
2017-08-11 10:15:00,4,292.7124620499721,292.7820578703035
2017-08-11 10:30:00,4,292.849612472534,292.9161642048703
2017-08-11 10:45:00,4,292.97927900405017,293.0419389933481
2017-08-11 11:00:00,4,293.10447907764575,293.16348460219876
2017-08-11 11:15:00,4,293.22818282116043,293.2846825269011
2017-08-11 11:30:00,4,293.3521842587593,293.4073954545299
2017-08-11 11:45:00,4,293.4750142636638,293.53028356603335
2017-08-11 12:00:00,4,293.5936669320897,293.64949091503814
2017-08-11 12:15:00,4,293.7040182292889,293.7604441222801
2017-08-11 12:30:00,4,293.80260839451853,293.85953038862124
2017-08-11 12:45:00,4,293.88767520243726,293.9450931642711
2017-08-11 13:00:00,4,293.95985695540924,294.01783051400497
2017-08-11 13:15:00,4,294.02177519341535,294.08021511966524
2017-08-11 13:30:00,4,294.0762934046188,294.1351434019868
2017-08-11 13:45:00,4,294.1256312223686,294.1849767543226
2017-08-11 14:00:00,4,294.17120904499143,294.2310853603413
2017-08-11 14:15:00,4,294.2131126742685,294.2735744405897
2017-08-11 14:30:00,4,294.25031760219167,294.31143518259563
2017-08-11 14:45:00,4,294.28117458906314,294.3430186513183
2017-08-11 15:00:00,4,294.3040802403445,294.3667098540371
2017-08-11 15:15:00,4,294.31806223664,294.38151242952125
2017-08-11 15:30:00,4,294.32313836770516,294.38747750841594
2017-08-11 15:45:00,4,294.32058274492636,294.3857984668312
2017-08-11 16:00:00,4,294.31205808843356,294.3781821887752
2017-08-11 16:15:00,4,294.2987310158404,294.36600326919347
2017-08-11 16:30:00,4,294.2809740125291,294.34970420153996
2017-08-11 16:45:00,4,294.25818362555714,294.3286495826405
2017-08-11 17:00:00,4,294.22922876378607,294.3019785174
2017-08-11 17:15:00,4,294.1929816179215,294.26854229685233
2017-08-11 17:30:00,4,294.1486415067981,294.22723494252165
2017-08-11 17:45:00,4,294.09596029851093,294.17818871737643
2017-08-11 18:00:00,4,294.0353111303174,294.12203087738607
2017-08-11 18:15:00,4,293.9672482431241,294.05937431234537
2017-08-11 18:30:00,4,293.89352155824025,293.9909183536467
2017-08-11 18:45:00,4,293.81573824322055,293.9179322977304
2017-08-11 19:00:00,4,293.7341635763858,293.84098191073804
2017-08-11 19:15:00,4,293.6494414722013,293.7603683077483
2017-08-11 19:30:00,4,293.5622364661908,293.6750037302524
2017-08-11 19:45:00,4,293.4704120961408,293.58410482047475
2017-08-11 20:00:00,4,293.3715678068667,293.4893642296283
2017-08-11 20:15:00,4,293.26185423754157,293.3846483589978
2017-08-11 20:30:00,4,293.14443545450547,293.2705250213302
2017-08-11 20:45:00,4,293.0246756845698,293.15271000970836
2017-08-11 21:00:00,4,292.90729007199764,293.037295815465
2017-08-11 21:15:00,4,292.7949900824431,292.92787750349015
2017-08-11 21:30:00,4,292.6948592502232,292.8242723461483
2017-08-11 21:45:00,4,292.6089995433956,292.7357426157415
2017-08-11 22:00:00,4,292.5352509723802,292.6623963190376
2017-08-11 22:15:00,4,292.47187211109696,292.60041139664673
2017-08-11 22:30:00,4,292.41746670310914,292.5466097576884
2017-08-11 22:45:00,4,292.3704100417745,292.49922266547475
2017-08-11 23:00:00,4,292.3289655264669,292.45706603990425
2017-08-11 23:15:00,4,292.2917117819613,292.41904399183863
2017-08-11 23:30:00,4,292.2576526256321,292.38419530337376
2017-08-11 23:45:00,4,292.2261694450827,292.35185293907875
2017-08-12 00:00:00,4,292.19689711727585,292.32164382094186
2017-08-12 00:15:00,4,292.16959173508974,292.29335880787727
2017-08-12 00:30:00,4,292.1439930513211,292.2667599643647
2017-08-12 00:45:00,4,292.11961163180143,292.2414931733921
2017-08-12 01:00:00,4,292.0958424441165,292.21699213022265
2017-08-12 01:15:00,4,292.07220351828266,292.19269763578734
2017-08-12 01:30:00,4,292.04841721765376,292.16828006081994
2017-08-12 01:45:00,4,292.0244374924705,292.1436809571812
2017-08-12 02:00:00,4,292.0003543475678,292.1190027321526
2017-08-12 02:15:00,4,291.9762694417191,292.0943743522197
2017-08-12 02:30:00,4,291.9522899953688,292.06992223813626
2017-08-12 02:45:00,4,291.92862872478145,292.0458279559834
2017-08-12 03:00:00,4,291.90554053832267,292.0223121437558
2017-08-12 03:15:00,4,291.88320857728985,291.9995554019365
2017-08-12 03:30:00,4,291.8617009805134,291.9776227366881
2017-08-12 03:45:00,4,291.84091576513197,291.95641945205875
2017-08-12 04:00:00,4,291.82061874801525,291.93572462887295
2017-08-12 04:15:00,4,291.8005576207645,291.9152810388452
2017-08-12 04:30:00,4,291.78050005917754,291.8948388246988
2017-08-12 04:45:00,4,291.76019704740617,291.8741617135151
2017-08-12 05:00:00,4,291.73942276587144,291.85305072031144
2017-08-12 05:15:00,4,291.71801767555826,291.83136567808106
2017-08-12 05:30:00,4,291.6959780748741,291.8091530944662
2017-08-12 05:45:00,4,291.67417773586584,291.78739236470483
2017-08-12 06:00:00,4,291.6561323387869,291.76946661842777
2017-08-12 06:15:00,4,291.6480649926651,291.7609637938148
2017-08-12 06:30:00,4,291.6545282464194,291.766324976874
2017-08-12 06:45:00,4,291.67538114887356,291.7860967306977
2017-08-12 07:00:00,4,291.707269563036,291.8170010155801
2017-08-12 07:15:00,4,291.74469651235063,291.85361952881124
2017-08-12 07:30:00,4,291.7825502051197,291.8908758169999
2017-08-12 07:45:00,4,291.8178633251532,291.92549150821526
2017-08-12 08:00:00,4,291.8497160911531,291.9563704102277
2017-08-12 08:15:00,4,291.8793676780449,291.9847259762334
2017-08-12 08:30:00,4,291.9091019273768,292.0129360350481
2017-08-12 08:45:00,4,291.9404959053757,292.04295981758406
2017-08-12 09:00:00,4,291.97410159285397,292.07576766211326
2017-08-12 09:15:00,4,292.0097336887166,292.11179772961714
2017-08-12 09:30:00,4,292.0477499971319,292.15054814597806
2017-08-12 09:45:00,4,292.08937180930536,292.19143867068175
2017-08-12 10:00:00,4,292.1386644043476,292.23724215369487
2017-08-12 10:15:00,4,292.19688733086076,292.29062597541446
2017-08-12 10:30:00,4,292.2635629377209,292.3528493468964
2017-08-12 10:45:00,4,292.3407213726699,292.42440394782267
2017-08-12 11:00:00,4,292.4313462975944,292.50813106259744
2017-08-12 11:15:00,4,292.5329988509011,292.6078336092768
2017-08-12 11:30:00,4,292.6466084230599,292.7218638113778
2017-08-12 11:45:00,4,292.77165196951665,292.8469791759491
2017-08-12 12:00:00,4,292.9041235335733,292.9785911001269
2017-08-12 12:15:00,4,293.03715902966195,293.11034743502705
2017-08-12 12:30:00,4,293.1632805592378,293.23509076285563
2017-08-12 12:45:00,4,293.2762453126531,293.3466668625089
2017-08-12 13:00:00,4,293.37277900790514,293.4417730257265
2017-08-12 13:15:00,4,293.45317976306166,293.5205067494278
2017-08-12 13:30:00,4,293.51998436356695,293.58553265778517
2017-08-12 13:45:00,4,293.57723940573345,293.6410698743
2017-08-12 14:00:00,4,293.62945981178547,293.69173168400715
2017-08-12 14:15:00,4,293.6803069346129,293.74137729688937
2017-08-12 14:30:00,4,293.7316308689694,293.7918742312473
2017-08-12 14:45:00,4,293.7821821480189,293.84217514917
2017-08-12 15:00:00,4,293.82868043945354,293.88901633117877
2017-08-12 15:15:00,4,293.8678039292402,293.92869687114745
2017-08-12 15:30:00,4,293.8973692002021,293.95867261855443
2017-08-12 15:45:00,4,293.9167575447507,293.9780884912006
2017-08-12 16:00:00,4,293.9263653146532,293.98725940999185
2017-08-12 16:15:00,4,293.92638607761444,293.98687061847795
2017-08-12 16:30:00,4,293.9165539604361,293.9776623393683
2017-08-12 16:45:00,4,293.8975258040856,293.959428196122
2017-08-12 17:00:00,4,293.86869141224696,293.9323882234339
2017-08-12 17:15:00,4,293.8298998850746,293.8966570262281
2017-08-12 17:30:00,4,293.7817817598519,293.85249551807715
2017-08-12 17:45:00,4,293.7255303968884,293.80156639976764
2017-08-12 18:00:00,4,293.66336873712356,293.74595329523345
2017-08-12 18:15:00,4,293.5980703170791,293.6871308523623
2017-08-12 18:30:00,4,293.53091840262465,293.6256299977482
2017-08-12 18:45:00,4,293.46164184529925,293.56141461383834
2017-08-12 19:00:00,4,293.389854502324,293.4920717198477
2017-08-12 19:15:00,4,293.3125402961405,293.4162113728963
2017-08-12 19:30:00,4,293.2286625935876,293.3338106844607
2017-08-12 19:45:00,4,293.13862405624195,293.2457124512441
2017-08-12 20:00:00,4,293.0382902982677,293.1501466237771
2017-08-12 20:15:00,4,292.92951027201354,293.046022692639
2017-08-12 20:30:00,4,292.8168477205585,292.9365795639166
2017-08-12 20:45:00,4,292.7036477463699,292.8257361572318
2017-08-12 21:00:00,4,292.5979967488496,292.7173258650714
2017-08-12 21:15:00,4,292.5002893980946,292.6176462945713
2017-08-12 21:30:00,4,292.40878740022816,292.52708233407265
2017-08-12 21:45:00,4,292.32393545729207,292.4441164218901
2017-08-12 22:00:00,4,292.2475575669712,292.36879447745565
2017-08-12 22:15:00,4,292.18113673865355,292.3024960164977
2017-08-12 22:30:00,4,292.12512049499986,292.246143174049
2017-08-12 22:45:00,4,292.07841592755204,292.1990411951608
2017-08-12 23:00:00,4,292.03901490693977,292.1592697481519
2017-08-12 23:15:00,4,292.00503567555614,292.12477350918533
2017-08-12 23:30:00,4,291.9749644225178,292.09390012061414
2017-08-12 23:45:00,4,291.94729476723836,292.0652649781524
2017-08-13 00:00:00,4,291.92061762012855,292.03763719401394
2017-08-13 00:15:00,4,291.89391569349715,292.0100485565842
2017-08-13 00:30:00,4,291.866681629266,291.9820072022762
2017-08-13 00:45:00,4,291.83907354139984,291.9536177637945
2017-08-13 01:00:00,4,291.8116066896712,291.92536432166577
2017-08-13 01:15:00,4,291.7847339661677,291.8978266619051
2017-08-13 01:30:00,4,291.7587078525655,291.87127318482834
2017-08-13 01:45:00,4,291.73355624481445,291.8456569072523
2017-08-13 02:00:00,4,291.70915106098977,291.8207927066978
2017-08-13 02:15:00,4,291.6853074160035,291.7964842135659
2017-08-13 02:30:00,4,291.6619009608252,291.7726280586748
2017-08-13 02:45:00,4,291.63906231328133,291.7493331758667
2017-08-13 03:00:00,4,291.6171156848017,291.7268956156245
2017-08-13 03:15:00,4,291.5963612427561,291.7056332623137
2017-08-13 03:30:00,4,291.5769405685546,291.6857110449203
2017-08-13 03:45:00,4,291.55875953494836,291.66705715727886
2017-08-13 04:00:00,4,291.54157535565037,291.64943144880687
2017-08-13 04:15:00,4,291.5251421507208,291.6325651533996
2017-08-13 04:30:00,4,291.5092825361063,291.6162673933072
2017-08-13 04:45:00,4,291.4939241812676,291.60046180935257
2017-08-13 05:00:00,4,291.47906286707035,291.5851494676121
2017-08-13 05:15:00,4,291.46470043904094,291.5703457947623
2017-08-13 05:30:00,4,291.4508169682039,291.5560471624913
2017-08-13 05:45:00,4,291.43782055954665,291.5428175579932
2017-08-13 06:00:00,4,291.42911613454504,291.53414766974953
2017-08-13 06:15:00,4,291.4330001664211,291.53726840250295
2017-08-13 06:30:00,4,291.4560403987242,291.558459454491
2017-08-13 06:45:00,4,291.4977024595965,291.59872431739353
2017-08-13 07:00:00,4,291.5524232401664,291.653210114861
2017-08-13 07:15:00,4,291.611993450059,291.71336239847926
2017-08-13 07:30:00,4,291.6773490736262,291.77774120818316
2017-08-13 07:45:00,4,291.7437651636154,291.8427085239513
2017-08-13 08:00:00,4,291.80776630490936,291.9053083230992
2017-08-13 08:15:00,4,291.8703159970938,291.96562483917745
2017-08-13 08:30:00,4,291.93322423508965,292.0255884507027
2017-08-13 08:45:00,4,291.9979548863412,292.0851223069066
2017-08-13 09:00:00,4,292.0658547707051,292.1465465095343
2017-08-13 09:15:00,4,292.1385119127728,292.21267365073015
2017-08-13 09:30:00,4,292.2211075207994,292.2874070122972
2017-08-13 09:45:00,4,292.32099248566686,292.375927813021
2017-08-13 10:00:00,4,292.43764425437206,292.486893183785
2017-08-13 10:15:00,4,292.5692528390893,292.6181598063231
2017-08-13 10:30:00,4,292.7133630614876,292.7628669446091
2017-08-13 10:45:00,4,292.86525519575696,292.91421001311755
2017-08-13 11:00:00,4,293.0205001747977,293.06731140690067
2017-08-13 11:15:00,4,293.1751598343331,293.21876374428865
2017-08-13 11:30:00,4,293.325723506223,293.3656786852075
2017-08-13 11:45:00,4,293.46871493712746,293.5055795205063
2017-08-13 12:00:00,4,293.6010464538519,293.635777048225
2017-08-13 12:15:00,4,293.72029802137007,293.7538166252322
2017-08-13 12:30:00,4,293.8244888131269,293.857823758762
2017-08-13 12:45:00,4,293.91281253065335,293.94696880805736
2017-08-13 13:00:00,4,293.9868745604516,294.02200881850735
2017-08-13 13:15:00,4,294.048858401814,294.0848025703728
2017-08-13 13:30:00,4,294.1009175869298,294.13763345795843
2017-08-13 13:45:00,4,294.1458355504142,294.1832523030677
2017-08-13 14:00:00,4,294.1866873956633,294.2246264594631
2017-08-13 14:15:00,4,294.2257954258549,294.2642173499648
2017-08-13 14:30:00,4,294.2641953165494,294.3031871322452
2017-08-13 14:45:00,4,294.3012120021834,294.34100945383943
2017-08-13 15:00:00,4,294.33522487461687,294.3760750156755
2017-08-13 15:15:00,4,294.3647835515663,294.4066794845715
2017-08-13 15:30:00,4,294.3886098903739,294.43133934282093
2017-08-13 15:45:00,4,294.4050901707648,294.4484931010396
2017-08-13 16:00:00,4,294.41244262217896,294.45641276718334
2017-08-13 16:15:00,4,294.40913026091687,294.45343737349697
2017-08-13 16:30:00,4,294.3944124426278,294.43854272951785
2017-08-13 16:45:00,4,294.36784229088613,294.41184777338543
2017-08-13 17:00:00,4,294.32967776912704,294.3744711204219
2017-08-13 17:15:00,4,294.2811316543648,294.32780152863546
2017-08-13 17:30:00,4,294.222885723076,294.27321507492445
2017-08-13 17:45:00,4,294.1558853636721,294.2119391991294
2017-08-13 18:00:00,4,294.08189215380685,294.14530603999367
2017-08-13 18:15:00,4,294.0032757603046,294.07423062441626
2017-08-13 18:30:00,4,293.9214100489741,293.9992391656131
2017-08-13 18:45:00,4,293.8361419131928,293.9202274713448
2017-08-13 19:00:00,4,293.7475274923819,293.8370231156407
2017-08-13 19:15:00,4,293.6553329476522,293.74727958952104
2017-08-13 19:30:00,4,293.5563486534576,293.64977578453073
2017-08-13 19:45:00,4,293.450168864154,293.5452732472417
2017-08-13 20:00:00,4,293.33133766862363,293.43194638188106
2017-08-13 20:15:00,4,293.20124932340127,293.3073843751269
2017-08-13 20:30:00,4,293.0667780424035,293.1763639336041
2017-08-13 20:45:00,4,292.93390695941275,293.04644620702163
2017-08-13 21:00:00,4,292.8088922953424,292.9232621715413
2017-08-13 21:15:00,4,292.7021544922,292.8132671818815
2017-08-13 21:30:00,4,292.61292991309887,292.7219870430238
2017-08-13 21:45:00,4,292.5378343729565,292.6474451851965
2017-08-13 22:00:00,4,292.473445396812,292.58443417585704
2017-08-13 22:15:00,4,292.4170527730823,292.52875965279543
2017-08-13 22:30:00,4,292.3667508066652,292.4782892140471
2017-08-13 22:45:00,4,292.3212219467981,292.4321172243967
2017-08-13 23:00:00,4,292.2795344707371,292.38967132439706
2017-08-13 23:15:00,4,292.24101992363893,292.35038928187697
2017-08-13 23:30:00,4,292.20520719205547,292.31378165712977
2017-08-13 23:45:00,4,292.17182390905316,292.27954151933216
2017-08-14 00:00:00,4,292.14073119183956,292.24752786244903
2017-08-14 00:15:00,4,292.11181520792496,292.2176613649999
2017-08-14 00:30:00,4,292.08493244524834,292.18982982975956
2017-08-14 00:45:00,4,292.05989700681005,292.16386260057436
2017-08-14 01:00:00,4,292.0365045289461,292.1396307175512
2017-08-14 01:15:00,4,292.014562417246,292.11692775316936
2017-08-14 01:30:00,4,291.99387437222265,292.0954925531175
2017-08-14 01:45:00,4,291.97415602842756,292.0750283534787
2017-08-14 02:00:00,4,291.95505809657294,292.0552061605439
2017-08-14 02:15:00,4,291.93624583154013,292.0356957259671
2017-08-14 02:30:00,4,291.91742994829355,292.0162118541623
2017-08-14 02:45:00,4,291.8984243928993,291.9965691308771
2017-08-14 03:00:00,4,291.87916964311404,291.97669898939273
2017-08-14 03:15:00,4,291.85966874237613,291.95660669030707
2017-08-14 03:30:00,4,291.83987743731336,291.93625711978507
2017-08-14 03:45:00,4,291.8195950528931,291.91548341260085
2017-08-14 04:00:00,4,291.7985536402362,291.8940408166682
2017-08-14 04:15:00,4,291.776561294618,291.87172909978284
2017-08-14 04:30:00,4,291.7535947004158,291.8485353766297
2017-08-14 04:45:00,4,291.7299529191176,291.8247249202423
2017-08-14 05:00:00,4,291.7061054654697,291.80073083028446
2017-08-14 05:15:00,4,291.6824440281779,291.7769535104464
2017-08-14 05:30:00,4,291.6592411369101,291.7536827974552
2017-08-14 05:45:00,4,291.63715979644195,291.7317018607972
2017-08-14 06:00:00,4,291.6192114253443,291.71397105421727
2017-08-14 06:15:00,4,291.6113533705199,291.7057382620617
2017-08-14 06:30:00,4,291.61798231956004,291.71127042378237
2017-08-14 06:45:00,4,291.63909195385395,291.73131774624557
2017-08-14 07:00:00,4,291.67278118183,291.7645566092282
2017-08-14 07:15:00,4,291.7179745652653,291.8097338949372
2017-08-14 07:30:00,4,291.77240038550775,291.86529387591037
2017-08-14 07:45:00,4,291.83851674801303,291.9317702424766
2017-08-14 08:00:00,4,291.9210798983587,292.01215007785936
2017-08-14 08:15:00,4,292.0159620053302,292.10396108840666
2017-08-14 08:30:00,4,292.1161674356689,292.20016034256264
2017-08-14 08:45:00,4,292.2167326660697,292.29300652711714
2017-08-14 09:00:00,4,292.31512997522253,292.38169813380284
2017-08-14 09:15:00,4,292.41364771805854,292.46862366729243
2017-08-14 09:30:00,4,292.51354523555557,292.5602097156107
2017-08-14 09:45:00,4,292.61386713383854,292.6554627446006
2017-08-14 10:00:00,4,292.7153156852462,292.75366209345117
2017-08-14 10:15:00,4,292.81612681646845,292.85357129399193
2017-08-14 10:30:00,4,292.9162178707077,292.9535040678601
2017-08-14 10:45:00,4,293.0158058210868,293.052617223932
2017-08-14 11:00:00,4,293.11565617481057,293.1511277696359
2017-08-14 11:15:00,4,293.215984206523,293.24975379498414
2017-08-14 11:30:00,4,293.31642331988104,293.3491146171921
2017-08-14 11:45:00,4,293.41706502816874,293.44974647714594
2017-08-14 12:00:00,4,293.51841487277443,293.55230877418086
2017-08-14 12:15:00,4,293.6220470911771,293.6571771387265
2017-08-14 12:30:00,4,293.72711025866414,293.76301915807295
2017-08-14 12:45:00,4,293.8290641986127,293.86569219450735
2017-08-14 13:00:00,4,293.9225835771825,293.96003360765053
2017-08-14 13:15:00,4,294.00468843298694,294.0424988643062
2017-08-14 13:30:00,4,294.0750167541233,294.1127152973936
2017-08-14 13:45:00,4,294.13670298336467,294.1738828835067
2017-08-14 14:00:00,4,294.1945720476736,294.23097874664364
2017-08-14 14:15:00,4,294.2521264677282,294.288074641097
2017-08-14 14:30:00,4,294.31029591539436,294.3462632551692
2017-08-14 14:45:00,4,294.3664141741541,294.4029130416606
2017-08-14 15:00:00,4,294.4157372329025,294.4530310373856
2017-08-14 15:15:00,4,294.4534347008465,294.4913711979618
2017-08-14 15:30:00,4,294.47608860609483,294.5144236549841
2017-08-14 15:45:00,4,294.4831197483544,294.52157146273976
2017-08-14 16:00:00,4,294.47607228826723,294.51443393093336
2017-08-14 16:15:00,4,294.45677088710755,294.49525160596465
2017-08-14 16:30:00,4,294.4266278412615,294.46572380132494
2017-08-14 16:45:00,4,294.3868481110547,294.4267735504737
2017-08-14 17:00:00,4,294.33850296620665,294.3792660837392
2017-08-14 17:15:00,4,294.28236443608785,294.32428931449454
2017-08-14 17:30:00,4,294.21908084192813,294.2631229923757
2017-08-14 17:45:00,4,294.14942055246445,294.1967705264615
2017-08-14 18:00:00,4,294.0732865771416,294.1265052978151
2017-08-14 18:15:00,4,293.99250061776354,294.0527932059212
2017-08-14 18:30:00,4,293.90861517154264,293.9754599280569
2017-08-14 18:45:00,4,293.8219806382999,293.8949036215401
2017-08-14 19:00:00,4,293.73249909484423,293.8085733719302
2017-08-14 19:15:00,4,293.6370212865906,293.7150901443463
2017-08-14 19:30:00,4,293.53476022285486,293.6145488660498
2017-08-14 19:45:00,4,293.42612898121104,293.5079422338715
2017-08-14 20:00:00,4,293.30935878076065,293.39630713751137
2017-08-14 20:15:00,4,293.1872365952116,293.2795782789303
2017-08-14 20:30:00,4,293.0649795450847,293.1613492247966
2017-08-14 20:45:00,4,292.9459841897713,293.04567792697276
2017-08-14 21:00:00,4,292.83876259343145,292.9358343776926
2017-08-14 21:15:00,4,292.74440222158574,292.8392024589325
2017-08-14 21:30:00,4,292.6606087768063,292.756039028313
2017-08-14 21:45:00,4,292.5857942644002,292.68300150372477
2017-08-14 22:00:00,4,292.5189572876564,292.61734578398267
2017-08-14 22:15:00,4,292.45932666671166,292.55796306815387
2017-08-14 22:30:00,4,292.40605010600405,292.5043672534522
2017-08-14 22:45:00,4,292.35771568384,292.45559859426385
2017-08-14 23:00:00,4,292.312652270772,292.41017069099047
2017-08-14 23:15:00,4,292.26951531167043,292.36665622346726
2017-08-14 23:30:00,4,292.2275964564816,292.32430952802605
2017-08-14 23:45:00,4,292.18719341190564,292.2833704570812
2017-08-15 00:00:00,4,292.1492077061356,292.24472133463763
2017-08-15 00:15:00,4,292.11443876923164,292.20924541866896
2017-08-15 00:30:00,4,292.0831744193024,292.17723640487657
2017-08-15 00:45:00,4,292.05476317739414,292.14810072183457
2017-08-15 01:00:00,4,292.0280024069668,292.12076368195676
2017-08-15 01:15:00,4,292.0018165805152,292.09408225824023
2017-08-15 01:30:00,4,291.9756344284372,292.0674350989563
2017-08-15 01:45:00,4,291.9498153488098,292.04110397835285
2017-08-15 02:00:00,4,291.92529878622884,292.01599075799265
2017-08-15 02:15:00,4,291.9029320788629,291.9930156575623
2017-08-15 02:30:00,4,291.8831583970208,291.9726446879833
2017-08-15 02:45:00,4,291.8658348668752,291.9547451499164
2017-08-15 03:00:00,4,291.85047086181885,291.93881642320395
2017-08-15 03:15:00,4,291.83657642572416,291.9243239619244
2017-08-15 03:30:00,4,291.8237466395979,291.91084530858797
2017-08-15 03:45:00,4,291.8115598105213,291.8980060800794
2017-08-15 04:00:00,4,291.79959662234137,291.88543502174946
2017-08-15 04:15:00,4,291.7875447812416,291.87281810423076
2017-08-15 04:30:00,4,291.7752201956981,291.85996297832435
2017-08-15 04:45:00,4,291.76260305520657,291.84684337420344
2017-08-15 05:00:00,4,291.7498091101805,291.8335703268798
2017-08-15 05:15:00,4,291.7369741535312,291.8202933511362
2017-08-15 05:30:00,4,291.7242014453022,291.80714900471946
2017-08-15 05:45:00,4,291.7119028488013,291.79464033777407
2017-08-15 06:00:00,4,291.7020502464433,291.78468166235336
2017-08-15 06:15:00,4,291.69863809167083,291.78080370862256
2017-08-15 06:30:00,4,291.7051259120112,291.78634914868576
2017-08-15 06:45:00,4,291.722079757207,291.8023725078096
2017-08-15 07:00:00,4,291.7478193627666,291.82731626397975
2017-08-15 07:15:00,4,291.77907208371187,291.8579133275005
2017-08-15 07:30:00,4,291.81247694248464,291.89076650069416
2017-08-15 07:45:00,4,291.84580926144446,291.92352410615797
2017-08-15 08:00:00,4,291.8782817827527,291.95534709559814
2017-08-15 08:15:00,4,291.9111959905344,291.9874354221315
2017-08-15 08:30:00,4,291.9468880870738,292.02214064835346
2017-08-15 08:45:00,4,291.9870232952246,292.0616317965649
2017-08-15 09:00:00,4,292.03300543421204,292.10844115972736
2017-08-15 09:15:00,4,292.0864634254675,292.16526550661655
2017-08-15 09:30:00,4,292.16164754165567,292.23775124559427
2017-08-15 09:45:00,4,292.27459235385567,292.34162948595923
2017-08-15 10:00:00,4,292.43445621995556,292.4890092829906
2017-08-15 10:15:00,4,292.63612865666556,292.6799034523274
2017-08-15 10:30:00,4,292.8486440931711,292.89148340938345
2017-08-15 10:45:00,4,293.0495161321186,293.0932418435424
2017-08-15 11:00:00,4,293.22856266986287,293.26916291052555
2017-08-15 11:15:00,4,293.3871613042971,293.42057698384724
2017-08-15 11:30:00,4,293.5314399365912,293.5570824672605
2017-08-15 11:45:00,4,293.66768007004947,293.6875602758903
2017-08-15 12:00:00,4,293.7994886744452,293.8158605943206
2017-08-15 12:15:00,4,293.92548126217036,293.94026101077054
2017-08-15 12:30:00,4,294.041703219262,294.0561737510473
2017-08-15 12:45:00,4,294.14521614276515,294.16002133703296
2017-08-15 13:00:00,4,294.23646986846836,294.25167775693154
2017-08-15 13:15:00,4,294.3183817849974,294.33370582282794
2017-08-15 13:30:00,4,294.3936285466789,294.40898025791586
2017-08-15 13:45:00,4,294.46376452633444,294.47928830094287
2017-08-15 14:00:00,4,294.5293081355077,294.54510795780413
2017-08-15 14:15:00,4,294.5894827959451,294.6057798099505
2017-08-15 14:30:00,4,294.64304118468266,294.6600331403651
2017-08-15 14:45:00,4,294.6888686808024,294.7066683826758
2017-08-15 15:00:00,4,294.7262732116388,294.7450243409586
2017-08-15 15:15:00,4,294.7551969958213,294.77506235555995
2017-08-15 15:30:00,4,294.77576837671637,294.79690298112786
2017-08-15 15:45:00,4,294.78754934079166,294.8101895376272
2017-08-15 16:00:00,4,294.7896241818635,294.81401568403913
2017-08-15 16:15:00,4,294.78104561211035,294.8072997259638
2017-08-15 16:30:00,4,294.7611432684045,294.78921906159695
2017-08-15 16:45:00,4,294.72974067688534,294.7594689796081
2017-08-15 17:00:00,4,294.6870410021419,294.7183523220621
2017-08-15 17:15:00,4,294.6332721615033,294.66634990437854
2017-08-15 17:30:00,4,294.56891233710473,294.604244555977
2017-08-15 17:45:00,4,294.495501328864,294.5340357195429
2017-08-15 18:00:00,4,294.4144452212131,294.45805467824164
2017-08-15 18:15:00,4,294.32736280583214,294.3785474497761
2017-08-15 18:30:00,4,294.2362947592259,294.29522494435173
2017-08-15 18:45:00,4,294.1423713829246,294.20782779607816
2017-08-15 19:00:00,4,294.0463333792724,294.11723376608217
2017-08-15 19:15:00,4,293.9488906517187,294.0221581777328
2017-08-15 19:30:00,4,293.8475742013802,293.92239725993414
2017-08-15 19:45:00,4,293.7410078112861,293.81742646033865
2017-08-15 20:00:00,4,293.6292167967238,293.7082151741461
2017-08-15 20:15:00,4,293.51120028423423,293.59535681545384
2017-08-15 20:30:00,4,293.391896406194,293.48049251525475
2017-08-15 20:45:00,4,293.27577295881497,293.3674580507696
2017-08-15 21:00:00,4,293.1646882036481,293.25934820419803
2017-08-15 21:15:00,4,293.06032868727965,293.1569925389065
2017-08-15 21:30:00,4,292.96829028070357,293.0621895342598
2017-08-15 21:45:00,4,292.88690986061795,292.9785868560556
2017-08-15 22:00:00,4,292.81395990303054,292.9054858155557
2017-08-15 22:15:00,4,292.7479245394328,292.8401143088046
2017-08-15 22:30:00,4,292.68774608342386,292.78025890468035
2017-08-15 22:45:00,4,292.6325727034078,292.72485622003455
2017-08-15 23:00:00,4,292.58165778049664,292.67342707412797
2017-08-15 23:15:00,4,292.5343567879941,292.6255554170191
2017-08-15 23:30:00,4,292.4901502819861,292.5807815373094
2017-08-15 23:45:00,4,292.44872174443225,292.5387477547408
2017-08-16 00:00:00,4,292.4099244706644,292.4992717558865
2017-08-16 00:15:00,4,292.37366083963656,292.46227482588847
2017-08-16 00:30:00,4,292.3398363969171,292.4277010903388
2017-08-16 00:45:00,4,292.30840541353297,292.3955095507258
2017-08-16 01:00:00,4,292.279338961728,292.36566168076416
2017-08-16 01:15:00,4,292.25254457729545,292.3381560140824
2017-08-16 01:30:00,4,292.2278322277608,292.31280494491614
2017-08-16 01:45:00,4,292.20488968372274,292.2892501735613
2017-08-16 02:00:00,4,292.1833559448097,292.2671030344912
2017-08-16 02:15:00,4,292.162921595943,292.2460440253152
2017-08-16 02:30:00,4,292.1433550767336,292.2258444704198
2017-08-16 02:45:00,4,292.12448353310594,292.2063443587591
2017-08-16 03:00:00,4,292.1061739951496,292.18742376636675
2017-08-16 03:15:00,4,292.08832115341727,292.1689817684253
2017-08-16 03:30:00,4,292.0707241213814,292.150793071983
2017-08-16 03:45:00,4,292.05277221359995,292.132317710209
2017-08-16 04:00:00,4,292.03365949338036,292.1128113056181
2017-08-16 04:15:00,4,292.0127775255485,292.0916339159827
2017-08-16 04:30:00,4,291.98991675060967,292.06856926250526
2017-08-16 04:45:00,4,291.9655231538958,292.04401300131275
2017-08-16 05:00:00,4,291.9404723251425,292.01879580190405
2017-08-16 05:15:00,4,291.91560368912343,291.9937868621547
2017-08-16 05:30:00,4,291.8914830983447,291.96957322291996
2017-08-16 05:45:00,4,291.86830024078813,291.9463518942629
2017-08-16 06:00:00,4,291.84631085509864,291.9244593400599
2017-08-16 06:15:00,4,291.82699807803607,291.90515283261885
2017-08-16 06:30:00,4,291.8124604726151,291.890330773772
2017-08-16 06:45:00,4,291.8041597273545,291.8815789519581
2017-08-16 07:00:00,4,291.80302238380636,291.88001431046035
2017-08-16 07:15:00,4,291.81061310014854,291.887056317457
2017-08-16 07:30:00,4,291.8286478613902,291.90432537299563
2017-08-16 07:45:00,4,291.85843355482336,291.9332450578078
2017-08-16 08:00:00,4,291.9008275289954,291.9751002918967
2017-08-16 08:15:00,4,291.9564044713872,292.0305302179069
2017-08-16 08:30:00,4,292.02378696508345,292.09815557334235
2017-08-16 08:45:00,4,292.0970867103792,292.172632487674
2017-08-16 09:00:00,4,292.1758101365394,292.25274759575063
2017-08-16 09:15:00,4,292.26471928102825,292.33807558681957
2017-08-16 09:30:00,4,292.36735557219714,292.43252101994096
2017-08-16 09:45:00,4,292.4846454543935,292.5391040192386
2017-08-16 10:00:00,4,292.61878558999024,292.6607857388083
2017-08-16 10:15:00,4,292.76802779348515,292.80148894281615
2017-08-16 10:30:00,4,292.91902945353036,292.949697993148
2017-08-16 10:45:00,4,293.0652506822143,293.0943781367964
2017-08-16 11:00:00,4,293.20453092380177,293.23046861085777
2017-08-16 11:15:00,4,293.33522921296714,293.35685255540307
2017-08-16 11:30:00,4,293.4555928640012,293.4734671114641
2017-08-16 11:45:00,4,293.56540612357173,293.58070491576484
2017-08-16 12:00:00,4,293.665806190224,293.67955571429474
2017-08-16 12:15:00,4,293.75801232018824,293.7712684050162
2017-08-16 12:30:00,4,293.8430842411527,293.8570160719805
2017-08-16 12:45:00,4,293.9229608570459,293.93813787158183
2017-08-16 13:00:00,4,293.99980881379196,294.01635273443304
2017-08-16 13:15:00,4,294.0754000066276,294.0931075383582
2017-08-16 13:30:00,4,294.1497351419806,294.1682200012268
2017-08-16 13:45:00,4,294.2199460770782,294.2390848554538
2017-08-16 14:00:00,4,294.28184580096575,294.30164785953434
2017-08-16 14:15:00,4,294.3316803494783,294.3520711380686
2017-08-16 14:30:00,4,294.3673494045171,294.38833268961844
2017-08-16 14:45:00,4,294.38952132906536,294.4110156441321
2017-08-16 15:00:00,4,294.400522374598,294.4224635373891
2017-08-16 15:15:00,4,294.40269341744727,294.42533048212596
2017-08-16 15:30:00,4,294.3976078303221,294.4213591408385
2017-08-16 15:45:00,4,294.38549934128616,294.4108550235132
2017-08-16 16:00:00,4,294.3657614254566,294.3931132569284
2017-08-16 16:15:00,4,294.33776622803236,294.3672678812824
2017-08-16 16:30:00,4,294.30142232469666,294.3329678944536
2017-08-16 16:45:00,4,294.2573693657463,294.29063113492134
2017-08-16 17:00:00,4,294.20655293858607,294.2413974931093
2017-08-16 17:15:00,4,294.1497459297748,294.18629718727215
2017-08-16 17:30:00,4,294.0874937363661,294.12640591889306
2017-08-16 17:45:00,4,294.0202538697897,294.06252088768736
2017-08-16 18:00:00,4,293.9494720418172,293.9954298912463
2017-08-16 18:15:00,4,293.8773213440747,293.9265182099293
2017-08-16 18:30:00,4,293.80310816447746,293.8559310313474
2017-08-16 18:45:00,4,293.7252062428892,293.78061431634865
2017-08-16 19:00:00,4,293.6409513397815,293.69844270684854
2017-08-16 19:15:00,4,293.55069604268857,293.6098055241697
2017-08-16 19:30:00,4,293.45545793960065,293.51671291098467
2017-08-16 19:45:00,4,293.3539996284023,293.4193083497329
2017-08-16 20:00:00,4,293.24893762161753,293.31826097591306
2017-08-16 20:15:00,4,293.14359054187435,293.2161992961108
2017-08-16 20:30:00,4,293.0404515107922,293.1156914719834
2017-08-16 20:45:00,4,292.9462876366914,293.0195977234065
2017-08-16 21:00:00,4,292.86116521943484,292.93289884487274
2017-08-16 21:15:00,4,292.7826832587384,292.8551972438764
2017-08-16 21:30:00,4,292.70923781728027,292.7835744102276
2017-08-16 21:45:00,4,292.64024062153516,292.7159967383976
2017-08-16 22:00:00,4,292.5756328865398,292.65205412235554
2017-08-16 22:15:00,4,292.51533994549584,292.5920307568016
2017-08-16 22:30:00,4,292.45914226364096,292.53603542841876
2017-08-16 22:45:00,4,292.40678608863544,292.4838659095918
2017-08-16 23:00:00,4,292.3580449342289,292.4352158251909
2017-08-16 23:15:00,4,292.31269085398435,292.3898078612259
2017-08-16 23:30:00,4,292.27046310399476,292.3473990438397
2017-08-16 23:45:00,4,292.2310219103282,292.3076984616846
2017-08-17 00:00:00,4,292.1939699297192,292.2703435088889
2017-08-17 00:15:00,4,292.15892138277775,292.23495669624765
2017-08-17 00:30:00,4,292.12558439316007,292.2013594709108
2017-08-17 00:45:00,4,292.093905985082,292.1694717859508
2017-08-17 01:00:00,4,292.0640205079035,292.13933298042434
2017-08-17 01:15:00,4,292.0360723658104,292.11106076341144
2017-08-17 01:30:00,4,292.01008089002073,292.0847002865589
2017-08-17 01:45:00,4,291.98586203025536,292.0601096205474
2017-08-17 02:00:00,4,291.9631075817891,292.03699616718416
2017-08-17 02:15:00,4,291.9415197132157,292.01504314479007
2017-08-17 02:30:00,4,291.9208835640333,291.9940187794025
2017-08-17 02:45:00,4,291.9010995523817,291.9738179554049
2017-08-17 03:00:00,4,291.8821325985827,291.9544201169229
2017-08-17 03:15:00,4,291.86395556134516,291.93581969465106
2017-08-17 03:30:00,4,291.8465155012475,291.9179724896484
2017-08-17 03:45:00,4,291.82969343636785,291.9007665950637
2017-08-17 04:00:00,4,291.8133291998052,291.8840438252156
2017-08-17 04:15:00,4,291.7972785462264,291.86765048728233
2017-08-17 04:30:00,4,291.7814317298525,291.85146902253575
2017-08-17 04:45:00,4,291.7657049942652,291.8354179897509
2017-08-17 05:00:00,4,291.75003537899835,291.81944069783077
2017-08-17 05:15:00,4,291.73436983516655,291.8034934239401
2017-08-17 05:30:00,4,291.7186752454409,291.78755083517353
2017-08-17 05:45:00,4,291.7030166498431,291.7716922864557
2017-08-17 06:00:00,4,291.68873784199036,291.7575671431531
2017-08-17 06:15:00,4,291.68106156730636,291.74956250372617
2017-08-17 06:30:00,4,291.68472608690826,291.75202291268886
2017-08-17 06:45:00,4,291.70013145747373,291.7662509846171
2017-08-17 07:00:00,4,291.72580977044095,291.79126675480563
2017-08-17 07:15:00,4,291.76083946100096,291.82585419464414
2017-08-17 07:30:00,4,291.8038858343219,291.8686234870007
2017-08-17 07:45:00,4,291.85273922155267,291.91742463616345
2017-08-17 08:00:00,4,291.9045568461065,291.969806449494
2017-08-17 08:15:00,4,291.9575128230805,292.0229268899024
2017-08-17 08:30:00,4,292.0140267293804,292.07825521170327
2017-08-17 08:45:00,4,292.07344150064023,292.13618626202083
2017-08-17 09:00:00,4,292.13432630382835,292.1957516076872
2017-08-17 09:15:00,4,292.1963365064588,292.2539607918789
2017-08-17 09:30:00,4,292.25763707773154,292.3101087658294
2017-08-17 09:45:00,4,292.31577443291366,292.36329384416644
2017-08-17 10:00:00,4,292.3700325057246,292.4135230626336
2017-08-17 10:15:00,4,292.4240407591419,292.46356799688095
2017-08-17 10:30:00,4,292.48460755997496,292.5185428851594
2017-08-17 10:45:00,4,292.55827491944854,292.585468997786
2017-08-17 11:00:00,4,292.64511320646926,292.67009301475537
2017-08-17 11:15:00,4,292.7412321802035,292.7679650277416
2017-08-17 11:30:00,4,292.84126654399444,292.8706581078245
2017-08-17 11:45:00,4,292.9402947793506,292.97125803644104
2017-08-17 12:00:00,4,293.0352736313538,293.0661894649934
2017-08-17 12:15:00,4,293.1243082453569,293.1541992239843
2017-08-17 12:30:00,4,293.2063422487099,293.2350639046195
2017-08-17 12:45:00,4,293.28144403177043,293.30920797706597
2017-08-17 13:00:00,4,293.3507018544719,293.37766379579483
2017-08-17 13:15:00,4,293.41548513929183,293.4417237594316
2017-08-17 13:30:00,4,293.47674513079727,293.50235313533415
2017-08-17 13:45:00,4,293.5346403100916,293.5598097443673
2017-08-17 14:00:00,4,293.5888497904769,293.61380043606357
2017-08-17 14:15:00,4,293.63904333158774,293.66391651770454
2017-08-17 14:30:00,4,293.68508386754183,293.70995500619404
2017-08-17 14:45:00,4,293.72708203340153,293.7520040385075
2017-08-17 15:00:00,4,293.76519473356404,293.79021678120574
2017-08-17 15:15:00,4,293.79922416830317,293.8244638275067
2017-08-17 15:30:00,4,293.8286447255239,293.8542761493599
2017-08-17 15:45:00,4,293.8528913390115,293.8790578507033
2017-08-17 16:00:00,4,293.87139621201743,293.8981435040019
2017-08-17 16:15:00,4,293.8831908079718,293.9105951854649
2017-08-17 16:30:00,4,293.88710843977617,293.9153423227289
2017-08-17 16:45:00,4,293.8822546090206,293.91147982698175
2017-08-17 17:00:00,4,293.86821596973977,293.89854698826315
2017-08-17 17:15:00,4,293.8451740914569,293.8766396640179
2017-08-17 17:30:00,4,293.81368337875864,293.8462132057429
2017-08-17 17:45:00,4,293.7744044586168,293.8077126517088
2017-08-17 18:00:00,4,293.72810934163675,293.76246073945026
2017-08-17 18:15:00,4,293.6754986860193,293.71160960754696
2017-08-17 18:30:00,4,293.6172992876282,293.65605431403253
2017-08-17 18:45:00,4,293.5545115039798,293.5968840230083
2017-08-17 19:00:00,4,293.4873661671431,293.533553122905
2017-08-17 19:15:00,4,293.41605013915773,293.46465034730187
2017-08-17 19:30:00,4,293.33950939377615,293.3897165920607
2017-08-17 19:45:00,4,293.2577026633333,293.3094497563642
2017-08-17 20:00:00,4,293.16885285058913,293.224484956801
2017-08-17 20:15:00,4,293.07547153777074,293.1351160418617
2017-08-17 20:30:00,4,292.98145716479706,293.0439998112596
2017-08-17 20:45:00,4,292.88882534333845,292.95389839427173
2017-08-17 21:00:00,4,292.79894482098405,292.8657931812907
2017-08-17 21:15:00,4,292.71678167510606,292.7822582518847
2017-08-17 21:30:00,4,292.6414806065442,292.706233310209
2017-08-17 21:45:00,4,292.57173863441045,292.63737105380795
2017-08-17 22:00:00,4,292.50699326154427,292.5740081963155
2017-08-17 22:15:00,4,292.4469421940297,292.5149705462616
2017-08-17 22:30:00,4,292.3912968347198,292.4598567582467
2017-08-17 22:45:00,4,292.3397769861057,292.40859322527535
2017-08-17 23:00:00,4,292.292109196435,292.3610617764047
2017-08-17 23:15:00,4,292.24800251566194,292.3170103503165
2017-08-17 23:30:00,4,292.2071437664593,292.2761096859652
2017-08-17 23:45:00,4,292.16919117861306,292.2380154766977
2017-08-18 00:00:00,4,292.13380376053465,292.20240401183673
2017-08-18 00:15:00,4,292.10067701654714,292.16898929655645
2017-08-18 00:30:00,4,292.0695589538393,292.1376303398965
2017-08-18 00:45:00,4,292.04026609948176,292.1081397747026
2017-08-18 01:00:00,4,292.01265890613104,292.08030803105555
2017-08-18 01:15:00,4,291.98660684793134,292.0539730005566
2017-08-18 01:30:00,4,291.9619651085333,292.02899646289063
2017-08-18 01:45:00,4,291.9385391273733,292.005212580622
2017-08-18 02:00:00,4,291.9161146923991,291.9824281660902
2017-08-18 02:15:00,4,291.8945101815103,291.9604631585773
2017-08-18 02:30:00,4,291.8736071668762,291.9392016640169
2017-08-18 02:45:00,4,291.853393609506,291.9186244919764
2017-08-18 03:00:00,4,291.83391872846556,291.89877747108903
2017-08-18 03:15:00,4,291.81521699066246,291.879707959262
2017-08-18 03:30:00,4,291.797268783973,291.86140133336875
2017-08-18 03:45:00,4,291.77995929202336,291.8437522211031
2017-08-18 04:00:00,4,291.76312387088893,291.8266007624773
2017-08-18 04:15:00,4,291.7466209735614,291.8097953967388
2017-08-18 04:30:00,4,291.7303606640658,291.7932420728789
2017-08-18 04:45:00,4,291.7143185203745,291.77691440632185
2017-08-18 05:00:00,4,291.6985065093099,291.76082561610247
2017-08-18 05:15:00,4,291.682935656197,291.744992184423
2017-08-18 05:30:00,4,291.66760667031986,291.7294172926865
2017-08-18 05:45:00,4,291.65251945286457,291.71410000022775
2017-08-18 06:00:00,4,291.63775044673554,291.6991303035976
2017-08-18 06:15:00,4,291.6236304476926,291.6847918477564
2017-08-18 06:30:00,4,291.6105593042882,291.6714598209144
2017-08-18 06:45:00,4,291.5987885296765,291.6594232008024
2017-08-18 07:00:00,4,291.58853487963484,291.64894384891875
2017-08-18 07:15:00,4,291.5803488186158,291.64049333452294
2017-08-18 07:30:00,4,291.5749425148164,291.6347528897175
2017-08-18 07:45:00,4,291.5727677726634,291.6321780610364
2017-08-18 08:00:00,4,291.5741817717315,291.6331621299771
2017-08-18 08:15:00,4,291.58020603912786,291.63868399559107
2017-08-18 08:30:00,4,291.59233444699424,291.6502055322947
2017-08-18 08:45:00,4,291.6120964167011,291.66927211519607
2017-08-18 09:00:00,4,291.6406931422084,291.6971664483526
2017-08-18 09:15:00,4,291.67896721472255,291.7349169143047
2017-08-18 09:30:00,4,291.72716317474533,291.78282349388473
2017-08-18 09:45:00,4,291.78449780895676,291.84007568227986
2017-08-18 10:00:00,4,291.84823301464445,291.9045771384513
2017-08-18 10:15:00,4,291.9143824339613,291.9714527157929
2017-08-18 10:30:00,4,291.98146524181175,292.037063681449
2017-08-18 10:45:00,4,292.05164472733276,292.10344886075956
2017-08-18 11:00:00,4,292.1253982672143,292.1728793703569
2017-08-18 11:15:00,4,292.2019892033054,292.2456608275208
2017-08-18 11:30:00,4,292.2807620823228,292.32047805116935
2017-08-18 11:45:00,4,292.3623141293405,292.39770926104495
2017-08-18 12:00:00,4,292.4425529517085,292.4765103458541
2017-08-18 12:15:00,4,292.5188320168808,292.55279646838613
2017-08-18 12:30:00,4,292.58910835275867,292.6230039359645
2017-08-18 12:45:00,4,292.651847022718,292.6851828573308
2017-08-18 13:00:00,4,292.70642366008576,292.738962747188
2017-08-18 13:15:00,4,292.7536475341319,292.7853225632204
2017-08-18 13:30:00,4,292.7951668048184,292.82584149862265
2017-08-18 13:45:00,4,292.8322977008308,292.8620028751588
2017-08-18 14:00:00,4,292.865975317081,292.8950392497475
2017-08-18 14:15:00,4,292.8977146364166,292.9263741598415
2017-08-18 14:30:00,4,292.92948184975694,292.9577420964162
2017-08-18 14:45:00,4,292.9629461908372,292.99086836206936
2017-08-18 15:00:00,4,292.9982873129288,293.0257961832392
2017-08-18 15:15:00,4,293.03149328185464,293.05891379157373
2017-08-18 15:30:00,4,293.0556916076457,293.0838003928499
2017-08-18 15:45:00,4,293.0646608758274,293.0939889330381
2017-08-18 16:00:00,4,293.0554567670841,293.08642598424615
2017-08-18 16:15:00,4,293.03121966649593,293.06356747428106
2017-08-18 16:30:00,4,292.99873912168874,293.03159620556784
2017-08-18 16:45:00,4,292.96434125594806,292.99688669135537
2017-08-18 17:00:00,4,292.9321128440311,292.9644192753735
2017-08-18 17:15:00,4,292.9030820166087,292.9361364263046
2017-08-18 17:30:00,4,292.8763656810163,292.91128035412726
2017-08-18 17:45:00,4,292.85086940836965,292.88810723330823
2017-08-18 18:00:00,4,292.8249690294424,292.86448670849006
2017-08-18 18:15:00,4,292.79675946155925,292.83840377743047
2017-08-18 18:30:00,4,292.7643322739861,292.80738067989495
2017-08-18 18:45:00,4,292.72539344306864,292.7695328616968
2017-08-18 19:00:00,4,292.67878637746276,292.72396669590614
2017-08-18 19:15:00,4,292.62459632933275,292.67124420986954
2017-08-18 19:30:00,4,292.5621018146593,292.61108765059055
2017-08-18 19:45:00,4,292.492981260358,292.54426665716744
2017-08-18 20:00:00,4,292.41954155738347,292.4728732583751
2017-08-18 20:15:00,4,292.34786274967973,292.4003484442304
2017-08-18 20:30:00,4,292.281094438662,292.33252054342023
2017-08-18 20:45:00,4,292.21921072223734,292.27119572369844
2017-08-18 21:00:00,4,292.1619290113951,292.2154228620759
2017-08-18 21:15:00,4,292.1089850489956,292.16387851992505
2017-08-18 21:30:00,4,292.06011429642683,292.1159066018942
2017-08-18 21:45:00,4,292.0150689087908,292.07138103954026
2017-08-18 22:00:00,4,291.9736440997712,292.0302980249791
2017-08-18 22:15:00,4,291.93565661056834,291.99256554258807
2017-08-18 22:30:00,4,291.90088151069165,291.95805496073945
2017-08-18 22:45:00,4,291.86894107766256,291.92638513233766
2017-08-18 23:00:00,4,291.83934554123744,291.89700933936246
2017-08-18 23:15:00,4,291.8116396691147,291.869428295452
2017-08-18 23:30:00,4,291.78549409343503,291.8433051339406
2017-08-18 23:45:00,4,291.76072652065886,291.8184695604649
2017-08-19 00:00:00,4,291.73724362113603,291.79485179700913
2017-08-19 00:15:00,4,291.7149771288108,291.7724101772128
2017-08-19 00:30:00,4,291.6938566192357,291.75109168533345
2017-08-19 00:45:00,4,291.67380482463057,291.73082575752863
2017-08-19 01:00:00,4,291.65474042040057,291.711532944766
2017-08-19 01:15:00,4,291.63657947767666,291.6931271453338
2017-08-19 01:30:00,4,291.61912135033344,291.6753771579577
2017-08-19 01:45:00,4,291.6016955463516,291.6576744009816
2017-08-19 02:00:00,4,291.5833278794171,291.63911436447654
2017-08-19 02:15:00,4,291.56320198328024,291.6188472399435
2017-08-19 02:30:00,4,291.54090596036804,291.5964321923203
2017-08-19 02:45:00,4,291.5166363960959,291.5720342442976
2017-08-19 03:00:00,4,291.49101483818185,291.54627534421286
2017-08-19 03:15:00,4,291.46470559133775,291.51988691640605
2017-08-19 03:30:00,4,291.43832395722177,291.49355704966683
2017-08-19 03:45:00,4,291.4126595936519,291.46802301589497
2017-08-19 04:00:00,4,291.38856384534455,291.44404962342895
2017-08-19 04:15:00,4,291.36666594549325,291.4222554570565
2017-08-19 04:30:00,4,291.34726576199205,291.402935751635
2017-08-19 04:45:00,4,291.33026159666116,291.3859917136762
2017-08-19 05:00:00,4,291.31528717694397,291.3710513099245
2017-08-19 05:15:00,4,291.30194637734445,291.35768504206965
2017-08-19 05:30:00,4,291.28996175641237,291.3456085114205
2017-08-19 05:45:00,4,291.27934176646176,291.33486181971114
2017-08-19 06:00:00,4,291.27200595559594,291.3278502848399
2017-08-19 06:15:00,4,291.2754050884893,291.3308869132931
2017-08-19 06:30:00,4,291.2958085382671,291.34963369522325
2017-08-19 06:45:00,4,291.33198108700896,291.3843999749703
2017-08-19 07:00:00,4,291.3784491591584,291.4304167180529
2017-08-19 07:15:00,4,291.42888749687444,291.4812582789211
2017-08-19 07:30:00,4,291.47863388698545,291.5315854554748
2017-08-19 07:45:00,4,291.5279564646887,291.5806401884531
2017-08-19 08:00:00,4,291.5777909832397,291.62982437536976
2017-08-19 08:15:00,4,291.63342907203656,291.6840557464162
2017-08-19 08:30:00,4,291.7034665077522,291.75123384726123
2017-08-19 08:45:00,4,291.7971905649351,291.8369490257991
2017-08-19 09:00:00,4,291.92019058781034,291.94747478670735
2017-08-19 09:15:00,4,292.078681373524,292.09069271085775
2017-08-19 09:30:00,4,292.2710395696128,292.2753265680378
2017-08-19 09:45:00,4,292.48785638524953,292.49088741524844
2017-08-19 10:00:00,4,292.72228112000255,292.7232516319288
2017-08-19 10:15:00,4,292.9633539211167,292.9592115089924
2017-08-19 10:30:00,4,293.198679810619,293.1875718731015
2017-08-19 10:45:00,4,293.41748491617454,293.3990090802483
2017-08-19 11:00:00,4,293.6125297272391,293.58730735045174
2017-08-19 11:15:00,4,293.78168924148866,293.7502603332176
2017-08-19 11:30:00,4,293.9261817676696,293.88955564902176
2017-08-19 11:45:00,4,294.0491069746193,294.0091186572918
2017-08-19 12:00:00,4,294.1537240266929,294.1124632329835
2017-08-19 12:15:00,4,294.2418431213467,294.20142769289737
2017-08-19 12:30:00,4,294.3140994975811,294.2765770677062
2017-08-19 12:45:00,4,294.3719959067108,294.3387662908094
2017-08-19 13:00:00,4,294.41923342745105,294.39013572047156
2017-08-19 13:15:00,4,294.45866056436245,294.4331450432536
2017-08-19 13:30:00,4,294.49173293834156,294.46942692821665
2017-08-19 13:45:00,4,294.51929222516316,294.49984598009286
2017-08-19 14:00:00,4,294.5418180796719,294.5247566914103
2017-08-19 14:15:00,4,294.5589129428337,294.54392170231466
2017-08-19 14:30:00,4,294.5694063070317,294.5563196374481
2017-08-19 14:45:00,4,294.5712428109269,294.56013099399865
2017-08-19 15:00:00,4,294.5625229793275,294.5536214529676
2017-08-19 15:15:00,4,294.54280063832704,294.53620129980624
2017-08-19 15:30:00,4,294.51344292144574,294.50927893896585
2017-08-19 15:45:00,4,294.4784168500893,294.47655621111227
2017-08-19 16:00:00,4,294.4419522047955,294.44193014390413
2017-08-19 16:15:00,4,294.40458075767214,294.40636996873855
2017-08-19 16:30:00,4,294.3630420235214,294.36676202530293
2017-08-19 16:45:00,4,294.31200588070743,294.3175694178542
2017-08-19 17:00:00,4,294.2473590930297,294.2548525080442
2017-08-19 17:15:00,4,294.16969300186184,294.1788140000197
2017-08-19 17:30:00,4,294.0829792016678,294.09303173709424
2017-08-19 17:45:00,4,293.9913888662198,294.00272413151686
2017-08-19 18:00:00,4,293.89783020362137,293.91165338733174
2017-08-19 18:15:00,4,293.8038704187237,293.82138291667246
2017-08-19 18:30:00,4,293.71084945206155,293.73212839206076
2017-08-19 18:45:00,4,293.6197007536256,293.6439619114128
2017-08-19 19:00:00,4,293.53272650604225,293.5580202968312
2017-08-19 19:15:00,4,293.4445076137478,293.47573431217495
2017-08-19 19:30:00,4,293.35314780624174,293.38990500743586
2017-08-19 19:45:00,4,293.2596267464772,293.2993204083481
2017-08-19 20:00:00,4,293.16707899073424,293.2077181005886
2017-08-19 20:15:00,4,293.0788690839608,293.1198925036683
2017-08-19 20:30:00,4,292.99733533517485,293.0390437763985
2017-08-19 20:45:00,4,292.9231806054631,292.9660741279337
2017-08-19 21:00:00,4,292.8557687207987,292.9002116767596
2017-08-19 21:15:00,4,292.7937469076611,292.83999589821804
2017-08-19 21:30:00,4,292.73796051286075,292.78387167314634
2017-08-19 21:45:00,4,292.6896392720955,292.7339026346087
2017-08-19 22:00:00,4,292.6481476477835,292.6913434787567
2017-08-19 22:15:00,4,292.61302968386667,292.6559539243152
2017-08-19 22:30:00,4,292.5837802519881,292.62665460583037
2017-08-19 22:45:00,4,292.55929286727553,292.60200894042714
2017-08-19 23:00:00,4,292.5380455647658,292.5805166330247
2017-08-19 23:15:00,4,292.51867792858025,292.56086786514715
2017-08-19 23:30:00,4,292.5003172224755,292.5422203745935
2017-08-19 23:45:00,4,292.4828452720473,292.5243877287772
2017-08-20 00:00:00,4,292.46661813545427,292.5076682823181
2017-08-20 00:15:00,4,292.4519775563052,292.49245738989475
2017-08-20 00:30:00,4,292.4389504661472,292.4788221135983
2017-08-20 00:45:00,4,292.42689913425954,292.4662278996014
2017-08-20 01:00:00,4,292.4147857561355,292.4537148580197
2017-08-20 01:15:00,4,292.40171440217966,292.4403340681362
2017-08-20 01:30:00,4,292.38721781334675,292.4255611426484
2017-08-20 01:45:00,4,292.37146409152,292.4095001649574
2017-08-20 02:00:00,4,292.3550456828408,292.39272167907717
2017-08-20 02:15:00,4,292.33857340706044,292.3758961163223
2017-08-20 02:30:00,4,292.32234191639054,292.3593309109229
2017-08-20 02:45:00,4,292.3058536121871,292.34261177875226
2017-08-20 03:00:00,4,292.28805372980395,292.3247619748351
2017-08-20 03:15:00,4,292.26796053404024,292.3047550863896
2017-08-20 03:30:00,4,292.2451436969075,292.28216144128146
2017-08-20 03:45:00,4,292.2204055348166,292.2576553277332
2017-08-20 04:00:00,4,292.1954283150779,292.2327854096201
2017-08-20 04:15:00,4,292.17179712284457,292.2092059539121
2017-08-20 04:30:00,4,292.15049862971165,292.1879802928033
2017-08-20 04:45:00,4,292.1317045420511,292.1693145325512
2017-08-20 05:00:00,4,292.1150343855831,292.1528036704484
2017-08-20 05:15:00,4,292.0999921965338,292.1378717545375
2017-08-20 05:30:00,4,292.08618444679735,292.12408075573046
2017-08-20 05:45:00,4,292.0734186927862,292.11124181871673
2017-08-20 06:00:00,4,292.0618259790088,292.0995619072657
2017-08-20 06:15:00,4,292.05222118561244,292.0897897926987
2017-08-20 06:30:00,4,292.04570241533037,292.0830310558132
2017-08-20 06:45:00,4,292.0432255221565,292.0802438788125
2017-08-20 07:00:00,4,292.04592424646233,292.08268520525957
2017-08-20 07:15:00,4,292.0562974931566,292.092717673761
2017-08-20 07:30:00,4,292.07742480053224,292.11325050637686
2017-08-20 07:45:00,4,292.110638370463,292.14585392141356
2017-08-20 08:00:00,4,292.1543933396031,292.18915418532333
2017-08-20 08:15:00,4,292.20350172071414,292.23844829446415
2017-08-20 08:30:00,4,292.2528102828981,292.28900698196304
2017-08-20 08:45:00,4,292.3023018529004,292.3371187131044
2017-08-20 09:00:00,4,292.3510291476258,292.38321628541746
2017-08-20 09:15:00,4,292.39903332384694,292.42829696540156
2017-08-20 09:30:00,4,292.4454345140666,292.47225047404606
2017-08-20 09:45:00,4,292.4897720289764,292.5143274304788
2017-08-20 10:00:00,4,292.5324382442179,292.5540647805122
2017-08-20 10:15:00,4,292.5712950980662,292.59142514773646
2017-08-20 10:30:00,4,292.60436298033943,292.62440278168714
2017-08-20 10:45:00,4,292.6313978466111,292.6517333168387
2017-08-20 11:00:00,4,292.6532426415565,292.67367083880396
2017-08-20 11:15:00,4,292.6713210145497,292.6915541451089
2017-08-20 11:30:00,4,292.6871382794524,292.7069891162437
2017-08-20 11:45:00,4,292.7017174224985,292.72118644412586
2017-08-20 12:00:00,4,292.71549935573296,292.7347117495823
2017-08-20 12:15:00,4,292.7284366429557,292.7475530897045
2017-08-20 12:30:00,4,292.740251481368,292.7593419830945
2017-08-20 12:45:00,4,292.75097549511867,292.7665783442874
2017-08-20 13:00:00,4,292.7611046251308,292.7626208922925
2017-08-20 13:15:00,4,292.771713342317,292.7479697722071
2017-08-20 13:30:00,4,292.7839807800164,292.71970942229467
2017-08-20 13:45:00,4,292.7979609973535,292.6840849214549
2017-08-20 14:00:00,4,292.8123301847888,292.65163238769196
2017-08-20 14:15:00,4,292.82491973740116,292.6304543758085
2017-08-20 14:30:00,4,292.8337558134628,292.62110980803277
2017-08-20 14:45:00,4,292.8382270708708,292.6204531318441
2017-08-20 15:00:00,4,292.8390145463219,292.62449850936116
2017-08-20 15:15:00,4,292.83763841267444,292.631811672143
2017-08-20 15:30:00,4,292.83589428756653,292.64186007365197
2017-08-20 15:45:00,4,292.83529550759494,292.65446868132284
2017-08-20 16:00:00,4,292.83668765146336,292.6693682452545
2017-08-20 16:15:00,4,292.8395959834605,292.68554667169553
2017-08-20 16:30:00,4,292.84246206268415,292.70124707071994
2017-08-20 16:45:00,4,292.84358155395734,292.7144181276144
2017-08-20 17:00:00,4,292.8417915331337,292.7221876570534
2017-08-20 17:15:00,4,292.8370061231029,292.7213698069002
2017-08-20 17:30:00,4,292.82987430035996,292.7132301104039
2017-08-20 17:45:00,4,292.82097002834354,292.69756902246263
2017-08-20 18:00:00,4,292.8108023523866,292.6770735945807
2017-08-20 18:15:00,4,292.8004007827049,292.65648708657505
2017-08-20 18:30:00,4,292.7913197157361,292.6388917964835
2017-08-20 18:45:00,4,292.7853577301833,292.623457622225
2017-08-20 19:00:00,4,292.7837144629481,292.60812151472163
2017-08-20 19:15:00,4,292.7855734196053,292.591167080511
2017-08-20 19:30:00,4,292.78695751069336,292.57223767832795
2017-08-20 19:45:00,4,292.7816928786246,292.5515989351725
2017-08-20 20:00:00,4,292.7659949243338,292.52964262232376
2017-08-20 20:15:00,4,292.7404545229718,292.50679327747457
2017-08-20 20:30:00,4,292.7066955224054,292.4829402149929
2017-08-20 20:45:00,4,292.668167284773,292.4581146535676
2017-08-20 21:00:00,4,292.62816378701626,292.43288598128913
2017-08-20 21:15:00,4,292.587625555375,292.40812939095144
2017-08-20 21:30:00,4,292.5482801641899,292.38459109763886
2017-08-20 21:45:00,4,292.5125300074835,292.36264595937115
2017-08-20 22:00:00,4,292.48035386890155,292.34232677375553
2017-08-20 22:15:00,4,292.4512614870695,292.32348573967374
2017-08-20 22:30:00,4,292.42478123487757,292.30593945225894
2017-08-20 22:45:00,4,292.40054272144715,292.2895410972366
2017-08-20 23:00:00,4,292.37826635773365,292.2741880534825
2017-08-20 23:15:00,4,292.35773028045196,292.2598001738856
2017-08-20 23:30:00,4,292.3387293045738,292.2462790733336
2017-08-20 23:45:00,4,292.32100919528665,292.23346939220824
2017-08-21 00:00:00,4,292.3042893178384,292.2211869263751
2017-08-21 00:15:00,4,292.2883294356755,292.20965329271803
2017-08-21 00:30:00,4,292.2728798494615,292.1993758259527
2017-08-21 00:45:00,4,292.25745430995505,292.18985022239116
2017-08-21 01:00:00,4,292.2414054525797,292.1795721116923
2017-08-21 01:15:00,4,292.2241757202446,292.1671307217147
2017-08-21 01:30:00,4,292.20547356008916,292.1519819718025
2017-08-21 01:45:00,4,292.1855311810207,292.13453843623563
2017-08-21 02:00:00,4,292.16497311626404,292.11574929211815
2017-08-21 02:15:00,4,292.144438078925,292.0965777339269
2017-08-21 02:30:00,4,292.1244105483762,292.07772384876057
2017-08-21 02:45:00,4,292.1052571800014,292.0596270422939
2017-08-21 03:00:00,4,292.08725299816354,292.0425596218734
2017-08-21 03:15:00,4,292.0705649269214,292.02668609952417
2017-08-21 03:30:00,4,292.0552345902316,292.01205209919556
2017-08-21 03:45:00,4,292.04112461961404,291.99855067932435
2017-08-21 04:00:00,4,292.02798339117345,291.98596221000975
2017-08-21 04:15:00,4,292.01556462871287,291.97404581503935
2017-08-21 04:30:00,4,292.0036701021322,291.9626014971467
2017-08-21 04:45:00,4,291.99212880080967,291.95146572222086
2017-08-21 05:00:00,4,291.98077316433,291.9404848957043
2017-08-21 05:15:00,4,291.96945342667624,291.92951831732506
2017-08-21 05:30:00,4,291.95809076164534,291.9184939800476
2017-08-21 05:45:00,4,291.94679751482283,291.9075549151404
2017-08-21 06:00:00,4,291.9375855064633,291.89919546889456
2017-08-21 06:15:00,4,291.9380807318081,291.89981200517707
2017-08-21 06:30:00,4,291.9546547259933,291.91544733575915
2017-08-21 06:45:00,4,291.98512099569484,291.94543226116656
2017-08-21 07:00:00,4,292.032209903521,291.9923086591342
2017-08-21 07:15:00,4,292.09691291939777,292.0551790943661
2017-08-21 07:30:00,4,292.17402536675337,292.1286483994248
2017-08-21 07:45:00,4,292.2563513671165,292.20578398102543
2017-08-21 08:00:00,4,292.3381877680623,292.2813630944893
2017-08-21 08:15:00,4,292.4191664084444,292.3535607745729
2017-08-21 08:30:00,4,292.4958410095251,292.42447215546616
2017-08-21 08:45:00,4,292.5667775393868,292.4926985411448
2017-08-21 09:00:00,4,292.6343240784737,292.5584065282713
2017-08-21 09:15:00,4,292.7049418608707,292.6266329708182
2017-08-21 09:30:00,4,292.78487587598136,292.70441602318215
2017-08-21 09:45:00,4,292.87971691820087,292.7978627533398
2017-08-21 10:00:00,4,292.99305834765227,292.9093931054618
2017-08-21 10:15:00,4,293.1207520487798,293.03528094175203
2017-08-21 10:30:00,4,293.253717872274,293.1668816062273
2017-08-21 10:45:00,4,293.38275581225,293.294480526544
2017-08-21 11:00:00,4,293.50166132051334,293.4119253518815
2017-08-21 11:15:00,4,293.6113005126301,293.5195060782219
2017-08-21 11:30:00,4,293.71618361810846,293.6216156493357
2017-08-21 11:45:00,4,293.81917647624516,293.7221490298716
2017-08-21 12:00:00,4,293.9198680259257,293.8214820151261
2017-08-21 12:15:00,4,294.01464432144303,293.9162794551559
2017-08-21 12:30:00,4,294.09903495186126,294.00172262599807
2017-08-21 12:45:00,4,294.1703239689117,294.0744297637397
2017-08-21 13:00:00,4,294.2297919462586,294.1348427670606
2017-08-21 13:15:00,4,294.2807067720499,294.185925405527
2017-08-21 13:30:00,4,294.3256235530793,294.23072993918834
2017-08-21 13:45:00,4,294.36662141764225,294.27152430892767
2017-08-21 14:00:00,4,294.4053046461536,294.30978337889957
2017-08-21 14:15:00,4,294.44231457403833,294.346191433702
2017-08-21 14:30:00,4,294.4772944362437,294.38050941872916
2017-08-21 14:45:00,4,294.50871878883135,294.41162814033055
2017-08-21 15:00:00,4,294.53459768184064,294.43778199109573
2017-08-21 15:15:00,4,294.55326816775,294.45723998465144
2017-08-21 15:30:00,4,294.5636523984069,294.46881395501134
2017-08-21 15:45:00,4,294.56519544430614,294.47190700068336
2017-08-21 16:00:00,4,294.5576570120145,294.46628517488915
2017-08-21 16:15:00,4,294.54096890719035,294.4518990592033
2017-08-21 16:30:00,4,294.51532676376644,294.4289885553789
2017-08-21 16:45:00,4,294.48137423869576,294.39808235019024
2017-08-21 17:00:00,4,294.4399414592702,294.3597616874455
2017-08-21 17:15:00,4,294.3915833103202,294.31486145527384
2017-08-21 17:30:00,4,294.33657892759135,294.2638177413225
2017-08-21 17:45:00,4,294.27516835934034,294.2068354908235
2017-08-21 18:00:00,4,294.2081511871122,294.14436793637134
2017-08-21 18:15:00,4,294.13704994690517,294.07830693504656
2017-08-21 18:30:00,4,294.0632548319716,294.0103434295356
2017-08-21 18:45:00,4,293.9885965452046,293.94124134738183
2017-08-21 19:00:00,4,293.9128025325205,293.8710140598034
2017-08-21 19:15:00,4,293.83548276065386,293.7996184113424
2017-08-21 19:30:00,4,293.75575247424024,293.724924745782
2017-08-21 19:45:00,4,293.6739609472997,293.6464018700235
2017-08-21 20:00:00,4,293.58603499226064,293.56399512966004
2017-08-21 20:15:00,4,293.48933714922964,293.47266189388466
2017-08-21 20:30:00,4,293.387189790974,293.37359122373016
2017-08-21 20:45:00,4,293.28292743773824,293.2711835249787
2017-08-21 21:00:00,4,293.1788586043238,293.1692101269324
2017-08-21 21:15:00,4,293.0758645929671,293.0693531208798
2017-08-21 21:30:00,4,292.97601314439174,292.97128644067834
2017-08-21 21:45:00,4,292.88390442805985,292.87623230667174
2017-08-21 22:00:00,4,292.7971753928024,292.7873341496898
2017-08-21 22:15:00,4,292.7134381337093,292.7037147866528
2017-08-21 22:30:00,4,292.63134809775386,292.6227996047309
2017-08-21 22:45:00,4,292.5506857624747,292.5431076655346
2017-08-21 23:00:00,4,292.4718569199947,292.4647322303644
2017-08-21 23:15:00,4,292.39524010272845,292.38836128452175
2017-08-21 23:30:00,4,292.32100139915576,292.31443312184837
2017-08-21 23:45:00,4,292.249165748267,292.24297090713753
2017-08-22 00:00:00,4,292.17958809053397,292.1737257420066
2017-08-22 00:15:00,4,292.11192164177726,292.1063263687128
2017-08-22 00:30:00,4,292.04603292350095,292.04071428359265
2017-08-22 00:45:00,4,291.98296647536705,291.97779029227047
2017-08-22 01:00:00,4,291.9245353363774,291.91926864428024
2017-08-22 01:15:00,4,291.87229301255786,291.86684607383467
2017-08-22 01:30:00,4,291.82723243896925,291.8216594932967
2017-08-22 01:45:00,4,291.7899628338231,291.7842625669582
2017-08-22 02:00:00,4,291.76071194905086,291.7548471677163
2017-08-22 02:15:00,4,291.73932265346366,291.73315890264126
2017-08-22 02:30:00,4,291.7251719733568,291.7184200592866
2017-08-22 02:45:00,4,291.71672939709396,291.7091844590719
2017-08-22 03:00:00,4,291.71204012112105,291.70363317211377
2017-08-22 03:15:00,4,291.70949287853176,291.7001462418445
2017-08-22 03:30:00,4,291.70799815020763,291.6976242347663
2017-08-22 03:45:00,4,291.7068818867989,291.69544889691696
2017-08-22 04:00:00,4,291.7057477931288,291.69329563778444
2017-08-22 04:15:00,4,291.7043741230289,291.6909831193744
2017-08-22 04:30:00,4,291.70262432060196,291.68837798034565
2017-08-22 04:45:00,4,291.70034130221376,291.6853747979227
2017-08-22 05:00:00,4,291.6973553159378,291.68181145708434
2017-08-22 05:15:00,4,291.69354964201585,291.6775301494758
2017-08-22 05:30:00,4,291.68886500979016,291.672437149142
2017-08-22 05:45:00,4,291.68327454736124,291.66645221707705
2017-08-22 06:00:00,4,291.6781180327011,291.6613586328896
2017-08-22 06:15:00,4,291.679087986807,291.66197113432537
2017-08-22 06:30:00,4,291.6912109043462,291.6729355694366
2017-08-22 06:45:00,4,291.71455244928177,291.69534526559374
2017-08-22 07:00:00,4,291.7462855041512,291.72652157072775
2017-08-22 07:15:00,4,291.78230287135256,291.7621024192281
2017-08-22 07:30:00,4,291.81899016270603,291.7982717212469
2017-08-22 07:45:00,4,291.8542733170144,291.83283888936216
2017-08-22 08:00:00,4,291.88800179986634,291.8659051378261
2017-08-22 08:15:00,4,291.92361408498164,291.9009977907034
2017-08-22 08:30:00,4,291.96654004072724,291.94347549855274
2017-08-22 08:45:00,4,292.0188606756129,291.9967049561503
2017-08-22 09:00:00,4,292.0830467865492,292.0617190522914
2017-08-22 09:15:00,4,292.1689208657398,292.1434699299114
2017-08-22 09:30:00,4,292.28367578314015,292.24974427274014
2017-08-22 09:45:00,4,292.4303727158338,292.3877802950377
2017-08-22 10:00:00,4,292.6129065271727,292.5583589645549
2017-08-22 10:15:00,4,292.80740523189235,292.7492703462416
2017-08-22 10:30:00,4,292.9877567626196,292.9314422634773
2017-08-22 10:45:00,4,293.1416270013834,293.08524113316685
2017-08-22 11:00:00,4,293.26797552675157,293.207509050431
2017-08-22 11:15:00,4,293.37195333009157,293.3055507068796
2017-08-22 11:30:00,4,293.4601137385154,293.38885965386214
2017-08-22 11:45:00,4,293.5372996721182,293.4639571074645
2017-08-22 12:00:00,4,293.60688812980067,293.53436748298657
2017-08-22 12:15:00,4,293.67233305297134,293.6020576494752
2017-08-22 12:30:00,4,293.7363708303262,293.6682516687718
2017-08-22 12:45:00,4,293.80026267383306,293.7341143912744
2017-08-22 13:00:00,4,293.86504982947736,293.80037656373935
2017-08-22 13:15:00,4,293.9291614842736,293.86565383415353
2017-08-22 13:30:00,4,293.98814126565077,293.92568560874753
2017-08-22 13:45:00,4,294.03566416004793,293.9742685588408
2017-08-22 14:00:00,4,294.06642193275945,294.0062201099552
2017-08-22 14:15:00,4,294.07942415566856,294.02014163389526
2017-08-22 14:30:00,4,294.0773352036984,294.0186657886376
2017-08-22 14:45:00,4,294.06489712480953,294.0068030739425
2017-08-22 15:00:00,4,294.04738578642866,293.99016971119744
2017-08-22 15:15:00,4,294.0302016848749,293.9741260322189
2017-08-22 15:30:00,4,294.0178910155653,293.96299995323767
2017-08-22 15:45:00,4,294.01289936072476,293.95925840208656
2017-08-22 16:00:00,4,294.0150745950206,293.9628072210245
2017-08-22 16:15:00,4,294.02173163225456,293.9710625065341
2017-08-22 16:30:00,4,294.02908680564394,293.9800125044607
2017-08-22 16:45:00,4,294.03321575196406,293.9853836171181
2017-08-22 17:00:00,4,294.03074255084937,293.9835783449974
2017-08-22 17:15:00,4,294.0197381244403,293.97218102637083
2017-08-22 17:30:00,4,293.99726932946464,293.95012276193444
2017-08-22 17:45:00,4,293.9613752947098,293.9166267136284
2017-08-22 18:00:00,4,293.9129923024217,293.8714233162966
2017-08-22 18:15:00,4,293.8540038429219,293.8161741280189
2017-08-22 18:30:00,4,293.7857808212747,293.7532159675245
2017-08-22 18:45:00,4,293.71068835484806,293.68445383638186
2017-08-22 19:00:00,4,293.631658387743,293.6116272598786
2017-08-22 19:15:00,4,293.55052743328497,293.53441427433705
2017-08-22 19:30:00,4,293.4656036071002,293.4518588317962
2017-08-22 19:45:00,4,293.37551690697774,293.3639529270031
2017-08-22 20:00:00,4,293.27940868422763,293.2727508152041
2017-08-22 20:15:00,4,293.1777270004177,293.1760886620418
2017-08-22 20:30:00,4,293.07417749401196,293.07619549001583
2017-08-22 20:45:00,4,292.97119889702304,292.97666204860883
2017-08-22 21:00:00,4,292.8733259067773,292.87963837847485
2017-08-22 21:15:00,4,292.7858493834587,292.7893175323457
2017-08-22 21:30:00,4,292.707435750263,292.7093187582558
2017-08-22 21:45:00,4,292.63675325593647,292.63905261809754
2017-08-22 22:00:00,4,292.5730457082473,292.5763348336474
2017-08-22 22:15:00,4,292.5157581167839,292.5195935808665
2017-08-22 22:30:00,4,292.464265591013,292.4680605622198
2017-08-22 22:45:00,4,292.41756803416405,292.421047246136
2017-08-22 23:00:00,4,292.37447933985953,292.3776204560849
2017-08-22 23:15:00,4,292.33398709444936,292.3367974788616
2017-08-22 23:30:00,4,292.2954182706339,292.29789037477394
2017-08-22 23:45:00,4,292.25862119509554,292.26070348836333
2017-08-23 00:00:00,4,292.22376920721473,292.2253928357053
2017-08-23 00:15:00,4,292.1910261004036,292.192164586442
2017-08-23 00:30:00,4,292.16041776002805,292.161078765789
2017-08-23 00:45:00,4,292.1318025026395,292.1320035657902
2017-08-23 01:00:00,4,292.1049401884878,292.1047707632649
2017-08-23 01:15:00,4,292.0795839637816,292.0791073782056
2017-08-23 01:30:00,4,292.05551963934465,292.0547265355402
2017-08-23 01:45:00,4,292.03256286120194,292.0314171431383
2017-08-23 02:00:00,4,292.01055492353186,292.00903558031615
2017-08-23 02:15:00,4,291.9893738963796,291.98747530927
2017-08-23 02:30:00,4,291.96893061029596,291.9666577563217
2017-08-23 02:45:00,4,291.9491823611095,291.9465416840486
2017-08-23 03:00:00,4,291.93011988669326,291.92711728683634
2017-08-23 03:15:00,4,291.9117346587203,291.9083819884736
2017-08-23 03:30:00,4,291.8940013490158,291.89031594227
2017-08-23 03:45:00,4,291.87686627530405,291.872869402447
2017-08-23 04:00:00,4,291.8602570726958,291.85597071658117
2017-08-23 04:15:00,4,291.8441003367786,291.8395406603517
2017-08-23 04:30:00,4,291.82822019379796,291.8233729606825
2017-08-23 04:45:00,4,291.81203566327736,291.80695079810204
2017-08-23 05:00:00,4,291.79475960541413,291.7895473078304
2017-08-23 05:15:00,4,291.7757920470636,291.77052784133326
2017-08-23 05:30:00,4,291.7549200660721,291.7496627386493
2017-08-23 05:45:00,4,291.73254788693856,291.72734832993075
2017-08-23 06:00:00,4,291.710776409217,291.70605497285163
2017-08-23 06:15:00,4,291.6958717226616,291.69119343217085
2017-08-23 06:30:00,4,291.69323208405297,291.68781279630804
2017-08-23 06:45:00,4,291.7035088693426,291.69742630527713
2017-08-23 07:00:00,4,291.72434381077875,291.7178186582007
2017-08-23 07:15:00,4,291.75139559827204,291.7446172569423
2017-08-23 07:30:00,4,291.78034427018116,291.77344554481584
2017-08-23 07:45:00,4,291.8080018742098,291.80068523024977
2017-08-23 08:00:00,4,291.8326187062252,291.82464113049366
2017-08-23 08:15:00,4,291.8548335419566,291.8459781485588
2017-08-23 08:30:00,4,291.87693334623543,291.8670609047018
2017-08-23 08:45:00,4,291.9014851680492,291.89069064898183
2017-08-23 09:00:00,4,291.93067963849285,291.91932603496844
2017-08-23 09:15:00,4,291.9666214552838,291.95516965711573
2017-08-23 09:30:00,4,292.01036389142075,291.9993983724727
2017-08-23 09:45:00,4,292.0600323360852,292.0507112534235
2017-08-23 10:00:00,4,292.1147818894134,292.10519071490717
2017-08-23 10:15:00,4,292.1759827551396,292.1635118285925
2017-08-23 10:30:00,4,292.24336855373986,292.2274113652912
2017-08-23 10:45:00,4,292.3166360977536,292.297815248257
2017-08-23 11:00:00,4,292.39648674272047,292.3747931612104
2017-08-23 11:15:00,4,292.48511328086823,292.45926792485955
2017-08-23 11:30:00,4,292.5788150285257,292.5516277350988
2017-08-23 11:45:00,4,292.6764934563415,292.6495620843349
2017-08-23 12:00:00,4,292.7809669071991,292.7536687503788
2017-08-23 12:15:00,4,292.89614513398453,292.86731853173916
2017-08-23 12:30:00,4,293.0235060112137,292.9924598045545
2017-08-23 12:45:00,4,293.15872063482345,293.12593430202287
2017-08-23 13:00:00,4,293.2939918827849,293.2601328019252
2017-08-23 13:15:00,4,293.42106685174394,293.386149898544
2017-08-23 13:30:00,4,293.5338015211439,293.49751314046625
2017-08-23 13:45:00,4,293.6309722891557,293.5926314805883
2017-08-23 14:00:00,4,293.7149179977439,293.6739550802233
2017-08-23 14:15:00,4,293.7887313717012,293.745296343352
2017-08-23 14:30:00,4,293.8550072673338,293.8098553448767
2017-08-23 14:45:00,4,293.9157709363324,293.86972592306074
2017-08-23 15:00:00,4,293.97230211544417,293.925916751598
2017-08-23 15:15:00,4,294.0246299796315,293.97832517404555
2017-08-23 15:30:00,4,294.0718058428682,294.0259096781173
2017-08-23 15:45:00,4,294.1122785330436,294.0670285652981
2017-08-23 16:00:00,4,294.14457714453476,294.10016799734547
2017-08-23 16:15:00,4,294.1681463401791,294.1245333310066
2017-08-23 16:30:00,4,294.1827200834699,294.13979419935896
2017-08-23 16:45:00,4,294.18784072014034,294.14565551260927
2017-08-23 17:00:00,4,294.18284368811135,294.141423514861
2017-08-23 17:15:00,4,294.16607050089317,294.12543425435865
2017-08-23 17:30:00,4,294.13509122219267,294.09523089526897
2017-08-23 17:45:00,4,294.088005919415,294.0485302806155
2017-08-23 18:00:00,4,294.0250540873041,293.9855546347885
2017-08-23 18:15:00,4,293.94876369234674,293.91011458342086
2017-08-23 18:30:00,4,293.86033820280676,293.8267426107534
2017-08-23 18:45:00,4,293.76365267087436,293.73835937053525
2017-08-23 19:00:00,4,293.6649133735404,293.64745087257614
2017-08-23 19:15:00,4,293.56697980967476,293.55494700740053
2017-08-23 19:30:00,4,293.467816874792,293.45920138250074
2017-08-23 19:45:00,4,293.36477235940896,293.35929676366624
2017-08-23 20:00:00,4,293.2555212272684,293.25582874268537
2017-08-23 20:15:00,4,293.1416681996869,293.14769727081006
2017-08-23 20:30:00,4,293.0269529250457,293.0373055539587
2017-08-23 20:45:00,4,292.91399882988776,292.92821007807305
2017-08-23 21:00:00,4,292.8054990375956,292.82287557014115
2017-08-23 21:15:00,4,292.7091297505933,292.7240184567914
2017-08-23 21:30:00,4,292.6246695091942,292.6373422871609
2017-08-23 21:45:00,4,292.55001162734715,292.5628794243744
2017-08-23 22:00:00,4,292.4833392644574,292.4975023330262
2017-08-23 22:15:00,4,292.4232404275169,292.4383642576804
2017-08-23 22:30:00,4,292.3686337611516,292.384015335318
2017-08-23 22:45:00,4,292.31863188691113,292.3338507423389
2017-08-23 23:00:00,4,292.2724773243295,292.2874178419861
2017-08-23 23:15:00,4,292.2295544604473,292.2442030391044
2017-08-23 23:30:00,4,292.1894046170857,292.20371969853784
2017-08-23 23:45:00,4,292.1517094868249,292.1656131345698
2017-08-24 00:00:00,4,292.1162340975532,292.12965534463723
2017-08-24 00:15:00,4,292.0827813891486,292.09567987438686
2017-08-24 00:30:00,4,292.05116692436326,292.06352499508733
2017-08-24 00:45:00,4,292.02119950003527,292.0330135506352
2017-08-24 01:00:00,4,291.9926932534371,292.00405531846457
2017-08-24 01:15:00,4,291.96548415821235,291.97647537656013
2017-08-24 01:30:00,4,291.9393721902894,291.9499919092322
2017-08-24 01:45:00,4,291.91394751445216,291.9241962676939
2017-08-24 02:00:00,4,291.88868223496996,291.89860327760533
2017-08-24 02:15:00,4,291.8631434480784,291.87279020404696
2017-08-24 02:30:00,4,291.83712637980557,291.8465665818931
2017-08-24 02:45:00,4,291.81084046567656,291.8201093288489
2017-08-24 03:00:00,4,291.78476191826337,291.7938597644332
2017-08-24 03:15:00,4,291.7593240243946,291.76826633184436
2017-08-24 03:30:00,4,291.73468243116366,291.74348472233993
2017-08-24 03:45:00,4,291.7104314626375,291.7191664212719
2017-08-24 04:00:00,4,291.6858574708991,291.6946223339825
2017-08-24 04:15:00,4,291.66036287578095,291.6691984107948
2017-08-24 04:30:00,4,291.63377665629156,291.6427299355662
2017-08-24 04:45:00,4,291.6068205150962,291.6158635896088
2017-08-24 05:00:00,4,291.58075918798806,291.5897975905051
2017-08-24 05:15:00,4,291.5566997015348,291.56569025646934
2017-08-24 05:30:00,4,291.53524554243097,291.5441573310121
2017-08-24 05:45:00,4,291.51628038174096,291.52514937375116
2017-08-24 06:00:00,4,291.5008264182861,291.5101412849042
2017-08-24 06:15:00,4,291.49479535890066,291.5039146452304
2017-08-24 06:30:00,4,291.50316135708005,291.51099485264746
2017-08-24 06:45:00,4,291.5253032831142,291.53188347253706
2017-08-24 07:00:00,4,291.5576535660447,291.56344511081596
2017-08-24 07:15:00,4,291.5962065651606,291.6014883717464
2017-08-24 07:30:00,4,291.6380031435581,291.64306595538216
2017-08-24 07:45:00,4,291.6815567238652,291.68633093958124
2017-08-24 08:00:00,4,291.7267518600634,291.73126863173206
2017-08-24 08:15:00,4,291.7753309225437,291.7799702331998
2017-08-24 08:30:00,4,291.82922173650627,291.83479071996516
2017-08-24 08:45:00,4,291.8935589527382,291.8983411775615
2017-08-24 09:00:00,4,291.9704072395464,291.97373555022483
2017-08-24 09:15:00,4,292.0656765941693,292.0627819679602
2017-08-24 09:30:00,4,292.18290006799737,292.1696093016537
2017-08-24 09:45:00,4,292.3248496478246,292.30115455605244
2017-08-24 10:00:00,4,292.4972327135429,292.4638275908957
2017-08-24 10:15:00,4,292.68287391809463,292.64654398727015
2017-08-24 10:30:00,4,292.865490038684,292.8289134622993
2017-08-24 10:45:00,4,293.03483820538014,292.9962096789097
2017-08-24 11:00:00,4,293.18742764122067,293.1442041940954
2017-08-24 11:15:00,4,293.3252639516173,293.276186264315
2017-08-24 11:30:00,4,293.4526551458231,293.39854398024164
2017-08-24 11:45:00,4,293.5732918782429,293.5159968855077
2017-08-24 12:00:00,4,293.6890325701095,293.6303387704436
2017-08-24 12:15:00,4,293.7996516591099,293.74098402908373
2017-08-24 12:30:00,4,293.90369265629846,293.84633441636885
2017-08-24 12:45:00,4,294.001111484918,293.9453980203246
2017-08-24 13:00:00,4,294.0931795215615,294.0387796176912
2017-08-24 13:15:00,4,294.1816083493789,294.12801051596415
2017-08-24 13:30:00,4,294.2673640009281,294.21422448487976
2017-08-24 13:45:00,4,294.35041465356375,294.2975657474591
2017-08-24 14:00:00,4,294.43008684163215,294.37737379690503
2017-08-24 14:15:00,4,294.50529719365454,294.452571815743
2017-08-24 14:30:00,4,294.57457345322183,294.52167492528787
2017-08-24 14:45:00,4,294.6355581337098,294.5825472966351
2017-08-24 15:00:00,4,294.68562332217033,294.6327322338651
2017-08-24 15:15:00,4,294.72261271275994,294.6701046099771
2017-08-24 15:30:00,4,294.7454344390148,294.69361857153865
2017-08-24 15:45:00,4,294.75460775570775,294.7037254474564
2017-08-24 16:00:00,4,294.75163162841403,294.70191651530143
2017-08-24 16:15:00,4,294.73802783052105,294.68982313270345
2017-08-24 16:30:00,4,294.71483363817606,294.6685778355427
2017-08-24 16:45:00,4,294.68248834835276,294.6385824061801
2017-08-24 17:00:00,4,294.64106602091755,294.59946760656845
2017-08-24 17:15:00,4,294.59000703557865,294.55061093954157
2017-08-24 17:30:00,4,294.5289584024325,294.49201673748314
2017-08-24 17:45:00,4,294.4587283326391,294.4245846628255
2017-08-24 18:00:00,4,294.3809797698691,294.3505060068029
2017-08-24 18:15:00,4,294.29743589506785,294.27183347804
2017-08-24 18:30:00,4,294.20938935791156,294.18988013174373
2017-08-24 18:45:00,4,294.1189624834851,294.1053788916215
2017-08-24 19:00:00,4,294.0281183107554,294.0189511380088
2017-08-24 19:15:00,4,293.93627670243916,293.9314552735597
2017-08-24 19:30:00,4,293.84319724188794,293.841679181252
2017-08-24 19:45:00,4,293.7488786466342,293.75024282475033
2017-08-24 20:00:00,4,293.64549378573975,293.6527071642533
2017-08-24 20:15:00,4,293.5335760089024,293.54556488080533
2017-08-24 20:30:00,4,293.4169327513211,293.43129278983434
2017-08-24 20:45:00,4,293.2984681514834,293.31444696093564
2017-08-24 21:00:00,4,293.17991988992395,293.19821250151324
2017-08-24 21:15:00,4,293.06174292766974,293.0836262109584
2017-08-24 21:30:00,4,292.94708805456054,292.97011773789046
2017-08-24 21:45:00,4,292.8419364514476,292.8620317399633
2017-08-24 22:00:00,4,292.7447238725154,292.76337602359155
2017-08-24 22:15:00,4,292.6537583600713,292.67328123685877
2017-08-24 22:30:00,4,292.5680223576718,292.58912526309797
2017-08-24 22:45:00,4,292.4873296771808,292.50950227219136
2017-08-24 23:00:00,4,292.41201065051496,292.4345788268756
2017-08-24 23:15:00,4,292.3423625814592,292.36502663228146
2017-08-24 23:30:00,4,292.27860303431413,292.3013801113012
2017-08-24 23:45:00,4,292.2213787480165,292.24423378433085
2017-08-25 00:00:00,4,292.1716096559476,292.1943529409222
2017-08-25 00:15:00,4,292.1299376251799,292.15238920732315
2017-08-25 00:30:00,4,292.0964685093943,292.1184882983374
2017-08-25 00:45:00,4,292.0705922558195,292.09215836561765
2017-08-25 01:00:00,4,292.05124992789166,292.07230825654864
2017-08-25 01:15:00,4,292.0372947636506,292.0576802170148
2017-08-25 01:30:00,4,292.027607163962,292.0471404362564
2017-08-25 01:45:00,4,292.0210681936517,292.03965775408045
2017-08-25 02:00:00,4,292.0166273023528,292.0342655753586
2017-08-25 02:15:00,4,292.01346041087976,292.03015401664425
2017-08-25 02:30:00,4,292.01102101355565,292.0267580419785
2017-08-25 02:45:00,4,292.0089684574778,292.0237362749214
2017-08-25 03:00:00,4,292.00708618791,292.02089957062225
2017-08-25 03:15:00,4,292.005253349593,292.0181534321298
2017-08-25 03:30:00,4,292.0034861833042,292.0155821738533
2017-08-25 03:45:00,4,292.00211705176804,292.01347453649487
2017-08-25 04:00:00,4,292.0016628694325,292.01226544516277
2017-08-25 04:15:00,4,292.002548111986,292.0123632657471
2017-08-25 04:30:00,4,292.0048035569328,292.0137565935972
2017-08-25 04:45:00,4,292.0074657679687,292.01561634908404
2017-08-25 05:00:00,4,292.0088876189174,292.01647716844775
2017-08-25 05:15:00,4,292.00751294265734,292.0148176949903
2017-08-25 05:30:00,4,292.00244263452674,292.0096547782296
2017-08-25 05:45:00,4,291.99410858061435,292.00125198130837
2017-08-25 06:00:00,4,291.9849764905522,291.99224610880896
2017-08-25 06:15:00,4,291.9809776694778,291.98774103713845
2017-08-25 06:30:00,4,291.9864604282148,291.9919554346573
2017-08-25 06:45:00,4,292.0011372900595,292.00557553277037
2017-08-25 07:00:00,4,292.0230639935785,292.02715408701437
2017-08-25 07:15:00,4,292.0516683400054,292.0557607143415
2017-08-25 07:30:00,4,292.0861552053069,292.0910240463285
2017-08-25 07:45:00,4,292.1332823057719,292.13712079136224
2017-08-25 08:00:00,4,292.1991553689774,292.1998517956957
2017-08-25 08:15:00,4,292.2846272454741,292.2806795474101
2017-08-25 08:30:00,4,292.38655063594365,292.3762060219312
2017-08-25 08:45:00,4,292.4989509594793,292.47942932774055
2017-08-25 09:00:00,4,292.62187117092157,292.5883734119939
2017-08-25 09:15:00,4,292.7519516927947,292.70819188223294
2017-08-25 09:30:00,4,292.88335838695144,292.8363559266134
2017-08-25 09:45:00,4,293.0182883151707,292.96979751099417
2017-08-25 10:00:00,4,293.15763663256917,293.10677783132354
2017-08-25 10:15:00,4,293.3004541955922,293.24667217568305
2017-08-25 10:30:00,4,293.44647416620234,293.38949314823753
2017-08-25 10:45:00,4,293.5951667450754,293.5349710755013
2017-08-25 11:00:00,4,293.74474939924085,293.6813936277707
2017-08-25 11:15:00,4,293.89087694515257,293.8248407432126
2017-08-25 11:30:00,4,294.02840657923275,293.9604033591003
2017-08-25 11:45:00,4,294.1538010489942,294.08423586601873
2017-08-25 12:00:00,4,294.2652134780533,294.19435698664086
2017-08-25 12:15:00,4,294.3617559760511,294.2901156114208
2017-08-25 12:30:00,4,294.4430785797376,294.3714024088554
2017-08-25 12:45:00,4,294.50984959760433,294.4390797961019
2017-08-25 13:00:00,4,294.56542007738807,294.49587429401646
2017-08-25 13:15:00,4,294.6139605827188,294.5453403678838
2017-08-25 13:30:00,4,294.65792347085784,294.5899871013153
2017-08-25 13:45:00,4,294.6978817080582,294.6305768696112
2017-08-25 14:00:00,4,294.73336744072975,294.6666085436159
2017-08-25 14:15:00,4,294.7633720036418,294.69706425865263
2017-08-25 14:30:00,4,294.7868003361277,294.7209273139356
2017-08-25 14:45:00,4,294.8027577199767,294.7373944332583
2017-08-25 15:00:00,4,294.8106068356905,294.745937644654
2017-08-25 15:15:00,4,294.81009013658723,294.74634684635663
2017-08-25 15:30:00,4,294.80147908993484,294.73887458644106
2017-08-25 15:45:00,4,294.78588015599587,294.7243472134918
2017-08-25 16:00:00,4,294.7639756257413,294.70377695413475
2017-08-25 16:15:00,4,294.73605405442447,294.6777712631577
2017-08-25 16:30:00,4,294.70230603081535,294.6465023351151
2017-08-25 16:45:00,4,294.6627115904996,294.6101115706043
2017-08-25 17:00:00,4,294.61714503099296,294.5683423595992
2017-08-25 17:15:00,4,294.56526081422516,294.520739267651
2017-08-25 17:30:00,4,294.5065200965244,294.4668209701847
2017-08-25 17:45:00,4,294.4405902571413,294.4062919738209
2017-08-25 18:00:00,4,294.36783061105376,294.3398437787231
2017-08-25 18:15:00,4,294.290498324947,294.2691667585826
2017-08-25 18:30:00,4,294.21030693855045,294.19577911431685
2017-08-25 18:45:00,4,294.12778581075366,294.1201976593078
2017-08-25 19:00:00,4,294.04384691320996,294.0425473583324
2017-08-25 19:15:00,4,293.95871184582825,293.9627778545449
2017-08-25 19:30:00,4,293.87250350477456,293.8804344081246
2017-08-25 19:45:00,4,293.7804414140781,293.7937662702982
2017-08-25 20:00:00,4,293.6786761507024,293.6976193263576
2017-08-25 20:15:00,4,293.57039265793014,293.59275872516105
2017-08-25 20:30:00,4,293.45848749495747,293.4831823977937
2017-08-25 20:45:00,4,293.34520152079835,293.372645676981
2017-08-25 21:00:00,4,293.2320940493505,293.26332102315234
2017-08-25 21:15:00,4,293.12619300501086,293.1552127047837
2017-08-25 21:30:00,4,293.0303393297933,293.0561952330617
2017-08-25 21:45:00,4,292.9429445119217,292.96837519013286
2017-08-25 22:00:00,4,292.86277001301363,292.88945391457344
2017-08-25 22:15:00,4,292.7888950545847,292.8167410726465
2017-08-25 22:30:00,4,292.7208050739233,292.7491596373459
2017-08-25 22:45:00,4,292.65913035516803,292.68740082193233
2017-08-25 23:00:00,4,292.6051604218654,292.6329429659211
2017-08-25 23:15:00,4,292.5597513815178,292.5868986584034
2017-08-25 23:30:00,4,292.52266858210885,292.54908348636326
2017-08-25 23:45:00,4,292.4917316435302,292.5175010011716
2017-08-26 00:00:00,4,292.4636959347466,292.4889999896732
2017-08-26 00:15:00,4,292.4356760273868,292.4604891828152
2017-08-26 00:30:00,4,292.40541166239626,292.4295087964589
2017-08-26 00:45:00,4,292.37081580263873,292.39405813480926
2017-08-26 01:00:00,4,292.33007425512386,292.35249986623813
2017-08-26 01:15:00,4,292.28202097887447,292.30372857550185
2017-08-26 01:30:00,4,292.22636721848005,292.2475652898785
2017-08-26 01:45:00,4,292.1642559080327,292.18516929806594
2017-08-26 02:00:00,4,292.09788315784783,292.1187271915781
2017-08-26 02:15:00,4,292.0294350077623,292.0505452676644
2017-08-26 02:30:00,4,291.960595807858,291.98239632973485
2017-08-26 02:45:00,4,291.89265788059413,291.9154407153428
2017-08-26 03:00:00,4,291.8264825516044,291.8503360979111
2017-08-26 03:15:00,4,291.76246413821156,291.78734951114046
2017-08-26 03:30:00,4,291.7006391725981,291.72642723035756
2017-08-26 03:45:00,4,291.640686825097,291.6672423000187
2017-08-26 04:00:00,4,291.58209856693287,291.6093295534152
2017-08-26 04:15:00,4,291.5244310435997,291.55225891641567
2017-08-26 04:30:00,4,291.4673312506492,291.49567795419955
2017-08-26 04:45:00,4,291.41038686739944,291.43921084792856
2017-08-26 05:00:00,4,291.353151714059,291.38244447463273
2017-08-26 05:15:00,4,291.2953256158261,291.3250779447263
2017-08-26 05:30:00,4,291.23702439810364,291.26724937578047
2017-08-26 05:45:00,4,291.1791947741789,291.2099406219191
2017-08-26 06:00:00,4,291.1270583060113,291.15947658309364
2017-08-26 06:15:00,4,291.097409399035,291.13070887181357
2017-08-26 06:30:00,4,291.104584600659,291.1377289814685
2017-08-26 06:45:00,4,291.1490833841608,291.1834174221049
2017-08-26 07:00:00,4,291.2173056593703,291.2538586371559
2017-08-26 07:15:00,4,291.3284224956474,291.36356984727473
2017-08-26 07:30:00,4,291.4894138029373,291.51912983028086
2017-08-26 07:45:00,4,291.6925204857833,291.71207784096094
2017-08-26 08:00:00,4,291.9276550091362,291.9296152761563
2017-08-26 08:15:00,4,292.1832074264112,292.1637655932103
2017-08-26 08:30:00,4,292.456032042449,292.410482743619
2017-08-26 08:45:00,4,292.7478218775185,292.66934576494594
2017-08-26 09:00:00,4,293.0323562869877,292.9379826359545
2017-08-26 09:15:00,4,293.29738514535774,293.19383339345256
2017-08-26 09:30:00,4,293.5385524559934,293.42322528137316
2017-08-26 09:45:00,4,293.75276596329195,293.619656067671
2017-08-26 10:00:00,4,293.9397278474588,293.7982037755616
2017-08-26 10:15:00,4,294.10620046299806,293.9673483616809
2017-08-26 10:30:00,4,294.2600063478274,294.1261253649942
2017-08-26 10:45:00,4,294.3986458139625,294.2694567641719
2017-08-26 11:00:00,4,294.51841577909335,294.39303854396684
2017-08-26 11:15:00,4,294.61726305196146,294.4951185836197
2017-08-26 11:30:00,4,294.6952840033243,294.57645065216167
2017-08-26 11:45:00,4,294.75496382680006,294.63971184559375
2017-08-26 12:00:00,4,294.7994999860975,294.68814251141254
2017-08-26 12:15:00,4,294.8311933346847,294.7242159967471
2017-08-26 12:30:00,4,294.8510735178602,294.74890873764826
2017-08-26 12:45:00,4,294.85914013826243,294.76236890020743
2017-08-26 13:00:00,4,294.8570180703409,294.7656598896488
2017-08-26 13:15:00,4,294.8475853357906,294.7609537839995
2017-08-26 13:30:00,4,294.8337282165551,294.75124069906786
2017-08-26 13:45:00,4,294.81993322436705,294.7406717203551
2017-08-26 14:00:00,4,294.81088736865735,294.7336775669735
2017-08-26 14:15:00,4,294.8092593052952,294.73339201114806
2017-08-26 14:30:00,4,294.8151851232966,294.74035707543464
2017-08-26 14:45:00,4,294.8255772457907,294.75203991658356
2017-08-26 15:00:00,4,294.83590413415584,294.76409805680225
2017-08-26 15:15:00,4,294.8423207969308,294.77252200928143
2017-08-26 15:30:00,4,294.84237470544446,294.7746598631788
2017-08-26 15:45:00,4,294.8350679292515,294.76944394016215
2017-08-26 16:00:00,4,294.8202785993922,294.75683177347395
2017-08-26 16:15:00,4,294.79802309252227,294.7370207634921
2017-08-26 16:30:00,4,294.7681758827499,294.70996444813176
2017-08-26 16:45:00,4,294.73033040736783,294.67509934496906
2017-08-26 17:00:00,4,294.68384166739673,294.6319103835453
2017-08-26 17:15:00,4,294.6283845457635,294.58030571725374
2017-08-26 17:30:00,4,294.56397744915057,294.5205363073557
2017-08-26 17:45:00,4,294.4910325698159,294.45322166756705
2017-08-26 18:00:00,4,294.4103729834061,294.3794010383977
2017-08-26 18:15:00,4,294.3241348688538,294.30031671189823
2017-08-26 18:30:00,4,294.23464036525735,294.2173729878046
2017-08-26 18:45:00,4,294.1427569351688,294.1317334366357
2017-08-26 19:00:00,4,294.04881592023986,294.04429908918814
2017-08-26 19:15:00,4,293.9542196142475,293.9553970585359
2017-08-26 19:30:00,4,293.85824859925225,293.86297357391146
2017-08-26 19:45:00,4,293.7534933976034,293.764170330896
2017-08-26 20:00:00,4,293.6415478035373,293.6574200684772
2017-08-26 20:15:00,4,293.52589711519556,293.54529386443005
2017-08-26 20:30:00,4,293.4087156631032,293.4313492250397
2017-08-26 20:45:00,4,293.29126700877123,293.317770211943
2017-08-26 21:00:00,4,293.1813171151988,293.2046670045179
2017-08-26 21:15:00,4,293.08046028321246,293.10107323876844
2017-08-26 21:30:00,4,292.9867680029222,293.0079808430572
2017-08-26 21:45:00,4,292.89889484924385,292.9221639397922
2017-08-26 22:00:00,4,292.8159208586852,292.84076444523635
2017-08-26 22:15:00,4,292.73696411260136,292.76250210525643
2017-08-26 22:30:00,4,292.66105159368607,292.686821598467
2017-08-26 22:45:00,4,292.5871767826987,292.6130976708837
2017-08-26 23:00:00,4,292.5145137545336,292.54058444412976
2017-08-26 23:15:00,4,292.4425306801899,292.4687016056349
2017-08-26 23:30:00,4,292.3710546786986,292.3972676308354
2017-08-26 23:45:00,4,292.30032287291147,292.32652456068314
2017-08-27 00:00:00,4,292.23073382821514,292.25691098854213
2017-08-27 00:15:00,4,292.16259042996455,292.18879028238024
2017-08-27 00:30:00,4,292.0960908567938,292.1223867062998
2017-08-27 00:45:00,4,292.03147933950817,292.0579151729284
2017-08-27 01:00:00,4,291.96907892063103,291.99565620031007
2017-08-27 01:15:00,4,291.90916362011274,291.9358777076228
2017-08-27 01:30:00,4,291.85175125042565,291.8785841273513
2017-08-27 01:45:00,4,291.79625062574263,291.8232353771556
2017-08-27 02:00:00,4,291.74168922291864,291.7688809482861
2017-08-27 02:15:00,4,291.6872535351106,291.71463709350076
2017-08-27 02:30:00,4,291.6326380520354,291.66016111073833
2017-08-27 02:45:00,4,291.5782288255238,291.6058047650046
2017-08-27 03:00:00,4,291.524718544396,291.55228929920474
2017-08-27 03:15:00,4,291.4726698835382,291.5002535897492
2017-08-27 03:30:00,4,291.4223893169943,291.4500267004332
2017-08-27 03:45:00,4,291.3739732649046,291.40169304750106
2017-08-27 04:00:00,4,291.327488978924,291.3552855782013
2017-08-27 04:15:00,4,291.28301718202084,291.31087310238826
2017-08-27 04:30:00,4,291.2405956569732,291.26852139189003
2017-08-27 04:45:00,4,291.2002125593554,291.2282253958766
2017-08-27 05:00:00,4,291.161764164957,291.18986461318116
2017-08-27 05:15:00,4,291.12504666089166,291.153217951053
2017-08-27 05:30:00,4,291.08987743745587,291.11820185577125
2017-08-27 05:45:00,4,291.05630797495996,291.08487561725667
2017-08-27 06:00:00,4,291.027826481013,291.0574907683103
2017-08-27 06:15:00,4,291.0180871534643,291.0477905334899
2017-08-27 06:30:00,4,291.03969913853155,291.0683007808609
2017-08-27 06:45:00,4,291.0944209125421,291.12323227595084
2017-08-27 07:00:00,4,291.1703761415586,291.2034175555747
2017-08-27 07:15:00,4,291.28273130031357,291.31322776903863
2017-08-27 07:30:00,4,291.4439379003889,291.4646624547227
2017-08-27 07:45:00,4,291.646258419701,291.65393229303436
2017-08-27 08:00:00,4,291.8790954595377,291.8702826880257
2017-08-27 08:15:00,4,292.1333794547548,292.1050220633863
2017-08-27 08:30:00,4,292.40627227517854,292.35324277607924
2017-08-27 08:45:00,4,292.7004197977492,292.614955290258
2017-08-27 09:00:00,4,292.9909339851632,292.88996378997524
2017-08-27 09:15:00,4,293.26613842485057,293.1563547004353
2017-08-27 09:30:00,4,293.5208574728575,293.39871143211315
2017-08-27 09:45:00,4,293.7485603885365,293.6114658027766
2017-08-27 10:00:00,4,293.9489819869729,293.80712182909156
2017-08-27 10:15:00,4,294.13195107059494,293.9918789299157
2017-08-27 10:30:00,4,294.3000335105318,294.1635590153106
2017-08-27 10:45:00,4,294.4498837401261,294.31687829225825
2017-08-27 11:00:00,4,294.5781837440647,294.44800118817864
2017-08-27 11:15:00,4,294.6833032063909,294.55573422700144
2017-08-27 11:30:00,4,294.76606734735583,294.64162317029405
2017-08-27 11:45:00,4,294.8309426492667,294.70991985005827
2017-08-27 12:00:00,4,294.88336104367784,294.7657878181578
2017-08-27 12:15:00,4,294.92699136989813,294.81310299279437
2017-08-27 12:30:00,4,294.9636844998759,294.8537040191529
2017-08-27 12:45:00,4,294.99476653923284,294.88869739862514
2017-08-27 13:00:00,4,295.0233165208144,294.92057181776016
2017-08-27 13:15:00,4,295.0529857820314,294.9536090931055
2017-08-27 13:30:00,4,295.08526131768645,294.9896656756023
2017-08-27 13:45:00,4,295.11783833483236,295.0266742309818
2017-08-27 14:00:00,4,295.14662141784396,295.06035790199184
2017-08-27 14:15:00,4,295.16867141682025,295.0868783337161
2017-08-27 14:30:00,4,295.1826815014481,295.10445251896806
2017-08-27 14:45:00,4,295.18885644344766,295.11354197743105
2017-08-27 15:00:00,4,295.1883690685684,295.11570578293856
2017-08-27 15:15:00,4,295.1820937644658,295.1122665489813
2017-08-27 15:30:00,4,295.17050319847806,295.1038991409119
2017-08-27 15:45:00,4,295.15416521124894,295.0910320079031
2017-08-27 16:00:00,4,295.1337044611732,295.07408722739
2017-08-27 16:15:00,4,295.109324011257,295.0532800126643
2017-08-27 16:30:00,4,295.08064739528083,295.0282547514269
2017-08-27 16:45:00,4,295.04641849198794,294.9978780029347
2017-08-27 17:00:00,4,295.00488551159896,294.9604158573447
2017-08-27 17:15:00,4,294.95468087578865,294.9141165359005
2017-08-27 17:30:00,4,294.89521353753304,294.8583275494384
2017-08-27 17:45:00,4,294.82660538654255,294.7934399551975
2017-08-27 18:00:00,4,294.7497074572479,294.7205125424985
2017-08-27 18:15:00,4,294.66612455618883,294.64102617403256
2017-08-27 18:30:00,4,294.57748272528363,294.5563712860888
2017-08-27 18:45:00,4,294.4850911328842,294.4680493771361
2017-08-27 19:00:00,4,294.39153237950836,294.37762091675995
2017-08-27 19:15:00,4,294.29724684709345,294.2865491416883
2017-08-27 19:30:00,4,294.2005207061231,294.1939589887159
2017-08-27 19:45:00,4,294.1026925558789,294.09990893563224
2017-08-27 20:00:00,4,293.9989572748524,294.002938951978
2017-08-27 20:15:00,4,293.8886027274185,293.89881939068704
2017-08-27 20:30:00,4,293.7747474789211,293.7887227005064
2017-08-27 20:45:00,4,293.65938843378933,293.67596116485527
2017-08-27 21:00:00,4,293.5430530632372,293.5626152538397
2017-08-27 21:15:00,4,293.4248292661683,293.44866686310877
2017-08-27 21:30:00,4,293.30843261103837,293.3325474912844
2017-08-27 21:45:00,4,293.1988834789433,293.21983677008086
2017-08-27 22:00:00,4,293.0954656985487,293.1150257594572
2017-08-27 22:15:00,4,292.9976411808319,293.01800744938
2017-08-27 22:30:00,4,292.9051505713127,292.92689067351165
2017-08-27 22:45:00,4,292.8176103943794,292.8402674847795
2017-08-27 23:00:00,4,292.7344540057599,292.757539689738
2017-08-27 23:15:00,4,292.6551119134433,292.6784198360856
2017-08-27 23:30:00,4,292.57901408499754,292.60248539613207
2017-08-27 23:45:00,4,292.50538036849633,292.52901251806134
2017-08-28 00:00:00,4,292.4333350922892,292.457135708928
2017-08-28 00:15:00,4,292.3621667655555,292.38611838630516
2017-08-28 00:30:00,4,292.29156275602384,292.31569749127345
2017-08-28 00:45:00,4,292.2220435824559,292.2463500423765
2017-08-28 01:00:00,4,292.1545897920083,292.17901698690656
2017-08-28 01:15:00,4,292.089979530631,292.1145367399525
2017-08-28 01:30:00,4,292.02851186451994,292.05320620683244
2017-08-28 01:45:00,4,291.9698172389438,291.99465171790564
2017-08-28 02:00:00,4,291.91315688612764,291.93811553478656
2017-08-28 02:15:00,4,291.85785025265255,291.8828615467056
2017-08-28 02:30:00,4,291.80346086250836,291.8284603500906
2017-08-28 02:45:00,4,291.74993215699095,291.7748781395596
2017-08-28 03:00:00,4,291.6974456820406,291.72232726099656
2017-08-28 03:15:00,4,291.64618086824146,291.6710391296682
2017-08-28 03:30:00,4,291.5962991532161,291.62121416309884
2017-08-28 03:45:00,4,291.5481289676623,291.5731336622156
2017-08-28 04:00:00,4,291.50205160943693,291.5271278537035
2017-08-28 04:15:00,4,291.4582988622017,291.4834313313417
2017-08-28 04:30:00,4,291.4169617707625,291.44214646342886
2017-08-28 04:45:00,4,291.3781316413339,291.40333734133867
2017-08-28 05:00:00,4,291.3419019599637,291.3671908927657
2017-08-28 05:15:00,4,291.3082910056701,291.33370334008964
2017-08-28 05:30:00,4,291.27711683918204,291.30257754195674
2017-08-28 05:45:00,4,291.2477734215927,291.27331338498493
2017-08-28 06:00:00,4,291.22327990358355,291.250065107852
2017-08-28 06:15:00,4,291.2182025224412,291.245288859867
2017-08-28 06:30:00,4,291.2451549357494,291.271974648941
2017-08-28 06:45:00,4,291.3044165690569,291.33311150082415
2017-08-28 07:00:00,4,291.38608796327503,291.4143461315582
2017-08-28 07:15:00,4,291.51750460622424,291.53959589499414
2017-08-28 07:30:00,4,291.6966461892978,291.7098599966463
2017-08-28 07:45:00,4,291.9107156255245,291.9108408635025
2017-08-28 08:00:00,4,292.14871028468843,292.1314210137911
2017-08-28 08:15:00,4,292.4056286476495,292.36661863209025
2017-08-28 08:30:00,4,292.6836933475707,292.6148755019267
2017-08-28 08:45:00,4,292.9738821503898,292.8846165259367
2017-08-28 09:00:00,4,293.2552282023426,293.1546844505872
2017-08-28 09:15:00,4,293.5211321307354,293.40863916639756
2017-08-28 09:30:00,4,293.76728635836344,293.63911246176616
2017-08-28 09:45:00,4,293.9878401139398,293.8456631385268
2017-08-28 10:00:00,4,294.185362825308,294.04084834098745
2017-08-28 10:15:00,4,294.37155760615786,294.2296335940168
2017-08-28 10:30:00,4,294.54810310480076,294.4101540161742
2017-08-28 10:45:00,4,294.71503236302703,294.58031657276075
2017-08-28 11:00:00,4,294.87304030791876,294.74023129073447
2017-08-28 11:15:00,4,295.02225080089624,294.8907821336661
2017-08-28 11:30:00,4,295.1618658758458,295.0317927854782
2017-08-28 11:45:00,4,295.2898187482753,295.16151132503126
2017-08-28 12:00:00,4,295.40383443074415,295.27762649586526
2017-08-28 12:15:00,4,295.5024065727007,295.3783210551077
2017-08-28 12:30:00,4,295.5846900945883,295.462240177926
2017-08-28 12:45:00,4,295.65072833798706,295.5313827480777
2017-08-28 13:00:00,4,295.7036015916562,295.5890332415614
2017-08-28 13:15:00,4,295.747784152875,295.63922467600787
2017-08-28 13:30:00,4,295.78704071826974,295.68530904797205
2017-08-28 13:45:00,4,295.82522323830625,295.7288814223332
2017-08-28 14:00:00,4,295.8620978826848,295.7700648079567
2017-08-28 14:15:00,4,295.8967437605462,295.8083720184426
2017-08-28 14:30:00,4,295.92855242899174,295.8434889662198
2017-08-28 14:45:00,4,295.9577268653206,295.8757155550907
2017-08-28 15:00:00,4,295.98475189934294,295.90564561083306
2017-08-28 15:15:00,4,296.00942502698217,295.93343733158906
2017-08-28 15:30:00,4,296.0313944458483,295.958754943505
2017-08-28 15:45:00,4,296.050688241465,295.98122049245296
2017-08-28 16:00:00,4,296.0668123483169,296.0003828515183
2017-08-28 16:15:00,4,296.0788789383872,296.0155280500259
2017-08-28 16:30:00,4,296.0858166014139,296.02555261470377
2017-08-28 16:45:00,4,296.0859544287417,296.0288154922261
2017-08-28 17:00:00,4,296.0773565749594,296.0234811670343
2017-08-28 17:15:00,4,296.0587390798305,296.0082456818209
2017-08-28 17:30:00,4,296.02968568252334,295.9826034397883
2017-08-28 17:45:00,4,295.990418023716,295.94676118641536
2017-08-28 18:00:00,4,295.94181161778056,295.9014723818737
2017-08-28 18:15:00,4,295.88542271788526,295.8480843537482
2017-08-28 18:30:00,4,295.82237446014784,295.78760250994105
2017-08-28 18:45:00,4,295.7522798836988,295.71990530891406
2017-08-28 19:00:00,4,295.6743780358677,295.64430581502626
2017-08-28 19:15:00,4,295.5882947574187,295.55999555006207
2017-08-28 19:30:00,4,295.4930207402016,295.46618325230656
2017-08-28 19:45:00,4,295.38772474358825,295.36235860650805
2017-08-28 20:00:00,4,295.27262824882854,295.24912261082767
2017-08-28 20:15:00,4,295.14889668068736,295.1276110672226
2017-08-28 20:30:00,4,295.0192509255464,295.00022839078645
2017-08-28 20:45:00,4,294.88717015261113,294.8717235475906
2017-08-28 21:00:00,4,294.7557070481563,294.74789915596546
2017-08-28 21:15:00,4,294.6208303247007,294.6219813866574
2017-08-28 21:30:00,4,294.4834740515736,294.49130476091455
2017-08-28 21:45:00,4,294.3469646474575,294.35870567807694
2017-08-28 22:00:00,4,294.21314263983754,294.22794255280166
2017-08-28 22:15:00,4,294.08241333936644,294.10077676412556
2017-08-28 22:30:00,4,293.9539188651574,293.9769188708456
2017-08-28 22:45:00,4,293.8304143086242,293.85489748545524
2017-08-28 23:00:00,4,293.7176908066001,293.73830633740675
2017-08-28 23:15:00,4,293.6135142574609,293.6316478990159
2017-08-28 23:30:00,4,293.51584446895254,293.53426603945195
2017-08-28 23:45:00,4,293.4238593196949,293.44355431631095
2017-08-29 00:00:00,4,293.3374734879568,293.3579890084289
2017-08-29 00:15:00,4,293.25667921472467,293.27740219664867
2017-08-29 00:30:00,4,293.18115936783306,293.20181046454013
2017-08-29 00:45:00,4,293.1098761194165,293.13048269383853
2017-08-29 01:00:00,4,293.0414005043589,293.0620534327662
2017-08-29 01:15:00,4,292.97453164744,292.99518428774627
2017-08-29 01:30:00,4,292.908520830707,292.9290462280191
2017-08-29 01:45:00,4,292.84308931384743,292.8634053668003
2017-08-29 02:00:00,4,292.7783320746389,292.7984445437051
2017-08-29 02:15:00,4,292.71449079591895,292.73449334560905
2017-08-29 02:30:00,4,292.65187298302277,292.6719388135633
2017-08-29 02:45:00,4,292.5910685327172,292.61130360792237
2017-08-29 03:00:00,4,292.5327063499639,292.55312310495674
2017-08-29 03:15:00,4,292.477130423834,292.49771698687033
2017-08-29 03:30:00,4,292.4243331290914,292.4450451920288
2017-08-29 03:45:00,4,292.3738616335824,292.39465176698326
2017-08-29 04:00:00,4,292.3250203219517,292.34584239130965
2017-08-29 04:15:00,4,292.27723118645577,292.2980169297077
2017-08-29 04:30:00,4,292.2302467863984,292.2509077397826
2017-08-29 04:45:00,4,292.18414762286824,292.2045954815396
2017-08-29 05:00:00,4,292.1391314326232,292.1593257638592
2017-08-29 05:15:00,4,292.0953500916264,292.11530455016424
2017-08-29 05:30:00,4,292.0527645915075,292.0724823736515
2017-08-29 05:45:00,4,292.0109545552615,292.0305529199491
2017-08-29 06:00:00,4,291.9723668873432,291.9929168845254
2017-08-29 06:15:00,4,291.94935875763156,291.97051844472895
2017-08-29 06:30:00,4,291.95484234074365,291.97605868178795
2017-08-29 06:45:00,4,291.9923001208364,292.01487249440424
2017-08-29 07:00:00,4,292.05208226214154,292.0775312691767
2017-08-29 07:15:00,4,292.153460650005,292.176149288473
2017-08-29 07:30:00,4,292.3057804916172,292.320067992905
2017-08-29 07:45:00,4,292.5001231062595,292.50246429417575
2017-08-29 08:00:00,4,292.7257826424056,292.71276647218076
2017-08-29 08:15:00,4,292.97480191082616,292.9427522755503
2017-08-29 08:30:00,4,293.24472407641196,293.1870843216332
2017-08-29 08:45:00,4,293.53191473192766,293.44726741824934
2017-08-29 09:00:00,4,293.80994467129483,293.7122560570717
2017-08-29 09:15:00,4,294.06912435093506,293.9616300006294
2017-08-29 09:30:00,4,294.30554707137804,294.18459136088006
2017-08-29 09:45:00,4,294.51648617620623,294.38176691624415
2017-08-29 10:00:00,4,294.70658221093174,294.56813437261167
2017-08-29 10:15:00,4,294.8875463990218,294.750771731315
2017-08-29 10:30:00,4,295.0607114445106,294.92734590587963
2017-08-29 10:45:00,4,295.22250295405905,295.0922408781147
2017-08-29 11:00:00,4,295.36930657329145,295.24100085609984
2017-08-29 11:15:00,4,295.4985026660753,295.3714756101092
2017-08-29 11:30:00,4,295.6086420851001,295.4830174470349
2017-08-29 11:45:00,4,295.6992212138872,295.5756250962436
2017-08-29 12:00:00,4,295.770234947351,295.64950378243685
2017-08-29 12:15:00,4,295.8219312952362,295.70492073963726
2017-08-29 12:30:00,4,295.8546969359681,295.7421590523177
2017-08-29 12:45:00,4,295.86948434591613,295.7622326168549
2017-08-29 13:00:00,4,295.8697069288015,295.7679124698717
2017-08-29 13:15:00,4,295.85983578396673,295.76295916004847
2017-08-29 13:30:00,4,295.84352362874813,295.7510538843633
2017-08-29 13:45:00,4,295.8246930765308,295.7359261411013
2017-08-29 14:00:00,4,295.8070296214004,295.7210607058919
2017-08-29 14:15:00,4,295.79265898133144,295.70885980282947
2017-08-29 14:30:00,4,295.78212668756476,295.7000658658371
2017-08-29 14:45:00,4,295.7744225541059,295.6936863222995
2017-08-29 15:00:00,4,295.76762209204355,295.6876665898684
2017-08-29 15:15:00,4,295.75778477884444,295.67986982436395
2017-08-29 15:30:00,4,295.7433561182382,295.66830928297566
2017-08-29 15:45:00,4,295.7247879404435,295.6527060112181
2017-08-29 16:00:00,4,295.70323128324486,295.63396472590375
2017-08-29 16:15:00,4,295.67919519933645,295.61280390420075
2017-08-29 16:30:00,4,295.65186150187606,295.58863344647
2017-08-29 16:45:00,4,295.6186951551326,295.5592258605374
2017-08-29 17:00:00,4,295.57663696328507,295.52154786365395
2017-08-29 17:15:00,4,295.523390848571,295.472928335712
2017-08-29 17:30:00,4,295.4579292800385,295.4123989053078
2017-08-29 17:45:00,4,295.38048508479415,295.34035708357936
2017-08-29 18:00:00,4,295.2923298417643,295.2582973200591
2017-08-29 18:15:00,4,295.19549878087213,295.16830532503553
2017-08-29 18:30:00,4,295.09303616224173,295.0722544608002
2017-08-29 18:45:00,4,294.98659077478925,294.9717239458711
2017-08-29 19:00:00,4,294.87696814293747,294.8684381480426
2017-08-29 19:15:00,4,294.7651252607266,294.7623440416745
2017-08-29 19:30:00,4,294.65119585112933,294.65167494053617
2017-08-29 19:45:00,4,294.52913263386074,294.53599197448796
2017-08-29 20:00:00,4,294.4009660661542,294.41393973689685
2017-08-29 20:15:00,4,294.27203816256315,294.2892726505616
2017-08-29 20:30:00,4,294.14537982133606,294.1666901601826
2017-08-29 20:45:00,4,294.0254571608777,294.04850725781625
2017-08-29 21:00:00,4,293.919044500973,293.9387790185714
2017-08-29 21:15:00,4,293.82393067242987,293.84172459896024
2017-08-29 21:30:00,4,293.73763577485835,293.7560682794591
2017-08-29 21:45:00,4,293.6585690377798,293.67844255959733
2017-08-29 22:00:00,4,293.58578423893266,293.60653480939646
2017-08-29 22:15:00,4,293.51863790403996,293.53955707986216
2017-08-29 22:30:00,4,293.4566296101121,293.47740105020796
2017-08-29 22:45:00,4,293.39941977017475,293.419990078496
2017-08-29 23:00:00,4,293.3468005543619,293.36713562616455
2017-08-29 23:15:00,4,293.2985745851529,293.3185921675046
2017-08-29 23:30:00,4,293.2544646594074,293.2740689172702
2017-08-29 23:45:00,4,293.2140602327024,293.233187598025
2017-08-30 00:00:00,4,293.1768776157925,293.19549586978684
2017-08-30 00:15:00,4,293.1424606614843,293.16053944584894
2017-08-30 00:30:00,4,293.11033958426555,293.12782688505376
2017-08-30 00:45:00,4,293.07979751342276,293.0966997971971
2017-08-30 01:00:00,4,293.05001039594407,293.06639185678466
2017-08-30 01:15:00,4,293.020336406462,293.0362357415685
2017-08-30 01:30:00,4,292.9904087600359,293.0058551198779
2017-08-30 01:45:00,4,292.96021358587285,292.9752918740473
2017-08-30 02:00:00,4,292.9299700987773,292.9447476055319
2017-08-30 02:15:00,4,292.89990578468576,292.914430217816
2017-08-30 02:30:00,4,292.8702071326414,292.8845350289597
2017-08-30 02:45:00,4,292.8411123177893,292.8552788246586
2017-08-30 03:00:00,4,292.8128622484227,292.8268751713161
2017-08-30 03:15:00,4,292.7855965198439,292.7994655260015
2017-08-30 03:30:00,4,292.7593513219457,292.7730846324725
2017-08-30 03:45:00,4,292.7340808242254,292.74767276269785
2017-08-30 04:00:00,4,292.7096676798416,292.72311016988067
2017-08-30 04:15:00,4,292.68597425921564,292.6992583552314
2017-08-30 04:30:00,4,292.66287845745387,292.67599572306324
2017-08-30 04:45:00,4,292.64029556422923,292.6532389081782
2017-08-30 05:00:00,4,292.6181737697444,292.6309397985498
2017-08-30 05:15:00,4,292.59647496217104,292.60906938436557
2017-08-30 05:30:00,4,292.5751677009742,292.58760265796303
2017-08-30 05:45:00,4,292.55426101917413,292.56658017900594
2017-08-30 06:00:00,4,292.53503735625566,292.5476372996253
2017-08-30 06:15:00,4,292.5225353239135,292.5349303947817
2017-08-30 06:30:00,4,292.520615834574,292.5319917416487
2017-08-30 06:45:00,4,292.52837691454323,292.538682348268
2017-08-30 07:00:00,4,292.54204499079106,292.55148044823164
2017-08-30 07:15:00,4,292.5571659773161,292.56580233253464
2017-08-30 07:30:00,4,292.5706117053463,292.57845455458704
2017-08-30 07:45:00,4,292.58180807438146,292.5887666936244
2017-08-30 08:00:00,4,292.59238820795827,292.598467609374
2017-08-30 08:15:00,4,292.60583933991745,292.61100921096573
2017-08-30 08:30:00,4,292.6257671528221,292.6298847838921
2017-08-30 08:45:00,4,292.6537648672769,292.6569418129275
2017-08-30 09:00:00,4,292.6898667278672,292.69247276257204
2017-08-30 09:15:00,4,292.7345190150697,292.73659026789966
2017-08-30 09:30:00,4,292.78867012696185,292.79013680973185
2017-08-30 09:45:00,4,292.8518041956742,292.85369884846574
2017-08-30 10:00:00,4,292.9201405294995,292.9242741780787
2017-08-30 10:15:00,4,293.0004543358274,293.0012760002009
2017-08-30 10:30:00,4,293.09345000336555,293.087440913534
2017-08-30 10:45:00,4,293.1957736441739,293.18402542473166
2017-08-30 11:00:00,4,293.3030413973633,293.28700226544754
2017-08-30 11:15:00,4,293.41560616005535,293.3934588350567
2017-08-30 11:30:00,4,293.53219850971345,293.5066555696668
2017-08-30 11:45:00,4,293.65051510668974,293.62427757928526
2017-08-30 12:00:00,4,293.77256149799996,293.7449551052507
2017-08-30 12:15:00,4,293.89724121639466,293.86729421671055
2017-08-30 12:30:00,4,294.0198686689494,293.9876513628751
2017-08-30 12:45:00,4,294.13382369888404,294.10022747479843
2017-08-30 13:00:00,4,294.2348306686107,294.20062751847456
2017-08-30 13:15:00,4,294.32443438572255,294.2891395857125
2017-08-30 13:30:00,4,294.40716990834756,294.3697510011695
2017-08-30 13:45:00,4,294.48662761303285,294.44687603401155
2017-08-30 14:00:00,4,294.56398867856535,294.5222886794282
2017-08-30 14:15:00,4,294.6374390683124,294.5937807576286
2017-08-30 14:30:00,4,294.702450026405,294.6573326005619
2017-08-30 14:45:00,4,294.7525623419525,294.7071922530903
2017-08-30 15:00:00,4,294.7863199967733,294.740763180756
2017-08-30 15:15:00,4,294.8038852090818,294.7582759332702
2017-08-30 15:30:00,4,294.80634773746266,294.76148793202674
2017-08-30 15:45:00,4,294.7965211602231,294.7531819770072
2017-08-30 16:00:00,4,294.77768125325144,294.7363762444804
2017-08-30 16:15:00,4,294.75208200002623,294.71335800015095
2017-08-30 16:30:00,4,294.72079628868846,294.6852332627571
2017-08-30 16:45:00,4,294.683764611101,294.6518424997719
2017-08-30 17:00:00,4,294.6402967093836,294.6128011556228
2017-08-30 17:15:00,4,294.5894436105986,294.56723064715766
2017-08-30 17:30:00,4,294.5303383604081,294.51436984354666
2017-08-30 17:45:00,4,294.4634403958362,294.4538552128942
2017-08-30 18:00:00,4,294.38922135530856,294.38587106261156
2017-08-30 18:15:00,4,294.3086763717856,294.3114511451522
2017-08-30 18:30:00,4,294.2230386035843,294.2324472498013
2017-08-30 18:45:00,4,294.1342891544691,294.15043194883344
2017-08-30 19:00:00,4,294.04390596161045,294.06333534940535
2017-08-30 19:15:00,4,293.9489434788421,293.97042089915556
2017-08-30 19:30:00,4,293.84241287182834,293.86810343348264
2017-08-30 19:45:00,4,293.7250416764766,293.75537270937383
2017-08-30 20:00:00,4,293.6017455411373,293.6348373773044
2017-08-30 20:15:00,4,293.4836487297352,293.51288125194054
2017-08-30 20:30:00,4,293.3722006792654,293.3988910522395
2017-08-30 20:45:00,4,293.2669906085373,293.2947588906783
2017-08-30 21:00:00,4,293.1678325137731,293.1981162311826
2017-08-30 21:15:00,4,293.07426190373207,293.1065889081513
2017-08-30 21:30:00,4,292.9854591711119,293.0189846012889
2017-08-30 21:45:00,4,292.9003708181866,292.9346569903543
2017-08-30 22:00:00,4,292.81802513132203,292.8529606072318
2017-08-30 22:15:00,4,292.73770708420255,292.7732322011134
2017-08-30 22:30:00,4,292.6587627728336,292.6947452392352
2017-08-30 22:45:00,4,292.58009903034116,292.61648309977994
2017-08-30 23:00:00,4,292.50043955491657,292.5372569747479
2017-08-30 23:15:00,4,292.41888402767705,292.45613981134994
2017-08-30 23:30:00,4,292.33534642022016,292.37309438597055
2017-08-30 23:45:00,4,292.2511605187307,292.2893757017425
2017-08-31 00:00:00,4,292.1683389050874,292.2069663236873
2017-08-31 00:15:00,4,292.0884875057427,292.12759583122977
2017-08-31 00:30:00,4,292.01262433771996,292.0523380628013
2017-08-31 00:45:00,4,291.9416018850733,291.9819158658487
2017-08-31 01:00:00,4,291.8762218534613,291.9169741465919
2017-08-31 01:15:00,4,291.81702347613987,291.8580213988969
2017-08-31 01:30:00,4,291.76440233651516,291.80554635778435
2017-08-31 01:45:00,4,291.7192085570056,291.7603067915313
2017-08-31 02:00:00,4,291.6823885531185,291.72314679745836
2017-08-31 02:15:00,4,291.6543989585098,291.69462922673
2017-08-31 02:30:00,4,291.634709784474,291.67412097751935
2017-08-31 02:45:00,4,291.6208471030482,291.65934058110867
2017-08-31 03:00:00,4,291.6095901345995,291.6472282014498
2017-08-31 03:15:00,4,291.5985270326642,291.63523697252316
2017-08-31 03:30:00,4,291.5860274167956,291.6216256235524
2017-08-31 03:45:00,4,291.57038967576915,291.6049187052031
2017-08-31 04:00:00,4,291.55004363270444,291.5837575547436
2017-08-31 04:15:00,4,291.52406518546246,291.55720955364427
2017-08-31 04:30:00,4,291.49236585695536,291.52521100682515
2017-08-31 04:45:00,4,291.45603352754944,291.4887740859877
2017-08-31 05:00:00,4,291.4166843486909,291.44934021782194
2017-08-31 05:15:00,4,291.3756289596867,291.4083128156212
2017-08-31 05:30:00,4,291.33386093393744,291.366827130051
2017-08-31 05:45:00,4,291.29253503961405,291.32590436292617
2017-08-31 06:00:00,4,291.2528055748958,291.28679444398597
2017-08-31 06:15:00,4,291.22047081761855,291.2565905909208
2017-08-31 06:30:00,4,291.21490386559014,291.2515329922551
2017-08-31 06:45:00,4,291.2487190946965,291.2843778651439
2017-08-31 07:00:00,4,291.3158667803171,291.3532894158817
2017-08-31 07:15:00,4,291.4018746690018,291.4393873069916
2017-08-31 07:30:00,4,291.53179894529904,291.5644882385289
2017-08-31 07:45:00,4,291.70659275558853,291.7319208768135
2017-08-31 08:00:00,4,291.9162505065123,291.92835317704703
2017-08-31 08:15:00,4,292.14632000671685,292.1401054453302
2017-08-31 08:30:00,4,292.38568500651655,292.358158939982
2017-08-31 08:45:00,4,292.63044692462296,292.5776482067682
2017-08-31 09:00:00,4,292.88208204953804,292.79908105696455
2017-08-31 09:15:00,4,293.1219427573983,293.0237290267596
2017-08-31 09:30:00,4,293.34259785637545,293.2358894954217
2017-08-31 09:45:00,4,293.54031050284556,293.422449939849
2017-08-31 10:00:00,4,293.710532244213,293.5849882345405
2017-08-31 10:15:00,4,293.85329672810064,293.72938010662847
2017-08-31 10:30:00,4,293.9778110744257,293.8579310413385
2017-08-31 10:45:00,4,294.0860602765458,293.97082175371924
2017-08-31 11:00:00,4,294.17951985661864,294.0685155899522
2017-08-31 11:15:00,4,294.2592213087849,294.1520749331321
2017-08-31 11:30:00,4,294.3261830284066,294.22297470252556
2017-08-31 11:45:00,4,294.38254296877363,294.28331620304544
2017-08-31 12:00:00,4,294.43069156871087,294.3353673952039
2017-08-31 12:15:00,4,294.4720331810524,294.38070390159623
2017-08-31 12:30:00,4,294.50665447366345,294.41945831130266
2017-08-31 12:45:00,4,294.53336841709717,294.45076769955506
2017-08-31 13:00:00,4,294.55251673825205,294.47453367466807
2017-08-31 13:15:00,4,294.56589087365325,294.49183463924527
2017-08-31 13:30:00,4,294.57505636333633,294.50423895281864
2017-08-31 13:45:00,4,294.5816438470785,294.5133971554306
2017-08-31 14:00:00,4,294.58699942506894,294.5206295311902
2017-08-31 14:15:00,4,294.59151359797073,294.5265330542188
2017-08-31 14:30:00,4,294.5947775442029,294.5309093723877
2017-08-31 14:45:00,4,294.595882734575,294.533005797912
2017-08-31 15:00:00,4,294.59396671341153,294.53188075794907
2017-08-31 15:15:00,4,294.58763146291807,294.5265481379756
2017-08-31 15:30:00,4,294.5749779312361,294.51630162239104
2017-08-31 15:45:00,4,294.5560102509309,294.50057841693365
2017-08-31 16:00:00,4,294.5308741063711,294.47890462787575
2017-08-31 16:15:00,4,294.4993540899539,294.4510578985285
2017-08-31 16:30:00,4,294.4610705362602,294.4166813603477
2017-08-31 16:45:00,4,294.4154885548877,294.3753473627448
2017-08-31 17:00:00,4,294.3621209909934,294.326800912318
2017-08-31 17:15:00,4,294.3006827081063,294.270909254335
2017-08-31 17:30:00,4,294.23113408808507,294.2078190671519
2017-08-31 17:45:00,4,294.15447928064924,294.1381350239283
2017-08-31 18:00:00,4,294.0727255397604,294.0630148852552
2017-08-31 18:15:00,4,293.98762444933465,293.98394256249804
2017-08-31 18:30:00,4,293.90036163849396,293.90207701939096
2017-08-31 18:45:00,4,293.811170954678,293.8188694739424
2017-08-31 19:00:00,4,293.7207823388435,293.7330260601223
2017-08-31 19:15:00,4,293.6267859425083,293.6430592559443
2017-08-31 19:30:00,4,293.52276714944406,293.5440248651261
2017-08-31 19:45:00,4,293.4106752631191,293.43606486622355
2017-08-31 20:00:00,4,293.29427438924404,293.3232510782984
2017-08-31 20:15:00,4,293.18038324285277,293.2093872506352
2017-08-31 20:30:00,4,293.0764452259834,293.10208562148176
2017-08-31 20:45:00,4,292.9808530637979,293.0055692654858
2017-08-31 21:00:00,4,292.89151370262545,292.9179695518299
2017-08-31 21:15:00,4,292.8069859502339,292.8357187075274
2017-08-31 21:30:00,4,292.72640674738045,292.7567237398284
2017-08-31 21:45:00,4,292.6496517557398,292.6807504038791
2017-08-31 22:00:00,4,292.57685098381313,292.6082859375504
2017-08-31 22:15:00,4,292.507747291213,292.5394600793697
2017-08-31 22:30:00,4,292.4418244074509,292.47387461952496
2017-08-31 22:45:00,4,292.3787071918294,292.41104488787306
2017-08-31 23:00:00,4,292.3182461119933,292.350716240292
2017-08-31 23:15:00,4,292.2603378541658,292.292809166819
2017-08-31 23:30:00,4,292.20460304727294,292.23695925569626
2017-08-31 23:45:00,4,292.14978516492477,292.182070249595
2017-09-01 00:00:00,4,292.0942384784979,292.126587284312
