,floorTempAdjustment,hInterior,hExterior,alphaRoof,material_type,windSpeed,wallRoughness
0,-4.491600585167717,1.7074347482641217,2.870370968714799,0.7092391382721889,Heavy,0.5436689024632537,1.7810506810964886
