,0,0,0,0,0,0,0,0,0,0,0,0,0,0,1,1,1,1,1,1,1,1,1,1,1,1,1,1,2,2,2,2,2,2,2,2,2,2,2,2,2,2,3,3,3,3,3,3,3,3,3,3,3,3,3,3,4,4,4,4,4,4,4,4,4,4,4,4,4,4,5,5,5,5,5,5,5,5,5,5,5,5,5,5,6,6,6,6,6,6,6,6,6,6,6,6,6,6,7,7,7,7,7,7,7,7,7,7,7,7,7,7,8,8,8,8,8,8,8,8,8,8,8,8,8,8,9,9,9,9,9,9,9,9,9,9,9,9,9,9,10,10,10,10,10,10,10,10,10,10,10,10,10,10,11,11,11,11,11,11,11,11,11,11,11,11,11,11,12,12,12,12,12,12,12,12,12,12,12,12,12,12,13,13,13,13,13,13,13,13,13,13,13,13,13,13
,dVent,nVent,hVent,Tint,Tout,ToutMinusTint,maxToutVent,minToutVent,WSVent,WDVent,ceilingMinusFloor,outMinusFloor,intWallMinusFloor,extWallMinusFloor,dVent,nVent,hVent,Tint,Tout,ToutMinusTint,maxToutVent,minToutVent,WSVent,WDVent,ceilingMinusFloor,outMinusFloor,intWallMinusFloor,extWallMinusFloor,dVent,nVent,hVent,Tint,Tout,ToutMinusTint,maxToutVent,minToutVent,WSVent,WDVent,ceilingMinusFloor,outMinusFloor,intWallMinusFloor,extWallMinusFloor,dVent,nVent,hVent,Tint,Tout,ToutMinusTint,maxToutVent,minToutVent,WSVent,WDVent,ceilingMinusFloor,outMinusFloor,intWallMinusFloor,extWallMinusFloor,dVent,nVent,hVent,Tint,Tout,ToutMinusTint,maxToutVent,minToutVent,WSVent,WDVent,ceilingMinusFloor,outMinusFloor,intWallMinusFloor,extWallMinusFloor,dVent,nVent,hVent,Tint,Tout,ToutMinusTint,maxToutVent,minToutVent,WSVent,WDVent,ceilingMinusFloor,outMinusFloor,intWallMinusFloor,extWallMinusFloor,dVent,nVent,hVent,Tint,Tout,ToutMinusTint,maxToutVent,minToutVent,WSVent,WDVent,ceilingMinusFloor,outMinusFloor,intWallMinusFloor,extWallMinusFloor,dVent,nVent,hVent,Tint,Tout,ToutMinusTint,maxToutVent,minToutVent,WSVent,WDVent,ceilingMinusFloor,outMinusFloor,intWallMinusFloor,extWallMinusFloor,dVent,nVent,hVent,Tint,Tout,ToutMinusTint,maxToutVent,minToutVent,WSVent,WDVent,ceilingMinusFloor,outMinusFloor,intWallMinusFloor,extWallMinusFloor,dVent,nVent,hVent,Tint,Tout,ToutMinusTint,maxToutVent,minToutVent,WSVent,WDVent,ceilingMinusFloor,outMinusFloor,intWallMinusFloor,extWallMinusFloor,dVent,nVent,hVent,Tint,Tout,ToutMinusTint,maxToutVent,minToutVent,WSVent,WDVent,ceilingMinusFloor,outMinusFloor,intWallMinusFloor,extWallMinusFloor,dVent,nVent,hVent,Tint,Tout,ToutMinusTint,maxToutVent,minToutVent,WSVent,WDVent,ceilingMinusFloor,outMinusFloor,intWallMinusFloor,extWallMinusFloor,dVent,nVent,hVent,Tint,Tout,ToutMinusTint,maxToutVent,minToutVent,WSVent,WDVent,ceilingMinusFloor,outMinusFloor,intWallMinusFloor,extWallMinusFloor,dVent,nVent,hVent,Tint,Tout,ToutMinusTint,maxToutVent,minToutVent,WSVent,WDVent,ceilingMinusFloor,outMinusFloor,intWallMinusFloor,extWallMinusFloor
0,0.0,0.0,17.0,305.3675984750288,305.36249999999995,-0.005098475028830762,308.25,302.84999999999997,8.6875,340.0,0.21068737290485728,0.13462965422901618,-0.04419593978244052,0.4540967402795957,0.0,1.0,23.0,303.01918617487127,298.65,-4.369186174871288,308.25,302.84999999999997,6.1,310.0,-0.23276688690381775,-4.30915063930226,0.5113028148655682,-0.5011089253295893,1.0,0.0,17.0,302.46461821419433,302.4558333333333,-0.008784880861014699,305.25,293.84999999999997,10.043333333333333,320.0,0.2939232317857545,0.08151015920959992,-0.13140188157868712,0.3195893641250507,1.0,1.0,23.0,299.9347185192586,295.84999999999997,-4.084718519258615,305.25,293.84999999999997,7.1,310.0,-0.28665566653545227,-4.080442543943306,0.4603822669774,-0.5861388296504373,2.0,0.0,18.0,302.97569351015056,302.96999999999997,-0.005693510150592829,305.84999999999997,292.15,3.94,18.0,0.10690056476266818,0.11937815744498437,-0.0832951861378793,0.5396290816239855,2.0,1.0,23.0,301.3693624394973,297.45,-3.91936243949732,305.84999999999997,292.15,2.2,270.0,-0.22902689883041205,-3.8570833285942,0.4310357457874166,-0.3663042194257997,3.0,0.0,18.0,305.5614667433688,305.54999999999995,-0.011466743368828247,308.34999999999997,296.04999999999995,2.7333333333333334,224.66666666666666,0.17507331524139147,0.1564105804003333,-0.01310183542192552,0.5577496540173428,3.0,1.0,23.0,303.95228270191427,300.84999999999997,-3.102282701914305,308.34999999999997,296.04999999999995,3.5,300.0,-0.1625890814463844,-2.999394038851179,0.39250411414850817,-0.15982720930746552,4.0,0.0,18.0,306.8204521699779,306.81666666666666,-0.003785503311235061,310.25,295.34999999999997,4.8,116.66666666666667,0.200504488940922,0.17678068862011287,0.033095242902073586,0.49578662706343835,4.0,1.0,23.0,304.9571392932885,300.25,-4.707139293288492,310.25,295.34999999999997,1.6,300.0,-0.15927593126745876,-4.600663536243417,0.42371040214397243,-0.21406052171556667,5.0,0.0,19.0,305.88206368456764,305.875,-0.007063684567640394,309.25,294.45,3.425,267.5,0.07678654410740648,0.1473163740997876,0.015470672725707383,0.5141768127660384,5.0,1.0,23.0,304.6432825586094,301.15,-3.493282558609451,309.25,294.45,1.9,260.0,-0.14073166238506474,-3.3911507261513805,0.34924583195392245,-0.10894328246384077,6.0,0.0,18.0,305.29044764532233,305.2833333333333,-0.00711431198902801,308.75,293.65,7.533333333333333,320.0,0.15834399989640247,0.13358852995601467,0.023424815983484375,0.38434067554388207,6.0,1.0,23.0,303.40774814630265,299.75,-3.6577481463026515,308.75,293.65,4.8,310.0,-0.20128696667458712,-3.5875792777930258,0.43164107307636357,-0.3319798937112921
1,0.0,0.0,18.0,297.9684214754858,297.96666666666664,-0.0017548088191574607,299.84999999999997,295.34999999999997,3.754166666666667,325.0833333333333,0.1687700956607472,0.12992883467505578,-0.05019795043964829,0.48931482070082666,2.0,0.0,19.0,297.2200064386641,297.21666666666664,-0.0033397719974459505,301.34999999999997,290.15,2.2333333333333334,308.3333333333333,0.13274933392308697,0.1413375411547264,0.018968813889377618,0.4095492435419601,3.0,0.0,19.0,301.7527286263625,301.75,-0.002728626362511477,305.84999999999997,291.45,1.125,330.0,0.2503300468012952,0.2429130511491593,0.020429802544384756,0.7207996825318617,3.0,1.0,23.0,300.5019660874613,300.15,-0.35196608746133506,305.84999999999997,291.45,0.5,80.0,0.05987616131795903,-0.15281076411947936,0.4928365496225335,-0.13831815357939092,,,,,,,,,,,,,,,,,,,,,,,,,,,,,,,,,,,,,,,,,,,,,,,,,,,,,,,,,,,,,,,,,,,,,,,,,,,,,,,,,,,,,,,,,,,,,,,,,,,,,,,,,,,,,,,,,,,,,,,,,,,,,,,,,,,,,,,,,,,,
2,0.0,0.0,19.0,305.02587460376407,305.025,-0.0008746037640889881,307.15,296.54999999999995,2.0666666666666664,317.1666666666667,0.39287709104741,0.17344400838976526,-0.041237753495233655,0.46760606149764783,0.0,1.0,23.0,302.77575528434073,294.95,-7.825755284340744,307.15,296.54999999999995,0.0,220.0,-0.20024260648341397,-7.70769304369999,0.6993841558445979,-0.6806373098901304,1.0,0.0,18.0,305.11820058659384,305.09999999999997,-0.018200586593877688,309.34999999999997,287.25,3.2350000000000003,208.83333333333334,0.4704125875224179,0.1750144065507584,-0.16093559821216274,0.6635137513481908,1.0,1.0,23.0,302.77921676078984,295.95,-6.829216760789848,309.34999999999997,287.25,2.1,200.0,-0.1876445517234373,-6.703819820866002,0.7080235987503537,-0.654629519778652,2.0,0.0,19.0,305.0419110816591,305.025,-0.016911081659145566,309.45,289.15,3.04,204.25,0.33824988745701035,0.18069891729250287,-0.12401256951658486,0.713176294154195,2.0,1.0,23.0,303.3638036455668,296.15,-7.213803645566827,309.45,289.15,2.1,190.0,-0.1391575060139303,-7.067508915243778,0.6130308500261256,-0.46280234749333715,3.0,0.0,19.0,306.8505974945005,306.83,-0.020597494500520952,311.15,290.65,3.8133333333333335,200.0,0.3643809864602332,0.2021726169291611,-0.06542499822050256,0.7178608569733029,3.0,1.0,23.0,304.91702277856564,297.95,-6.967022778565649,311.15,290.65,1.5,230.0,-0.12898665386552466,-6.801831153399419,0.675361244093485,-0.4891258423248388,4.0,0.0,18.0,307.01890975586434,307.00333333333333,-0.015576422531012213,311.65,291.15,3.8575,200.0,0.4679016673925531,0.199244520953215,-0.1505832308988365,0.7359887588152247,4.0,1.0,23.0,304.0235585419896,295.04999999999995,-8.973558541989632,311.65,291.15,2.5,200.0,-0.2293141805571679,-8.842235879728605,0.8569539328462147,-0.8817973461609512,5.0,0.0,19.0,306.386402602278,306.375,-0.01140260227799672,310.75,291.15,2.5,200.0,0.412875558518067,0.19437798779665627,-0.14488708948718929,0.7274228957688962,5.0,1.0,23.0,304.12620860984003,296.04999999999995,-8.07620860984008,310.75,291.15,2.3,180.0,-0.18568166344704196,-7.934029151023395,0.7405429855657625,-0.6743569503445599,6.0,0.0,23.0,298.4626712758545,290.15,-8.312671275854541,305.15,290.15,2.4,180.0,-0.3687652015619278,-8.314793454874163,0.7925807345587591,-1.1790254325022858,,,,,,,,,,,,,,
3,3.0,0.0,18.0,297.39934034230237,297.3933333333333,-0.006007008969049821,300.34999999999997,287.45,2.5166666666666666,180.0,0.19757976120220633,0.14521205209211985,-0.06632904341893682,0.5225441554183448,4.0,0.0,20.0,302.2382380331809,302.23749999999995,-0.0007380331809372365,306.34999999999997,289.25,0.9583333333333334,300.0,0.1675918028852692,0.26514284599301163,0.05652476473664573,0.7856523231099573,4.0,1.0,23.0,301.19126527792446,295.25,-5.941265277924458,306.34999999999997,289.25,1.3,100.0,-0.0672958235639527,-5.676734512213599,0.6112050094870511,-0.2751267807591091,5.0,0.0,18.0,302.1158646641115,302.10749999999996,-0.008364664111525144,305.54999999999995,292.54999999999995,3.2125,144.25,0.3324101259362209,0.1991157927353271,-0.12703416482530847,0.8189589340405945,5.0,1.0,23.0,299.2957751196077,294.84999999999997,-4.445775119607731,305.54999999999995,292.54999999999995,2.5,90.0,-0.20816827717419528,-4.285960197445021,0.8061363523816141,-0.8092425281546127,,,,,,,,,,,,,,,,,,,,,,,,,,,,,,,,,,,,,,,,,,,,,,,,,,,,,,,,,,,,,,,,,,,,,,,,,,,,,,,,,,,,,,,,,,,,,,,,,,,,,,,,,,,,,,,,,,,,,,,,,,,,,,
4,0.0,0.0,18.0,306.44434642795153,306.42999999999995,-0.014346427951579699,309.15,301.45,5.44,162.0,0.2351456929231972,0.15053536858370364,0.0038971598363654416,0.4689954243781358,0.0,1.0,23.0,304.5371341141496,300.15,-4.387134114149603,309.15,301.45,0.0,120.0,-0.13916861253676416,-4.29641355123681,0.5266240226462173,-0.45631510850577683,1.0,0.0,19.0,307.05646773399496,307.04999999999995,-0.006467733995009439,310.34999999999997,296.15,3.126666666666667,168.66666666666666,0.1904236708621454,0.17083117471669595,-0.06199454771052141,0.6574029532327756,1.0,1.0,23.0,305.6081433414282,301.04999999999995,-4.558143341428263,310.34999999999997,296.15,2.1,150.0,-0.10140715259052513,-4.440868038321341,0.4942261719888658,-0.3287535913360955,2.0,0.0,19.0,306.54205364984284,306.52,-0.022053649842860068,310.15,293.45,7.3149999999999995,164.75,0.2089287844671759,0.14309458046865586,-0.039876348461343504,0.5575311372969622,2.0,1.0,23.0,304.95499710369336,300.15,-4.804997103693381,310.15,293.45,3.4,190.0,-0.12108672162030132,-4.704920013642564,0.49462085767869723,-0.3910514594562784,3.0,0.0,19.0,303.40190372490036,303.38,-0.02190372490036907,306.15,292.15,5.9425,159.5,0.1634923037172058,0.08996460226526892,-0.1203413642936179,0.5018730453716813,3.0,1.0,23.0,302.02692063252863,297.65,-4.376920632528652,306.15,292.15,5.1,210.0,-0.1579299080705283,-4.321595959087645,0.4082640021048623,-0.3978302983836812,4.0,0.0,19.0,301.7225227511704,301.7033333333333,-0.019189417837083056,305.04999999999995,288.25,3.56,183.0,0.1453771964622348,0.0890176270302021,-0.16821953714577376,0.5678352633133414,4.0,1.0,23.0,300.43192061620255,295.95,-4.481920616202558,305.04999999999995,288.25,0.2,310.0,-0.16818752826829098,-4.431480587672127,0.42713463027347603,-0.454205370701942,5.0,0.0,19.0,304.98717284208897,304.97249999999997,-0.01467284208899855,309.04999999999995,291.15,2.393333333333333,198.25,0.17900733038842986,0.16501676295641232,-0.03783513738443863,0.6196254317574983,5.0,1.0,23.0,303.36675124321096,297.04999999999995,-6.316751243211002,309.04999999999995,291.15,1.6,300.0,-0.13352229081490918,-6.208047331851873,0.5669753269658647,-0.4944303116699018,6.0,0.0,19.0,307.0422671670598,307.04166666666663,-0.0006005003931477404,310.34999999999997,292.15,3.458333333333333,170.0,0.22991777657971113,0.19935608955208295,-0.020625171838896488,0.6563931455838201,6.0,1.0,23.0,304.679946048685,298.84999999999997,-5.829946048685031,310.34999999999997,292.15,0.0,270.0,-0.17013198145713204,-5.721649949934019,0.7334633531803595,-0.728263395013272
5,0.0,0.0,19.0,306.6777039940755,306.66999999999996,-0.007703994075541232,309.84999999999997,300.65,4.82,300.0,0.22203902027041522,0.16732312761675416,-0.04495652714908734,0.563338652143301,0.0,1.0,23.0,305.3074148500092,301.95,-3.3574148500092065,309.84999999999997,300.65,3.1,290.0,-0.03960279256628496,-3.216011686332294,0.5179061115302517,-0.43652662631754424,2.0,0.0,19.0,311.29508679234664,311.28666666666663,-0.008420125680004276,315.34999999999997,298.15,4.396666666666667,270.3333333333333,0.3012947163465327,0.24584038238057815,-0.02354160741964506,0.7955023564200303,2.0,1.0,23.0,309.929421671984,305.04999999999995,-4.879421671984062,315.34999999999997,298.15,3.6,300.0,0.019197288672387458,-4.6452303270971385,0.6436316850196325,-0.4177386993631984,3.0,0.0,18.0,307.42411454079456,307.4033333333333,-0.02078120746125478,309.84999999999997,296.75,8.593333333333332,310.0,0.27597199502453407,0.1186652708264404,-0.1787959906435598,0.6563326608389559,3.0,1.0,23.0,304.4746047738221,296.84999999999997,-7.624604773822114,309.84999999999997,296.75,6.8,310.0,-0.23560065597224877,-7.522094802016113,0.9377308735706341,-1.3707188942847779,4.0,0.0,19.0,300.21277834838907,300.2,-0.012778348389076655,302.95,289.95,5.1,295.25,0.1040056749837106,0.009163808161673614,-0.32312584229090174,0.5011168477619066,4.0,1.0,23.0,299.1857575770669,296.34999999999997,-2.8357575770669428,302.95,289.95,3.0,330.0,-0.15734603946317804,-2.8283038921165655,0.314861159047292,-0.5375434369422436,5.0,0.0,20.0,303.3129877031962,303.31,-0.0029877031961973444,307.54999999999995,289.34999999999997,5.819999999999999,310.0,0.21967644188212887,0.14912139364025734,-0.20430331180332453,0.7276190313550899,5.0,1.0,23.0,302.26730080565244,299.04999999999995,-3.217300805652485,307.54999999999995,289.34999999999997,5.6,310.0,-0.036860976286646974,-3.0928026248423635,0.4298066685700614,-0.36813930319772226,6.0,0.0,19.0,305.2550079380994,305.255,-7.938099429338763e-06,308.75,292.65,7.324999999999999,307.25,0.26538597912370676,0.17989624737275278,-0.08853632692701296,0.628140228460424,6.0,1.0,23.0,303.39484049335994,297.95,-5.444840493359948,308.75,292.65,7.6,300.0,-0.11397206662448411,-5.303648260816928,0.6918725122916101,-0.7888428424715528,,,,,,,,,,,,,,,,,,,,,,,,,,,,
6,0.0,0.0,20.0,301.0453295192856,301.03999999999996,-0.005329519285623974,303.04999999999995,296.65,3.8,194.0,0.14807084749372734,0.141585719175211,0.013208682037680811,0.4415102673459046,0.0,1.0,23.0,300.07275016266965,297.45,-2.6227501626696608,303.04999999999995,296.65,6.0,310.0,-0.050600877535501354,-2.5157167895255554,0.3807581825689823,-0.22538918738119662,1.0,0.0,20.0,303.0856914126783,303.0575,-0.02819141267826808,305.95,292.04999999999995,2.4175,92.5,0.22062994265743896,0.16603063348880198,-0.07075550524362484,0.7282476656362746,1.0,1.0,23.0,301.38728378648614,296.54999999999995,-4.837283786486182,305.95,292.04999999999995,2.8,340.0,-0.10135667167456575,-4.702630171892636,0.6810409774207974,-0.6515609124068931,2.0,0.0,20.0,305.2037402333229,305.19,-0.013740233322891982,308.75,293.75,3.56,172.0,0.23960707392963343,0.21117054469210927,0.02399001422982394,0.6657504595749373,2.0,1.0,23.0,303.59975982125843,299.25,-4.349759821258431,308.75,293.75,0.0,330.0,-0.04545090622771397,-4.186062442706316,0.6270862202301591,-0.45796739571400735,3.0,0.0,19.0,298.56610489246793,298.5625,-0.003604892467933496,300.84999999999997,292.54999999999995,7.7125,151.25,0.0914457834851703,0.05823889567673746,-0.07396572130857255,0.2791773886067972,3.0,1.0,23.0,297.5474630889365,295.25,-2.2974630889365244,300.84999999999997,292.54999999999995,8.3,150.0,-0.1145182103594351,-2.270416796869128,0.29872825994274405,-0.35687667675475154,6.0,0.0,20.0,301.3159907578666,301.31166666666667,-0.004324091199919167,304.15,291.54999999999995,3.945,153.16666666666666,0.20897415192419544,0.1949573016809154,0.013993751787703937,0.5949804189505699,6.0,1.0,23.0,300.2678974515792,297.34999999999997,-2.917897451579222,304.15,291.54999999999995,0.0,190.0,-0.016261770062570235,-2.7661557981038385,0.47870463020091353,-0.2562713520885751,,,,,,,,,,,,,,,,,,,,,,,,,,,,,,,,,,,,,,,,,,,,,,,,,,,,,,,,
7,0.0,0.0,17.0,304.90431516917624,304.9,-0.004315169176265954,308.65,298.54999999999995,5.76,260.0,1.3488693308194968,0.18402614235947112,-0.18902934914443867,0.19082375231435833,0.0,1.0,23.0,302.831401796992,296.95,-5.881401796992009,308.65,298.54999999999995,0.0,270.0,-0.48514410346008674,-5.637092628391429,0.688733109520328,-0.1038194970958699,1.0,0.0,18.0,305.6174224054529,305.6133333333333,-0.0040890721195978585,308.65,292.04999999999995,4.705,270.0,0.9720927900492455,0.20750039094548356,-0.013167469064129023,0.18538817526392393,1.0,1.0,23.0,303.3705299200827,296.34999999999997,-7.0205299200827085,308.65,292.04999999999995,0.0,270.0,-0.5095027803993446,-6.775965856579106,0.7207615716436019,-0.18104011070978743,2.0,0.0,17.0,304.556185496145,304.54999999999995,-0.006185496145064917,307.54999999999995,289.34999999999997,4.516666666666667,280.0,1.3104172747517708,0.14028836807365508,-0.19837042297085836,0.05927598524147015,2.0,1.0,23.0,302.25542701610686,293.65,-8.605427016106887,307.54999999999995,289.34999999999997,1.9,270.0,-0.5753377194422455,-8.390202352582776,0.7490861161378461,-0.32906523554595424,3.0,0.0,23.0,299.9872931069284,291.34999999999997,-8.637293106928439,305.84999999999997,288.15,2.5,270.0,-0.6183396940140256,-8.46959833458861,0.7125838790678074,-0.41603702096833217,4.0,0.0,17.0,301.3858776558834,301.3833333333333,-0.002544322550079414,304.75,289.25,5.613333333333333,260.0,1.0331101535135332,0.11645487674769583,-0.1911188999772501,0.07826670905433275,4.0,1.0,23.0,299.3755400459204,291.95,-7.4255400459204,304.75,289.25,2.2,270.0,-0.5801841456643189,-7.257373230472936,0.637651647467384,-0.2889240396144288,5.0,0.0,17.0,302.3152912378059,302.31,-0.005291237805920446,306.34999999999997,288.75,4.745,280.0,1.0130056786749577,0.15563051075920953,-0.14657128759879848,0.16910603732316076,5.0,1.0,23.0,300.08258023492016,293.04999999999995,-7.032580234920204,306.34999999999997,288.75,2.5,270.0,-0.5598054936742898,-6.839628708999015,0.6806908973059317,-0.2737589235049427,6.0,0.0,18.0,303.3341905805095,303.3233333333333,-0.01085724717620451,307.54999999999995,290.45,5.033333333333333,277.6666666666667,0.7516758338976928,0.1906387701235417,-0.015876327789428046,0.2577827890680737,6.0,1.0,23.0,301.3849833881806,295.84999999999997,-5.534983388180649,307.54999999999995,290.45,0.2,280.0,-0.48762202098269825,-5.322496970034507,0.6026461773613695,-0.07199539089833706,,,,,,,,,,,,,,
8,0.0,0.0,18.0,311.9043599620719,311.90166666666664,-0.0026932954052654168,314.25,307.34999999999997,8.105833333333333,320.0,0.508418507864036,0.19017103165982974,-0.028642027831490207,0.44801792023849885,0.0,1.0,23.0,309.59007525938523,304.75,-4.84007525938523,314.25,307.34999999999997,5.9,310.0,-0.07738217078782839,-4.684383258368868,0.6475976800299558,-0.5526076580441526,1.0,0.0,18.0,311.34706308961273,311.34,-0.007063089612756812,314.25,295.45,6.16,325.6666666666667,0.47261684379763835,0.16822128338255027,-0.07855711376303987,0.4770622012369472,1.0,1.0,23.0,309.0384416445668,302.84999999999997,-6.188441644566808,314.25,295.45,4.4,320.0,-0.11824060388634905,-6.044619671706542,0.688749442290837,-0.6886490553878417,2.0,0.0,18.0,309.9107222168981,309.8983333333333,-0.012388883564767639,312.25,296.25,7.9125000000000005,313.4166666666667,0.4473846465554061,0.13180229507227637,-0.11553565067389115,0.44037906483224276,2.0,1.0,23.0,307.51618024287166,302.95,-4.566180242871667,312.25,296.25,5.0,320.0,-0.14278422189421747,-4.455558078543149,0.6793923470436454,-0.7491521054336943,3.0,0.0,18.0,309.51872470601427,309.5183333333333,-0.0003913726809514628,311.54999999999995,296.45,7.670833333333333,320.0,0.387114628971716,0.14481014178166163,-0.10358659333473004,0.4781431395340121,3.0,1.0,23.0,307.5793365679434,303.04999999999995,-4.52933656794346,311.54999999999995,296.45,6.1,310.0,-0.11176057709664633,-4.409133077627985,0.5929462742047585,-0.5832498557908821,4.0,0.0,18.0,309.58113813867794,309.5683333333333,-0.012804805344615033,311.95,295.95,9.342500000000001,320.0,0.44192508722075274,0.13580726742229388,-0.12470003929119382,0.4797221550640529,4.0,1.0,23.0,307.4557181672446,303.65,-3.8057181672446063,311.95,295.95,2.3,290.0,-0.10980380405291612,-3.6900257864060535,0.5974281616617247,-0.5771876615602451,5.0,0.0,18.0,309.9291028364457,309.92499999999995,-0.0041028364457247335,312.15,296.04999999999995,7.791666666666667,320.0,0.4348106477084883,0.1537299194238244,-0.0799729004405189,0.44359708918189256,5.0,1.0,23.0,307.79380029321504,303.04999999999995,-4.743800293215088,312.15,296.04999999999995,6.2,310.0,-0.10417758798932653,-4.62020371640773,0.6090447653169898,-0.5919107141806847,6.0,0.0,23.0,305.95594581261105,299.75,-6.2059458126110485,310.25,296.54999999999995,6.8,310.0,-0.1799134406237073,-6.124097136954248,0.6500605861664184,-0.8261969942239631,,,,,,,,,,,,,,
9,0.0,0.0,19.0,308.65039309607994,308.65,-0.0003930960799607419,311.15,300.65,4.45,249.0,0.28760840137428545,0.15995801920733754,-0.00815515313948841,0.4286362329195441,0.0,1.0,23.0,306.0420125346299,298.95,-7.09201253462993,311.15,300.65,0.4,210.0,-0.21644934621670586,-7.012183238601011,0.7422905209803332,-0.854685063678815,1.0,0.0,19.0,309.71261716092107,309.69166666666666,-0.020950494254407204,314.04999999999995,289.95,7.7,232.5,0.3275312588388175,0.1744099799635137,0.011795274484337407,0.5007603359171782,1.0,1.0,23.0,307.4383196260103,300.15,-7.2883196260103205,314.04999999999995,289.95,3.6,250.0,-0.15180871018172581,-7.17199271895376,0.657346903722645,-0.6137236240253969,2.0,0.0,18.0,309.3559761242522,309.35249999999996,-0.003476124252244972,313.65,293.45,6.165,248.25,0.4088717283938905,0.17108730462992128,-0.005332977564729428,0.3822114835018482,2.0,1.0,23.0,306.90368659661823,300.25,-6.653686596618229,313.65,293.45,2.7,250.0,-0.17234848742779718,-6.560242171886571,0.628003426508343,-0.6315072968372704,3.0,0.0,23.0,304.22618792454335,300.84999999999997,-3.3761879245433875,310.15,296.34999999999997,4.6,220.0,-0.17332175289145368,-3.351302530096916,0.39037433913619185,-0.4341314350710661,4.0,0.0,17.0,305.61115638318853,305.58,-0.031156383188545078,308.25,295.34999999999997,5.5200000000000005,130.0,0.42365589754837174,0.0642838563397703,-0.1814186168953853,0.34695124253209997,4.0,1.0,23.0,302.2661343274334,297.54999999999995,-4.716134327433451,308.25,295.34999999999997,3.0,230.0,-0.23965823732682168,-4.719187289302312,0.5074271651095662,-0.7234627541805594,6.0,0.0,17.0,307.2023251020853,307.2,-0.0023251020853081172,308.84999999999997,298.95,8.515,240.0,0.5105481970041126,0.12997327332327302,-0.07797100556828696,0.26096742351661817,6.0,1.0,23.0,304.9474711208916,301.34999999999997,-3.597471120891612,308.84999999999997,298.95,4.6,220.0,-0.14825212297515122,-3.536480782263112,0.454013573396125,-0.429417744173179,,,,,,,,,,,,,,,,,,,,,,,,,,,,,,,,,,,,,,,,,,
10,0.0,0.0,23.0,300.02139646505617,295.84999999999997,-4.171396465056205,305.25,295.84999999999997,7.1,310.0,-0.1809163274952823,-4.195073425907708,0.4784361706922719,-0.7895660993394813,1.0,0.0,18.0,303.13410869969323,303.12166666666667,-0.01244203302655933,305.84999999999997,292.15,3.9516666666666667,17.416666666666668,0.15046764656548817,0.10018091523335215,-0.11635027382258063,0.5091250592763856,1.0,1.0,23.0,301.37765114053235,297.45,-3.9276511405323618,305.84999999999997,292.15,2.2,270.0,-0.10406878642118045,-3.888049506253651,0.4531565428871052,-0.5698972070385366,2.0,0.0,18.0,305.71449831569123,305.7,-0.014498315691241714,308.34999999999997,296.04999999999995,2.7583333333333333,225.16666666666666,0.19567473829960136,0.13813639833122693,-0.03813829157128149,0.5250352593417915,2.0,1.0,23.0,304.0344917886562,300.84999999999997,-3.18449178865626,308.34999999999997,296.04999999999995,3.5,300.0,-0.0374666762284761,-3.1025567912049326,0.39421598735710006,-0.3318759415822825,3.0,0.0,18.0,306.9613862910342,306.95,-0.011386291034227725,310.25,295.34999999999997,4.975,117.5,0.2056124106067614,0.15314618412652692,0.02799821584516356,0.4438255376097686,3.0,1.0,23.0,304.9945957954753,300.25,-4.744595795475277,310.25,295.34999999999997,1.6,300.0,-0.03969630830498261,-4.660348363305033,0.42393481470124544,-0.3917007465615683,4.0,0.0,19.0,306.08147902113365,306.075,-0.00647902113365717,309.25,294.45,3.145,306.1666666666667,0.15571233029886855,0.13708296577627266,-0.017224405167103402,0.4666454491383547,4.0,1.0,23.0,304.7582754093107,301.15,-3.6082754093107496,309.25,294.45,1.9,260.0,-0.022136374123405744,-3.5234149729611772,0.3562020125218292,-0.2746554858135539,5.0,0.0,18.0,305.30808270838065,305.2966666666666,-0.011416041714028324,308.75,293.65,7.526666666666666,320.0,0.15833534679435957,0.11466652769200891,0.017781370788180578,0.34613800902681646,5.0,1.0,23.0,303.3521941691371,299.75,-3.6021941691370785,308.75,293.65,4.8,310.0,-0.08015983287785389,-3.5524717346800827,0.42873215271604675,-0.4850471670037422,6.0,0.0,18.0,304.6070121366529,304.60499999999996,-0.002012136652922436,307.54999999999995,291.54999999999995,2.755,227.5,0.1523230144944847,0.12140102707644473,-0.03273856827231233,0.4202059437680248,6.0,1.0,23.0,303.1555657435407,300.04999999999995,-3.105565743540751,307.54999999999995,291.54999999999995,2.5,190.0,-0.05020531755407376,-3.0454092043930387,0.35281605516774067,-0.3387494034719083,,,,,,,,,,,,,,
11,0.0,0.0,18.0,299.2445204170217,299.24333333333334,-0.0011870836883645097,301.45,292.75,7.716666666666666,360.0,0.19505621812781726,0.13782736980685684,-0.07017145375901634,0.5058109258328187,0.0,1.0,23.0,297.76969632816093,295.25,-2.519696328160933,301.45,292.75,5.0,350.0,-0.056961563841753104,-2.424989940177639,0.4474804857975225,-0.4057266223535265,1.0,0.0,18.0,301.121912525726,301.1166666666667,-0.005245859059300528,304.25,291.04999999999995,2.3000000000000003,296.6666666666667,0.2904278304478254,0.17756035889330235,-0.16904211342516362,0.798316401682456,1.0,1.0,23.0,297.8482883308462,292.34999999999997,-5.498288330846208,304.25,291.04999999999995,4.1,300.0,-0.18224230971611632,-5.399648455353002,0.9157185667191783,-1.2076104612606287,2.0,0.0,18.0,301.7074263808397,301.70416666666665,-0.0032597141730548174,305.95,287.75,1.5,202.91666666666666,0.3240609858051471,0.20552376114670778,-0.25800964780740304,1.0097646291585818,2.0,1.0,23.0,297.84314967560107,289.75,-8.093149675601069,305.95,287.75,1.5,340.0,-0.21787326384495032,-7.986903635761777,1.0633301173944574,-1.4651288783954755,3.0,0.0,18.0,301.8379829448514,301.81666666666666,-0.021316278184713155,306.95,285.15,1.5666666666666667,188.0,0.3305880383474147,0.203326300125795,-0.270759477393644,1.0716053256996219,3.0,1.0,23.0,298.2682627164678,288.75,-9.518262716467802,306.95,285.15,0.2,330.0,-0.2024830940434157,-9.3847231970188,1.0773051640066929,-1.4651569811328926,4.0,0.0,18.0,302.180952069442,302.15,-0.0309520694420371,307.04999999999995,286.15,0.8933333333333334,208.0,0.3521809436979595,0.19899747484868158,-0.2754974229822835,1.097294614997935,4.0,1.0,23.0,298.6089832693267,290.25,-8.3589832693267,307.04999999999995,286.15,1.7,280.0,-0.21367567360502449,-8.214959232229745,1.185482709656976,-1.5957445045025906,5.0,0.0,18.0,301.612822317367,301.5908333333333,-0.021988984033669112,307.04999999999995,287.65,2.8091666666666666,140.75,0.34394346573245116,0.1929173621506095,-0.29576552207562185,1.0627753374468796,5.0,1.0,23.0,298.4055175183705,290.25,-8.155517518370516,307.04999999999995,287.65,0.2,10.0,-0.1562645140203216,-8.0267853495817,0.91671348894765,-1.1938359336694617,6.0,0.0,18.0,300.97205527192665,300.94,-0.032055271926651585,305.95,285.04999999999995,1.945,136.75,0.3259953033030598,0.17288246840327304,-0.3196375034290213,1.0809525727058258,6.0,1.0,23.0,297.843355604036,289.75,-8.093355604035992,305.95,285.04999999999995,2.0,300.0,-0.16388431330072706,-7.9714408190562835,0.9105357088815916,-1.204535165961218
12,0.0,0.0,17.0,302.0808875909249,302.075,-0.005887590924885444,308.04999999999995,299.54999999999995,3.775,280.0,0.3638460040254614,0.2616695318099431,0.007322295631903823,0.7229374258787686,0.0,1.0,23.0,299.29900317464364,294.75,-4.549003174643644,308.04999999999995,299.54999999999995,0.0,270.0,-0.11249475247936402,-4.367116197133484,0.7512944166941367,-0.6823233157159052,1.0,0.0,17.0,297.95042104229583,297.9433333333333,-0.007087708962501438,302.04999999999995,288.84999999999997,4.553333333333333,270.0,0.2902303699383708,0.13632348541477768,-0.21213871164862041,0.6373326707650762,3.0,0.0,18.0,297.4171824529812,297.4,-0.01718245298121701,301.34999999999997,288.75,3.0,275.0,0.1904028162262108,0.13780830103863195,-0.08564532217253884,0.595269114725923,4.0,0.0,18.0,298.18074304360374,298.17499999999995,-0.005743043603786191,302.04999999999995,288.75,3.875,271.25,0.21971833059197365,0.17158257852311465,-0.062043646803701336,0.5882219412687988,,,,,,,,,,,,,,,,,,,,,,,,,,,,,,,,,,,,,,,,,,,,,,,,,,,,,,,,,,,,,,,,,,,,,,,,,,,,,,,,,,,,,,,,,,,,,,,,,,,,,,,,,,,,,,,,,,,,,,,,,,,,,,
13,4.0,0.0,19.0,299.1666480094335,299.155,-0.011648009433542938,304.15,286.45,5.015,320.0,0.2956862777061815,0.27616127527083734,-0.008887999063228827,0.9058434510439213,4.0,1.0,23.0,297.84259251853,295.95,-1.892592518530023,304.15,286.45,3.9,280.0,0.019736473197866644,-1.6578636233645199,0.536501683965715,-0.08260157917827371,5.0,0.0,19.0,300.9656965072068,300.96,-0.005696507206835122,305.34999999999997,289.25,3.0675,195.25,0.26508295099357326,0.2734982468415126,0.14101016686142506,0.6408492037892017,5.0,1.0,23.0,299.4745970858687,296.95,-2.52459708586872,305.34999999999997,289.25,3.5,330.0,-0.015344854740050096,-2.2930830256146493,0.6170303869688212,-0.25631303706552444,,,,,,,,,,,,,,,,,,,,,,,,,,,,,,,,,,,,,,,,,,,,,,,,,,,,,,,,,,,,,,,,,,,,,,,,,,,,,,,,,,,,,,,,,,,,,,,,,,,,,,,,,,,,,,,,,,,,,,,,,,,,,,,,,,,,,,,,,,,,
14,1.0,0.0,17.0,300.09050870800127,300.08,-0.01050870800128223,304.65,289.84999999999997,2.5858333333333334,260.0,0.6044928341376021,0.19032194257799517,-0.1748955706439356,0.6128768018174213,1.0,1.0,23.0,297.7643123486166,293.65,-4.114312348616636,304.65,289.84999999999997,1.5,270.0,-0.14940357599098775,-3.9734916938090805,0.5797768808456804,-0.44113811461029684,2.0,0.0,17.0,299.6955483298385,299.695,-0.0005483298385229318,303.54999999999995,290.45,3.345833333333333,290.0,0.5467827605898634,0.17677573053084927,-0.23454595604397355,0.6659589088264255,2.0,1.0,23.0,297.18783998925335,293.65,-3.5378399892533707,303.54999999999995,290.45,0.2,190.0,-0.17225716675233116,-3.422514177906578,0.5713762936450782,-0.4894558688105093,6.0,0.0,17.0,297.45494198224503,297.4508333333333,-0.0041086489117105884,300.95,288.15,3.6866666666666665,278.5833333333333,0.5657797124737982,0.1539055043610631,-0.17604205410255722,0.47258490697936395,,,,,,,,,,,,,,,,,,,,,,,,,,,,,,,,,,,,,,,,,,,,,,,,,,,,,,,,,,,,,,,,,,,,,,,,,,,,,,,,,,,,,,,,,,,,,,,,,,,,,,,,,,,,,,,,,,,,,,,,,,,,,,
15,2.0,0.0,19.0,299.17406121966036,299.16666666666663,-0.0073945529937304855,302.45,287.34999999999997,1.1491666666666667,80.25,0.1090585247760032,0.14435940501221012,-0.08432264933280464,0.6353660304381776,2.0,1.0,23.0,298.0036304819557,294.15,-3.853630481955747,302.45,287.34999999999997,2.7,350.0,-0.12838589333625805,-3.71282879060567,0.47194424096817045,-0.4029516546712415,3.0,0.0,18.0,304.02047907098665,304.005,-0.015479070986657462,308.04999999999995,292.04999999999995,1.9133333333333333,293.5,0.23756873797229616,0.2359395622171121,-0.004142865698578173,0.7997210526034735,3.0,1.0,23.0,302.4577204840642,300.25,-2.2077204840642253,308.04999999999995,292.04999999999995,2.7,300.0,-0.03315902230916379,-1.9987843131634975,0.5283915935732656,-0.19888370222014373,4.0,0.0,18.0,305.7102993617066,305.71,-0.0002993617065953913,309.25,295.65,2.3333333333333335,103.66666666666667,0.23924935282877868,0.24415976824572283,0.03531471385000392,0.7075090180891976,4.0,1.0,23.0,303.6850726312847,300.75,-2.9350726312846973,309.25,295.65,2.8,320.0,-0.09191035772765588,-2.7239638281654948,0.6809957906483817,-0.4858475447268802,5.0,0.0,17.0,305.7712785164913,305.77,-0.0012785164913111657,309.75,296.45,2.7216666666666667,90.0,0.2624761264148674,0.2233673172456605,0.005616975415478009,0.6377169461543417,5.0,1.0,23.0,303.135991198768,299.15,-3.9859911987680334,309.75,296.45,3.0,320.0,-0.15351851854323684,-3.810520597241606,0.7369720264883123,-0.6945698547363577,6.0,0.0,19.0,303.5404141547744,303.53499999999997,-0.0054141547744279706,306.95,294.04999999999995,0.0025,121.83333333333333,0.10053858844095487,0.16734525301959025,0.06388252660985927,0.44501466857889227,6.0,1.0,23.0,301.9476969968448,298.65,-3.29769699684482,306.95,294.04999999999995,1.6,330.0,-0.1306605990661467,-3.1529649442234273,0.542530470730218,-0.46493600146035874,,,,,,,,,,,,,,,,,,,,,,,,,,,,,,,,,,,,,,,,,,,,,,,,,,,,,,,,
16,1.0,0.0,18.0,299.27925824620996,299.27,-0.00925824620998128,301.04999999999995,292.54999999999995,2.675,270.5,0.19539373877690025,0.09769302703352878,-0.03368738490550527,0.32547648440358046,1.0,1.0,23.0,297.5583299017182,295.25,-2.3083299017181957,301.04999999999995,292.54999999999995,2.5,50.0,-0.1791540372303615,-2.2574033996487373,0.45394686086847,-0.4950013268118596,2.0,0.0,18.0,301.18651548300215,301.17999999999995,-0.006515483002203837,303.15,294.25,2.275,241.75,0.21996335332464412,0.14159850759659776,0.023512815926466146,0.38135502314317193,2.0,1.0,23.0,299.2782060772654,296.15,-3.1282060772654177,303.15,294.25,0.0,250.0,-0.16590943842210493,-3.039117568098689,0.5632148686171851,-0.5759013634795167,3.0,0.0,18.0,301.740053370361,301.73999999999995,-5.337036105856896e-05,304.15,296.15,3.2933333333333334,264.8333333333333,0.2439374930621483,0.1478553552477564,0.06645855915935783,0.29045801519922065,3.0,1.0,23.0,299.6893685979318,296.15,-3.539368597931798,304.15,296.15,1.3,60.0,-0.16758336962591613,-3.4561507070108064,0.5446927003688747,-0.5632971874332213,4.0,0.0,17.0,302.720108610712,302.71999999999997,-0.00010861071200451988,305.15,296.15,2.8625,270.0,0.35973122746507613,0.1680858234038567,-0.05564185788957824,0.4704925096918515,4.0,1.0,23.0,300.14382812498087,296.15,-3.993828124980894,305.15,296.15,0.2,100.0,-0.19400320042386454,-3.9037140189313533,0.630356071413298,-0.7112304249917258,5.0,0.0,17.0,301.12868933961454,301.125,-0.003689339614538767,302.25,296.15,3.315,250.0,0.25292035636721266,0.11585937999693385,0.002849038562786177,0.2675557326497824,5.0,1.0,23.0,299.00257585881883,296.25,-2.7525758588188296,302.25,296.15,0.0,130.0,-0.17513608087372745,-2.7014020417662294,0.45781710841713635,-0.4945441485024986,,,,,,,,,,,,,,,,,,,,,,,,,,,,,,,,,,,,,,,,,,,,,,,,,,,,,,,,
17,0.0,0.0,19.0,300.8882153604536,300.8633333333333,-0.024882027120327166,303.65,296.15,0.5575,160.0,0.1719638271098205,0.11418292040431766,-0.057586585699842395,0.5063736011830571,0.0,1.0,23.0,298.58535220556826,294.25,-4.335352205568256,303.65,296.15,2.9,210.0,-0.14508360074651705,-4.282614384485697,0.5770384006667655,-0.6843950841565345,1.0,0.0,17.0,301.75516648332007,301.75083333333333,-0.004333149986734952,305.25,293.75,2.085,210.83333333333334,0.27409430801746737,0.15738638805855487,-0.033252326642269736,0.4686227926539033,1.0,1.0,23.0,299.17416362855096,294.84999999999997,-4.324163628550991,305.25,293.75,2.5,160.0,-0.12828532453583819,-4.265066159539131,0.5398985367375341,-0.6086362485934984,2.0,0.0,17.0,299.64856656278357,299.645,-0.0035665627835896885,301.34999999999997,293.15,3.0825,210.0,0.2635025614372779,0.10050268422733666,-0.018948358580331615,0.23352764789498792,2.0,1.0,23.0,297.7491393932393,294.25,-3.499139393239318,301.34999999999997,293.15,1.3,180.0,-0.13079034016260493,-3.4663892919495964,0.4080206903814438,-0.4871363362066603,3.0,0.0,17.0,300.35362059565307,300.3508333333333,-0.002787262319770889,303.04999999999995,293.15,3.1183333333333336,190.0,0.2534538258289132,0.13023938903830867,-0.038802577347127,0.37992918446185797,3.0,1.0,23.0,297.9240315793124,294.15,-3.774031579312407,303.04999999999995,293.15,1.3,250.0,-0.1448802150751618,-3.735895048633026,0.5024592056148265,-0.6051055088079238,4.0,0.0,18.0,300.38425992315337,300.38,-0.004259923153369982,303.15,292.65,2.395,280.0,0.2403155412790028,0.13165713726309036,-0.06902442061123774,0.45699057590972814,4.0,1.0,23.0,297.83011667104165,293.65,-4.180116671041674,303.15,292.65,1.5,290.0,-0.15638264433030713,-4.14228541399028,0.5483509256323155,-0.6830932721506713,5.0,0.0,18.0,299.2601618636472,299.23999999999995,-0.02016186364727446,301.34999999999997,292.45,2.41,276.0,0.20969313226734698,0.09098081738105179,-0.041718148166907554,0.34939452704789176,6.0,0.0,17.0,297.73951220576964,297.73749999999995,-0.00201220576968808,299.84999999999997,290.95,3.0625,180.0,0.251039390496544,0.0853513181955492,-0.04088346155400302,0.20262247730244098,,,,,,,,,,,,,,,,,,,,,,,,,,,,
18,4.0,0.0,17.0,299.706034741154,299.7025,-0.003534741153998766,304.75,287.15,4.0175,290.0,0.3527889736120642,0.20966605088855772,0.08668415288868421,0.4359705830130167,4.0,1.0,23.0,297.4788322765995,293.65,-3.8288322765995417,304.75,287.15,0.2,90.0,-0.02833795956753704,-3.7152958500716977,0.5225126111828805,-0.4163185692321605,5.0,0.0,19.0,303.3526508833195,303.3333333333333,-0.019317549986169524,308.04999999999995,288.75,2.2125000000000004,250.0,0.297225543966519,0.22617273977206764,0.19854533428777188,0.44412088080873957,5.0,1.0,23.0,300.74888868118205,295.84999999999997,-4.898888681182086,308.04999999999995,288.75,0.2,120.0,-0.038390380829127935,-4.756602200228173,0.7311286478453667,-0.6481093404515264,6.0,0.0,18.0,300.6302735248622,300.625,-0.005273524862218437,302.45,290.15,2.641666666666667,210.0,0.24463042843348148,0.1591580551879872,0.030948136591211057,0.42025144486966326,6.0,1.0,23.0,297.59904001858484,291.95,-5.649040018584856,302.45,290.15,1.5,140.0,-0.13768640141667277,-5.592757382647292,0.7014923105237756,-0.8755953380479014,,,,,,,,,,,,,,,,,,,,,,,,,,,,,,,,,,,,,,,,,,,,,,,,,,,,,,,,,,,,,,,,,,,,,,,,,,,,,,,,,,,,,,,,,,,,,,,,,,,,,,,,,,,,,,,,
19,0.0,0.0,18.0,299.2033195054479,299.2,-0.0033195054479051578,300.15,292.84999999999997,1.9000000000000001,130.0,0.1561918010530121,0.08287525596459488,-0.009392332228207087,0.23905078793832502,0.0,1.0,23.0,297.36672242315404,293.65,-3.716722423154067,300.15,292.84999999999997,2.6,300.0,-0.10430834768668262,-3.6902390734497033,0.46137312735218927,-0.6328415313286229,1.0,0.0,18.0,299.77349812251873,299.76666666666665,-0.006831455852079671,303.15,287.04999999999995,6.7025,315.5833333333333,0.22659263191036416,0.12588995284338012,-0.06554132214515107,0.4479074821097697,1.0,1.0,23.0,297.7657697384405,293.65,-4.11576973844052,303.15,287.04999999999995,6.0,310.0,-0.07467076168354936,-4.06296089817009,0.48710232772137374,-0.5963025939478257,3.0,0.0,19.0,298.2950814478442,298.2833333333333,-0.01174811451090818,301.15,285.45,3.2333333333333334,333.3333333333333,0.16782869270112144,0.11605156156667817,-0.05838167069790264,0.46082231251016026,4.0,0.0,19.0,302.05869680938594,302.0441666666666,-0.01453014271930897,305.45,287.25,1.9675,214.33333333333334,0.26018664733456376,0.18133529334178888,-0.04012451189026933,0.632461341876521,4.0,1.0,23.0,300.4590551823118,295.95,-4.5090551823117835,305.45,287.25,3.0,340.0,0.0012768784444858738,-4.384417374016962,0.5127452053409675,-0.4248809457500897,5.0,0.0,19.0,305.82093664507084,305.8125,-0.008436645070844406,309.25,292.15,1.775,110.83333333333333,0.28092028323625584,0.22695435373695716,0.0855010332265067,0.5816131863380178,5.0,1.0,23.0,304.0465542911617,300.84999999999997,-3.1965542911617604,309.25,292.15,1.6,320.0,0.03499597071211724,-3.0342374273155883,0.608435209547982,-0.4253553611876697,6.0,0.0,18.0,305.71443219252444,305.71166666666664,-0.002765525857796547,309.15,292.04999999999995,7.081666666666666,310.0,0.3029677585466999,0.19901503941804322,0.05255953431057018,0.4866837247548119,6.0,1.0,23.0,303.3745056936976,299.75,-3.6245056936975857,309.15,292.04999999999995,5.6,340.0,0.004402723571544698,-3.5095371144639955,0.5334679952635639,-0.4553288411407692,,,,,,,,,,,,,,,,,,,,,,,,,,,,,,,,,,,,,,,,,,
20,0.0,0.0,19.0,307.89955842751937,307.88666666666666,-0.012891760852710377,311.95,303.34999999999997,4.616666666666666,309.8333333333333,0.2750769540506326,0.2635327312362108,0.022141908552550642,0.8314324650514209,0.0,1.0,23.0,306.63192743922104,302.34999999999997,-4.281927439221079,311.95,303.34999999999997,3.8,310.0,-0.07738285449435978,-4.032001943372421,0.5826142344435586,-0.12989146815257868,1.0,0.0,19.0,307.35287435564294,307.34999999999997,-0.0028743556429731143,310.34999999999997,294.84999999999997,5.333333333333333,310.0,0.265419037741907,0.2295380478010145,-0.0009652841883773059,0.6991131687978083,1.0,1.0,23.0,305.51840892434154,298.95,-6.568408924341554,310.34999999999997,294.84999999999997,5.3,310.0,-0.21556818566706681,-6.351397364191385,0.7931104118660338,-0.6688084193041846,2.0,0.0,19.0,305.2933672750962,305.2883333333333,-0.005033941762917493,308.75,291.54999999999995,5.5024999999999995,302.1666666666667,0.21107061732382704,0.18674471319259567,-0.10089624571508675,0.7392621758222759,2.0,1.0,23.0,303.6202459699619,296.34999999999997,-7.270245969961934,308.75,291.54999999999995,6.1,300.0,-0.24519121652957665,-7.089247557384553,0.7220125612009317,-0.6779499232960262,3.0,0.0,19.0,302.8181330000322,302.8175,-0.0006330000322236629,306.34999999999997,289.95,5.484999999999999,297.25,0.1798858418622018,0.15032671798418562,-0.09668432300375684,0.5869710124077727,3.0,1.0,23.0,301.53289640748017,296.25,-5.282896407480166,306.34999999999997,289.95,6.3,310.0,-0.2212304970210539,-5.1483718721885054,0.5250659612655918,-0.4439203372418632,4.0,0.0,20.0,301.8421538248866,301.835,-0.007153824886643179,304.84999999999997,288.84999999999997,4.918333333333334,300.0,0.1623290665453112,0.13942576345029067,-0.13512495419169093,0.6547928036160755,4.0,1.0,23.0,300.72209608024554,295.75,-4.972096080245535,304.84999999999997,288.84999999999997,6.7,300.0,-0.20488408265265434,-4.836963536825337,0.48777629344423684,-0.3829549186254724,5.0,0.0,19.0,300.81437952284983,300.79999999999995,-0.014379522849878867,303.65,289.84999999999997,6.475,295.8333333333333,0.19590222694193926,0.11495115133374156,-0.1181053988756986,0.5369203815407531,5.0,1.0,23.0,299.4081586962305,294.65,-4.75815869623051,303.65,289.84999999999997,8.6,310.0,-0.244128954882612,-4.648961037596038,0.5454871586747885,-0.548337433739917,6.0,0.0,19.0,299.6281782720389,299.6208333333333,-0.007344938705614368,302.45,288.25,5.1,310.0,0.1271912180776269,0.11059714078719196,-0.11667524223655808,0.5342101966439685,6.0,1.0,23.0,298.36237606361624,293.04999999999995,-5.312376063616284,302.45,288.25,5.7,300.0,-0.2627950232341476,-5.207972910631298,0.5308066258790092,-0.5617557512105122
21,0.0,0.0,18.0,303.8801814570845,303.85999999999996,-0.020181457084561316,308.15,298.65,4.81,235.75,0.3961904545490995,0.22009795385314135,0.05456012733646768,0.5578247425817011,0.0,1.0,23.0,301.57542755814967,295.34999999999997,-6.225427558149704,308.15,298.65,3.6,210.0,-0.22140136344368955,-6.072457223826575,0.5699825115583508,-0.1979561761655475,1.0,0.0,18.0,305.1267702998899,305.12333333333333,-0.0034369665565918694,310.25,290.34999999999997,5.586666666666667,235.33333333333334,0.32266504887823544,0.23904202830073018,0.09087648623033336,0.5624673323623455,1.0,1.0,23.0,302.8621507728664,298.65,-4.212150772866437,310.25,290.34999999999997,3.2,220.0,-0.20164104523774995,-4.056363639827154,0.5479898221611611,-0.14036366001059264,2.0,0.0,17.0,305.30446045730076,305.29999999999995,-0.0044604573008086845,308.65,292.65,8.47,250.0,0.6541391388541911,0.20831714837919435,-0.03515107254916453,0.3948225827830356,2.0,1.0,23.0,302.35189391288816,296.95,-5.40189391288817,308.65,292.65,6.1,210.0,-0.24686006406800232,-5.282864932138935,0.5613802655162393,-0.2850841918932474,6.0,0.0,18.0,297.9971609427872,297.9808333333333,-0.016327609453924197,303.04999999999995,280.45,4.096666666666667,60.083333333333336,0.21498827451135583,0.16853712179427305,-0.07656027185211182,0.6758780298195006,,,,,,,,,,,,,,,,,,,,,,,,,,,,,,,,,,,,,,,,,,,,,,,,,,,,,,,,,,,,,,,,,,,,,,,,,,,,,,,,,,,,,,,,,,,,,,,,,,
22,0.0,0.0,19.0,304.4559296177646,304.4483333333333,-0.007596284431258482,305.95,298.45,3.041666666666667,152.33333333333334,0.3136313557753567,0.14984934308289155,0.000503133790085523,0.39527528313125515,0.0,1.0,23.0,301.8144641064612,291.95,-9.864464106461185,305.95,298.45,3.1,290.0,-0.15599995421688106,-9.788687843090145,0.7365344169543988,-0.9364986266324706,1.0,0.0,19.0,306.0118801081503,305.97666666666663,-0.03521344148367689,309.25,288.75,3.36,185.33333333333334,0.37037353987911104,0.17379356245244537,-0.0827713867511856,0.6871468358765043,1.0,1.0,23.0,302.91507047947636,296.04999999999995,-6.865070479476401,309.25,288.75,2.1,310.0,-0.14938675500823706,-6.761067309116115,0.9023529736011066,-1.0579760825137186,2.0,0.0,19.0,306.2943861918524,306.2908333333333,-0.0035528585191286766,309.25,291.45,2.1,340.0,0.35173966245950794,0.1976641539791899,-0.05802809942492123,0.6250861889364927,2.0,1.0,23.0,303.5417633868791,295.75,-7.791763386879097,309.25,291.45,2.7,290.0,-0.1279225319504036,-7.682743964876124,0.8226919123145441,-0.9383580250509311,3.0,0.0,19.0,308.05332667861006,308.0508333333333,-0.0024933452767754716,311.45,289.95,2.558333333333333,143.25,0.36972493207677815,0.23015690319482474,-0.056995243563974896,0.7520688826275261,3.0,1.0,23.0,305.67463724578386,297.15,-8.524637245783879,311.45,289.95,0.2,280.0,-0.06542105401209142,-8.374222122412263,0.7758729382024114,-0.7559272565617619,4.0,0.0,19.0,307.3918792557114,307.3708333333333,-0.021045922378107207,310.34999999999997,290.04999999999995,4.883333333333334,166.16666666666666,0.36323613770122165,0.18538582851674335,-0.02355614535390771,0.5909970398391806,4.0,1.0,23.0,304.69780143057176,297.25,-7.447801430571758,310.34999999999997,290.04999999999995,2.3,300.0,-0.11115854843535544,-7.329054681288341,0.8178521395972306,-0.8967214456666284,5.0,0.0,18.0,303.9980837900403,303.98999999999995,-0.008083790040359418,305.95,290.25,7.016666666666667,153.66666666666666,0.3086440359275002,0.12201351122988058,-0.032981363459668955,0.32980922579579897,5.0,1.0,23.0,302.0086828164015,295.75,-6.258682816401517,305.95,290.25,6.1,180.0,-0.11844351826891852,-6.190563922256231,0.567041468435041,-0.6668198145762716,6.0,0.0,18.0,297.3317806694378,297.3283333333333,-0.0034473361045002093,298.65,286.15,7.2,173.66666666666666,0.2767062246716421,0.010593448050684628,-0.16104640689201233,0.08255482325211005,,,,,,,,,,,,,,
23,0.0,0.0,19.0,301.0163629555828,301.00416666666666,-0.01219628891612956,302.95,294.54999999999995,3.441666666666667,330.0,0.32693017635008914,0.15543848798486692,-0.06351154959719452,0.5322684980392722,0.0,1.0,23.0,298.32349170850915,290.25,-8.073491708509152,302.95,294.54999999999995,0.0,250.0,-0.2364000197699596,-7.896083080894385,1.0434901864619281,-1.423650072679692,1.0,0.0,19.0,301.65646580573036,301.6533333333333,-0.003132472397055608,305.45,284.25,3.1533333333333333,133.33333333333334,0.3592245350160681,0.20295569713863415,-0.20849637310955416,0.9266394558338078,1.0,1.0,23.0,299.70484480032616,293.45,-6.254844800326168,305.45,284.25,0.0,220.0,-0.1048715951280883,-6.035574118631516,0.8241279653494568,-0.8722619955715203,2.0,0.0,19.0,302.99219545000597,302.97916666666663,-0.013028783339336769,307.04999999999995,286.75,3.7291666666666665,220.0,0.3733998205156155,0.2241881105889405,-0.12945849033121704,0.8787503223707631,2.0,1.0,23.0,300.9490675523644,294.15,-6.79906755236442,307.04999999999995,286.75,1.6,220.0,-0.09282515101055822,-6.552183097783342,0.8833583255775608,-0.9049971730371738,3.0,0.0,19.0,304.39128446807536,304.3641666666666,-0.02711780140873543,308.34999999999997,288.34999999999997,2.3608333333333333,264.5833333333333,0.4092709573830291,0.22091175284703013,-0.15623172611796102,0.9875380200388832,3.0,1.0,23.0,302.18916133205164,295.15,-7.039161332051663,308.34999999999997,288.34999999999997,0.2,230.0,-0.08259776772993632,-6.774340853564695,0.9293331613937568,-0.9301811478485007,4.0,0.0,19.0,304.9222602480515,304.91666666666663,-0.005593581384857771,309.75,288.84999999999997,3.641666666666667,225.41666666666666,0.3951913532498139,0.25061478960573425,-0.1281454401272839,0.9440427532440197,4.0,1.0,23.0,302.87216915967525,295.15,-7.722169159675275,309.75,288.84999999999997,1.3,200.0,-0.0769119838913781,-7.444394771818992,0.9197698700304878,-0.9153514988296934,5.0,0.0,18.0,304.48820074621324,304.44916666666666,-0.03903407954658178,309.75,288.84999999999997,4.836666666666667,215.91666666666666,0.5314010057878278,0.1871500344610837,-0.3119648126931101,1.0658265017608954,5.0,1.0,23.0,300.28343003975954,290.84999999999997,-9.433430039759571,309.75,288.84999999999997,1.6,190.0,-0.27029318037384087,-9.223101432335838,1.3147604320049215,-1.7941849723277699,,,,,,,,,,,,,,,,,,,,,,,,,,,,
24,0.0,0.0,17.0,302.2904536342618,302.27666666666664,-0.013786967595137867,305.95,299.84999999999997,2.1075,300.0,0.9534465935654453,0.2520173466730995,-0.12394951149669471,0.5507626349902495,0.0,1.0,23.0,300.0247745207715,294.15,-5.874774520771496,305.95,299.84999999999997,2.7,300.0,-0.04320908670085544,-5.664657107623654,0.672469704076112,-0.3263915109446742,5.0,0.0,18.0,297.3895918505509,297.38666666666666,-0.002925183884258331,299.95,284.95,4.1,315.6666666666667,0.6346531128014163,0.18596297220169333,-0.06124501420631153,0.36323531250923224,6.0,0.0,18.0,299.4764693902803,299.46666666666664,-0.00980272361363177,302.15,285.15,2.3916666666666666,290.0,0.6464425691442983,0.21145016227339397,-0.07560137772388013,0.5164738539083515,,,,,,,,,,,,,,,,,,,,,,,,,,,,,,,,,,,,,,,,,,,,,,,,,,,,,,,,,,,,,,,,,,,,,,,,,,,,,,,,,,,,,,,,,,,,,,,,,,,,,,,,,,,,,,,,,,,,,,,,,,,,,,,,,,,,,,,,,,,,
25,6.0,0.0,18.0,301.7176814755831,301.7075,-0.010181475583124211,309.45,288.45,0.9641666666666667,310.0,0.25533500529154196,0.24669300228423197,0.1062111720819227,0.6425039343266974,6.0,1.0,23.0,299.2249644565729,294.65,-4.5749644565729,309.45,288.45,0.0,80.0,-0.08361143630742163,-4.431972929028419,0.6178125397682143,-0.44836219240981734,,,,,,,,,,,,,,,,,,,,,,,,,,,,,,,,,,,,,,,,,,,,,,,,,,,,,,,,,,,,,,,,,,,,,,,,,,,,,,,,,,,,,,,,,,,,,,,,,,,,,,,,,,,,,,,,,,,,,,,,,,,,,,,,,,,,,,,,,,,,,,,,,,,,,,,,,,,,,,,,,,,,,,,,
26,0.0,0.0,17.0,301.11317017573487,301.11249999999995,-0.0006701757349105719,303.75,296.25,5.829166666666667,270.0,0.4019878168351738,0.15288938172116673,-0.12419819193246913,0.49730149444614824,0.0,1.0,23.0,298.3038369569826,293.65,-4.653836956982616,303.75,296.25,0.0,270.0,-0.12724458457054766,-4.575850994764025,0.6966119743439331,-0.9121026782410127,1.0,0.0,18.0,299.5666717935674,299.56,-0.006671793567420536,302.45,288.84999999999997,4.9675,264.25,0.2708196626969084,0.12940919596466927,-0.0721509596667526,0.432797366696704,1.0,1.0,23.0,297.65188967768984,293.54999999999995,-4.101889677689883,302.45,288.84999999999997,2.2,270.0,-0.08994540116400174,-4.022488586588167,0.5594469648029067,-0.6798003660291272,4.0,0.0,20.0,298.44117080603297,298.42999999999995,-0.011170806033021563,300.34999999999997,289.84999999999997,2.925,278.5,0.1657361269147799,0.13169999535054444,0.03648950420986807,0.3632446588981679,4.0,1.0,23.0,297.66485151455254,295.84999999999997,-1.814851514552572,300.34999999999997,289.84999999999997,0.0,240.0,0.014072537055525913,-1.7019009644223217,0.3378059275358917,-0.18581747221406886,5.0,0.0,19.0,303.68285749526166,303.67249999999996,-0.010357495261700933,307.45,292.04999999999995,3.425,265.75,0.30099400975147717,0.23140751230305057,0.09007808601207994,0.5861190936135046,5.0,1.0,23.0,302.30660135499863,298.65,-3.6566013549986565,307.45,292.04999999999995,0.2,280.0,0.05320694663454617,-3.4608608465095188,0.5705557586416082,-0.3341815313931846,6.0,0.0,18.0,306.3891845610834,306.38666666666666,-0.0025178944167691952,310.84999999999997,293.95,3.8766666666666665,270.0,0.3861387114346684,0.2609597149315306,0.06531803298346499,0.6433872211699168,6.0,1.0,23.0,303.93533244652735,299.15,-4.785332446527377,310.84999999999997,293.95,1.5,260.0,-0.004216353683631269,-4.594391679924996,0.7688641662461985,-0.6790004466774491,,,,,,,,,,,,,,,,,,,,,,,,,,,,,,,,,,,,,,,,,,,,,,,,,,,,,,,,
27,0.0,0.0,17.0,301.6202778998629,301.61749999999995,-0.0027778998629628404,302.54999999999995,297.34999999999997,2.62,232.75,0.5426922598324779,0.13539070379363238,-0.056961953973536573,0.23807956441565636,0.0,1.0,23.0,299.3397856938546,295.25,-4.089785693854594,302.54999999999995,297.34999999999997,0.0,280.0,-0.11071940945890901,-4.008622174140513,0.5433783519462642,-0.5486793543863371,1.0,0.0,18.0,301.2365377743169,301.2133333333333,-0.023204440983590757,302.54999999999995,292.34999999999997,0.4683333333333334,280.0,0.42866827330659873,0.1088366188575236,-0.005137985391295767,0.22194497842978933,1.0,1.0,23.0,298.8559274248237,293.65,-5.205927424823699,302.54999999999995,292.34999999999997,0.0,290.0,-0.14057595444742788,-5.1354363206122,0.5846122098478427,-0.6659441818501364,2.0,0.0,17.0,300.08133191055384,300.08,-0.0013319105538585063,301.45,292.04999999999995,3.2575,180.0,0.5908815116906396,0.10446541599348791,-0.16586608008329998,0.24008221271837726,2.0,1.0,23.0,297.62250258703074,293.04999999999995,-4.572502587030783,301.45,292.04999999999995,0.2,320.0,-0.15846883481698626,-4.526066190691196,0.554230704076005,-0.681979061972001,3.0,0.0,18.0,300.02531259418333,300.0225,-0.002812594183353667,301.45,292.04999999999995,3.2075,181.75,0.4075308414890628,0.11854991049234798,-0.044602249289871075,0.2432432157001898,3.0,1.0,23.0,297.7013959277615,293.15,-4.551395927761519,301.45,292.04999999999995,2.2,150.0,-0.15269809755126573,-4.494013562776374,0.5949281893780048,-0.7165190959674135,4.0,0.0,19.0,300.95899220094157,300.9433333333333,-0.01565886760823787,303.65,292.65,0.49000000000000005,160.0,0.2657826740279887,0.13542168500475782,-0.06708452637267708,0.5044627825605374,4.0,1.0,23.0,298.9234930904242,294.25,-4.673493090424188,303.65,292.65,2.9,210.0,-0.1181293106378547,-4.585914025424955,0.5844792345369617,-0.6110815027626302,5.0,0.0,17.0,302.3885346306287,302.37916666666666,-0.009367963962063186,305.25,293.75,2.375,259.1666666666667,0.5093887863520763,0.15715336031409777,-0.1136405077143318,0.45712867072793983,5.0,1.0,23.0,299.831045473273,294.84999999999997,-4.981045473273014,305.25,293.75,2.5,160.0,-0.11454112154841312,-4.890496160287896,0.5944203253364814,-0.6142936400876806,6.0,0.0,23.0,298.4907210167337,294.25,-4.240721016733687,301.34999999999997,293.15,1.3,180.0,-0.126599912416836,-4.1834168982404805,0.4801212549673484,-0.5372973080221612,,,,,,,,,,,,,,
28,6.0,0.0,18.0,302.1773535037563,302.1766666666666,-0.000686837089688197,308.65,287.04999999999995,3.3433333333333333,263.6666666666667,0.32966124843568423,0.3176481578901189,0.01414155690689256,0.9689952098213439,6.0,1.0,23.0,299.54525400251,294.75,-4.795254002509978,308.65,287.04999999999995,2.0,60.0,-0.04018508266659637,-4.599770840336234,0.722361081722236,-0.4461498120044496,,,,,,,,,,,,,,,,,,,,,,,,,,,,,,,,,,,,,,,,,,,,,,,,,,,,,,,,,,,,,,,,,,,,,,,,,,,,,,,,,,,,,,,,,,,,,,,,,,,,,,,,,,,,,,,,,,,,,,,,,,,,,,,,,,,,,,,,,,,,,,,,,,,,,,,,,,,,,,,,,,,,,,,,
29,0.0,0.0,23.0,297.49715656071885,292.54999999999995,-4.947156560718895,306.34999999999997,292.54999999999995,3.4,140.0,-0.09539144392235244,-4.874476978808644,0.7368068120478929,-0.8812277618189626,,,,,,,,,,,,,,,,,,,,,,,,,,,,,,,,,,,,,,,,,,,,,,,,,,,,,,,,,,,,,,,,,,,,,,,,,,,,,,,,,,,,,,,,,,,,,,,,,,,,,,,,,,,,,,,,,,,,,,,,,,,,,,,,,,,,,,,,,,,,,,,,,,,,,,,,,,,,,,,,,,,,,,,,,,,,,,,,,,,,,,
30,0.0,0.0,18.0,302.6781822814948,302.6716666666666,-0.006515614828174421,304.25,301.15,2.7416666666666667,221.0,0.36189091042004407,0.1700383580088527,0.021022308599000894,0.41594143980086073,0.0,1.0,23.0,300.7199049555565,296.45,-4.2699049555565125,304.25,301.15,0.2,180.0,-0.052798511846759766,-4.145467860656353,0.5961932477594823,-0.5620778926454193,1.0,0.0,18.0,303.57049806724854,303.5683333333333,-0.002164733915208217,305.95,295.34999999999997,1.9825,270.5833333333333,0.3946050121956972,0.17946694151478937,0.04898084898449421,0.3378379396293525,1.0,1.0,23.0,301.0056927443299,295.95,-5.055692744329917,305.95,295.34999999999997,2.0,230.0,-0.09415907932036305,-4.944513653653743,0.6921860249081296,-0.7602935864621685,2.0,0.0,17.0,302.69626898366334,302.6925,-0.0037689836633489904,305.15,294.34999999999997,2.2824999999999998,270.0,0.4784971386468442,0.14709391468606725,-0.11295404740529118,0.4185525991083381,2.0,1.0,23.0,300.0742232361037,295.25,-4.824223236103705,305.15,294.34999999999997,2.7,180.0,-0.11892877541991709,-4.73860298621436,0.662337893029966,-0.794330331145872,3.0,0.0,23.0,297.5730466220738,293.65,-3.923046622073798,301.45,292.65,0.2,180.0,-0.13183188552898173,-3.8886537167982027,0.4823913745062451,-0.6503142150085495,4.0,0.0,17.0,298.5326883112877,298.5275,-0.0051883112877249005,299.84999999999997,291.04999999999995,3.0825,190.0,0.4320136677171007,0.0745793294927779,-0.14944176481572904,0.23052707827142171,,,,,,,,,,,,,,,,,,,,,,,,,,,,,,,,,,,,,,,,,,,,,,,,,,,,,,,,,,,,,,,,,,,,,,,,,,,,,,,,,,,,
31,0.0,0.0,19.0,306.99007317486445,306.9833333333333,-0.0067398415311572535,310.04999999999995,300.25,5.5200000000000005,310.0,0.194692082494484,0.1431967380291752,-0.03148508442987937,0.4910604369471656,0.0,1.0,23.0,305.41026806411753,300.95,-4.4602680641175425,310.04999999999995,300.25,5.0,300.0,-0.14680264531742182,-4.359208255213332,0.5330502052247539,-0.48810213596084395,1.0,0.0,19.0,306.8981252500838,306.8833333333333,-0.014791916750482414,310.34999999999997,293.15,6.04,300.0,0.22066227348669543,0.14813920274113457,-0.09604495753693716,0.6097679354575831,1.0,1.0,23.0,305.46046005064306,301.04999999999995,-4.41046005064311,310.34999999999997,293.15,4.7,310.0,-0.11747377748342558,-4.299610083979545,0.4825790599243855,-0.3768315648470377,2.0,0.0,19.0,307.33411731145816,307.32666666666665,-0.007450644791504146,311.15,293.15,5.6575,300.0,0.231194289218422,0.16703065650156645,-0.08491242940854704,0.6440698194489869,2.0,1.0,23.0,305.575996778619,300.04999999999995,-5.52599677861906,311.15,293.15,5.5,300.0,-0.14723207293899065,-5.410501674250156,0.5927953651473103,-0.5539891032398998,3.0,0.0,19.0,307.0641007150657,307.0433333333333,-0.020767381732412105,311.15,292.04999999999995,4.569999999999999,290.3333333333333,0.20721030483544212,0.15195271303154811,-0.10953059445314277,0.6965834738599881,3.0,1.0,23.0,305.95908070976157,302.04999999999995,-3.9090807097616107,311.15,292.04999999999995,4.6,320.0,-0.06550551526390791,-3.7784326225248037,0.43262434148920664,-0.245214659919327,4.0,0.0,19.0,306.9149490944287,306.905,-0.00994909442874814,310.15,294.15,5.155,304.5,0.2067947858230923,0.15384636846398791,-0.07994298521274838,0.5986748771535844,4.0,1.0,23.0,305.4723700392434,301.04999999999995,-4.422370039243447,310.15,294.15,5.1,300.0,-0.11668946605055908,-4.308721853375005,0.5210069722520435,-0.4479542438601385,5.0,0.0,20.0,306.9297779748189,306.9183333333333,-0.011444641485581997,310.34999999999997,294.15,4.383333333333334,300.0,0.1867373524304412,0.154002045780544,-0.11718176179864297,0.6935836660545789,5.0,1.0,23.0,305.85450669323444,302.04999999999995,-3.8045066932344866,310.34999999999997,294.15,5.1,300.0,-0.08235054944137232,-3.678570690330176,0.4186673901502284,-0.2267659133020743,6.0,0.0,19.0,307.5674949156322,307.5566666666666,-0.010828248965594867,311.04999999999995,294.25,5.091666666666667,292.1666666666667,0.2075750095913378,0.16305501044165283,-0.10458210199340574,0.6930150307499048,6.0,1.0,23.0,306.10095646250915,301.04999999999995,-5.050956462509191,311.04999999999995,294.25,6.2,310.0,-0.11907729229447739,-4.92513863253491,0.5411034372459463,-0.4399698301524637
32,0.0,0.0,18.0,301.48681253508016,301.48499999999996,-0.0018125350802051798,302.54999999999995,293.45,5.0225,295.5,0.268590031388257,0.09228535630792578,-0.03561898586917304,0.2235284596650473,0.0,1.0,23.0,300.09875984781667,294.75,-5.348759847816666,302.54999999999995,293.45,7.1,300.0,-0.11995322700774125,-5.276640676345863,0.5097385972507121,-0.6479566434432513,1.0,0.0,19.0,301.20727789843335,301.2033333333333,-0.00394456510002783,303.75,287.65,5.63,302.8333333333333,0.23646586405956782,0.12608719437969285,-0.12119786829857067,0.5100016183056226,1.0,1.0,23.0,300.1536346248172,296.25,-3.9036346248171867,303.75,287.65,6.8,320.0,-0.061854286510623524,-3.802932110003937,0.41306401020735944,-0.36806144346182634,2.0,0.0,20.0,302.4593733100405,302.45,-0.009373310040530214,305.34999999999997,289.95,4.6,300.0,0.2187670325649549,0.15281936844066024,-0.05252516413654007,0.5420050001584258,2.0,1.0,23.0,301.5162549267963,296.95,-4.566254926796319,305.34999999999997,289.95,6.2,300.0,-0.028576557157819593,-4.430172852368528,0.43250560591085235,-0.3040164869714346,3.0,0.0,19.0,303.93708401230145,303.9266666666666,-0.010417345634834874,307.54999999999995,289.95,5.5616666666666665,307.8333333333333,0.2976740204364603,0.1800891745466231,-0.10114872588515784,0.6775839211251053,3.0,1.0,23.0,302.56967802464175,297.95,-4.6196780246417575,307.54999999999995,289.95,8.5,310.0,-0.036783242176085196,-4.46681407827613,0.5530339090674327,-0.43574830811417087,4.0,0.0,20.0,303.3714366964248,303.36249999999995,-0.00893669642482564,306.45,290.95,4.716666666666667,299.1666666666667,0.2331545627907019,0.1580127806601297,-0.05925533693268411,0.5655432996221634,4.0,1.0,23.0,302.34752020340017,299.15,-3.197520203400188,306.45,290.95,5.0,310.0,-0.018333491598781393,-3.06025950728484,0.4338560539607859,-0.2677417013789807,5.0,0.0,19.0,306.2469417121768,306.2333333333333,-0.013608378843514402,309.84999999999997,293.75,4.245833333333334,300.0,0.3353576479924527,0.20222515535355967,-0.030635538435471215,0.642153684761837,5.0,1.0,23.0,304.97840648942633,301.15,-3.8284064894263565,309.84999999999997,293.75,3.1,310.0,0.01165527794896093,-3.650299573597664,0.5021713210263054,-0.24911862552613684,6.0,0.0,19.0,307.1421091193954,307.1275,-0.014609119395402104,309.84999999999997,293.75,4.815,290.0,0.31158557916461405,0.19657390879901016,0.003820400127736434,0.6041841149321954,6.0,1.0,23.0,305.56474065372015,300.84999999999997,-4.714740653720185,309.84999999999997,293.75,4.2,290.0,-0.027971082554870463,-4.540900140226881,0.616298740738633,-0.46446511513623534
33,0.0,0.0,18.0,306.22301941523347,306.22166666666664,-0.0013527485668305417,306.65,301.04999999999995,2.8533333333333335,200.0,0.153179040474555,0.0709605497493726,0.034471515450495836,0.09323975163302123,0.0,1.0,23.0,304.0993176629755,298.75,-5.349317662975523,306.65,301.04999999999995,2.2,20.0,-0.5730594452606397,-5.33905814213017,0.45725435665889336,-0.4117783862997726,4.0,0.0,18.0,312.4828697278418,312.47666666666663,-0.006203061175142466,316.95,300.54999999999995,6.745,310.1666666666667,0.10594647094895038,0.19513055205304397,0.06919358890049428,0.5756100160676993,4.0,1.0,23.0,310.7600125574115,306.65,-4.110012557411551,316.95,300.54999999999995,0.2,210.0,-0.4026137622346653,-3.9726026516298134,0.4709103912485754,-0.029385340714739527,5.0,0.0,18.0,309.4545326966131,309.4425,-0.012032696613118787,313.04999999999995,296.95,8.932500000000001,298.5,0.009403006659013613,0.10927348933080339,0.032929253329119966,0.40788769796819224,5.0,1.0,23.0,307.33559449431647,301.75,-5.585594494316467,313.04999999999995,296.95,7.8,290.0,-0.5340936310918778,-5.526526480790139,0.5066615889080595,-0.3433081941174265,6.0,0.0,17.0,304.872044526956,304.86749999999995,-0.00454452695606733,306.45,293.84999999999997,8.337499999999999,300.0,0.2987509208132195,0.04669489238996505,-0.1352429013517451,0.16891053114846954,6.0,1.0,23.0,302.3131556587853,296.34999999999997,-5.963155658785354,306.45,293.84999999999997,6.9,320.0,-0.644673567332859,-5.989433896663968,0.5399176918539913,-0.6726318344283726,,,,,,,,,,,,,,,,,,,,,,,,,,,,,,,,,,,,,,,,,,,,,,,,,,,,,,,,,,,,,,,,,,,,,,,,,,,,,,,,,,,,
34,0.0,0.0,18.0,303.18753867371095,303.16999999999996,-0.017538673710987496,306.95,299.54999999999995,4.09,272.0,0.45662354543478045,0.22991681794790964,0.06254684102972874,0.5277098778950773,0.0,1.0,23.0,300.28169969898164,295.25,-5.03169969898164,306.95,299.54999999999995,0.0,330.0,-0.12118659338518967,-4.874982800394207,0.7312939223776832,-0.5936165421910289,4.0,0.0,19.0,300.1218312291447,300.11499999999995,-0.0068312291447227835,304.75,285.65,6.71,349.0,0.3012215325403531,0.22443430944530007,-0.07631765720213934,0.7967222324683831,4.0,1.0,23.0,297.2385628736139,288.84999999999997,-8.388562873613921,304.75,285.65,2.0,160.0,-0.19789016933918901,-8.254619967644544,0.8284973363823175,-0.857778567730449,5.0,0.0,18.0,302.40726870453835,302.4033333333333,-0.0039353712050456124,307.45,284.15,3.089166666666667,310.0,0.48294193666049523,0.2543256708831194,-0.014437555619134438,0.6615151781271607,5.0,1.0,23.0,298.92049553121035,289.95,-8.97049553121036,307.45,284.15,0.0,140.0,-0.21965596354141326,-8.818259683447408,0.9469165160473665,-1.0092154581287787,6.0,0.0,18.0,302.0710141321486,302.05833333333334,-0.012680798815267735,307.45,284.95,4.241666666666667,265.0,0.4483445159049353,0.2227413369059832,-0.02348250537040523,0.6028994427230003,6.0,1.0,23.0,298.8209391045556,292.25,-6.570939104555578,307.45,284.95,0.0,350.0,-0.20710857403391003,-6.436203822169574,0.8539950232240395,-0.8750108871763729,,,,,,,,,,,,,,,,,,,,,,,,,,,,,,,,,,,,,,,,,,,,,,,,,,,,,,,,,,,,,,,,,,,,,,,,,,,,,,,,,,,,
35,0.0,0.0,23.0,298.071327204051,295.95,-2.121327204050999,299.65,295.95,0.0,340.0,-0.09302229487579439,-2.0304747292972536,0.2946204679566809,-0.060921228692166096,1.0,0.0,23.0,298.7692792021341,295.84999999999997,-2.9192792021341347,302.54999999999995,293.15,1.3,180.0,-0.1235919909457408,-2.8306573051823563,0.4002552110300523,-0.2234990722116379,,,,,,,,,,,,,,,,,,,,,,,,,,,,,,,,,,,,,,,,,,,,,,,,,,,,,,,,,,,,,,,,,,,,,,,,,,,,,,,,,,,,,,,,,,,,,,,,,,,,,,,,,,,,,,,,,,,,,,,,,,,,,,,,,,,,,,,,,,,,,,,,,,,,,,,,,,,,,,,,,,,,,,,,
36,4.0,0.0,18.0,297.309490189534,297.3066666666666,-0.002823522867402062,302.04999999999995,287.15,5.1,310.6666666666667,0.35375332340345267,0.1968896282308208,-0.056291845348051574,0.5868876595492054,,,,,,,,,,,,,,,,,,,,,,,,,,,,,,,,,,,,,,,,,,,,,,,,,,,,,,,,,,,,,,,,,,,,,,,,,,,,,,,,,,,,,,,,,,,,,,,,,,,,,,,,,,,,,,,,,,,,,,,,,,,,,,,,,,,,,,,,,,,,,,,,,,,,,,,,,,,,,,,,,,,,,,,,,,,,,,,,,,,,,,
37,4.0,0.0,17.0,305.74550982819386,305.7308333333333,-0.014676494860566436,308.25,298.15,8.492500000000001,340.0,0.19314422489209448,0.0629947891649465,-0.17372791645056415,0.43306009395448086,4.0,1.0,23.0,303.2779698852488,298.65,-4.627969885248831,308.25,298.15,6.1,310.0,-0.17327178057560388,-4.596078304814867,0.5904932539422134,-0.9279758642949787,5.0,0.0,17.0,302.54623519909734,302.5383333333333,-0.007901865764040394,305.25,293.84999999999997,10.013333333333334,320.0,0.21515451340934533,0.03505193587859878,-0.22587855522061298,0.347104662757431,5.0,1.0,23.0,300.00254061188343,295.84999999999997,-4.152540611883467,305.25,293.84999999999997,7.1,310.0,-0.20775592007503008,-4.167633383141663,0.5257158754717702,-0.9401069237732145,6.0,0.0,18.0,303.22412243594596,303.2083333333333,-0.015789102612643546,305.84999999999997,292.15,3.958333333333333,17.083333333333332,0.16984007390540512,0.08365333739334346,-0.1997606475272704,0.5875561453718916,6.0,1.0,23.0,301.5632155778717,297.45,-4.113215577871699,305.84999999999997,292.15,2.2,270.0,-0.12734901064703763,-4.049815214771812,0.5156760050123855,-0.706983122479869,,,,,,,,,,,,,,,,,,,,,,,,,,,,,,,,,,,,,,,,,,,,,,,,,,,,,,,,,,,,,,,,,,,,,,,,,,,,,,,,,,,,,,,,,,,,,,,,,,,,,,,,,,,,,,,,
38,0.0,0.0,19.0,307.0950791776167,307.075,-0.020079177616707966,310.04999999999995,300.25,3.5175,264.0,0.2126564539051259,0.15570455177589793,-0.004047518941045307,0.5464954768645356,0.0,1.0,23.0,304.8729875966607,296.34999999999997,-8.522987596660755,310.04999999999995,300.25,3.0,130.0,-0.1987361658905229,-8.424115489332777,0.6741695019844419,-0.6683004370013776,1.0,0.0,17.0,305.4428655434108,305.44166666666666,-0.0011988767441266646,308.65,292.84999999999997,2.9416666666666664,140.0,0.40453831601901413,0.14154770281636786,-0.06129533782399221,0.34447194517164803,1.0,1.0,23.0,302.56194111932393,296.54999999999995,-6.0119411193239785,308.65,292.84999999999997,2.5,130.0,-0.226529424945781,-5.966181352692942,0.5991030689321093,-0.6779067346677579,2.0,0.0,19.0,306.7802043576803,306.7775,-0.0027043576803293945,310.84999999999997,294.84999999999997,2.91,284.5,0.17896361531845173,0.16797947579780725,0.12318122637262736,0.34759114318350726,2.0,1.0,23.0,305.1305848853688,300.25,-4.880584885368819,310.84999999999997,294.84999999999997,1.9,360.0,-0.12348023841011013,-4.772896038368316,0.47343158320518813,-0.2974026052800838,3.0,0.0,18.0,306.9096529727641,306.9,-0.009652972764115475,309.84999999999997,295.45,3.4166666666666665,140.0,0.34177554726863946,0.15169085376936664,0.022871867061586688,0.33637722271440396,3.0,1.0,23.0,304.2562714624555,299.25,-5.006271462455516,309.84999999999997,295.45,0.2,180.0,-0.17349887487836213,-4.934397130178851,0.5322734444760092,-0.48949029654323795,4.0,0.0,18.0,307.5100498156554,307.51,-4.981565541584132e-05,311.34999999999997,296.04999999999995,1.6400000000000001,286.0,0.20321444619877127,0.16979281630781884,0.11815517435486811,0.3260636899012326,4.0,1.0,23.0,306.13675027704335,302.84999999999997,-3.2867502770433816,311.34999999999997,296.04999999999995,2.5,300.0,-0.0853197225635256,-3.1710508499390926,0.37777701837775624,-0.11436152003558675,5.0,0.0,23.0,302.1543638491395,295.75,-6.404363849139486,308.04999999999995,293.25,4.0,120.0,-0.21468933203207996,-6.37451888739939,0.44729582199374346,-0.5176005800749692,6.0,0.0,23.0,297.5326222100294,292.45,-5.082622210029399,302.54999999999995,291.45,3.6,140.0,-0.28852743212706855,-5.136100947487947,0.49207264227453607,-0.8355272680124983,,,,,,,,,,,,,,,,,,,,,,,,,,,,
39,0.0,0.0,23.0,299.1615851606613,293.65,-5.511585160661298,305.25,293.65,2.0,270.0,-0.25281128342845705,-5.466903464120847,0.7505362094938638,-1.048078137823822,1.0,0.0,18.0,300.8346403728322,300.8233333333333,-0.011307039498888116,304.84999999999997,290.54999999999995,5.413333333333333,270.0,0.29816084556345857,0.12343005301987375,-0.1484454732280227,0.5119299864000624,1.0,1.0,23.0,298.7360137966818,294.75,-3.986013796681789,304.84999999999997,290.54999999999995,0.0,280.0,-0.17070742809809758,-3.9186969429162986,0.5555961555023572,-0.6581623338222045,2.0,0.0,18.0,302.71488707987015,302.70666666666665,-0.008220413203503085,306.95,290.95,4.968333333333334,270.0,0.32298551593274283,0.17868789498938042,-0.15552299865358066,0.7361040638142669,2.0,1.0,23.0,300.4907862170979,295.84999999999997,-4.6407862170979115,306.95,290.95,0.3,270.0,-0.13330745664872268,-4.5256993256117255,0.6325367551794491,-0.6392179236510032,3.0,0.0,18.0,306.2707864374996,306.265,-0.005786437499637032,311.95,291.54999999999995,3.955,269.5,0.33815268462034,0.2562104531015592,-0.04042042627372192,0.8237929652491829,3.0,1.0,23.0,303.90666428603083,299.15,-4.756664286030855,311.95,291.54999999999995,1.3,280.0,-0.0842520967255922,-4.574049226053816,0.7584028891814066,-0.6292649053760329,4.0,0.0,17.0,306.14630575037665,306.1433333333333,-0.0029724170433382824,310.15,294.84999999999997,6.8,270.0,0.37885912480254547,0.21798896391082678,-0.038207390602115275,0.6252901720816055,4.0,1.0,23.0,302.83335348741366,297.45,-5.383353487413672,310.15,294.84999999999997,0.0,260.0,-0.16807589121810906,-5.26178552418439,0.7905322252321506,-0.8726576437784246,5.0,0.0,17.0,304.78197183585,304.78,-0.0019718358500426802,308.65,294.34999999999997,5.24,280.0,0.38477611672871603,0.1810959292341039,-0.05113650263035178,0.4970934190578902,5.0,1.0,23.0,300.9767859419021,294.75,-6.226785941902108,308.65,294.34999999999997,1.9,310.0,-0.2499103234304414,-6.1526224703737995,0.875044761604741,-1.162228426574913,6.0,0.0,19.0,302.7291440236271,302.71,-0.019144023627120532,306.45,291.04999999999995,2.72,289.0,0.22377721447718102,0.14121247105954637,-0.09918571356603441,0.6018323234852829,6.0,1.0,23.0,300.66898545137343,296.34999999999997,-4.3189854513734645,306.45,291.04999999999995,1.3,240.0,-0.15102784672301084,-4.221725303504442,0.6146267204890185,-0.6653927721856974,,,,,,,,,,,,,,
40,,,,,,,,,,,,,,,,,,,,,,,,,,,,,,,,,,,,,,,,,,,,,,,,,,,,,,,,,,,,,,,,,,,,,,,,,,,,,,,,,,,,,,,,,,,,,,,,,,,,,,,,,,,,,,,,,,,,,,,,,,,,,,,,,,,,,,,,,,,,,,,,,,,,,,,,,,,,,,,,,,,,,,,,,,,,,,,,,,,,,,,,,,,,,,,,,,,,
41,0.0,0.0,19.0,306.7641558247917,306.75,-0.014155824791714622,309.84999999999997,301.15,4.375,300.0,0.1931165244021713,0.143172563749971,0.003333730405420473,0.4644432601958073,0.0,1.0,23.0,305.22063252940114,301.15,-4.070632529401166,309.84999999999997,301.15,3.1,310.0,-0.1585150545777907,-3.9784027367553847,0.4366989042325334,-0.27756233107837147,1.0,0.0,19.0,306.78862333423467,306.78249999999997,-0.006123334234700906,309.84999999999997,293.75,4.845000000000001,290.0,0.14768826189894924,0.15478510085347352,-0.001064431077717624,0.5265393775369489,1.0,1.0,23.0,305.2800074002674,300.84999999999997,-4.430007400267414,309.84999999999997,293.75,4.2,290.0,-0.16642043633184755,-4.333007300181535,0.4846217153043237,-0.3429063066432434,2.0,0.0,19.0,306.3600891050893,306.34666666666664,-0.01342243842265134,309.84999999999997,293.84999999999997,5.1899999999999995,296.8333333333333,0.15111600239347922,0.14245275581603778,-0.03107982585004739,0.5422407338974295,2.0,1.0,23.0,304.8082424681932,299.75,-5.058242468193214,309.84999999999997,293.84999999999997,3.2,300.0,-0.17801035643451257,-4.9687034180018514,0.4934451371072015,-0.39070058171085975,3.0,0.0,19.0,306.45956869406893,306.4525,-0.007068694068948389,309.84999999999997,293.84999999999997,5.0325,300.0,0.15225762155380096,0.15648005782301766,-0.06095896572922754,0.6234846498091713,3.0,1.0,23.0,305.16236598863446,300.84999999999997,-4.312365988634497,309.84999999999997,293.84999999999997,5.6,310.0,-0.1460001618352038,-4.2076527587305605,0.459695322042388,-0.29164305680107816,4.0,0.0,19.0,305.9040825810748,305.8883333333333,-0.01574924774149622,309.25,292.65,6.315833333333333,308.9166666666667,0.13908486431778044,0.138235336735562,-0.04557021603496499,0.5640820685441668,4.0,1.0,23.0,304.40334980519543,299.75,-4.6533498051954325,309.25,292.65,4.7,310.0,-0.17587213593868967,-4.564469491277521,0.4914886988117691,-0.3861694915153464,5.0,0.0,19.0,305.13830112923364,305.13666666666666,-0.0016344625669830748,309.25,292.04999999999995,6.52,300.0,0.14966715375001627,0.1458925200401069,-0.05923018205515499,0.5499336313356764,5.0,1.0,23.0,303.68305100345407,299.65,-4.033051003454091,309.25,292.04999999999995,6.5,310.0,-0.1775857104177163,-3.951478811481479,0.45355019786678,-0.33975165140803654,6.0,0.0,20.0,305.49115994099543,305.4833333333333,-0.00782660766213894,308.75,292.15,4.933333333333334,320.0,0.11783979688071611,0.14684645505037963,-0.005183902462879549,0.5186979749156535,6.0,1.0,23.0,304.3448208340234,300.15,-4.194820834023403,308.75,292.15,4.5,300.0,-0.14106203116656957,-4.094255661812753,0.41093001367048504,-0.22550110299332005
42,4.0,0.0,18.0,311.1801635951624,311.1791666666667,-0.0009969284957378477,313.04999999999995,297.65,8.791666666666668,320.0,0.5046145077039057,0.11386177519581508,-0.05491476337977019,0.14662206426622504,4.0,1.0,23.0,308.9415306437479,302.04999999999995,-6.891530643747956,313.04999999999995,297.65,6.8,310.0,-0.2626788412929244,-6.835736978052026,0.4887065233103461,-0.4243884143333645,5.0,0.0,17.0,309.96049484579896,309.95666666666665,-0.0038281791323129255,312.04999999999995,294.95,8.849166666666667,320.0,0.645271168252151,0.10648645783869881,-0.13567872368401387,0.14479466375559014,5.0,1.0,23.0,307.463356117127,300.25,-7.2133561171269776,312.04999999999995,294.95,6.3,310.0,-0.2888954560378494,-7.171420924492907,0.5161560416575336,-0.5067592438459911,6.0,0.0,17.0,307.9459234440887,307.93916666666667,-0.006756777422026516,309.25,293.15,9.4475,320.0,0.7091445358663577,0.07919736514887177,-0.17029135356714656,0.05354626579935484,6.0,1.0,23.0,306.0115167855547,299.75,-6.261516785554704,309.25,293.15,9.5,320.0,-0.2673027058685449,-6.226911984157709,0.4204113542094916,-0.3880603936595861,,,,,,,,,,,,,,,,,,,,,,,,,,,,,,,,,,,,,,,,,,,,,,,,,,,,,,,,,,,,,,,,,,,,,,,,,,,,,,,,,,,,,,,,,,,,,,,,,,,,,,,,,,,,,,,,
43,0.0,0.0,18.0,301.1348018190277,301.125,-0.009801819027700276,303.75,294.65,6.0249999999999995,318.1666666666667,0.2343578043287522,0.18264701624629254,-0.002573640673110352,0.5727372486575888,0.0,1.0,23.0,299.5679099471632,294.65,-4.917909947163196,303.75,294.65,0.2,180.0,-0.06668626895064733,-4.752272697608063,0.5889759399448593,-0.5264992003707647,1.0,0.0,18.0,301.4503175980038,301.43333333333334,-0.016984264670441007,304.45,289.34999999999997,2.7,246.66666666666666,0.24473221927551947,0.18244467319959767,-0.07169795178910476,0.7137900665324395,1.0,1.0,23.0,299.6483259379496,295.84999999999997,-3.7983259379496417,304.45,289.34999999999997,2.7,250.0,-0.06859984724813728,-3.6391893992885542,0.6048454128608967,-0.51427986492466,2.0,0.0,18.0,301.99867807679243,301.99249999999995,-0.006178076792480169,305.34999999999997,289.34999999999997,3.0225000000000004,101.0,0.2884863994652136,0.20238368239917293,-0.11241834695718467,0.7917108473515952,2.0,1.0,23.0,299.8442705030976,294.84999999999997,-4.994270503097653,305.34999999999997,289.34999999999997,3.4,330.0,-0.1114696706190017,-4.819043551036046,0.761880288440769,-0.7908754654241221,3.0,0.0,18.0,300.9594738321871,300.94,-0.019473832187088647,305.25,289.04999999999995,9.31,310.0,0.2815688164809842,0.16387743029081037,-0.22747799910158997,0.8829956693090963,3.0,1.0,23.0,299.49210491272913,295.84999999999997,-3.6421049127291667,305.25,289.04999999999995,5.9,310.0,-0.04760788644864533,-3.4840963528450004,0.5244769101609895,-0.4128598320704526,4.0,0.0,18.0,298.22183010125957,298.21,-0.01183010125959072,299.54999999999995,293.25,3.5733333333333333,344.0,0.17126051914365803,0.08536792261377002,-0.05852726980215076,0.3604275827232044,5.0,0.0,19.0,297.9853286321236,297.97749999999996,-0.007828632123619172,300.25,287.25,1.91,91.25,0.15118851786010623,0.120573851365819,-0.09044646045406542,0.5325214368903772,6.0,0.0,19.0,298.2426327188587,298.2416666666667,-0.0009660521920409337,301.04999999999995,287.15,3.6,90.0,0.1392306385335189,0.1551632637505378,-0.029969821738205837,0.5275418214735907,,,,,,,,,,,,,,,,,,,,,,,,,,,,,,,,,,,,,,,,,,
44,0.0,0.0,23.0,298.2576848167572,294.04999999999995,-4.207684816757251,301.95,294.04999999999995,5.1,340.0,-0.16175076741956218,-4.165875789402847,0.43501640010180626,-0.46755291362860874,1.0,0.0,17.0,300.07162612516163,300.07,-0.0016261251616356276,302.54999999999995,291.54999999999995,2.94,301.3333333333333,0.3219714294096718,0.11980352728633648,-0.008618575113445104,0.23167653204367866,1.0,1.0,23.0,297.84330035562976,294.04999999999995,-3.7933003556298104,302.54999999999995,291.54999999999995,2.9,290.0,-0.16040404285809018,-3.7501717041106417,0.4347839642244746,-0.4573194667018754,2.0,0.0,17.0,298.48732904535166,298.48499999999996,-0.0023290453517006426,300.25,288.25,5.51,300.0,0.2641560961070013,0.09038945355206351,0.000736695363092584,0.15458964404921005,3.0,0.0,19.0,301.0903029033684,301.085,-0.005302903368431089,304.54999999999995,288.84999999999997,9.505,300.0,0.2126189048213405,0.16636679347351446,-0.04475146062698817,0.5757849337912404,3.0,1.0,23.0,300.1848867423102,299.04999999999995,-1.1348867423102433,304.54999999999995,288.84999999999997,2.8,210.0,-0.017338776448411863,-1.0130627212377306,0.2650571585961122,0.07153299855399098,4.0,0.0,18.0,301.534203701657,301.5233333333333,-0.010870368323708135,304.15,291.04999999999995,6.468333333333334,305.1666666666667,0.28900409059413334,0.14290181302453675,-0.007826696014101723,0.39571022006749956,4.0,1.0,23.0,299.74772570779913,296.45,-3.2977257077991453,304.15,291.04999999999995,3.9,310.0,-0.10844510435674692,-3.212109119679269,0.4419210320403503,-0.3314248647854896,5.0,0.0,19.0,302.307267910171,302.2966666666666,-0.010601243504368085,304.15,290.95,3.46,100.33333333333333,0.21378278327904354,0.15013830483056267,0.04893633302774466,0.3956687262537457,5.0,1.0,23.0,300.6329028237358,294.84999999999997,-5.78290282373581,304.15,290.95,2.7,340.0,-0.12356687102338526,-5.684999343355898,0.49162150418052875,-0.3954043551990196,6.0,0.0,18.0,304.5084239895865,304.5025,-0.005923989586506195,307.75,290.45,9.58,335.75,0.35265450412532573,0.20080846328202995,-0.020753997441336953,0.5836380047187504,6.0,1.0,23.0,302.31301512601453,297.45,-4.863015126014545,307.75,290.45,6.3,320.0,-0.09389945907432207,-4.742390996555329,0.542573647382928,-0.38872678804577276,,,,,,,,,,,,,,,,,,,,,,,,,,,,
45,3.0,0.0,19.0,300.1447422321138,300.125,-0.01974223211379922,305.15,286.15,3.875,270.0,0.27219786059264095,0.2144960788965733,-0.011862357205103535,0.7279514151179001,3.0,1.0,23.0,298.1737280011483,294.84999999999997,-3.323728001148311,305.15,286.15,0.0,270.0,-0.021486001477569516,-3.187533443969471,0.5202961585164209,-0.31521318959084965,4.0,0.0,18.0,303.2768663620181,303.26,-0.01686636201810643,308.15,289.15,4.4875,306.0833333333333,0.33665859393798314,0.24896611164953697,-0.029893699244392263,0.8449919036676192,4.0,1.0,23.0,300.37907535594684,295.54999999999995,-4.829075355946884,308.15,289.15,0.0,240.0,-0.06237928911505719,-4.690000268082443,0.7007166278143208,-0.5876596350719154,5.0,0.0,17.0,299.223649161422,299.2133333333333,-0.010315828088664603,302.95,289.15,4.2299999999999995,300.0,0.259094514253178,0.14515936350288428,-0.03922756442002632,0.45996123770837016,,,,,,,,,,,,,,,,,,,,,,,,,,,,,,,,,,,,,,,,,,,,,,,,,,,,,,,,,,,,,,,,,,,,,,,,,,,,,,,,,,,,,,,,,,,,,,,,,,,,,,,,,,,,,,,,,,,,,,,,,,,,,,
46,0.0,0.0,23.0,298.22060566880697,293.65,-4.570605668806991,304.75,293.65,0.2,90.0,-0.2583638122073779,-4.485883142510843,0.5551687488946252,-0.4479550486296091,1.0,0.0,19.0,303.2533935469851,303.23999999999995,-0.013393546985128069,308.04999999999995,288.75,2.2225,250.0,0.24876378184727344,0.2161894241707074,0.14875876270871422,0.47464459706034745,1.0,1.0,23.0,300.94378429089824,295.84999999999997,-5.09378429089827,308.04999999999995,288.75,0.2,120.0,-0.23147661693809596,-4.956223433992989,0.6863192956173805,-0.4938981353289762,2.0,0.0,18.0,300.7598024387711,300.75,-0.009802438771089328,302.45,290.15,2.6,210.0,0.2417022357979448,0.14423677481160269,0.01820338793091499,0.39322504866946417,2.0,1.0,23.0,298.00343142547365,291.95,-6.053431425473661,302.45,290.15,1.5,140.0,-0.33080596731007006,-5.996978398688583,0.6911633109806227,-0.7583892725804446,3.0,0.0,18.0,298.28664873500276,298.2833333333333,-0.003315401669453877,300.25,289.25,2.533333333333333,246.66666666666666,0.23255238648897603,0.11443176467069804,-0.03212975993482795,0.3281926952520138,4.0,0.0,17.0,298.3703908805082,298.36499999999995,-0.0053908805082301114,302.04999999999995,288.84999999999997,4.745,200.0,0.5372215476842541,0.13459116875910127,-0.23097224197054325,0.5025767009145312,,,,,,,,,,,,,,,,,,,,,,,,,,,,,,,,,,,,,,,,,,,,,,,,,,,,,,,,,,,,,,,,,,,,,,,,,,,,,,,,,,,,,,,,,,,,,,,,,,
47,0.0,0.0,18.0,304.0498855241733,304.03999999999996,-0.009885524173341764,307.65,302.34999999999997,6.1049999999999995,231.5,0.4728408122608272,0.2891062740545465,0.10819775064663872,0.6571982235366249,0.0,1.0,23.0,302.1734842737153,295.84999999999997,-6.323484273715337,307.65,302.34999999999997,0.0,340.0,-0.011725964428464408,-6.096776807642286,0.65011704467013,-0.2306173619468268,1.0,0.0,17.0,304.85000050458984,304.84999999999997,-5.045898774369562e-07,307.54999999999995,290.65,8.612499999999999,250.0,0.6792442980189719,0.2536759189400044,0.042313213951018724,0.4277049331119116,1.0,1.0,23.0,302.0071632609073,296.54999999999995,-5.45716326090735,307.54999999999995,290.65,5.1,210.0,-0.08397873071652384,-5.288260071559449,0.6674475516032459,-0.39944026517703435,2.0,0.0,23.0,298.4311868120256,292.95,-5.481186812025612,303.15,289.54999999999995,7.5,230.0,-0.2040392045971231,-5.408750733779144,0.6821744597506788,-0.7295399122789519,,,,,,,,,,,,,,,,,,,,,,,,,,,,,,,,,,,,,,,,,,,,,,,,,,,,,,,,,,,,,,,,,,,,,,,,,,,,,,,,,,,,,,,,,,,,,,,,,,,,,,,,,,,,,,,,,,,,,,,,,,,,,,
48,0.0,0.0,17.0,304.54011422941653,304.5333333333333,-0.006780896083228072,308.65,298.54999999999995,5.906666666666666,260.0,0.5270490000879562,0.20115679864707658,-0.05926544661930677,0.503380125940339,0.0,1.0,23.0,301.7282573649604,296.95,-4.778257364960439,308.65,298.54999999999995,0.0,270.0,-0.14271347232417497,-4.670573638548547,0.6663287026347433,-0.6329204586110251,1.0,0.0,18.0,304.91258744147393,304.8983333333333,-0.014254108140619337,308.65,292.04999999999995,4.8025,270.0,0.4136359047413123,0.1876889233008967,0.0025106982594754377,0.48632608722692794,1.0,1.0,23.0,302.0659329054241,296.34999999999997,-5.715932905424154,308.65,292.04999999999995,0.0,270.0,-0.1652822247633452,-5.609933924959876,0.740612759484956,-0.7697428137909412,2.0,0.0,17.0,303.5856079145845,303.58,-0.005607914584516038,307.54999999999995,289.34999999999997,3.6275000000000004,280.0,0.44155293373111704,0.17139024071302345,-0.05715686649094683,0.4440173893354711,2.0,1.0,23.0,300.50980325080036,293.65,-6.859803250800383,307.54999999999995,289.34999999999997,1.9,270.0,-0.21362565493929253,-6.786472791480492,0.757982435496146,-0.9126344476931507,3.0,0.0,17.0,300.8971007853366,300.8925,-0.00460078533660635,305.84999999999997,288.15,5.7316666666666665,280.0,0.4448607570803489,0.13553305538449933,-0.143246547833949,0.41119481951197656,3.0,1.0,23.0,297.95902180308065,291.34999999999997,-6.6090218030806795,305.84999999999997,288.15,2.5,270.0,-0.23930436569025915,-6.572189868089751,0.6830237657260673,-0.9114923487492632,4.0,0.0,18.0,300.33877000807826,300.32916666666665,-0.009603341411605015,304.75,289.25,5.004166666666666,265.4166666666667,0.3521654323400156,0.13861015751281514,-0.11074296496262075,0.4747743328037046,4.0,1.0,23.0,297.8456708655681,291.95,-5.895670865568093,304.75,289.25,2.2,270.0,-0.20645997154689155,-5.839207718380223,0.6515827634265273,-0.7989117870267108,5.0,0.0,18.0,301.47928278298406,301.4625,-0.016782782984080313,306.34999999999997,288.75,4.7875000000000005,277.0833333333333,0.4131525960641227,0.16420043849534238,-0.0879296153937285,0.5289832067322777,5.0,1.0,23.0,298.59210567589616,293.04999999999995,-5.5421056758962095,306.34999999999997,288.75,2.5,270.0,-0.192966103227036,-5.46932252750743,0.6951416193233086,-0.8002425672298727,6.0,0.0,18.0,302.8811588716805,302.88,-0.001158871680502216,307.54999999999995,290.45,4.4,274.5,0.33943646232395963,0.19648942394240976,0.030009047442163705,0.4684236374925348,6.0,1.0,23.0,300.52170051907063,295.84999999999997,-4.671700519070669,307.54999999999995,290.45,0.2,280.0,-0.13396057218214708,-4.563911444585912,0.6345652199821217,-0.5915155984600062
49,0.0,0.0,19.0,300.5959013381512,300.59,-0.005901338151204527,305.34999999999997,298.45,3.0366666666666666,247.66666666666669,0.26958910732186325,0.2755046495620803,0.19679164893516563,0.5964631756821461,0.0,1.0,23.0,299.20068070176933,296.95,-2.2506807017693404,305.34999999999997,298.45,3.5,330.0,0.050949891825695204,-2.036809299723828,0.5567439942564173,-0.13202817203239192,,,,,,,,,,,,,,,,,,,,,,,,,,,,,,,,,,,,,,,,,,,,,,,,,,,,,,,,,,,,,,,,,,,,,,,,,,,,,,,,,,,,,,,,,,,,,,,,,,,,,,,,,,,,,,,,,,,,,,,,,,,,,,,,,,,,,,,,,,,,,,,,,,,,,,,,,,,,,,,,,,,,,,,,
50,,,,,,,,,,,,,,,,,,,,,,,,,,,,,,,,,,,,,,,,,,,,,,,,,,,,,,,,,,,,,,,,,,,,,,,,,,,,,,,,,,,,,,,,,,,,,,,,,,,,,,,,,,,,,,,,,,,,,,,,,,,,,,,,,,,,,,,,,,,,,,,,,,,,,,,,,,,,,,,,,,,,,,,,,,,,,,,,,,,,,,,,,,,,,,,,,,,,
51,0.0,0.0,17.0,307.55327256866366,307.54999999999995,-0.0032725686637036233,307.54999999999995,299.34999999999997,3.905,280.0,1.1175979112453547,0.09629260709310472,-0.15106717843732062,-0.18533137480399375,0.0,1.0,23.0,306.6131718288107,300.04999999999995,-6.563171828810766,307.54999999999995,299.34999999999997,4.7,310.0,-0.14507804054264284,-6.439293547993088,0.45817860973015456,-0.2122454083665417,1.0,0.0,23.0,305.2607514913266,299.04999999999995,-6.210751491326619,306.45,292.65,5.1,310.0,-0.18700134701560955,-6.118603946988387,0.4361630818895037,-0.2664229477379507,2.0,0.0,18.0,306.4603038253657,306.45416666666665,-0.006137158699061729,307.04999999999995,291.04999999999995,4.554166666666667,285.8333333333333,0.5802398250453251,0.1078851947084587,-0.014823190176888565,0.02427055195569494,2.0,1.0,23.0,305.2806238162598,300.15,-5.130623816259799,307.04999999999995,291.04999999999995,3.8,310.0,-0.1680341858431973,-5.026906136385534,0.3919053157926176,-0.1566892360367973,3.0,0.0,18.0,308.06960850626723,308.06333333333333,-0.006275172933897011,309.84999999999997,292.54999999999995,4.815,307.6666666666667,0.6901156981025167,0.13813965399883443,-0.052440643182383916,0.1363133924995168,3.0,1.0,23.0,306.81919451565483,301.95,-4.86919451565484,309.84999999999997,292.54999999999995,3.1,290.0,-0.1085863632973485,-4.738983322556905,0.42386198028874844,-0.13752137419780297,5.0,0.0,19.0,313.27062805187904,313.26666666666665,-0.003961385212392088,315.34999999999997,298.15,4.216666666666667,288.3333333333333,0.6195649622489157,0.20934091613899852,0.06581493047261706,0.2798319118935524,5.0,1.0,23.0,311.8462052770684,305.04999999999995,-6.796205277068452,315.34999999999997,298.15,3.6,300.0,-0.09553833947884982,-6.602120950736037,0.5262203057073785,-0.08339412734929397,6.0,0.0,23.0,307.86730108254176,296.84999999999997,-11.017301082541792,309.84999999999997,296.75,6.8,310.0,-0.3032063082975469,-10.92135427645357,0.7067427046993989,-0.6693713192433535,,,,,,,,,,,,,,,,,,,,,,,,,,,,,,,,,,,,,,,,,,,,,,,,,,,,,,,,
52,0.0,0.0,18.0,301.2095743013472,301.2058333333333,-0.003740968013858037,305.04999999999995,292.54999999999995,3.99,222.41666666666666,0.3754850898655917,0.18361935636258409,-0.06096997184626218,0.5515949742791122,0.0,1.0,23.0,298.1045907099774,291.04999999999995,-7.054590709977447,305.04999999999995,292.54999999999995,2.6,170.0,-0.1205236558721765,-6.9788191408052,0.7952653359975604,-0.9872392470438598,1.0,0.0,19.0,301.50386006235334,301.4833333333333,-0.02052672902004815,305.45,286.15,3.3625000000000003,210.0,0.3409639089349099,0.188268417166924,-0.11248615118203513,0.7493176488960103,1.0,1.0,23.0,299.01357840825096,291.04999999999995,-7.96357840825101,305.45,286.15,2.3,200.0,-0.07731179113801545,-7.85404625596064,0.7740868431082882,-0.871276976674082,2.0,0.0,18.0,300.17502279513303,300.16749999999996,-0.0075227951330703036,304.15,286.15,3.0875000000000004,195.5,0.33926478111851566,0.17051122823153264,-0.09109931894848937,0.5801794607985897,2.0,1.0,23.0,297.3161721195831,292.04999999999995,-5.266172119583132,304.15,286.15,3.1,200.0,-0.10249192447663802,-5.197539980552918,0.6900105407823011,-0.8245150084252089,3.0,0.0,18.0,302.8566291400873,302.8383333333333,-0.018295806753997113,307.95,289.15,3.1583333333333337,207.66666666666666,0.3752777369797968,0.2098607228520848,-0.04078320612830547,0.685021510568177,3.0,1.0,23.0,299.3710077310015,292.15,-7.221007731001521,307.95,289.15,1.6,160.0,-0.09833066445861505,-7.125263832637401,0.8126099307827749,-0.93927055358985,4.0,0.0,18.0,300.65413929472004,300.65,-0.004139294720062026,305.04999999999995,288.15,5.346666666666667,212.66666666666666,0.38922962822579166,0.16908697386021743,-0.12369525133797292,0.5763115952053539,4.0,1.0,23.0,297.17221313315116,290.04999999999995,-7.122213133151206,305.04999999999995,288.15,3.7,200.0,-0.15464787100833632,-7.07457819882265,0.7945218428575581,-1.0675353664587561,5.0,0.0,18.0,298.1407847485009,298.125,-0.01578474850089151,301.25,286.15,5.7,215.41666666666666,0.345895579636462,0.1188353327399767,-0.16210359866121848,0.5210459627317334,6.0,0.0,19.0,299.2113853418789,299.2008333333333,-0.010552008545573699,302.84999999999997,285.15,2.890833333333333,190.0,0.3139662321857486,0.16750265097937245,-0.10753901337291911,0.6360531244768168,6.0,1.0,23.0,297.17140170454854,292.04999999999995,-5.121401704548589,302.84999999999997,285.15,1.6,180.0,-0.05578284344592532,-5.02881000041404,0.600663023056967,-0.626402292804741,,,,,,,,,,,,,,
53,4.0,0.0,18.0,308.0685346718602,308.05499999999995,-0.013534671860270464,311.15,299.34999999999997,7.565,330.0,0.11637525904725976,0.10395495955494027,-0.04064227546207633,0.4323235208994589,4.0,1.0,23.0,306.3779555482458,302.25,-4.1279555482457795,311.15,299.34999999999997,3.9,320.0,-0.21448507220165425,-4.073079656689103,0.3890467373695401,-0.28940421933901916,5.0,0.0,18.0,307.5687731418126,307.5516666666666,-0.017106475145965305,311.25,295.45,7.895833333333333,320.0,0.18205452915559306,0.10601417003240954,-0.033063934921888936,0.38834244891640424,5.0,1.0,23.0,305.59178048148226,300.04999999999995,-5.541780481482306,311.25,295.45,0.0,320.0,-0.23303058658233056,-5.493057732085063,0.4046527692896215,-0.34056718777328854,,,,,,,,,,,,,,,,,,,,,,,,,,,,,,,,,,,,,,,,,,,,,,,,,,,,,,,,,,,,,,,,,,,,,,,,,,,,,,,,,,,,,,,,,,,,,,,,,,,,,,,,,,,,,,,,,,,,,,,,,,,,,,,,,,,,,,,,,,,,
54,2.0,0.0,18.0,310.52653024926826,310.5133333333333,-0.01319691593494099,313.75,298.15,6.516666666666667,320.0,0.2295452632940993,0.13160590027887054,-0.030418338230376207,0.43736058181953297,2.0,1.0,23.0,308.25065207240164,304.15,-4.100652072401658,313.75,298.15,2.7,300.0,-0.12523040064073143,-4.035805932462594,0.5312653904660701,-0.5955212626422934,3.0,0.0,18.0,309.81643594625643,309.8075,-0.008935946256428906,313.25,296.04999999999995,6.8725,310.0,0.1918725035347819,0.13377198768273502,-0.08167903506841867,0.5360855988585485,3.0,1.0,23.0,308.02475889168284,304.15,-3.874758891682859,313.25,296.04999999999995,3.8,310.0,-0.09794757522421094,-3.8000922291027592,0.46915245481668916,-0.4713053654256356,,,,,,,,,,,,,,,,,,,,,,,,,,,,,,,,,,,,,,,,,,,,,,,,,,,,,,,,,,,,,,,,,,,,,,,,,,,,,,,,,,,,,,,,,,,,,,,,,,,,,,,,,,,,,,,,,,,,,,,,,,,,,,,,,,,,,,,,,,,,
55,0.0,0.0,18.0,304.29362758547046,304.28,-0.013627585470487702,308.75,300.65,6.665,263.0,0.36915138184062357,0.27084233993932116,0.04431183957905679,0.7581808453910384,0.0,1.0,23.0,302.1349954819601,296.95,-5.184995481960129,308.75,300.65,1.6,80.0,-0.2801273553192374,-4.967776825488514,0.6821030022592017,-0.23517234569749235,1.0,0.0,17.0,304.06850106936645,304.06,-0.00850106936644579,308.15,290.54999999999995,7.29,270.0,0.5695805586329641,0.239405738640599,-0.018107262489223785,0.5627873072808853,1.0,1.0,23.0,301.30346608755696,295.25,-6.053466087556956,308.15,290.54999999999995,1.3,170.0,-0.3518738224223483,-5.883441685095505,0.7298055334484795,-0.472235294396242,2.0,0.0,18.0,302.88689386831925,302.885,-0.001893868319257308,307.04999999999995,289.45,5.63,280.0,0.44179247930354393,0.2183058596576899,-0.041083526718182384,0.5794334817537532,2.0,1.0,23.0,300.44502679391627,294.65,-5.795026793916293,307.04999999999995,289.45,0.2,280.0,-0.3561250821378792,-5.64203914586696,0.6920831300069258,-0.4778842903646705,3.0,0.0,18.0,302.4761817639661,302.46999999999997,-0.006181763966139897,306.34999999999997,289.84999999999997,4.0,272.0,0.3699892252633248,0.20031966842662996,0.03384724588386708,0.47738139497913323,3.0,1.0,23.0,300.05011422033135,293.65,-6.400114220331375,306.34999999999997,289.84999999999997,3.2,240.0,-0.40233837270550055,-6.247855564584853,0.7678883922005705,-0.6291223943489115,4.0,0.0,17.0,299.121598218121,299.11249999999995,-0.009098218121039281,302.34999999999997,287.65,4.931666666666667,280.0,0.7178070314314908,0.12097114764596029,-0.3049703424834102,0.47669166481816205,,,,,,,,,,,,,,,,,,,,,,,,,,,,,,,,,,,,,,,,,,,,,,,,,,,,,,,,,,,,,,,,,,,,,,
56,0.0,0.0,17.0,300.094472881431,300.0933333333333,-0.0011395480976830186,301.15,294.34999999999997,3.63,180.0,0.4521223945950368,0.11858303270199144,-0.003443028262466896,0.13855458229579654,0.0,1.0,23.0,298.1109868159648,294.04999999999995,-4.060986815964839,301.15,294.34999999999997,3.5,90.0,-0.23479458515080864,-3.9864520417118143,0.5028760199801544,-0.4844228568359199,1.0,0.0,17.0,299.3086068196701,299.30499999999995,-0.003606819670153527,301.15,291.15,4.6775,170.0,0.5047337194655768,0.1139468969165307,-0.14433372219207286,0.3061465444676088,1.0,1.0,23.0,297.19980961721257,294.04999999999995,-3.149809617212611,301.15,291.15,2.2,110.0,-0.23854267173716437,-3.0886181323585333,0.4822375177421634,-0.47665748262944874,2.0,0.0,18.0,298.858271543442,298.85499999999996,-0.003271543442053826,301.04999999999995,291.15,3.2150000000000003,170.5,0.37783750667027505,0.11556504839101933,-0.09161852135229746,0.3122124963885682,2.0,1.0,23.0,297.16023586464956,295.04999999999995,-2.11023586464961,301.04999999999995,291.15,2.1,90.0,-0.19752557808037352,-2.0430552024670163,0.3933381671119207,-0.2986891600910013,3.0,0.0,19.0,300.42585914693575,300.4033333333333,-0.022525813602442213,304.15,290.25,2.98,176.0,0.252675015424046,0.14957518648961354,-0.06653705671489263,0.5710380200691532,3.0,1.0,23.0,298.25580169397614,292.15,-6.1058016939761615,304.15,290.25,3.0,130.0,-0.2504250517240081,-5.996083913484767,0.6642964901776717,-0.6694772842391501,4.0,0.0,18.0,303.94927525118555,303.92499999999995,-0.0242752511855997,309.15,290.15,4.076666666666666,131.16666666666666,0.36018696322594224,0.22941418234151456,-0.09884828017150464,0.8817187319763207,4.0,1.0,23.0,301.3174619798437,295.04999999999995,-6.267461979843745,309.15,290.15,3.1,130.0,-0.21611765845057107,-6.091498545717798,0.8318192369315037,-0.7231173193768399,5.0,0.0,18.0,303.3838666761288,303.34999999999997,-0.03386667612880956,306.75,294.15,4.25,160.0,0.4194981640597888,0.16445105277496452,-0.12956962920540605,0.6971113968894542,5.0,1.0,23.0,300.40078007356186,295.15,-5.250780073561884,306.75,294.15,2.5,120.0,-0.24445562005023191,-5.132851398949029,0.7143262247997058,-0.6867625775035435,6.0,0.0,17.0,302.3756210152692,302.36249999999995,-0.013121015269234704,305.15,294.15,5.0649999999999995,170.0,0.6054276667093035,0.14976528142891254,-0.1798062256185299,0.4843078142070425,6.0,1.0,23.0,299.44451678916073,295.04999999999995,-4.394516789160775,305.15,294.15,3.2,100.0,-0.2600616996923719,-4.307109194446625,0.6570010953369092,-0.6829186620796577
57,3.0,0.0,18.0,300.15390203176355,300.14166666666665,-0.012235365096898931,305.25,284.75,3.5208333333333335,270.0,0.30725158719823753,0.24471886787432595,0.0604781796794119,0.6857505193646602,3.0,1.0,23.0,297.352538460983,292.95,-4.40253846098301,305.25,284.75,1.3,130.0,-0.04135299064408571,-4.271560870396755,0.6919483312036855,-0.5917002115308208,4.0,0.0,18.0,302.18970959088426,302.1733333333333,-0.016376257550973605,307.04999999999995,287.65,4.855,277.5833333333333,0.3377872451228683,0.24109171144800712,0.10635456632587648,0.6022699161837153,4.0,1.0,23.0,299.08085996694746,294.15,-4.93085996694748,307.04999999999995,287.65,1.3,30.0,-0.03873958213175399,-4.803412312468268,0.6519029308276648,-0.5592258220138291,5.0,0.0,17.0,297.7655813902141,297.76,-0.005581390214103976,301.34999999999997,287.45,4.74,290.0,0.2766637125606195,0.137610178782964,0.01919083508460062,0.3197641807980176,,,,,,,,,,,,,,,,,,,,,,,,,,,,,,,,,,,,,,,,,,,,,,,,,,,,,,,,,,,,,,,,,,,,,,,,,,,,,,,,,,,,,,,,,,,,,,,,,,,,,,,,,,,,,,,,,,,,,,,,,,,,,,
58,0.0,0.0,18.0,300.1296445773499,300.125,-0.0046445773498930976,303.15,294.34999999999997,2.6250000000000004,260.0,0.19959167456077864,0.13579733610792744,-0.09692437352507947,0.5516560457258493,0.0,1.0,23.0,297.6745964712988,293.65,-4.024596471298821,303.15,294.34999999999997,0.2,10.0,-0.10954568779688145,-3.971575223542743,0.6058627488785078,-0.7701818269831762,1.0,0.0,18.0,301.55759713130556,301.54999999999995,-0.007597131305601579,305.25,292.15,4.3,120.0,0.23266436052502115,0.16655639417894008,-0.044042810129975386,0.5740823461347162,1.0,1.0,23.0,299.5583184177742,295.15,-4.40831841777424,305.25,292.15,9.0,10.0,-0.047748168179339245,-4.31285735574464,0.5411162446218185,-0.5518467548904624,2.0,0.0,19.0,298.7546380585987,298.74916666666667,-0.005471391932019287,301.45,289.25,7.353333333333333,360.0,0.14822919663691891,0.1108181859134163,-0.07608527591964769,0.4462762239704716,2.0,1.0,23.0,297.474551843207,295.25,-2.2245518432069957,301.45,289.25,5.0,350.0,-0.040570159480907364,-2.1620651130706676,0.3501988633797595,-0.32410947396044776,3.0,0.0,18.0,301.1904255508532,301.17499999999995,-0.01542555085325148,304.25,291.04999999999995,2.305,297.0,0.25737893418151714,0.15541929094453621,-0.12897524622083267,0.6952617574663975,3.0,1.0,23.0,297.73299131327786,292.34999999999997,-5.382991313277898,304.25,291.04999999999995,4.1,300.0,-0.16180045570474988,-5.3337413499658055,0.814883540805288,-1.1121033339693582,4.0,0.0,18.0,301.8534339783558,301.8408333333333,-0.0126006450224736,305.95,287.75,1.5,206.58333333333334,0.2937418409407684,0.1858160419469641,-0.1952419460285597,0.8736379066521494,4.0,1.0,23.0,297.7325500230567,289.75,-7.982550023056717,305.95,287.75,1.5,340.0,-0.194370659067431,-7.932058723400658,0.9538446560203274,-1.3562636383870057,5.0,0.0,18.0,302.02006701159894,302.01666666666665,-0.003400344932288135,306.95,285.15,1.6166666666666667,186.5,0.3045360211651058,0.21008644100795948,-0.2021342470691773,0.9270533845386808,5.0,1.0,23.0,298.1844693082552,288.75,-9.434469308255188,306.95,285.15,0.2,330.0,-0.18042308324596945,-9.361901512314219,0.9836880535999389,-1.380151836162696,6.0,0.0,18.0,302.36440741433177,302.3375,-0.026907414331788004,307.04999999999995,286.15,1.0016666666666667,203.0,0.3208356089177471,0.19239421533092127,-0.2025165415198605,0.9467849084937967,6.0,1.0,23.0,298.51557702268383,290.25,-8.265577022683829,307.04999999999995,286.15,1.7,280.0,-0.19188269611984765,-8.187567282944514,1.085841505712087,-1.5012671709805545
59,0.0,0.0,23.0,305.6708525416493,299.75,-5.92085254164931,309.25,299.75,9.5,320.0,-0.4153718794998724,-5.870789448706944,0.5448910819985807,-0.5252355989347421,1.0,0.0,18.0,306.04411510078785,306.03999999999996,-0.00411510078788524,308.75,293.95,7.785,320.0,0.2606270747747743,0.10026146367874844,-0.10081919452992356,0.358514025872708,1.0,1.0,23.0,303.95796131963704,299.75,-4.207961319637036,308.75,293.95,6.1,320.0,-0.4050801266492101,-4.172049692620334,0.48508950603454554,-0.46275870804480235,2.0,0.0,19.0,306.08772956416465,306.08,-0.007729564164662861,308.75,294.04999999999995,8.313333333333334,320.0,0.16637780423678805,0.11490232753440921,-0.07597275449129863,0.46076094360316233,2.0,1.0,23.0,304.35639461002995,300.25,-4.106394610029952,308.75,294.04999999999995,7.1,320.0,-0.37082007237599157,-4.043132158190758,0.4705273056866541,-0.3596179388754166,3.0,0.0,19.0,307.1374768658119,307.1333333333333,-0.004143532478565248,310.75,293.15,8.041666666666666,320.0,0.19323928235888843,0.1495508297053476,-0.0491196391539385,0.5179563501645674,3.0,1.0,23.0,305.4809714127132,301.34999999999997,-4.130971412713222,310.75,293.15,2.6,320.0,-0.33204917206583673,-4.03867568109024,0.4655090612138508,-0.2598460517715324,4.0,0.0,19.0,310.27452450075964,310.26666666666665,-0.007857834092988014,315.25,293.95,7.109999999999999,320.0,0.11127312171480241,0.207075651004331,0.03332432242209885,0.6856637056884978,4.0,1.0,23.0,308.86063709102956,304.15,-4.710637091029582,315.25,293.95,0.5,310.0,-0.2665540412161249,-4.5491390668153,0.5123138499978713,-0.1317106790199034,,,,,,,,,,,,,,,,,,,,,,,,,,,,,,,,,,,,,,,,,,,,,,,,,,,,,,,,,,,,,,,,,,,,,,
60,0.0,0.0,18.0,299.78610250388874,299.78,-0.006102503888769206,301.34999999999997,296.04999999999995,2.27,272.0,0.2924134416035713,0.12909949165603507,0.023931186993976894,0.27306905090448197,2.0,0.0,18.0,298.29854881315646,298.29499999999996,-0.003548813156498909,299.75,291.45,2.425,100.0,0.2579481726426991,0.11253033045269945,0.011879272865551608,0.23827307226990513,3.0,0.0,17.0,297.924531306985,297.9216666666666,-0.0028646403183643088,299.25,292.25,2.7816666666666667,280.0,0.3613853796870643,0.1024378154824035,-0.047869303887461946,0.2122622963673848,4.0,0.0,17.0,298.444986046755,298.44166666666666,-0.0033193800883282165,300.34999999999997,292.54999999999995,5.2475,310.0,0.34590907192459497,0.11769810322645924,-0.05047542176219603,0.28933369182793456,5.0,0.0,18.0,299.52720616404815,299.525,-0.0022061640481751965,302.15,292.04999999999995,2.875,282.5,0.3042551213058857,0.1479334512478374,-0.06922587508867177,0.4623123553447499,5.0,1.0,23.0,297.20920719895986,293.04999999999995,-4.159207198959905,302.15,292.04999999999995,1.3,300.0,-0.15186354110241496,-4.098707843875758,0.5329234580123293,-0.5712262883463097,6.0,0.0,18.0,301.92359781280084,301.91499999999996,-0.008597812800871907,306.84999999999997,291.34999999999997,2.2425,260.0,0.3160091860634964,0.19277443685749063,0.01414683657642494,0.532085590285547,6.0,1.0,23.0,299.47494881503474,295.34999999999997,-4.12494881503477,306.84999999999997,291.34999999999997,0.0,270.0,-0.1132603379448085,-4.023027034238325,0.5917954869108163,-0.5250477016064963,,,,,,,,,,,,,,,,,,,,,,,,,,,,,,,,,,,,,,,,,,,,,,,,,,,,,,,,,,,,,,,,,,,,,,,,,,,,,,,,,,,,
61,0.0,0.0,17.0,310.7123211181529,310.71,-0.002321118152906365,312.25,305.54999999999995,7.3325000000000005,310.0,0.7048374690307355,0.17286225648204834,-0.0279149214761721,0.22883640833801167,0.0,1.0,23.0,308.2674709105968,302.95,-5.317470910596796,312.25,305.54999999999995,5.0,320.0,-0.2824166407198305,-5.174998608576473,0.6589908987493089,-0.44808673953515665,1.0,0.0,18.0,309.9162816851234,309.9033333333333,-0.012948351790100787,311.54999999999995,296.45,7.583333333333333,320.0,0.514574051103196,0.1461221093737919,-0.023861302903346388,0.29672707539447174,1.0,1.0,23.0,308.0037183318318,303.04999999999995,-4.953718331831851,311.54999999999995,296.45,6.1,310.0,-0.261265722500454,-4.819828465784269,0.5482849807280843,-0.302614192194099,2.0,0.0,18.0,309.9625435370259,309.9533333333333,-0.009210203692589403,311.95,295.95,9.185,320.0,0.6061419795962166,0.1468774587331012,-0.07057538128989904,0.2910947436402722,2.0,1.0,23.0,307.9105584984685,303.65,-4.2605584984685265,311.95,295.95,2.3,290.0,-0.26444607908557316,-4.132143347283872,0.5561688822790435,-0.3176848271084225,3.0,0.0,18.0,310.2933145787801,310.28499999999997,-0.008314578780129978,312.15,296.04999999999995,7.751666666666667,320.0,0.5983999225166059,0.1545221862509436,-0.04417092059399863,0.2756439488329221,3.0,1.0,23.0,308.2395029871909,303.04999999999995,-5.189502987190963,312.15,296.04999999999995,6.2,310.0,-0.25521966549820263,-5.05584250955431,0.5600789347328808,-0.3220064881355853,4.0,0.0,23.0,306.60435214713937,299.75,-6.854352147139366,310.25,296.54999999999995,6.8,310.0,-0.3313486814723632,-6.76028138093605,0.5946045073339548,-0.5177998740373226,5.0,0.0,18.0,305.9158102249829,305.905,-0.010810224982947148,307.95,295.45,8.04,321.5,0.3575745649246329,0.0722514943997794,-0.11866200989226172,0.24792924462830968,5.0,1.0,23.0,304.51481459822065,300.25,-4.264814598220653,307.95,295.45,6.5,310.0,-0.2799710415228134,-4.195466603849184,0.39336234792089425,-0.27038682718891494,,,,,,,,,,,,,,,,,,,,,,,,,,,,,,,,,,,,,,,,,,
62,3.0,0.0,19.0,300.80451209042565,300.79999999999995,-0.004512090425691895,305.25,287.15,5.005,294.75,0.29924052399110224,0.22742124764717175,-0.031768374212868856,0.7168102558302678,3.0,1.0,23.0,299.0991781363806,294.95,-4.149178136380613,305.25,287.15,3.5,250.0,-0.019336467634829546,-3.9951119664699206,0.5972735666757814,-0.4506487722569972,4.0,0.0,18.0,302.92040991410323,302.90166666666664,-0.018743247436589172,306.95,289.15,5.1,298.0833333333333,0.37179950253567995,0.22501056550490262,-0.11571997098687821,0.8669914975051256,4.0,1.0,23.0,299.58067451312684,293.25,-6.330674513126837,306.95,289.15,0.3,290.0,-0.1333381490337473,-6.209934948287142,0.8967028182552829,-1.0320750738074338,5.0,0.0,19.0,301.1607088871786,301.1475,-0.013208887178620898,305.25,288.15,5.035,296.75,0.29595553984904654,0.18762411259612577,-0.17092167374696032,0.8281831553779426,5.0,1.0,23.0,298.8207579268782,293.95,-4.870757926878184,305.25,288.15,3.1,290.0,-0.09793194249883186,-4.760525296146895,0.6979356333146143,-0.7462443670666943,6.0,0.0,19.0,303.2690503187825,303.2633333333333,-0.0057169854491689875,308.15,290.15,4.766666666666667,298.6666666666667,0.318769131296591,0.23342575102893193,-0.029315802556676356,0.737831870948412,6.0,1.0,23.0,300.932633255891,296.15,-4.782633255891028,308.15,290.15,3.1,290.0,-0.05431339990921913,-4.636595162731666,0.7056722150528808,-0.6445128053810691,,,,,,,,,,,,,,,,,,,,,,,,,,,,,,,,,,,,,,,,,,,,,,,,,,,,,,,,,,,,,,,,,,,,,,,,,,,,,,,,,,,,
63,,,,,,,,,,,,,,,,,,,,,,,,,,,,,,,,,,,,,,,,,,,,,,,,,,,,,,,,,,,,,,,,,,,,,,,,,,,,,,,,,,,,,,,,,,,,,,,,,,,,,,,,,,,,,,,,,,,,,,,,,,,,,,,,,,,,,,,,,,,,,,,,,,,,,,,,,,,,,,,,,,,,,,,,,,,,,,,,,,,,,,,,,,,,,,,,,,,,
64,0.0,0.0,23.0,305.28074859757703,297.04999999999995,-8.230748597577076,308.15,297.04999999999995,2.8,180.0,-0.34548946765565347,-8.166925879157716,0.5327062694165269,-0.38439685616140196,1.0,0.0,18.0,307.70576137903936,307.7,-0.00576137903937024,310.04999999999995,292.15,6.175,231.25,0.5741914160102084,0.1330078110162276,-0.010411740033750524,0.11151346905070625,1.0,1.0,23.0,305.63280541238237,298.04999999999995,-7.582805412382413,310.04999999999995,292.15,0.2,170.0,-0.3008717250685464,-7.498194859826356,0.45538817693679806,-0.2117227075473238,2.0,0.0,18.0,308.19700148079096,308.1833333333333,-0.01366814745767897,311.25,291.15,5.796666666666667,258.8333333333333,0.33899780288992076,0.1467555271875085,0.03668446975766907,0.3054916956228766,2.0,1.0,23.0,306.5947911244495,301.04999999999995,-5.544791124449546,311.25,291.15,2.3,270.0,-0.2423350940482294,-5.435449822339876,0.41343885201009317,-0.082184112633783,3.0,0.0,23.0,306.8576953457259,301.15,-5.707695345725938,312.15,295.15,4.0,240.0,-0.29086371473653116,-5.617315595117361,0.5058997546577615,-0.26102312847693554,4.0,0.0,23.0,305.61798842259606,297.04999999999995,-8.567988422596102,310.04999999999995,295.34999999999997,4.7,190.0,-0.3784340826199184,-8.50798036023592,0.5911443915411354,-0.48343474544410014,5.0,0.0,18.0,307.7345978239782,307.7333333333333,-0.0012644906449281734,310.15,290.15,6.534999999999999,230.0,0.5522195421340257,0.13636738745417176,-0.0384185678600204,0.1652205548121799,5.0,1.0,23.0,305.53442798259346,298.15,-7.384427982593479,310.15,290.15,2.1,200.0,-0.3146319901651964,-7.306567339137004,0.4785285887066095,-0.26680144962357133,6.0,0.0,18.0,310.2173734933395,310.20916666666665,-0.008206826672847,314.25,294.15,6.1883333333333335,277.9166666666667,0.3613201207029846,0.1849679870150851,0.03605398339827559,0.4253606278301163,6.0,1.0,23.0,308.17215898312725,300.95,-7.222158983127258,314.25,294.15,2.2,190.0,-0.2664652776216485,-7.094448609293593,0.5224188945710182,-0.17807411299489218,,,,,,,,,,,,,,,,,,,,,,,,,,,,,,,,,,,,,,,,,,
65,0.0,0.0,17.0,300.55692091461856,300.55249999999995,-0.004420914618606275,301.45,297.25,4.9425,180.0,0.5549673495586234,0.1275401555467539,-0.08124663190533947,0.2871493542602366,0.0,1.0,23.0,298.6147766742657,295.25,-3.364776674265727,301.45,297.25,2.5,110.0,-0.07765560561698237,-3.241486048511078,0.5760194067288372,-0.5763281028961842,1.0,0.0,17.0,300.37836817680494,300.37666666666667,-0.0017015101382753528,301.95,291.04999999999995,4.39,170.0,0.516794866028178,0.13012121139753674,-0.09947105826610898,0.31260039785823324,1.0,1.0,23.0,298.7471366307735,295.65,-3.097136630773548,301.95,291.04999999999995,2.2,130.0,-0.05662777368743832,-2.9734077328779875,0.5051322912324091,-0.4638375283364553,2.0,0.0,18.0,299.5459035772624,299.53666666666663,-0.00923691059574594,300.84999999999997,290.95,4.246666666666667,180.0,0.43979896293554077,0.10245985118484668,-0.07434042780103312,0.2564791962009849,2.0,1.0,23.0,297.55272309475384,293.15,-4.402723094753867,300.84999999999997,290.95,3.0,130.0,-0.12370621762643452,-4.300529009043885,0.6129270958466956,-0.7468362349078461,5.0,0.0,20.0,298.1825073021679,298.1766666666666,-0.005840635501272118,299.75,291.25,3.0766666666666667,124.66666666666667,0.17040487334827503,0.1255032321351166,0.02530231560433549,0.337689330221977,5.0,1.0,23.0,297.5717949156572,295.25,-2.3217949156572217,299.75,291.25,3.2,120.0,-0.0036694460044373045,-2.195938825225383,0.3155633507636111,-0.15167960092632882,6.0,0.0,18.0,303.1047810796652,303.1033333333333,-0.001447746331905364,306.25,292.15,3.0033333333333334,180.0,0.4358959762341925,0.22436400880978624,-0.014203075062184212,0.6107203317894232,6.0,1.0,23.0,301.708751762794,297.84999999999997,-3.858751762794043,306.25,292.15,4.1,120.0,0.015677117928333928,-3.638332188259014,0.6188966259290444,-0.39951695715416236,,,,,,,,,,,,,,,,,,,,,,,,,,,,,,,,,,,,,,,,,,,,,,,,,,,,,,,,
66,5.0,0.0,19.0,299.5957020691206,299.5883333333333,-0.007368735787281366,304.15,286.45,4.3149999999999995,320.0,0.2581884097570679,0.2362154685447706,0.08358928287663521,0.6399847402788197,5.0,1.0,23.0,298.126653572781,295.95,-2.1766535727809924,304.15,286.45,3.9,280.0,-0.029871808013211876,-2.0076465046205954,0.45356063099850513,-0.035760887368823546,6.0,0.0,18.0,301.51907232685824,301.515,-0.004072326858249653,305.34999999999997,289.25,3.1,143.0,0.29701626624230926,0.23044152319918965,0.14865774874515125,0.4702324862134901,6.0,1.0,23.0,299.7805687802588,296.95,-2.8305687802588295,305.34999999999997,289.25,3.5,330.0,-0.05664725127401482,-2.6720294863210654,0.5054251472307006,-0.15663227352861497,,,,,,,,,,,,,,,,,,,,,,,,,,,,,,,,,,,,,,,,,,,,,,,,,,,,,,,,,,,,,,,,,,,,,,,,,,,,,,,,,,,,,,,,,,,,,,,,,,,,,,,,,,,,,,,,,,,,,,,,,,,,,,,,,,,,,,,,,,,,
67,0.0,0.0,17.0,306.8682383175315,306.8666666666667,-0.0015716508648324634,309.15,304.04999999999995,7.861666666666667,230.0,0.3456860957916632,0.16188006859248105,0.0030831125921935154,0.3747252291156258,0.0,1.0,23.0,303.3144356259171,297.45,-5.86443562591711,309.15,304.04999999999995,2.0,270.0,-0.21833873259454606,-5.827173707194163,0.7094380342681603,-0.9183369451605614,1.0,0.0,18.0,305.24310107766456,305.2283333333333,-0.01476774433126593,308.75,289.04999999999995,10.646666666666667,230.0,0.27825582477066746,0.13554032081238176,-0.010050528938776893,0.39228249055007325,1.0,1.0,23.0,302.45497574468493,297.45,-5.004975744684941,308.75,289.04999999999995,6.8,230.0,-0.17595615386969143,-4.96234182071413,0.5681456221398188,-0.6852957901762551,2.0,0.0,18.0,304.60306818471764,304.5983333333333,-0.0047348513843417095,307.54999999999995,295.04999999999995,9.389999999999999,250.0,0.25246475430301984,0.1271353913201807,0.012584024720439402,0.30053229154242445,2.0,1.0,23.0,301.93662642124355,296.95,-4.986626421243557,307.54999999999995,295.04999999999995,9.7,230.0,-0.1968588451322546,-4.954015674726151,0.5894561129764165,-0.7533233752105986,3.0,0.0,17.0,303.8041545876075,303.79749999999996,-0.00665458760755655,306.45,293.75,8.9925,240.0,0.2809083677176005,0.11413431987267586,-0.019972590127830852,0.28891891926440394,3.0,1.0,23.0,301.334500486649,298.04999999999995,-3.2845004866490513,306.45,293.75,5.6,220.0,-0.17082263279647236,-3.256930514974286,0.4572079312395421,-0.5406508036339659,4.0,0.0,18.0,305.51436253113013,305.495,-0.019362531130127536,309.04999999999995,291.04999999999995,5.6450000000000005,276.5,0.27733320533270955,0.14890624544258912,-0.05202090844872013,0.5405607008839723,4.0,1.0,23.0,302.9282057176392,298.04999999999995,-4.878205717639219,309.04999999999995,291.04999999999995,1.3,30.0,-0.1526967857953423,-4.813124150107072,0.58717284393497,-0.6414922492474204,,,,,,,,,,,,,,,,,,,,,,,,,,,,,,,,,,,,,,,,,,,,,,,,,,,,,,,,
68,0.0,0.0,17.0,305.35699029548834,305.3566666666666,-0.0003236288217181027,309.04999999999995,304.34999999999997,10.48,230.0,0.4716551911185576,0.19691843673339804,-0.03570020340537402,0.47839836410604164,0.0,1.0,23.0,301.7526556884963,297.04999999999995,-4.70265568849635,309.04999999999995,304.34999999999997,1.6,310.0,-0.13758258542750923,-4.620764660250444,0.7713336204150304,-0.9292252184864367,1.0,0.0,18.0,299.6465553794576,299.6358333333333,-0.010722046124271856,300.95,288.45,9.19,220.08333333333334,0.28290225121099866,0.06175538251461887,-0.07851854568438436,0.18392590603353653,1.0,1.0,23.0,297.55892312302353,295.04999999999995,-2.5089231230235782,300.95,288.45,3.5,240.0,-0.14383428637518136,-2.498390465881144,0.44466196215145715,-0.6254199948939316,2.0,0.0,17.0,304.2268322746627,304.22499999999997,-0.0018322746627177366,308.04999999999995,290.84999999999997,10.741666666666665,230.0,0.31154458604996194,0.19181903225637598,0.05039874054706672,0.4440573426729344,2.0,1.0,23.0,302.08379746529135,298.04999999999995,-4.0337974652914,308.04999999999995,290.84999999999997,1.3,70.0,-0.06105032507883834,-3.9209621956873946,0.5870994940921955,-0.5555659978709002,3.0,0.0,17.0,303.8150900431215,303.8125,-0.002590043121472263,305.84999999999997,292.34999999999997,11.25,230.0,0.4398200292008454,0.14878822053834995,-0.04460717620970437,0.3438831490324077,3.0,1.0,23.0,300.70789453246584,295.95,-4.757894532465855,305.84999999999997,292.34999999999997,6.9,230.0,-0.13096650474453497,-4.699873307784642,0.6201094599047442,-0.7761205523118377,4.0,0.0,17.0,303.40086022984076,303.4,-0.0008602298407822673,305.95,290.65,9.09,300.0,0.42160828807871553,0.15046416749071057,-0.08508285217134433,0.4054970366054249,4.0,1.0,23.0,300.2408406668201,294.15,-6.0908406668201,305.95,290.65,3.3,280.0,-0.16897037589698982,-6.037090165833092,0.713668289581264,-0.9538627697290138,5.0,0.0,18.0,302.73955064627944,302.72166666666664,-0.017883979612804524,306.34999999999997,285.84999999999997,7.265,262.3333333333333,0.34050887310515066,0.14004201005000994,-0.0837014180761552,0.5026207312482143,5.0,1.0,23.0,299.7167720042794,293.04999999999995,-6.666772004279437,306.34999999999997,285.84999999999997,4.7,280.0,-0.17913514736075342,-6.605495547741455,0.8039057151313548,-1.0920762274364364,6.0,0.0,17.0,301.38243310347184,301.37666666666667,-0.005766436805174635,304.15,288.54999999999995,10.108333333333333,240.0,0.4318914124453528,0.11872457261374336,-0.11772883651694599,0.344808849876614,6.0,1.0,23.0,298.6470027734199,294.15,-4.497002773419922,304.15,288.54999999999995,6.3,220.0,-0.15343120269321275,-4.459112083170055,0.5824433293376501,-0.7824329309584499
69,1.0,0.0,19.0,298.43359776735485,298.43333333333334,-0.00026443402151699047,301.15,285.45,3.2933333333333334,337.0833333333333,0.13486488544161546,0.10902845347177959,-0.05363264007758062,0.4047826573816167,1.0,1.0,23.0,297.1824073315589,293.65,-3.532407331558943,301.15,285.45,2.1,270.0,-0.09012166725469228,-3.4809694374286693,0.33922852201644105,-0.3238009057468787,2.0,0.0,19.0,302.1159077016401,302.10749999999996,-0.008407701640123832,305.45,287.25,1.9775,213.0,0.23557172282940542,0.17302195715267032,-0.032383602142905,0.5847931360822685,2.0,1.0,23.0,300.530178492045,295.95,-4.580178492045036,305.45,287.25,3.0,340.0,-0.04635402864084881,-4.472402928584941,0.4693540492631172,-0.35721590964338645,3.0,0.0,19.0,305.87020280150335,305.86249999999995,-0.0077028015033988595,309.25,292.15,1.835,114.16666666666667,0.25631391806793147,0.2145479624482931,0.08779208829894476,0.5479980306678982,3.0,1.0,23.0,304.1165016117309,300.84999999999997,-3.2665016117309165,309.25,292.15,1.6,320.0,-0.010198016188979864,-3.1197388142272473,0.5612658630402289,-0.3538477786987073,4.0,0.0,18.0,305.8214877034624,305.81083333333333,-0.010654370129088875,309.15,292.04999999999995,6.900833333333333,310.0,0.31101905205100877,0.18191586537744797,0.05064173407503839,0.446195091987704,4.0,1.0,23.0,303.4745210532251,299.75,-3.7245210532250894,309.15,292.04999999999995,5.6,340.0,-0.034645805770210814,-3.6212028441525916,0.5000595191816709,-0.3985550791815484,5.0,0.0,18.0,300.3659774257956,300.34666666666664,-0.0193107591289845,301.45,292.15,3.27,331.1666666666667,0.19963180659513569,0.051789998514593094,-0.05056405604082196,0.20505702036327023,5.0,1.0,23.0,297.9234738449786,293.04999999999995,-4.873473844978662,301.45,292.15,3.4,130.0,-0.19179778653004576,-4.878608524948078,0.5210255572681982,-0.7927815441603627,6.0,0.0,17.0,299.66286320517344,299.6583333333333,-0.004529871840134092,302.04999999999995,290.04999999999995,8.5,320.0,0.3010118065553229,0.08915499400715987,-0.09126607115700835,0.2709718767121103,6.0,1.0,23.0,297.69838658317116,294.54999999999995,-3.1483865831712023,302.04999999999995,290.04999999999995,2.6,300.0,-0.11674508566133568,-3.1271375976342597,0.3536700065218194,-0.43349750696924616,,,,,,,,,,,,,,,,,,,,,,,,,,,,
70,0.0,0.0,18.0,305.05686416085337,305.0458333333333,-0.011030827520073672,308.65,302.25,7.745833333333333,232.91666666666666,0.33220265011128447,0.2124737224660862,0.06532395387408485,0.5318849916621673,0.0,1.0,23.0,302.7350836675212,297.34999999999997,-5.385083667521258,308.65,302.25,2.8,230.0,-0.04515205262764255,-5.25641311192706,0.6221319707147615,-0.5225201512849509,1.0,0.0,18.0,305.64851170204565,305.64416666666665,-0.004345035379003548,309.75,290.84999999999997,9.456666666666667,240.0,0.35024749827989865,0.20362686970457844,0.10458770225273402,0.39412666470916236,1.0,1.0,23.0,302.9083539225574,297.65,-5.258353922557433,309.75,290.84999999999997,5.2,210.0,-0.07894266841277897,-5.153275735284183,0.6336840299553709,-0.6005796443795646,2.0,0.0,23.0,299.5329589517472,294.15,-5.382958951747241,304.84999999999997,293.15,6.8,220.0,-0.1745179340180698,-5.362634894585241,0.5867260526959323,-0.7936749963452598,5.0,0.0,18.0,298.82894438034816,298.825,-0.0039443803481731265,303.84999999999997,283.84999999999997,8.65,230.0,0.325172132336391,0.16800686015174904,-0.04296506554222882,0.4891117868604624,6.0,0.0,18.0,302.423411432802,302.41499999999996,-0.008411432802063246,306.95,286.45,6.836666666666667,231.83333333333334,0.31640161423922564,0.20672619014902693,0.041590216398413794,0.5455343982670513,6.0,1.0,23.0,300.1532004546476,294.04999999999995,-6.103200454647663,306.95,286.45,1.7,150.0,-0.06057088784912423,-5.987421917007055,0.6155201246633624,-0.5598188641542521,,,,,,,,,,,,,,,,,,,,,,,,,,,,,,,,,,,,,,,,,,,,,,,,,,,,,,,,,,,,,,,,,,,,,,,,,,,,,,,,,,,,
71,0.0,0.0,17.0,302.3222255935883,302.31,-0.012225593588311767,308.04999999999995,298.54999999999995,5.806666666666667,308.6666666666667,0.5967393715481393,0.22077054189882972,-0.07284179075851209,0.567383407879035,0.0,1.0,23.0,300.32678012848305,298.15,-2.176780128483074,308.04999999999995,298.54999999999995,4.5,180.0,-0.1624799694028951,-2.052466782708848,0.3523380553649768,0.05199213470784514,6.0,0.0,19.0,300.32465641250474,300.29999999999995,-0.024656412504782566,304.15,289.54999999999995,5.916666666666666,290.0,0.28361085075206915,0.17446401184098193,-0.0027708281771812913,0.5722032502305012,6.0,1.0,23.0,297.8981663933482,292.45,-5.448166393348231,304.15,289.54999999999995,3.5,270.0,-0.300601935078177,-5.359433659194565,0.6414434353669805,-0.504100614674428,,,,,,,,,,,,,,,,,,,,,,,,,,,,,,,,,,,,,,,,,,,,,,,,,,,,,,,,,,,,,,,,,,,,,,,,,,,,,,,,,,,,,,,,,,,,,,,,,,,,,,,,,,,,,,,,,,,,,,,,,,,,,,,,,,,,,,,,,,,,
72,0.0,0.0,18.0,302.33700367862014,302.3233333333333,-0.01367034528681188,308.04999999999995,298.45,4.1,210.66666666666666,0.2936971521115481,0.24469424422326824,-0.012622452988855079,0.8222559424945217,0.0,1.0,23.0,298.5707947280338,290.04999999999995,-8.52079472803382,308.04999999999995,298.45,4.2,210.0,-0.26693942762746303,-8.422360133630065,0.8840996240391661,-0.933392990134152,4.0,0.0,19.0,297.5268436698614,297.5,-0.02684366986142095,303.54999999999995,282.54999999999995,0.008333333333333333,210.0,0.2345393189257976,0.18474045015042861,-0.1917107548875047,0.9473979223855338,5.0,0.0,19.0,299.72515432985136,299.7175,-0.0076543298513911395,304.45,285.34999999999997,1.615,200.0,0.22011254128752,0.21674854989990422,-0.06675802904660107,0.8214297132621056,5.0,1.0,23.0,297.8289975537419,294.15,-3.678997553741908,304.45,285.34999999999997,2.7,180.0,-0.13530256415133124,-3.5526952179950086,0.5400412351803018,-0.2993850610969844,6.0,0.0,18.0,297.9181082645016,297.89666666666665,-0.0214415978349507,301.45,287.65,2.7899999999999996,260.3333333333333,0.14112796975673803,0.13752616670602436,-0.06790961073506689,0.6239868183791941,,,,,,,,,,,,,,,,,,,,,,,,,,,,,,,,,,,,,,,,,,,,,,,,,,,,,,,,,,,,,,,,,,,,,,,,,,,,,,,,,,,,,,,,,,,,,,,,,,,,,,,,,,,,,,,,
73,0.0,0.0,19.0,310.1380210760155,310.1191666666666,-0.018854409348875834,312.45,305.45,3.2116666666666664,177.16666666666669,0.2889765655487935,0.15962311959225417,0.06637151709251536,0.3878600183258101,0.0,1.0,23.0,308.3171713238286,301.84999999999997,-6.467171323828609,312.45,305.45,4.8,10.0,-0.24779192281793883,-6.35352045921428,0.5501625135529528,-0.30532274140723814,1.0,0.0,19.0,308.97027546820067,308.95,-0.020275468200679825,312.04999999999995,293.15,2.42,132.66666666666666,0.24124697332965184,0.1397530987586748,-0.007472870340777149,0.46426012625687463,1.0,1.0,23.0,307.0504464298265,298.45,-8.60044642982649,312.04999999999995,293.15,1.5,10.0,-0.27939623809785985,-8.50995603091637,0.5824778470835099,-0.44991341952199093,2.0,0.0,19.0,309.695525549603,309.69166666666666,-0.003858882936356167,313.04999999999995,293.84999999999997,3.816666666666667,160.0,0.32175410700197915,0.17535612570436854,-0.012427450243028678,0.4867837449780268,2.0,1.0,23.0,307.5271877846732,298.95,-8.577187784673185,313.04999999999995,293.84999999999997,0.3,310.0,-0.27579576500842506,-8.478151454055364,0.6134522205991004,-0.4618005985839204,3.0,0.0,19.0,308.9545681969347,308.93416666666667,-0.02040153026803182,311.45,294.25,3.908333333333333,164.08333333333334,0.2631793826559061,0.14143911548423205,0.002954224522866866,0.4378479642705315,3.0,1.0,23.0,307.182235489097,301.25,-5.932235489097025,311.45,294.25,0.0,160.0,-0.24479404456417342,-5.836448795267771,0.5232652756922533,-0.3312919777213068,4.0,0.0,18.0,307.46508260045704,307.4583333333333,-0.006749267123723257,309.15,294.34999999999997,4.883333333333334,160.0,0.3490838938776619,0.11997790619734872,-0.009610915813780707,0.24481842987218272,4.0,1.0,23.0,305.61698303183454,299.15,-6.466983031834559,309.15,294.34999999999997,0.0,330.0,-0.2780939868108021,-6.4045700704834445,0.4847539218484987,-0.37990057618824835,5.0,0.0,19.0,308.4780193900571,308.46999999999997,-0.008019390057143028,311.45,293.95,5.795833333333333,167.25,0.32004953857236274,0.15228492869499632,-0.018926052192180503,0.414465664979204,5.0,1.0,23.0,306.41229933422557,298.95,-7.462299334225577,311.45,293.95,0.2,300.0,-0.2888740906671501,-7.378526963573151,0.5797458157364019,-0.4544895212911513,6.0,0.0,19.0,306.60083400603145,306.59499999999997,-0.0058340060314776565,308.65,293.75,5.003333333333334,161.41666666666666,0.31515568509948366,0.11818890343378996,-0.0168733162699984,0.2687486687890015,6.0,1.0,23.0,304.8898208817236,299.15,-5.739820881723631,308.65,293.75,0.0,130.0,-0.2743619828483759,-5.678120819428301,0.4708316783124644,-0.3612906759416319
74,3.0,0.0,20.0,302.1929807388084,302.1875,-0.0054807388083872866,306.34999999999997,289.25,1.0050000000000001,300.0,0.20127656387430193,0.25886349048683144,0.09263563270147301,0.717426596418079,3.0,1.0,23.0,300.9997088425683,295.25,-5.749708842568282,306.34999999999997,289.25,1.3,100.0,-0.022986366892467913,-5.52118981474996,0.6514579879872855,-0.3796338848594303,4.0,0.0,18.0,301.8372242470375,301.815,-0.022224247037513578,305.54999999999995,292.54999999999995,3.175,143.5,0.2867247748429662,0.19663642189804875,-0.10813731975141157,0.8447028403817285,4.0,1.0,23.0,298.8162296983909,294.84999999999997,-3.9662296983909187,305.54999999999995,292.54999999999995,2.5,90.0,-0.15722444469786012,-3.84766382488948,0.7567250266066262,-0.7702382891795168,,,,,,,,,,,,,,,,,,,,,,,,,,,,,,,,,,,,,,,,,,,,,,,,,,,,,,,,,,,,,,,,,,,,,,,,,,,,,,,,,,,,,,,,,,,,,,,,,,,,,,,,,,,,,,,,,,,,,,,,,,,,,,,,,,,,,,,,,,,,
75,0.0,0.0,18.0,301.39787739335975,301.3975,-0.0003773933597699397,305.04999999999995,292.54999999999995,4.09,223.25,0.527534940677711,0.19683715856197637,-0.12227870992381422,0.5890667514510284,0.0,1.0,23.0,298.6395213265984,291.04999999999995,-7.589521326598458,305.04999999999995,292.54999999999995,2.6,170.0,-0.19583018711023215,-7.4547393241185915,0.8746633368584232,-0.976214549041913,1.0,0.0,19.0,301.5295781818929,301.51666666666665,-0.012911515226221582,305.45,286.15,3.36,210.0,0.4049980816520957,0.20187670903338528,-0.16523902824118863,0.8216317891940861,1.0,1.0,23.0,299.39142881319236,291.04999999999995,-8.341428813192408,305.45,286.15,2.3,200.0,-0.1489587705354154,-8.176395750183303,0.8078240504685965,-0.8012469847784871,2.0,0.0,18.0,300.2800539385322,300.2633333333333,-0.016720605198884186,304.15,286.15,3.066666666666667,194.66666666666666,0.44687094073714206,0.1632421718925059,-0.16891096356013216,0.6384762179429515,2.0,1.0,23.0,297.75311788627505,292.04999999999995,-5.703117886275095,304.15,286.15,3.1,200.0,-0.18022165609067997,-5.590236963581631,0.7581333733614551,-0.8287930702992412,3.0,0.0,18.0,302.82566462894795,302.8125,-0.013164628947947676,307.95,289.15,3.1375,207.5,0.4640239963186872,0.22439909823400228,-0.11311488957122151,0.7731675540226348,3.0,1.0,23.0,299.80002801894875,292.15,-7.650028018948774,307.95,289.15,1.6,160.0,-0.17341504613293068,-7.49822462048644,0.8855189654544185,-0.9218641946171573,4.0,0.0,18.0,300.86854727802046,300.84999999999997,-0.01854727802049183,305.04999999999995,288.15,5.32,214.0,0.5497730792091033,0.15417131833530107,-0.2114957641372636,0.6075153739690933,4.0,1.0,23.0,297.77224027014756,290.04999999999995,-7.7222402701476085,305.04999999999995,288.15,3.7,200.0,-0.24039516771289016,-7.622519895596653,0.8829309451004358,-1.0915103195309825,5.0,0.0,18.0,298.45108869552354,298.45,-0.0010886955235491769,301.25,286.15,5.7,214.33333333333334,0.5044618008232504,0.1270264872880773,-0.23168907519718118,0.5085335764639609,6.0,0.0,19.0,299.31423036520783,299.2933333333333,-0.020897031874540062,302.84999999999997,285.15,2.9233333333333333,190.0,0.3873128010065159,0.15893387740024423,-0.16316969640305481,0.6832691288413884,6.0,1.0,23.0,297.50577898978315,292.04999999999995,-5.455778989783198,302.84999999999997,285.15,1.6,180.0,-0.12880701468043299,-5.323885649535569,0.6409152161871626,-0.5946632318681822,,,,,,,,,,,,,,
76,0.0,0.0,18.0,303.4256665502022,303.41666666666663,-0.008999883535580011,307.65,298.34999999999997,4.161666666666666,136.91666666666666,0.3060512466896341,0.1909201304007695,-0.07989076243239406,0.6839426545442819,0.0,1.0,23.0,299.949956786062,296.15,-3.799956786062012,307.65,298.34999999999997,3.9,130.0,-0.12673868159747315,-3.735585156083303,0.6059111766750552,-0.6398002852056237,1.0,0.0,18.0,300.5587236118015,300.5583333333333,-0.00039027846821682033,302.15,293.25,3.5575,175.25,0.17778974599407604,0.1157192577498165,0.03273021455138784,0.2728511808017231,1.0,1.0,23.0,298.79984859248117,295.04999999999995,-3.7498485924812144,302.15,293.25,2.6,140.0,-0.11247248107480345,-3.7018939238509034,0.42578131590154084,-0.4547604140963699,2.0,0.0,18.0,300.2619390362176,300.25333333333333,-0.00860570288426743,304.04999999999995,291.25,3.5683333333333334,173.66666666666666,0.21847758845197518,0.11877952461642849,-0.027208839662118105,0.3758918651499812,2.0,1.0,23.0,297.8272866116984,294.04999999999995,-3.7772866116984574,304.04999999999995,291.25,3.5,100.0,-0.1356957773860188,-3.745738742203642,0.44848055241788626,-0.5264910985787594,3.0,0.0,18.0,300.17868131236816,300.16666666666663,-0.01201464570152666,303.15,291.15,3.875,177.91666666666666,0.24978694241461596,0.1230945274246551,-0.062024856364639426,0.43729412780648147,3.0,1.0,23.0,297.82624696648065,293.95,-3.8762469664806645,303.15,291.15,3.2,120.0,-0.12318373278360184,-3.836418239357968,0.4368463443419017,-0.4924749916458495,4.0,0.0,18.0,298.5824588460312,298.57,-0.012458846031222492,301.15,291.15,4.306666666666667,170.0,0.21817439449793596,0.08983447282494694,-0.03135926108421453,0.2801272782249953,5.0,0.0,18.0,298.55740734029246,298.54999999999995,-0.00740734029250234,301.15,290.15,3.82,162.0,0.22129831434482128,0.10770556070572468,-0.022478288142139036,0.31452132470745653,6.0,0.0,19.0,298.60048931797746,298.5983333333333,-0.00215598464416189,301.15,290.15,2.9825,180.0,0.15357241895979712,0.11409252553049498,-0.010929527273044451,0.3584391548665309,,,,,,,,,,,,,,,,,,,,,,,,,,,,,,,,,,,,,,,,,,
77,0.0,0.0,17.0,303.0071585127704,303.005,-0.0021585127703929174,308.15,298.75,4.1,283.0833333333333,0.5489864744321835,0.2767168103304982,-0.05648458321750146,0.7588348478856943,0.0,1.0,23.0,300.01787178816824,295.65,-4.367871788168259,308.15,298.75,3.9,280.0,-0.0817498388533835,-4.207469920152235,0.7398331658257007,-0.6061845701844106,1.0,0.0,17.0,300.49223347777126,300.4866666666666,-0.005566811104642966,303.95,290.15,5.003333333333333,290.0,0.4110028235333232,0.17740711284189103,-0.004785995286245755,0.4210385199697555,1.0,1.0,23.0,298.1613439961427,294.15,-4.0113439961427275,303.95,290.15,3.1,280.0,-0.12065012218045013,-3.907413676569334,0.6012415164931563,-0.574653190036571,2.0,0.0,18.0,301.0223431536166,301.01666666666665,-0.005676486949937498,304.95,288.15,5.67,276.3333333333333,0.42933054712499086,0.20518662221387274,-0.06684227836920797,0.6036716973983118,2.0,1.0,23.0,297.9540978436797,292.34999999999997,-5.60409784367971,304.95,288.15,3.7,250.0,-0.1772366864869639,-5.5007902441994645,0.8093521405310611,-0.9178960144607089,,,,,,,,,,,,,,,,,,,,,,,,,,,,,,,,,,,,,,,,,,,,,,,,,,,,,,,,,,,,,,,,,,,,,,,,,,,,,,,,,,,,,,,,,,,,,,,,,,,,,,,,,,,,,,,,
78,0.0,0.0,19.0,303.50943011347306,303.5,-0.009430113473058555,307.65,302.34999999999997,6.055,230.0,0.3399745303576793,0.283809849315773,0.11709915798540749,0.7161564617077119,0.0,1.0,23.0,301.6523997233428,295.84999999999997,-5.80239972334283,307.65,302.34999999999997,0.0,340.0,-0.020811081186167257,-5.591862923235425,0.6562198346751416,-0.3078148052080536,1.0,0.0,18.0,304.03377316702154,304.03249999999997,-0.0012731670215657687,307.54999999999995,290.65,8.0875,245.5,0.40834482722925713,0.25411363734944814,0.10580169753845799,0.5386304426324671,1.0,1.0,23.0,301.26368981816046,296.54999999999995,-4.713689818160503,307.54999999999995,290.65,5.1,210.0,-0.08420812976603997,-4.562356134755177,0.6367551346007284,-0.4164446699158475,2.0,0.0,23.0,297.48847502567094,292.95,-4.538475025670948,303.15,289.54999999999995,7.5,230.0,-0.20555142350819722,-4.485804974409405,0.6426345692482348,-0.7352004430988188,,,,,,,,,,,,,,,,,,,,,,,,,,,,,,,,,,,,,,,,,,,,,,,,,,,,,,,,,,,,,,,,,,,,,,,,,,,,,,,,,,,,,,,,,,,,,,,,,,,,,,,,,,,,,,,,,,,,,,,,,,,,,,
79,2.0,0.0,19.0,301.6379008079168,301.63,-0.007900807916826125,305.84999999999997,291.45,0.99,330.0,0.2673048879124025,0.2542506294384026,0.012827166606418436,0.7719506215823202,2.0,1.0,23.0,300.42827111875,300.15,-0.27827111875001265,305.84999999999997,291.45,0.5,80.0,0.07649233169755121,-0.05004374811264256,0.5125772085019662,-0.12465628957140495,,,,,,,,,,,,,,,,,,,,,,,,,,,,,,,,,,,,,,,,,,,,,,,,,,,,,,,,,,,,,,,,,,,,,,,,,,,,,,,,,,,,,,,,,,,,,,,,,,,,,,,,,,,,,,,,,,,,,,,,,,,,,,,,,,,,,,,,,,,,,,,,,,,,,,,,,,,,,,,,,,,,,,,,
80,0.0,0.0,18.0,306.8084465790121,306.79999999999995,-0.008446579012172606,309.04999999999995,303.25,5.983333333333333,271.6666666666667,0.28166237258076876,0.12854636505778672,-0.00654427603104087,0.3370503525482036,0.0,1.0,23.0,303.71152009944063,298.04999999999995,-5.661520099440679,309.04999999999995,303.25,1.3,30.0,-0.21332690283389866,-5.623139786751963,0.6760204359436935,-0.912485406847324,3.0,0.0,17.0,305.3207106624925,305.315,-0.0057106624925040705,307.04999999999995,297.25,9.305000000000001,230.0,0.3225993632480879,0.09677450994253434,-0.0528903554547829,0.2416874847442756,3.0,1.0,23.0,302.725685780762,298.75,-3.975685780761978,307.04999999999995,297.25,5.2,240.0,-0.18527356283779284,-3.9572799160411023,0.48169639400288133,-0.6490270373041938,4.0,0.0,18.0,306.0296353186426,306.02166666666665,-0.00796865197594343,308.75,294.34999999999997,7.7941666666666665,238.83333333333334,0.2922040172503131,0.13047966668160882,-0.06095942318666895,0.4092823144903832,4.0,1.0,23.0,303.2593796280852,298.54999999999995,-4.70937962808523,308.75,294.34999999999997,4.6,220.0,-0.18348178574919416,-4.667091427378907,0.5972354027657806,-0.7732790520731214,5.0,0.0,18.0,306.5992830618045,306.585,-0.014283061804519548,310.25,294.25,8.1775,229.25,0.30859903409317724,0.14293720631356166,-0.06298580342348714,0.47290481980583365,5.0,1.0,23.0,303.870799307324,299.15,-4.720799307324,310.25,294.25,0.2,200.0,-0.15701308506291412,-4.662427674817252,0.5822004492758168,-0.6982133323185309,6.0,0.0,23.0,304.1457400988102,301.25,-2.895740098810222,310.84999999999997,294.84999999999997,0.7,220.0,-0.13385032475345326,-2.838363648058717,0.5092031355857927,-0.5509575795937991,,,,,,,,,,,,,,,,,,,,,,,,,,,,,,,,,,,,,,,,,,,,,,,,,,,,,,,,,,,,,,,,,,,,,,
81,0.0,0.0,18.0,303.8579057071996,303.83,-0.027905707199636254,308.65,302.25,3.433333333333333,150.0,0.4286679404298752,0.29133245071416525,-0.030404099472827777,1.0170125025214105,0.0,1.0,23.0,300.48727273374664,293.15,-7.337272733746659,308.65,302.25,3.0,300.0,-0.0308003331533655,-7.14112306154027,0.9310266242254954,-0.8674461273103447,1.0,0.0,18.0,298.10409334798237,298.09749999999997,-0.00659334798240252,301.45,287.15,3.6399999999999997,177.25,0.2580806747258606,0.15274289808307628,-0.048948366347109605,0.5127104855363598,,,,,,,,,,,,,,,,,,,,,,,,,,,,,,,,,,,,,,,,,,,,,,,,,,,,,,,,,,,,,,,,,,,,,,,,,,,,,,,,,,,,,,,,,,,,,,,,,,,,,,,,,,,,,,,,,,,,,,,,,,,,,,,,,,,,,,,,,,,,,,,,,,,,,,,,,,
82,3.0,0.0,19.0,299.54633650120593,299.5458333333333,-0.0005031678726368227,302.95,283.25,2.8583333333333334,330.0,0.3592437324738995,0.2329436055044738,-0.02066558621409816,0.6837511195010251,3.0,1.0,23.0,297.3778125704165,290.25,-7.127812570416495,302.95,283.25,0.0,250.0,-0.11593639248656018,-6.974237971097281,0.7861310180057947,-0.7259732075367396,4.0,0.0,19.0,301.79341244517354,301.77666666666664,-0.016745778506901843,305.45,284.25,3.126666666666667,126.66666666666667,0.39860801267633406,0.23317007375575827,-0.03232261184570007,0.7547359945892822,4.0,1.0,23.0,299.781045677654,293.45,-6.331045677654004,305.45,284.25,0.0,220.0,-0.06486551484908887,-6.153208089423174,0.7272005620486889,-0.5508510288756128,5.0,0.0,19.0,303.26605032334254,303.245,-0.02105032334253565,307.04999999999995,286.75,3.775,220.0,0.4011343807393217,0.2322511935476541,0.008242753175233966,0.6918536761897798,5.0,1.0,23.0,301.1355928588212,294.15,-6.985592858821235,307.04999999999995,286.75,1.6,220.0,-0.07325570800624348,-6.805005301315518,0.7650796117832263,-0.6106629810755919,6.0,0.0,19.0,304.7083495673243,304.68666666666667,-0.02168290065765177,308.34999999999997,288.34999999999997,2.263333333333333,268.3333333333333,0.4210620948414032,0.23824047019455463,-0.011054520234623055,0.7516293397381872,6.0,1.0,23.0,302.42129890402543,295.15,-7.271298904025457,308.34999999999997,288.34999999999997,0.2,230.0,-0.07232371813472582,-7.085002504740231,0.796253790923411,-0.6435858770429519,,,,,,,,,,,,,,,,,,,,,,,,,,,,,,,,,,,,,,,,,,,,,,,,,,,,,,,,,,,,,,,,,,,,,,,,,,,,,,,,,,,,
83,2.0,0.0,18.0,299.6960708597269,299.69,-0.006070859726889921,301.04999999999995,292.54999999999995,2.85,281.0,0.3453779669670638,0.11729885698092346,-0.01492147886582984,0.24890051697363447,2.0,1.0,23.0,297.85865031389113,295.25,-2.6086503138911326,301.04999999999995,292.54999999999995,2.5,50.0,-0.18619002538117968,-2.540611747228013,0.47692697291233327,-0.4460794323320698,3.0,0.0,18.0,301.6351986703391,301.63,-0.005198670339098044,303.15,294.25,2.65,230.5,0.35532162966734404,0.1521594999076683,0.03652845682589145,0.2982650664073816,3.0,1.0,23.0,299.62063416244075,296.15,-3.470634162440774,303.15,294.25,0.0,250.0,-0.17709928237346162,-3.3718272398723883,0.5690321797264346,-0.5163510466576327,4.0,0.0,23.0,300.0508001489808,296.15,-3.9008001489808066,304.15,296.15,1.3,60.0,-0.1824598345830708,-3.809795446452796,0.5549288875184052,-0.5163790668949275,5.0,0.0,23.0,300.5133828356371,296.15,-4.36338283563714,305.15,296.15,0.2,100.0,-0.2081738541244107,-4.268092397559769,0.6241973598043321,-0.6365787335058144,6.0,0.0,23.0,299.3715898342037,296.25,-3.1215898342036894,302.25,296.15,0.0,130.0,-0.19264989841637714,-3.0622506312578395,0.48122948646558444,-0.4771677462593118,,,,,,,,,,,,,,,,,,,,,,,,,,,,,,,,,,,,,,,,,,,,,,,,,,,,,,,,,,,,,,,,,,,,,,,,,,,,,,,,,,,,,,,,,,,,,,,,,,
84,0.0,0.0,18.0,300.3773788359641,300.36499999999995,-0.012378835964170776,302.54999999999995,296.15,4.745,219.25,0.21147359496166018,0.16217720202668318,-0.019511082748517577,0.5635245404493219,0.0,1.0,23.0,298.35068883769213,293.65,-4.700688837692155,302.54999999999995,296.15,6.3,350.0,-0.2720823924908302,-4.563976456090856,0.6247766738940896,-0.5208497701725889,1.0,0.0,19.0,299.0882356681932,299.0775,-0.010735668193206038,303.15,289.84999999999997,1.705,334.75,0.1196922512962999,0.14795458269703943,-0.14866062060742516,0.7547748127145013,1.0,1.0,23.0,297.32896825906994,293.65,-3.6789682590699613,303.15,289.84999999999997,0.2,10.0,-0.2697865338551253,-3.556648881094631,0.5737252858197669,-0.4755946912393938,2.0,0.0,18.0,300.98743207130485,300.97249999999997,-0.01493207130488372,305.25,292.15,4.7124999999999995,29.25,0.17816863718499576,0.19117587706496408,-0.055708185379482224,0.7422824309327751,2.0,1.0,23.0,299.3626019696928,295.15,-4.212601969692798,305.25,292.15,9.0,10.0,-0.21260699457266696,-4.04626759529306,0.5466852911850234,-0.28757766094811643,3.0,0.0,19.0,298.4935709041228,298.4891666666666,-0.004404237456185456,301.45,289.25,7.193333333333333,360.0,0.05207076516374798,0.13952147703604112,-0.04908689115561534,0.5631296365614133,3.0,1.0,23.0,297.33559730951424,295.25,-2.0855973095142417,301.45,289.25,5.0,350.0,-0.21232070541780956,-1.9749831691081,0.38189536927452633,-0.15085260157407276,4.0,0.0,18.0,300.72762290947423,300.7083333333333,-0.019289576140920417,304.25,291.04999999999995,2.265,294.3333333333333,0.24243348127582465,0.17496003368442814,-0.14572338756596537,0.8380360515978111,4.0,1.0,23.0,297.9618346669951,292.34999999999997,-5.611834666995151,304.25,291.04999999999995,4.1,300.0,-0.3456970183018484,-5.468148757504977,0.8513626002785107,-0.8886519045077392,5.0,0.0,18.0,301.1311305984409,301.12333333333333,-0.007797265107569729,305.95,287.75,1.5,187.33333333333334,0.25357480791680587,0.20627805147411493,-0.2413584840905211,1.0607259914604725,5.0,1.0,23.0,297.9744612192418,289.75,-8.224461219241789,305.95,287.75,1.5,340.0,-0.381276593550794,-8.068572258763425,0.972473676640656,-1.084781188520111,6.0,0.0,19.0,301.1503208493544,301.15,-0.00032084935440934714,306.95,285.15,1.4833333333333334,196.66666666666666,0.24607277537083405,0.226485418143767,-0.26803275483587186,1.1480105397025397,6.0,1.0,23.0,298.3083070366249,288.75,-9.55830703662491,306.95,285.15,0.2,330.0,-0.36020966135099286,-9.377428704328395,0.9515938881885783,-1.0231019357061086
85,0.0,0.0,18.0,302.62647196203443,302.6083333333333,-0.018138628701137804,308.04999999999995,298.45,4.1,209.16666666666666,0.45697875331147486,0.28886175728521835,-0.090535970337091,1.0206969954424068,0.0,1.0,23.0,298.73339811048174,290.04999999999995,-8.68339811048179,308.04999999999995,298.45,4.2,210.0,-0.12040115748753522,-8.476351829758414,1.174604265781203,-1.384121961968546,4.0,0.0,18.0,297.9556111464458,297.9433333333333,-0.0122778131124619,303.54999999999995,282.54999999999995,0.0,216.66666666666666,0.3967075884725091,0.2321490661398684,-0.33189993073936347,1.201454395886941,5.0,0.0,18.0,300.15420076192873,300.12916666666666,-0.025034095262071787,304.45,285.34999999999997,1.5891666666666668,197.83333333333334,0.38781918133669535,0.24047546287359012,-0.16210460769248888,1.0226718788022993,5.0,1.0,23.0,298.1390613835371,294.15,-3.9890613835371482,304.45,285.34999999999997,2.7,180.0,0.015727422221885945,-3.783126257681886,0.7168624212163527,-0.5491824457959353,6.0,0.0,18.0,298.3291184452345,298.31666666666666,-0.012451778567822203,301.45,287.65,2.6999999999999997,263.3333333333333,0.29799484846773794,0.1779517634033425,-0.14186373509231961,0.7639757299110101,,,,,,,,,,,,,,,,,,,,,,,,,,,,,,,,,,,,,,,,,,,,,,,,,,,,,,,,,,,,,,,,,,,,,,,,,,,,,,,,,,,,,,,,,,,,,,,,,,,,,,,,,,,,,,,,
86,0.0,0.0,19.0,306.6028578747473,306.5933333333333,-0.00952454141400949,309.15,302.34999999999997,3.5983333333333336,153.83333333333334,0.19842351023623905,0.16260648423900648,0.003029915583600958,0.5285764644489177,0.0,1.0,23.0,304.7429566677232,299.95,-4.792956667723217,309.15,302.34999999999997,0.2,360.0,-0.09243568571820049,-4.6936196931848855,0.5538649349831294,-0.5047292211762198,1.0,0.0,19.0,304.24375510049765,304.23499999999996,-0.008755100497694457,307.15,292.15,3.6016666666666666,171.83333333333334,0.15016235103794884,0.12340426931025661,-0.036936372275732765,0.46724034903873246,1.0,1.0,23.0,302.59387799285014,297.95,-4.64387799285015,307.15,292.15,0.0,140.0,-0.12896921524054505,-4.576823145754986,0.5323388485459475,-0.5863960912426052,2.0,0.0,19.0,305.17863329841356,305.17499999999995,-0.003633298413603825,309.15,289.25,3.339166666666667,188.83333333333334,0.22349594872106593,0.17068968613514812,-0.07071872107475959,0.6305532897904129,2.0,1.0,23.0,303.1919991065109,296.95,-6.241999106510889,309.15,289.25,0.0,90.0,-0.11744667502873085,-6.152018458333515,0.6025244749136126,-0.6393241201001274,3.0,0.0,19.0,305.2933496560961,305.28916666666663,-0.004182989429466488,309.15,290.15,4.4625,166.91666666666666,0.16529888120437874,0.16900995643099748,0.036918319630961115,0.48253998639357576,3.0,1.0,23.0,303.8331971560351,300.15,-3.683197156035135,309.15,290.15,0.0,120.0,-0.06735501667021992,-3.5767809719476986,0.48934584045188007,-0.3829390393676846,4.0,0.0,19.0,306.9789840270618,306.97499999999997,-0.003984027061846973,310.34999999999997,296.15,3.1166666666666667,169.16666666666666,0.21518314140321593,0.18788122382542838,-0.062411322066163656,0.6950615131579383,4.0,1.0,23.0,305.4681615868724,301.04999999999995,-4.418161586872429,310.34999999999997,296.15,2.1,150.0,-0.0520179582589293,-4.291298018489044,0.5223599215364724,-0.3764300849265254,5.0,0.0,19.0,306.44056618577065,306.4266666666666,-0.013899519104029423,310.15,293.45,7.295,165.08333333333334,0.2114911787740823,0.1603248228571772,-0.03870590713323452,0.5904851678108827,5.0,1.0,23.0,304.8081531507277,300.15,-4.658153150727742,310.15,293.45,3.4,190.0,-0.07752256634177002,-4.552799906628422,0.5179834369362055,-0.44579859851248216,6.0,0.0,19.0,303.2602530267943,303.23999999999995,-0.02025302679436436,306.15,292.15,5.927499999999999,158.5,0.16219801623073238,0.09902946287942882,-0.1268764892796573,0.5414882274626507,6.0,1.0,23.0,301.8675652891877,297.65,-4.217565289187746,306.15,292.15,5.1,210.0,-0.1140284415230326,-4.157896362182299,0.4232389259703761,-0.442232127992753
87,,,,,,,,,,,,,,,,,,,,,,,,,,,,,,,,,,,,,,,,,,,,,,,,,,,,,,,,,,,,,,,,,,,,,,,,,,,,,,,,,,,,,,,,,,,,,,,,,,,,,,,,,,,,,,,,,,,,,,,,,,,,,,,,,,,,,,,,,,,,,,,,,,,,,,,,,,,,,,,,,,,,,,,,,,,,,,,,,,,,,,,,,,,,,,,,,,,,
88,0.0,0.0,19.0,303.7562600678825,303.73999999999995,-0.01626006788256973,309.84999999999997,301.15,2.7600000000000002,150.0,0.10907926030532167,0.24869888197501666,0.07374088998435013,0.8202065119709232,0.0,1.0,23.0,301.91076158804486,297.84999999999997,-4.0607615880448975,309.84999999999997,301.15,3.7,290.0,-0.4060860228731542,-3.8645813621427294,0.6069907542344927,-0.036090824008326194,4.0,0.0,19.0,300.25119965552227,300.22999999999996,-0.021199655522309513,306.45,287.04999999999995,2.0600000000000005,200.0,0.025563645204670138,0.20716353342879756,-0.07492917821519522,0.994272298144395,4.0,1.0,23.0,298.61550626955653,293.15,-5.465506269556556,306.45,287.04999999999995,0.2,210.0,-0.4631417743666617,-5.296521741305838,0.5828747495034179,-0.09082546434868277,5.0,0.0,19.0,298.29739467643776,298.28999999999996,-0.007394676437797898,302.54999999999995,285.54999999999995,2.055,148.0,-0.06389324429854071,0.14601344189902932,-0.036142432218198906,0.6877064328885893,6.0,0.0,19.0,298.7012137251661,298.69166666666666,-0.009547058499435934,302.54999999999995,288.95,5.741666666666667,332.5,-0.061860050539266354,0.15246297792647567,0.028152165519704415,0.6090245347647283,6.0,1.0,23.0,297.27562466345273,293.65,-3.6256246634527542,302.54999999999995,288.95,6.3,350.0,-0.4738001287119573,-3.5186806064632776,0.41363940485611295,0.0100473531736327,,,,,,,,,,,,,,,,,,,,,,,,,,,,,,,,,,,,,,,,,,,,,,,,,,,,,,,,,,,,,,,,,,,,,,,,,,,,,,,,,,,,,,,,,,,,,,,,,,
89,0.0,0.0,18.0,300.3306790607676,300.325,-0.005679060767590727,302.15,299.25,3.3475,168.25,0.19065058836149262,0.17029001081459683,0.06147254703350787,0.43095392115736786,0.0,1.0,23.0,298.6972867763519,295.04999999999995,-3.6472867763519616,302.15,299.25,2.6,140.0,-0.22746247701010702,-3.511552129468541,0.5505487443970148,-0.4138951733203271,1.0,0.0,18.0,299.8809140913344,299.86833333333334,-0.012580758001035974,304.04999999999995,291.25,3.5508333333333333,170.16666666666666,0.24993900560657778,0.15417125546008492,-0.08602980359823675,0.5938809282414894,1.0,1.0,23.0,297.72143899700166,294.04999999999995,-3.671438997001701,304.04999999999995,291.25,3.5,100.0,-0.26558178899131235,-3.566311704874252,0.5823297132484792,-0.5366879306994718,2.0,0.0,18.0,299.7849796952194,299.77,-0.014979695219437872,303.15,291.15,3.79,176.5,0.30083756746222434,0.15323029591219495,-0.14006319361148675,0.6634359714056899,2.0,1.0,23.0,297.70942217765764,293.95,-3.7594221776576546,303.15,291.15,3.2,120.0,-0.2523765252531689,-3.6477208204015312,0.5543416276814147,-0.48633604837633015,3.0,0.0,18.0,298.33327922958523,298.3225,-0.010779229585239136,301.15,291.15,4.178333333333334,170.0,0.28074712150709047,0.12207239331537778,-0.08959716603882839,0.4468774111767857,4.0,0.0,18.0,298.2395704637805,298.2333333333333,-0.006237130447232175,301.15,290.15,3.6775,163.58333333333334,0.26322163834694834,0.1404241524610086,-0.08772097305321817,0.5023207705305737,5.0,0.0,19.0,298.2346083772541,298.22999999999996,-0.004608377254157858,301.15,290.15,2.94,180.0,0.13411036495604378,0.14261865890603076,-0.0552296251893362,0.5562532043136628,6.0,0.0,18.0,298.49648952548733,298.4833333333333,-0.013156192154042401,301.15,291.15,4.383333333333334,172.33333333333334,0.26018495930306074,0.1394592400865946,-0.053829156700392865,0.4677852935007394,,,,,,,,,,,,,,,,,,,,,,,,,,,,,,,,,,,,,,,,,,,,,,,,,,,,,,,,
90,0.0,0.0,17.0,298.1377742542258,298.13666666666666,-0.001107587559147305,299.04999999999995,297.75,1.6716666666666666,319.6666666666667,0.4336706518621014,0.11772186873625401,-0.026214806069153457,0.22648887601118872,1.0,0.0,17.0,298.3450418835677,298.34166666666664,-0.003375216901076783,299.15,294.84999999999997,3.465,290.0,0.33127650252966134,0.1101146645762725,0.05100166668926439,0.15947186404839897,1.0,1.0,23.0,297.40649633696074,296.84999999999997,-0.5564963369607767,299.15,294.84999999999997,2.4,330.0,0.03613402758145412,-0.46151356180646985,0.23510922758827255,-0.0387106317682111,,,,,,,,,,,,,,,,,,,,,,,,,,,,,,,,,,,,,,,,,,,,,,,,,,,,,,,,,,,,,,,,,,,,,,,,,,,,,,,,,,,,,,,,,,,,,,,,,,,,,,,,,,,,,,,,,,,,,,,,,,,,,,,,,,,,,,,,,,,,,,,,,,,,,,,,,,
91,1.0,0.0,19.0,298.69804382937616,298.685,-0.013043829376158556,301.15,290.15,2.9925,180.0,0.18476969593622528,0.10917010904547908,-0.06324918838902722,0.43414433321426316,1.0,1.0,23.0,297.2732395838463,294.04999999999995,-3.2232395838463503,301.15,290.15,3.5,90.0,-0.16229578709511827,-3.1349687222962217,0.4355287198421678,-0.41035771898769724,2.0,0.0,18.0,298.9034169316459,298.9,-0.0034169316459156107,301.15,291.15,4.4875,170.25,0.31613227892243856,0.12642641499374463,-0.07206394992993619,0.364881135609636,3.0,0.0,18.0,298.4931382043317,298.4908333333333,-0.002304870998386832,301.04999999999995,291.15,3.2725,172.41666666666666,0.2882445303557546,0.1184700937991181,-0.1072169000822593,0.41805639747744294,4.0,0.0,19.0,300.20015175765167,300.1875,-0.012651757651667594,304.15,290.25,2.9625,172.5,0.2399954571828573,0.1623402099327933,-0.11100288932768858,0.6651768343866991,4.0,1.0,23.0,298.0026321730212,292.15,-5.85263217302122,304.15,290.25,3.0,130.0,-0.21425901340562348,-5.727197757651425,0.7176587037667256,-0.8140252219741484,5.0,0.0,18.0,303.86492142303706,303.84999999999997,-0.014921423037094428,309.15,290.15,4.086666666666666,130.66666666666666,0.3561086899383099,0.24592517241929102,-0.13958132631579664,0.9777559926856014,5.0,1.0,23.0,301.1016663891712,295.04999999999995,-6.05166638917126,309.15,290.15,3.1,130.0,-0.1817185318579675,-5.855272391161975,0.9133904010981363,-0.9072360269679223,6.0,0.0,18.0,303.1803771118646,303.15,-0.030377111864595463,306.75,294.15,4.208333333333333,160.0,0.3783945180399826,0.16856691301138937,-0.1790259138751035,0.8243192783932187,6.0,1.0,23.0,300.1407864552108,295.15,-4.990786455210809,306.75,294.15,2.5,120.0,-0.20794416815468253,-4.860714960828076,0.7618801714015243,-0.8230316868556429,,,,,,,,,,,,,,,,,,,,,,,,,,,,,,,,,,,,,,,,,,,,,,,,,,,,,,,,
92,0.0,0.0,17.0,308.05842706957645,308.05499999999995,-0.0034270695765030723,313.45,307.84999999999997,11.93,220.0,0.6163061749992238,0.27448879775545265,0.05957562570660002,0.5403335465911425,0.0,1.0,23.0,305.35577401075113,297.45,-7.905774010751145,313.45,307.84999999999997,0.0,250.0,-0.26359579392860155,-7.644193473170233,0.861933337870345,-0.6657407380229756,1.0,0.0,23.0,302.31421352546823,297.04999999999995,-5.2642135254682785,309.04999999999995,293.45,1.6,310.0,-0.36985398434549666,-5.102889423487696,0.8702946799660035,-0.9424974027062092,2.0,0.0,17.0,299.96066033025585,299.95666666666665,-0.003993663589199059,300.95,288.45,9.583333333333332,220.0,0.6034311540226582,0.04090656993888331,-0.24133498991542504,0.1715978916072487,2.0,1.0,23.0,297.9812967015422,295.04999999999995,-2.9312967015422373,300.95,288.45,3.5,240.0,-0.36247049180708757,-2.875998668689377,0.5436322305371561,-0.6645345217839633,3.0,0.0,18.0,303.8222925114151,303.82,-0.002292511415134868,308.04999999999995,290.84999999999997,9.985,224.5,0.26046938416978094,0.20668921900188764,0.04503694501284864,0.5096485276994542,3.0,1.0,23.0,302.0300178278273,298.04999999999995,-3.9800178278273393,308.04999999999995,290.84999999999997,1.3,70.0,-0.24857945519524094,-3.7953978525307974,0.6081729805070258,-0.40079365522619526,4.0,0.0,17.0,303.8295919415181,303.82166666666666,-0.007925274851459108,305.84999999999997,292.34999999999997,11.26,230.0,0.7016242507974368,0.14820039993415435,-0.136213961327338,0.3778073819264449,4.0,1.0,23.0,301.0605346929251,295.95,-5.110534692925114,305.84999999999997,292.34999999999997,6.9,230.0,-0.32847462034297337,-4.967764274619228,0.7343927420743815,-0.7436672685474974,5.0,0.0,17.0,303.4170664288613,303.4083333333333,-0.008733095527986734,305.95,290.65,9.091666666666667,300.0,0.6536215260086209,0.14683580321143097,-0.1846383379629657,0.4653390377538926,5.0,1.0,23.0,300.63272949489823,294.15,-6.482729494898251,305.95,290.65,3.3,280.0,-0.38076398703282166,-6.332490222603894,0.8160710901139367,-0.8941777809034335,6.0,0.0,18.0,302.60206679634325,302.5933333333333,-0.008733463009946263,306.34999999999997,285.84999999999997,7.2299999999999995,264.6666666666667,0.4351767274833236,0.15509206711787726,-0.15670550806655115,0.5977103003811806,6.0,1.0,23.0,300.0481707372247,293.04999999999995,-6.998170737224768,306.34999999999997,285.84999999999997,4.7,280.0,-0.3841293794606315,-6.831974875457917,0.8625546642747679,-0.9765153266588698,,,,,,,,,,,,,,
93,0.0,0.0,23.0,299.7169127203176,294.75,-4.966912720317623,307.45,294.75,0.2,290.0,-0.10904432065491676,-4.744557077702893,0.8318471766299069,-0.7618564674012163,1.0,0.0,18.0,298.7398233235312,298.7333333333333,-0.0064899901979060814,299.54999999999995,289.84999999999997,3.8333333333333335,270.0,0.5510247091963976,0.0965965878004198,-0.10539258684027193,0.23388715606425592,2.0,0.0,18.0,300.0698659114932,300.06,-0.00986591149319338,303.04999999999995,289.84999999999997,4.7700000000000005,276.1666666666667,0.5943164424677718,0.16011761929694046,-0.18596718554619449,0.5744099601561174,2.0,1.0,23.0,297.74341552416075,291.95,-5.793415524160764,303.04999999999995,289.84999999999997,1.3,290.0,-0.1675515652641053,-5.595923852757991,0.838455312745045,-0.9089396816642932,3.0,0.0,17.0,299.3711298255852,299.37083333333334,-0.00029649225183447925,303.04999999999995,288.15,5.129166666666666,270.0,0.8040759852323021,0.12509631663537846,-0.36556411905821545,0.5812878595708355,4.0,0.0,17.0,298.1022267028792,298.0958333333333,-0.006393369545889982,301.95,288.25,5.558333333333333,270.0,0.6741121875808886,0.11215487466093066,-0.26627422057742933,0.4372811089323818,5.0,0.0,18.0,299.3850243120391,299.3833333333333,-0.0016909787057670655,303.04999999999995,287.25,3.933333333333333,260.0,0.527164313742972,0.17822861597920792,-0.10514214548005896,0.5118852185576088,5.0,1.0,23.0,297.6226629704633,293.15,-4.472662970463318,303.04999999999995,287.25,1.3,260.0,-0.09760895362084909,-4.278759904789226,0.6630394875667159,-0.5683876964209844,6.0,0.0,18.0,301.270685571938,301.2633333333333,-0.007352238604653394,304.75,288.84999999999997,3.466666666666667,280.0,0.6592032633846543,0.1966464681097193,-0.06758064812459945,0.44843820264743783,6.0,1.0,23.0,299.09802421559425,294.15,-4.948024215594273,304.75,288.84999999999997,0.0,260.0,-0.10718107588310488,-4.727354827559665,0.7819433935694017,-0.7003320588611928,,,,,,,,,,,,,,,,,,,,,,,,,,,,,,,,,,,,,,,,,,,,,,,,,,,,,,,,
94,0.0,0.0,18.0,301.89374455575035,301.89,-0.0037445557503588134,303.65,296.15,6.283333333333333,290.3333333333333,0.3967255402564831,0.16849577993386333,0.028058352205718506,0.33077718887236074,0.0,1.0,23.0,300.18582343007455,294.65,-5.535823430074572,303.65,296.15,8.6,310.0,-0.3889645418252172,-5.399830620132633,0.579407488103835,-0.3107578056743989,1.0,0.0,19.0,299.94347504702256,299.9325,-0.010975047022554918,302.45,288.25,5.1,310.0,0.15103606543304693,0.13143415737603448,-0.005738626110996847,0.42988773817835124,1.0,1.0,23.0,298.6506566838607,293.04999999999995,-5.600656683860734,302.45,288.25,5.7,300.0,-0.40779330418740756,-5.485483131357469,0.4900208395816037,-0.24144462500120767,2.0,0.0,20.0,299.75889557270034,299.7575,-0.0013955727003462925,302.54999999999995,287.54999999999995,3.915,288.5,0.011521169391727426,0.15112563238585608,0.059599316980812965,0.47088718523710327,2.0,1.0,23.0,298.9301035161763,294.75,-4.1801035161763025,302.54999999999995,287.54999999999995,7.1,300.0,-0.3035357285448157,-4.050355985571571,0.3664680263671727,-0.0011038304932071696,3.0,0.0,20.0,300.6550267734058,300.6433333333333,-0.01169344007246309,303.75,287.65,5.826666666666666,300.6666666666667,0.11696984762217255,0.1663891805314961,0.015822455152597097,0.5530684695303592,3.0,1.0,23.0,299.7028059076551,296.25,-3.4528059076550903,303.75,287.65,6.8,320.0,-0.3023349017120438,-3.3056445770400416,0.38254393028860534,0.061292600819854215,4.0,0.0,20.0,301.8517621071381,301.84999999999997,-0.0017621071381199727,305.34999999999997,289.95,4.6,300.0,0.04030793755070761,0.1954149003065453,0.06412045216948552,0.6117170168911059,4.0,1.0,23.0,301.0257189887023,296.95,-4.075718988702306,305.34999999999997,289.95,6.2,300.0,-0.2796513832211076,-3.903909062206253,0.3836579646014589,0.13091117196265145,5.0,0.0,20.0,303.271642726191,303.26666666666665,-0.004976059524324228,307.54999999999995,289.95,5.875,310.0,0.1571199101072267,0.2166974778768349,0.01434047793852263,0.7032621668912498,5.0,1.0,23.0,302.1410262304264,297.95,-4.1910262304264165,307.54999999999995,289.95,8.5,310.0,-0.29290884685022434,-4.001964742232829,0.4738582843519244,0.042201501148909415,6.0,0.0,20.0,302.8475441725751,302.8375,-0.010044172575135235,306.45,290.95,4.216666666666667,294.1666666666667,0.06626449173323579,0.18723235992118248,0.054820717254945826,0.6102177352874918,6.0,1.0,23.0,301.9228837288215,299.15,-2.772883728821512,306.45,290.95,5.0,310.0,-0.2785389659192248,-2.604013163764037,0.3938490946194027,0.12290688531780347
95,0.0,0.0,19.0,303.6213141301922,303.60166666666663,-0.019647463525586772,308.15,296.45,4.883333333333334,299.8333333333333,0.3309362105139968,0.23018396455056234,-0.03473355841106714,0.7727283698912686,0.0,1.0,23.0,301.1568513054012,296.15,-5.006851305401199,308.15,296.45,3.1,290.0,-0.07586782101958534,-4.830798576707522,0.802645333105564,-0.7979029701036495,1.0,0.0,18.0,301.7617613554883,301.75166666666667,-0.010094688821652653,305.95,291.15,4.918333333333334,280.0,0.2884953933919405,0.17974333968234646,-0.12705053780354567,0.7154709776311279,1.0,1.0,23.0,299.1270248684033,294.15,-4.977024868403305,305.95,291.15,3.5,290.0,-0.14424759510565366,-4.861644517595963,0.7990635431525087,-0.9785437067174456,2.0,0.0,19.0,302.57983339579505,302.575,-0.004833395795060369,306.54999999999995,291.75,4.3975,303.25,0.30060253486286115,0.20777845821733365,-0.1522752629353903,0.8416310596188197,2.0,1.0,23.0,300.36682208144913,295.54999999999995,-4.816822081449175,306.54999999999995,291.75,3.1,290.0,-0.09085875552965206,-4.664574624340332,0.7587072090398786,-0.8082291638131807,3.0,0.0,17.0,299.3896033311149,299.385,-0.004603331114935827,303.15,291.15,5.39,300.0,0.27426143185675755,0.11758917149101933,-0.05776728269628014,0.3456618009355026,4.0,0.0,18.0,298.02612415189884,298.0133333333333,-0.012790818565520112,303.15,289.15,5.8275,300.0,0.24342645327541845,0.11481428769342017,-0.15543870684228978,0.5235722333743524,,,,,,,,,,,,,,,,,,,,,,,,,,,,,,,,,,,,,,,,,,,,,,,,,,,,,,,,,,,,,,,,,,,,,,,,,,,,,,,,,,,,
96,0.0,0.0,23.0,297.46845030438396,293.15,-4.318450304383987,304.54999999999995,293.15,2.2,180.0,-0.12568220801470886,-4.231554596097666,0.5145068418885662,-0.5052939010110578,2.0,0.0,18.0,297.5479465289199,297.54499999999996,-0.0029465289199492872,300.25,290.34999999999997,4.0441666666666665,184.41666666666666,0.2622763453560566,0.13673496214713055,-0.048588595428626036,0.42863246953021417,3.0,0.0,18.0,297.20936446860514,297.2008333333333,-0.008531135271823587,299.84999999999997,289.95,4.808333333333334,163.83333333333334,0.27185101653054744,0.12257767659093588,-0.015643335432798722,0.3257296922704569,5.0,0.0,18.0,297.8063910945004,297.79499999999996,-0.01139109450042497,300.84999999999997,289.84999999999997,4.29,184.75,0.2782467214416613,0.13887189009857082,-0.05820547473279684,0.4801217679283951,6.0,0.0,17.0,298.64878139141354,298.6425,-0.0062813914135517734,302.45,290.34999999999997,5.468333333333334,180.0,0.3991665915401512,0.16487981371358273,-0.0865844201474933,0.48345590315469167,,,,,,,,,,,,,,,,,,,,,,,,,,,,,,,,,,,,,,,,,,,,,,,,,,,,,,,,,,,,,,,,,,,,,,,,,,,,,,,,,,,,,,,,,,,,,,,,,,,,,,,,,,,,,,,,,,,,,,,,,,,,,,
97,0.0,0.0,17.0,301.9890735489382,301.97999999999996,-0.009073548938260956,304.95,297.54999999999995,5.1,290.0,0.5221784367926006,0.18461491597136614,-0.07406134842746326,0.5044794356508078,0.0,1.0,23.0,299.3267344506975,294.65,-4.676734450697495,304.95,297.54999999999995,2.6,270.0,-0.10342470750639166,-4.541840220603589,0.7390411579705946,-0.789762320650496,1.0,0.0,19.0,303.94476972420506,303.9333333333333,-0.011436390871779167,307.65,289.15,4.28,270.0,0.40384401046381413,0.23782772344786451,-0.04249467480450638,0.7481851992361328,1.0,1.0,23.0,302.2676883075971,298.45,-3.817688307597109,307.65,289.15,2.4,270.0,0.013076572938871323,-3.6093894860051705,0.6412261935478512,-0.4051085353424497,2.0,0.0,17.0,303.7490061815017,303.73999999999995,-0.00900618150177479,308.15,291.15,4.1,287.1666666666667,0.5930870437965865,0.20356942275890333,-0.2111740953890641,0.7314594735877904,2.0,1.0,23.0,300.612937938485,295.65,-4.962937938485027,308.15,291.15,3.9,280.0,-0.11158329355652086,-4.822791200289615,0.7958804740261627,-0.8692289311298538,3.0,0.0,17.0,300.8904433040136,300.89,-0.0004433040136291311,303.95,290.15,5.04,290.0,0.4717583108853347,0.13883528945329715,-0.09362882224866571,0.3657707594909567,3.0,1.0,23.0,298.5510737266005,294.15,-4.4010737266005435,303.95,290.15,3.1,280.0,-0.12742665882419146,-4.304442720224245,0.6441806173052621,-0.7612586724423522,4.0,0.0,18.0,301.36207501565093,301.34999999999997,-0.01207501565096436,304.95,288.15,5.82,278.0,0.4797316099958664,0.16937856824598896,-0.1466329515017577,0.5851943691473309,4.0,1.0,23.0,298.298681671935,292.34999999999997,-5.948681671935049,304.95,288.15,3.7,250.0,-0.1739012939610376,-5.836303822941531,0.8738868644515444,-1.1096213281512775,5.0,0.0,17.0,297.1505321485927,297.07916666666665,-0.07136548192602277,300.15,286.15,7.094166666666666,280.0,0.4053780222340606,0.017049392166967436,-0.14757742899896678,0.26353414790609975,,,,,,,,,,,,,,,,,,,,,,,,,,,,,,,,,,,,,,,,,,
98,2.0,0.0,19.0,307.7362251031225,307.72499999999997,-0.011225103122512792,311.15,299.34999999999997,7.7125,328.75,0.12861801279289864,0.12396073610982228,-0.12038982939232785,0.608768263382899,2.0,1.0,23.0,306.1145540514686,302.25,-3.8645540514685877,311.15,299.34999999999997,3.9,320.0,-0.16910752933681295,-3.773075788269338,0.48362270936839497,-0.461846117151012,3.0,0.0,18.0,307.2331658917158,307.22166666666664,-0.011499225049192319,311.25,295.45,7.820833333333333,320.0,0.16901406455511392,0.12794348285346757,-0.10046999410920421,0.5670921335298971,3.0,1.0,23.0,305.34392587441096,300.04999999999995,-5.293925874411002,311.25,295.45,0.0,320.0,-0.19231277216391618,-5.207819065497176,0.508160988241111,-0.5470737050216599,,,,,,,,,,,,,,,,,,,,,,,,,,,,,,,,,,,,,,,,,,,,,,,,,,,,,,,,,,,,,,,,,,,,,,,,,,,,,,,,,,,,,,,,,,,,,,,,,,,,,,,,,,,,,,,,,,,,,,,,,,,,,,,,,,,,,,,,,,,,
99,0.0,0.0,18.0,313.50600392147436,313.50333333333333,-0.002670588141029384,316.95,310.75,8.477500000000001,316.5833333333333,0.572793386519308,0.2572883974374207,0.05861033387762878,0.5121132972435873,0.0,1.0,23.0,311.6058735540891,306.65,-4.9558735540891234,316.95,310.75,0.2,210.0,-0.10091975571603484,-4.743448795348755,0.56841597380046,-0.10097609625493931,1.0,0.0,17.0,310.8373660009056,310.835,-0.0023660009056243325,313.04999999999995,296.95,8.423333333333334,310.0,0.5215870770205129,0.15768416847487288,0.01013532881712346,0.22300213343200426,1.0,1.0,23.0,308.4159492261079,301.75,-6.665949226107898,313.04999999999995,296.95,7.8,290.0,-0.2512993763687206,-6.546434848408623,0.6032863842041062,-0.460012744939732,2.0,0.0,23.0,303.570218915815,296.34999999999997,-7.220218915815053,306.45,293.84999999999997,6.9,320.0,-0.3665624958720741,-7.188025647800956,0.6468217113071214,-0.811928391285619,3.0,0.0,18.0,304.14716498690774,304.14416666666665,-0.0029983202410903687,305.75,291.25,7.391666666666667,328.1666666666667,0.400641990319599,0.07512296500692628,-0.1299646033131078,0.21019719514427493,3.0,1.0,23.0,302.22643827344785,296.34999999999997,-5.876438273447889,305.75,291.25,7.1,320.0,-0.3042397159619412,-5.830920554983692,0.521463347344536,-0.5795359709088075,4.0,0.0,18.0,306.05804522091336,306.0566666666666,-0.0013785542467417145,308.65,291.04999999999995,6.780833333333333,320.0,0.4031180823586169,0.1459581645569159,-0.05750405487740314,0.36164504002809394,4.0,1.0,23.0,304.43835439370264,298.65,-5.788354393702662,308.65,291.04999999999995,3.9,300.0,-0.2136497967321418,-5.677435570997304,0.5035892213857854,-0.34921078877928835,5.0,0.0,18.0,309.78233720680703,309.7675,-0.014837206807044367,313.54999999999995,292.54999999999995,7.9975,320.0,0.49053351129502687,0.20314636256946983,-0.013026667746411627,0.513091499981357,5.0,1.0,23.0,308.08263764655425,304.04999999999995,-4.032637646554292,313.54999999999995,292.54999999999995,5.2,320.0,-0.1261675089455565,-3.860917223920765,0.5166210001022762,-0.1520055006467942,6.0,0.0,17.0,311.0441414700836,311.0433333333333,-0.0008081367503223191,314.54999999999995,295.45,6.933333333333334,320.0,0.7821292155119579,0.19581398138149098,-0.07436270790811268,0.31798978048698245,6.0,1.0,23.0,308.7698080568874,302.45,-6.319808056887439,314.54999999999995,295.45,1.5,150.0,-0.18863358748387782,-6.164343372422053,0.62521969049295,-0.3893728430708734,,,,,,,,,,,,,,
100,1.0,0.0,18.0,309.9403617098023,309.9325,-0.007861709802284622,313.04999999999995,297.65,8.645,320.0,0.33848070056723145,0.1741901743036891,-0.059540556812033664,0.5689708959318551,1.0,1.0,23.0,307.8412974586064,302.04999999999995,-5.7912974586064365,313.04999999999995,297.65,6.8,310.0,-0.1513590732785275,-5.619824693719039,0.7038032928420582,-0.6999704296917457,2.0,0.0,18.0,308.8487342522823,308.8408333333333,-0.007900918949019342,312.04999999999995,294.95,9.1775,320.0,0.3970212666424402,0.155281226552475,-0.11347330806268967,0.542522458744159,2.0,1.0,23.0,306.3530122222048,300.25,-6.103012222204825,312.04999999999995,294.95,6.3,310.0,-0.19865688865345987,-5.958727268873318,0.7442679414472716,-0.8586907997602253,3.0,0.0,18.0,306.84696241136453,306.8433333333333,-0.003629078031224253,309.25,293.15,9.383333333333333,323.1666666666667,0.3649423174657045,0.12590855275377066,-0.10904423957051297,0.4222440808396186,3.0,1.0,23.0,304.9946634762368,299.75,-5.244663476236781,309.25,293.15,9.5,320.0,-0.17382508149636067,-5.125140865064296,0.5751662787948059,-0.6343653543951433,4.0,0.0,18.0,306.1975886532625,306.19,-0.007588653262530443,308.75,293.95,7.843333333333333,320.0,0.35839323167593307,0.11875784492565344,-0.13259288189002424,0.45400322012361016,4.0,1.0,23.0,304.0521941464762,299.75,-4.302194146476211,308.75,293.95,6.1,320.0,-0.19326161322196356,-4.197331379332013,0.6214478617264328,-0.7269420369426882,5.0,0.0,18.0,306.39288669637904,306.39,-0.0028866963790505906,308.75,294.04999999999995,8.286666666666667,318.6666666666667,0.3109609796384092,0.14111974226491952,-0.12839296483516213,0.5535525698482928,5.0,1.0,23.0,304.5697857956269,300.25,-4.319785795626899,308.75,294.04999999999995,7.1,320.0,-0.16406531051536888,-4.188172372813909,0.6102281359828036,-0.6377014915316579,6.0,0.0,18.0,307.5213424044913,307.52,-0.0013424044913108446,310.75,293.15,8.115,320.0,0.34547455017442985,0.17562958313929755,-0.10007618445056228,0.6053913697490287,6.0,1.0,23.0,305.762729977448,301.34999999999997,-4.412729977448009,310.75,293.15,2.6,320.0,-0.12570297127743402,-4.252179304228662,0.6010229476951992,-0.5310535892260191,,,,,,,,,,,,,,,,,,,,,,,,,,,,
101,0.0,0.0,17.0,307.2588051742254,307.255,-0.003805174225419705,310.15,304.34999999999997,9.905,240.0,0.45248263399588495,0.15110298023994062,0.035927297696806214,0.21613298187575936,0.0,1.0,23.0,304.535145304578,300.15,-4.385145304578032,310.15,304.34999999999997,4.2,240.0,-0.2703970632208552,-4.316691754590906,0.5588598889910656,-0.5139326628007552,1.0,0.0,17.0,307.18656091275227,307.1833333333333,-0.00322757941898999,310.15,296.15,10.033333333333333,240.0,0.4179411458722768,0.15857896146405892,-0.061598516656715674,0.4049944260183338,1.0,1.0,23.0,304.70852886535863,302.04999999999995,-2.658528865358676,310.15,296.15,4.8,230.0,-0.25077008482332985,-2.583381898548737,0.5357358831528813,-0.43656328415836754,2.0,0.0,18.0,307.59806614820025,307.5858333333333,-0.01223281486693395,311.04999999999995,296.34999999999997,8.184166666666666,258.4166666666667,0.3624920360790185,0.1537289518522016,-0.00724579467978496,0.3828430604812354,2.0,1.0,23.0,304.8498513786257,301.04999999999995,-3.7998513786257604,311.04999999999995,296.34999999999997,5.5,240.0,-0.26734567737439363,-3.726419177635279,0.577962016865906,-0.5181965496042267,3.0,0.0,23.0,303.74032259892,299.15,-4.590322598920011,309.15,295.25,6.2,220.0,-0.3185234424797869,-4.540397593869528,0.6040027438681648,-0.6452220087734588,4.0,0.0,17.0,305.3585285093628,305.3583333333333,-0.0001951760295355598,307.15,295.15,9.846666666666666,250.0,0.46316497867171336,0.12121474160029777,-0.08915931344769017,0.2593145868941633,4.0,1.0,23.0,302.9075241941219,297.04999999999995,-5.857524194121936,307.15,295.15,3.6,220.0,-0.31798326347997374,-5.813131071227815,0.5505717458672498,-0.6027978219382106,5.0,0.0,18.0,305.7177391438101,305.71166666666664,-0.006072477143447941,308.04999999999995,295.25,7.534999999999999,241.08333333333334,0.36277334961820884,0.1355126174937311,-0.03391046801145118,0.32592920922384394,5.0,1.0,23.0,303.1034488131507,296.75,-6.353448813150692,308.04999999999995,295.25,3.9,220.0,-0.3166414122904655,-6.29708094136565,0.5922495840794966,-0.6320458094439232,6.0,0.0,18.0,306.64931261703725,306.625,-0.024312617037253403,310.15,292.25,6.8,233.75,0.3700878174441158,0.1511898651064172,-0.10523760251149383,0.5748614835671049,6.0,1.0,23.0,303.4643406917378,296.04999999999995,-7.414340691737834,310.15,292.25,5.0,190.0,-0.3498172470950891,-7.345855473332833,0.760982472550315,-0.8546087326036798,,,,,,,,,,,,,,
102,,,,,,,,,,,,,,,,,,,,,,,,,,,,,,,,,,,,,,,,,,,,,,,,,,,,,,,,,,,,,,,,,,,,,,,,,,,,,,,,,,,,,,,,,,,,,,,,,,,,,,,,,,,,,,,,,,,,,,,,,,,,,,,,,,,,,,,,,,,,,,,,,,,,,,,,,,,,,,,,,,,,,,,,,,,,,,,,,,,,,,,,,,,,,,,,,,,,
103,0.0,0.0,17.0,304.0907308553919,304.075,-0.015730855391893783,308.65,299.34999999999997,4.74,270.0,0.2607569989019254,0.2031785060844129,-0.0418645968953418,0.7228472107065613,0.0,1.0,23.0,300.6443038107302,294.75,-5.894303810730207,308.65,299.34999999999997,2.0,60.0,-0.1744830886775901,-5.80869989997241,0.7200015826629264,-0.7976348413487528,1.0,0.0,17.0,302.4124151135976,302.4108333333333,-0.001581780264302779,307.95,289.84999999999997,3.3116666666666665,280.0,0.2499362650301009,0.17809942689522984,-0.03532297173681324,0.54666071235674,1.0,1.0,23.0,299.2382983237006,293.65,-5.588298323700599,307.95,289.84999999999997,0.2,70.0,-0.19548391656631736,-5.534402680812747,0.6486958738690353,-0.7884460860036882,2.0,0.0,18.0,302.5234172648271,302.5175,-0.00591726482713284,308.15,288.95,3.78,279.25,0.21379709330138041,0.1857105369701486,-0.046480328006145065,0.6395131015719784,2.0,1.0,23.0,299.4541088261695,294.75,-4.704108826169488,308.15,288.95,1.6,80.0,-0.17467965193382895,-4.637580770021771,0.6366696324367448,-0.7202784370158781,3.0,0.0,18.0,304.57033521899535,304.5683333333333,-0.0020018856620254155,310.95,291.15,1.5691666666666668,226.5,0.19192411243211893,0.22195633638430934,0.10329355630815466,0.5645240987396534,3.0,1.0,23.0,302.45468037072067,299.65,-2.804680370720689,310.95,291.15,1.6,70.0,-0.06112540910663711,-2.6759935631682765,0.499375767019752,-0.28569346349625846,,,,,,,,,,,,,,,,,,,,,,,,,,,,,,,,,,,,,,,,,,,,,,,,,,,,,,,,,,,,,,,,,,,,,,,,,,,,,,,,,,,,
104,0.0,0.0,19.0,303.9330574687712,303.91999999999996,-0.013057468771251024,307.54999999999995,299.04999999999995,8.73,310.0,0.31817862391227436,0.20862430926931097,-0.05911895225040572,0.7229552403546791,0.0,1.0,23.0,301.87776118657325,295.84999999999997,-6.0277611865732865,307.54999999999995,299.04999999999995,7.2,300.0,-0.1387585048640716,-5.851604605416597,0.7564622463266252,-0.7272908071114728,1.0,0.0,19.0,300.16752010748894,300.155,-0.01252010748896737,302.54999999999995,289.25,7.6925,317.75,0.23170513141594995,0.11776685959794975,-0.11262305135811346,0.5110882114193771,1.0,1.0,23.0,298.20651909402756,291.95,-6.256519094027567,302.54999999999995,289.25,7.3,310.0,-0.23716663260472615,-6.161547069804342,0.7130406260416701,-0.9299351597995127,2.0,0.0,20.0,298.6444658641566,298.6333333333333,-0.011132530823260822,301.45,286.45,7.520833333333333,300.0,0.15488892481883454,0.11843310049412992,-0.1419591059105727,0.5973223456689709,2.0,1.0,23.0,297.7229470151136,294.65,-3.072947015113641,301.45,286.45,7.1,310.0,-0.11297032414000796,-2.9669326425286187,0.3855378360479828,-0.2886920844286749,3.0,0.0,20.0,300.96314637779824,300.9625,-0.0006463777982617103,304.75,288.25,7.2508333333333335,301.9166666666667,0.2054004914280938,0.1919917379642584,-0.08960186859421053,0.7203479200691447,3.0,1.0,23.0,300.0561585165869,296.84999999999997,-3.2061585165869246,304.75,288.25,7.3,310.0,-0.049161293813995144,-3.0410322648189805,0.42021201943971676,-0.15685435319861085,4.0,0.0,20.0,302.51607013758246,302.5108333333333,-0.0052368042491366396,306.45,288.84999999999997,6.470833333333333,302.5833333333333,0.22274162992988522,0.21460015793300613,-0.03826888952593303,0.7207538494781573,4.0,1.0,23.0,301.5403829064845,298.65,-2.8903829064845468,306.45,288.84999999999997,5.8,310.0,-0.031137173653547734,-2.7018218043795628,0.4649439708786076,-0.14745655185591033,5.0,0.0,20.0,304.19097582588046,304.1875,-0.0034758258804572506,307.54999999999995,290.34999999999997,5.1658333333333335,293.5833333333333,0.20362801903814898,0.23062964038885525,0.03568755763060949,0.6817562951530505,5.0,1.0,23.0,303.42348180782835,299.75,-3.6734818078283524,307.54999999999995,290.34999999999997,5.7,300.0,0.00411727074913415,-3.4591415358218285,0.4412334457016082,-0.05175415060605815,6.0,0.0,17.0,300.24071110546527,300.23749999999995,-0.003211105465311448,303.45,290.54999999999995,5.9375,320.0,0.19525693765525887,0.1052351389042343,-0.01564575410221399,0.29853595372675557,6.0,1.0,23.0,298.7226992622377,295.84999999999997,-2.872699262237745,303.45,290.54999999999995,6.1,310.0,-0.12385975045995679,-2.8043486774167263,0.3824149548710191,-0.38378616577060143
105,0.0,0.0,18.0,297.771673505893,297.76666666666665,-0.00500683922632561,299.15,297.75,3.736666666666667,291.8333333333333,0.25923717133727564,0.1243888149464425,0.035506322608209,0.2729439675360936,,,,,,,,,,,,,,,,,,,,,,,,,,,,,,,,,,,,,,,,,,,,,,,,,,,,,,,,,,,,,,,,,,,,,,,,,,,,,,,,,,,,,,,,,,,,,,,,,,,,,,,,,,,,,,,,,,,,,,,,,,,,,,,,,,,,,,,,,,,,,,,,,,,,,,,,,,,,,,,,,,,,,,,,,,,,,,,,,,,,,,
106,0.0,0.0,23.0,303.9242167797038,300.84999999999997,-3.074216779703818,310.15,300.84999999999997,4.6,220.0,-0.18057649078453153,-3.005816071499879,0.49546776473130194,-0.5380177355803824,1.0,0.0,17.0,305.0103385577752,304.9941666666666,-0.01617189110856998,308.25,295.34999999999997,5.71,130.0,0.32644682558789384,0.09621374051886278,-0.24110516073647167,0.6233597191572215,1.0,1.0,23.0,301.7894445802632,297.54999999999995,-4.239444580263239,308.25,295.34999999999997,3.0,230.0,-0.2672190810141615,-4.197589766759421,0.6299430347057609,-0.9010267455965248,3.0,0.0,17.0,306.49008545348477,306.4833333333333,-0.006752120151475083,308.84999999999997,298.95,8.73,240.0,0.32649950448384857,0.15255106100171645,-0.03610978241535179,0.43364015886601237,3.0,1.0,23.0,304.436855892783,301.34999999999997,-3.086855892783035,308.84999999999997,298.95,4.6,220.0,-0.1532253857674135,-2.9799443725506904,0.5270911949750854,-0.5034075486355363,4.0,0.0,18.0,306.6194304799905,306.60999999999996,-0.009430479990555796,309.15,296.75,8.926666666666666,248.66666666666666,0.29157772530729176,0.14735484031177748,-0.015507769240495387,0.41495543663013734,4.0,1.0,23.0,304.1650135976338,300.34999999999997,-3.815013597633822,309.15,296.75,4.1,230.0,-0.19828172353058449,-3.716737764596573,0.6345597179777561,-0.7199359024974967,6.0,0.0,17.0,306.51437276988815,306.5083333333333,-0.006039436554829081,309.84999999999997,297.34999999999997,10.0,220.0,0.4043868455122066,0.14942108516585506,-0.10795448866255697,0.4791937627219198,6.0,1.0,23.0,303.3288382750183,298.65,-4.678838275018336,309.84999999999997,297.34999999999997,5.3,210.0,-0.26952889957038906,-4.599752339783976,0.7512873428756942,-0.9766926957684063,,,,,,,,,,,,,,,,,,,,,,,,,,,,,,,,,,,,,,,,,,,,,,,,,,,,,,,,,,,,,,,,,,,,,,
107,0.0,0.0,19.0,306.0265281748737,306.00416666666666,-0.02236150820704097,310.95,301.25,2.2291666666666665,161.25,0.19925164848808663,0.23831463457104007,0.011059497172979604,0.8636435659548027,0.0,1.0,23.0,303.53314465607065,293.15,-10.38314465607067,310.95,301.25,1.6,320.0,-0.48590875620951124,-10.183313388455417,0.8316465693021323,-0.4853597760139081,1.0,0.0,19.0,304.9255496405135,304.905,-0.02054964051353636,310.95,290.34999999999997,2.08,170.0,0.1641486554565148,0.21101279996625522,-0.08589839552051141,0.9170060806069245,1.0,1.0,23.0,302.8078103698699,294.75,-8.057810369869912,310.95,290.34999999999997,0.3,320.0,-0.45737565031609506,-7.88093921063998,0.7060972162279219,-0.34952487880762817,2.0,0.0,19.0,304.6695930781748,304.6633333333333,-0.006259744841486281,310.34999999999997,289.84999999999997,3.5766666666666667,142.33333333333334,0.16253488162985263,0.21776710161637425,-0.0817835569342454,0.8764103828484764,2.0,1.0,23.0,302.47340689323096,295.75,-6.723406893230958,310.34999999999997,289.84999999999997,0.2,280.0,-0.4575695709662284,-6.558803039942788,0.7051984035705345,-0.37509482520269444,3.0,0.0,18.0,299.90858853749967,299.9,-0.008588537499690574,302.04999999999995,290.95,5.7,180.0,0.12855460464795954,0.09288878653491395,-0.008461819460033363,0.2917820061665708,3.0,1.0,23.0,297.97589520790945,292.45,-5.525895207909457,302.04999999999995,290.95,2.4,190.0,-0.5023491475938044,-5.472657725375782,0.48941294547343733,-0.37831247617764063,5.0,0.0,19.0,300.5140745583289,300.505,-0.009074558328904914,306.45,287.54999999999995,3.234166666666667,156.08333333333334,0.13549470714411882,0.18783985770586753,-0.13495568105947106,0.870798284239271,5.0,1.0,23.0,298.7703277225013,293.54999999999995,-5.220327722501338,306.45,287.54999999999995,1.3,220.0,-0.4272572626831135,-5.081663142090193,0.5636815181715443,-0.22347003718724068,6.0,0.0,19.0,302.86790803856445,302.8583333333333,-0.009574705231159442,309.15,289.34999999999997,3.4583333333333335,191.25,0.08058281878409446,0.2248504074915445,-0.05414667376669039,0.9345894476468004,6.0,1.0,23.0,301.26222060263586,296.95,-4.312220602635875,309.15,289.34999999999997,0.0,210.0,-0.3717316650957372,-4.131002822603492,0.5755962033732848,-0.09896263325218513,,,,,,,,,,,,,,,,,,,,,,,,,,,,
108,0.0,0.0,19.0,305.44860720944666,305.4283333333333,-0.02027387611337872,309.25,301.15,4.585,304.9166666666667,0.22902054900195878,0.19590867217193875,0.021913285332521088,0.6477462426360319,0.0,1.0,23.0,303.8201886463011,299.54999999999995,-4.270188646301165,309.25,301.15,2.2,330.0,-0.08327867986417914,-4.126456280754667,0.5431592074863071,-0.3263637825016019,1.0,0.0,19.0,306.3753182990972,306.37,-0.0053182990972118205,309.84999999999997,292.34999999999997,4.1,300.0,0.22564596462912334,0.2127628601067073,-0.036285361568981024,0.7544665379457172,1.0,1.0,23.0,304.9417478928802,301.95,-2.9917478928801984,309.84999999999997,292.34999999999997,4.5,320.0,-0.05341315559041959,-2.8390955855574447,0.4864432728191114,-0.18729510791301607,2.0,0.0,19.0,307.2374211124785,307.22666666666663,-0.010754445811869573,311.34999999999997,293.34999999999997,4.904999999999999,300.0,0.21186087829912026,0.2086549634633883,0.032439376763851634,0.6514892622229098,2.0,1.0,23.0,305.4155767385008,300.15,-5.26557673850084,311.34999999999997,293.34999999999997,4.6,320.0,-0.10579073796533578,-5.119653898802881,0.6417571992285266,-0.48904251747734406,3.0,0.0,19.0,302.92220404012124,302.91999999999996,-0.0022040401212848337,304.84999999999997,293.84999999999997,4.73,317.0,0.13221134964017267,0.11453210536679137,-0.03502926267055292,0.41069440751188324,3.0,1.0,23.0,301.1649228716042,295.15,-6.014922871604199,304.84999999999997,293.84999999999997,4.8,300.0,-0.2019330301772868,-5.960955439161637,0.5308796082050738,-0.6230491853272468,4.0,0.0,19.0,297.6415063272774,297.6375,-0.004006327277409127,299.25,286.65,3.1875,320.0,0.04895399064417916,0.04216720870230972,-0.1276224426615092,0.34108726323836436,6.0,0.0,20.0,297.6592329171624,297.65666666666664,-0.002566250495760869,300.84999999999997,286.45,4.776666666666666,310.0,0.07012063400951263,0.11396366602595265,-0.034730299323162704,0.4500901365032206,,,,,,,,,,,,,,,,,,,,,,,,,,,,,,,,,,,,,,,,,,,,,,,,,,,,,,,,
109,0.0,0.0,18.0,297.3440590728365,297.3333333333333,-0.01072573950318656,298.95,293.45,5.058333333333334,284.1666666666667,0.2539856423921947,0.1215880116384227,-0.005591635711908793,0.3402121886387164,4.0,0.0,19.0,300.5343901794446,300.5333333333333,-0.001056846111282539,305.25,287.15,4.9783333333333335,296.0833333333333,0.3018170465913812,0.2570776751069843,-0.026348855378240426,0.7999898569190407,4.0,1.0,23.0,298.92748866419646,294.95,-3.9774886641964713,305.25,287.15,3.5,250.0,-0.032945629178058766,-3.7884609858929394,0.6208832524039517,-0.3843689475389169,5.0,0.0,18.0,302.6734681236987,302.64666666666665,-0.02680145703203607,306.95,289.15,5.1,298.8333333333333,0.3902228563015626,0.24194268350284176,-0.12529365907299925,0.9662104235971896,5.0,1.0,23.0,299.4736374864043,293.25,-6.2236374864043,306.95,289.15,0.3,290.0,-0.15790533427937703,-6.063709678869799,0.9449741131836712,-1.0061648344546654,6.0,0.0,19.0,300.93073986643736,300.9008333333333,-0.02990653310405378,305.25,288.15,5.0216666666666665,296.0833333333333,0.3058489305368539,0.1924872728613849,-0.18391120880171266,0.9271628889807175,6.0,1.0,23.0,298.69227677384436,293.95,-4.742276773844367,305.25,288.15,3.1,290.0,-0.11985845618049495,-4.598528987263904,0.7314524547239643,-0.7059537007346108,,,,,,,,,,,,,,,,,,,,,,,,,,,,,,,,,,,,,,,,,,,,,,,,,,,,,,,,,,,,,,,,,,,,,,,,,,,,,,,,,,,,,,,,,,,,,,,,,,
110,0.0,0.0,23.0,297.29841403612295,289.15,-8.148414036122972,306.34999999999997,289.15,5.0,340.0,-0.33760053268547097,-8.092388490522637,0.7489236688147306,-0.8334655685917767,3.0,0.0,19.0,298.30867700257977,298.2933333333333,-0.015343669246476566,302.54999999999995,285.34999999999997,2.291666666666667,312.3333333333333,0.09712537792532316,0.16996873613229013,-0.003716065446113248,0.6539822981476249,4.0,0.0,19.0,300.99187800043273,300.97499999999997,-0.01687800043276866,305.95,287.75,2.27,280.5,0.1568790503273192,0.20560794103697333,-0.00400636751405159,0.7581275505753098,4.0,1.0,23.0,299.51489183172237,294.15,-5.364891831722389,305.95,287.75,1.4,80.0,-0.15195273276665944,-5.21504596865374,0.5257495577850525,-0.21476248192205105,5.0,0.0,19.0,301.2238424361676,301.22166666666664,-0.0021757695009796407,305.34999999999997,289.84999999999997,3.7816666666666667,310.5833333333333,0.18606608879747455,0.20200056560297242,-0.039741914502016584,0.729061194981881,5.0,1.0,23.0,299.1797302109612,293.75,-5.429730210961225,305.34999999999997,289.84999999999997,6.6,300.0,-0.21932236812197914,-5.31324990031213,0.5749153794534626,-0.3645599091640719,6.0,0.0,19.0,297.7653650097451,297.75,-0.015365009745096359,300.95,287.04999999999995,2.8333333333333335,306.6666666666667,0.04044854496139294,0.10987312994993204,-0.006871186562155647,0.47345798317421384,,,,,,,,,,,,,,,,,,,,,,,,,,,,,,,,,,,,,,,,,,,,,,,,,,,,,,,,,,,,,,,,,,,,,,,,,,,,,,,,,,,,,,,,,,,,,,,,,,
111,0.0,0.0,18.0,305.37693787914804,305.37166666666667,-0.005271212481375187,309.15,303.95,7.701666666666666,310.0,0.2984877145680258,0.22004474650324823,0.09659501470154908,0.5193675524959644,0.0,1.0,23.0,303.1151395043777,299.75,-3.36513950437768,309.15,303.95,5.6,340.0,0.015670616656208836,-3.2339616319015647,0.5125302371073559,-0.3360664891382896,1.0,0.0,18.0,300.0268380918501,300.02166666666665,-0.005171425183448264,301.45,292.15,3.345,332.4166666666667,0.18052658948802502,0.08727224217493301,-0.040201034574437244,0.2952558208001932,1.0,1.0,23.0,297.61082083251773,293.04999999999995,-4.560820832517777,301.45,292.15,3.4,130.0,-0.15108010572197372,-4.5495728032554155,0.5359448598387407,-0.7743089968619188,2.0,0.0,17.0,299.3748688750351,299.3666666666666,-0.008202208368459196,302.04999999999995,290.04999999999995,8.5,320.0,0.23480010310457544,0.10125065091061458,-0.04052202741078285,0.3063254880874382,2.0,1.0,23.0,297.46451393665086,294.54999999999995,-2.9145139366509056,302.04999999999995,290.04999999999995,2.6,300.0,-0.08048346273751861,-2.8796753912539685,0.35672356882210465,-0.40684359734964914,3.0,0.0,18.0,299.36201051414184,299.35749999999996,-0.004510514141884414,302.45,288.34999999999997,10.681666666666667,310.0,0.22656042693638767,0.11903822427881039,-0.03415458799639263,0.35865690046667,3.0,1.0,23.0,297.31709373569043,294.15,-3.1670937356904574,302.45,288.34999999999997,3.2,290.0,-0.08087515593911121,-3.1258712710284016,0.3967222879214205,-0.4498473896310031,4.0,0.0,18.0,299.5248752372794,299.515,-0.009875237279402427,301.45,289.25,5.331666666666666,300.1666666666667,0.2306662932675465,0.11551794649284375,-0.006428889005898479,0.3247509821284069,4.0,1.0,23.0,297.3254581718012,292.84999999999997,-4.475458171801222,301.45,289.25,2.1,310.0,-0.09053058992711271,-4.435290063252992,0.4195698480743128,-0.5026646835410702,5.0,0.0,18.0,299.04365179251874,299.0408333333333,-0.0028184591854483187,301.95,288.25,9.465833333333334,313.5833333333333,0.20794918947679264,0.12118275363032183,-0.017524967211258513,0.3560359015661021,5.0,1.0,23.0,297.35380668503683,294.04999999999995,-3.303806685036875,301.95,288.25,5.1,340.0,-0.06114481296124552,-3.2513174080822296,0.36613570295747877,-0.37572861228051124,6.0,0.0,18.0,299.60386922516864,299.59499999999997,-0.008869225168666617,302.54999999999995,291.54999999999995,3.01,300.0,0.21828202322092238,0.11932307615271043,0.019076745504918335,0.3110405402140941,6.0,1.0,23.0,297.4386762059458,294.04999999999995,-3.388676205945842,302.54999999999995,291.54999999999995,2.9,290.0,-0.08287678329344317,-3.344277855803327,0.4205460337373002,-0.47612296717456104
112,1.0,0.0,19.0,298.6908772369715,298.67749999999995,-0.013377236971564344,301.95,290.45,5.0225,250.0,0.1332432718242984,0.13349931861004904,0.02803409620788481,0.45401419904888485,1.0,1.0,23.0,297.84393562019415,295.54999999999995,-2.2939356201941905,301.95,290.45,3.5,250.0,-0.010216860336882405,-2.177400192058556,0.34265877308476433,-0.14999786740484922,3.0,0.0,18.0,298.98448869997014,298.96666666666664,-0.01782203330350285,302.34999999999997,291.34999999999997,3.8958333333333335,303.75,0.19856147926051904,0.1137273586383003,0.0589041255859731,0.29244649762502206,4.0,0.0,23.0,298.60610957800105,296.34999999999997,-2.2561095780010874,307.15,289.15,3.3,300.0,-0.036359001250360734,-2.15360066922662,0.4568148978941953,-0.34776114119492263,,,,,,,,,,,,,,,,,,,,,,,,,,,,,,,,,,,,,,,,,,,,,,,,,,,,,,,,,,,,,,,,,,,,,,,,,,,,,,,,,,,,,,,,,,,,,,,,,,,,,,,,,,,,,,,,,,,,,,,,,,,,,,,,,,,,,,,,,,,,
113,0.0,0.0,18.0,300.95856478319166,300.9525,-0.00606478319167536,304.75,292.45,5.4075,261.75,0.35911280877263607,0.16061110381100718,-0.11119939442032016,0.5454033187225633,0.0,1.0,23.0,298.23927033854187,291.95,-6.289270338541883,304.75,292.45,2.2,270.0,-0.43670634282078424,-6.160700159304142,0.8321531657507961,-0.9858295643089576,1.0,0.0,18.0,300.7507659063241,300.74249999999995,-0.008265906324140815,306.34999999999997,288.75,4.8675,274.4166666666667,0.3386559469922048,0.17879094906166415,-0.19565040573218084,0.7849240112058169,1.0,1.0,23.0,298.24812829826107,293.04999999999995,-5.198128298261111,306.34999999999997,288.75,2.5,270.0,-0.3868921984316529,-5.0553666882036765,0.7709741420885337,-0.8100658748054599,2.0,0.0,19.0,302.04602182452794,302.0333333333333,-0.012688491194637663,307.54999999999995,290.45,3.475,271.6666666666667,0.19685658917055093,0.20707388651476322,-0.007709305344192785,0.682993822790948,2.0,1.0,23.0,300.07184795390964,295.84999999999997,-4.221847953909673,307.54999999999995,290.45,0.2,280.0,-0.3048255444989252,-4.040716622611399,0.6882379477075583,-0.5309598962477367,3.0,0.0,18.0,303.6255562905827,303.61499999999995,-0.010556290582769634,308.04999999999995,293.34999999999997,4.4075,275.75,0.3298219134612168,0.22396184571778122,-0.025938341473216536,0.6935966731243326,3.0,1.0,23.0,301.5191169111674,297.45,-4.069116911167384,308.04999999999995,293.34999999999997,2.0,280.0,-0.2861547323510365,-3.875707287953773,0.686567385344072,-0.4763142265254743,4.0,0.0,17.0,303.0512523000074,303.04999999999995,-0.001252300007422491,307.45,293.25,6.5,270.0,0.5016575945469981,0.19742463598302606,-0.11735905211586821,0.5878115480686432,4.0,1.0,23.0,299.7925462703304,293.04999999999995,-6.742546270330422,307.45,293.25,2.5,260.0,-0.4442303625345261,-6.59566590044831,0.9193054959369675,-1.0786079544790255,5.0,0.0,18.0,298.3640886192828,298.3583333333333,-0.005755285949533118,301.45,289.84999999999997,4.345833333333333,285.8333333333333,0.25949535637218446,0.09176172333579302,-0.15306265670984467,0.3995761521788097,6.0,0.0,18.0,299.7910875816441,299.78416666666664,-0.006920914977456505,304.75,289.95,5.2058333333333335,273.5833333333333,0.30283616415601955,0.16249703640056623,-0.12851716914040404,0.5993739733279426,6.0,1.0,23.0,297.69509361072664,293.65,-4.045093610726667,304.75,289.95,2.5,280.0,-0.353099542139347,-3.9238010274120825,0.6313296063650142,-0.6086782532718615,,,,,,,,,,,,,,
114,4.0,0.0,19.0,299.50370349616156,299.5,-0.00370349616156318,302.54999999999995,288.25,2.7,95.5,0.18636555127240229,0.20371605346518606,0.05946887064891371,0.5909790073783938,4.0,1.0,23.0,298.4603804227917,295.34999999999997,-3.1103804227917067,302.54999999999995,288.25,3.0,360.0,0.012212782278183454,-2.953221016682221,0.40211031605591546,-0.08563468810852726,5.0,0.0,18.0,300.8739972595199,300.86833333333334,-0.005663926186571189,304.25,290.45,5.928333333333334,320.1666666666667,0.23992205189502158,0.20028656944374745,0.08213475945654143,0.49336813697246384,5.0,1.0,23.0,299.46524529448993,295.75,-3.7152452944899323,304.25,290.45,1.5,250.0,-0.014280831266333394,-3.566573344194154,0.47447103918079847,-0.23244005867698547,6.0,0.0,17.0,299.2542406874263,299.25,-0.004240687426317891,301.34999999999997,290.25,5.133333333333333,40.0,0.26124253692724153,0.14362238281405837,0.03663187504408446,0.3199498761465236,6.0,1.0,23.0,297.96837379653084,296.34999999999997,-1.618373796530875,301.34999999999997,290.25,3.0,300.0,-0.03524510060425712,-1.5156966042934812,0.29351201007784766,-0.05748551897387699,,,,,,,,,,,,,,,,,,,,,,,,,,,,,,,,,,,,,,,,,,,,,,,,,,,,,,,,,,,,,,,,,,,,,,,,,,,,,,,,,,,,,,,,,,,,,,,,,,,,,,,,,,,,,,,,
115,0.0,0.0,23.0,297.17260034620904,290.15,-7.02260034620906,305.15,290.15,2.4,180.0,-0.17771667658848855,-6.983509937910782,0.8154390728411064,-1.1174187140617278,1.0,0.0,18.0,298.6355015303163,298.625,-0.010501530316275876,301.34999999999997,287.34999999999997,6.35,226.25,0.3518318538959022,0.12348667505446542,-0.13049054550408337,0.4681588620825039,3.0,0.0,18.0,297.7111972734195,297.7033333333333,-0.007863940086167531,300.54999999999995,287.15,4.37,204.33333333333334,0.34054023972365144,0.13421659387850582,-0.12190178011631285,0.4880087221241922,4.0,0.0,18.0,300.50197369395784,300.50166666666667,-0.00030702729117138006,304.15,288.15,5.3100000000000005,220.0,0.38231559838251883,0.19549140043466195,-0.0619999368464903,0.5779032108124937,4.0,1.0,23.0,298.3221250612859,294.15,-4.172125061285897,304.15,288.15,2.1,180.0,-0.028989292808546452,-4.064101491015634,0.5515041244566703,-0.48683040034840985,5.0,0.0,18.0,301.6620124220483,301.6483333333333,-0.013679088714980026,304.15,291.15,5.450833333333334,205.91666666666666,0.3705489688716739,0.17331684493748867,-0.020679742121079887,0.49900934527656204,5.0,1.0,23.0,299.00676069835276,293.95,-5.056760698352775,304.15,291.15,3.0,200.0,-0.07879940767649884,-4.9631776590069165,0.6782173783969275,-0.7325249404894691,6.0,0.0,19.0,303.23013656775527,303.21666666666664,-0.013469901088626557,307.15,289.25,4.35,218.33333333333334,0.372635518919779,0.2096443866391411,-0.10713953123750268,0.7648429510689994,6.0,1.0,23.0,300.21719157864084,292.04999999999995,-8.167191578640882,307.15,289.25,3.5,210.0,-0.10628861156413905,-8.054222126051897,0.8756613182115794,-1.0125525142423015,,,,,,,,,,,,,,,,,,,,,,,,,,,,,,,,,,,,,,,,,,,,,,,,,,,,,,,,,,,,,,,,,,,,,,
116,0.0,0.0,18.0,301.0317578067943,301.0233333333333,-0.008424473460991067,304.75,292.45,5.453333333333333,261.3333333333333,0.3217845630738623,0.1484984411682433,-0.0914962383946829,0.4979609816185899,0.0,1.0,23.0,298.1176185107579,291.95,-6.1676185107579045,304.75,292.45,2.2,270.0,-0.288475556413502,-6.085407373815073,0.8240074216505681,-1.1134964209721119,1.0,0.0,18.0,300.9842309302336,300.9675,-0.01673093023362071,306.34999999999997,288.75,4.8425,275.25,0.33309867611247057,0.16622549762807637,-0.15549547955391554,0.7043181207912284,1.0,1.0,23.0,298.2361753576462,293.04999999999995,-5.186175357646221,306.34999999999997,288.75,2.5,270.0,-0.24366829675044244,-5.084922334628274,0.7770244933242149,-0.9512557491783724,2.0,0.0,18.0,302.35066541822323,302.3433333333333,-0.007332084889924317,307.54999999999995,290.45,3.6333333333333333,270.6666666666667,0.2521446952990658,0.20213725925923143,0.010912860658957394,0.5909318491601567,2.0,1.0,23.0,300.16822852886463,295.84999999999997,-4.318228528864665,307.54999999999995,290.45,0.2,280.0,-0.16817151780080053,-4.175148094682456,0.7041944703916272,-0.6893995209169077,3.0,0.0,18.0,303.8972900635147,303.885,-0.012290063514683425,308.04999999999995,293.34999999999997,4.6925,274.25,0.3394443781195804,0.210180903212418,-0.005073736945064411,0.6146663866657747,3.0,1.0,23.0,301.60404518891,297.45,-4.154045188910004,308.04999999999995,293.34999999999997,2.0,280.0,-0.14976010910933724,-3.9998056693051893,0.6910832714454974,-0.6249245386403146,4.0,0.0,17.0,303.21254478551,303.2083333333333,-0.004211452176662078,307.45,293.25,6.5,270.0,0.4328148522742623,0.18330007876305388,-0.09441562642804986,0.5490193447047176,4.0,1.0,23.0,299.6749533317552,293.04999999999995,-6.6249533317552505,307.45,293.25,2.5,260.0,-0.2978027550654474,-6.530670914782505,0.9088461787938135,-1.2152802242928118,5.0,0.0,18.0,298.4204339357583,298.41666666666663,-0.003767269091667913,301.45,289.84999999999997,4.316666666666666,286.6666666666667,0.23352730414185885,0.08652746585974569,-0.1319413460396627,0.35701508996507414,6.0,0.0,18.0,300.0049073440973,300.00083333333333,-0.00407401076398628,304.75,289.95,5.389166666666666,271.9166666666667,0.3050914639856046,0.15750721179657035,-0.10744566009630319,0.5393653048380997,6.0,1.0,23.0,297.73736635245785,293.65,-4.087366352457877,304.75,289.95,2.5,280.0,-0.2134223636208361,-4.000118561979349,0.6329975628401977,-0.7375762436235647,,,,,,,,,,,,,,
117,2.0,0.0,19.0,297.4991567998478,297.49666666666667,-0.0024901331811406635,301.54999999999995,285.45,1.8933333333333333,140.66666666666666,0.19291440387648606,0.19230725483933497,-0.08661111394909445,0.7546827109734977,3.0,0.0,19.0,301.23720286706543,301.23499999999996,-0.002202867065477676,305.84999999999997,287.54999999999995,1.9075,204.16666666666666,0.24181606754086715,0.24902474013994436,0.040454472778804984,0.7309075896193207,3.0,1.0,23.0,299.3302140307902,295.84999999999997,-3.4802140307902505,305.84999999999997,287.54999999999995,2.2,90.0,-0.06607334539681631,-3.309060933359035,0.6645872122309413,-0.4494815214498118,4.0,0.0,19.0,301.3871455938189,301.38666666666666,-0.00047892715224406857,305.84999999999997,288.84999999999997,2.5433333333333334,290.0,0.17064162890001455,0.21502958178346887,0.113975276894422,0.5452866046826728,4.0,1.0,23.0,299.7200900769111,294.65,-5.070090076911129,305.84999999999997,288.84999999999997,0.2,110.0,-0.08008817357547571,-4.916760187471468,0.6081449253386637,-0.4469009962135715,5.0,0.0,17.0,299.5436992247169,299.53499999999997,-0.008699224716906429,303.15,288.15,2.65,150.0,0.31232362238527855,0.1615454210052576,-0.04975746928145478,0.4878408533732568,5.0,1.0,23.0,297.65397116967625,293.04999999999995,-4.603971169676299,303.15,288.15,1.3,200.0,-0.10980999202234898,-4.507195274444911,0.4618851774950296,-0.3891477317906009,,,,,,,,,,,,,,,,,,,,,,,,,,,,,,,,,,,,,,,,,,,,,,,,,,,,,,,,,,,,,,,,,,,,,,,,,,,,,,,,,,,,,,,,,,,,,,,,,,
118,0.0,0.0,18.0,305.59622421053547,305.59,-0.0062242105354926025,312.45,302.95,5.199999999999999,250.0,0.30927371303886275,0.29563051023401954,0.11170104052207346,0.7554615731337009,0.0,1.0,23.0,302.7659654993791,297.45,-5.315965499379104,312.45,302.95,0.0,360.0,-0.08688589973905891,-5.125976384511077,0.7925152735869005,-0.6525805768610695,1.0,0.0,17.0,302.4518394275209,302.4433333333333,-0.00850609418756676,308.04999999999995,291.45,3.973333333333333,280.0,0.27517263199510467,0.19092422828094868,-0.03104250978161834,0.5921910710680152,1.0,1.0,23.0,299.4241771713174,294.75,-4.67417717131741,308.04999999999995,291.45,0.0,270.0,-0.17721429729186866,-4.584859377168499,0.6678946378933546,-0.7533964718743533,2.0,0.0,17.0,297.9256249267272,297.9216666666666,-0.003958260060585417,302.04999999999995,288.84999999999997,4.551666666666667,270.0,0.19908583567753624,0.10703630744609427,-0.19096148040529215,0.5381217343695397,4.0,0.0,18.0,297.40624739896924,297.4,-0.00624739896926485,301.34999999999997,288.75,3.0,275.0,0.14173554238895747,0.1275762780770151,-0.07265655106302422,0.5270057154885421,5.0,0.0,18.0,298.1287647216952,298.12,-0.008764721695172284,302.04999999999995,288.75,3.85,271.5,0.16571037536654387,0.1451690369077312,-0.04265074743576255,0.5180166791617467,,,,,,,,,,,,,,,,,,,,,,,,,,,,,,,,,,,,,,,,,,,,,,,,,,,,,,,,,,,,,,,,,,,,,,,,,,,,,,,,,,,,,,,,,,,,,,,,,,
119,0.0,0.0,18.0,299.6448606305746,299.6433333333333,-0.0015272972412958552,300.54999999999995,295.15,2.8933333333333335,95.33333333333333,0.16802764088643585,0.10301071510603776,0.019291739337215102,0.24874771509210802,0.0,1.0,23.0,297.4821950427478,291.34999999999997,-6.13219504274781,300.54999999999995,295.15,4.0,190.0,-0.2743306219391286,-6.079230663444434,0.6734471363501532,-0.9183214382556883,1.0,0.0,19.0,301.2420997799556,301.2316666666666,-0.010433113288968343,304.34999999999997,285.75,6.660833333333334,240.0,0.23076881370833746,0.17147855140768797,-0.10206611467533833,0.6963981146779474,1.0,1.0,23.0,299.5080139282879,294.15,-5.358013928287903,304.34999999999997,285.75,3.2,230.0,-0.1608184267350623,-5.230080275331005,0.6102724377432148,-0.5726442230760966,2.0,0.0,18.0,303.17802033013334,303.16249999999997,-0.015520330133369953,306.45,289.15,9.225,233.75,0.3560210036209952,0.19383078592700542,-6.382955101003063e-05,0.557687907137776,2.0,1.0,23.0,300.93500695123174,296.84999999999997,-4.085006951231776,306.45,289.15,5.6,220.0,-0.14741744519656663,-3.950405928684958,0.6402371004252055,-0.5553642502077594,3.0,0.0,18.0,304.5964522482877,304.5925,-0.003952248287703242,308.65,289.15,7.6125,230.25,0.3104042351866525,0.22801031926269388,-2.393520768843397e-06,0.6628231874390735,3.0,1.0,23.0,302.58542924118876,297.34999999999997,-5.235429241188797,308.65,289.15,2.8,230.0,-0.12444936089148939,-5.06778222539603,0.6746594137741985,-0.542921406055072,4.0,0.0,18.0,305.3638991410986,305.36249999999995,-0.001399141098659129,309.75,290.84999999999997,8.85,240.0,0.35824016937957026,0.22650425023306298,0.06873246125118726,0.507171102760239,4.0,1.0,23.0,302.86862428127597,297.65,-5.218624281275993,309.75,290.84999999999997,5.2,210.0,-0.16031404291922513,-5.069022222034889,0.7265615455154327,-0.6604299481142988,5.0,0.0,23.0,299.6281737383194,294.15,-5.478173738319413,304.84999999999997,293.15,6.8,220.0,-0.2734587420932968,-5.423864088023848,0.7108076398870983,-0.9281122843259055,,,,,,,,,,,,,,,,,,,,,,,,,,,,,,,,,,,,,,,,,,
120,0.0,0.0,17.0,305.7173128806004,305.71,-0.007312880600409244,308.65,301.84999999999997,2.98,140.0,0.4129507777817878,0.1796391402875912,-0.017427065425602944,0.46359624758576956,0.0,1.0,23.0,302.4428428850888,296.54999999999995,-5.8928428850888395,308.65,301.84999999999997,2.5,130.0,-0.15672524382259212,-5.793840418040631,0.8052199726833796,-0.9806083470351581,1.0,0.0,19.0,306.5485606984488,306.53249999999997,-0.016060698448825406,310.84999999999997,294.84999999999997,2.8633333333333333,286.8333333333333,0.23186146012483277,0.1917395215636617,0.11435907830235692,0.4703531604799167,1.0,1.0,23.0,304.92354647967653,300.25,-4.673546479676531,310.84999999999997,294.84999999999997,1.9,360.0,-0.03602214682268823,-4.51327260220242,0.5914852928721785,-0.4560463484782531,2.0,0.0,18.0,306.60645058811133,306.59999999999997,-0.006450588111363231,309.84999999999997,295.45,3.316666666666667,140.0,0.3365288250066101,0.1856137234799462,0.008265652028399018,0.49514482470729604,2.0,1.0,23.0,303.94595057581574,299.25,-4.695950575815743,309.84999999999997,295.45,0.2,180.0,-0.09557173840119049,-4.579155960934017,0.661641456449388,-0.6828250356620629,3.0,0.0,19.0,307.24720427123236,307.2391666666666,-0.008037604565743095,311.34999999999997,296.04999999999995,1.6766666666666667,300.0,0.22408031545795382,0.19642860105699356,0.13273003238046974,0.417704552638682,3.0,1.0,23.0,305.99420895371327,302.84999999999997,-3.144208953713303,311.34999999999997,296.04999999999995,2.5,300.0,0.0069830447879581925,-2.9816923365631283,0.4585124626849743,-0.2063511587370641,4.0,0.0,23.0,301.83420167072615,295.75,-6.084201670726145,308.04999999999995,293.25,4.0,120.0,-0.142647045431616,-6.014311687941941,0.5558027706915709,-0.7126105227741419,,,,,,,,,,,,,,,,,,,,,,,,,,,,,,,,,,,,,,,,,,,,,,,,,,,,,,,,,,,,,,,,,,,,,,
121,0.0,0.0,17.0,302.1575589023575,302.1508333333333,-0.006725569024183642,308.04999999999995,299.54999999999995,3.8158333333333334,280.0,0.41065502457661296,0.26485690745997204,-0.028539873009075716,0.7627880286745636,0.0,1.0,23.0,299.4195914978927,294.75,-4.669591497892725,308.04999999999995,299.54999999999995,0.0,270.0,-0.09058204544426474,-4.452254888934135,0.7890403500710382,-0.7302378808243617,1.0,0.0,17.0,298.09357152239556,298.08416666666665,-0.009404855728917028,302.04999999999995,288.84999999999997,4.564166666666666,270.0,0.3427577348619053,0.12704900710167522,-0.26130414479794695,0.674516231212138,3.0,0.0,18.0,297.5221504590203,297.505,-0.01715045902028578,301.34999999999997,288.75,3.05,274.5,0.22131119174085256,0.13751948701667516,-0.1041701467737776,0.6078161551918839,4.0,0.0,18.0,298.3061594248474,298.3033333333333,-0.0028260915141231635,302.04999999999995,288.75,3.933333333333333,270.6666666666667,0.25487658890250486,0.17682444340668724,-0.0843519713639959,0.6028181144655065,,,,,,,,,,,,,,,,,,,,,,,,,,,,,,,,,,,,,,,,,,,,,,,,,,,,,,,,,,,,,,,,,,,,,,,,,,,,,,,,,,,,,,,,,,,,,,,,,,,,,,,,,,,,,,,,,,,,,,,,,,,,,,
122,3.0,0.0,19.0,308.7904854522984,308.78999999999996,-0.00048545229844876303,311.84999999999997,297.15,5.12,320.0,0.18214881318094456,0.1272889206190655,-0.18746919535896703,0.6656120584015071,3.0,1.0,23.0,307.50000755513935,304.04999999999995,-3.4500075551393934,311.84999999999997,297.15,1.9,340.0,-0.0929653787470528,-3.3151110771951267,0.5014125735468676,-0.5149625173224024,4.0,0.0,18.0,307.8636517903829,307.8591666666666,-0.004485123716278849,310.84999999999997,294.34999999999997,7.3308333333333335,330.0,0.2199268286816789,0.11297691633770057,-0.10034272362244205,0.45163454915835644,4.0,1.0,23.0,305.9128551999923,300.34999999999997,-5.5628551999923275,310.84999999999997,294.34999999999997,2.2,140.0,-0.1822944740863619,-5.443326405673915,0.6692930362317592,-0.9159545244026361,6.0,0.0,18.0,309.84817237001755,309.8333333333333,-0.014839036684236362,313.04999999999995,297.54999999999995,9.4375,327.0833333333333,0.3153697956765882,0.13606821368345834,-0.11339879558535415,0.5671907380284011,6.0,1.0,23.0,307.50005276472166,302.84999999999997,-4.650052764721693,313.04999999999995,297.54999999999995,3.0,140.0,-0.14510426792755027,-4.511898087736725,0.6784774287560822,-0.8223108013845035,,,,,,,,,,,,,,,,,,,,,,,,,,,,,,,,,,,,,,,,,,,,,,,,,,,,,,,,,,,,,,,,,,,,,,,,,,,,,,,,,,,,,,,,,,,,,,,,,,,,,,,,,,,,,,,,
123,2.0,0.0,18.0,309.9067151996915,309.9,-0.006715199691541329,313.04999999999995,297.15,2.5925000000000002,97.25,0.25242367401547483,0.14861271802359965,-0.02836522884462056,0.45425085657689124,2.0,1.0,23.0,307.6934378397242,302.34999999999997,-5.343437839724231,313.04999999999995,297.15,0.0,310.0,-0.15648210229980464,-5.2277460663786,0.6132658304447602,-0.6528619150603703,3.0,0.0,18.0,307.19741859954127,307.19,-0.0074185995412676675,309.25,294.15,4.52,318.0,0.2254585872827164,0.0990763932086054,-0.07772302948280203,0.36133624984088897,3.0,1.0,23.0,305.1590243497372,300.25,-4.909024349737194,309.25,294.15,4.0,300.0,-0.1798543331552338,-4.8386025969027315,0.5286211592999734,-0.6404241170986893,4.0,0.0,18.0,305.81806582593197,305.8125,-0.005565825931967083,308.75,293.84999999999997,4.708333333333333,341.25,0.13984148829861454,0.10334289266292274,-0.03904245789388483,0.3624786109568703,4.0,1.0,23.0,304.246805048275,300.15,-4.09680504827503,308.75,293.84999999999997,3.4,320.0,-0.14394488799186433,-4.0271894986027945,0.42285679856640473,-0.4650121426689111,5.0,0.0,18.0,305.1273971031632,305.12583333333333,-0.0015637698298860414,308.04999999999995,293.04999999999995,7.431666666666667,323.4166666666667,0.11536824475585661,0.10470121850265457,-0.03938420628103264,0.37236907245915063,5.0,1.0,23.0,303.9209968695667,300.65,-3.2709968695667158,308.04999999999995,293.04999999999995,0.2,160.0,-0.11135505327544593,-3.1980458987034126,0.34287061539573455,-0.3081836562277971,6.0,0.0,18.0,305.74902339192056,305.73749999999995,-0.011523391920604809,309.04999999999995,293.95,5.11,320.0,0.19347026804565814,0.1152770153643985,-0.05498843703180493,0.42067543835707966,6.0,1.0,23.0,304.1175416620337,299.75,-4.367541662033716,309.04999999999995,293.95,1.9,290.0,-0.1326066248738016,-4.280210004441898,0.46762156395737975,-0.49073144693522863,,,,,,,,,,,,,,,,,,,,,,,,,,,,,,,,,,,,,,,,,,,,,,,,,,,,,,,,
124,0.0,0.0,17.0,306.267227715741,306.2633333333333,-0.0038943824076795863,308.75,302.84999999999997,7.08,320.0,0.3051096068846846,0.13446646021340314,-0.014229398949926994,0.3267573337021048,0.0,1.0,23.0,303.898843069392,299.75,-4.148843069392001,308.75,302.84999999999997,4.8,310.0,-0.20059397109494626,-4.089955997894265,0.48331896262318236,-0.4775579626334121,1.0,0.0,18.0,304.66337052781626,304.6525,-0.010870527816280173,307.54999999999995,291.54999999999995,2.8024999999999998,221.25,0.12910384826612642,0.11031515693892402,-0.038727769386284194,0.43091538080778946,1.0,1.0,23.0,303.2336255658453,300.04999999999995,-3.1836255658453183,307.54999999999995,291.54999999999995,2.5,190.0,-0.15664020527852074,-3.1191802356052563,0.3498239657476934,-0.2563641242397381,2.0,0.0,18.0,303.0646945586859,303.04749999999996,-0.017194558685957873,305.84999999999997,293.84999999999997,7.225833333333334,320.0,0.1417771545365838,0.07467311560229462,-0.05782227745770759,0.33055445172011844,2.0,1.0,23.0,301.1676402123285,297.45,-3.71764021232849,305.84999999999997,293.84999999999997,5.2,320.0,-0.2139372821417993,-3.6934459087719063,0.3828995248774258,-0.4360582381271172,3.0,0.0,18.0,303.24324929608554,303.2383333333333,-0.004915962752249925,304.84999999999997,295.04999999999995,1.1283333333333334,30.0,0.10741404602541138,0.09249318568737408,0.004715741708276748,0.2857602548126721,3.0,1.0,23.0,301.4427489916579,297.25,-4.192748991657879,304.84999999999997,295.04999999999995,2.3,300.0,-0.22146419244677418,-4.157755056371485,0.41071176467592824,-0.44818574425015356,4.0,0.0,18.0,304.5799463903802,304.56666666666666,-0.013279723713537805,307.45,293.34999999999997,0.8250000000000001,220.83333333333334,0.11075787668121961,0.12419018887115385,-0.013215570789275452,0.47601634044278285,4.0,1.0,23.0,302.8607131591191,298.84999999999997,-4.0107131591191205,307.45,293.34999999999997,2.7,360.0,-0.18707138691769387,-3.9392975847182186,0.46937597786654334,-0.4229704911013812,6.0,0.0,19.0,308.47541266169395,308.46999999999997,-0.005412661693981136,312.45,297.54999999999995,5.569999999999999,329.0,0.12068338139400225,0.1811123290607668,0.08573459699023545,0.4977153381960733,6.0,1.0,23.0,306.83769557326093,301.75,-5.08769557326093,312.45,297.54999999999995,2.5,60.0,-0.1292682928604023,-4.963403979389639,0.5009975099221767,-0.3307124189322792,,,,,,,,,,,,,,,,,,,,,,,,,,,,
125,0.0,0.0,19.0,307.1760243857997,307.15749999999997,-0.018524385799707943,309.84999999999997,303.25,3.435,151.75,0.2605372802255772,0.1756849391477715,-0.08526121128068098,0.7630091808876784,0.0,1.0,23.0,305.36734068156284,299.75,-5.617340681562837,309.84999999999997,303.25,0.0,150.0,-0.16106959413906452,-5.388043360964517,0.8061237106026292,-0.813597565188104,1.0,0.0,19.0,306.2889621801326,306.2733333333333,-0.01562884679930221,309.25,293.25,5.093333333333334,174.33333333333334,0.26254010392446503,0.1675091091879608,-0.11981111286362515,0.7081301056394409,1.0,1.0,23.0,304.2710813263854,299.15,-5.121081326385422,309.25,293.25,1.5,130.0,-0.19346889701105852,-4.927034930911745,0.8047317104857589,-0.885127818370151,2.0,0.0,19.0,304.96327808897365,304.94666666666666,-0.016611422306993973,308.04999999999995,290.45,5.42,161.33333333333334,0.24608893639170049,0.1387073634091962,-0.14637248904045919,0.6759941602147563,2.0,1.0,23.0,303.15360267874735,296.34999999999997,-6.803602678747382,308.04999999999995,290.45,2.2,110.0,-0.21482670925068703,-6.6206583756206925,0.7558073363911243,-0.9038126677304206,3.0,0.0,19.0,303.2197580025634,303.21416666666664,-0.005591335896781402,306.45,288.25,3.7475,158.41666666666666,0.20459797870891805,0.1285761462032866,-0.22384030338732921,0.7364663902426969,3.0,1.0,23.0,301.7715352525368,296.25,-5.5215352525368075,306.45,288.25,0.0,320.0,-0.18905766743225172,-5.366182386389269,0.6065959539658982,-0.6873730270891087,4.0,0.0,19.0,304.97419240733245,304.96999999999997,-0.004192407332482162,308.15,291.15,3.6158333333333337,169.83333333333334,0.23241630729951623,0.18082649906072845,-0.14992617765947594,0.8009436343422749,4.0,1.0,23.0,303.25388005329387,297.34999999999997,-5.9038800532939035,308.15,291.15,0.0,130.0,-0.1832380593320977,-5.690192845183219,0.7778522917254994,-0.8370709019045393,5.0,0.0,19.0,306.22695714301807,306.2083333333333,-0.018623809684754633,310.25,290.54999999999995,3.3033333333333337,167.83333333333334,0.2938489523893395,0.1861094190942083,-0.18048839558709062,0.9314613831550531,5.0,1.0,23.0,304.2505142621512,298.34999999999997,-5.900514262151262,310.25,290.54999999999995,0.0,130.0,-0.1728781782408646,-5.669769294727601,0.8356883510832726,-0.8552296081448105,6.0,0.0,19.0,308.48020633004296,308.4633333333333,-0.016872996709651034,313.15,292.75,4.033333333333333,170.0,0.36441868444882175,0.23640566774071203,-0.15127133798207146,0.989346091101325,6.0,1.0,23.0,306.1311629251794,299.04999999999995,-7.081162925179456,313.15,292.75,0.2,320.0,-0.1640866132099461,-6.811120186084864,0.9468956188395055,-0.9566051516737986
126,3.0,0.0,17.0,298.386568943449,298.385,-0.001568943449001381,299.75,293.75,2.535,260.0,0.3331633291467142,0.1023490723175371,-0.051626140978153025,0.23725423607285734,4.0,0.0,17.0,299.82554296645117,299.825,-0.0005429664511780175,301.34999999999997,293.25,2.575,260.0,0.31410363575564304,0.12545264226551467,-0.019841753364507515,0.2872197358716022,4.0,1.0,23.0,298.1727906384623,296.45,-1.7227906384622997,301.34999999999997,293.25,2.2,40.0,-0.12576573552733805,-1.6642447719380726,0.3147664764797658,-0.2048218356105309,5.0,0.0,18.0,302.20373544090626,302.2,-0.00373544090626865,304.15,297.0458333333333,2.4375,238.33333333333334,0.31479825871882383,0.16123258223976222,0.03058485811333374,0.36152949584356975,5.0,1.0,23.0,300.2284594172943,297.65,-2.5784594172943116,304.15,297.0458333333333,2.6,20.0,-0.14347739371714852,-2.487009543044536,0.5157127312524684,-0.44230027208789124,,,,,,,,,,,,,,,,,,,,,,,,,,,,,,,,,,,,,,,,,,,,,,,,,,,,,,,,,,,,,,,,,,,,,,,,,,,,,,,,,,,,,,,,,,,,,,,,,,,,,,,,,,,,,,,,,,,,,,,,,,,,,,
127,0.0,0.0,23.0,297.7457278607,293.65,-4.095727860700038,303.04999999999995,293.65,0.2,270.0,-0.1506180952161742,-4.036946532471077,0.5334477921321223,-0.5768266460105878,1.0,0.0,17.0,298.271912776265,298.2675,-0.0044127762650418845,299.84999999999997,293.15,2.7624999999999997,220.0,0.27068310907428383,0.09895378697767399,-0.051942826281243505,0.27620034508937863,2.0,0.0,17.0,297.62549064463866,297.625,-0.0004906446386598873,299.84999999999997,291.84999999999997,2.725,170.0,0.24306204531869469,0.10164785945578103,-0.049098860612052896,0.28234249754468976,3.0,0.0,17.0,297.96801297132004,297.9675,-0.0005129713200631159,300.84999999999997,290.95,3.4425,210.0,0.20329412379737732,0.11514103330571857,-0.014796518043515524,0.31410304395406285,4.0,0.0,17.0,298.8743219820813,298.8725,-0.001821982081310125,300.95,292.04999999999995,2.535833333333333,210.0,0.2213263127520122,0.1280037780865655,0.0024524006900700592,0.33044905959810933,,,,,,,,,,,,,,,,,,,,,,,,,,,,,,,,,,,,,,,,,,,,,,,,,,,,,,,,,,,,,,,,,,,,,,,,,,,,,,,,,,,,,,,,,,,,,,,,,,,,,,,,,,,,,,,,,,,,,,,,,,,,,,
128,0.0,0.0,18.0,301.88019620786736,301.8666666666667,-0.013529541200682615,304.15,294.04999999999995,4.45,200.0,0.6064815364952523,0.15701727935768872,-0.10470231814643209,0.39774691097046855,0.0,1.0,23.0,298.75742979120935,290.25,-8.507429791209347,304.15,294.04999999999995,2.7,190.0,-0.22603726352234332,-8.401743627460618,0.9251864548475908,-1.1505573550641515,1.0,0.0,18.0,300.7455385534233,300.745,-0.000538553423268695,303.34999999999997,287.65,3.9675,211.08333333333334,0.4777154545883917,0.16254194831991242,-0.126170682571356,0.48887611874575043,1.0,1.0,23.0,298.1720679573764,290.25,-7.922067957376385,303.34999999999997,287.65,3.1,210.0,-0.20029225649575721,-7.817158556810426,0.8244384578126045,-0.9900395909747033,2.0,0.0,19.0,300.57638675302815,300.56666666666666,-0.009720086361483027,303.95,286.34999999999997,3.2916666666666665,207.91666666666666,0.45476099162409866,0.166173312671674,-0.15348206674149387,0.5946265894840792,2.0,1.0,23.0,298.5900220558557,292.45,-6.140022055855695,303.95,286.34999999999997,1.6,180.0,-0.1284636939088415,-6.012736823593116,0.6907434188385319,-0.6921660392833076,3.0,0.0,19.0,302.2255568614581,302.2,-0.025556861458085223,305.75,288.75,3.9883333333333337,227.83333333333334,0.4831446087762856,0.1812158989550312,-0.1762602997208802,0.7414152420509907,3.0,1.0,23.0,300.0503306898784,293.54999999999995,-6.500330689878467,305.75,288.75,1.9,190.0,-0.11373593333041754,-6.346268276992021,0.7597044171709418,-0.7184350026254407,4.0,0.0,19.0,304.42910430227033,304.405,-0.024104302270359312,308.15,288.75,3.46,234.5,0.45752363760072967,0.22311421313224855,-0.11321687355489492,0.8332088079113191,4.0,1.0,23.0,302.15237064168934,293.04999999999995,-9.10237064168939,308.15,288.75,1.9,210.0,-0.114224455091545,-8.90567989255726,0.887536939711211,-0.8374546577099409,5.0,0.0,19.0,304.74263416263955,304.71,-0.03263416263956742,308.54999999999995,287.65,2.9975,210.08333333333334,0.5331478624109565,0.20369760306689955,-0.1472941170087599,0.7838724768815979,5.0,1.0,23.0,301.64202112933026,292.54999999999995,-9.092021129330305,308.54999999999995,287.65,2.3,200.0,-0.17674802353121777,-8.927190003667178,0.9979043578887333,-1.0910913430987534,6.0,0.0,18.0,301.83636305871175,301.8225,-0.013863058711763188,305.34999999999997,288.75,4.763333333333334,200.0,0.5859669861067545,0.14765929368279274,-0.19152084584994591,0.5032388827720666,6.0,1.0,23.0,298.7178279322485,290.84999999999997,-7.867827932248531,305.34999999999997,288.75,2.7,200.0,-0.22598282783755508,-7.7763806421728106,0.8722999914013817,-1.096522580494252
129,0.0,0.0,19.0,310.07193797760544,310.06166666666667,-0.010271310938776423,312.45,305.45,3.1766666666666667,185.66666666666669,0.2872105878859088,0.17048473942139708,0.02991546029344268,0.4628521067548377,0.0,1.0,23.0,308.0499813569528,301.84999999999997,-6.199981356952833,312.45,305.45,4.8,10.0,-0.09004433223370256,-6.08852120763936,0.637271940956694,-0.6060051030449785,1.0,0.0,19.0,309.07250072609315,309.04999999999995,-0.022500726093198864,312.04999999999995,293.15,2.41,133.0,0.27198379788366367,0.14637411785024312,-0.04956762305031267,0.5497786237097699,1.0,1.0,23.0,306.7638831403929,298.45,-8.313883140392932,312.04999999999995,293.15,1.5,10.0,-0.13127002094255147,-8.225586703432995,0.7066824767817602,-0.810830470195711,2.0,0.0,19.0,309.8713135440348,309.8666666666667,-0.004646877368145397,313.04999999999995,293.84999999999997,3.8866666666666667,160.0,0.32304895434913306,0.18377943957661103,-0.03675268691519307,0.569734611053903,2.0,1.0,23.0,307.244650636883,298.95,-8.294650636883034,313.04999999999995,293.84999999999997,0.3,310.0,-0.1276587187742706,-8.199037350935384,0.7369541475516049,-0.8241340315347827,3.0,0.0,19.0,309.0550876404985,309.0308333333333,-0.024254307165222144,311.45,294.25,3.941666666666667,164.41666666666666,0.2808144636720158,0.1458275778100102,-0.02994144658442129,0.5177638133741596,3.0,1.0,23.0,306.9770164563531,301.25,-5.7270164563531125,311.45,294.25,0.0,160.0,-0.09616222578017641,-5.631409079198107,0.6226628366885573,-0.6305468819159756,4.0,0.0,19.0,307.2407921357066,307.2366666666666,-0.004125469039991003,309.15,294.34999999999997,4.773333333333333,158.66666666666666,0.2746735307559902,0.12386435762164183,-0.025205261341900115,0.3370968094970124,4.0,1.0,23.0,305.2481870028305,299.15,-6.098187002830514,309.15,294.34999999999997,0.0,330.0,-0.12639232694063196,-6.037764069081291,0.5533204567246722,-0.6424571969626953,5.0,0.0,19.0,308.5641197476742,308.54999999999995,-0.014119747674271821,311.45,293.95,5.879166666666667,166.25,0.306256839137788,0.15409926327053824,-0.038061831674861914,0.49163088299305,5.0,1.0,23.0,306.12045510935417,298.95,-7.1704551093541795,311.45,293.95,0.2,300.0,-0.13789852193221463,-7.089277714511425,0.6967377802455843,-0.801471100556526,6.0,0.0,19.0,306.42730691695107,306.41499999999996,-0.012306916951104085,308.65,293.75,4.723333333333334,162.41666666666666,0.2636441395938789,0.11481252375807571,-0.036136396928019586,0.35750097175620965,6.0,1.0,23.0,304.5632235508615,299.15,-5.413223550861517,308.65,293.75,0.0,130.0,-0.12318478710547254,-5.352246335596149,0.5449828179028676,-0.62444707849113
130,0.0,0.0,23.0,305.3176870435784,298.04999999999995,-7.267687043578462,309.04999999999995,298.04999999999995,1.3,30.0,-0.23997866226331155,-7.200852448038134,0.6426392727632285,-0.6637669782813731,3.0,0.0,23.0,304.3448775940781,298.75,-5.5948775940781275,307.04999999999995,297.25,5.2,240.0,-0.23045393514890122,-5.557006995490923,0.5114158684162362,-0.5501833959131517,4.0,0.0,23.0,304.8209368512455,298.54999999999995,-6.270936851245551,308.75,294.34999999999997,4.6,220.0,-0.21696909627458183,-6.213039102661838,0.5705512224263884,-0.5924339734762611,5.0,0.0,17.0,307.905549879497,307.8983333333333,-0.007216546163704152,310.25,294.25,8.2,230.0,0.7922994867838042,0.12673079180734703,-0.17575304788512844,0.20694981809502622,5.0,1.0,23.0,305.33995827556873,299.15,-6.189958275568756,310.25,294.25,0.2,200.0,-0.1894214946224082,-6.118865040693905,0.555940119723123,-0.5315730592022305,6.0,0.0,23.0,305.5804150222137,301.25,-4.3304150222136855,310.84999999999997,294.84999999999997,0.7,220.0,-0.17157124178682182,-4.259763803756499,0.5146526419056935,-0.45447274517447056,,,,,,,,,,,,,,,,,,,,,,,,,,,,,,,,,,,,,,,,,,,,,,,,,,,,,,,,,,,,,,,,,,,,,,,,,,,,,,,,,,,,,,,,,,,,,,,,,,,,,,,,,,,,,,,,
131,0.0,0.0,18.0,301.0100111275022,301.00333333333333,-0.006677794168865603,305.25,297.34999999999997,3.716666666666667,270.0,0.3663452379703074,0.2438790239881996,0.03538182782988978,0.6572203515676307,0.0,1.0,23.0,297.9798805582991,292.95,-5.029880558299112,305.25,297.34999999999997,1.3,130.0,-0.06101185150819788,-4.897497932839045,0.762483824619963,-0.7283794759241857,1.0,0.0,18.0,302.532671146958,302.5233333333333,-0.009337813624711089,307.04999999999995,287.65,4.93,278.8333333333333,0.41100727488563393,0.24799599311559462,0.07406872854498658,0.5873761589158875,1.0,1.0,23.0,299.4276068066243,294.15,-5.277606806624306,307.04999999999995,287.65,1.3,30.0,-0.03875100668375353,-5.138229365533022,0.6976389722363479,-0.6212492425794238,,,,,,,,,,,,,,,,,,,,,,,,,,,,,,,,,,,,,,,,,,,,,,,,,,,,,,,,,,,,,,,,,,,,,,,,,,,,,,,,,,,,,,,,,,,,,,,,,,,,,,,,,,,,,,,,,,,,,,,,,,,,,,,,,,,,,,,,,,,,
132,0.0,0.0,19.0,304.2091009630883,304.19666666666666,-0.012434296421645286,308.65,298.95,3.966666666666667,160.0,0.2847550777048866,0.2145575539070137,-0.06327133931450628,0.7715056039305495,0.0,1.0,23.0,301.54466387366614,294.15,-7.394663873666161,308.65,298.95,0.0,320.0,-0.20473841746810706,-7.180058354165283,0.9493784305480185,-1.1059129350596493,1.0,0.0,19.0,304.3746978889901,304.3375,-0.03719788899013565,309.25,287.04999999999995,2.205,155.25,0.31451991542044766,0.19957455088747622,-0.2635877818146402,1.1550326802238828,1.0,1.0,23.0,301.3981924002601,292.95,-8.448192400260098,309.25,287.04999999999995,0.0,300.0,-0.26424701889834523,-8.19431558647861,1.187121756953232,-1.4803923097094298,2.0,0.0,19.0,305.71198846617796,305.695,-0.016988466177963346,310.95,288.75,2.235,159.5,0.3579215771274846,0.24832095455418823,-0.2580624526252204,1.241431841423335,2.0,1.0,23.0,302.73994968150663,293.15,-9.589949681506653,310.95,288.75,1.6,320.0,-0.21830656398100245,-9.31047420025891,1.1452351237178153,-1.3409907632024556,3.0,0.0,19.0,305.6993855480983,305.68833333333333,-0.01105221476495899,310.95,290.34999999999997,2.6133333333333333,170.0,0.3459629340494672,0.24733950704492713,-0.24123115679022553,1.1619228537577584,3.0,1.0,23.0,302.7786868764655,294.75,-8.028686876465486,310.95,290.34999999999997,0.3,320.0,-0.20598048065997432,-7.7693838243951205,1.0755539047920262,-1.233630028492101,4.0,0.0,19.0,305.47150083105726,305.455,-0.016500831057271625,310.34999999999997,289.84999999999997,3.5975,140.25,0.3362717918953422,0.22891535610338565,-0.23869120592987278,1.1126404690247682,4.0,1.0,23.0,302.4405999784654,295.75,-6.6905999784654,310.34999999999997,289.84999999999997,0.2,280.0,-0.21455097385222643,-6.454804351222748,1.0674479099918746,-1.2401224019388906,5.0,0.0,18.0,299.71619078690037,299.7158333333333,-0.0003574535670622936,302.04999999999995,290.95,5.44,182.16666666666666,0.145184259706852,0.0922439063973286,-0.11599528898450255,0.44870579156410884,5.0,1.0,23.0,297.67472327173766,292.45,-5.224723271737673,302.04999999999995,290.95,2.4,190.0,-0.2551969557753324,-5.135451186313119,0.6664068422818588,-0.9638334790491854,,,,,,,,,,,,,,,,,,,,,,,,,,,,
133,0.0,0.0,18.0,300.81482245035465,300.8125,-0.002322450354654393,302.54999999999995,296.15,7.425000000000001,320.0,0.20587873689186154,0.12381619337794803,0.002691291336338016,0.3351882295919495,0.0,1.0,23.0,298.53192431491925,291.95,-6.581924314919263,302.54999999999995,296.15,7.3,310.0,-0.29559788373673257,-6.545026149920332,0.6144384865191436,-0.7246981935364261,1.0,0.0,20.0,298.6019778204359,298.59999999999997,-0.001977820435911326,301.45,286.45,7.512499999999999,300.0,0.07574137242738743,0.11026197202970422,-0.06212894896910844,0.47062727254571257,1.0,1.0,23.0,297.6577779674975,294.65,-3.007777967497532,301.45,286.45,7.1,310.0,-0.1809862763762311,-2.9444938757322063,0.32223593562306974,-0.17656565203957086,2.0,0.0,20.0,300.88970236055275,300.8875,-0.0022023605527579093,304.75,288.25,7.185833333333333,302.4166666666667,0.11003219332062031,0.1619791492977214,-0.009867466433732375,0.5692015642590178,2.0,1.0,23.0,299.9681008108492,296.84999999999997,-3.118100810849228,304.75,288.25,7.3,310.0,-0.12753812114638663,-3.0049790446595352,0.3537318947004214,-0.06525512567910141,3.0,0.0,20.0,302.4361255508058,302.4258333333333,-0.010292217472510856,306.45,288.84999999999997,6.445833333333333,303.0833333333333,0.12457254226001169,0.1747877127267401,0.031219047629155245,0.5753959771844848,3.0,1.0,23.0,301.4506531931339,298.65,-2.8006531931339396,306.45,288.84999999999997,5.8,310.0,-0.11312165955385467,-2.668688161245541,0.39011864568128374,-0.054618803114053094,4.0,0.0,20.0,304.0929702678982,304.0875,-0.005470267898203929,307.54999999999995,290.34999999999997,5.079166666666667,292.9166666666667,0.09920689003877214,0.18921714298988945,0.08789560392344715,0.5520909042386108,4.0,1.0,23.0,303.31639839131407,299.75,-3.566398391314067,307.54999999999995,290.34999999999997,5.7,300.0,-0.0823862348368749,-3.412611633836221,0.3743096376804734,0.023607723862625107,5.0,0.0,18.0,300.1406139600415,300.1375,-0.0031139600415031055,303.45,290.54999999999995,5.809166666666666,320.0,0.12929381089898584,0.09064110851146268,0.01598255973926636,0.24276733648510174,5.0,1.0,23.0,298.58112193837206,295.84999999999997,-2.731121938372098,303.45,290.54999999999995,6.1,310.0,-0.18278090602267127,-2.6973354400661265,0.2988089074029337,-0.23854318575820344,6.0,0.0,21.0,298.62930131396456,298.62333333333333,-0.005967980631226055,300.84999999999997,292.65,4.78,302.6666666666667,-0.05578648255253427,0.06652215063914468,0.03581352561399361,0.2784215446413896,6.0,1.0,23.0,298.2812783766642,296.95,-1.3312783766642156,300.84999999999997,292.65,4.0,310.0,-0.13144106138004474,-1.2739806363945263,0.17683477133936756,0.016885070614847564
134,0.0,0.0,18.0,304.9978566335082,304.98999999999995,-0.007856633508254163,308.65,297.75,7.883333333333333,150.0,0.2537555940371874,0.13164300461923517,-0.051565404871070086,0.4194285547645933,0.0,1.0,23.0,302.7804023310002,297.45,-5.330402331000187,308.65,297.75,2.8,190.0,-0.20676249723571516,-5.250366971157945,0.6497372256546848,-0.8448634079740174,1.0,0.0,20.0,303.35513929076455,303.3375,-0.01763929076457771,307.54999999999995,290.34999999999997,4.458333333333333,140.83333333333334,0.15960247861667654,0.11818062163428067,-0.15973251811882014,0.6245684304347776,1.0,1.0,23.0,302.0049428760958,297.54999999999995,-4.454942876095856,307.54999999999995,290.34999999999997,1.9,190.0,-0.1484353430723644,-4.3557594811906455,0.5269777782343065,-0.5913296771115739,2.0,0.0,19.0,306.6637104015873,306.65999999999997,-0.003710401587341039,311.45,292.04999999999995,4.175,151.5,0.2877452737075288,0.2114737871689556,-0.20985231990279374,0.9580185612946792,2.0,1.0,23.0,304.78372494641,299.65,-5.133724946410041,311.45,292.04999999999995,0.0,120.0,-0.11787425138882668,-4.965541800767085,0.729572268211451,-0.7102432137911165,4.0,0.0,20.0,313.40182319206394,313.38166666666666,-0.020156525397283076,317.04999999999995,302.04999999999995,3.6183333333333336,328.1666666666667,0.283847929583942,0.25643932338829245,0.013865060881016689,0.8484525126922478,4.0,1.0,23.0,311.99454686204786,308.65,-3.3445468620478778,317.04999999999995,302.04999999999995,6.2,340.0,0.0099599409224993,-3.101864177796898,0.6252133568038639,-0.24550337551666246,5.0,0.0,23.0,302.613938538348,296.84999999999997,-5.763938538348043,307.84999999999997,296.04999999999995,5.6,160.0,-0.2934035564107518,-5.742301114576819,0.669204096919581,-1.0758074462219014,,,,,,,,,,,,,,,,,,,,,,,,,,,,,,,,,,,,,,,,,,,,,,,,,,,,,,,,,,,,,,,,,,,,,,
135,0.0,0.0,19.0,300.643512128049,300.6408333333333,-0.002678794715677668,302.45,293.34999999999997,5.1,310.0,0.15607040440079345,0.0947216794096164,-0.026175093795454057,0.30705774590838075,0.0,1.0,23.0,298.8389243190031,293.04999999999995,-5.788924319003172,302.45,293.34999999999997,5.7,300.0,-0.1597378752558285,-5.758893868414489,0.5441199394157318,-0.7406930231940407,1.0,0.0,20.0,299.85900766735983,299.84499999999997,-0.014007667359862808,302.54999999999995,287.54999999999995,3.9233333333333333,287.6666666666667,0.11726400105105483,0.09750542065999923,-0.018306759651532428,0.38087191640433105,1.0,1.0,23.0,298.93473504138666,294.75,-4.184735041386659,302.54999999999995,287.54999999999995,7.1,300.0,-0.0645167947975267,-4.117298715871783,0.36688001681766025,-0.35052432346718376,2.0,0.0,19.0,300.800157970211,300.78999999999996,-0.010157970211025713,303.75,287.65,5.785,300.25,0.17431219236163997,0.1303994085563147,-0.036485810396082265,0.4669681733102493,2.0,1.0,23.0,299.7686758595399,296.25,-3.518675859539883,303.75,287.65,6.8,320.0,-0.0426313172323205,-3.430977428743958,0.3680380705495452,-0.2665530480429368,3.0,0.0,20.0,302.150673930487,302.15,-0.0006739304870393426,305.34999999999997,289.95,4.6,300.0,0.17158559481443092,0.15813250641916454,-0.0015661650164654854,0.4941791444973802,3.0,1.0,23.0,301.2051296936482,296.95,-4.2551296936482,305.34999999999997,289.95,6.2,300.0,-0.021271167773704747,-4.144186594908632,0.391137970296531,-0.2422885520928162,4.0,0.0,19.0,303.6628867437154,303.65166666666664,-0.011220077048733401,307.54999999999995,289.95,5.699166666666667,309.0833333333333,0.23004283868345965,0.17337742034266057,-0.03326019056135957,0.5977594643836142,4.0,1.0,23.0,302.2565686151813,297.95,-4.306568615181334,307.54999999999995,289.95,8.5,310.0,-0.03426465699021719,-4.188590354465518,0.4922778340618758,-0.3631801616191268,5.0,0.0,20.0,303.0742124457208,303.065,-0.009212445720777396,306.45,290.95,4.433333333333334,296.3333333333333,0.17848993982694594,0.15040252538594245,-0.012799306241466487,0.5088140178930018,5.0,1.0,23.0,302.0524035376081,299.15,-2.9024035376081088,306.45,290.95,5.0,310.0,-0.017697604914985732,-2.7926213465936343,0.38209881572117393,-0.20616154937991382,6.0,0.0,19.0,305.9663964484994,305.95,-0.01639644849939259,309.84999999999997,293.75,4.175,300.0,0.2521877012757159,0.18667405178807428,0.025082177925668248,0.5686382300270338,6.0,1.0,23.0,304.69287819804134,301.15,-3.5428781980413646,309.84999999999997,293.75,3.1,310.0,0.007025282128680033,-3.4009123023583925,0.4403339495058181,-0.19561574809253557
136,0.0,0.0,18.0,307.54567845504846,307.5333333333333,-0.012345121715156893,310.15,304.34999999999997,6.2250000000000005,242.91666666666666,0.18762695733690293,0.14998509394949622,0.035152154184544315,0.44805314034744015,0.0,1.0,23.0,305.3816663461579,301.04999999999995,-4.331666346157931,310.15,304.34999999999997,2.2,230.0,-0.24977475639383329,-4.249530991712817,0.5519050568751661,-0.45334459299238006,2.0,0.0,23.0,304.4260543070815,300.15,-4.276054307081495,311.04999999999995,298.25,6.2,210.0,-0.28236857513509506,-4.238659138365634,0.517607081128285,-0.5247892948317485,3.0,0.0,17.0,306.2254938800587,306.22499999999997,-0.0004938800587410697,309.15,296.25,8.45,230.0,0.30863359884091324,0.12514296851065865,-0.0003325496766943085,0.2522751666158314,3.0,1.0,23.0,303.43897108722143,300.04999999999995,-3.3889710872214778,309.15,296.25,8.3,230.0,-0.2854207950928611,-3.3634599157961844,0.480456394479134,-0.4977295648957778,4.0,0.0,17.0,305.02169487519495,305.0208333333333,-0.0008615418616386705,307.15,296.15,9.754166666666666,230.0,0.39671489448849684,0.11142717196447904,-0.1152228696697648,0.31413538986991796,4.0,1.0,23.0,302.066076721402,298.25,-3.8160767214019984,307.15,296.15,9.1,230.0,-0.3132543947973545,-3.8112182220328066,0.4930913092257943,-0.5867351248786008,5.0,0.0,18.0,303.22678422246355,303.21666666666664,-0.010117555796909983,304.84999999999997,294.15,10.1,230.0,0.18869085756178094,0.0745842834831194,-0.024950351256497545,0.2316574380851364,5.0,1.0,23.0,300.88631965579316,297.15,-3.7363196557931815,304.84999999999997,294.15,5.1,230.0,-0.3142747969880304,-3.7352504289281114,0.4591124517272078,-0.5574215087659411,6.0,0.0,17.0,302.5326984451783,302.53,-0.0026984451783391705,305.15,291.34999999999997,7.696666666666667,250.0,0.39289638418516404,0.09189034180890587,-0.12813811042645776,0.2596196883502273,6.0,1.0,23.0,299.57845063942534,295.04999999999995,-4.528450639425387,305.15,291.34999999999997,5.5,240.0,-0.35476825506789567,-4.546296236055838,0.5208535891358584,-0.7115041097748502,,,,,,,,,,,,,,,,,,,,,,,,,,,,,,,,,,,,,,,,,,
137,0.0,0.0,19.0,302.8925418600743,302.89,-0.002541860074302349,306.95,301.04999999999995,0.11,200.66666666666666,-0.13007075443432825,0.19158777306456898,0.1688361918256902,0.5497020814362656,0.0,1.0,23.0,301.4550277068024,298.65,-2.8050277068024343,306.95,301.04999999999995,1.6,330.0,-0.36647805865133876,-2.6563801948121437,0.45742195057100804,-0.026785895315342145,1.0,0.0,18.0,302.7240977629036,302.71666666666664,-0.007431096236985013,307.45,292.84999999999997,0.9166666666666665,328.3333333333333,-0.022486615057744075,0.17654556937308996,0.038053246482130966,0.631736938750521,1.0,1.0,23.0,301.3049552892855,298.04999999999995,-3.254955289285533,307.45,292.84999999999997,4.8,310.0,-0.35181826836878827,-3.115493047600623,0.41633379332521275,-0.013998733035307964,2.0,0.0,19.0,304.10023020328975,304.09999999999997,-0.00023020328978873295,309.75,292.84999999999997,2.125,173.33333333333334,-0.050431472224630625,0.21499395909089003,0.02861199901398474,0.8013614625636052,2.0,1.0,23.0,302.66463231267124,297.34999999999997,-5.314632312671279,309.75,292.84999999999997,0.2,170.0,-0.3516957017738349,-5.139473865512116,0.4770815047881598,-0.027611312978351066,3.0,0.0,17.0,302.1146858153319,302.1066666666666,-0.008019148665255216,305.95,291.75,7.13,310.0,0.33166096204439555,0.14011773027493746,-0.14281581118377554,0.5422147752589694,3.0,1.0,23.0,299.78363158725693,296.34999999999997,-3.4336315872569685,305.95,291.75,4.4,300.0,-0.43463165830470984,-3.345193115233542,0.46567683211269184,-0.23813806202238652,4.0,0.0,17.0,298.86938512311934,298.8666666666667,-0.0027184564526692157,300.95,291.04999999999995,8.493333333333334,320.0,0.014184882038634328,0.08576178677610358,0.022035089172234734,0.24273020124473987,4.0,1.0,23.0,297.53189234141576,295.75,-1.7818923414157553,300.95,291.04999999999995,5.7,310.0,-0.4080118523082916,-1.7342200024331618,0.25656468746795724,-0.019074056685141727,5.0,0.0,18.0,298.302789949092,298.2966666666666,-0.006123282425392063,301.45,290.04999999999995,10.635833333333332,320.0,-0.036528280271767244,0.09611368147112387,-0.036542937611078706,0.43435238910312535,,,,,,,,,,,,,,,,,,,,,,,,,,,,,,,,,,,,,,,,,,
138,2.0,0.0,19.0,309.39723178463277,309.37666666666667,-0.020565117966100388,313.15,297.54999999999995,5.733333333333333,317.3333333333333,0.2671745248721322,0.15532560194758105,-0.07547527526548474,0.6049047780380619,2.0,1.0,23.0,307.1607646592504,301.04999999999995,-6.110764659250435,313.15,297.54999999999995,4.5,300.0,-0.09085683201855943,-6.011302830882187,0.6400570830451594,-0.6907291016508168,3.0,0.0,19.0,306.69938830195315,306.6925,-0.006888301953154041,309.84999999999997,294.84999999999997,4.6,310.0,0.2026544798580403,0.1279790168903645,-0.08798690259245252,0.5144842208980407,3.0,1.0,23.0,305.11926821360953,300.04999999999995,-5.0692682136095755,309.84999999999997,294.84999999999997,4.5,300.0,-0.08760990202880237,-4.991202976826898,0.4886348377926595,-0.5182827380312602,4.0,0.0,19.0,304.6627243318146,304.65999999999997,-0.002724331814647485,307.54999999999995,292.34999999999997,5.4799999999999995,310.0,0.18147080361798373,0.1107692234360087,-0.10161697823429942,0.4502956443334085,4.0,1.0,23.0,302.90293779419926,297.04999999999995,-5.852937794199306,307.54999999999995,292.34999999999997,6.2,300.0,-0.13638334486464032,-5.802861076291222,0.5407666963143262,-0.6966356788061887,5.0,0.0,19.0,301.78594617315025,301.7833333333333,-0.0026128398169475986,304.15,290.15,5.966666666666666,300.0,0.15828778825424195,0.07361144635896721,-0.1402416560556361,0.3796583461546277,5.0,1.0,23.0,300.66184386339023,296.95,-3.711843863390243,304.15,290.15,6.3,310.0,-0.11197790712847677,-3.679795747669502,0.34755889582929456,-0.43360051976186753,6.0,0.0,19.0,302.4787647518096,302.47749999999996,-0.0012647518096287058,305.15,290.15,3.505,305.5,0.14776057849621793,0.11029738390098487,-0.09436193274256748,0.46508712104305516,6.0,1.0,23.0,301.76919371874817,300.04999999999995,-1.7191937187482154,305.15,290.15,1.7,340.0,-0.02395738764737132,-1.6456096190682388,0.22549616335838607,-0.07910186273562658,,,,,,,,,,,,,,,,,,,,,,,,,,,,,,,,,,,,,,,,,,,,,,,,,,,,,,,,
139,0.0,0.0,18.0,302.6340263401609,302.61499999999995,-0.019026340160962718,310.95,295.34999999999997,0.6775,145.41666666666666,0.47250625820970527,0.3724389743843517,-0.250633592089964,1.6088227453107464,0.0,1.0,23.0,298.5248369208923,290.25,-8.274836920892312,310.95,295.34999999999997,0.0,130.0,-0.2523978937554574,-7.955781655849123,1.3650134476774884,-1.4192589311088852,1.0,0.0,18.0,302.9927840869709,302.94,-0.05278408697091663,311.45,283.84999999999997,2.41,163.0,0.4961647426100342,0.3155513638076144,-0.3985038145800341,1.7567993742421208,1.0,1.0,23.0,299.2704100055539,290.84999999999997,-8.420410005553947,311.45,283.84999999999997,0.0,290.0,-0.21561216737026712,-8.110561254644196,1.2201601882051893,-1.2058473051239105,,,,,,,,,,,,,,,,,,,,,,,,,,,,,,,,,,,,,,,,,,,,,,,,,,,,,,,,,,,,,,,,,,,,,,,,,,,,,,,,,,,,,,,,,,,,,,,,,,,,,,,,,,,,,,,,,,,,,,,,,,,,,,,,,,,,,,,,,,,,
140,0.0,0.0,23.0,298.29840415452526,295.04999999999995,-3.2484041545253035,300.95,294.34999999999997,3.5,240.0,-0.24114162293069796,-3.203240478040726,0.5841208623574848,-0.7190939272052503,1.0,0.0,17.0,304.17320149491235,304.17249999999996,-0.0007014949123913539,308.04999999999995,290.84999999999997,10.712499999999999,230.0,0.3621510540904893,0.20841735114251492,0.02889260977758094,0.49611820744654267,1.0,1.0,23.0,302.1595755938793,298.04999999999995,-4.109575593879356,308.04999999999995,290.84999999999997,1.3,70.0,-0.13852098494149345,-3.960589110649863,0.6098368504628885,-0.46352236621177667,2.0,0.0,23.0,301.0229679021141,295.95,-5.072967902114101,305.84999999999997,292.34999999999997,6.9,230.0,-0.21328258164901115,-4.974771083363834,0.690326110546375,-0.7484969753311788,3.0,0.0,17.0,303.5732844505151,303.56666666666666,-0.006617783848412273,305.95,290.65,9.123333333333333,300.0,0.6155047354051391,0.15470895668711648,-0.15085145223190466,0.42594831447321724,3.0,1.0,23.0,300.58560784034484,294.15,-6.435607840344858,305.95,290.65,3.3,280.0,-0.25926247262573554,-6.338010618559963,0.7752705093322305,-0.9075245630681081,4.0,0.0,18.0,302.82607552686267,302.81333333333333,-0.012742193529334145,306.34999999999997,285.84999999999997,7.29,260.6666666666667,0.4384035858716828,0.15671104810422776,-0.10978651650602463,0.5229414112317983,4.0,1.0,23.0,300.0317846029063,293.04999999999995,-6.981784602906373,306.34999999999997,285.84999999999997,4.7,280.0,-0.2649650907472818,-6.873862521515164,0.8396878869205958,-1.0120509944500924,5.0,0.0,23.0,298.95379758737784,294.15,-4.803797587377858,304.15,288.54999999999995,6.3,220.0,-0.24229737539735652,-4.729645399630357,0.6447432725432947,-0.752654353906749,6.0,0.0,18.0,303.317816359925,303.31583333333333,-0.0019830265916880307,306.95,288.84999999999997,13.635,290.0,0.5163088037220547,0.1863967415012553,-0.08027844309540437,0.4808777826753925,6.0,1.0,23.0,300.6764174922794,295.25,-5.426417492279427,306.95,288.84999999999997,5.5,270.0,-0.20591025159758658,-5.304858902142826,0.7136783658042987,-0.7244817477963892,,,,,,,,,,,,,,,,,,,,,,,,,,,,,,,,,,,,,,,,,,
141,0.0,0.0,19.0,307.28843088347685,307.28166666666664,-0.00676421681021111,310.95,303.45,3.291666666666667,262.25,-0.16074959319604432,0.17680938463988127,0.16527520885138833,0.5701986009535034,0.0,1.0,23.0,305.82435192624035,302.15,-3.6743519262403765,310.95,303.45,2.6,310.0,-0.5594798421020926,-3.5514839565130814,0.3871111049106209,0.25000887460284105,1.0,0.0,20.0,307.90654690662086,307.9033333333333,-0.0032135732875531176,313.65,295.95,6.773333333333333,318.6666666666667,-0.25699975844271705,0.18095436126630204,0.196876467274213,0.5869989825065431,1.0,1.0,23.0,306.75634437108374,305.15,-1.6063443710837646,313.65,295.95,2.9,290.0,-0.512689589718093,-1.472931577298823,0.3492409926122851,0.3335624392542087,3.0,0.0,19.0,309.4603674683084,309.445,-0.015367468308397747,314.15,297.15,6.4624999999999995,315.5,-0.19213451218354294,0.17224521629657374,0.19354815500736322,0.5632669398070078,3.0,1.0,23.0,307.81098526979025,302.34999999999997,-5.460985269790285,314.15,297.15,4.1,40.0,-0.582203859386837,-5.333490153511576,0.4789236704382536,0.10072043265462582,4.0,0.0,17.0,307.94701464451754,307.94166666666666,-0.005347977850874486,312.54999999999995,296.04999999999995,8.533333333333333,320.0,0.06703914525826349,0.15927833631306498,0.11289007840415384,0.38035208054465386,4.0,1.0,23.0,305.3336529451448,300.15,-5.183652945144843,312.54999999999995,296.04999999999995,5.8,310.0,-0.660372626304337,-5.115175566326087,0.4702122090532204,-0.05214760854840961,,,,,,,,,,,,,,,,,,,,,,,,,,,,,,,,,,,,,,,,,,,,,,,,,,,,,,,,,,,,,,,,,,,,,,,,,,,,,,,,,,,,
142,0.0,0.0,19.0,305.69435062618606,305.6875,-0.006850626186064801,309.25,303.45,1.625,102.5,0.2043011744792267,0.2601683414735305,0.09442537779360312,0.7155893625485419,0.0,1.0,23.0,304.08625506577965,300.84999999999997,-3.2362550657796874,309.25,303.45,1.6,320.0,-0.14891964881228148,-3.0094384739944644,0.6393832308399444,-0.25729929920815664,1.0,0.0,18.0,305.42987854748407,305.4283333333333,-0.0015452141507807937,309.15,292.04999999999995,7.598333333333333,310.0,0.3220332483582382,0.22893115115626017,0.01664530996049507,0.6217163374799952,1.0,1.0,23.0,303.36780626480413,299.75,-3.6178062648041305,309.15,292.04999999999995,5.6,340.0,-0.15920669485967665,-3.4448035460096804,0.5930582126142147,-0.3359498250704007,2.0,0.0,18.0,300.35321284763535,300.34666666666664,-0.006546180968712179,301.45,292.15,3.27,331.1666666666667,0.2495004565985539,0.0826186588820832,-0.062027240909936644,0.2634211389309655,2.0,1.0,23.0,298.0914595681853,293.04999999999995,-5.04145956818536,301.45,292.15,3.4,130.0,-0.3642345900624093,-4.982366359566669,0.6316851662363518,-0.8095066973098,3.0,0.0,17.0,299.48877952466404,299.4833333333333,-0.005446191330747752,302.04999999999995,290.04999999999995,8.5,320.0,0.3925143875235193,0.10583084366157891,-0.1490979662733641,0.37088084320598114,3.0,1.0,23.0,297.65444187652815,294.54999999999995,-3.104441876528199,302.04999999999995,290.04999999999995,2.6,300.0,-0.26784665206237435,-3.037569779414383,0.4380899803349223,-0.4057004073468846,4.0,0.0,18.0,299.3794555849654,299.375,-0.004455584965398884,302.45,288.34999999999997,10.683333333333334,310.0,0.320636149846365,0.12884398371291184,-0.1216548306521427,0.4548316393960192,4.0,1.0,23.0,297.4819678805395,294.15,-3.331967880539537,302.45,288.34999999999997,3.2,290.0,-0.26291019626819434,-3.2503262243233593,0.4773346894702873,-0.4308917643570993,5.0,0.0,17.0,299.5767602958319,299.575,-0.0017602958319002937,301.45,289.25,5.3075,300.0,0.34773310217717324,0.13858919278003157,-0.07629283261928776,0.4012823431909567,5.0,1.0,23.0,297.52873754248185,292.84999999999997,-4.678737542481883,301.45,289.25,2.1,310.0,-0.27660269464118414,-4.591634374162311,0.5126300989841089,-0.48143081878546923,6.0,0.0,18.0,299.0369587140692,299.02666666666664,-0.01029204740257228,301.95,288.25,9.476666666666667,313.6666666666667,0.267958368066175,0.12779638480192546,-0.08097475944155974,0.4518431180313769,6.0,1.0,23.0,297.4458285648174,294.04999999999995,-3.3958285648174638,301.95,288.25,5.1,340.0,-0.23563010857263578,-3.3026569285939473,0.43260450691173463,-0.32539848934841586
143,0.0,0.0,17.0,301.18883314801246,301.17999999999995,-0.008833148012513448,306.34999999999997,297.34999999999997,6.515,120.0,0.48647922330346205,0.23922584616967413,-0.1002641570833589,0.742408682125884,0.0,1.0,23.0,297.4399623903304,292.54999999999995,-4.889962390330425,306.34999999999997,297.34999999999997,3.4,140.0,-0.2230216178006117,-4.793043088864309,0.8078233894717309,-0.8873703710367096,,,,,,,,,,,,,,,,,,,,,,,,,,,,,,,,,,,,,,,,,,,,,,,,,,,,,,,,,,,,,,,,,,,,,,,,,,,,,,,,,,,,,,,,,,,,,,,,,,,,,,,,,,,,,,,,,,,,,,,,,,,,,,,,,,,,,,,,,,,,,,,,,,,,,,,,,,,,,,,,,,,,,,,,
144,0.0,0.0,17.0,297.15116058186595,296.91666666666663,-0.23449391519932306,298.65,292.15,4.9125000000000005,180.0,0.48075767296890604,-0.12908716070593584,-0.08941580047113955,0.18582750090155287,4.0,0.0,18.0,297.43353881104866,297.4283333333333,-0.005205477715378493,298.75,290.9458333333333,4.491666666666666,180.0,0.3821047945967564,0.11590853338097418,-0.019136080892621976,0.21148816520049252,5.0,0.0,23.0,297.6037761904884,293.15,-4.4537761904884405,304.54999999999995,289.95,2.2,180.0,-0.07650440050569784,-4.366627661865877,0.4704762121868858,-0.4195961286528984,,,,,,,,,,,,,,,,,,,,,,,,,,,,,,,,,,,,,,,,,,,,,,,,,,,,,,,,,,,,,,,,,,,,,,,,,,,,,,,,,,,,,,,,,,,,,,,,,,,,,,,,,,,,,,,,,,,,,,,,,,,,,,,,,,,,,,,,,,,,,,,,,,,,,,,,,,
145,3.0,0.0,19.0,298.32839952642604,298.31166666666667,-0.01673285975937233,302.54999999999995,285.34999999999997,2.2958333333333334,312.1666666666667,0.20927069953339128,0.20124802306686718,-0.15330622484075698,0.9024880392396,4.0,0.0,19.0,301.0586564383317,301.0583333333333,-0.00032310499841514684,305.95,287.75,2.29,283.5,0.2770049306142113,0.2623932258170214,-0.16342569001426455,1.0487054484796374,4.0,1.0,23.0,299.4988705073922,294.15,-5.348870507392235,305.95,287.75,1.4,80.0,-0.0750196879329792,-5.096656630485754,0.7085110003757696,-0.5353737868912845,5.0,0.0,19.0,301.2669242661918,301.2583333333333,-0.00859093285845347,305.34999999999997,289.84999999999997,3.7583333333333333,310.4166666666667,0.2843059923213218,0.22180281210208364,-0.19861822659893372,1.0261635016913004,5.0,1.0,23.0,299.1332628478545,293.75,-5.383262847854496,305.34999999999997,289.84999999999997,6.6,300.0,-0.14729190266700698,-5.172897478882163,0.7884634803370479,-0.750425922775662,6.0,0.0,19.0,297.6935425995563,297.67999999999995,-0.01354259955633097,300.95,287.04999999999995,2.8,306.0,0.12729675082590575,0.12597961068793495,-0.1381218960750393,0.6652023856659213,,,,,,,,,,,,,,,,,,,,,,,,,,,,,,,,,,,,,,,,,,,,,,,,,,,,,,,,,,,,,,,,,,,,,,,,,,,,,,,,,,,,,,,,,,,,,,,,,,,,,,,,,,,,,,,,
146,0.0,0.0,18.0,307.71561312106905,307.7075,-0.008113121069072804,310.15,302.34999999999997,4.9816666666666665,160.0,0.2738330657903276,0.14535686802943815,-0.06984856429303932,0.530987143837848,0.0,1.0,23.0,304.82747939693985,296.15,-8.677479396939873,310.15,302.34999999999997,0.3,290.0,-0.19981578089513619,-8.559092991345864,0.8919316229974138,-1.2627539506394783,1.0,0.0,19.0,306.4733349042697,306.46,-0.013334904269697745,310.34999999999997,293.15,3.5733333333333333,157.66666666666666,0.2520567091404473,0.14525043466137788,-0.16803800315165537,0.6838140599661813,1.0,1.0,23.0,304.4674222663455,300.04999999999995,-4.417422266345568,310.34999999999997,293.15,1.3,250.0,-0.11989979413560548,-4.293369305348975,0.6919530448719229,-0.8176032281683518,2.0,0.0,19.0,307.69723751872584,307.6708333333333,-0.026404185392550517,311.45,292.34999999999997,2.7666666666666666,167.08333333333334,0.2982107691956628,0.16225785140572668,-0.19400712770429607,0.8403092750353522,2.0,1.0,23.0,305.620191042831,301.15,-4.470191042831004,311.45,292.34999999999997,1.6,350.0,-0.0885858497650105,-4.313583498715573,0.7246077340546199,-0.77739705874626,3.0,0.0,19.0,304.52384121293437,304.515,-0.008841212934385112,307.15,292.25,5.323333333333333,257.1666666666667,0.17316943263608664,0.1007318753979689,-0.17268944455364968,0.5720554245337155,3.0,1.0,23.0,303.0584074144856,297.95,-5.108407414485612,307.15,292.25,4.9,330.0,-0.1307208018386774,-5.0120972404913715,0.5496789359413962,-0.6926386409315342,4.0,0.0,19.0,306.46415443691285,306.4575,-0.006654436912867823,310.04999999999995,295.15,0.14500000000000002,310.0,0.25138213736948956,0.16239453479725796,-0.21487353259906192,0.8382360658685997,4.0,1.0,23.0,303.8617771682029,297.15,-6.7117771682029,310.04999999999995,295.15,3.0,320.0,-0.1973832567830982,-6.5688393569395345,0.9809999084340669,-1.3067852515217027,6.0,0.0,19.0,312.10616822264626,312.085,-0.021168222646281265,316.15,301.25,5.19,345.5,0.3209987861609278,0.2234892662085599,-0.06751475316292026,0.8565510713932554,6.0,1.0,23.0,310.4426628282254,306.84999999999997,-3.592662828225457,316.15,301.25,4.9,340.0,0.021937680417721594,-3.376993364175405,0.6075445033883966,-0.3495416782688636,,,,,,,,,,,,,,,,,,,,,,,,,,,,
147,0.0,0.0,18.0,299.41330039285856,299.40916666666664,-0.00413372619192387,300.84999999999997,297.15,3.1,198.58333333333334,0.2574073137682973,0.11811143979417693,0.04378324381526966,0.22414852737041713,0.0,1.0,23.0,297.3608372876904,294.15,-3.210837287690424,300.84999999999997,297.15,0.2,180.0,-0.09561150267136043,-3.1612782834529725,0.4426890943931454,-0.4886126552944461,1.0,0.0,17.0,298.9698022721761,298.96416666666664,-0.005635605509439756,300.95,291.45,3.9408333333333334,210.0,0.3151319929180829,0.1139494431940733,-0.023343837487322123,0.26474127909260403,2.0,0.0,18.0,298.2975387854159,298.2941666666666,-0.003372118749268793,299.75,292.04999999999995,2.745833333333333,200.0,0.2145491621076019,0.10227307031874489,0.017587332150152218,0.22515615517414744,5.0,0.0,19.0,298.07327250927426,298.06333333333333,-0.009939175940928635,300.34999999999997,292.15,2.82,270.0,0.15483283913862067,0.11082629345835926,-0.055622964907167706,0.4388481453562463,6.0,0.0,19.0,301.22258590600507,301.205,-0.017585906005081142,303.65,292.25,2.5216666666666665,255.66666666666666,0.21197787671258084,0.15538840206103544,0.03778039555489935,0.4793100523932594,6.0,1.0,23.0,300.0682716507809,296.25,-3.8182716507809005,303.65,292.25,2.7,190.0,-0.0013430317435734196,-3.695041538661769,0.4238219440410755,-0.25528043609484996,,,,,,,,,,,,,,,,,,,,,,,,,,,,,,,,,,,,,,,,,,,,,,,,,,,,,,,,,,,,,,,,,,,,,,,,,,,,,,,,,,,,,,,,,,,,,,,,,,
148,0.0,0.0,18.0,301.9032634448529,301.88666666666666,-0.016596778186226402,304.15,297.34999999999997,5.331666666666667,204.83333333333334,0.2618267356165376,0.1435018009460407,-0.03639511298726461,0.497124160436357,0.0,1.0,23.0,299.1146628279346,293.95,-5.164662827934592,304.15,297.34999999999997,3.0,200.0,-0.24455364622434672,-5.094023775663899,0.7464301815143463,-0.9200796787807519,1.0,0.0,19.0,302.6497362043532,302.63,-0.019736204353193898,307.15,289.25,4.185,216.5,0.274215473781382,0.18791908005522373,-0.19616558370659712,0.9026856486740087,1.0,1.0,23.0,299.84625938045303,292.04999999999995,-7.79625938045308,307.15,289.25,3.5,210.0,-0.248476653883543,-7.6822787121733995,0.9135821347055971,-1.1078950996572559,2.0,0.0,19.0,301.4690607008002,301.455,-0.01406070080020072,306.45,288.15,3.21,209.0,0.2824944309149231,0.1752550099373451,-0.223693375489925,0.8691773421411,2.0,1.0,23.0,298.6962869962424,292.04999999999995,-6.646286996242452,306.45,288.15,1.5,190.0,-0.2368028293431479,-6.5565211807680015,0.7902134253761565,-0.955923182888128,3.0,0.0,19.0,302.9735020754845,302.95416666666665,-0.019335408817823918,309.04999999999995,288.15,3.316666666666667,210.83333333333334,0.28599625470552326,0.21308458296341826,-0.16475760178987287,0.9465741622262982,3.0,1.0,23.0,300.7367879018524,295.04999999999995,-5.686787901852426,309.04999999999995,288.15,2.1,170.0,-0.1582041588473544,-5.537508299110101,0.7656596406107875,-0.7351208486673357,4.0,0.0,18.0,301.87540622628103,301.85749999999996,-0.017906226281070303,307.04999999999995,289.25,5.5125,220.0,0.30383199905890024,0.1723416880189319,-0.1244337168930656,0.6914963619837948,4.0,1.0,23.0,298.868905086133,292.15,-6.71890508613302,307.04999999999995,289.25,2.5,180.0,-0.24993483816884066,-6.63596209412033,0.7880749571329441,-0.975256807441653,5.0,0.0,19.0,302.5662838652745,302.56,-0.006283865274497202,307.04999999999995,286.15,1.1,210.0,0.287038959915364,0.20499337492189795,-0.258148825697693,1.0603893742579373,5.0,1.0,23.0,300.4598207050007,294.04999999999995,-6.4098207050007545,307.04999999999995,286.15,0.0,220.0,-0.15427353642874664,-6.27053348403804,0.6895115161734301,-0.6596206456189719,6.0,0.0,19.0,305.71221409375494,305.6833333333333,-0.028880760421657214,311.54999999999995,288.15,1.7833333333333332,220.0,0.31750575471528464,0.25078284414637153,-0.15881865566460363,1.1049113792365546,6.0,1.0,23.0,303.1279558934459,295.15,-7.977955893445937,311.54999999999995,288.15,1.3,190.0,-0.1678599136927943,-7.781647837405984,0.9740813702004706,-0.9687053201386107
149,0.0,0.0,19.0,307.1589220640462,307.1533333333333,-0.0055887307128728025,309.84999999999997,300.54999999999995,5.41,293.1666666666667,0.22682359927134144,0.1507685402740151,-0.024628737088065122,0.4835381630648641,0.0,1.0,23.0,305.2543498832199,299.75,-5.504349883219902,309.84999999999997,300.54999999999995,3.2,300.0,-0.08244612190688372,-5.4161920760162445,0.5824898072749912,-0.6448330868663561,1.0,0.0,19.0,306.81973632345307,306.8125,-0.007236323453071236,309.84999999999997,293.84999999999997,4.9125,300.0,0.2225858043453144,0.1536150496718136,-0.0928622509696595,0.611443131174596,1.0,1.0,23.0,305.3794869255341,300.84999999999997,-4.5294869255341155,309.84999999999997,293.84999999999997,5.6,310.0,-0.04452640169716915,-4.425881890355555,0.5113801390402083,-0.48273206821214387,2.0,0.0,19.0,306.21891246594777,306.2183333333333,-0.0005791326144617415,309.25,292.65,6.060833333333333,307.4166666666667,0.2110407078302643,0.15091685449780812,-0.08105465729885471,0.556249009025791,2.0,1.0,23.0,304.5724509508115,299.75,-4.822450950811515,309.25,292.65,4.7,310.0,-0.07209615192580543,-4.734797935024844,0.5424075216043178,-0.5776825255560709,3.0,0.0,19.0,305.44032017082327,305.42999999999995,-0.01032017082332004,309.25,292.04999999999995,6.4799999999999995,300.0,0.21281228850952516,0.134432615280204,-0.08806562683206683,0.5371388254915956,3.0,1.0,23.0,303.8602057871438,299.65,-4.2102057871438205,309.25,292.04999999999995,6.5,310.0,-0.07164036153314157,-4.129494159982642,0.49758126298992994,-0.5174080394825893,4.0,0.0,19.0,305.8145680564247,305.80583333333334,-0.008734723091379237,308.75,292.15,4.926666666666667,319.0833333333333,0.19693830558222203,0.14482790667126721,-0.03763802968043232,0.5038458236718384,4.0,1.0,23.0,304.56002881715006,300.15,-4.410028817150078,308.75,292.15,4.5,300.0,-0.03712903446603377,-4.309631589044571,0.45362616228879915,-0.40005472664212505,5.0,0.0,19.0,306.81446567076523,306.8033333333333,-0.011132337431945416,310.34999999999997,292.04999999999995,5.39,300.0,0.2439843488719191,0.16409151450662307,-0.10455391082453976,0.6650348768149428,5.0,1.0,23.0,305.3820641698112,301.34999999999997,-4.032064169811235,310.34999999999997,292.04999999999995,5.1,310.0,-0.024743229731527094,-3.917910645025742,0.48335153166850847,-0.38913801709472295,6.0,0.0,20.0,307.18643449933535,307.1833333333333,-0.003101166002068112,310.34999999999997,294.04999999999995,4.476666666666667,300.0,0.20332939449664877,0.16703681336028353,-0.022302695385211752,0.5427016869649037,6.0,1.0,23.0,306.075475080693,303.04999999999995,-3.02547508069307,310.34999999999997,294.04999999999995,5.2,320.0,0.007534172674098727,-2.9046342603906368,0.4142756521458277,-0.2535919524530925
150,0.0,0.0,23.0,298.1939690223422,295.25,-2.9439690223421735,301.04999999999995,295.15,2.5,50.0,-0.25029901182271885,-2.8977647735880794,0.4473449672537934,-0.3775441877248227,1.0,0.0,18.0,301.71819283103963,301.71,-0.008192831039650628,303.15,294.25,2.716666666666667,228.5,0.3536917150263008,0.14115660451312806,0.051590011774853416,0.2381851567734543,1.0,1.0,23.0,299.65373458145496,296.15,-3.503734581454978,303.15,294.25,0.0,250.0,-0.22841173573402784,-3.429557606031949,0.4929210694820654,-0.3707402336694656,2.0,0.0,23.0,300.06202060500766,296.15,-3.912020605007683,304.15,296.15,1.3,60.0,-0.23056751494777927,-3.841716940733974,0.4826136996325611,-0.36583452627414204,3.0,0.0,23.0,300.51706293919057,296.15,-4.367062939190589,305.15,296.15,0.2,100.0,-0.25260653691775303,-4.295358919276296,0.5379113316453328,-0.4552470433918927,4.0,0.0,23.0,299.37521396822063,296.25,-3.125213968220635,302.25,296.15,0.0,130.0,-0.23801590661580008,-3.0788042030744407,0.4224624509884383,-0.33902406186165024,,,,,,,,,,,,,,,,,,,,,,,,,,,,,,,,,,,,,,,,,,,,,,,,,,,,,,,,,,,,,,,,,,,,,,,,,,,,,,,,,,,,,,,,,,,,,,,,,,,,,,,,,,,,,,,,
151,2.0,0.0,19.0,299.5039949801915,299.50166666666667,-0.002328313524856185,304.15,286.45,4.455,320.0,0.2220903181469822,0.224926553285286,0.059777247842599,0.6393271365918878,2.0,1.0,23.0,298.04446020250356,295.95,-2.0944602025035692,304.15,286.45,3.9,280.0,-0.03992586026255651,-1.9435283986644976,0.4378185714873363,-0.0762225074485201,3.0,0.0,19.0,301.30251981336244,301.29999999999995,-0.002519813362482637,305.34999999999997,289.25,3.095833333333333,147.08333333333334,0.22731299757698764,0.21698205847484076,0.14562449916807432,0.46936598069146385,3.0,1.0,23.0,299.6284463522112,296.95,-2.6784463522112105,305.34999999999997,289.25,3.5,330.0,-0.06345826947453759,-2.53506091625529,0.4919519038943842,-0.19114494163666507,,,,,,,,,,,,,,,,,,,,,,,,,,,,,,,,,,,,,,,,,,,,,,,,,,,,,,,,,,,,,,,,,,,,,,,,,,,,,,,,,,,,,,,,,,,,,,,,,,,,,,,,,,,,,,,,,,,,,,,,,,,,,,,,,,,,,,,,,,,,
152,0.0,0.0,18.0,304.6806120042292,304.6766666666666,-0.003945337562583973,308.04999999999995,297.75,6.3,278.6666666666667,0.3182810438655963,0.14144022134040313,-0.03876519094034355,0.3781359086709841,0.0,1.0,23.0,301.9097053475795,295.95,-5.959705347579529,308.04999999999995,297.75,1.3,280.0,-0.523514701509697,-5.923119406664469,0.5533326515552233,-0.41852190489002794,1.0,0.0,18.0,304.7616073562354,304.75,-0.011607356235401767,308.54999999999995,295.45,4.3,293.3333333333333,0.2603759016357259,0.13797288376483152,0.0293600349427597,0.3350468510729172,1.0,1.0,23.0,302.3311508094572,296.95,-5.3811508094572105,308.54999999999995,295.45,2.3,270.0,-0.4915567674593291,-5.330775609179867,0.5108386698691968,-0.3122043625841968,2.0,0.0,18.0,304.1361786800118,304.13,-0.006178680011828419,308.15,293.84999999999997,5.04,272.0,0.1895486062083762,0.1342081980728409,0.003393061246389569,0.3853627397946582,2.0,1.0,23.0,302.1233663863956,297.45,-4.673366386395628,308.15,293.84999999999997,1.3,270.0,-0.4663320683873309,-4.619194573039863,0.44087317882810834,-0.19678277982373515,3.0,0.0,18.0,304.58372998397226,304.5783333333333,-0.005396650638942901,309.75,292.65,5.225,264.8333333333333,0.22435587501570353,0.14854302628363314,0.01623278423085613,0.38664081857115207,3.0,1.0,23.0,302.576500368516,298.65,-3.926500368516031,309.75,292.65,1.5,280.0,-0.4505558354876342,-3.861642870351716,0.44161316944774853,-0.15915145922016904,4.0,0.0,18.0,305.15653085833395,305.1425,-0.014030858333967444,310.34999999999997,294.34999999999997,5.8,270.0,0.301971332577736,0.15105156385331497,-0.03089730320788438,0.4477006055696222,4.0,1.0,23.0,302.80105024438626,298.04999999999995,-4.751050244386306,310.34999999999997,294.34999999999997,2.1,260.0,-0.470509586533467,-4.687948423510619,0.49960062966111235,-0.25405153576056705,5.0,0.0,18.0,304.0470821375359,304.03499999999997,-0.012082137535912807,308.04999999999995,294.54999999999995,3.7058333333333335,289.9166666666667,0.3262860531161067,0.12506689115780034,-0.026706693584652424,0.3109316544655343,5.0,1.0,23.0,301.54468492657145,296.34999999999997,-5.194684926571483,308.04999999999995,294.54999999999995,1.6,290.0,-0.5042535708529243,-5.160839956204441,0.49194872711675924,-0.3337026344553635,6.0,0.0,18.0,302.83596342760507,302.83,-0.005963427605081506,305.95,292.75,5.12,274.0,0.2264653388827753,0.11376775707614684,-0.024486847318864118,0.3170792854333371,6.0,1.0,23.0,300.75242039308455,296.34999999999997,-4.402420393084583,305.95,292.75,0.0,260.0,-0.4928374509587172,-4.371247006603795,0.4322467983320166,-0.2541796077653089
153,0.0,0.0,19.0,302.34489280494114,302.335,-0.009892804941159739,304.15,296.65,3.1950000000000003,205.0,0.2665099768284307,0.1441223747436311,-0.006762818484830291,0.41671033983483596,0.0,1.0,23.0,300.83186784491,296.84999999999997,-3.9818678449100275,304.15,296.65,6.2,350.0,-0.044156231382800115,-3.8741322007770833,0.5417691990710315,-0.5161515497482583,1.0,0.0,20.0,303.9115670250378,303.89666666666665,-0.014900358371164657,306.45,292.04999999999995,0.18666666666666665,320.0,0.2719645448367629,0.17477069054608307,-0.019583268553238515,0.5779883877041243,1.0,1.0,23.0,301.65851498705126,293.34999999999997,-8.308514987051296,306.45,292.04999999999995,0.0,330.0,-0.1148682401544221,-8.183487729876774,0.8650174618498738,-1.0470346757513482,2.0,0.0,19.0,303.9000769032652,303.88916666666665,-0.01091023659853363,307.04999999999995,286.75,4.090833333333333,170.0,0.3009900514624064,0.18389181933555676,-0.012820509311699388,0.5561254123729213,2.0,1.0,23.0,302.1321107623427,297.45,-4.682110762342688,307.04999999999995,286.75,1.9,80.0,-0.03928402070704351,-4.545525554205923,0.6730035796861623,-0.6501112992105078,3.0,0.0,19.0,304.35512266180604,304.3408333333333,-0.014289328472727902,307.04999999999995,289.54999999999995,3.9266666666666667,162.58333333333334,0.29456291008867197,0.17460080009301748,-0.005779250922406239,0.536474166761522,3.0,1.0,23.0,302.8901994072746,299.04999999999995,-3.8401994072746675,307.04999999999995,289.54999999999995,3.1,340.0,0.005591165477383697,-3.7016048063016456,0.5125578258150512,-0.3597775149951161,4.0,0.0,19.0,303.3667142728269,303.35999999999996,-0.006714272826968681,305.84999999999997,289.45,8.469999999999999,150.0,0.2968735455317102,0.15236836860458425,-0.039796394007098,0.46800210093583416,4.0,1.0,23.0,301.62573592294797,296.84999999999997,-4.775735922948002,305.84999999999997,289.45,2.5,170.0,-0.05699793150270693,-4.668800353080073,0.5990784526314551,-0.6241255113916111,5.0,0.0,18.0,297.9270355471747,297.89916666666664,-0.02786888050803782,299.25,289.25,4.9825,321.9166666666667,0.2244777263355502,0.01631516054898441,-0.13805297267340677,0.22061555446430248,6.0,0.0,19.0,297.6961470118406,297.69416666666666,-0.0019803451739335287,299.25,287.54999999999995,2.985,160.16666666666666,0.20435722577934712,0.08096177897674295,-0.07623783158513693,0.2777653487610934,,,,,,,,,,,,,,,,,,,,,,,,,,,,
154,0.0,0.0,18.0,302.7799407801498,302.775,-0.004940780149809143,305.34999999999997,298.34999999999997,7.1,307.5,0.33100576037489304,0.16200448255725064,-0.03608711792316418,0.46153459398588836,0.0,1.0,23.0,300.3834670435366,295.25,-5.133467043536598,305.34999999999997,298.34999999999997,6.7,300.0,-0.13931021017013734,-5.043213924259462,0.6714203395114614,-0.7666886180221582,1.0,0.0,20.0,301.6521553176775,301.6375,-0.014655317677522817,304.15,290.95,3.625,338.75,0.1931751315837289,0.1369894270293912,-0.02702956984120893,0.48071802343024217,1.0,1.0,23.0,300.3806941343403,296.84999999999997,-3.530694134340308,304.15,290.95,6.2,350.0,-0.08146276471059366,-3.4219735005160175,0.4924250181897965,-0.41955759112060775,2.0,0.0,20.0,303.59512378682587,303.5875,-0.007623786825888601,306.45,292.04999999999995,0.2625,320.0,0.2445630185910943,0.1863505583563665,-0.045294087550596863,0.6579470021353018,2.0,1.0,23.0,301.44195168301417,293.34999999999997,-8.091951683014202,306.45,292.04999999999995,0.0,330.0,-0.16231057856482778,-7.957805785987333,0.8592910543541971,-1.0052308240890824,3.0,0.0,19.0,303.57646023447376,303.56333333333333,-0.013126901140424252,307.04999999999995,286.75,3.726666666666667,170.0,0.25727010944164874,0.1872698380601463,-0.010182869381177776,0.5985026994214735,3.0,1.0,23.0,301.90385211069173,297.45,-4.4538521106917415,307.04999999999995,286.75,1.9,80.0,-0.08146878765396082,-4.309579809195299,0.6648988165105104,-0.6008418591813438,4.0,0.0,19.0,304.042095388923,304.03999999999996,-0.0020953889230099776,307.04999999999995,289.54999999999995,3.42,161.0,0.25591185138591754,0.19299970281336698,-0.010215864132608962,0.5895706970759846,4.0,1.0,23.0,302.6577029032475,299.04999999999995,-3.6077029032475707,307.04999999999995,289.54999999999995,3.1,340.0,-0.032976753457248265,-3.4628721118236427,0.5038145702957024,-0.30669397101786444,5.0,0.0,19.0,303.063502947006,303.06,-0.0035029470059839696,305.84999999999997,289.45,8.37,150.0,0.2571311397233842,0.16215366347501003,-0.04178164144675615,0.5208889529423857,5.0,1.0,23.0,301.40719344774703,296.84999999999997,-4.557193447747068,305.84999999999997,289.45,2.5,170.0,-0.09910376504205942,-4.4434744158469215,0.5929568124596566,-0.5778693320702217,6.0,0.0,18.0,297.6638853719032,297.6483333333333,-0.01555203856986509,299.25,289.25,4.965,303.8333333333333,0.19621216929101593,0.032603361881157866,-0.15587695916501332,0.2897238935604918,,,,,,,,,,,,,,
155,0.0,0.0,19.0,309.85259743568616,309.835,-0.017597435686184326,312.95,305.04999999999995,8.635,327.8333333333333,0.13225913487272578,0.16223001539952975,-0.05834728404781705,0.702077931579268,0.0,1.0,23.0,307.8437640509657,302.45,-5.3937640509657285,312.95,305.04999999999995,3.0,270.0,-0.3891846058815531,-5.221976094472268,0.6741384410833954,-0.5329007958759178,1.0,0.0,19.0,308.6676836364773,308.64666666666665,-0.021016969810659702,312.54999999999995,294.95,6.019166666666667,320.0,0.13940968142799193,0.1476102932056591,-0.09592062074897474,0.6842936688553181,1.0,1.0,23.0,306.613010692705,301.25,-5.363010692705018,312.54999999999995,294.95,3.2,310.0,-0.4178409097337408,-5.209480296790559,0.6718515697817841,-0.5930855541803766,2.0,0.0,19.0,308.76452586809785,308.76416666666665,-0.0003592014311948333,313.65,293.45,7.556666666666667,316.5833333333333,0.13652935566280178,0.18518320479749661,-0.08320758982947041,0.7284979526901054,2.0,1.0,23.0,307.1165706061606,303.54999999999995,-3.566570606160667,313.65,293.45,5.5,320.0,-0.34079708176376755,-3.4020217332961096,0.5606666347640044,-0.3231384163656372,3.0,0.0,19.0,309.90405976568985,309.9,-0.004059765689873984,314.25,295.54999999999995,9.1625,320.0,0.20987385818476412,0.19979115206321296,-0.08645003525168704,0.7650513322322894,3.0,1.0,23.0,308.25676953657074,304.75,-3.5067695365707436,314.25,295.54999999999995,5.9,310.0,-0.30733800976550185,-3.3265493309189225,0.5374951934381235,-0.22305174005913386,4.0,0.0,19.0,309.97679458162753,309.9625,-0.014294581627552816,314.25,295.45,5.3625,339.1666666666667,0.18788941477082233,0.18263439704446682,-0.05621939922654443,0.6923858629465656,4.0,1.0,23.0,308.0843130517747,302.84999999999997,-5.234313051774734,314.25,295.45,4.4,320.0,-0.36620059203158917,-5.054012625952566,0.6329049828413105,-0.4340069077094313,5.0,0.0,18.0,308.6257939623313,308.61499999999995,-0.010793962331320017,312.25,296.25,8.7875,319.25,0.19904616565541744,0.14909706454706395,-0.12719683713629593,0.679234973949491,5.0,1.0,23.0,306.6137684581346,302.95,-3.663768458134598,312.25,296.25,5.0,320.0,-0.3959501860445016,-3.5212941836851996,0.6314540130631769,-0.5192390263003688,6.0,0.0,19.0,308.23315568658916,308.2133333333333,-0.019822353255847247,311.54999999999995,296.45,7.941666666666666,320.0,0.1352022367183423,0.13691671606500222,-0.1269295928188446,0.7162143313494624,6.0,1.0,23.0,306.6365752329741,303.04999999999995,-3.5865752329741554,311.54999999999995,296.45,6.1,310.0,-0.3577692149708156,-3.4400809565763666,0.5327878138412245,-0.33626277230577273
156,0.0,0.0,17.0,303.8213259689655,303.81333333333333,-0.007992635632149359,305.25,296.95,6.173333333333334,280.0,0.7510099736390714,0.14666980713765554,-0.11608028103431896,0.2337844043135675,0.0,1.0,23.0,301.7404881413513,297.04999999999995,-4.690488141351352,305.25,296.95,3.1,250.0,-0.10865718068470187,-4.589724954677436,0.5258799736861306,-0.40328174367853364,1.0,0.0,18.0,305.08113057058387,305.07,-0.011130570583873123,308.15,291.15,5.6866666666666665,280.0,0.5679783748205978,0.17696481706886402,-0.04879417792480941,0.3833273447418577,1.0,1.0,23.0,302.9668176984826,297.25,-5.7168176984826005,308.15,291.15,1.8,280.0,-0.10966253710111573,-5.593559677312015,0.6119597845507911,-0.47141151034109896,2.0,0.0,23.0,300.6124661874982,294.65,-5.962466187498251,304.95,291.15,2.6,270.0,-0.18332515361402102,-5.901904967666198,0.5982555292789252,-0.6416579643336178,3.0,0.0,18.0,305.0218480688849,305.0133333333333,-0.00851473555155735,307.65,289.15,4.57,272.3333333333333,0.5296241745431587,0.18203298947028657,-0.028454948177781603,0.3931584376432369,3.0,1.0,23.0,303.24275473557714,298.45,-4.792754735577148,307.65,289.15,2.4,270.0,-0.06942107002846853,-4.660183927051534,0.5292414700557563,-0.31854645764232714,4.0,0.0,23.0,301.8115318064872,295.65,-6.161531806487233,308.15,291.15,3.9,280.0,-0.17079328469878874,-6.0828935314404475,0.646394282491201,-0.6563825663870375,5.0,0.0,23.0,299.72857240737443,294.15,-5.578572407374452,303.95,290.15,3.1,280.0,-0.18498550510373946,-5.531708667968601,0.5419035653165641,-0.6018962921850743,6.0,0.0,17.0,302.48201562271186,302.47999999999996,-0.0020156227118945935,304.95,288.15,5.8175,280.0,0.806217182158349,0.1347951585725724,-0.21744881846424371,0.2641669437991965,6.0,1.0,23.0,299.5711715440313,292.34999999999997,-7.2211715440313355,304.95,288.15,3.7,250.0,-0.21845846868177432,-7.166197893548485,0.6958020390012317,-0.8131151447110767,,,,,,,,,,,,,,,,,,,,,,,,,,,,,,,,,,,,,,,,,,
157,0.0,0.0,18.0,301.0680903258282,301.05833333333334,-0.009756992494885708,303.15,297.34999999999997,2.4875,280.0,0.4362703863694719,0.15635067828290516,0.0012824192295965986,0.3161112430609876,0.0,1.0,23.0,298.49737570094874,293.65,-4.84737570094876,303.15,297.34999999999997,1.5,290.0,-0.2909226378527592,-4.776872690144515,0.5380488923132324,-0.40586189656043814,1.0,0.0,18.0,299.806049984365,299.80249999999995,-0.003549984365065484,301.34999999999997,292.45,2.2641666666666667,271.8333333333333,0.3877691448433609,0.1306375246933129,0.007109375636735156,0.21199538622923342,1.0,1.0,23.0,297.3652757552374,292.54999999999995,-4.815275755237451,301.34999999999997,292.45,0.0,280.0,-0.3147499287168216,-4.769408048426044,0.5006227782139803,-0.4295083548598626,3.0,0.0,17.0,298.657049173576,298.65666666666664,-0.0003825069093750244,299.75,291.45,2.5533333333333332,100.0,0.4949569666092657,0.12155230680436091,-0.041569447767940915,0.15407505629120521,5.0,0.0,17.0,298.7317998689464,298.72499999999997,-0.006799868946416154,300.34999999999997,292.54999999999995,5.3325000000000005,310.0,0.553708706886141,0.1185485016437724,-0.07475901139575096,0.1790465599697768,6.0,0.0,18.0,299.6274443219701,299.61249999999995,-0.014944321970119745,302.15,292.04999999999995,2.8958333333333335,282.0833333333333,0.37826814978457435,0.13400282760289883,-0.04848396489708762,0.3630570126138366,6.0,1.0,23.0,297.4508375523558,293.04999999999995,-4.400837552355824,302.15,292.04999999999995,1.3,300.0,-0.283160803927089,-4.338318145559128,0.4730827320518358,-0.3378097880592179,,,,,,,,,,,,,,,,,,,,,,,,,,,,,,,,,,,,,,,,,,,,,,,,,,,,,,,,,,,,,,,,,,,,,,,,,,,,,,,,,,,,
158,0.0,0.0,19.0,308.1720279222346,308.16999999999996,-0.002027922234617563,310.95,303.45,5.0,293.0,0.1429618257662355,0.18796230802568914,0.05447590921039117,0.5617041463473385,0.0,1.0,23.0,306.5370751638494,302.15,-4.387075163849431,310.95,303.45,2.6,310.0,-0.1696830434644454,-4.265242607861353,0.44842786770170545,-0.1549116187017887,1.0,0.0,19.0,309.4808090786367,309.47666666666663,-0.004142411970065041,313.65,295.95,7.534999999999999,320.0,0.18402223875611412,0.2021412234510791,0.0514621424938421,0.5900939389654809,1.0,1.0,23.0,307.88355565807575,305.15,-2.7335556580757725,313.65,295.95,2.9,290.0,-0.1399583931003292,-2.597979939978188,0.4327335981438078,-0.07595191431151704,3.0,0.0,19.0,310.76918085700925,310.765,-0.004180857009259853,314.15,297.15,5.5625,303.5,0.14410916755461756,0.18971040653764248,0.1100832274711981,0.4863625603535695,3.0,1.0,23.0,308.54370645963485,302.34999999999997,-6.193706459634882,314.15,297.15,4.1,40.0,-0.22231217061757036,-6.080116338322483,0.6177958960802622,-0.4605579973442815,4.0,0.0,17.0,308.80726665644306,308.8033333333333,-0.00393332310977712,312.54999999999995,296.04999999999995,8.846666666666668,320.0,0.31616326913339776,0.16064501583724677,-0.008776457561774956,0.4069403155635598,4.0,1.0,23.0,305.6463747914885,300.15,-5.496374791488506,312.54999999999995,296.04999999999995,5.8,310.0,-0.28413380719115366,-5.444655671569677,0.5642119602273302,-0.5550350194245937,,,,,,,,,,,,,,,,,,,,,,,,,,,,,,,,,,,,,,,,,,,,,,,,,,,,,,,,,,,,,,,,,,,,,,,,,,,,,,,,,,,,
159,0.0,0.0,19.0,308.71517512267576,308.7108333333333,-0.004341789342447555,312.54999999999995,302.75,6.571666666666666,300.0,0.2572261405428975,0.20064698826733718,-0.08373049024081543,0.7539399653631165,0.0,1.0,23.0,306.7685279980391,300.75,-6.018527998039076,312.54999999999995,302.75,5.0,320.0,-0.3150926309395743,-5.817470306487621,0.738076213906704,-0.6024111054432524,2.0,0.0,20.0,308.28540925608525,308.275,-0.01040925608526777,311.45,298.25,0.23,280.0,0.15611466420459408,0.18456822192322875,-0.07401485973716622,0.7658383562163635,2.0,1.0,23.0,306.313340945763,299.15,-7.163340945763025,311.45,298.25,2.9,160.0,-0.36984700667044024,-6.949314737983187,0.8671433818415769,-0.8594731583849438,3.0,0.0,18.0,304.3393013554117,304.33,-0.009301355411707846,308.65,290.54999999999995,7.333333333333333,150.0,0.28520925454346013,0.10620376131022624,-0.15548128094786287,0.46743458142772454,3.0,1.0,23.0,302.64119174255364,297.45,-5.191191742553656,308.65,290.54999999999995,2.8,190.0,-0.3512862688729115,-5.088931366387143,0.5611841780121125,-0.599149776753805,4.0,0.0,20.0,303.3279124551487,303.315,-0.01291245514869388,307.54999999999995,290.34999999999997,4.45,141.0,0.10884197935740758,0.11420980797437608,-0.18309579549235858,0.6681637056650231,4.0,1.0,23.0,302.1328149648256,297.54999999999995,-4.582814964825673,307.54999999999995,290.34999999999997,1.9,190.0,-0.2992532353950992,-4.459600700898619,0.48206655349472766,-0.4095760782868467,5.0,0.0,19.0,306.4094277941405,306.405,-0.004427794140553942,311.45,292.04999999999995,4.137499999999999,150.75,0.2432632137803381,0.19851991190752472,-0.23440413433498955,1.0039125672532379,5.0,1.0,23.0,304.85806710090014,299.65,-5.208067100900166,311.45,292.04999999999995,0.0,120.0,-0.25888892933542706,-5.003330696989181,0.6569276063604453,-0.46589750309320266,,,,,,,,,,,,,,,,,,,,,,,,,,,,,,,,,,,,,,,,,,,,,,,,,,,,,,,,
160,0.0,0.0,18.0,302.53426696146596,302.5233333333333,-0.010933628132647755,303.75,294.45,4.946666666666666,306.0,0.2736881230481032,0.08912013978216748,-0.08412856260439601,0.32891767079814827,0.0,1.0,23.0,300.98464833780235,296.25,-4.734648337802355,303.75,294.45,6.8,320.0,-0.12092214556614067,-4.665314589872594,0.49799438997618495,-0.6032121178783569,1.0,0.0,20.0,302.545860570541,302.5333333333333,-0.0125272372076779,305.34999999999997,289.95,4.6,300.0,0.19488959816085583,0.12734596043554802,-0.07374736314205659,0.5030897851357139,1.0,1.0,23.0,301.5882447858932,296.95,-4.638244785893221,305.34999999999997,289.95,6.2,300.0,-0.05126132523551519,-4.525281521825249,0.41659375804711846,-0.3504752409275085,2.0,0.0,19.0,303.95444345504563,303.945,-0.009443455045641258,307.54999999999995,289.95,5.5525,307.75,0.27849708648555804,0.1672464495275392,-0.1138866734695038,0.6558266788958349,2.0,1.0,23.0,302.58287944579956,297.95,-4.632879445799574,307.54999999999995,289.95,8.5,310.0,-0.050346961446393834,-4.496276577436916,0.538763071532685,-0.4602881360830793,3.0,0.0,20.0,303.3676489842795,303.36249999999995,-0.005148984279571778,306.45,290.95,4.716666666666667,299.1666666666667,0.21849428685874273,0.1514667702885788,-0.06936365135946687,0.5507087611360646,3.0,1.0,23.0,302.34612363037843,299.15,-3.1961236303784517,306.45,290.95,5.0,310.0,-0.02810497084917074,-3.0711159871099767,0.42166122127221684,-0.28373392763516847,4.0,0.0,19.0,306.2362903665401,306.2333333333333,-0.002957033206826054,309.84999999999997,293.75,4.245833333333334,300.0,0.3197056043309203,0.2041601635664847,-0.038089812023476576,0.6303751321600544,4.0,1.0,23.0,304.97093304364546,301.15,-3.820933043645482,309.84999999999997,293.75,3.1,310.0,0.003442588300927696,-3.6540472887867423,0.49062917545705886,-0.2625091982449277,5.0,0.0,19.0,307.12647522768236,307.1083333333333,-0.018141894349071208,309.84999999999997,293.75,4.816666666666667,290.0,0.2964890895725887,0.18503357898597983,-0.0032250176592943567,0.5935603776737963,5.0,1.0,23.0,305.5486136849016,300.84999999999997,-4.698613684901659,309.84999999999997,293.75,4.2,290.0,-0.03534594808284908,-4.535965258091309,0.6049240447990059,-0.4761362440269181,6.0,0.0,19.0,306.7636730401999,306.75,-0.01367304019987614,309.84999999999997,293.84999999999997,5.3,295.0,0.29539463771354235,0.1746570200997155,-0.055641002768723524,0.6071274468174153,6.0,1.0,23.0,305.12455631860564,299.75,-5.3745563186056415,309.84999999999997,293.84999999999997,3.2,300.0,-0.05772318342361871,-5.2266092349708515,0.6124577216821242,-0.5524067873373895
161,0.0,0.0,19.0,305.98501154781525,305.97166666666664,-0.013344881148611876,307.54999999999995,298.95,5.903333333333333,300.0,0.26300774517207515,0.14098906986917825,0.009443172073327824,0.402235605976216,0.0,1.0,23.0,304.7518603846116,299.75,-5.001860384611575,307.54999999999995,298.95,5.7,300.0,-0.12863527378145534,-4.872419641213099,0.4732357441734744,-0.3164408671508596,1.0,0.0,23.0,299.4122120864645,295.84999999999997,-3.5622120864645126,303.45,290.54999999999995,6.1,310.0,-0.19850921082583284,-3.56050026466076,0.3384723154307115,-0.5002403522488663,2.0,0.0,20.0,299.27328025585916,299.27166666666665,-0.001613589192515974,300.84999999999997,292.65,4.383333333333334,312.6666666666667,-0.028182992658301487,0.03375791362608993,-0.010687420779622888,0.1700406727483994,2.0,1.0,23.0,298.8792896168003,296.95,-1.929289616800304,300.84999999999997,292.65,4.0,310.0,-0.1353802911726234,-1.9011375062891602,0.1709419434148458,-0.14942048741650638,3.0,0.0,19.0,304.37807368654296,304.37666666666667,-0.0014070198762965447,307.04999999999995,293.75,5.670833333333333,318.5833333333333,0.25278656962258594,0.17070935990821567,-0.039228727427636535,0.5397024512949002,3.0,1.0,23.0,303.4153189601078,299.75,-3.665318960107811,307.04999999999995,293.75,5.2,300.0,-0.07759398183019073,-3.522672948167582,0.4154750362014947,-0.17821049418830626,4.0,0.0,20.0,306.2435836660609,306.2366666666666,-0.006916999394263712,309.25,293.25,5.490833333333334,300.0,0.2560141561468754,0.1879930857754033,-0.0184953747919252,0.5933396216278908,4.0,1.0,23.0,305.2171278522478,301.34999999999997,-3.8671278522478474,309.25,293.25,6.6,310.0,-0.06579596415703293,-3.7016934213716866,0.4542273663777981,-0.16618866838989277,,,,,,,,,,,,,,,,,,,,,,,,,,,,,,,,,,,,,,,,,,,,,,,,,,,,,,,,,,,,,,,,,,,,,,
162,0.0,0.0,17.0,305.0198592127937,305.0183333333333,-0.001525879460359647,309.04999999999995,304.34999999999997,10.4075,230.0,0.4552007386842689,0.21875177496235665,-0.037693393348845916,0.5791437535404071,0.0,1.0,23.0,301.6117832927115,297.04999999999995,-4.561783292711539,309.04999999999995,304.34999999999997,1.6,310.0,-0.1969110473737743,-4.436420517544846,0.8530501473666922,-0.979073816549132,1.0,0.0,18.0,299.34520831661837,299.3383333333333,-0.0068749832850585335,300.95,288.45,8.979999999999999,221.83333333333334,0.26280799941665123,0.07610254098410962,-0.1011391764696062,0.2825980268566042,1.0,1.0,23.0,297.3860923489084,295.04999999999995,-2.336092348908437,300.95,288.45,3.5,240.0,-0.2000007412843985,-2.3036466481946007,0.4884086172670739,-0.6406136934383682,2.0,0.0,18.0,303.7690952884717,303.765,-0.00409528847171714,308.04999999999995,290.84999999999997,9.865833333333333,223.58333333333334,0.2437543886893394,0.20853864715184045,0.10116216156414264,0.4633387221231544,2.0,1.0,23.0,301.8583372168954,298.04999999999995,-3.8083372168954384,308.04999999999995,290.84999999999997,1.3,70.0,-0.10604625211971097,-3.6557515514356425,0.6289879564998321,-0.5371315070067055,3.0,0.0,17.0,303.4658020618807,303.46416666666664,-0.0016353952140661931,305.84999999999997,292.34999999999997,10.87,230.0,0.42269886672364976,0.1706357061183752,-0.04379569710308336,0.4375693210906775,3.0,1.0,23.0,300.5371829154834,295.95,-4.5871829154834245,305.84999999999997,292.34999999999997,6.9,230.0,-0.18532522602619395,-4.492499295934053,0.685334796641385,-0.8024601862996832,4.0,0.0,17.0,303.02957626761656,303.025,-0.004576267616585028,305.95,290.65,9.015,300.0,0.3881175120719007,0.16707635538934085,-0.07135984284182939,0.4812368016586248,4.0,1.0,23.0,300.06516857289773,294.15,-5.915168572897755,305.95,290.65,3.3,280.0,-0.2286829049492951,-5.82023323253371,0.7832829013204569,-0.9923705284702606,5.0,0.0,18.0,302.3388949078964,302.33666666666664,-0.0022282412297727205,306.34999999999997,285.84999999999997,7.16,269.3333333333333,0.32446260634398527,0.17137607435039115,-0.12151796409441336,0.6359444448162606,5.0,1.0,23.0,299.5212968167922,293.04999999999995,-6.471296816792233,306.34999999999997,285.84999999999997,4.7,280.0,-0.24068039703956856,-6.363558362330565,0.8722720627845794,-1.1328594788655977,6.0,0.0,17.0,301.03747042057694,301.03666666666663,-0.0008037539103042945,304.15,288.54999999999995,9.683333333333332,240.0,0.3979093120361341,0.1417030129613579,-0.10129593989662074,0.40952247278123366,6.0,1.0,23.0,298.46529445771046,294.15,-4.315294457710479,304.15,288.54999999999995,6.3,220.0,-0.20991698671092252,-4.243983913592459,0.6383461870839918,-0.8044806257881163
163,6.0,0.0,18.0,310.6457844103278,310.6408333333333,-0.004951076994473169,313.04999999999995,297.65,8.728333333333333,320.0,0.4167438256920377,0.11180549025283426,-0.04555870300088335,0.20579703427851825,6.0,1.0,23.0,308.581379397318,302.04999999999995,-6.531379397318062,313.04999999999995,297.65,6.8,310.0,-0.48100795784546335,-6.461337727889571,0.48984490251480395,-0.28458767560024967,,,,,,,,,,,,,,,,,,,,,,,,,,,,,,,,,,,,,,,,,,,,,,,,,,,,,,,,,,,,,,,,,,,,,,,,,,,,,,,,,,,,,,,,,,,,,,,,,,,,,,,,,,,,,,,,,,,,,,,,,,,,,,,,,,,,,,,,,,,,,,,,,,,,,,,,,,,,,,,,,,,,,,,,
164,0.0,0.0,17.0,298.2210806307809,298.21999999999997,-0.0010806307809048121,299.15,296.54999999999995,2.84,215.75,0.48515624120909706,0.15572266088922504,0.009276507291673397,0.24349069900448228,1.0,0.0,17.0,299.21673163386515,299.21,-0.006731633865172171,301.04999999999995,293.75,3.23,230.0,0.5474063360505568,0.15833911464187622,-0.03095966414522877,0.30006811225305796,1.0,1.0,23.0,297.197673593285,295.15,-2.047673593285026,301.04999999999995,293.75,0.2,110.0,-0.14803199097293884,-1.9394752800266701,0.4579049086432718,-0.25946717196276836,,,,,,,,,,,,,,,,,,,,,,,,,,,,,,,,,,,,,,,,,,,,,,,,,,,,,,,,,,,,,,,,,,,,,,,,,,,,,,,,,,,,,,,,,,,,,,,,,,,,,,,,,,,,,,,,,,,,,,,,,,,,,,,,,,,,,,,,,,,,,,,,,,,,,,,,,,
165,0.0,0.0,17.0,302.1294070722739,302.1166666666666,-0.012740405607303273,303.84999999999997,298.95,3.4,190.0,0.5039407094793802,0.1423421520208592,-0.08531203122009856,0.3886503634516174,0.0,1.0,23.0,298.8154293175254,292.45,-6.365429317525411,303.84999999999997,298.95,0.2,160.0,-0.2620883167812451,-6.293321723177229,0.8193278734155646,-1.0579010125701984,2.0,0.0,23.0,298.13841659141747,295.25,-2.8884165914174673,303.15,292.04999999999995,0.0,210.0,-0.1573167218801359,-2.8174139541172423,0.5242301487457866,-0.5303643107373546,3.0,0.0,18.0,302.43102833737487,302.43083333333334,-0.00019500404152950068,304.25,293.75,2.6708333333333334,229.5,0.35531597889315947,0.17807403591918103,0.0024959802749530504,0.448766393701689,3.0,1.0,23.0,300.60827485886165,296.45,-4.15827485886166,304.25,293.75,0.2,180.0,-0.11912942851562036,-4.030599746602391,0.5695853632861372,-0.46582548213577013,4.0,0.0,18.0,303.4928684315001,303.4866666666666,-0.00620176483346313,305.95,295.34999999999997,1.965,271.1666666666667,0.41223657833882044,0.18053511648594167,0.03938098510879703,0.3565552488009729,4.0,1.0,23.0,301.0177438935347,295.95,-5.067743893534725,305.95,295.34999999999997,2.0,230.0,-0.16475086772605607,-4.950697322522842,0.6805558282574017,-0.679626806401231,5.0,0.0,17.0,302.64165770256466,302.64,-0.0016577025646711263,305.15,294.34999999999997,2.2766666666666664,270.0,0.526320624643489,0.15420477294895818,-0.12083709968568712,0.41510607698494084,5.0,1.0,23.0,300.10523594084043,295.25,-4.85523594084043,305.15,294.34999999999997,2.7,180.0,-0.19051655483815466,-4.764333987801848,0.6532248266075508,-0.7196833109512966,6.0,0.0,23.0,297.6168975802425,293.65,-3.9668975802425166,301.45,292.65,0.2,180.0,-0.20393496181695525,-3.9298111108783047,0.4871177185035407,-0.603765640929609,,,,,,,,,,,,,,,,,,,,,,,,,,,,,,,,,,,,,,,,,,,,,,,,,,,,,,,,
166,0.0,0.0,18.0,308.9626787651997,308.90999999999997,-0.05267876519974379,315.34999999999997,305.15,4.819999999999999,247.0,0.7086066350942275,0.31985505942091663,-0.3303629334262392,1.5826357067559513,0.0,1.0,23.0,303.8484350544825,293.65,-10.198435054482502,315.34999999999997,305.15,3.1,190.0,-0.18913379277894649,-9.913029659992958,1.5391015075861627,-1.7374870837208363,3.0,0.0,19.0,298.1723344094172,298.16166666666663,-0.010667742750570142,301.34999999999997,285.95,2.7275,198.58333333333334,0.2432275311961405,0.17467819289801412,-0.09476917384474366,0.6969863575043433,4.0,0.0,18.0,299.83755452539503,299.825,-0.012554525395046312,303.15,287.04999999999995,6.620833333333333,222.08333333333334,0.4485148030714896,0.1922997321034643,-0.11555507667637244,0.6543809312255746,4.0,1.0,23.0,297.2094590823099,290.25,-6.959459082309877,303.15,287.04999999999995,2.6,220.0,-0.17194385314432736,-6.804945222281077,0.8919409592009373,-1.0514315628855542,5.0,0.0,20.0,300.03224064413496,300.00666666666666,-0.025573977468297926,303.15,283.95,2.52,272.6666666666667,0.2971930333747821,0.18816004760417115,-0.09252898158522764,0.7748013807428151,5.0,1.0,23.0,298.46411826480073,291.95,-6.514118264800743,303.15,283.95,3.0,250.0,-0.08318712019770658,-6.319275328897774,0.7231895317565508,-0.6698773691665991,6.0,0.0,19.0,301.58519683020677,301.565,-0.02019683020677121,304.75,289.15,2.79,249.0,0.3385977817952437,0.19806291115068575,-0.04619458429422233,0.7236438758583006,6.0,1.0,23.0,299.5572226764559,292.95,-6.607222676455933,304.75,289.15,3.5,220.0,-0.10839655933249048,-6.415497618536179,0.816113470767983,-0.8141197002087637,,,,,,,,,,,,,,,,,,,,,,,,,,,,,,,,,,,,,,,,,,,,,,,,,,,,,,,,,,,,,,,,,,,,,,
167,0.0,0.0,19.0,306.7209062397221,306.7,-0.020906239722137343,310.34999999999997,303.45,4.5,170.0,0.32652280932340716,0.23970790775710782,0.03377681486555654,0.7460668009946403,0.0,1.0,23.0,304.0908419695421,297.25,-6.840841969542112,310.34999999999997,303.45,2.3,300.0,-0.1366989755651673,-6.682050293471633,0.8348829011643915,-0.7296919078674335,1.0,0.0,19.0,303.2486946034783,303.2383333333333,-0.01036127014504018,305.95,290.25,7.2,151.83333333333334,0.21063161521709617,0.1552023781883065,0.0318488713892909,0.44014983270726304,1.0,1.0,23.0,301.4044057661695,295.75,-5.654405766169475,305.95,290.25,6.1,180.0,-0.15221656636127534,-5.559573970368888,0.561060973533742,-0.5122898375721974,4.0,0.0,19.0,299.4031549889572,299.3908333333333,-0.01232165562390719,302.54999999999995,285.65,4.423333333333333,168.08333333333334,0.20885790940835136,0.15044879140639011,-0.06992778372741763,0.5855858221948438,4.0,1.0,23.0,297.8866819703728,293.04999999999995,-4.836681970372865,302.54999999999995,285.65,1.4,150.0,-0.13745409999054914,-4.743756338336752,0.5156163893318203,-0.4455654790390895,5.0,0.0,19.0,302.62552620078424,302.6133333333333,-0.012192867450949052,306.45,287.75,3.925,160.0,0.2858617134078685,0.20723364353807483,-0.07495046483155458,0.7711592408503805,5.0,1.0,23.0,300.69149223241567,296.04999999999995,-4.641492232415715,306.45,287.75,0.2,280.0,-0.1111655983231401,-4.507760546560448,0.6290692490470585,-0.4727281807724779,6.0,0.0,19.0,302.94137721941723,302.92999999999995,-0.011377219417283868,306.45,289.84999999999997,4.098333333333334,195.83333333333334,0.23985674377163946,0.18590430746397146,0.012386406897936316,0.5840254261834872,6.0,1.0,23.0,301.2660309870495,297.54999999999995,-3.716030987049521,306.45,289.84999999999997,3.0,100.0,-0.10542999995961111,-3.5895441274571738,0.5722476489967269,-0.4059854474306803,,,,,,,,,,,,,,,,,,,,,,,,,,,,,,,,,,,,,,,,,,,,,,,,,,,,,,,,
168,0.0,0.0,18.0,301.23508287886136,301.22999999999996,-0.005082878861401241,303.15,300.54999999999995,2.316666666666667,240.5,0.22488133349710893,0.15104262468815932,0.078807924582037,0.32583406391408687,0.0,1.0,23.0,299.251305437301,296.15,-3.1013054373010505,303.15,300.54999999999995,0.0,250.0,-0.21921771773025966,-3.0267455320114607,0.473808942947457,-0.3267360728229818,1.0,0.0,18.0,301.82711928911397,301.82,-0.007119289113973082,304.15,296.15,3.3466666666666667,266.1666666666667,0.26593756689884174,0.14329267569513604,0.09490600167492384,0.2424080277733367,1.0,1.0,23.0,299.6743777396508,296.15,-3.524377739650845,304.15,296.15,1.3,60.0,-0.22680840717450224,-3.4588343036516136,0.4557696454640687,-0.32792665084122063,2.0,0.0,17.0,302.76742400721963,302.76,-0.007424007219640316,305.15,296.15,2.879166666666667,270.0,0.4007851381274321,0.16124732168479738,-0.013213033161733279,0.37481061775152114,2.0,1.0,23.0,300.14302239912,296.15,-3.9930223991200364,305.15,296.15,0.2,100.0,-0.2515984317675475,-3.9293256176323865,0.5139789446569409,-0.431419504323415,3.0,0.0,17.0,301.23754876945156,301.2333333333333,-0.004215436118272464,302.25,296.15,3.3366666666666664,250.0,0.3104718828649027,0.12065771047278417,0.020928465820451454,0.21960680828732393,3.0,1.0,23.0,298.99749675046144,296.25,-2.747496750461437,302.25,296.15,0.0,130.0,-0.2368997468637133,-2.707502836598053,0.3883120405368648,-0.2962782318306125,,,,,,,,,,,,,,,,,,,,,,,,,,,,,,,,,,,,,,,,,,,,,,,,,,,,,,,,,,,,,,,,,,,,,,,,,,,,,,,,,,,,
169,3.0,0.0,19.0,299.25831564375653,299.24666666666667,-0.011648977089862456,301.45,287.65,3.1108333333333333,165.66666666666666,0.33660938801864404,0.16549592269957714,-0.031695486484802395,0.5009307365891829,3.0,1.0,23.0,297.3449921897493,293.04999999999995,-4.294992189749337,301.45,287.65,2.5,140.0,-0.04716027527092592,-4.17831667256408,0.6021862592596866,-0.5981966473880647,4.0,0.0,18.0,301.42223011263565,301.41999999999996,-0.0022301126356865097,304.75,289.84999999999997,3.8766666666666665,147.91666666666666,0.41651528959589257,0.20040254355355103,0.030053872956860534,0.44374273995751423,4.0,1.0,23.0,299.56947220419687,296.34999999999997,-3.2194722041969044,304.75,289.84999999999997,1.5,130.0,0.00019494710780065816,-3.076933068832517,0.5574290799186485,-0.42191638264296216,5.0,0.0,18.0,302.572569306274,302.5625,-0.010069306273976508,305.25,291.04999999999995,3.8125,166.25,0.4241054166028846,0.19270670627784625,0.022212760104262468,0.44968787521847275,5.0,1.0,23.0,300.23880228149983,295.15,-5.088802281499852,305.25,291.04999999999995,1.7,80.0,-0.049299094827773615,-4.951426198473982,0.6927657838006193,-0.6926042038013804,6.0,0.0,17.0,300.87687469551963,300.87,-0.006874695519627494,303.65,289.34999999999997,4.109999999999999,170.0,0.42731903951182915,0.1527520406888101,-0.06521273861287587,0.4008323240371112,6.0,1.0,23.0,297.787751083777,291.34999999999997,-6.437751083777016,303.65,289.34999999999997,3.0,130.0,-0.15512884560331486,-6.361136804639202,0.8138470827930462,-1.0923251574793937,,,,,,,,,,,,,,,,,,,,,,,,,,,,,,,,,,,,,,,,,,,,,,,,,,,,,,,,,,,,,,,,,,,,,,,,,,,,,,,,,,,,
170,0.0,0.0,18.0,307.0915879793784,307.08916666666664,-0.0024213127117604927,310.84999999999997,304.04999999999995,7.655,234.08333333333334,0.34449683190364055,0.24678929110696401,0.03659359270833799,0.6699997043274664,0.0,1.0,23.0,305.08592896333863,301.84999999999997,-3.235928963338665,310.84999999999997,304.04999999999995,3.5,230.0,-0.10715637144301127,-3.0435402325608862,0.5910061156842517,-0.2559171840766652,1.0,0.0,18.0,307.0615140659361,307.0508333333333,-0.010680732602793341,311.25,293.65,7.235,237.83333333333334,0.31652277098532977,0.2183208434608872,-0.02376500681100424,0.6974920742966333,1.0,1.0,23.0,304.9812110176793,301.34999999999997,-3.631211017679334,311.25,293.65,2.8,210.0,-0.1363378917988456,-3.456512141461843,0.6095869778664375,-0.35351768601964295,2.0,0.0,17.0,307.17138525468494,307.16166666666663,-0.009718588018301944,310.84999999999997,294.25,9.8975,230.0,0.41724320341012344,0.20782707860870175,-0.04662059320267057,0.6044180714257266,2.0,1.0,23.0,304.45003137312926,299.15,-5.300031373129286,310.84999999999997,294.25,4.5,200.0,-0.18814662905687385,-5.1496380272810995,0.6586830889724098,-0.5267518504323903,3.0,0.0,23.0,301.9617868986642,296.34999999999997,-5.6117868986642065,309.25,294.15,4.7,190.0,-0.2596805021107542,-5.521288091059944,0.6256621654284041,-0.66246376741897,4.0,0.0,23.0,298.761131533857,291.95,-6.811131533857008,304.84999999999997,287.15,6.1,280.0,-0.3650604794189434,-6.763772235465808,0.7396632156064366,-1.0217352452837218,5.0,0.0,17.0,300.07748533438763,300.07,-0.0074853343876384315,303.15,285.84999999999997,7.5,240.0,0.429143041458687,0.10476847261146816,-0.2230636526031399,0.45720055047891606,5.0,1.0,23.0,297.28865993846085,291.84999999999997,-5.438659938460887,303.15,285.84999999999997,1.6,310.0,-0.32713494378397456,-5.393149145419713,0.6557463336473196,-0.8672834182417262,6.0,0.0,18.0,300.89490165878044,300.87416666666667,-0.020734992113773387,305.54999999999995,283.25,5.314166666666666,240.0,0.2849036142240351,0.14667959553230503,-0.2989032511648067,0.94067756798745,6.0,1.0,23.0,298.5401982876356,292.84999999999997,-5.69019828763561,305.54999999999995,283.25,1.6,10.0,-0.2786280828090213,-5.577351617355916,0.728676537045042,-0.7932173047376523,,,,,,,,,,,,,,,,,,,,,,,,,,,,
171,0.0,0.0,19.0,304.92466418418144,304.9233333333333,-0.001330850848148657,307.04999999999995,299.04999999999995,5.246666666666667,170.0,0.49377932904276634,0.21599027295577855,0.03529928358666249,0.43438873189619187,0.0,1.0,23.0,303.0983475019156,297.45,-5.648347501915623,307.04999999999995,299.04999999999995,1.9,80.0,-0.20741863568323993,-5.468617601172838,0.6802721214125617,-0.40568987049041993,1.0,0.0,19.0,304.730821465516,304.7208333333333,-0.00998813218268424,307.04999999999995,289.54999999999995,4.566666666666666,164.58333333333334,0.38495813635394427,0.191115575117621,0.02912669414921254,0.45824744112968574,1.0,1.0,23.0,303.31594047858187,299.04999999999995,-4.265940478581911,307.04999999999995,289.54999999999995,3.1,340.0,-0.16177753478680756,-4.0982934145495875,0.5193419550168272,-0.15864516871812384,2.0,0.0,19.0,303.9341789851859,303.92999999999995,-0.004178985185944839,305.84999999999997,289.45,8.66,150.0,0.47610778330940207,0.16595458961705845,-0.01766987223291494,0.3448967542153554,2.0,1.0,23.0,302.2740647167009,296.84999999999997,-5.4240647167009115,305.84999999999997,289.45,2.5,170.0,-0.2215228138001777,-5.283277949558112,0.5856534788224034,-0.3755551588406405,3.0,0.0,17.0,298.8567027388834,298.84999999999997,-0.006702738883461734,299.25,289.25,7.3625,191.25,0.626648784053117,0.03843857307242615,-0.1455615976523982,-0.05947523811393296,4.0,0.0,18.0,298.46356114253683,298.4625,-0.0010611425368551863,299.25,287.54999999999995,3.3,142.5,0.5259692159568203,0.08522441128476999,-0.10834990448512372,0.12151595317845931,4.0,1.0,23.0,297.3666445286374,294.15,-3.216644528637403,299.25,287.54999999999995,4.6,300.0,-0.22968601671331612,-3.145824873271124,0.35845444230216117,-0.20960480235392254,5.0,0.0,20.0,301.17149153310305,301.16249999999997,-0.008991533103085203,303.04999999999995,286.45,3.8583333333333334,191.66666666666666,0.2614034797473437,0.16401154381870242,0.041462365152374524,0.4074620357634302,5.0,1.0,23.0,300.2739488470321,297.45,-2.8239488470321135,303.04999999999995,286.45,6.0,310.0,-0.1358826064808909,-2.6776529834456113,0.37552139604533846,-0.0005474867030414998,6.0,0.0,20.0,303.8873193021217,303.88,-0.007319302121686633,305.95,292.04999999999995,2.47,40.0,0.2857706097341861,0.20329633644745115,0.058511490957021316,0.5265997498704138,6.0,1.0,23.0,302.3797828852245,296.54999999999995,-5.8297828852245175,305.95,292.04999999999995,2.8,340.0,-0.20874518849871038,-5.650765891227934,0.6356729752333905,-0.33647813162392026,,,,,,,,,,,,,,
172,0.0,0.0,19.0,309.2106573190896,309.21,-0.000657319089611974,311.15,302.75,6.640000000000001,300.0,0.2664839475871901,0.1480664234564273,-0.041409791323540425,0.47083164396229904,0.0,1.0,23.0,307.50473866923113,303.04999999999995,-4.454738669231176,311.15,302.75,3.9,320.0,-0.05796498595502442,-4.344046835135799,0.547869235519253,-0.5525805719896084,5.0,0.0,19.0,309.4762942125104,309.46999999999997,-0.006294212510454145,312.04999999999995,297.15,5.3999999999999995,300.0,0.2692015512400019,0.15766628476728783,-0.03473875247227435,0.4968296532915133,5.0,1.0,23.0,307.9689426891877,303.54999999999995,-4.418942689187759,312.04999999999995,297.15,3.8,310.0,-0.03751636688089377,-4.292256526667444,0.5364539903408078,-0.4935132729002305,6.0,0.0,19.0,309.1109911607434,309.09666666666664,-0.014324494076788596,311.95,296.45,5.166666666666666,304.3333333333333,0.27605669629619456,0.14469256298794164,-0.0764797035295904,0.5443734492378383,6.0,1.0,23.0,307.526634085884,302.34999999999997,-5.176634085884018,311.95,296.45,3.8,310.0,-0.05374564181558128,-5.05431127023715,0.5601617969198903,-0.5617332160816346,,,,,,,,,,,,,,,,,,,,,,,,,,,,,,,,,,,,,,,,,,,,,,,,,,,,,,,,,,,,,,,,,,,,,,,,,,,,,,,,,,,,,,,,,,,,,,,,,,,,,,,,,,,,,,,,
173,1.0,0.0,19.0,307.7966692291891,307.78499999999997,-0.011669229189124053,311.15,299.34999999999997,7.7091666666666665,329.0833333333333,0.08020663345442358,0.10123806059489482,-0.056954273980693415,0.464812148977245,1.0,1.0,23.0,306.11922344311336,302.25,-3.8692234431133556,311.15,299.34999999999997,3.9,320.0,-0.19293749088133438,-3.82420244818816,0.3857218360695877,-0.3374356051377987,2.0,0.0,18.0,307.30987762925315,307.29499999999996,-0.014877629253192026,311.25,295.45,7.8374999999999995,320.0,0.12386072577859863,0.10259174136110971,-0.041235994834939525,0.42614686042831806,2.0,1.0,23.0,305.3425851737254,300.04999999999995,-5.292585173725456,311.25,295.45,0.0,320.0,-0.21220458203703174,-5.255541130823374,0.40280005152950576,-0.40167765197730887,,,,,,,,,,,,,,,,,,,,,,,,,,,,,,,,,,,,,,,,,,,,,,,,,,,,,,,,,,,,,,,,,,,,,,,,,,,,,,,,,,,,,,,,,,,,,,,,,,,,,,,,,,,,,,,,,,,,,,,,,,,,,,,,,,,,,,,,,,,,
174,0.0,0.0,18.0,303.4401727279062,303.42749999999995,-0.012672727906249293,304.15,295.54999999999995,5.1575,321.75,0.33464686907306884,0.06813689736799233,-0.04040137573276562,0.13155357875128004,0.0,1.0,23.0,301.7345166444453,296.95,-4.784516644445318,304.15,295.54999999999995,6.3,310.0,-0.1669664716651056,-4.750541267370139,0.41157990361620495,-0.46296636822832227,1.0,0.0,19.0,302.8839675504731,302.87333333333333,-0.010634217139738666,305.15,290.15,3.8800000000000003,301.3333333333333,0.17554249281783996,0.10019899586180259,-0.052355465069775654,0.37863928037951666,1.0,1.0,23.0,302.05041142028796,300.04999999999995,-2.0004114202880032,305.15,290.15,1.7,340.0,-0.0659255662279179,-1.9274786542783602,0.2395654889302108,-0.060599457990235805,2.0,0.0,19.0,305.05312812557173,305.04999999999995,-0.0031281255717772183,307.54999999999995,294.25,4.1049999999999995,316.5,0.21544353113186787,0.14331516264137178,-0.0007841736032882333,0.41542346269119435,2.0,1.0,23.0,303.82369700483434,300.04999999999995,-3.773697004834389,307.54999999999995,294.25,4.6,320.0,-0.07007167765705447,-3.677333612103766,0.3636676956632101,-0.18394805239776701,3.0,0.0,19.0,306.6210724513475,306.62,-0.0010724513475111053,310.04999999999995,294.15,4.661666666666667,308.1666666666667,0.2903847716067389,0.1683126078427506,-0.02219434621541912,0.480585029260979,3.0,1.0,23.0,305.22895040578896,300.95,-4.278950405788976,310.04999999999995,294.15,3.6,320.0,-0.0768236782079299,-4.16470848334005,0.4383543125656549,-0.24645361162420443,4.0,0.0,19.0,307.3958518891487,307.3775,-0.018351889148675582,310.34999999999997,293.25,4.3475,300.0,0.2545056617206143,0.15947203203479887,-0.009961617688503566,0.5283814652123624,4.0,1.0,23.0,306.02808721738023,301.95,-4.078087217380244,310.34999999999997,293.25,4.6,310.0,-0.05942391193005392,-3.9557127109254395,0.44372190310459797,-0.22937473564330446,5.0,0.0,19.0,308.17008370461514,308.15,-0.020083704615160514,311.15,294.84999999999997,3.625,300.0,0.2725586010115819,0.16236609205788,-0.028846177401504747,0.5686275816132422,5.0,1.0,23.0,306.6464941091986,302.04999999999995,-4.596494109198659,311.15,294.84999999999997,3.2,300.0,-0.06294991718328902,-4.473210726824092,0.4557855793716878,-0.2430312764686704,6.0,0.0,19.0,308.32180971024854,308.3066666666666,-0.015143043581929305,311.15,295.15,5.910833333333334,318.4166666666667,0.2772169100912407,0.15924926287969754,0.02460608121217452,0.4410785024690256,6.0,1.0,23.0,306.32261924163254,300.04999999999995,-6.272619241632583,311.15,295.15,6.8,290.0,-0.1205406679953569,-6.168204206576874,0.5663160397353598,-0.481524378106414
175,0.0,0.0,19.0,306.86554675389766,306.8375,-0.02804675389768363,310.84999999999997,300.65,3.4699999999999998,220.0,0.2686360702239483,0.19115760752561073,-0.028990102815673897,0.725197635335391,0.0,1.0,23.0,304.3522692636858,296.95,-7.40226926368581,310.84999999999997,300.65,1.5,230.0,-0.2396341413713401,-7.288464905796047,0.7322499633470585,-0.626728348015817,1.0,0.0,19.0,307.25480042511845,307.25,-0.004800425118446583,311.75,291.65,3.99,233.0,0.246569570658437,0.21229095188030556,-0.02084672756253288,0.70176587491558,1.0,1.0,23.0,304.7968984143241,296.95,-7.84689841432413,311.75,291.65,7.6,230.0,-0.24672939870661992,-7.733956770555139,0.7430126615417407,-0.6561921292084634,2.0,0.0,18.0,305.72174152413294,305.69916666666666,-0.022574857466281628,309.65,293.15,5.155,232.58333333333334,0.3031783021832837,0.15880480317923684,-0.07171594251263495,0.5960969254037565,2.0,1.0,23.0,302.63155762257514,296.34999999999997,-6.281557622575178,309.65,293.15,3.0,200.0,-0.3080736697401818,-6.22447863618406,0.722494817604229,-0.7694723975251634,3.0,0.0,19.0,304.16175130335733,304.1383333333333,-0.023417970024013357,307.54999999999995,292.15,4.090833333333333,200.91666666666666,0.2308986013757277,0.13149213011367067,-0.0097784330114384,0.4449266725788448,3.0,1.0,23.0,301.57371192833284,295.15,-6.423711928332864,307.54999999999995,292.15,2.5,200.0,-0.2953710006907784,-6.374290617519776,0.6400213773495457,-0.680513895751119,4.0,0.0,19.0,304.6469270388407,304.62,-0.026927038840710793,309.04999999999995,289.34999999999997,3.72,210.0,0.2668770977512622,0.15895931499751725,-0.10517938764952817,0.691263643884767,4.0,1.0,23.0,301.92703612618766,294.04999999999995,-7.877036126187704,309.04999999999995,289.34999999999997,2.3,210.0,-0.30462247686018884,-7.808118345511772,0.7568757062579626,-0.813203448395825,5.0,0.0,18.0,299.57667362260315,299.56666666666666,-0.010006955936489703,302.45,287.65,3.8166666666666664,200.0,0.206039415612139,0.07908684519738074,-0.08992581294335385,0.31758238807971395,6.0,0.0,19.0,299.2290400153224,299.2233333333333,-0.005706681989124718,303.04999999999995,286.45,5.416666666666666,210.0,0.2286734441121041,0.11452938995140016,-0.13668018846541466,0.49736870682335166,,,,,,,,,,,,,,,,,,,,,,,,,,,,
176,0.0,0.0,17.0,298.3198779907595,298.3175,-0.002377990759498516,299.75,296.54999999999995,3.11,245.25,0.21247650655263328,0.09769234948090855,0.008382739471159084,0.21761984620856367,1.0,0.0,18.0,297.538360805568,297.53,-0.008360805568031537,299.25,292.75,1.72,250.0,0.11142947591879704,0.07880252034115642,0.0022170527611014754,0.25395607107007834,3.0,0.0,18.0,297.4615910176903,297.45416666666665,-0.007424351023644249,299.15,291.45,2.0416666666666665,220.0,0.13354103167972653,0.09118147759176054,0.01029529307146504,0.2710960640433058,4.0,0.0,17.0,298.7122772879968,298.71,-0.0022772879968329107,301.04999999999995,293.75,2.98,230.0,0.19642339487634786,0.11614243811474978,0.02367297090991845,0.27701761652363643,,,,,,,,,,,,,,,,,,,,,,,,,,,,,,,,,,,,,,,,,,,,,,,,,,,,,,,,,,,,,,,,,,,,,,,,,,,,,,,,,,,,,,,,,,,,,,,,,,,,,,,,,,,,,,,,,,,,,,,,,,,,,,,,,,,,,,,,,,,,
177,0.0,0.0,18.0,299.0420936795399,299.03499999999997,-0.007093679539934783,300.15,292.84999999999997,1.9900000000000002,130.0,0.1355095626203564,0.08304651241464,-0.03014794518420179,0.2998511059325182,0.0,1.0,23.0,297.3097748793538,293.65,-3.659774879353847,300.15,292.84999999999997,2.6,300.0,-0.14892995020548483,-3.6123859146156008,0.5199656583798742,-0.7112948985325858,1.0,0.0,18.0,299.5026028544371,299.5,-0.002602854437100177,303.15,287.04999999999995,6.5825,314.25,0.21604510552101885,0.1357866709455351,-0.12135862638434958,0.5596662607567424,1.0,1.0,23.0,297.6484582468362,293.65,-3.9984582468362078,303.15,287.04999999999995,6.0,310.0,-0.11360720203030894,-3.921280197476648,0.5367335817971366,-0.6531737253579877,3.0,0.0,19.0,298.0252115777596,298.01666666666665,-0.00854491109294031,301.15,285.45,3.126666666666667,326.6666666666667,0.1549278963435512,0.12449846974764966,-0.11387579618700272,0.5698078099917012,4.0,0.0,19.0,301.741152957341,301.72749999999996,-0.013652957341037109,305.45,287.25,1.9175,221.0,0.253434175906591,0.19689101379962892,-0.08563788799120668,0.7490739695904693,4.0,1.0,23.0,300.29258327876914,295.95,-4.342583278769155,305.45,287.25,3.0,340.0,-0.024382891756360436,-4.182216805064357,0.5482872471395931,-0.43512428988744034,5.0,0.0,19.0,305.48004269179165,305.47499999999997,-0.005042691791686593,309.25,292.15,1.3699999999999999,88.33333333333333,0.2723392697919138,0.25270171526321406,0.06568108036302552,0.6825433524614368,5.0,1.0,23.0,303.87395992459994,300.84999999999997,-3.0239599245999784,309.25,292.15,1.6,320.0,0.013598064757729844,-2.818809292950064,0.6596920432039042,-0.43805843260626887,6.0,0.0,18.0,305.41765317089505,305.41416666666663,-0.0034865042284195624,309.15,292.04999999999995,7.6241666666666665,310.0,0.29830088512237296,0.2167408240919002,0.023644176500662677,0.5959155772342797,6.0,1.0,23.0,303.2488028881738,299.75,-3.4988028881738273,309.15,292.04999999999995,5.6,340.0,-0.02235291957126151,-3.350962654535593,0.5952182102193007,-0.49433287171665086,,,,,,,,,,,,,,,,,,,,,,,,,,,,,,,,,,,,,,,,,,
178,0.0,0.0,18.0,306.06471545090466,306.0625,-0.0022154509046572457,312.45,302.95,5.5375,250.0,0.37390262347881276,0.2834795991506667,0.11633361839428365,0.6525388001424517,0.0,1.0,23.0,303.1440057390444,297.45,-5.694005739044428,312.45,302.95,0.0,360.0,-0.04894728049374919,-5.524946042071065,0.7196264914735858,-0.5459853397041883,1.0,0.0,17.0,303.02861008799914,303.0283333333333,-0.0002767546658333231,308.04999999999995,291.45,4.288333333333333,280.0,0.4230018597699825,0.18683164882006054,-0.07269778710764759,0.5191821458816861,1.0,1.0,23.0,299.8547642411763,294.75,-5.104764241176326,308.04999999999995,291.45,0.0,270.0,-0.13363996172618897,-5.026221798886226,0.6137342904996549,-0.6602465193671776,2.0,0.0,17.0,298.4752788161112,298.4633333333333,-0.011945482777889538,302.04999999999995,288.84999999999997,4.593333333333333,270.0,0.3490330296029214,0.09218476566144318,-0.21899832703564925,0.4649682153744408,3.0,0.0,18.0,297.2546101596435,297.25,-0.004610159643505085,301.34999999999997,287.45,4.2,273.0,0.20258491112019783,0.11380111463172682,-0.12598765641382195,0.48648502003320004,4.0,0.0,18.0,297.84271698900346,297.8375,-0.0052169890034861055,301.34999999999997,288.75,3.2083333333333335,272.9166666666667,0.2020114902694985,0.12419693553226807,-0.03346645635533226,0.4058938272162038,5.0,0.0,17.0,298.6679584024206,298.66666666666663,-0.0012917357539663499,302.04999999999995,288.75,4.0216666666666665,270.0,0.2625770434810306,0.14705308840341047,-0.03915095022333522,0.42577511186935624,,,,,,,,,,,,,,,,,,,,,,,,,,,,,,,,,,,,,,,,,,,,,,,,,,,,,,,,,,,,,,,,,,,,,,,,,,,,,,,,,,,,
179,1.0,0.0,19.0,309.0893486574936,309.0875,-0.0018486574936105171,312.04999999999995,297.15,5.2875,300.0,0.2763308613649258,0.20990411919811436,-0.007435394726741151,0.6290856224135268,1.0,1.0,23.0,307.70521661152094,303.54999999999995,-4.155216611520984,312.04999999999995,297.15,3.8,310.0,-0.06330810134120668,-3.9582281416902134,0.575108522312083,-0.36003216422845696,2.0,0.0,19.0,308.75656536372844,308.74833333333333,-0.008232030395106449,311.95,296.45,5.008333333333333,305.9166666666667,0.2861672712891874,0.18966685067827882,-0.06707717278732635,0.6763053744414691,2.0,1.0,23.0,307.29776105705736,302.34999999999997,-4.9477610570573916,311.95,296.45,3.8,310.0,-0.08795465069114528,-4.75911691344858,0.5941327272085175,-0.44045487122272675,3.0,0.0,19.0,307.7798781018722,307.77,-0.009878101872232037,310.34999999999997,294.84999999999997,5.426666666666667,317.0,0.2863604223997953,0.17038996127885753,-0.08015547884354628,0.6183167432503893,3.0,1.0,23.0,305.8363335971485,298.95,-6.886333597148507,310.34999999999997,294.84999999999997,5.3,310.0,-0.1897535159750987,-6.7055276024504025,0.8109271321592217,-0.9168903304131959,4.0,0.0,19.0,305.64580829252503,305.63666666666666,-0.009141625858376301,308.75,291.54999999999995,5.359999999999999,305.3333333333333,0.23931480784956705,0.14399851885690396,-0.16501365557858585,0.6796065473542683,4.0,1.0,23.0,303.87926350847823,296.34999999999997,-7.529263508478266,308.75,291.54999999999995,6.1,300.0,-0.20696352041535704,-7.373699330802083,0.7454363518133439,-0.8993366715747158,5.0,0.0,19.0,303.11518353574127,303.1008333333333,-0.014350202407968027,306.34999999999997,289.95,5.718333333333333,295.5833333333333,0.21073375333270405,0.10282448744814587,-0.154025870100971,0.5318251400463936,5.0,1.0,23.0,301.77792681961967,296.25,-5.527926819619665,306.34999999999997,289.95,6.3,310.0,-0.1787865093117489,-5.416226837821057,0.5360582631255729,-0.6241900545067125,6.0,0.0,19.0,302.13537941687116,302.13,-0.005379416871164722,304.84999999999997,288.84999999999997,5.113333333333333,301.3333333333333,0.19522398132372132,0.1102980907507316,-0.18940233861171407,0.6066817393202228,6.0,1.0,23.0,300.9646587019237,295.75,-5.2146587019237245,304.84999999999997,288.84999999999997,6.7,300.0,-0.16142869166671403,-5.100226300154247,0.5004999903112548,-0.5567027691995889,,,,,,,,,,,,,,,,,,,,,,,,,,,,
180,,,,,,,,,,,,,,,,,,,,,,,,,,,,,,,,,,,,,,,,,,,,,,,,,,,,,,,,,,,,,,,,,,,,,,,,,,,,,,,,,,,,,,,,,,,,,,,,,,,,,,,,,,,,,,,,,,,,,,,,,,,,,,,,,,,,,,,,,,,,,,,,,,,,,,,,,,,,,,,,,,,,,,,,,,,,,,,,,,,,,,,,,,,,,,,,,,,,
181,0.0,0.0,17.0,299.85414307231053,299.84916666666663,-0.004976405643901671,303.75,299.84916666666663,7.3075,240.0,0.3220586269055872,0.2010412770641068,0.060337633085159346,0.45712765589706805,1.0,0.0,17.0,298.2029897653358,298.1958333333333,-0.007156432002489055,302.04999999999995,290.65,11.466666666666667,290.0,0.24981241144827493,0.14664541429851852,-0.008165184424877717,0.40316267324165267,,,,,,,,,,,,,,,,,,,,,,,,,,,,,,,,,,,,,,,,,,,,,,,,,,,,,,,,,,,,,,,,,,,,,,,,,,,,,,,,,,,,,,,,,,,,,,,,,,,,,,,,,,,,,,,,,,,,,,,,,,,,,,,,,,,,,,,,,,,,,,,,,,,,,,,,,,,,,,,,,,,,,,,,
182,0.0,0.0,17.0,302.33623209758264,302.335,-0.001232097582658298,308.04999999999995,299.54999999999995,3.915,280.0,0.31881969025693024,0.22784068616203967,0.058917397630191694,0.5587117928384515,0.0,1.0,23.0,299.263034471618,294.75,-4.5130344716180275,308.04999999999995,299.54999999999995,0.0,270.0,-0.0844754545035471,-4.410947253575657,0.6136531305652966,-0.5792165567844876,1.0,0.0,17.0,298.0207206741479,298.01916666666665,-0.0015540074812747662,302.04999999999995,288.84999999999997,4.559166666666666,270.0,0.24010018633998698,0.12774392459006378,-0.11923040200420114,0.48326160614902847,3.0,0.0,18.0,297.5806625123869,297.575,-0.005662512386891194,301.34999999999997,288.75,3.0833333333333335,274.1666666666667,0.1668531875429693,0.13160188171438847,-0.019620555233591592,0.4455683267007231,4.0,0.0,18.0,298.3338224953733,298.32166666666666,-0.012155828706625016,302.04999999999995,288.75,3.941666666666667,270.5833333333333,0.18943238368962056,0.1399520235824383,0.006848501252335382,0.4297048353556363,,,,,,,,,,,,,,,,,,,,,,,,,,,,,,,,,,,,,,,,,,,,,,,,,,,,,,,,,,,,,,,,,,,,,,,,,,,,,,,,,,,,,,,,,,,,,,,,,,,,,,,,,,,,,,,,,,,,,,,,,,,,,,
183,0.0,0.0,23.0,297.93705115451695,295.04999999999995,-2.887051154516996,300.95,294.34999999999997,3.5,240.0,-0.1620802337389904,-2.8705788337133242,0.5049928218402661,-0.6882398606673377,1.0,0.0,17.0,304.209563742003,304.2025,-0.0070637420030266185,308.04999999999995,290.84999999999997,10.729166666666666,230.0,0.3116628315683556,0.19012189531414947,0.05844736123280351,0.44538052616137236,1.0,1.0,23.0,302.06707527627157,298.04999999999995,-4.017075276271612,308.04999999999995,290.84999999999997,1.3,70.0,-0.06879140803816597,-3.901219688401838,0.5848886905699544,-0.5290059232677464,2.0,0.0,17.0,303.79529953202046,303.7941666666666,-0.001132865353838497,305.84999999999997,292.34999999999997,11.23,230.0,0.45300159832071074,0.1563106613562013,-0.03889184443864243,0.34821755865787907,2.0,1.0,23.0,300.69563076796794,295.95,-4.745630767967953,305.84999999999997,292.34999999999997,6.9,230.0,-0.1374483985296564,-4.683284202096772,0.6193885667059741,-0.747460593214285,3.0,0.0,17.0,303.37893076354726,303.375,-0.00393076354725963,305.95,290.65,9.084999999999999,300.0,0.43231041743614185,0.15367319871320717,-0.0762868031376011,0.40788969153094,3.0,1.0,23.0,300.2302796470192,294.15,-6.080279647019211,305.95,290.65,3.3,280.0,-0.17554566683394057,-6.0220511531516365,0.7112166935402181,-0.920455640053575,4.0,0.0,18.0,302.70714091236266,302.7033333333333,-0.003807579029341923,306.34999999999997,285.84999999999997,7.26,262.6666666666667,0.3472496290267344,0.15996319262384873,-0.07695193243805439,0.5096644373867747,4.0,1.0,23.0,299.70529684827966,293.04999999999995,-6.655296848279704,306.34999999999997,285.84999999999997,4.7,280.0,-0.18508866621513675,-6.58956029865719,0.7987103823682228,-1.0540003700678682,5.0,0.0,17.0,301.36245497190157,301.3566666666666,-0.005788305234943891,304.15,288.54999999999995,10.083333333333332,240.0,0.4456959172134276,0.1255154009069912,-0.10962138994880395,0.34778192054004364,5.0,1.0,23.0,298.63188944158964,294.15,-4.481889441589658,304.15,288.54999999999995,6.3,220.0,-0.159501536976137,-4.439168156251725,0.5819844267462552,-0.7524705733426771,6.0,0.0,18.0,303.200019795303,303.1816666666666,-0.01835312863636318,306.95,288.84999999999997,13.67,290.0,0.3948681660122304,0.1620713644059748,-0.032172095893865084,0.45984764830325275,6.0,1.0,23.0,300.4175780074731,295.25,-5.167578007473082,306.95,288.84999999999997,5.5,270.0,-0.1277966851947525,-5.082578873787185,0.664180572009433,-0.7554978450416598,,,,,,,,,,,,,,
184,0.0,0.0,18.0,303.1980203420037,303.18333333333334,-0.014687008670364321,308.15,298.65,5.1,233.33333333333334,0.2276070065057354,0.22671638450580645,0.05186209679563566,0.6863569025892531,0.0,1.0,23.0,301.0252532540713,295.34999999999997,-5.675253254071322,308.15,298.65,3.6,210.0,-0.35425005005812693,-5.522584182939241,0.5699778258001231,-0.13570134143900248,1.0,0.0,18.0,304.25428392094034,304.24333333333334,-0.010950587606998852,310.25,290.34999999999997,5.1466666666666665,231.33333333333334,0.13077822975250797,0.23116587642569186,0.09705984237434961,0.6866811916761293,1.0,1.0,23.0,302.204945078121,298.65,-3.5549450781210226,310.25,290.34999999999997,3.2,220.0,-0.32744269304599527,-3.3980758977381527,0.5405042484240852,-0.057298051521755156,2.0,0.0,17.0,304.4736871261284,304.4625,-0.011187126128447744,308.65,292.65,8.3025,250.0,0.4048753316367879,0.21132316540256113,0.02256614416231173,0.5171188610400606,2.0,1.0,23.0,301.6957523965729,296.95,-4.745752396572925,308.65,292.65,6.1,210.0,-0.3753048163168984,-4.625570126720518,0.5609346308899509,-0.2135159301716243,6.0,0.0,19.0,297.159490605479,297.1141666666666,-0.0453239388123734,303.04999999999995,280.45,4.085833333333333,68.5,0.08691864098396707,0.13736835565457284,-0.12823393868873723,0.8440088054878743,,,,,,,,,,,,,,,,,,,,,,,,,,,,,,,,,,,,,,,,,,,,,,,,,,,,,,,,,,,,,,,,,,,,,,,,,,,,,,,,,,,,,,,,,,,,,,,,,,
185,0.0,0.0,18.0,313.82562509543516,313.8183333333333,-0.007291762101829136,316.95,309.45,8.721666666666666,317.8333333333333,0.2495656015827592,0.17634243028493302,0.026464080573973092,0.49402798296316064,0.0,1.0,23.0,311.29240372297704,306.15,-5.142403722977065,316.95,309.45,4.5,300.0,-0.13009248384902605,-5.046180173823672,0.6176221258918323,-0.6058044245036314,1.0,0.0,18.0,312.3541662662948,312.33666666666664,-0.017499599628138185,316.34999999999997,296.75,7.22,310.0,0.24624007178918816,0.14475401699951362,-0.048811795052221406,0.5265457531405389,1.0,1.0,23.0,309.7993622676696,305.04999999999995,-4.749362267669653,316.34999999999997,296.75,5.5,320.0,-0.1530715782506462,-4.6780896211032825,0.591948430803337,-0.6392500246479358,,,,,,,,,,,,,,,,,,,,,,,,,,,,,,,,,,,,,,,,,,,,,,,,,,,,,,,,,,,,,,,,,,,,,,,,,,,,,,,,,,,,,,,,,,,,,,,,,,,,,,,,,,,,,,,,,,,,,,,,,,,,,,,,,,,,,,,,,,,,
186,0.0,0.0,23.0,297.4654718495318,294.15,-3.315471849531832,299.75,294.15,4.0,100.0,-0.15071163563368373,-3.2464225523894186,0.5060990065102544,-0.524486641870169,2.0,0.0,23.0,297.1551749801522,294.15,-3.005174980152219,300.34999999999997,292.54999999999995,3.5,310.0,-0.12640679984804137,-2.9335484536670435,0.4374713630276072,-0.40445325181734404,3.0,0.0,17.0,300.1266259690307,300.12583333333333,-0.0007926356973939619,302.15,292.04999999999995,3.0058333333333334,280.0,0.5071306225974723,0.14675300765260602,-0.12565651866763972,0.40396351826223054,3.0,1.0,23.0,297.8172138487412,293.04999999999995,-4.767213848741221,302.15,292.04999999999995,1.3,300.0,-0.15862381341074183,-4.672987635549205,0.6111781701677425,-0.6402682858401931,4.0,0.0,18.0,302.4469659580088,302.4283333333333,-0.018632624675490206,306.84999999999997,291.34999999999997,2.2191666666666667,260.0,0.48239732092422116,0.1901892874198836,-0.030468802179280868,0.5037049745475315,4.0,1.0,23.0,300.0348314533618,295.34999999999997,-4.684831453361824,306.84999999999997,291.34999999999997,0.0,270.0,-0.11427900070351882,-4.544313743679851,0.6659463038609251,-0.5755573975128954,5.0,0.0,23.0,298.9077582698876,295.84999999999997,-3.0577582698876427,305.84999999999997,293.15,0.0,210.0,-0.12389489751230087,-2.9704207009535963,0.5101025114687445,-0.46500431222825966,6.0,0.0,23.0,297.72271019250854,294.25,-3.4727101925085435,302.45,292.45,1.5,180.0,-0.16206317635304401,-3.4100244267074658,0.532023056685901,-0.5856615386049384,,,,,,,,,,,,,,,,,,,,,,,,,,,,,,,,,,,,,,,,,,,,,,,,,,,,,,,,,,,,,,,,,,,,,,,,,,,,,,,,,,,,
187,0.0,0.0,18.0,302.3651579824729,302.3633333333333,-0.001824649139621215,305.84999999999997,297.84999999999997,8.08,340.0,0.44265198411059714,0.24257740730519117,-0.0041969413135423865,0.6494772363435857,0.0,1.0,23.0,299.497622129076,293.75,-5.747622129075978,305.84999999999997,297.84999999999997,3.4,310.0,-0.07942439254138378,-5.616165261296629,0.7304419930069628,-0.6698127102427378,5.0,0.0,19.0,301.39303610905347,301.3775,-0.015536109053471137,305.84999999999997,287.04999999999995,3.1,157.83333333333334,0.40243885521113043,0.24492304958151578,-0.07457438311260016,0.8506212544965024,5.0,1.0,23.0,298.92339726467344,291.95,-6.9733972646734514,305.84999999999997,287.04999999999995,1.3,180.0,-0.0724264375048449,-6.816697724432828,0.8280552400298214,-0.7731588929586053,6.0,0.0,20.0,304.53748682736153,304.53,-0.0074868273615606995,309.54999999999995,288.25,3.5725000000000002,310.5,0.30686110139082245,0.26720724487306313,0.14337232595895463,0.6582362896726011,6.0,1.0,23.0,303.35202626611436,299.75,-3.6020262661143647,309.54999999999995,288.25,0.2,150.0,0.07069195399698458,-3.380239048071317,0.5708715039490215,-0.1441496567209981,,,,,,,,,,,,,,,,,,,,,,,,,,,,,,,,,,,,,,,,,,,,,,,,,,,,,,,,,,,,,,,,,,,,,,,,,,,,,,,,,,,,,,,,,,,,,,,,,,,,,,,,,,,,,,,,
188,0.0,0.0,19.0,310.6578329824241,310.645,-0.012832982424129113,315.15,306.45,4.8116666666666665,160.0,0.3003614559982992,0.22328224800560292,0.061833222127518184,0.6116476726820821,0.0,1.0,23.0,308.43465186370616,303.84999999999997,-4.584651863706199,315.15,306.45,2.1,210.0,-0.2881374878593732,-4.433473590147415,0.6234812711586954,-0.22792837799457288,1.0,0.0,19.0,311.16417551214874,311.1433333333333,-0.02084217881542827,317.04999999999995,295.45,5.12,170.0,0.22852615013198374,0.20400775563723528,0.04458794614167516,0.6408441470978516,1.0,1.0,23.0,309.24899746712686,305.04999999999995,-4.198997467126901,317.04999999999995,295.45,3.1,230.0,-0.25999670123857754,-4.0490595877231925,0.5447210663605896,-0.11461277012728033,2.0,0.0,19.0,309.40339944124946,309.40166666666664,-0.0017327745828197294,313.15,296.45,6.6433333333333335,169.08333333333334,0.16133390077079923,0.1696722949532301,0.04412249703772394,0.4803415398551323,2.0,1.0,23.0,307.3261781983869,301.95,-5.376178198386924,313.15,296.45,5.0,170.0,-0.32339661619683113,-5.278334115801982,0.5015900296194076,-0.2181353118923255,3.0,0.0,18.0,303.97493596745403,303.96416666666664,-0.010769300787387692,305.34999999999997,293.25,7.2,180.0,0.3410582110731184,0.059490337629938495,-0.06973661214869271,0.11165163306888815,3.0,1.0,23.0,301.68441444256575,295.75,-5.934414442565753,305.34999999999997,293.25,7.2,180.0,-0.43270492552225903,-5.934735214017948,0.45410445759483764,-0.4599337620775543,4.0,0.0,19.0,300.7893954331955,300.7833333333333,-0.0060620998622198385,303.15,288.65,6.5200000000000005,160.0,0.09967185812050161,0.049338804486041,-0.048337044119676875,0.19160738087579432,4.0,1.0,23.0,299.8862722507605,297.04999999999995,-2.836272250760544,303.15,288.65,7.0,170.0,-0.29125957245983614,-2.818357905446007,0.18228425468490647,-0.024094722811369707,5.0,0.0,19.0,300.4160246402467,300.41416666666663,-0.0018579735800585695,303.04999999999995,289.15,3.8491666666666666,148.08333333333334,0.02393429869259478,0.07036243928318697,-0.042598456428478926,0.3165047462391044,5.0,1.0,23.0,299.4772566284937,296.15,-3.3272566284937284,303.04999999999995,289.15,0.2,160.0,-0.32686667766085975,-3.2952023762932185,0.25424103511848745,-0.07203981714208396,6.0,0.0,20.0,301.95782947058376,301.9525,-0.0053294705837743095,305.15,291.15,3.2375,164.75,-0.023545355402575296,0.10358418169604988,0.009914647028338663,0.4266355836630993,6.0,1.0,23.0,301.32540454583875,300.04999999999995,-1.2754045458387964,305.15,291.15,4.5,350.0,-0.23804183993304662,-1.1977125335046281,0.22470016570363782,0.11528210090261837
189,0.0,0.0,17.0,302.96239565356433,302.95666666666665,-0.005728986897679533,305.84999999999997,302.84999999999997,7.386666666666667,250.0,0.45177151689256334,0.19537859838135319,0.022519840291318854,0.41655266063362717,0.0,1.0,23.0,300.13406536174733,295.34999999999997,-4.784065361747366,305.84999999999997,302.84999999999997,5.0,210.0,-0.11287408841526769,-4.683877681140146,0.6350620317389115,-0.6526202594354373,1.0,0.0,17.0,301.83622110382294,301.83,-0.0062211038229520454,304.25,291.54999999999995,8.790000000000001,230.0,0.4252991411167386,0.15651054272154852,-0.05599227583609453,0.4075689404002105,1.0,1.0,23.0,298.9833568775115,294.75,-4.233356877511483,304.25,291.54999999999995,6.9,230.0,-0.13771640419540176,-4.167329550197053,0.5718216887864287,-0.6525943971358714,2.0,0.0,17.0,299.41166671516635,299.4058333333333,-0.005833381833042495,301.45,289.45,10.3,240.0,0.34393140630585606,0.11098710695472391,-0.06302125141274455,0.2915163035889634,3.0,0.0,17.0,298.35699565566176,298.35416666666663,-0.002828988995133841,300.84999999999997,288.95,7.420833333333333,230.0,0.3414452295468067,0.10833670434007558,-0.09258515967770127,0.3215173661709798,4.0,0.0,17.0,298.66019608495327,298.655,-0.005196084953297486,301.34999999999997,287.54999999999995,11.018333333333333,240.0,0.3322443213073001,0.13035981107566386,-0.05917674501150335,0.3630368700196698,5.0,0.0,18.0,300.1876162283719,300.1875,-0.0001162283718940671,303.04999999999995,287.84999999999997,6.1375,240.0,0.3159528049832545,0.17308795797418952,-0.04936876656081305,0.516770929170633,5.0,1.0,23.0,297.697375015004,293.15,-4.547375015004036,303.04999999999995,287.84999999999997,2.7,200.0,-0.14131119552074267,-4.466150548353411,0.6629918903593506,-0.7577060039051986,6.0,0.0,19.0,302.7008563045847,302.68333333333334,-0.017522971251366926,306.95,285.65,6.866666666666666,250.0,0.3134577962153884,0.20978739680290914,-0.011438588411541181,0.6703679763211312,6.0,1.0,23.0,300.6131950452644,295.04999999999995,-5.563195045264422,306.95,285.65,2.9,290.0,-0.08007052478868104,-5.414682186292893,0.7229383686103148,-0.6800133900619443,,,,,,,,,,,,,,,,,,,,,,,,,,,,,,,,,,,,,,,,,,
190,0.0,0.0,19.0,309.25722859030503,309.245,-0.01222859030502832,311.84999999999997,304.04999999999995,5.293333333333333,320.0,0.19439698131013472,0.1346287195223539,-0.11084170068610888,0.6164497331343171,0.0,1.0,23.0,307.75771078876505,304.04999999999995,-3.707710788765098,311.84999999999997,304.04999999999995,1.9,340.0,-0.11511996487533338,-3.567915419460803,0.5507583529520209,-0.5284244852094986,1.0,0.0,18.0,307.858451647523,307.8483333333333,-0.010118314189696775,310.84999999999997,294.34999999999997,7.321666666666667,330.0,0.22227643384745477,0.11651858021346584,-0.08003754641364935,0.44897717104238666,1.0,1.0,23.0,305.8910290005423,300.34999999999997,-5.5410290005423235,310.84999999999997,294.34999999999997,2.2,140.0,-0.19850668052727372,-5.42886603120337,0.6538117742584243,-0.8431865576120288,3.0,0.0,18.0,309.83246230783493,309.81,-0.022462307834928197,313.04999999999995,297.54999999999995,9.45,327.0,0.3230091481076727,0.13645941356428182,-0.09802400400153033,0.5610723661054209,3.0,1.0,23.0,307.4760898787772,302.84999999999997,-4.626089878777236,313.04999999999995,297.54999999999995,3.0,140.0,-0.16314512630727052,-4.495677222668618,0.6627719965217551,-0.7567181372270682,4.0,0.0,19.0,310.3598559456293,310.3483333333333,-0.011522612296005263,314.15,297.04999999999995,8.046666666666667,320.0,0.2455205007242256,0.1713661030300102,-0.07561938738770853,0.6541009177104087,4.0,1.0,23.0,308.71443546946614,304.04999999999995,-4.664435469466184,314.15,297.04999999999995,5.3,320.0,-0.09893193304966985,-4.500254583345637,0.5808696393558156,-0.5110513349026462,5.0,0.0,19.0,309.60576787334134,309.5875,-0.018267873341358154,312.95,295.65,8.612499999999999,327.0833333333333,0.23902070696097155,0.14243716285714925,-0.17005304269593088,0.7383947639345507,5.0,1.0,23.0,307.64893056599465,302.45,-5.198930565994658,312.95,295.65,3.0,270.0,-0.15095030380211938,-5.052177791427752,0.6686153138531665,-0.7361615257513279,6.0,0.0,18.0,309.13088542045386,309.13,-0.0008854204538693011,312.54999999999995,294.95,6.1000000000000005,321.0,0.2577806051488807,0.15938137794144325,-0.12038320937535711,0.6200986738523682,6.0,1.0,23.0,306.81682410539,301.25,-5.566824105390026,312.54999999999995,294.95,3.2,310.0,-0.19124826097313985,-5.43199060111948,0.7425047150150496,-0.9061522476925461,,,,,,,,,,,,,,,,,,,,,,,,,,,,
191,0.0,0.0,18.0,304.9043227244977,304.89666666666665,-0.007656057831070484,308.15,296.75,3.9466666666666668,280.0,0.37378825058432597,0.15579206495544895,-0.08334124532402616,0.4803200106070591,0.0,1.0,23.0,301.83386117858356,295.84999999999997,-5.983861178583595,308.15,296.75,1.9,280.0,-0.2508720986090651,-5.911267186719954,0.7433817552492504,-0.9182750890588096,1.0,0.0,17.0,303.99241071605366,303.98249999999996,-0.009910716053695978,308.15,292.15,5.585,270.0,0.373414928740047,0.14795530092543174,-0.10313784059905136,0.486419556110846,1.0,1.0,23.0,300.7158542101747,294.15,-6.565854210174734,308.15,292.15,2.0,270.0,-0.28297032769850716,-6.508696868216717,0.7792564970719033,-1.0372155180248512,2.0,0.0,18.0,303.6918919127254,303.6733333333333,-0.018558579392106367,308.04999999999995,291.45,5.7625,275.0833333333333,0.3378519232201711,0.14821243086619518,-0.17630361384087698,0.6727694155129882,2.0,1.0,23.0,301.138473470119,295.95,-5.188473470118993,308.04999999999995,291.45,1.3,280.0,-0.21343846030245572,-5.106068478010101,0.6595623708737671,-0.7495994267413693,3.0,0.0,18.0,305.1243935108754,305.10999999999996,-0.014393510875436277,308.54999999999995,295.45,4.38,296.0,0.3407548078943705,0.1638821620631461,0.03162528826003097,0.39927649045772284,3.0,1.0,23.0,302.3887865988678,296.95,-5.438786598867807,308.54999999999995,295.45,2.3,270.0,-0.20980071587426607,-5.3446959569466514,0.6960239597996131,-0.7707358029084048,4.0,0.0,18.0,304.6133655714441,304.6116666666666,-0.0016989047774700339,308.15,293.84999999999997,5.493333333333333,266.3333333333333,0.32226920996623676,0.1638318339900735,-0.04540258310393597,0.4737429488356071,4.0,1.0,23.0,302.3639109706856,297.45,-4.913910970685606,308.15,293.84999999999997,1.3,270.0,-0.18698049426649277,-4.818878652372888,0.6039557611243632,-0.6236252676071388,5.0,0.0,18.0,305.1486350803457,305.14166666666665,-0.006968413679032892,309.75,292.65,5.875,269.1666666666667,0.3655138232189046,0.17274405202907417,-0.03959455354999856,0.4720262960646835,5.0,1.0,23.0,302.87540108528793,298.65,-4.225401085287956,309.75,292.65,1.5,280.0,-0.17264527991478928,-4.121868621017185,0.6009544700700123,-0.5790002974713246,6.0,0.0,17.0,305.7855519368072,305.78,-0.005551936807250968,310.34999999999997,294.34999999999997,5.83,270.0,0.4027639237111771,0.18321100691387926,-0.0878583787533908,0.557356774997487,6.0,1.0,23.0,303.026345919247,298.04999999999995,-4.976345919247024,310.34999999999997,294.34999999999997,2.1,260.0,-0.19915324700826886,-4.876697017933765,0.6834344565328792,-0.7293867928657676
192,0.0,0.0,19.0,301.64191766468906,301.625,-0.01691766468906053,304.75,296.25,3.2083333333333335,306.6666666666667,0.2658454485443116,0.19723306135212226,0.024378302262822633,0.6056393385080128,0.0,1.0,23.0,300.08343887382944,296.34999999999997,-3.7334388738294706,304.75,296.25,3.1,310.0,0.015060325458804869,-3.5856158108866936,0.5514451069569001,-0.38807869151466434,1.0,0.0,19.0,302.745866811843,302.72499999999997,-0.02086681184300687,305.84999999999997,292.15,4.025,330.0,0.27528107088501486,0.1906158943055658,0.036389748240675125,0.5780218358007403,1.0,1.0,23.0,300.32853537122224,295.65,-4.678535371222267,305.84999999999997,292.15,2.1,300.0,-0.05057454764614988,-4.557080023813285,0.705524321651481,-0.7042371801183975,2.0,0.0,19.0,303.98774733011714,303.9833333333333,-0.004413996783853236,307.04999999999995,291.54999999999995,0.11666666666666667,109.16666666666667,0.3093266758703237,0.22576106221453074,-0.07136874708509804,0.8166767198932376,2.0,1.0,23.0,301.63666944702766,296.25,-5.386669447027657,307.04999999999995,291.54999999999995,1.3,210.0,-0.03432513000366555,-5.243023847669761,0.7504764824281693,-0.7241128839227571,,,,,,,,,,,,,,,,,,,,,,,,,,,,,,,,,,,,,,,,,,,,,,,,,,,,,,,,,,,,,,,,,,,,,,,,,,,,,,,,,,,,,,,,,,,,,,,,,,,,,,,,,,,,,,,,
193,0.0,0.0,18.0,302.0123263014613,302.01,-0.00232630146132351,306.95,295.34999999999997,1.72,256.0,0.17819938447506445,0.1845215631006596,0.01370399017462868,0.5780647460863122,0.0,1.0,23.0,299.45160140837714,294.75,-4.701601408377144,306.95,295.34999999999997,0.0,280.0,-0.14890920689478548,-4.616282956580363,0.627319376026179,-0.6612797993241912,1.0,0.0,18.0,304.53621000110445,304.51,-0.02621000110445948,310.25,290.65,0.2275,210.0,0.2357088154714546,0.21337686734537442,-0.0359623668272396,0.8258188438748277,1.0,1.0,23.0,301.98949054678894,297.15,-4.839490546788966,310.25,290.65,0.0,170.0,-0.09826864129870216,-4.705853910337339,0.6706921822450482,-0.5779452526478082,2.0,0.0,23.0,297.16141462599603,294.75,-2.4114146259960307,300.34999999999997,294.75,0.0,210.0,-0.1733448167831142,-2.4014986825584685,0.3660927858221659,-0.4672231763450725,,,,,,,,,,,,,,,,,,,,,,,,,,,,,,,,,,,,,,,,,,,,,,,,,,,,,,,,,,,,,,,,,,,,,,,,,,,,,,,,,,,,,,,,,,,,,,,,,,,,,,,,,,,,,,,,,,,,,,,,,,,,,,
194,1.0,0.0,17.0,305.50792666317557,305.50416666666666,-0.0037599965089043508,308.25,298.15,8.6125,340.0,0.23352545052948415,0.11351525135707163,-0.10116437060643098,0.4388204269217084,1.0,1.0,23.0,303.22095617030374,298.65,-4.570956170303759,308.25,298.15,6.1,310.0,-0.2587943745491401,-4.5118611048236374,0.528697930784683,-0.5723065268726373,2.0,0.0,17.0,302.67599969743463,302.6758333333333,-0.0001663641013465167,305.25,293.84999999999997,9.963333333333333,320.0,0.37419758268234204,0.0773020447761894,-0.19119064392388432,0.3136649454266376,2.0,1.0,23.0,300.1572534895201,295.84999999999997,-4.3072534895201215,305.25,293.84999999999997,7.1,310.0,-0.30664363201755407,-4.297386853566323,0.49695689627110556,-0.659889745643909,3.0,0.0,18.0,303.11029601916493,303.09999999999997,-0.010296019164968584,305.84999999999997,292.15,3.9499999999999997,17.5,0.12744256756946015,0.11356515539674206,-0.10272813075020792,0.5509753814463636,3.0,1.0,23.0,301.5089655644161,297.45,-4.0589655644160985,305.84999999999997,292.15,2.2,270.0,-0.2426407028205091,-3.9851248724614408,0.45392365237374577,-0.39932323165832884,4.0,0.0,18.0,305.6752309494842,305.67499999999995,-0.0002309494842620552,308.34999999999997,296.04999999999995,2.754166666666667,225.08333333333334,0.2047961688315354,0.1716295845511695,-0.026563512133786087,0.5724380492492998,4.0,1.0,23.0,304.0664210250775,300.84999999999997,-3.2164210250775227,308.34999999999997,296.04999999999995,3.5,300.0,-0.16976088390823918,-3.099688115883069,0.41704026613419387,-0.17999750244875656,5.0,0.0,18.0,306.93679948859904,306.93666666666667,-0.00013282193236818784,310.25,295.34999999999997,4.9575,117.41666666666667,0.24291434677047619,0.18713799223017702,0.010623477906131976,0.5199512903723615,5.0,1.0,23.0,305.07626534633744,300.25,-4.826265346337436,310.25,295.34999999999997,1.6,300.0,-0.16404765542701227,-4.703932253735388,0.45200068166248286,-0.23656903083353598,6.0,0.0,19.0,305.9937396112412,305.98749999999995,-0.006239611241255716,309.25,294.45,3.2675,289.25,0.0983916604249373,0.1550823785525921,-0.0008433287382558774,0.5450084784539513,6.0,1.0,23.0,304.74863024741387,301.15,-3.598630247413894,309.25,294.45,1.9,260.0,-0.14453432045849013,-3.4831320857913397,0.3704415054798744,-0.12411781145843293,,,,,,,,,,,,,,,,,,,,,,,,,,,,
195,1.0,0.0,20.0,300.1043182615373,300.0875,-0.01681826153730981,303.65,285.45,5.4174999999999995,325.75,0.17711089531030666,0.1627158129213626,-0.0027034045701697096,0.5814977568102506,1.0,1.0,23.0,299.13856099046166,295.84999999999997,-3.28856099046169,303.65,285.45,3.5,120.0,0.005672752881082488,-3.1596606959275846,0.4157545772101277,-0.2275252803227943,3.0,0.0,18.0,298.6131142788764,298.60999999999996,-0.0031142788764668694,301.45,291.04999999999995,7.435,295.5,0.20195035356150015,0.12424067284371176,-0.0031644793221895875,0.34677778283982263,3.0,1.0,23.0,297.2456516059889,295.25,-1.9956516059888827,301.45,291.04999999999995,4.4,320.0,-0.04355893521763221,-1.9316120249244761,0.3070767589411834,-0.23342550094841386,4.0,0.0,20.0,302.9163830613163,302.90749999999997,-0.008883061316339536,306.15,290.45,2.8808333333333334,109.41666666666667,0.19856835448494792,0.1916539845818761,0.060645463232541864,0.5466483307638583,4.0,1.0,23.0,301.9016891981529,299.15,-2.751689198152917,306.15,290.45,5.0,320.0,0.035128135349609124,-2.601134426277639,0.42757735156199317,-0.16452751276541733,5.0,0.0,18.0,305.5921915885078,305.58416666666665,-0.008024921841126798,309.75,292.84999999999997,6.791666666666667,311.75,0.31243492677543827,0.21721623854863026,0.059472314110995704,0.5562395111834064,5.0,1.0,23.0,303.00676373167346,298.04999999999995,-4.9567637316735045,309.75,292.84999999999997,5.3,320.0,-0.04641374702698897,-4.834159846227365,0.6145451354428436,-0.5481295306881151,6.0,0.0,18.0,302.3710166346706,302.35999999999996,-0.01101663467062508,305.34999999999997,290.04999999999995,7.61,313.0,0.22006711279423996,0.13593699234414203,-0.035798952557523,0.46154074573748005,6.0,1.0,23.0,300.31219470512167,295.95,-4.362194705121681,305.34999999999997,290.04999999999995,7.0,320.0,-0.09769610687152408,-4.293844191114687,0.5387025456781913,-0.6071877169256794,,,,,,,,,,,,,,,,,,,,,,,,,,,,,,,,,,,,,,,,,,,,,,,,,,,,,,,,
196,0.0,0.0,18.0,301.68131020347244,301.67999999999995,-0.0013102034724852274,302.54999999999995,293.45,5.055,289.0,0.4266669654074491,0.11754586796548949,-0.012064902085124155,0.16107535505091164,0.0,1.0,23.0,300.22138036300004,294.75,-5.471380363000037,302.54999999999995,293.45,7.1,300.0,-0.4806182739566509,-5.353344483602967,0.48809075681833747,-0.2769616360472469,1.0,0.0,20.0,300.73438820124727,300.7233333333333,-0.011054867913969701,303.75,287.65,5.806666666666667,300.1666666666667,0.03683235565222276,0.12673683542156766,-0.05213307170212526,0.5440043721327328,1.0,1.0,23.0,299.7953733934372,296.25,-3.5453733934372167,303.75,287.65,6.8,320.0,-0.42909109760609,-3.418546510217567,0.3549586865860211,0.01341409239131508,2.0,0.0,20.0,301.73956671604736,301.7333333333333,-0.006233382714071922,305.34999999999997,289.95,4.6,300.0,-0.05735527884360181,0.16471805027185837,0.01062971044096154,0.6385848630683171,2.0,1.0,23.0,300.9675710990599,296.95,-4.017571099059921,305.34999999999997,289.95,6.2,300.0,-0.3885247557982012,-3.85480616513901,0.34959955649028984,0.1306276450613808,3.0,0.0,20.0,303.10036811386163,303.0833333333333,-0.01703478052831997,307.54999999999995,289.95,5.95,310.0,0.06547100207517076,0.18357433940929013,-0.03616665038340727,0.7488168438225244,3.0,1.0,23.0,302.04575686469764,297.95,-4.095756864697648,307.54999999999995,289.95,8.5,310.0,-0.39619040486104495,-3.9050813231708332,0.44735090644259873,0.0505840390624428,4.0,0.0,20.0,302.6840232731592,302.67999999999995,-0.00402327315924822,306.45,290.95,4.066666666666666,292.6666666666667,-0.02421892557163119,0.17505875282219563,0.009998148098503634,0.6529538573859952,4.0,1.0,23.0,301.82131113355763,299.15,-2.6713111335576514,306.45,290.95,5.0,310.0,-0.3777486438352753,-2.5043595508081467,0.36741555341098336,0.1366428842294738,5.0,0.0,19.0,305.3518726291233,305.34999999999997,-0.00187262912334063,309.84999999999997,293.75,4.025,300.0,0.12128375847969153,0.23251531886207033,0.027738213636008407,0.7355003862446523,5.0,1.0,23.0,304.31293919499166,301.15,-3.1629391949916794,309.84999999999997,293.75,3.1,310.0,-0.3445916540964902,-2.947851564887671,0.4284548270524671,0.19516045636959234,6.0,0.0,19.0,306.3240078169051,306.3225,-0.001507816905132131,309.84999999999997,293.75,4.885000000000001,290.0,0.10518676675366123,0.2309584754965215,0.05565902233830874,0.7097123116402031,6.0,1.0,23.0,305.06371790453727,300.84999999999997,-4.2137179045373045,309.84999999999997,293.75,4.2,290.0,-0.38931999854318633,-3.9915248920962085,0.5231371597937008,0.032826040325915073
197,0.0,0.0,19.0,300.8339701698801,300.83166666666665,-0.0023035032134544053,303.75,294.65,6.308333333333334,320.0,0.19124736620921112,0.18197728261634438,-0.041449144343374655,0.6187636419983278,0.0,1.0,23.0,299.37598101985947,294.65,-4.725981019859489,303.75,294.65,0.2,180.0,-0.08747294779034576,-4.543591846263183,0.6018417079514838,-0.6054609981972305,1.0,0.0,19.0,301.15694341133707,301.1508333333333,-0.006110078003757735,304.45,289.34999999999997,2.5541666666666667,248.25,0.21656344626140367,0.18477966716632466,-0.12677364684819756,0.7779506014613844,1.0,1.0,23.0,299.4449784250135,295.84999999999997,-3.594978425013551,304.45,289.34999999999997,2.7,250.0,-0.08611811813825909,-3.423383294701722,0.6135278196104869,-0.578032216094357,2.0,0.0,18.0,301.6998963373001,301.67749999999995,-0.022396337300165214,305.34999999999997,289.34999999999997,2.8008333333333337,96.33333333333333,0.2557808639790835,0.1779087014346601,-0.17122469387388625,0.8733502514003675,2.0,1.0,23.0,299.6187698532543,294.84999999999997,-4.768769853254355,305.34999999999997,289.34999999999997,3.4,330.0,-0.13557166945614085,-4.569043589714397,0.7937145749783667,-0.8985659868580882,3.0,0.0,18.0,300.6853840161827,300.66499999999996,-0.020384016182731557,305.25,289.04999999999995,9.918333333333333,310.0,0.2542021894903712,0.15205644869033108,-0.2977856256796609,0.9783871894728406,3.0,1.0,23.0,299.29897354407376,295.84999999999997,-3.4489735440737945,305.25,289.04999999999995,5.9,310.0,-0.0653686297342233,-3.2774051018626977,0.5297404369332431,-0.4684845315064621,4.0,0.0,18.0,297.87531794083856,297.86499999999995,-0.010317940838604045,299.54999999999995,293.25,3.7266666666666666,349.75,0.11350241984033005,0.07180153846798021,-0.11849324152571228,0.4478496506053631,5.0,0.0,19.0,297.67385496542585,297.66249999999997,-0.011354965425880437,300.25,287.25,2.05,85.41666666666667,0.12817220301552368,0.10158761910582825,-0.16521188653613214,0.617719257225076,6.0,0.0,19.0,297.9924712862252,297.98499999999996,-0.007471286225268159,301.04999999999995,287.15,3.6,90.0,0.12103659063045313,0.13876820152107427,-0.0751569343046062,0.5612899683717387,,,,,,,,,,,,,,,,,,,,,,,,,,,,,,,,,,,,,,,,,,
198,0.0,0.0,17.0,303.22334889446546,303.21666666666664,-0.00668222779881944,305.95,300.65,9.053333333333333,300.0,0.3131476303976086,0.1658100153623252,0.013315044993007064,0.4125520409228187,0.0,1.0,23.0,299.93632434832466,294.15,-5.786324348324683,305.95,300.65,3.3,280.0,-0.20552257447769762,-5.739887572466998,0.6815442353838819,-0.8581832290328748,1.0,0.0,18.0,302.2518799023588,302.245,-0.00687990235877578,306.34999999999997,285.84999999999997,7.135,271.0,0.25036186456677,0.15875069445796441,-0.054613851046293384,0.5464026442079302,1.0,1.0,23.0,299.2807857210398,293.04999999999995,-6.230785721039865,306.34999999999997,285.84999999999997,4.7,280.0,-0.2180879941390117,-6.183251074434779,0.7481286615315147,-0.9738187635010291,2.0,0.0,17.0,300.8748190772826,300.87,-0.004819077282604667,304.15,288.54999999999995,9.475,240.0,0.2715409465081535,0.1298260508500988,-0.01681382221571918,0.3371714109800621,2.0,1.0,23.0,298.2214347012364,294.15,-4.071434701236399,304.15,288.54999999999995,6.3,220.0,-0.18922550436329288,-4.043606002729135,0.5270849234890088,-0.6679254206272702,3.0,0.0,18.0,302.73570315034823,302.72166666666664,-0.014036483681593381,306.95,288.84999999999997,13.79,290.0,0.2850588127717515,0.16495690797432871,-0.010805479712691598,0.5045711729513727,3.0,1.0,23.0,300.02714676431805,295.25,-4.777146764318047,306.95,288.84999999999997,5.5,270.0,-0.1609013043976546,-4.710294237728519,0.6115214416576104,-0.6819993747812987,4.0,0.0,18.0,303.2196515244916,303.2008333333333,-0.018818191158288755,307.04999999999995,291.34999999999997,12.510833333333334,290.0,0.28917365339772516,0.15682222000333468,0.007321347595554546,0.4520669362284906,4.0,1.0,23.0,300.5293397208513,296.34999999999997,-4.179339720851317,307.04999999999995,291.34999999999997,8.7,290.0,-0.1461056908495948,-4.113009540363379,0.5533100708043293,-0.5838029858621923,5.0,0.0,17.0,301.8983649869526,301.8975,-0.0008649869525925169,304.84999999999997,289.54999999999995,9.04,260.0,0.3322610047091814,0.1414355526898987,-0.0555728513552225,0.38517103264749153,5.0,1.0,23.0,298.73572015684204,293.65,-5.085720156842058,304.84999999999997,289.54999999999995,8.2,260.0,-0.22338381631765003,-5.065769352807962,0.6404474788763489,-0.8804660796222521,6.0,0.0,17.0,298.8885497413991,298.8875,-0.001049741399128834,302.54999999999995,287.15,12.675,300.0,0.2664436492289468,0.10211166208988232,-0.13073438702566875,0.3754780887882134,,,,,,,,,,,,,,
199,0.0,0.0,18.0,299.9667057324875,299.96,-0.006705732487546356,301.34999999999997,296.04999999999995,2.2233333333333336,270.6666666666667,0.3812058051585723,0.1328214770672531,-0.01418528654474945,0.28681474139361285,0.0,1.0,23.0,297.3954706004589,292.54999999999995,-4.8454706004589525,301.34999999999997,296.04999999999995,0.0,280.0,-0.19651107398581757,-4.749396165557343,0.7098563279640567,-0.89221282689617,2.0,0.0,18.0,298.5315621900832,298.52166666666665,-0.009895523416560081,299.75,291.45,2.4916666666666667,100.0,0.3461394118462522,0.10534496080427402,-0.03233578624732066,0.23538287718207584,4.0,0.0,17.0,298.6482686381568,298.64166666666665,-0.0066019714901699444,300.34999999999997,292.54999999999995,5.3075,310.0,0.4650795188690182,0.10255524226657542,-0.13275586870437905,0.31657701729912446,5.0,0.0,18.0,299.6935004286807,299.6825,-0.011000428680688401,302.15,292.04999999999995,2.9125,281.75,0.3891898477673834,0.1359920692527936,-0.15225142637491254,0.5357800475598964,5.0,1.0,23.0,297.46475750796577,293.04999999999995,-4.414757507965817,302.15,292.04999999999995,1.3,300.0,-0.16182685992036738,-4.306314508622123,0.6472338561025927,-0.7468325677733105,6.0,0.0,18.0,302.0254233227756,302.025,-0.0004233227756458291,306.84999999999997,291.34999999999997,2.2375,260.0,0.3956508408695356,0.21038710147931283,-0.06401011199692637,0.6333443620351176,6.0,1.0,23.0,299.6943437480216,295.34999999999997,-4.344343748021629,306.84999999999997,291.34999999999997,0.0,270.0,-0.11459458358891084,-4.185395092114021,0.7083332987819991,-0.6818628823170059,,,,,,,,,,,,,,,,,,,,,,,,,,,,,,,,,,,,,,,,,,,,,,,,,,,,,,,,,,,,,,,,,,,,,,,,,,,,,,,,,,,,
200,3.0,0.0,19.0,309.6784752712475,309.6683333333333,-0.010141937914227128,312.04999999999995,297.15,5.458333333333333,300.0,0.29133387240065645,0.15220882466444152,0.003784956069381451,0.41215533099848756,3.0,1.0,23.0,308.1584281705668,303.54999999999995,-4.608428170566867,312.04999999999995,297.15,3.8,310.0,-0.11742074892048038,-4.496413789550672,0.47627881990675763,-0.3117733658475146,4.0,0.0,19.0,309.321225024683,309.31666666666666,-0.004558358016311104,311.95,296.45,5.266666666666667,303.3333333333333,0.296954851198862,0.15306723922957133,-0.02697190690968417,0.440734793011444,4.0,1.0,23.0,307.7419683995878,302.34999999999997,-5.3919683995878245,311.95,296.45,3.8,310.0,-0.13402815046130456,-5.285632776651568,0.4935474361007266,-0.3638425226934885,5.0,0.0,19.0,308.3725900058655,308.37,-0.0025900058654997338,310.34999999999997,294.84999999999997,5.56,327.0,0.3259845567578026,0.14160411081357438,-0.05095409845442115,0.40035634800044306,5.0,1.0,23.0,306.3302634108838,298.95,-7.380263410883799,310.34999999999997,294.84999999999997,5.3,310.0,-0.2153949535715043,-7.297041636143632,0.6529035673016068,-0.7114462449473393,6.0,0.0,19.0,306.2009492992037,306.18666666666667,-0.014282632537060636,308.75,291.54999999999995,5.135,310.3333333333333,0.2549770231149324,0.10886126899583815,-0.10182019343785005,0.4443524255666347,6.0,1.0,23.0,304.361466341689,296.34999999999997,-8.011466341689015,308.75,291.54999999999995,6.1,300.0,-0.22949160205000396,-7.94683746468435,0.60256394718652,-0.7001084327238374,,,,,,,,,,,,,,,,,,,,,,,,,,,,,,,,,,,,,,,,,,,,,,,,,,,,,,,,,,,,,,,,,,,,,,,,,,,,,,,,,,,,
201,0.0,0.0,19.0,304.59691442736244,304.59499999999997,-0.0019144273624647212,307.54999999999995,297.84999999999997,8.4925,300.0,0.2977280734896226,0.20623484952062654,0.0013916333552828064,0.591649988834547,0.0,1.0,23.0,303.0942066232792,298.54999999999995,-4.544206623279251,307.54999999999995,297.84999999999997,8.9,310.0,-0.004453546742425374,-4.382437074624676,0.5922472355274758,-0.45973323891608686,1.0,0.0,19.0,304.0760349479541,304.05499999999995,-0.021034947954149175,307.54999999999995,291.54999999999995,8.745000000000001,310.0,0.3244889350232256,0.1676765832948348,-0.07964693768069253,0.6208403731903189,1.0,1.0,23.0,301.98209423336027,295.84999999999997,-6.132094233360306,307.54999999999995,291.54999999999995,7.2,300.0,-0.0752824205875271,-6.00350062070973,0.7050422711152274,-0.7728718973970956,2.0,0.0,19.0,300.51393220483544,300.50333333333333,-0.010598871502111251,302.54999999999995,289.25,7.486666666666667,319.3333333333333,0.25735356846718105,0.10276472680712345,-0.09996087663633091,0.4054194232934094,2.0,1.0,23.0,298.4067053123248,291.95,-6.4567053123248,302.54999999999995,289.25,7.3,310.0,-0.1634032125826934,-6.397673708904534,0.6912484494219768,-0.9817846508659045,3.0,0.0,19.0,299.02086060578586,299.01,-0.010860605785865118,301.45,286.45,7.59,300.0,0.19913631151270295,0.10681918331469831,-0.12637394280049344,0.5007415163731537,3.0,1.0,23.0,298.0039351633899,294.65,-3.353935163389906,301.45,286.45,7.1,310.0,-0.05195098095211392,-3.2702280787594304,0.39298222084543966,-0.3779458026662752,4.0,0.0,19.0,301.38293121704055,301.37833333333333,-0.0045978837072198075,304.75,288.25,7.511666666666667,300.5833333333333,0.2562368575711247,0.17244968770160085,-0.08754496921136479,0.6374478935969847,4.0,1.0,23.0,300.366265071361,296.84999999999997,-3.5162650713610333,304.75,288.25,7.3,310.0,0.007004943122709051,-3.3769327999321916,0.43065988010044504,-0.2613439813572427,5.0,0.0,20.0,302.9537457248139,302.95,-0.0037457248139389776,306.45,288.84999999999997,6.6,300.0,0.2742350202975956,0.19886212350168364,-0.03906067721551191,0.6336010129904679,5.0,1.0,23.0,301.8543770280746,298.65,-3.2043770280746458,306.45,288.84999999999997,5.8,310.0,0.024631420057090736,-3.043595660998122,0.4734680272784004,-0.25284420120540574,6.0,0.0,20.0,304.6309837270056,304.625,-0.00598372700562777,307.54999999999995,290.34999999999997,5.545,296.5,0.25913794468637263,0.2098022123460339,0.02695799105336505,0.6026904908258928,6.0,1.0,23.0,303.74709324653264,299.75,-3.9970932465326428,307.54999999999995,290.34999999999997,5.7,300.0,0.05639086363652268,-3.8121446657540616,0.4535995382345419,-0.16808903832455258
202,0.0,0.0,19.0,306.76103326175524,306.75,-0.011033261755244439,310.04999999999995,300.25,3.3333333333333335,246.66666666666666,0.23623272696632114,0.1910655012547835,-0.0961686752780982,0.7887280115899813,0.0,1.0,23.0,304.60073969651785,296.34999999999997,-8.250739696517883,310.04999999999995,300.25,3.0,130.0,-0.20683104037864553,-8.053555552591945,0.8682868824642895,-0.9607813390906585,1.0,0.0,18.0,305.012970506267,305.0083333333333,-0.00463717293365562,308.65,292.84999999999997,2.8166666666666664,141.66666666666666,0.35008371745573186,0.15749453609025466,-0.10576424664966548,0.5394357128024154,1.0,1.0,23.0,302.24441822629245,296.54999999999995,-5.694418226292498,308.65,292.84999999999997,2.5,130.0,-0.2377043602236597,-5.581403306417812,0.7797354359630901,-0.9515653412502303,2.0,0.0,19.0,306.3741210310557,306.35749999999996,-0.01662103105576307,310.84999999999997,294.84999999999997,2.83,288.5,0.1881102456268735,0.18735003675961082,0.07974617909318245,0.5274072320787013,2.0,1.0,23.0,304.87291520830405,300.25,-4.62291520830405,310.84999999999997,294.84999999999997,1.9,360.0,-0.10783185568968179,-4.44435136261383,0.5869065745087217,-0.42637858897838044,3.0,0.0,18.0,306.4780996769958,306.47499999999997,-0.0030996769958164805,309.84999999999997,295.45,3.275,140.0,0.3289235649204727,0.18426542803828738,-0.03417345675470548,0.5490123970065213,3.0,1.0,23.0,303.9704596741638,299.25,-4.720459674163806,309.84999999999997,295.45,0.2,180.0,-0.17064487482370794,-4.582813675796871,0.6833383181239961,-0.6904655768583154,4.0,0.0,19.0,307.08019143926083,307.07416666666666,-0.006024772594173555,311.34999999999997,296.04999999999995,1.7366666666666668,300.0,0.17500745886835034,0.19920684346179485,0.11389224142886671,0.46528690671055983,4.0,1.0,23.0,305.91416763705445,302.84999999999997,-3.0641676370544815,311.34999999999997,296.04999999999995,2.5,300.0,-0.05887719115102641,-2.887790478791956,0.45496785687628005,-0.17033762097938165,5.0,0.0,23.0,301.8885902755191,295.75,-6.138590275519107,308.04999999999995,293.25,4.0,120.0,-0.2213068698429197,-6.051044897399663,0.5735846538371542,-0.7207726430159198,6.0,0.0,23.0,297.2027941856514,292.45,-4.752794185651396,302.54999999999995,291.45,3.6,140.0,-0.3244345460908846,-4.771803747685084,0.6665399562260698,-1.1486117060386078,,,,,,,,,,,,,,,,,,,,,,,,,,,,
203,0.0,0.0,18.0,298.7713925824451,298.75666666666666,-0.014725915778456056,302.34999999999997,298.04999999999995,3.8583333333333334,301.5,0.14281043943896066,0.13173107611879686,0.09489562438380024,0.34109899195649973,1.0,0.0,23.0,298.24486575772477,296.34999999999997,-1.8948657577248014,307.15,289.15,3.3,300.0,-0.08430207934110001,-1.7988476514261436,0.4071924327086644,-0.22008243292995644,,,,,,,,,,,,,,,,,,,,,,,,,,,,,,,,,,,,,,,,,,,,,,,,,,,,,,,,,,,,,,,,,,,,,,,,,,,,,,,,,,,,,,,,,,,,,,,,,,,,,,,,,,,,,,,,,,,,,,,,,,,,,,,,,,,,,,,,,,,,,,,,,,,,,,,,,,,,,,,,,,,,,,,,
204,0.0,0.0,19.0,304.50266195419994,304.5025,-0.00016195419993891846,308.04999999999995,302.34999999999997,7.2299999999999995,320.0,0.14453859711525752,0.18733409613749075,0.11538325725077432,0.4500466816003552,0.0,1.0,23.0,303.27839001173203,300.65,-2.6283900117320513,308.04999999999995,302.34999999999997,0.2,160.0,-0.006669911900601733,-2.4961126313257154,0.3851648368890703,-0.12648860694579867,1.0,0.0,18.0,305.03007314221486,305.025,-0.005073142214882864,309.04999999999995,293.95,5.680000000000001,320.0,0.17097511767089202,0.17995812335026073,0.06507419413135078,0.4959033667657593,1.0,1.0,23.0,303.3891012856984,299.75,-3.639101285698416,309.04999999999995,293.95,1.9,290.0,-0.04795960166286761,-3.5212849386477387,0.4764302620096241,-0.3296306205283912,2.0,0.0,18.0,304.4365738972871,304.42999999999995,-0.006573897287125874,308.04999999999995,294.25,5.239999999999999,320.0,0.17925506706905026,0.16169798817294634,0.015997901092120514,0.49341079720184666,2.0,1.0,23.0,302.5949197295502,299.15,-3.444919729550236,308.04999999999995,294.25,2.5,300.0,-0.06834591304861704,-3.349787279904106,0.44417387293382166,-0.3442565526519843,3.0,0.0,17.0,302.5295650025039,302.525,-0.004565002503909454,305.95,292.65,5.433333333333334,320.0,0.18238057145654807,0.12788682424456965,-0.010099051179224716,0.37993101367317195,3.0,1.0,23.0,300.6488157907755,297.45,-3.198815790775484,305.95,292.65,5.5,310.0,-0.10553185226579842,-3.1386591665728787,0.4174673756554815,-0.41130634775964836,4.0,0.0,18.0,299.64453394177366,299.64,-0.004533941773672723,302.45,290.25,6.69,320.0,0.11920128235257721,0.07826555053242146,-0.06768283390177032,0.32448760016873734,4.0,1.0,23.0,297.9375412402436,294.75,-3.187541240243604,302.45,290.25,7.3,320.0,-0.1465855904377804,-3.1673617946563724,0.3736220807608343,-0.47346019936773587,,,,,,,,,,,,,,,,,,,,,,,,,,,,,,,,,,,,,,,,,,,,,,,,,,,,,,,,
205,0.0,0.0,17.0,299.9451077760265,299.9433333333333,-0.0017744426931471935,301.95,294.04999999999995,6.934166666666667,230.0,0.2979590540322903,0.11521864257585435,-0.040474731914253916,0.29244183392819423,0.0,1.0,23.0,297.17563004035514,291.25,-5.925630040355145,301.95,294.04999999999995,3.5,220.0,-0.15207399972257463,-5.90297150876512,0.6536418360227051,-0.9520600226137219,1.0,0.0,20.0,301.21957954527056,301.18666666666667,-0.032912878603895024,304.25,287.65,1.8433333333333333,278.3333333333333,0.253851493156219,0.14147633430539486,-0.09634841529600162,0.6446402087559449,1.0,1.0,23.0,299.3175726684419,293.54999999999995,-5.7675726684419715,304.25,287.65,0.0,40.0,-0.05422052498018104,-5.669691257741675,0.6302384549773592,-0.6873205307960149,2.0,0.0,19.0,304.1614512408928,304.1475,-0.013951240892822625,307.54999999999995,288.15,3.9225,230.0,0.3140378267868016,0.21025718067461696,-0.027429174236497527,0.6925346632735909,2.0,1.0,23.0,302.23926957708807,296.34999999999997,-5.8892695770881005,307.54999999999995,288.15,1.5,220.0,-0.006210416585190615,-5.743952482208741,0.6752304918376856,-0.6136559214937023,3.0,0.0,19.0,304.69282379030886,304.6716666666666,-0.021157123642240094,308.45,290.34999999999997,4.628333333333333,214.83333333333334,0.34056244188428764,0.1975225294997074,-0.06994150947547932,0.7151905328894941,3.0,1.0,23.0,301.77484978122436,294.75,-7.024849781224361,308.45,290.34999999999997,1.5,190.0,-0.08512446351360836,-6.914896765172628,0.8420874036669138,-0.9798655617161955,4.0,0.0,19.0,303.14579211928975,303.12333333333333,-0.022458785956416705,306.95,289.25,4.976666666666667,229.66666666666666,0.315641214852036,0.16233427503281916,-0.08963055826885125,0.6256786536528409,4.0,1.0,23.0,300.0392573656818,293.04999999999995,-6.989257365681851,306.95,289.25,2.2,190.0,-0.12439998183920409,-6.918193321939427,0.803105404289596,-1.036896949950048,5.0,0.0,18.0,300.5780265146933,300.56333333333333,-0.01469318135997355,304.15,288.15,4.28,200.0,0.2922446964652181,0.12836440831321738,-0.12397220158397222,0.5290710777638026,5.0,1.0,23.0,297.4218997241023,290.25,-7.171899724102275,304.15,288.15,2.7,190.0,-0.1791210149400797,-7.144217864119625,0.7987038484503918,-1.1747938732345773,6.0,0.0,19.0,300.1000933786552,300.09666666666664,-0.0034267119885385,303.34999999999997,287.65,3.933333333333333,212.66666666666666,0.27103316527325205,0.14623189649380208,-0.1057232354893974,0.5442117886166358,6.0,1.0,23.0,297.2462169308873,290.25,-6.996216930887272,303.34999999999997,287.65,3.1,210.0,-0.15382262666841484,-6.954665666364534,0.7627953409233328,-1.072601113830757
206,0.0,0.0,18.0,298.885731818487,298.86749999999995,-0.018231818487038254,302.34999999999997,288.75,4.6450000000000005,320.0,0.3558227453938372,0.1574935444952814,-0.13200913193869704,0.6355012838447323,1.0,0.0,18.0,297.506291885694,297.49249999999995,-0.013791885694047323,301.15,286.15,4.535,311.75,0.33719066801160125,0.1377875452257058,-0.12470911459727556,0.5328461830255122,5.0,0.0,19.0,300.5121253276241,300.49333333333334,-0.018791994290779712,305.15,286.15,3.9833333333333334,270.0,0.34498076378694975,0.2210729434535068,-0.029038288637811622,0.7211568134860897,5.0,1.0,23.0,298.5537639349357,294.84999999999997,-3.7037639349357505,305.15,286.15,0.0,270.0,0.0065406566182986126,-3.549652299457833,0.5531629476931764,-0.3414472318880257,6.0,0.0,18.0,303.6426924010555,303.62,-0.02269240105550807,308.15,289.15,4.6375,305.0833333333333,0.42581679157925123,0.2464205069449008,-0.050571626931561774,0.8292026204003804,6.0,1.0,23.0,300.8233324799303,295.54999999999995,-5.273332479930332,308.15,289.15,0.0,240.0,-0.030987406042228827,-5.1109178707015985,0.7360876305307139,-0.6074069379092322,,,,,,,,,,,,,,,,,,,,,,,,,,,,,,,,,,,,,,,,,,,,,,,,,,,,,,,,,,,,,,,,,,,,,,,,,,,,,,,,,,,,,,,,,,,,,,,,,,,,,,,,,,,,,,,,
207,0.0,0.0,19.0,297.73681355290086,297.7333333333333,-0.003480219567563836,298.15,290.54999999999995,3.3541666666666665,357.9166666666667,0.09674984497436867,0.029072273708706575,-0.038664507058129516,0.11081713916431113,1.0,0.0,20.0,300.3335367010951,300.31083333333333,-0.02270336776177828,303.75,284.25,3.5708333333333333,318.8333333333333,0.19394702676530073,0.14156589688103338,-0.08288424693705092,0.6141730155510601,1.0,1.0,23.0,298.6876180398718,290.54999999999995,-8.137618039871825,303.75,284.25,2.7,350.0,-0.13431657872772007,-8.038244465802933,0.610459970722213,-0.7030588450313076,2.0,0.0,19.0,302.62597647185464,302.62083333333334,-0.005143138521304991,305.95,285.65,2.8291666666666666,160.83333333333334,0.29255649321621036,0.1972393568752011,-0.13412282336109152,0.810823618051586,2.0,1.0,23.0,300.48642737210923,291.95,-8.536427372109245,305.95,285.65,3.1,290.0,-0.12645312909832285,-8.412854328158332,0.7173887274259366,-0.7908258385967599,3.0,0.0,19.0,305.31334132116797,305.28,-0.033341321167995375,309.25,288.75,3.455,188.5,0.3406263641793714,0.21309814858454956,-0.10428428029158472,0.8930488718211933,3.0,1.0,23.0,302.22091392376643,296.04999999999995,-6.170913923766477,309.25,288.75,2.1,310.0,-0.1631144759380021,-6.034185772267335,0.9779048377265696,-1.0943207292313701,4.0,0.0,19.0,305.65638816615467,305.6383333333333,-0.01805483282134901,309.25,291.45,2.1,340.0,0.30107828052925356,0.2108655065776901,-0.06336768981521364,0.7720395157302846,4.0,1.0,23.0,302.92766126554193,295.75,-7.1776612655419285,309.25,291.45,2.7,290.0,-0.148373022711354,-7.043325222132395,0.8853226488022253,-0.98503394367998,5.0,0.0,19.0,307.4888149257773,307.47749999999996,-0.011314925777355711,311.45,289.95,2.425,147.25,0.33679034035458244,0.2458373072997091,-0.08953234897521156,0.9224094514513013,5.0,1.0,23.0,305.1124971778241,297.15,-7.962497177824105,311.45,289.95,0.2,280.0,-0.08573451411203337,-7.786887550792969,0.831385001148116,-0.7982822196198072,6.0,0.0,19.0,306.7636807961441,306.7583333333333,-0.005347462810789239,310.34999999999997,290.04999999999995,4.533333333333333,169.66666666666666,0.30891432061467583,0.22228120287684305,-0.049699344763486884,0.756511677915995,6.0,1.0,23.0,304.09400329589954,297.25,-6.84400329589954,310.34999999999997,290.04999999999995,2.3,300.0,-0.1373067350340591,-6.705350524863292,0.8721481828117182,-0.945391193388815,,,,,,,,,,,,,,
208,0.0,0.0,23.0,299.66168759826394,296.34999999999997,-3.3116875982639726,305.95,296.34999999999997,4.4,300.0,-0.03635011733094018,-3.224378240279975,0.4885646434283615,-0.4483128783332546,1.0,0.0,17.0,298.96366492783574,298.9625,-0.0011649278357594994,300.95,291.04999999999995,8.57,320.0,0.16386309918291886,0.10035728985008063,0.027123090312002773,0.22679886283695794,1.0,1.0,23.0,297.77410919294033,295.75,-2.0241091929403296,300.95,291.04999999999995,5.7,310.0,-0.03050885025129446,-1.967771495786323,0.27331776525124,-0.22053385483665977,2.0,0.0,17.0,298.83456576380405,298.83,-0.0045657638040665915,301.45,290.04999999999995,10.696666666666667,320.0,0.17965136022462502,0.11010791378647866,-0.04294288579337054,0.37023167128114665,3.0,0.0,17.0,297.4616218479358,297.45916666666665,-0.0024551812691697705,299.84999999999997,287.84999999999997,4.605833333333333,310.0,0.14497808542677149,0.09263756711251858,-0.0466486457881814,0.3265410433947835,5.0,0.0,18.0,298.18558488677206,298.17999999999995,-0.005584886772112441,300.95,288.25,0.8766666666666667,290.0,0.1554749468399308,0.12813839856737275,-0.02501196582726095,0.44448175667191947,6.0,0.0,18.0,298.52039337402323,298.51,-0.010393374023237811,300.34999999999997,292.54999999999995,3.2075,349.75,0.14330326183863917,0.10580095353031993,0.019609387475933698,0.31393101949568347,,,,,,,,,,,,,,,,,,,,,,,,,,,,,,,,,,,,,,,,,,,,,,,,,,,,,,,,,,,,,,,,,,,,,,,,,,,,,,,,,,,,,,,,,,,,,,,,,,
209,0.0,0.0,19.0,307.21949644777675,307.21666666666664,-0.0028297811101083425,310.04999999999995,300.25,5.66,310.0,0.28579466707083157,0.15737644587655097,-0.0653217824168119,0.5346133392941539,0.0,1.0,23.0,305.6434930550452,300.95,-4.693493055045224,310.04999999999995,300.25,5.0,300.0,-0.07427190912977721,-4.5362856534383695,0.6241429746260252,-0.631926848237299,1.0,0.0,19.0,307.17631447934286,307.16666666666663,-0.009647812676234935,310.34999999999997,293.15,6.295,300.0,0.3134301766211962,0.16030443557350793,-0.15704393945451045,0.6856089537124035,1.0,1.0,23.0,305.71987193492293,301.04999999999995,-4.6698719349229805,310.34999999999997,293.15,4.7,310.0,-0.04689292976553361,-4.50817522035365,0.5656444974841955,-0.5121216903648218,2.0,0.0,19.0,307.61067626514694,307.6066666666666,-0.004009598480308796,311.15,293.15,5.5675,300.0,0.3180861229919856,0.17818427779090484,-0.131831470526663,0.7037591560452796,2.0,1.0,23.0,305.83791152368246,300.04999999999995,-5.78791152368251,311.15,293.15,5.5,300.0,-0.07827971126275202,-5.61282084993816,0.6917860910969059,-0.7187882668915933,3.0,0.0,19.0,307.33305607934176,307.3233333333333,-0.009722746008435479,311.15,292.04999999999995,4.4799999999999995,291.3333333333333,0.29235046495162464,0.169577943963219,-0.1630814387052387,0.7716888692304735,3.0,1.0,23.0,306.215373762111,302.04999999999995,-4.165373762111074,311.15,292.04999999999995,4.6,320.0,0.005270024446446087,-3.9879961788039253,0.5013623361364665,-0.3598633009701757,4.0,0.0,19.0,307.20001103406156,307.19,-0.010011034061562896,310.15,294.15,5.14,306.0,0.2986001987782885,0.1608168618115542,-0.1394859445289569,0.670524590153434,4.0,1.0,23.0,305.7387050537616,301.04999999999995,-4.688705053761623,310.15,294.15,5.1,300.0,-0.048168050393670114,-4.521444567747636,0.6079923500810244,-0.596435997560107,5.0,0.0,19.0,307.20717382033183,307.1833333333333,-0.02384048699855157,310.34999999999997,294.15,4.383333333333334,302.5,0.27178439012740796,0.14801238629435431,-0.16984561109295745,0.7667150998207006,5.0,1.0,23.0,306.11501143819993,302.04999999999995,-4.065011438199974,310.34999999999997,294.15,5.1,300.0,-0.011645865769381203,-3.892670821438898,0.48625072307478473,-0.33933910413061597,6.0,0.0,19.0,307.84849414982665,307.83666666666664,-0.011827483160004704,311.04999999999995,294.25,5.041666666666667,293.1666666666667,0.29378434359210814,0.16890736447892607,-0.15485325408694925,0.7629641808818093,6.0,1.0,23.0,306.366302211636,301.04999999999995,-5.316302211636071,311.04999999999995,294.25,6.2,310.0,-0.04956122182289846,-5.1340052369392595,0.6294459553591357,-0.5874177852134608
210,0.0,0.0,17.0,306.0141478446188,306.01,-0.004147844618785257,309.75,303.04999999999995,2.981666666666667,90.0,0.23821377853720094,0.18873598607763142,0.07293342082083616,0.462612114185859,0.0,1.0,23.0,302.90682404662164,299.15,-3.7568240466216594,309.75,303.04999999999995,3.0,320.0,-0.06591963369132259,-3.6799274740796335,0.5871559773515335,-0.623198650410842,1.0,0.0,18.0,303.6431379148753,303.64,-0.0031379148753103436,306.95,294.04999999999995,0.195,120.0,0.12861075510511455,0.13107915427482908,0.07551765201431238,0.30809692636627517,1.0,1.0,23.0,301.8168003999896,298.65,-3.1668003999895973,306.95,294.04999999999995,1.6,330.0,-0.0517349076692426,-3.1028166885913038,0.44101701223227013,-0.45317938998381635,2.0,0.0,18.0,303.83028613411057,303.8233333333333,-0.006952800777241919,307.45,292.84999999999997,3.890833333333333,321.4166666666667,0.19180494271918747,0.1407708539798449,-0.014299164987093604,0.44872798992065555,2.0,1.0,23.0,301.8365834926056,298.04999999999995,-3.7865834926056436,307.45,292.84999999999997,4.8,310.0,-0.047834059337702683,-3.7194281860403464,0.44831824957760585,-0.47096471771610027,3.0,0.0,18.0,305.58808126919047,305.58,-0.008081269190483908,309.75,292.84999999999997,2.595,248.0,0.21677196842320257,0.17645511888485998,-0.003951444827033394,0.5732795643213393,3.0,1.0,23.0,303.3214568663286,297.34999999999997,-5.971456866328651,309.75,292.84999999999997,0.2,170.0,-0.04719951725832061,-5.879140442315659,0.5725429056791663,-0.614642381535873,4.0,0.0,23.0,299.8355637869758,296.34999999999997,-3.485563786975831,305.95,291.75,4.4,300.0,-0.10161686523608182,-3.465852677123081,0.4257496442416245,-0.5717265422220095,5.0,0.0,17.0,298.99699204339106,298.99583333333334,-0.0011587100577230558,300.95,291.04999999999995,8.596666666666668,320.0,0.09970740384082433,0.054751365104380056,-0.023399801089145928,0.17017928731750942,5.0,1.0,23.0,297.8517782385746,295.75,-2.101778238574582,300.95,291.04999999999995,5.7,310.0,-0.07058612599780645,-2.0895084581925403,0.22773290545704108,-0.29552844020048497,6.0,0.0,17.0,298.85160839713717,298.84999999999997,-0.001608397137204065,301.45,290.04999999999995,10.674999999999999,320.0,0.12737015712099264,0.0781427430868149,-0.07675284782842577,0.3214342661539433,,,,,,,,,,,,,,,,,,,,,,,,,,,,
211,0.0,0.0,17.0,298.6001915118867,298.59749999999997,-0.0026915118867236743,301.95,292.15,6.2825,270.0,0.36860738230902257,0.1256832953611422,-0.07777319699320628,0.3366181973799911,1.0,0.0,23.0,298.81239207613,294.75,-4.062392076129981,307.45,288.75,0.2,290.0,-0.04362133181487593,-3.976601047485957,0.5649286216147212,-0.5692493269435772,2.0,0.0,18.0,297.9990159978804,297.9891666666666,-0.009849331213786172,299.54999999999995,289.84999999999997,4.1466666666666665,270.0,0.2609769298129123,0.09489089486889668,-0.06613647119698385,0.3232839831868688,3.0,0.0,18.0,299.6416729137373,299.64,-0.0016729137373090452,303.04999999999995,289.84999999999997,4.63,273.8333333333333,0.3208457586934088,0.16006364059042255,-0.047013855746262344,0.46319513601855533,4.0,0.0,17.0,298.89965517086347,298.89416666666665,-0.005488504196819122,303.04999999999995,288.15,5.1658333333333335,270.0,0.3870184915274564,0.1425485062891454,-0.10532193808731449,0.43559264959331756,5.0,0.0,18.0,297.5851068790922,297.575,-0.010106879092234067,301.95,288.25,5.370833333333333,270.0,0.3142396183845193,0.11731378652440583,-0.06024609758572789,0.34665515251960244,6.0,0.0,18.0,298.9845038922169,298.98249999999996,-0.002003892216919212,303.04999999999995,287.25,4.4575,260.0,0.2813406841979855,0.1583030590627601,0.009533653946642554,0.4024650377982937,,,,,,,,,,,,,,,,,,,,,,,,,,,,,,,,,,,,,,,,,,,,,,,,,,,,,,,,,,,,,,,,,,,,,,,,,,,,,,,,,,,,,,,,,,,,,,,,,,
212,0.0,0.0,18.0,303.2566732880735,303.22416666666663,-0.032506621406867,310.34999999999997,301.84999999999997,2.3408333333333333,149.41666666666666,0.06323034350752721,0.24283915068122042,0.03069093633246685,0.9694256999244715,0.0,1.0,23.0,301.0878870582023,293.04999999999995,-8.03788705820233,310.34999999999997,301.84999999999997,1.7,340.0,-0.5952202793855008,-7.83230943765885,0.6466446125535725,0.01157802910026362,1.0,0.0,19.0,301.91698923412673,301.91249999999997,-0.004489234126765496,309.25,287.75,1.6875,147.5,-0.021872616392357713,0.2194059037036169,-0.04202276254629567,0.9389382764264838,1.0,1.0,23.0,299.9770209307527,293.65,-6.327020930752724,309.25,287.75,2.6,290.0,-0.6171322145372073,-6.161541946153278,0.5808857640172059,-0.014513220662877302,2.0,0.0,18.0,302.01589950235837,301.99,-0.025899502358356585,308.65,289.45,3.05,150.0,-0.0006251010602511542,0.19257278716652593,-0.023135480569048166,0.8788898314839741,2.0,1.0,23.0,300.0649604613528,293.15,-6.914960461352848,308.65,289.45,3.0,300.0,-0.6211104818616207,-6.753356997933224,0.5646940923690806,-0.007517631233440625,3.0,0.0,18.0,297.53728852112084,297.52916666666664,-0.008121854454202548,301.45,287.15,3.1999999999999997,175.41666666666666,-0.003024698307612539,0.0996740844626629,-0.013085811357602969,0.4024283446747603,,,,,,,,,,,,,,,,,,,,,,,,,,,,,,,,,,,,,,,,,,,,,,,,,,,,,,,,,,,,,,,,,,,,,,,,,,,,,,,,,,,,,,,,,,,,,,,,,,
213,0.0,0.0,17.0,309.75375516675234,309.75,-0.0037551667523416654,310.84999999999997,303.45,7.7,320.0,0.7683221226375565,0.11605429325616967,-0.14649416513233385,0.20269344128105615,0.0,1.0,23.0,307.28673627965236,301.25,-6.036736279652359,310.84999999999997,303.45,5.6,320.0,-0.28183417065199023,-5.915252455874011,0.690456335229039,-0.6925799703200397,1.0,0.0,19.0,310.00794891518245,310.005,-0.0029489151824577675,312.54999999999995,294.54999999999995,5.816666666666666,320.0,0.3466757536246803,0.17220454086177028,-0.021081685964124592,0.4577671261320688,1.0,1.0,23.0,308.2178831421479,303.04999999999995,-5.167883142147957,312.54999999999995,294.54999999999995,4.3,310.0,-0.20686981750162658,-5.012967991840469,0.5849310507116646,-0.4120438094878267,5.0,0.0,19.0,309.4867555999989,309.47249999999997,-0.014255599998932666,311.84999999999997,297.15,5.38,320.0,0.2417350214315377,0.12549950527147757,-0.06305586853441507,0.4794875056847161,5.0,1.0,23.0,308.100889676018,304.04999999999995,-4.050889676018073,311.84999999999997,297.15,1.9,340.0,-0.19708954351364127,-3.918654184531917,0.4770279971962689,-0.2994849749103139,6.0,0.0,17.0,308.7347771913893,308.72999999999996,-0.0047771913893370765,310.84999999999997,294.34999999999997,7.9799999999999995,330.0,0.5058328051451468,0.11597920723009736,-0.10193172056302065,0.2757999540963283,6.0,1.0,23.0,306.6874009668509,300.34999999999997,-6.3374009668509075,310.84999999999997,294.34999999999997,2.2,140.0,-0.2824144040340144,-6.223135630255101,0.6073280970594604,-0.5929106394942778,,,,,,,,,,,,,,,,,,,,,,,,,,,,,,,,,,,,,,,,,,,,,,,,,,,,,,,,,,,,,,,,,,,,,,,,,,,,,,,,,,,,
214,0.0,0.0,17.0,300.26346912489316,300.2583333333333,-0.005135791559837344,302.45,296.54999999999995,10.4875,310.0,0.28963120392879205,0.1162638369730189,-0.03703948058982102,0.31230040340496146,0.0,1.0,23.0,297.7517875692414,294.15,-3.6017875692414236,302.45,296.54999999999995,3.2,290.0,-0.0841111734173694,-3.567657938075115,0.4428899390891938,-0.5576878111359491,1.0,0.0,17.0,299.6806211184547,299.67499999999995,-0.005621118454769203,301.45,289.25,5.3374999999999995,300.0,0.2482238467135005,0.1124027517087427,-0.022989227037967908,0.3086384767295698,1.0,1.0,23.0,297.4389844391693,292.84999999999997,-4.588984439169337,301.45,289.25,2.1,310.0,-0.08237884615560631,-4.553497295953761,0.4248664433004355,-0.5416232561666305,2.0,0.0,18.0,299.17650614403794,299.1683333333333,-0.008172810704650146,301.95,288.25,9.368333333333334,312.8333333333333,0.2214823626305389,0.11041506078869645,-0.025217981394902722,0.3356061993614503,2.0,1.0,23.0,297.4553598323414,294.04999999999995,-3.4053598323414462,301.95,288.25,5.1,340.0,-0.05164092171969514,-3.3563350277469084,0.37101414687199963,-0.40925761352959,3.0,0.0,18.0,299.73286954412146,299.72499999999997,-0.007869544121490435,302.54999999999995,291.54999999999995,2.9499999999999997,300.0,0.23026233532682738,0.11535050251758605,0.015998230192754665,0.284721677394117,3.0,1.0,23.0,297.53535987221034,294.04999999999995,-3.485359872210381,302.54999999999995,291.54999999999995,2.9,290.0,-0.0721893739123658,-3.4437302796399507,0.4262079022049458,-0.5090165514257308,4.0,0.0,18.0,298.15994696114166,298.1525,-0.007446961141681641,300.25,288.25,5.994166666666667,302.8333333333333,0.17831097345418812,0.0825814397286706,0.005613615821137803,0.21357327881206345,5.0,0.0,19.0,301.08676465462213,301.085,-0.0017646546221499193,304.54999999999995,288.84999999999997,9.505,300.0,0.2286586111588491,0.16854952953200097,-0.0540423129913421,0.5713207516377992,5.0,1.0,23.0,300.20929966521544,299.04999999999995,-1.1592996652154852,304.54999999999995,288.84999999999997,2.8,210.0,0.0608799715287347,-1.0399228375039087,0.25662801510898703,0.01838769957660702,6.0,0.0,18.0,301.2943096467475,301.2833333333333,-0.01097631341417582,304.15,291.04999999999995,6.633333333333334,306.6666666666667,0.23229770462265265,0.1359578951114031,-0.009027878232302555,0.4160241684412114,6.0,1.0,23.0,299.5311773376971,296.45,-3.081177337697113,304.15,291.04999999999995,3.9,310.0,-0.0298906802972283,-3.0045176170002605,0.43365093064895177,-0.4061537371586468,,,,,,,,,,,,,,
215,3.0,0.0,20.0,297.5119152406761,297.51,-0.001915240676112262,301.95,290.45,4.691666666666666,250.0,-0.04131349091211689,0.18280246573887382,0.036784486471631794,0.6544463596311374,5.0,0.0,18.0,298.0034963121287,297.9866666666666,-0.016829645462053122,302.34999999999997,291.34999999999997,3.720833333333333,293.25,0.03248308014460122,0.13223507604512008,0.0010373721236855242,0.5793936351346645,6.0,0.0,17.0,300.06842660848224,300.06,-0.008426608482238862,307.15,289.15,5.1,290.75,0.3255315991955996,0.2247577416908655,-0.0785316208691474,0.7272496236099499,6.0,1.0,23.0,297.88752903736747,296.34999999999997,-1.5375290373675057,307.15,289.15,3.3,300.0,-0.22759127061922868,-1.3952446758246282,0.4688860450729824,-0.17186511963457463,,,,,,,,,,,,,,,,,,,,,,,,,,,,,,,,,,,,,,,,,,,,,,,,,,,,,,,,,,,,,,,,,,,,,,,,,,,,,,,,,,,,,,,,,,,,,,,,,,,,,,,,,,,,,,,,,,,,,,,,,,,,,,,,,,,,,,,,,,,,
216,0.0,0.0,19.0,303.37453019592846,303.3566666666666,-0.01786352926183099,308.04999999999995,301.34999999999997,2.21,250.0,0.3438818422826557,0.26125029001150324,0.19265663277899137,0.5257637611757247,0.0,1.0,23.0,300.88360539598517,295.84999999999997,-5.033605395985205,308.04999999999995,301.34999999999997,0.2,120.0,-0.05988293447254023,-4.833374621037237,0.8487628570195748,-0.7459927051935296,1.0,0.0,18.0,300.665060040394,300.66249999999997,-0.0025600403940302385,302.45,290.15,2.629166666666667,210.0,0.28992252337644686,0.17802007661856578,0.004474400893812458,0.4916053504555862,1.0,1.0,23.0,297.7730962424471,291.95,-5.823096242447093,302.45,290.15,1.5,140.0,-0.17377773859048773,-5.720908995397849,0.8314716962045452,-1.027667958227525,2.0,0.0,18.0,298.17333735197275,298.16416666666663,-0.009170685306116866,300.25,289.25,2.524166666666667,250.33333333333334,0.2580344698649384,0.12849699122317304,-0.046895971061417185,0.4186931879611251,3.0,0.0,17.0,298.3054527365353,298.29999999999995,-0.005452736535346503,302.04999999999995,288.84999999999997,4.75,200.0,0.46573649457602073,0.1466844676131842,-0.25385281408970667,0.654441776163921,,,,,,,,,,,,,,,,,,,,,,,,,,,,,,,,,,,,,,,,,,,,,,,,,,,,,,,,,,,,,,,,,,,,,,,,,,,,,,,,,,,,,,,,,,,,,,,,,,,,,,,,,,,,,,,,
217,0.0,0.0,19.0,305.81519397177334,305.79999999999995,-0.015193971773385329,309.25,300.04999999999995,2.4,165.0,0.2983862725488109,0.20486591116892328,-0.02145968101498852,0.6855452076574977,0.0,1.0,23.0,302.1354500083428,292.95,-9.185450008342798,309.25,300.04999999999995,0.0,300.0,-0.20049013081217026,-9.092074417201928,1.0317321658788927,-1.3143503065853395,1.0,0.0,19.0,306.3696588728036,306.35749999999996,-0.012158872803638587,310.95,288.75,2.2225,163.25,0.3269525159380464,0.22630209916003707,-0.09107209765614262,0.8473981844940397,1.0,1.0,23.0,303.0345509250661,293.15,-9.88455092506615,310.95,288.75,1.6,320.0,-0.1515395082574713,-9.76759570652571,0.9411324762453054,-1.1184163892218066,2.0,0.0,19.0,306.2968424381244,306.2758333333333,-0.021009104791062327,310.95,290.34999999999997,3.0133333333333336,170.0,0.3218635264421579,0.20863753662793272,-0.08802411222831097,0.7987395116391411,2.0,1.0,23.0,303.03687830737863,294.75,-8.286878307378629,310.95,290.34999999999997,0.3,320.0,-0.1403945399266462,-8.176246378157728,0.878477041502388,-1.0214873680558298,3.0,0.0,18.0,306.0418320601622,306.03166666666664,-0.01016539349558343,310.34999999999997,289.84999999999997,3.7841666666666667,142.83333333333334,0.3219823824491641,0.20894281226645717,-0.10236127552917651,0.7841244667895495,3.0,1.0,23.0,302.6787214062939,295.75,-6.928721406293903,310.34999999999997,289.84999999999997,0.2,280.0,-0.1465118498936988,-6.831556788164576,0.8623860748716558,-1.0145453215235847,4.0,0.0,18.0,300.0715817730945,300.07,-0.0015817730945286712,302.04999999999995,290.95,5.94,178.0,0.17103822461875495,0.08212609789171665,-0.05150180604251394,0.2808450040588326,4.0,1.0,23.0,297.8092416002286,292.45,-5.359241600228586,302.04999999999995,290.95,2.4,190.0,-0.17783930712771223,-5.3503688307636,0.5271309015149276,-0.7798140793091477,6.0,0.0,19.0,301.95085524280773,301.94,-0.010855242807735976,306.45,287.54999999999995,3.815,159.5,0.2945910579720987,0.18748469826329028,-0.1282956037414588,0.7527111960771151,6.0,1.0,23.0,299.22343700732887,293.54999999999995,-5.673437007328914,306.45,287.54999999999995,1.3,220.0,-0.12215468272812302,-5.586426321295534,0.7117490842251328,-0.8060277828974876,,,,,,,,,,,,,,,,,,,,,,,,,,,,
218,0.0,0.0,20.0,304.522981729667,304.50666666666666,-0.01631506300032015,308.75,299.54999999999995,2.6,319.8333333333333,0.32054261767444814,0.2700133446316073,0.02054225288969273,0.8644473647446631,0.0,1.0,23.0,303.2369808150432,299.15,-4.086980815043205,308.75,299.54999999999995,2.5,300.0,0.05503409935742809,-3.841518726943164,0.5936296442532599,-0.17990953050171754,1.0,0.0,19.0,306.4986742196559,306.4633333333333,-0.035340886322615006,309.84999999999997,294.25,6.2,278.5,0.4012420926038516,0.24485577011395776,-0.049393406527798334,0.9227052868085934,1.0,1.0,23.0,304.0535991215238,299.04999999999995,-5.003599121523848,309.84999999999997,294.25,4.9,300.0,-0.03201306982691676,-4.785148359170904,0.8172024139573372,-0.6286307669208782,2.0,0.0,18.0,299.9219967220312,299.91499999999996,-0.0069967220312605605,301.34999999999997,291.54999999999995,6.82,303.5,0.26897724246967414,0.0994765337343182,-0.024814118993504053,0.2790323150246792,2.0,1.0,23.0,297.6085028637745,291.25,-6.358502863774504,301.34999999999997,291.54999999999995,8.1,310.0,-0.2076152690578965,-6.2939280110285125,0.6855815355707193,-0.9424584404193297,6.0,0.0,19.0,300.43491107170763,300.4216666666666,-0.013244405041007212,303.75,287.84999999999997,2.8466666666666667,310.0,0.32534458194386673,0.21460028484094096,-0.03236774343966431,0.6932549146879552,6.0,1.0,23.0,299.2852967107755,296.25,-3.035296710775526,303.75,287.84999999999997,4.0,300.0,0.017099263518133512,-2.8499428593279674,0.4668497252752246,-0.15083113388185154,,,,,,,,,,,,,,,,,,,,,,,,,,,,,,,,,,,,,,,,,,,,,,,,,,,,,,,,,,,,,,,,,,,,,,,,,,,,,,,,,,,,
219,0.0,0.0,18.0,300.16333865954215,300.1525,-0.010838659542173446,301.45,294.54999999999995,3.3175,180.75,0.323028287632269,0.10542904339334314,-0.023537361354030395,0.27402969636037255,0.0,1.0,23.0,297.66691544962174,293.15,-4.516915449621763,301.45,294.54999999999995,2.2,150.0,-0.16547971905350778,-4.430409626452416,0.7405999679106353,-1.0233752545114214,1.0,0.0,19.0,300.6269158086483,300.62333333333333,-0.0035824753149427124,303.65,292.65,0.76,160.0,0.2485291191257346,0.14383148387778988,-0.16784098496808042,0.6766015881058536,1.0,1.0,23.0,298.62395188865037,294.25,-4.373951888650367,303.65,292.65,2.9,210.0,-0.11049764671189166,-4.251102138256499,0.6792019617558651,-0.8172429729538493,2.0,0.0,17.0,301.9542288739472,301.9458333333333,-0.008395540613889807,305.25,293.75,2.175,225.83333333333334,0.3968054995169865,0.16262602571023876,-0.1344236879394837,0.5893852350318696,2.0,1.0,23.0,299.4900719794847,294.84999999999997,-4.6400719794847305,305.25,293.75,2.5,160.0,-0.10256969832920504,-4.512220229284907,0.6856342477775333,-0.8056817382331474,3.0,0.0,23.0,298.11755931507815,294.25,-3.8675593150781538,301.34999999999997,293.15,1.3,180.0,-0.1127228548964041,-3.7841303362204286,0.5346774631096262,-0.6783170199494464,4.0,0.0,17.0,300.64543005808866,300.64416666666665,-0.0012633914220145925,303.04999999999995,293.15,3.171666666666667,190.0,0.389557884489804,0.13089235722988235,-0.1440526199946485,0.4641946483236836,4.0,1.0,23.0,298.2859580939266,294.15,-4.135958093926604,303.04999999999995,293.15,1.3,250.0,-0.1271812605372844,-4.039980336064772,0.6497029744322921,-0.8241911447173891,5.0,0.0,18.0,300.6824476327607,300.6733333333333,-0.0091142994274378,303.15,292.65,2.435,280.0,0.3493033234499734,0.1274825171744851,-0.1451921240389377,0.5214852062065631,5.0,1.0,23.0,298.20601231157167,293.65,-4.556012311571692,303.15,292.65,1.5,290.0,-0.14046548646763313,-4.455116925863493,0.7041851153201577,-0.9183513839306272,6.0,0.0,18.0,299.5960332623599,299.5775,-0.018533262359937908,301.34999999999997,292.45,2.3225000000000002,273.5,0.31251700039396724,0.09238189619409809,-0.0863628861439499,0.35426731284110247,6.0,1.0,23.0,297.17702998012896,292.54999999999995,-4.627029980129009,301.34999999999997,292.45,0.0,280.0,-0.1657553013748725,-4.548818423182098,0.6837357438075836,-0.961275812246214,,,,,,,,,,,,,,
220,0.0,0.0,18.0,302.927312753463,302.91999999999996,-0.007312753463054378,303.75,299.04999999999995,2.705,280.1666666666667,0.522546993169513,0.15422510407742607,0.024744466554461535,0.20501600705304668,0.0,1.0,23.0,300.5588314481859,295.34999999999997,-5.208831448185947,303.75,299.04999999999995,0.0,290.0,-0.24410808123077743,-5.120691868128205,0.5530640333634077,-0.42221959624002636,1.0,0.0,17.0,301.5649417820815,301.55916666666667,-0.005775115414849097,302.54999999999995,293.15,2.5533333333333332,240.25,0.6095854995097625,0.11825246784326282,-0.08097216652676782,0.15098660322470892,1.0,1.0,23.0,299.4435146651117,295.25,-4.193514665111707,302.54999999999995,293.15,0.0,280.0,-0.25147103783058355,-4.13159475715895,0.4694476350550521,-0.37306086848481357,2.0,0.0,18.0,301.4222186907357,301.4,-0.0222186907357127,302.54999999999995,292.34999999999997,0.375,280.0,0.4848025269395606,0.10421968538467752,0.003518353230603566,0.12262056460505733,2.0,1.0,23.0,299.1058491630887,293.65,-5.455849163088715,302.54999999999995,292.34999999999997,0.0,290.0,-0.27762622511201585,-5.39865313809689,0.5180255087846982,-0.4720675046619789,3.0,0.0,23.0,297.9116876484499,293.04999999999995,-4.8616876484499585,301.45,292.04999999999995,0.2,320.0,-0.29436250474012127,-4.825595214014996,0.49877933753096687,-0.5019597888658325,4.0,0.0,18.0,300.15243979551656,300.14166666666665,-0.010773128849905333,301.45,292.04999999999995,3.308333333333333,180.83333333333334,0.46997243255957244,0.10528496544360166,-0.0410675440886763,0.15481611025769837,4.0,1.0,23.0,297.9231084446365,293.15,-4.773108444636534,301.45,292.04999999999995,2.2,150.0,-0.28438653744473186,-4.726973270565367,0.5192216801878876,-0.5077878310023465,5.0,0.0,19.0,300.8021016823155,300.7833333333333,-0.01876834898217794,303.65,292.65,0.625,160.0,0.19541402668775731,0.11814839886173445,-0.02902280313035514,0.4354920914657896,5.0,1.0,23.0,298.96061262523216,294.25,-4.710612625232159,303.65,292.65,2.9,210.0,-0.24967996706854478,-4.637775731653733,0.4926433650186368,-0.3873376761320202,6.0,0.0,17.0,302.27328999668146,302.2708333333333,-0.002456663348141319,305.25,293.75,2.325,250.83333333333334,0.5495861298085032,0.15596448608380342,-0.09995679042432452,0.36487574855624416,6.0,1.0,23.0,299.9201998013273,294.84999999999997,-5.070199801327362,305.25,293.75,2.5,160.0,-0.24516850477837693,-4.991580474430393,0.5164719788696507,-0.4011515648963666,,,,,,,,,,,,,,
221,0.0,0.0,19.0,303.61215565254304,303.59999999999997,-0.012155652543071938,307.54999999999995,299.54999999999995,4.075,202.5,0.33073655668023605,0.24071538504961154,0.053149562035391305,0.6719636555277333,0.0,1.0,23.0,301.02866392161576,295.15,-5.878663921615782,307.54999999999995,299.54999999999995,2.5,200.0,-0.15631706695297964,-5.732878787765458,0.7747622735716675,-0.6543797312708648,1.0,0.0,19.0,304.447959776924,304.42999999999995,-0.01795977692404449,309.04999999999995,289.34999999999997,3.68,210.0,0.35082792773121696,0.23846428780635165,-0.07545187512178586,0.8659891339417669,1.0,1.0,23.0,301.58791365777404,294.04999999999995,-7.537913657774084,309.04999999999995,289.34999999999997,2.3,210.0,-0.20111100793255332,-7.395996049768513,0.9039933847641208,-0.8954374634724616,2.0,0.0,19.0,299.31553113456727,299.3125,-0.003031134567265781,302.45,287.65,3.8416666666666663,200.0,0.24532529682078064,0.13750730592315108,-0.056465754809778446,0.4448103141313595,3.0,0.0,19.0,299.06117659256154,299.06,-0.001176592561535017,303.04999999999995,286.45,5.475,210.0,0.2791292454110277,0.16802696274612572,-0.11977572891703876,0.6304733050412921,,,,,,,,,,,,,,,,,,,,,,,,,,,,,,,,,,,,,,,,,,,,,,,,,,,,,,,,,,,,,,,,,,,,,,,,,,,,,,,,,,,,,,,,,,,,,,,,,,,,,,,,,,,,,,,,
222,0.0,0.0,23.0,298.18808845730643,293.45,-4.738088457306446,310.65,293.45,1.5,140.0,-0.060524815103718765,-4.595778696663999,0.6752909731174697,-0.5339146199044649,1.0,0.0,23.0,297.3801400982327,289.75,-7.630140098232687,306.84999999999997,289.34999999999997,0.0,310.0,-0.20007971680892922,-7.544098489986823,0.9401532567807275,-1.1343775089485888,,,,,,,,,,,,,,,,,,,,,,,,,,,,,,,,,,,,,,,,,,,,,,,,,,,,,,,,,,,,,,,,,,,,,,,,,,,,,,,,,,,,,,,,,,,,,,,,,,,,,,,,,,,,,,,,,,,,,,,,,,,,,,,,,,,,,,,,,,,,,,,,,,,,,,,,,,,,,,,,,,,,,,,,
223,0.0,0.0,17.0,297.9226593332334,297.91666666666663,-0.0059926665667831,299.15,293.45,6.82,320.0,0.9019168072286305,0.13659700932205965,-0.19042774895040301,0.3016398685693531,5.0,0.0,17.0,298.15029211413594,298.14,-0.010292114135950214,302.04999999999995,287.15,5.62,320.0,0.8301064428860059,0.16341675966953062,-0.2603922308938185,0.5465192869773148,6.0,0.0,23.0,297.49999088523566,293.54999999999995,-3.9499908852357066,304.04999999999995,290.45,4.2,310.0,-0.2282667339417941,-3.7600713155752885,0.6868479256690279,-0.48853378353477694,,,,,,,,,,,,,,,,,,,,,,,,,,,,,,,,,,,,,,,,,,,,,,,,,,,,,,,,,,,,,,,,,,,,,,,,,,,,,,,,,,,,,,,,,,,,,,,,,,,,,,,,,,,,,,,,,,,,,,,,,,,,,,,,,,,,,,,,,,,,,,,,,,,,,,,,,,
224,0.0,0.0,23.0,297.9753905831305,294.15,-3.8253905831305133,299.25,294.15,5.2,320.0,-0.2707869672731391,-3.922324669188953,0.384743166857002,-0.933175871876557,1.0,0.0,19.0,303.4809905232469,303.4783333333333,-0.00265718991357744,305.95,289.54999999999995,6.211666666666667,305.5,0.16931152957376128,0.11023710623679506,-0.11134762090816726,0.46961831078701266,1.0,1.0,23.0,302.19298532765356,297.65,-4.542985327653582,305.95,289.54999999999995,9.5,340.0,-0.08849064060770218,-4.468388149395508,0.45696784060477097,-0.5548541294798497,2.0,0.0,19.0,304.58332374688,304.57,-0.013323746880018916,306.65,293.75,2.3600000000000003,204.0,0.18724352529750377,0.1086576171459086,-0.08519546609560298,0.4876207784797373,2.0,1.0,23.0,303.11711209399743,298.75,-4.367112093997434,306.65,293.75,2.2,20.0,-0.08179397084182938,-4.284155080467471,0.47579486503167817,-0.5389846810022476,6.0,0.0,18.0,313.4442757169967,313.4366666666666,-0.007609050330074751,316.95,300.54999999999995,8.365,316.1666666666667,0.3540654041222382,0.21446644301266815,0.02046581195901827,0.577286438905773,6.0,1.0,23.0,311.37502086124795,306.65,-4.72502086124797,316.95,300.54999999999995,0.2,210.0,-0.007959083540470147,-4.555624506053974,0.6172666515059243,-0.4950703154186016,,,,,,,,,,,,,,,,,,,,,,,,,,,,,,,,,,,,,,,,,,,,,,,,,,,,,,,,,,,,,,,,,,,,,,,,,,,,,,,,,,,,,,,,,,,,,,,,,,
225,0.0,0.0,18.0,303.8654803609453,303.86249999999995,-0.0029803609453438185,306.45,302.25,9.291666666666668,230.41666666666666,0.4730354358868709,0.21938505990479484,0.064199743371456,0.417345082814208,0.0,1.0,23.0,301.35405532293504,296.84999999999997,-4.5040553229350735,306.45,302.25,5.6,220.0,-0.18831726824542727,-4.372111685254524,0.6254197812767425,-0.4309141992561507,1.0,0.0,18.0,304.81219403713317,304.80499999999995,-0.007194037133217535,308.65,289.15,7.675,231.5,0.3563718111081471,0.22600140902788723,0.03598473137266467,0.5862881566897471,1.0,1.0,23.0,302.77104566394246,297.34999999999997,-5.421045663942493,308.65,289.15,2.8,230.0,-0.1616327826638866,-5.264069514930725,0.6194410781569767,-0.3666095218418519,2.0,0.0,18.0,305.64539523020983,305.64416666666665,-0.0012285635431794617,309.75,290.84999999999997,9.456666666666667,240.0,0.45836177724036986,0.22973181274649335,0.07305670824371191,0.44107584834218017,2.0,1.0,23.0,303.0939701462263,297.65,-5.44397014622632,309.75,290.84999999999997,5.2,210.0,-0.19758200681350502,-5.3026406970658115,0.6682241690122481,-0.4733706984846009,3.0,0.0,23.0,299.97563266974305,294.15,-5.825632669743072,304.84999999999997,293.15,6.8,220.0,-0.30328339211666844,-5.770514919928615,0.6624188488795207,-0.7310038703554369,6.0,0.0,18.0,298.6902841297508,298.67499999999995,-0.015284129750853026,303.84999999999997,283.84999999999997,8.549999999999999,230.0,0.41120216815942,0.17398173583805487,-0.0808636682285595,0.5439201769958828,,,,,,,,,,,,,,,,,,,,,,,,,,,,,,,,,,,,,,,,,,,,,,,,,,,,,,,,,,,,,,,,,,,,,,,,,,,,,,,,,,,,
226,0.0,0.0,19.0,306.613686712588,306.59999999999997,-0.013686712588025784,310.34999999999997,300.45,3.35,295.0,0.21832958210441689,0.19512504312278622,0.004124121410626458,0.6544362788345666,0.0,1.0,23.0,304.8838948370732,300.84999999999997,-4.033894837073262,310.34999999999997,300.45,3.5,290.0,-0.052093090436514444,-3.9002670610460797,0.5349869834233184,-0.3448718069911081,1.0,0.0,19.0,307.1954729518195,307.1933333333333,-0.002139618486182826,311.45,294.34999999999997,4.866666666666666,316.1666666666667,0.21117687128213447,0.20807224280488867,-0.0028301179003544044,0.6648286880657253,1.0,1.0,23.0,305.5369584139092,300.84999999999997,-4.686958413909224,311.45,294.34999999999997,4.6,300.0,-0.054885551092112905,-4.550004285567198,0.5488007141582424,-0.3690002234727814,2.0,0.0,19.0,306.55989192334357,306.53,-0.029891923343598137,310.34999999999997,294.25,3.1,318.0,0.21931920549990025,0.16002638857980855,-0.04950314996718438,0.6621478142132418,2.0,1.0,23.0,304.41727376608634,299.15,-5.267273766086362,310.34999999999997,294.25,3.2,290.0,-0.09967344459636251,-5.163898513531677,0.5581405565889099,-0.4837984728604283,3.0,0.0,18.0,303.60110798779,303.5825,-0.01860798779000561,307.04999999999995,291.54999999999995,5.74,282.3333333333333,0.19230595883388446,0.12094805982141565,-0.1295839716348913,0.6098938279660615,3.0,1.0,23.0,300.3013505213699,291.95,-8.351350521369909,307.04999999999995,291.54999999999995,6.6,310.0,-0.271970771886231,-8.333883648770225,0.8118837097359849,-1.1694912273803197,4.0,0.0,18.0,298.7940481287761,298.7783333333333,-0.015714795442818286,302.54999999999995,287.54999999999995,3.5475,300.5833333333333,0.1258576026825864,0.06431703717414905,-0.16582386039997724,0.45996171212377135,4.0,1.0,23.0,297.6337726712397,294.15,-3.4837726712397057,302.54999999999995,287.54999999999995,4.1,300.0,-0.1348618742132004,-3.4601595741210076,0.2871966464527655,-0.32382510908959716,5.0,0.0,19.0,300.21034523557813,300.2033333333333,-0.007011902244812518,303.75,287.15,2.9966666666666666,295.6666666666667,0.11582972610693787,0.12258046954777058,-0.04758679468964999,0.48149067232029097,5.0,1.0,23.0,298.977793014272,296.34999999999997,-2.627793014272015,303.75,287.15,2.1,330.0,-0.09789868183705153,-2.5595385735094425,0.3809771682459626,-0.3074044517397567,6.0,0.0,19.0,303.0877343091154,303.08666666666664,-0.0010676424487314762,307.54999999999995,290.34999999999997,3.065,295.1666666666667,0.18492319862964735,0.18186247046142512,-0.040627677501201255,0.633087926305862,6.0,1.0,23.0,301.67543952934807,297.54999999999995,-4.125439529348114,307.54999999999995,290.34999999999997,3.5,300.0,-0.051878762670170886,-4.0136799737022955,0.4161659042497945,-0.23632946151883516
227,0.0,0.0,23.0,309.6619379600993,304.15,-5.511937960099317,313.75,304.15,2.7,300.0,-0.24367064900776825,-5.437319068054379,0.5188652796994025,-0.3995748067828373,1.0,0.0,18.0,310.5242695671426,310.5075,-0.016769567142603137,313.25,296.04999999999995,6.305833333333333,310.0,0.293759492444579,0.11546751873832761,-0.030700105054814724,0.339027655869117,1.0,1.0,23.0,308.72172849896504,304.15,-4.571728498965058,313.25,296.04999999999995,3.8,310.0,-0.2107984037133832,-4.49841054909524,0.4054004339509163,-0.24141406623633088,,,,,,,,,,,,,,,,,,,,,,,,,,,,,,,,,,,,,,,,,,,,,,,,,,,,,,,,,,,,,,,,,,,,,,,,,,,,,,,,,,,,,,,,,,,,,,,,,,,,,,,,,,,,,,,,,,,,,,,,,,,,,,,,,,,,,,,,,,,,,,,,,,,,,,,,,,
228,1.0,0.0,18.0,313.73167755976846,313.72999999999996,-0.0016775597684954846,316.95,300.54999999999995,8.86,318.0,0.4876231008090457,0.2365793557340794,0.006575971341149511,0.5829795832734703,1.0,1.0,23.0,311.66534691597826,306.65,-5.015346915978284,316.95,300.54999999999995,0.2,210.0,-0.047628635262185526,-4.803534645232517,0.6474181324270774,-0.3976301073972479,2.0,0.0,18.0,310.5062596467659,310.49249999999995,-0.013759646765947764,313.04999999999995,296.95,8.3825,308.5,0.30728910979469504,0.14480505961275014,0.0542426569511368,0.30534760622066415,2.0,1.0,23.0,308.04444408189704,301.75,-6.294444081897041,313.04999999999995,296.95,7.8,290.0,-0.18014241457147762,-6.165328313114699,0.694932822143528,-0.765719981727301,3.0,0.0,17.0,305.4921396155277,305.48999999999995,-0.0021396155277670914,306.45,293.84999999999997,7.3,300.0,0.5276634804588838,0.043188244052316804,-0.21177118470037706,0.159239261976154,3.0,1.0,23.0,302.7315128687631,296.34999999999997,-6.381512868763139,306.45,293.84999999999997,6.9,320.0,-0.29660843039418694,-6.345115945563862,0.7278983946757241,-1.1167776470665842,4.0,0.0,18.0,303.47761834124896,303.46416666666664,-0.013451674582313444,305.75,291.25,7.791666666666666,320.1666666666667,0.2547130693439783,0.06363674563269228,-0.1996686775507849,0.4325225153305752,4.0,1.0,23.0,301.57679668446616,296.34999999999997,-5.226796684466194,305.75,291.25,7.1,320.0,-0.22662902451543232,-5.168837227765778,0.5924158744514662,-0.821525790807712,5.0,0.0,19.0,305.5713125101944,305.56583333333333,-0.005479176861058477,308.65,291.04999999999995,6.886666666666667,320.0,0.30280716584124434,0.14917855303279737,-0.1030695117363507,0.5405451398541032,5.0,1.0,23.0,303.9830394719336,298.65,-5.333039471933603,308.65,291.04999999999995,3.9,300.0,-0.13049691927584206,-5.199737030803718,0.5782551250044415,-0.5671122515636711,6.0,0.0,18.0,309.49468642831596,309.48749999999995,-0.007186428316003912,313.54999999999995,292.54999999999995,8.0375,320.0,0.4202809225530615,0.22441410383773075,-0.05305752822586859,0.6906116814073471,6.0,1.0,23.0,307.7779285553065,304.04999999999995,-3.727928555306562,313.54999999999995,292.54999999999995,5.2,320.0,-0.03706358897423456,-3.5314919731565055,0.5872589465372471,-0.3311784876430295,,,,,,,,,,,,,,,,,,,,,,,,,,,,
229,1.0,0.0,17.0,298.23775106090517,298.22416666666663,-0.01358439423853497,303.15,289.25,6.661666666666667,270.0,0.5269481809224743,0.15397883090254538,-0.3031677053615027,0.7130042964178074,2.0,0.0,18.0,297.4158522260636,297.4108333333333,-0.0050188927302770026,301.95,288.15,5.51,265.0833333333333,0.3121424924697038,0.14742260188980083,-0.07761752102294395,0.46500797831257046,3.0,0.0,17.0,301.31900492821796,301.31333333333333,-0.005671594884631759,307.45,288.75,5.21,280.0,0.5562176806340204,0.2399705878158045,-0.20114119067269579,0.8440367638557973,3.0,1.0,23.0,298.597051314631,294.75,-3.847051314631017,307.45,288.75,0.2,290.0,-0.11803381293508153,-3.7168566665087184,0.6398993600048707,-0.5368503777252585,4.0,0.0,18.0,297.7200696981885,297.71999999999997,-6.969818855395715e-05,299.54999999999995,289.84999999999997,4.26,270.0,0.2709701407048044,0.12458349282671577,-0.08843600334635937,0.4324766670822271,5.0,0.0,18.0,299.2250575130363,299.21999999999997,-0.0050575130363199605,303.04999999999995,289.84999999999997,4.49,271.5,0.3206709828668295,0.18057900763999157,-0.0790490959502866,0.5980749033146253,6.0,0.0,17.0,298.5301460374768,298.5258333333333,-0.004312704143501378,303.04999999999995,288.15,5.194166666666667,270.0,0.414159808217363,0.16679062904049147,-0.13374529618685926,0.5433780297079096,,,,,,,,,,,,,,,,,,,,,,,,,,,,,,,,,,,,,,,,,,,,,,,,,,,,,,,,,,,,,,,,,,,,,,,,,,,,,,,,,,,,,,,,,,,,,,,,,,
230,0.0,0.0,17.0,307.4691166497435,307.4683333333333,-0.0007833164102066803,308.75,301.75,8.011666666666667,320.0,0.35085796764107613,0.07699975631933853,-0.12746437957932244,0.271643490270705,0.0,1.0,23.0,304.67280211204866,299.75,-4.922802112048657,308.75,301.75,6.1,320.0,-0.2593732739423018,-4.8818709054270215,0.6728452474737215,-1.0154113377669205,1.0,0.0,18.0,306.32780614755296,306.315,-0.01280614755296483,308.75,294.04999999999995,8.290833333333333,319.0833333333333,0.21711162722925792,0.08995171136483293,-0.17137777090646011,0.5137287098691132,1.0,1.0,23.0,304.49454026966146,300.25,-4.2445402696614565,308.75,294.04999999999995,7.1,320.0,-0.1912837710879387,-4.169039546038192,0.5678101771466876,-0.7405908641263608,2.0,0.0,18.0,307.3983799390902,307.385,-0.013379939090214066,310.75,293.15,8.1075,320.0,0.25741505973469714,0.1323802365092348,-0.1272735225994476,0.5762830856165095,2.0,1.0,23.0,305.6505994760298,301.34999999999997,-4.300599476029845,310.75,293.15,2.6,320.0,-0.14257991905974166,-4.187075389302819,0.5630766304671369,-0.6132597575564915,3.0,0.0,19.0,310.81815126958304,310.81666666666666,-0.001484602916377753,315.25,293.95,7.4399999999999995,320.0,0.2740357140339711,0.22323305495048373,-0.052901784156157795,0.7410419537878994,3.0,1.0,23.0,309.19739472208323,304.15,-5.047394722083254,315.25,293.95,0.5,310.0,-0.07287708989217379,-4.849161557460775,0.6509355841150418,-0.5294171479642955,6.0,0.0,19.0,313.3524896839847,313.3333333333333,-0.019156350651371667,316.95,299.54999999999995,8.674999999999999,320.0,0.2803778530244614,0.1896648141551367,-0.030840802768992148,0.6495969980135357,6.0,1.0,23.0,311.1297162120549,306.15,-4.979716212054939,316.95,299.54999999999995,4.5,300.0,-0.11911697928411513,-4.806328630601641,0.7144085911116065,-0.6767250872156723,,,,,,,,,,,,,,,,,,,,,,,,,,,,,,,,,,,,,,,,,,,,,,,,,,,,,,,,
231,0.0,0.0,17.0,300.52419569450433,300.52,-0.004195694504346648,302.45,296.25,5.94,320.0,0.35417427789414546,0.10671824391596374,-0.08884967312756942,0.3206412864202406,0.0,1.0,23.0,298.5740815148727,294.75,-3.8240815148727165,302.45,296.25,7.3,320.0,-0.22395330906587674,-3.7289637902225508,0.5072136672912203,-0.4982495758881811,3.0,0.0,19.0,299.15075343496255,299.15,-0.0007534349625757386,302.45,287.34999999999997,1.135,79.5,0.08377443218296321,0.16453392776907094,-0.02923767373674953,0.6190227171270095,3.0,1.0,23.0,298.02354231074185,294.15,-3.8735423107418683,302.45,287.34999999999997,2.7,350.0,-0.15664438277856618,-3.7290479785243775,0.44369576410721834,-0.2585109774118024,4.0,0.0,18.0,303.942294790099,303.935,-0.00729479009902434,308.04999999999995,292.04999999999995,1.9266666666666667,294.5,0.21841420503152165,0.2523579600715493,0.03675213829239491,0.7813649828838436,4.0,1.0,23.0,302.43943033003654,300.25,-2.1894303300365436,308.04999999999995,292.04999999999995,2.7,300.0,-0.06649456680877108,-1.977064557142569,0.504413184583053,-0.08035911725249889,5.0,0.0,18.0,305.71985794752965,305.71,-0.009857947529667399,309.25,295.65,2.3333333333333335,103.66666666666667,0.23183469560767378,0.24342659589500215,0.07471500665072976,0.6851610724811081,5.0,1.0,23.0,303.7613792784397,300.75,-3.0113792784396765,309.25,295.65,2.8,320.0,-0.12521240844844783,-2.7985745278932086,0.6438361932804545,-0.337849714505694,6.0,0.0,17.0,305.83116574043925,305.83,-0.0011657404392622084,309.75,296.45,2.7866666666666666,90.0,0.2854307962923883,0.23003612588249212,0.027450383986542686,0.6186638634848691,6.0,1.0,23.0,303.2716092628749,299.15,-4.121609262874927,309.75,296.45,3.0,320.0,-0.18687655905242195,-3.942855848025559,0.6987554346495651,-0.5377586741340821,,,,,,,,,,,,,,,,,,,,,,,,,,,,,,,,,,,,,,,,,,,,,,,,,,,,,,,,
232,0.0,0.0,19.0,308.1924498274231,308.18916666666667,-0.003283160756438974,311.54999999999995,303.25,2.7775000000000003,237.91666666666666,0.43260194097335614,0.2518278367549698,-0.02379915956747425,0.7632800285699091,0.0,1.0,23.0,306.4000044822207,298.45,-7.95000448222072,311.54999999999995,303.25,1.3,210.0,-0.22260684512339424,-7.647722752386301,0.831403965360399,-0.5455203659638812,1.0,0.0,19.0,307.2795968574071,307.25,-0.02959685740711393,310.84999999999997,291.54999999999995,3.36,220.0,0.46081288058242365,0.1773975465857376,-0.150566971420479,0.7969174799060283,1.0,1.0,23.0,305.1976687161141,296.95,-8.247668716114106,310.84999999999997,291.54999999999995,1.5,230.0,-0.291051988848281,-7.985530721789786,0.8720230621681205,-0.7413751567957831,2.0,0.0,19.0,307.8310137787525,307.825,-0.00601377875250364,311.75,291.65,4.1625,238.75,0.4613984772174433,0.2179244373766096,-0.14163563376776742,0.8147518071989026,2.0,1.0,23.0,305.7253534855901,296.95,-8.77535348559013,311.75,291.65,7.6,230.0,-0.29131171367076547,-8.497085147351669,0.898759880547388,-0.7617109096613888,3.0,0.0,18.0,306.48231871999417,306.47249999999997,-0.009818719994200364,309.65,293.15,5.3149999999999995,235.25,0.6195152133685582,0.15757874925564863,-0.20574905685935127,0.6226429518715975,3.0,1.0,23.0,303.7697548791233,296.34999999999997,-7.419754879123332,309.65,293.15,3.0,200.0,-0.36949800654993226,-7.205437814149576,0.9479033191675986,-0.9919126060804047,4.0,0.0,18.0,305.02079675106745,305.01,-0.010796751067459809,307.54999999999995,292.15,4.1,204.0,0.5789272072444334,0.1390834955446678,-0.1473140398598692,0.44505213005211886,4.0,1.0,23.0,302.6805469312183,295.15,-7.530546931218339,307.54999999999995,292.15,2.5,200.0,-0.35665661447053765,-7.339174524804193,0.8463047737957888,-0.8873342549577785,5.0,0.0,19.0,305.28338562392963,305.25333333333333,-0.0300522905963021,309.04999999999995,289.34999999999997,3.8533333333333335,210.0,0.5128973066876199,0.14709646927786935,-0.24013059444916487,0.7724390983325549,5.0,1.0,23.0,302.9577890078866,294.04999999999995,-8.907789007886663,309.04999999999995,289.34999999999997,2.3,210.0,-0.36173643141994205,-8.67213999135356,0.9368577119415514,-0.9695890364768758,6.0,0.0,18.0,300.6750968209869,300.6633333333333,-0.011763487653581706,302.45,287.65,3.973333333333333,200.0,0.65764511409904,0.041736977137361464,-0.2654307771304616,0.2164866276187638,6.0,1.0,23.0,298.34076702990194,290.25,-8.09076702990194,302.45,287.65,2.7,190.0,-0.46226043704673714,-7.979514629424301,0.8203716586657824,-1.1102102717612468
233,0.0,0.0,17.0,302.0461579046248,302.03999999999996,-0.006157904624842558,308.04999999999995,298.54999999999995,5.701666666666667,307.1666666666667,0.559615681737057,0.2670905181872598,-0.1378549707892963,0.8542716081820032,0.0,1.0,23.0,300.24345841533886,298.15,-2.093458415338887,308.04999999999995,298.54999999999995,4.5,180.0,-0.02479131984998162,-1.8952161073049183,0.4242768765662011,-0.02004028310192041,6.0,0.0,19.0,300.1685484005846,300.16249999999997,-0.006048400584631963,304.15,289.54999999999995,5.945833333333333,290.0,0.35161002680152365,0.23445232752210643,-0.10850794322041206,0.8559651543844353,6.0,1.0,23.0,297.6967968236712,292.45,-5.246796823671218,304.15,289.54999999999995,3.5,270.0,-0.20844980904711008,-5.052096452449149,0.8903803363761019,-0.909903046546205,,,,,,,,,,,,,,,,,,,,,,,,,,,,,,,,,,,,,,,,,,,,,,,,,,,,,,,,,,,,,,,,,,,,,,,,,,,,,,,,,,,,,,,,,,,,,,,,,,,,,,,,,,,,,,,,,,,,,,,,,,,,,,,,,,,,,,,,,,,,
234,0.0,0.0,18.0,303.1577732032773,303.1433333333333,-0.014439869943998929,305.95,303.1433333333333,3.606666666666667,150.66666666666666,0.3254343970019562,0.16629533401416552,0.09002139809687056,0.3356701426776709,0.0,1.0,23.0,300.51137762207367,296.95,-3.561377622073678,305.95,303.1433333333333,2.5,130.0,-0.03592763024670376,-3.472072955317415,0.5523045319344106,-0.5620614375328046,1.0,0.0,18.0,302.31888670246633,302.31,-0.008886702466327279,304.65,295.34999999999997,2.8850000000000002,151.5,0.25524964713095244,0.1335807176937749,0.0268052049142824,0.3362375154676016,1.0,1.0,23.0,300.62621404017386,296.84999999999997,-3.7762140401738975,304.65,295.34999999999997,3.2,110.0,-0.026689436822906032,-3.6899343803551403,0.4711154982669778,-0.47043178145182196,2.0,0.0,17.0,301.41941794200676,301.4191666666666,-0.00025127534013336117,303.65,293.25,5.503333333333333,180.0,0.305613725574176,0.12687692369404147,-0.0311419040593582,0.3106310289877996,2.0,1.0,23.0,298.7206996485797,294.15,-4.570699648579705,303.65,293.25,3.5,130.0,-0.11029342602718373,-4.531084311910192,0.5905250770451147,-0.7985189792619707,3.0,0.0,18.0,300.81892975858125,300.8125,-0.006429758581248279,303.65,292.04999999999995,4.45,188.75,0.29980485910651566,0.12207512942806886,-0.06932761162668062,0.3824995184537414,3.0,1.0,23.0,298.0907932290391,293.75,-4.340793229039093,303.65,292.04999999999995,3.0,130.0,-0.10873148701230662,-4.303657395121249,0.5707580373108575,-0.7746627470681773,4.0,0.0,17.0,298.6664360902384,298.6633333333333,-0.003102756905093429,300.25,290.45,4.891666666666667,180.0,0.26561783990287324,0.08501733281241286,-0.06748718721847997,0.24725050519846548,5.0,0.0,17.0,297.1501796473104,297.065,-0.08517964731038319,299.15,290.94916666666666,4.019166666666667,170.0,0.2613804554582799,-0.013757951963583537,-0.09445428516127663,0.2133956451820751,,,,,,,,,,,,,,,,,,,,,,,,,,,,,,,,,,,,,,,,,,,,,,,,,,,,,,,,
235,0.0,0.0,19.0,306.35023769801006,306.34,-0.010237698010087115,310.84999999999997,304.04999999999995,2.8266666666666667,288.6666666666667,0.22579561748071342,0.2190687200075132,0.13154555691525616,0.5368906524562078,0.0,1.0,23.0,304.70797162032454,300.25,-4.4579716203245425,310.84999999999997,304.04999999999995,1.9,360.0,-0.02841907315576009,-4.277200629130363,0.6275910884174655,-0.46443613966249586,1.0,0.0,18.0,306.2183411222795,306.2,-0.018341122279537103,309.84999999999997,295.45,3.183333333333333,140.0,0.2905749874807242,0.1861501502246341,0.0020588559121866488,0.5932358696474438,1.0,1.0,23.0,303.62158986733067,299.25,-4.37158986733067,309.84999999999997,295.45,0.2,180.0,-0.09751403388460744,-4.245343498064145,0.6728358888522763,-0.6815942653504123,2.0,0.0,19.0,306.8830806047611,306.88166666666666,-0.0014139380944584445,311.34999999999997,296.04999999999995,1.8066666666666666,300.0,0.1883344339523063,0.20836002701490486,0.13453910256330914,0.46251162000623935,2.0,1.0,23.0,305.744980385666,302.84999999999997,-2.894980385666031,311.34999999999997,296.04999999999995,2.5,300.0,0.009324141535628883,-2.7239465386424087,0.45864412132560045,-0.19021186335147888,3.0,0.0,23.0,301.5261456702779,295.75,-5.776145670277913,308.04999999999995,293.25,4.0,120.0,-0.1485735371892929,-5.70064855005721,0.560890180733575,-0.7247393362759453,,,,,,,,,,,,,,,,,,,,,,,,,,,,,,,,,,,,,,,,,,,,,,,,,,,,,,,,,,,,,,,,,,,,,,,,,,,,,,,,,,,,,,,,,,,,,,,,,,
236,0.0,0.0,20.0,302.87263336982494,302.8633333333333,-0.009300036491652008,305.84999999999997,296.25,4.786666666666667,300.0,0.18858154321118548,0.18291044229157194,-0.0031721914108402416,0.6178990258469383,0.0,1.0,23.0,301.8768790892856,298.04999999999995,-3.826879089285626,305.84999999999997,296.25,2.6,310.0,-0.06429705224961424,-3.62732574546898,0.5191256810259782,-0.3208799987594091,1.0,0.0,19.0,304.6937312599795,304.6783333333333,-0.015397926646187443,308.75,290.65,6.629166666666666,300.0,0.26436342451385997,0.22173977763483776,-0.05234128777050273,0.8054748114486756,1.0,1.0,23.0,303.17507770634313,297.34999999999997,-5.825077706343166,308.75,290.65,7.0,310.0,-0.10246346884991908,-5.578323327765645,0.7295739897118759,-0.6029429405783588,2.0,0.0,20.0,303.78270557773027,303.775,-0.0077055777302916795,307.54999999999995,290.34999999999997,8.491666666666667,300.0,0.2331917892767308,0.20472764333305804,-0.07602348183426955,0.7514326116768757,2.0,1.0,23.0,302.61233981738565,298.54999999999995,-4.062339817385691,307.54999999999995,290.34999999999997,8.9,310.0,-0.06987210639186969,-3.849754901483493,0.5626826497242045,-0.3596678840441001,3.0,0.0,19.0,303.63698758788166,303.6275,-0.00948758788166515,307.54999999999995,291.54999999999995,8.6975,310.0,0.3031241727002225,0.19004121894754178,-0.1488588482227442,0.7952922973117467,3.0,1.0,23.0,301.7713008993015,295.84999999999997,-5.921300899301514,307.54999999999995,291.54999999999995,7.2,300.0,-0.15479559759728545,-5.721125783632445,0.7497244621757488,-0.7725639428981594,4.0,0.0,19.0,300.1598461730742,300.155,-0.004846173074213311,302.54999999999995,289.25,7.6925,317.75,0.23006575767553272,0.11329514085974779,-0.15479195581072247,0.542177039763871,4.0,1.0,23.0,298.25989644002163,291.95,-6.309896440021646,302.54999999999995,289.25,7.3,310.0,-0.2568712916582143,-6.182946591074767,0.7469450285480453,-1.0225779446157617,5.0,0.0,20.0,298.6203664785433,298.6166666666667,-0.0036998118766291554,301.45,286.45,7.516666666666667,300.0,0.1550492150600462,0.11743960917661411,-0.18782104465586733,0.6414634591699837,5.0,1.0,23.0,297.7344891498577,294.65,-3.0844891498577454,301.45,286.45,7.1,310.0,-0.12185225736978111,-2.9624302376849556,0.38930243846326107,-0.320611710031784,6.0,0.0,20.0,300.9162227974365,300.91249999999997,-0.003722797436523706,304.75,288.25,7.2075000000000005,302.25,0.207705204741913,0.18724192646757842,-0.12903710772872992,0.7700436502241246,6.0,1.0,23.0,300.04960180258246,296.84999999999997,-3.1996018025824924,304.75,288.25,7.3,310.0,-0.051850404407886685,-3.01344103282635,0.4235837161077143,-0.17270735233228152
237,0.0,0.0,19.0,307.0798203210099,307.06,-0.019820321009888175,309.25,300.25,1.616666666666667,259.6666666666667,0.3747112389298053,0.178445899178854,-0.08564656288246415,0.7105206812697134,0.0,1.0,23.0,304.64809316052407,296.34999999999997,-8.298093160524104,309.25,300.25,1.3,210.0,-0.12138767754139224,-8.090747226221538,0.9726921926930885,-1.1715494676480205,1.0,0.0,19.0,307.952529857507,307.9475,-0.0050298575069973595,311.54999999999995,292.15,2.8525,233.75,0.3829250608190904,0.22336429630205146,-0.11339972912506369,0.8281288508190983,1.0,1.0,23.0,305.899030238726,298.45,-7.4490302387260385,311.54999999999995,292.15,1.3,210.0,-0.06528397875186442,-7.210605882517839,0.9037110660798456,-0.9527058473494776,2.0,0.0,19.0,307.2459626098787,307.2125,-0.03346260987871119,310.84999999999997,291.54999999999995,3.37,220.0,0.40422156794237196,0.16810567030150025,-0.2056237532985913,0.889664848715185,2.0,1.0,23.0,304.7057218216306,296.95,-7.75572182163063,310.84999999999997,291.54999999999995,1.5,230.0,-0.12198905972798002,-7.550300308349364,0.9792074504100535,-1.168184177318551,3.0,0.0,19.0,307.9095227426702,307.9,-0.009522742670242224,311.75,291.65,4.185,239.5,0.41339369220460753,0.21553951865426768,-0.1670410906408506,0.8674208979076354,3.0,1.0,23.0,305.2907013534817,296.95,-8.340701353481734,311.75,291.65,7.6,230.0,-0.12208727474467196,-8.115007752052932,1.0374525859267247,-1.2328687220614114,4.0,0.0,18.0,306.3199989337486,306.3033333333333,-0.01666560041530829,309.65,293.15,5.28,234.66666666666666,0.4466694595340073,0.15735594624489124,-0.20927193641781608,0.7325669242283936,4.0,1.0,23.0,303.0808534012259,296.34999999999997,-6.730853401225943,309.65,293.15,3.0,200.0,-0.1878549189043497,-6.577929688928066,1.0300491943914711,-1.3696283073432767,5.0,0.0,18.0,304.7247231155911,304.7183333333333,-0.0063897822577700936,307.54999999999995,292.15,4.1,201.91666666666666,0.38328106891586344,0.14824783703801359,-0.11994131147785463,0.5231353393420903,5.0,1.0,23.0,302.0227337126331,295.15,-6.872733712633135,307.54999999999995,292.15,2.5,200.0,-0.17573021802581934,-6.735285457203048,0.9124069098855804,-1.2301581786054783,6.0,0.0,19.0,305.2383264008536,305.22166666666664,-0.016659734186987407,309.04999999999995,289.34999999999997,3.8466666666666667,210.0,0.4191840098587818,0.16941645044944664,-0.2617582909136094,0.8701890588610439,6.0,1.0,23.0,302.3474360131769,294.04999999999995,-8.297436013176934,309.04999999999995,289.34999999999997,2.3,210.0,-0.18586611588176538,-8.116662221353081,1.0738374814820635,-1.4320783234494314
238,0.0,0.0,17.0,309.17184994651143,309.16666666666663,-0.005183279844800381,310.75,303.04999999999995,8.016666666666666,320.0,0.22789556950390022,0.09555043490902904,-0.026606313173009728,0.2598962624666967,0.0,1.0,23.0,306.5817278498594,301.34999999999997,-5.231727849859453,310.75,303.04999999999995,2.6,320.0,-0.30956488960113404,-5.199883623388374,0.601079552264603,-0.8131651424300372,1.0,0.0,19.0,310.7459720790122,310.7333333333333,-0.012638745678884789,315.25,293.95,7.39,320.0,0.16116761103326382,0.1679696747413999,-0.056142201172775685,0.6536542442357529,1.0,1.0,23.0,309.13322005942354,304.15,-4.983220059423559,315.25,293.95,0.5,310.0,-0.18442936715220526,-4.8551306292311835,0.5699671309981463,-0.48297171334834843,4.0,0.0,19.0,313.10426770710154,313.09999999999997,-0.004267707101575979,316.95,299.54999999999995,8.625,320.0,0.1914813174534089,0.18523950868345196,-0.022980347252124982,0.6251707570499718,4.0,1.0,23.0,310.92739033569575,306.15,-4.77739033569577,316.95,299.54999999999995,4.5,300.0,-0.20745393478620144,-4.653559388543641,0.6355310260280618,-0.565146263101667,5.0,0.0,18.0,311.970312269518,311.96999999999997,-0.00031226951801954783,316.34999999999997,296.75,7.5200000000000005,310.0,0.20880842298760172,0.17274434342621703,-0.08165624994382863,0.6410299018126722,5.0,1.0,23.0,309.608170025086,305.04999999999995,-4.558170025086042,316.34999999999997,296.75,5.5,320.0,-0.23555362415261527,-4.458682864952223,0.6387803377288463,-0.6392763776788257,,,,,,,,,,,,,,,,,,,,,,,,,,,,,,,,,,,,,,,,,,,,,,,,,,,,,,,,,,,,,,,,,,,,,,,,,,,,,,,,,,,,
239,0.0,0.0,18.0,298.33914446714493,298.3333333333333,-0.005811133811619129,300.84999999999997,291.75,2.2925,286.1666666666667,0.07613679254141914,0.10156458924194567,0.03779616185933795,0.2987273866397402,1.0,0.0,19.0,297.6154825618643,297.6033333333333,-0.012149228531029621,301.45,287.15,0.0,173.91666666666666,-0.047477201661493496,0.09970754733998888,0.035444135954411614,0.41735245729570636,2.0,0.0,20.0,298.7879893317237,298.78166666666664,-0.006322665057041377,303.15,289.25,0.9316666666666666,240.0,-0.08315192988087006,0.12559390461748876,0.09765661445564433,0.43190131205319915,2.0,1.0,23.0,297.95363840952245,295.25,-2.703638409522455,303.15,289.25,0.2,70.0,-0.22335299639360073,-2.6106946835732856,0.2958205776735099,0.042263526648113725,3.0,0.0,19.0,299.21188363666795,299.21,-0.0018836366679693128,303.15,289.84999999999997,2.0725000000000002,274.5,-0.015877400789449325,0.13557393857182376,0.04287916685188028,0.4842453253039736,3.0,1.0,23.0,297.964972873863,294.65,-3.3149728738630415,303.15,289.84999999999997,0.0,320.0,-0.247386113000843,-3.232917461871935,0.32327552827735434,-0.02602590577345154,4.0,0.0,19.0,301.81215971251885,301.81,-0.0021597125188463906,307.54999999999995,290.45,2.62,286.0,0.05160985014356356,0.18990621440093491,0.03584662685623622,0.6598577818977986,4.0,1.0,23.0,300.1585319609648,296.25,-3.908531960964808,307.54999999999995,290.45,3.3,280.0,-0.23421870351229757,-3.7920302076967545,0.42983022069504767,-0.0686103006734271,5.0,0.0,18.0,298.5900377628069,298.57166666666666,-0.01837109614024257,302.04999999999995,289.34999999999997,0.010833333333333334,60.0,-0.01932035146667488,0.08968529075238507,-0.015175805612652008,0.4635102251619827,5.0,1.0,23.0,297.3047220329017,293.65,-3.6547220329017023,302.04999999999995,289.34999999999997,0.0,40.0,-0.2712199331739811,-3.5990262496875687,0.28747510928379444,-0.056958116125613856,6.0,0.0,18.0,298.24247409793963,298.22499999999997,-0.01747409793966881,301.45,288.84999999999997,3.77,298.5,0.05952411540302194,0.09745981691143868,-0.008201481326641632,0.4182758381774363,,,,,,,,,,,,,,,,,,,,,,,,,,,,,,,,,,,,,,,,,,
240,0.0,0.0,18.0,301.2771340326631,301.27,-0.007134032663145717,305.25,295.15,4.56,144.0,0.5997108149544488,0.22644778018846523,-0.15846603492137964,0.7541869282442661,0.0,1.0,23.0,297.515216177957,288.65,-8.865216177956995,305.25,295.15,1.5,180.0,-0.41867319716408247,-8.654543060424288,1.2366232804156236,-1.5450952394362503,1.0,0.0,18.0,303.6562764853269,303.64916666666664,-0.007109818660239853,309.75,286.04999999999995,3.6083333333333334,147.83333333333334,0.6416572773875089,0.2912193708445727,-0.16512335598968284,0.9644124476525207,1.0,1.0,23.0,300.74820294248747,297.25,-3.4982029424874668,309.75,286.04999999999995,3.9,320.0,-0.2222125910126067,-3.2389118890201587,0.980976088108695,-0.8165592747665187,2.0,0.0,18.0,301.5740198630499,301.54999999999995,-0.024019863049943524,305.15,285.54999999999995,3.2800000000000002,156.0,0.5005363961393527,0.1877528537973916,-0.21237255398056712,0.8590962334234433,2.0,1.0,23.0,298.27485813077476,290.15,-8.124858130774783,305.15,285.54999999999995,1.5,150.0,-0.39390073184802077,-7.912800015076243,1.1595429618302309,-1.4086707464820876,3.0,0.0,19.0,300.8560507169641,300.84666666666664,-0.009384050297455815,304.75,286.54999999999995,3.4566666666666666,167.83333333333334,0.4131086321168169,0.2060831970717203,-0.07838712529821142,0.659600296462358,3.0,1.0,23.0,298.6135556034695,291.95,-6.66355560346949,304.75,286.54999999999995,2.2,160.0,-0.28337634946421986,-6.450062276286545,0.8679871049559674,-0.8736155339044558,4.0,0.0,18.0,298.5382273162652,298.53416666666664,-0.00406064959855712,302.34999999999997,285.54999999999995,3.7025,169.83333333333334,0.5061984749188468,0.14707363468384926,-0.09435656067268876,0.36090424561656675,6.0,0.0,18.0,297.5051208850315,297.4833333333333,-0.02178755169819624,301.95,284.25,4.933333333333334,153.33333333333334,0.5629636313171176,0.15207316330995013,-0.2717439285119525,0.7472916793838635,,,,,,,,,,,,,,,,,,,,,,,,,,,,,,,,,,,,,,,,,,,,,,,,,,,,,,,,
241,0.0,0.0,18.0,310.8787952740963,310.875,-0.00379527409631919,314.25,306.75,5.85,330.8333333333333,0.3802960194398821,0.2074190491125023,-0.045615781725985016,0.6316106892048481,0.0,1.0,23.0,308.65140431230907,302.84999999999997,-5.801404312309103,314.25,306.75,4.4,320.0,-0.20452137996814201,-5.591987753484418,0.7423042806119374,-0.6614121471845777,1.0,0.0,18.0,309.1250167880309,309.10999999999996,-0.015016788030948192,312.25,296.25,8.450000000000001,317.0,0.33215759076867357,0.14513543970791432,-0.14159966744255334,0.636650559472983,1.0,1.0,23.0,306.9601522168425,302.95,-4.010152216842528,312.25,296.25,5.0,320.0,-0.23358045548749828,-3.8500486117918626,0.6970134784655121,-0.6991047563049051,2.0,0.0,19.0,308.73751646812707,308.7333333333333,-0.004183134793777299,311.54999999999995,296.45,7.841666666666667,320.0,0.27335847929708734,0.15313765236757604,-0.14121230278657038,0.6698347310100843,2.0,1.0,23.0,307.0151527456664,303.04999999999995,-3.965152745666444,311.54999999999995,296.45,6.1,310.0,-0.198910574530629,-3.801862399948476,0.5934925943652445,-0.5115110934254687,3.0,0.0,18.0,308.7975742314457,308.78,-0.017574231445735222,311.95,295.95,9.665000000000001,320.0,0.32277546073588326,0.14405440452591733,-0.15455972102422302,0.6679188959478068,3.0,1.0,23.0,306.8937095855681,303.65,-3.2437095855681264,311.95,295.95,2.3,290.0,-0.19767265730526162,-3.0888875055699003,0.6006575401279122,-0.5100265046198302,4.0,0.0,18.0,309.14319103182936,309.13,-0.013191031829364874,312.15,296.04999999999995,7.88,320.0,0.301550721040897,0.16037925007412923,-0.09457730513099705,0.6167644783292019,4.0,1.0,23.0,307.2356699306976,303.04999999999995,-4.185669930697657,312.15,296.04999999999995,6.2,310.0,-0.19248056403247915,-4.020321175221298,0.61350636388354,-0.5264694213345109,5.0,0.0,17.0,307.76402834643545,307.7583333333333,-0.0056950131021267225,310.25,296.54999999999995,8.883333333333333,330.0,0.41073168510506264,0.12415196804683148,-0.13368775275736766,0.4202431687836423,5.0,1.0,23.0,305.451120642759,299.75,-5.701120642759008,310.25,296.54999999999995,6.8,310.0,-0.27823606438288095,-5.572834339883286,0.6695283351884882,-0.7972611244090189,6.0,0.0,19.0,305.02883088959504,305.02,-0.008830889595060398,307.95,295.45,8.879999999999999,320.0,0.1663018651662327,0.07744899617078715,-0.21171034638148,0.5613294889610358,6.0,1.0,23.0,303.7494313499061,300.25,-3.4994313499061036,307.95,295.45,6.5,310.0,-0.2210238379765599,-3.4062036349010327,0.42731304871589754,-0.4364148720775205
242,0.0,0.0,23.0,303.978146909075,297.65,-6.328146909075031,305.95,297.65,9.5,340.0,-0.23373498697294792,-6.258432629727835,0.6380279206584353,-0.9452031692303677,1.0,0.0,19.0,305.2147766468918,305.2,-0.014776646891789369,306.65,293.75,2.266666666666667,201.66666666666666,0.20398389230655312,0.07549598020412418,-0.08684833443120492,0.3503018923938299,1.0,1.0,23.0,303.69372524230283,298.75,-4.943725242302833,306.65,293.75,2.2,20.0,-0.1668439208285406,-4.854338377812567,0.5057640338030183,-0.6226053050070561,5.0,0.0,18.0,313.80266946772923,313.7966666666666,-0.006002801062606977,316.95,300.54999999999995,8.9725,318.4166666666667,0.4779445390207826,0.21151196210676915,-0.03199961015810023,0.5818823001204549,5.0,1.0,23.0,311.76035386471733,306.65,-5.110353864717354,316.95,300.54999999999995,0.2,210.0,-0.050917872979880485,-4.896480263245252,0.6599936740046767,-0.4864040636657876,6.0,0.0,18.0,310.5749629319827,310.5625,-0.012462931982724967,313.04999999999995,296.95,8.345833333333333,309.1666666666667,0.29894446152110277,0.12996419017608218,0.02986051889650317,0.2864124546326394,6.0,1.0,23.0,308.12824968617633,301.75,-6.378249686176332,313.04999999999995,296.95,7.8,290.0,-0.18409707680770282,-6.243673533552268,0.7177077348209858,-0.8714442670928975,,,,,,,,,,,,,,,,,,,,,,,,,,,,,,,,,,,,,,,,,,,,,,,,,,,,,,,,,,,,,,,,,,,,,,,,,,,,,,,,,,,,,,,,,,,,,,,,,,
243,0.0,0.0,17.0,299.0727250474174,299.07,-0.0027250474174138617,301.45,296.15,10.436666666666666,320.0,0.2372905148273503,0.1534034691878503,-0.062734919957587,0.5207991256484235,1.0,0.0,18.0,297.21589315874957,297.21166666666664,-0.0042264920829211405,299.84999999999997,287.84999999999997,4.621666666666666,310.0,0.1505930812414391,0.11544914630414382,-0.0955220436277197,0.4811217911268244,3.0,0.0,18.0,297.8309145366661,297.82,-0.010914536666120966,300.95,288.25,1.1566666666666667,290.0,0.16808979295291238,0.1522999460925405,-0.10290872844698622,0.6591198087685228,4.0,0.0,18.0,298.2644725691169,298.25666666666666,-0.007805902450229496,300.34999999999997,292.54999999999995,3.2550000000000003,348.1666666666667,0.15658561199171572,0.14222516871789992,-0.019259906573253716,0.48148785999201493,5.0,0.0,18.0,300.5746079405491,300.56333333333333,-0.011274607215739252,304.84999999999997,289.95,1.06,190.66666666666666,0.24542720110154903,0.20851109038511595,-0.08963802295382568,0.7857403808468604,5.0,1.0,23.0,297.9834534611566,293.65,-4.333453461156637,304.84999999999997,289.95,2.5,330.0,-0.13784982228672504,-4.15398899783591,0.8028359250110148,-0.8952643158531686,6.0,0.0,18.0,300.84683621111543,300.8375,-0.009336211115453352,304.84999999999997,289.95,0.14833333333333334,340.0,0.2023908934855001,0.2072853029805657,-0.010942584543172984,0.6749596148424075,6.0,1.0,23.0,298.3194491541964,293.75,-4.569449154196377,304.84999999999997,289.95,3.4,330.0,-0.13159751965056898,-4.397309586165662,0.7826042206035501,-0.8609656721159382,,,,,,,,,,,,,,,,,,,,,,,,,,,,,,,,,,,,,,,,,,,,,,,,,,,,,,,,,,,,,,,,,,,,,,,,,,,,,,,,,,,,
244,2.0,0.0,19.0,298.8270129894478,298.82666666666665,-0.00034632278112667336,301.45,287.65,3.1258333333333335,159.66666666666666,0.255549873540005,0.17489218854542798,-0.027338369783687238,0.5417621468374278,3.0,0.0,18.0,300.9681321070236,300.96,-0.00813210702364131,304.75,289.84999999999997,4.029999999999999,128.75,0.3137834777169246,0.1960696849852468,0.06068469009666918,0.4672335718512528,3.0,1.0,23.0,299.2312632220973,296.34999999999997,-2.8812632220973455,304.75,289.84999999999997,1.5,130.0,-0.10339431700015211,-2.7522768154597657,0.5000237678553342,-0.27168913493697744,4.0,0.0,18.0,302.11528219876635,302.10749999999996,-0.007782198766392412,305.25,291.04999999999995,3.6375,162.75,0.32899378755031705,0.19863054330440377,0.05218015693600838,0.478265593316749,4.0,1.0,23.0,299.921321705576,295.15,-4.771321705576042,305.25,291.04999999999995,1.7,80.0,-0.1535772822162187,-4.648773090021606,0.6229233922479835,-0.5117883871209159,5.0,0.0,18.0,300.44595421992494,300.4375,-0.008454219924942663,303.65,289.34999999999997,4.1274999999999995,159.0,0.35146120099418,0.15972245375384375,-0.029469424695922914,0.43018168683229874,5.0,1.0,23.0,297.52287828369356,291.34999999999997,-6.172878283693592,303.65,289.34999999999997,3.0,130.0,-0.25990359734316826,-6.110499971814889,0.7333711812661979,-0.8838226088212338,6.0,0.0,18.0,297.98678729604546,297.98499999999996,-0.0017872960455065368,300.84999999999997,288.15,4.3575,180.5,0.2977275754608968,0.12702873421748961,-0.0786067888702983,0.391402241367274,,,,,,,,,,,,,,,,,,,,,,,,,,,,,,,,,,,,,,,,,,,,,,,,,,,,,,,,,,,,,,,,,,,,,,,,,,,,,,,,,,,,
245,0.0,0.0,23.0,298.7177836770682,294.15,-4.567783677068235,304.15,294.15,6.3,220.0,-0.22849522870011185,-4.505491729547458,0.6603595888331739,-0.79579191620941,1.0,0.0,18.0,302.7396948584512,302.72166666666664,-0.01802819178453774,306.95,288.84999999999997,13.79,290.0,0.35254653859971086,0.18285307876483614,-0.033731040710482794,0.5739758111184017,1.0,1.0,23.0,300.1139935759239,295.25,-4.863993575923928,306.95,288.84999999999997,5.5,270.0,-0.1810684176189028,-4.7568405227813315,0.6854400881249726,-0.7051751007573159,2.0,0.0,18.0,303.22228993232704,303.21999999999997,-0.0022899323270735294,307.04999999999995,291.34999999999997,12.51,290.0,0.3665539482660449,0.1987276772205746,-0.014748742249490002,0.5243720597060957,2.0,1.0,23.0,300.6040890651434,296.34999999999997,-4.254089065143432,307.04999999999995,291.34999999999997,8.7,290.0,-0.16273145920882826,-4.14782560746481,0.6288533033329932,-0.6019419914694453,3.0,0.0,17.0,301.9439247010265,301.93833333333333,-0.005591367693170923,304.84999999999997,289.54999999999995,9.086666666666666,260.0,0.4461706900470688,0.15808617298313266,-0.09131314794283203,0.4473815190383732,3.0,1.0,23.0,298.87326626810534,293.65,-5.2232662681053625,304.84999999999997,289.54999999999995,8.2,260.0,-0.24411298573151896,-5.160914795899885,0.7289337825086619,-0.9264729514378871,4.0,0.0,17.0,298.93973778418365,298.9325,-0.00723778418364418,302.54999999999995,287.15,12.685,300.0,0.3634702609878815,0.11420040810250498,-0.17737215357694916,0.4472141831495122,5.0,0.0,17.0,300.29534786476347,300.28999999999996,-0.005347864763507459,304.65,286.65,14.97,290.0,0.38156430571405053,0.1693277678894276,-0.1356416021997262,0.5822765576066615,5.0,1.0,23.0,297.93773950364744,293.65,-4.287739503647458,304.65,286.65,4.7,250.0,-0.1854482683341132,-4.2065057482762285,0.5795166416153279,-0.614299402058677,6.0,0.0,18.0,301.4329082244479,301.4291666666666,-0.0037415577812680567,304.84999999999997,287.34999999999997,8.2875,260.0,0.3145842229705238,0.18434473457746492,-0.02277828325529659,0.5307376559411381,6.0,1.0,23.0,299.03165016466187,295.25,-3.781650164661869,304.84999999999997,287.34999999999997,3.8,240.0,-0.17256177204379242,-3.6826505468290236,0.6467209779654818,-0.6501882591646932,,,,,,,,,,,,,,,,,,,,,,,,,,,,
246,0.0,0.0,18.0,301.7890106165478,301.76666666666665,-0.022343949881133085,305.84999999999997,291.84999999999997,3.5233333333333334,217.66666666666666,0.5196556131995465,0.17324405308164614,-0.14181053457900816,0.6112907651879027,0.0,1.0,23.0,298.9980132624182,290.25,-8.748013262418226,305.84999999999997,291.84999999999997,1.6,180.0,-0.33832522064230375,-8.643889744442816,0.8109362192734864,-0.7947811312142647,1.0,0.0,20.0,306.3525536561587,306.3483333333333,-0.004220322825403855,313.54999999999995,287.04999999999995,1.6866666666666668,217.83333333333334,0.3708418859997522,0.30465664446427354,-0.09484256167926237,1.0827483552801453,1.0,1.0,23.0,304.9548973899492,298.54999999999995,-6.404897389949269,313.54999999999995,287.04999999999995,0.0,220.0,-0.09158873644648224,-6.1567592893045315,0.6268584809297456,-0.06892249737505551,2.0,0.0,18.0,309.43711615914907,309.39,-0.04711615914908407,315.34999999999997,291.45,4.6466666666666665,253.0,0.6844373372849759,0.2650511054406195,-0.17116075160930203,1.0363068058645553,2.0,1.0,23.0,304.9957431224234,293.65,-11.345743122423414,315.34999999999997,291.45,3.1,190.0,-0.3530583666779421,-11.171248805560253,1.1653236520047112,-1.109049557575105,5.0,0.0,19.0,298.2473970877331,298.23499999999996,-0.012397087733120316,301.34999999999997,285.95,2.7575000000000003,198.25,0.14747824978825008,0.14433978268210979,-0.006442778722212476,0.5136013208939119,6.0,0.0,18.0,300.1978780243772,300.185,-0.012878024377187103,303.15,287.04999999999995,6.640833333333333,224.08333333333334,0.5556579134778161,0.1735186557458377,-0.07745396041325137,0.4292736687196026,6.0,1.0,23.0,297.75491710265135,290.25,-7.504917102651348,303.15,287.04999999999995,2.6,220.0,-0.3050872914833036,-7.405190196623948,0.6951933154814753,-0.6179871561113686,,,,,,,,,,,,,,,,,,,,,,,,,,,,,,,,,,,,,,,,,,,,,,,,,,,,,,,,,,,,,,,,,,,,,,
247,0.0,0.0,18.0,305.9298419969417,305.92499999999995,-0.004841996941763682,309.84999999999997,303.45,3.091666666666667,140.0,0.29562567033832465,0.22143793831028802,0.06559078665836655,0.5830178949254048,0.0,1.0,23.0,303.3454353711654,299.25,-4.095435371165422,309.84999999999997,303.45,0.2,180.0,-0.06224232448229827,-3.973805893606766,0.58355225703905,-0.4501904746162353,1.0,0.0,19.0,306.8500722285955,306.84499999999997,-0.005072228595508932,311.34999999999997,296.04999999999995,1.82,300.0,0.17392363965137747,0.20133327327130246,0.17441978326912988,0.4205330073083928,1.0,1.0,23.0,305.6514035803485,302.84999999999997,-2.801403580348506,311.34999999999997,296.04999999999995,2.5,300.0,0.010536316825621839,-2.6475962073325405,0.4188613476180952,-0.100962001199278,2.0,0.0,23.0,301.41967441719754,295.75,-5.669674417197541,308.04999999999995,293.25,4.0,120.0,-0.13118638707729247,-5.613985491094127,0.48425475725719025,-0.5496316488421513,6.0,0.0,18.0,297.40665730744973,297.40416666666664,-0.0024906407830940225,300.34999999999997,287.45,2.5208333333333335,180.0,0.13415878719105478,0.10759465983333882,-0.031376856743582,0.3703487988417322,,,,,,,,,,,,,,,,,,,,,,,,,,,,,,,,,,,,,,,,,,,,,,,,,,,,,,,,,,,,,,,,,,,,,,,,,,,,,,,,,,,,,,,,,,,,,,,,,,,,,,,,,,,,,,,,
248,3.0,0.0,18.0,313.60687401903925,313.59666666666664,-0.010207352372617606,316.95,300.54999999999995,8.635,317.1666666666667,0.3615144342781491,0.1949528484548182,-0.0006792635887270156,0.5412192311474087,3.0,1.0,23.0,311.5099645611495,306.65,-4.859964561149525,316.95,300.54999999999995,0.2,210.0,-0.03008330555663008,-4.707626275913128,0.6005124954568876,-0.509068589474154,4.0,0.0,18.0,310.3349229658384,310.3175,-0.017422965838420623,313.04999999999995,296.95,8.474166666666667,306.8333333333333,0.22360924183894326,0.11107659776308765,0.029340153055642304,0.2947800779630114,4.0,1.0,23.0,307.8013450236333,301.75,-6.051345023633303,313.04999999999995,296.95,7.8,290.0,-0.15054110164923884,-5.978482914989556,0.6548897934561021,-0.8706864131921463,5.0,0.0,17.0,305.0988954982058,305.0925,-0.006395498205847616,306.45,293.84999999999997,7.9624999999999995,300.0,0.29042561088682817,0.030378738775667102,-0.17771045349615613,0.20768280832587038,5.0,1.0,23.0,302.26265273754495,296.34999999999997,-5.912652737544988,306.45,293.84999999999997,6.9,320.0,-0.25971927338046896,-5.9318514205846355,0.6631638149693231,-1.1691804898230487,6.0,0.0,19.0,303.2040097631452,303.1933333333333,-0.01067642981189465,305.75,291.25,7.8549999999999995,320.0,0.17860667335352787,0.04858046455656506,-0.2276241165496297,0.447088410089421,6.0,1.0,23.0,301.2509508666892,296.34999999999997,-4.900950866689243,305.75,291.25,7.1,320.0,-0.19289294871531126,-4.890360675650669,0.5522161286720669,-0.8931986592532581,,,,,,,,,,,,,,,,,,,,,,,,,,,,,,,,,,,,,,,,,,,,,,,,,,,,,,,,,,,,,,,,,,,,,,,,,,,,,,,,,,,,
249,2.0,0.0,18.0,300.33075339181653,300.325,-0.005753391816540443,305.25,284.75,3.5625,270.0,0.45473901149581764,0.277670090172748,-0.01321921697489851,0.7821728518831605,2.0,1.0,23.0,298.10230859753176,292.95,-5.152308597531771,305.25,284.75,1.3,130.0,-0.16757662056495803,-4.929734349574261,0.7477789573031449,-0.40176299694147133,3.0,0.0,18.0,302.7314492680906,302.71,-0.021449268090634632,307.04999999999995,287.65,4.97,279.5,0.6753589984380284,0.2642045643809894,-0.0008581678712857865,0.6161953603686072,3.0,1.0,23.0,300.05362470794574,294.15,-5.903624707945767,307.04999999999995,287.65,1.3,30.0,-0.16294415934414985,-5.679924171827992,0.7599487628867081,-0.4240691988743919,,,,,,,,,,,,,,,,,,,,,,,,,,,,,,,,,,,,,,,,,,,,,,,,,,,,,,,,,,,,,,,,,,,,,,,,,,,,,,,,,,,,,,,,,,,,,,,,,,,,,,,,,,,,,,,,,,,,,,,,,,,,,,,,,,,,,,,,,,,,
250,0.0,0.0,18.0,299.62289899728,299.62166666666667,-0.001232330613333943,302.54999999999995,291.65,3.2025,304.4166666666667,0.14336515993397825,0.10533484519299918,-0.06367265885220282,0.4073498884186648,0.0,1.0,23.0,298.0076514061631,294.15,-3.857651406163143,302.54999999999995,291.65,4.1,300.0,-0.19189293366508764,-3.818193866975477,0.3616160200749003,-0.33250006798323284,1.0,0.0,19.0,299.95158361051244,299.95,-0.001583610512454925,303.75,287.15,2.775,292.5,0.07088942849378554,0.1376300822702916,-0.016853550505023424,0.5077699371334177,1.0,1.0,23.0,298.7905271483588,296.34999999999997,-2.4405271483588535,303.75,287.15,2.1,330.0,-0.14094386261523084,-2.3600467007182857,0.37435467597734373,-0.2105410228542013,2.0,0.0,19.0,302.77134380525183,302.75666666666666,-0.014677138585170724,307.54999999999995,290.34999999999997,2.93,293.6666666666667,0.14027064932392364,0.17784858629109124,-0.011163954709516588,0.6599176348270959,2.0,1.0,23.0,301.4541365542881,297.54999999999995,-3.9041365542881294,307.54999999999995,290.34999999999997,3.5,300.0,-0.09430067861805469,-3.780054631692664,0.407391559155523,-0.13277168670063588,3.0,0.0,19.0,304.28991039564016,304.27666666666664,-0.013243728973520774,308.75,291.54999999999995,3.2600000000000002,304.3333333333333,0.16138422280073428,0.1906188638323414,-0.01794932482556059,0.7050352974893173,3.0,1.0,23.0,302.98400918364666,300.25,-2.7340091836466627,308.75,291.54999999999995,0.0,330.0,-0.07318849047409515,-2.5967810471987036,0.4101886422531938,-0.08597428574293531,4.0,0.0,20.0,305.8241284056007,305.82166666666666,-0.0024617389340164664,309.84999999999997,294.95,2.1,230.83333333333334,0.1303251732273054,0.204024321788836,0.08760505862343375,0.5779182843436246,4.0,1.0,23.0,304.50075695694875,299.25,-5.250756956948749,309.84999999999997,294.95,3.2,300.0,-0.08640147109694851,-5.103887552462112,0.5121274502734584,-0.25443263267681004,5.0,0.0,23.0,297.5179714199153,289.15,-8.367971419915307,306.34999999999997,289.15,5.0,340.0,-0.393059923114933,-8.40747821260942,0.7405578565193878,-1.1795141300164431,,,,,,,,,,,,,,,,,,,,,,,,,,,,,,,,,,,,,,,,,,
251,0.0,0.0,23.0,300.59914802394786,294.15,-6.449148023947885,305.15,294.15,2.1,130.0,-0.2935472067137823,-6.363573894830608,0.6167555579631454,-0.47879611722851223,1.0,0.0,23.0,299.87910145146975,294.15,-5.729101451469774,304.15,292.15,2.9,130.0,-0.2780591915332593,-5.659096683360687,0.5044054699104285,-0.36410700341970426,2.0,0.0,23.0,298.12283992625134,292.15,-5.972839926251368,302.25,291.15,1.6,80.0,-0.3390530348046781,-5.94076863957477,0.5382230917726881,-0.5283682166065944,3.0,0.0,17.0,301.01471010377236,301.01,-0.004710103772367802,302.25,290.15,4.0325,180.0,0.7428895870337016,0.12320212586152479,-0.1062546367476737,0.09331916161904985,3.0,1.0,23.0,298.50687615282527,292.04999999999995,-6.456876152825316,302.25,290.15,2.1,140.0,-0.3069104745979132,-6.401589847116114,0.5329905665598081,-0.4558676657304517,4.0,0.0,17.0,301.1188184306638,301.11499999999995,-0.0038184306638413545,304.15,289.15,4.0825,180.0,0.6756210888684109,0.13856058502577184,-0.10325647579155373,0.1877886676042948,4.0,1.0,23.0,298.684558015557,292.15,-6.534558015557025,304.15,289.15,1.6,130.0,-0.30056115976196907,-6.469546368485098,0.5458087457791123,-0.4454445966840126,5.0,0.0,19.0,302.0347580380587,302.01666666666665,-0.018091371392074507,306.04999999999995,289.34999999999997,3.5508333333333333,133.91666666666666,0.17534426312400342,0.15508671888343883,-0.00596175864058542,0.5665748697895907,5.0,1.0,23.0,300.5083404207593,295.15,-5.358340420759305,306.04999999999995,289.34999999999997,2.7,140.0,-0.22065670448108676,-5.244495241799996,0.47791949193666977,-0.19929578024054706,6.0,0.0,18.0,303.64602194880104,303.6166666666666,-0.02935528213441785,307.65,292.15,4.151666666666666,137.41666666666666,0.5161407619730483,0.1546880106305224,-0.07460498506439232,0.45037007659327344,6.0,1.0,23.0,300.99016113152516,296.15,-4.8401611315251785,307.65,292.15,3.9,130.0,-0.2515746780521795,-4.743657001494668,0.5529569944139894,-0.34363809547390645,,,,,,,,,,,,,,,,,,,,,,,,,,,,,,,,,,,,,,,,,,
252,2.0,0.0,19.0,301.5913041419989,301.59,-0.0013041419989008318,305.84999999999997,291.45,0.945,330.0,0.12437945617921287,0.1965841551217551,0.08879777342748696,0.5519186995112761,2.0,1.0,23.0,300.32401826928,300.15,-0.17401826927999764,305.84999999999997,291.45,0.5,80.0,-0.04166101220278051,-0.03997599469333579,0.3807452975908158,-0.026173794277312368,,,,,,,,,,,,,,,,,,,,,,,,,,,,,,,,,,,,,,,,,,,,,,,,,,,,,,,,,,,,,,,,,,,,,,,,,,,,,,,,,,,,,,,,,,,,,,,,,,,,,,,,,,,,,,,,,,,,,,,,,,,,,,,,,,,,,,,,,,,,,,,,,,,,,,,,,,,,,,,,,,,,,,,,
253,4.0,0.0,18.0,297.8435638817889,297.8333333333333,-0.010230548455581356,299.15,293.2416666666667,2.4475,274.75,0.24133532875089259,0.12371685864421522,0.007475802734575154,0.3510553359419788,5.0,0.0,18.0,299.5865509520603,299.58416666666665,-0.0023842853936457686,301.15,293.45,3.155,237.16666666666666,0.261093254592339,0.1549690377349009,0.0535613085081413,0.3453384139020841,5.0,1.0,23.0,297.1845235513543,294.15,-3.0345235513543116,301.15,293.45,1.6,120.0,-0.07744838772495655,-2.9644550214410827,0.5300203557258717,-0.5488039869905634,,,,,,,,,,,,,,,,,,,,,,,,,,,,,,,,,,,,,,,,,,,,,,,,,,,,,,,,,,,,,,,,,,,,,,,,,,,,,,,,,,,,,,,,,,,,,,,,,,,,,,,,,,,,,,,,,,,,,,,,,,,,,,,,,,,,,,,,,,,,,,,,,,,,,,,,,,
254,0.0,0.0,20.0,302.3873137990962,302.37,-0.017313799096200455,306.84999999999997,293.45,4.035,280.0,0.27098127221135826,0.24105253512125557,-0.007380325028213027,0.792873922561526,0.0,1.0,23.0,301.3437561151677,298.54999999999995,-2.793756115167753,306.84999999999997,293.45,3.1,280.0,0.030080601302387322,-2.56420671038191,0.5269178416601031,-0.1625155625507233,1.0,0.0,17.0,302.40893976013973,302.4,-0.008939760139753616,308.04999999999995,291.15,5.841666666666667,309.1666666666667,0.47173381697231775,0.22181679297322887,-0.15377583326860153,0.7702838125573379,1.0,1.0,23.0,300.4690029315757,298.15,-2.31900293157571,308.04999999999995,291.15,4.5,180.0,-0.01588950843986936,-2.1627733926128627,0.40153083515801313,-0.14533854271981284,,,,,,,,,,,,,,,,,,,,,,,,,,,,,,,,,,,,,,,,,,,,,,,,,,,,,,,,,,,,,,,,,,,,,,,,,,,,,,,,,,,,,,,,,,,,,,,,,,,,,,,,,,,,,,,,,,,,,,,,,,,,,,,,,,,,,,,,,,,,
255,0.0,0.0,19.0,307.60142051971485,307.5925,-0.008920519714877173,310.04999999999995,300.34999999999997,4.223333333333334,318.8333333333333,0.29047650950903403,0.14919132498633303,-0.11131718011864677,0.5905363278796472,0.0,1.0,23.0,305.6566201462436,299.95,-5.706620146243608,310.04999999999995,300.34999999999997,5.7,310.0,-0.09325528741358369,-5.591939690663409,0.6241447778662158,-0.6890068821906681,1.0,0.0,19.0,304.61531724746374,304.6116666666666,-0.0036505807971138893,307.54999999999995,291.34999999999997,6.078333333333333,306.0833333333333,0.20070257654187174,0.11368293279197417,-0.1496785180987056,0.5400258115191718,1.0,1.0,23.0,303.10548366593235,298.04999999999995,-5.0554836659324,307.54999999999995,291.34999999999997,5.2,310.0,-0.11129328698895335,-4.976084043572641,0.5211664703900851,-0.6268466328493929,2.0,0.0,19.0,305.3958945068115,305.39166666666665,-0.004227840144835682,309.15,292.15,4.341666666666667,310.0,0.22359971552511126,0.1487459837453855,-0.11302270899868934,0.6044852585397535,2.0,1.0,23.0,303.95160046395415,300.04999999999995,-3.901600463954196,309.15,292.15,4.0,290.0,-0.06508668814647933,-3.792024057064637,0.5132562740117521,-0.49088218458412314,3.0,0.0,19.0,306.9679183014767,306.9533333333333,-0.014584968143367405,310.34999999999997,293.15,3.3583333333333334,294.3333333333333,0.26908997876032004,0.16926574196953936,-0.11780768764169143,0.7100480120547417,3.0,1.0,23.0,305.3960275032162,301.04999999999995,-4.3460275032162485,310.34999999999997,293.15,2.7,300.0,-0.04945507119872161,-4.206463193416397,0.5802552891394489,-0.5150213712256999,4.0,0.0,19.0,308.13630491771886,308.1166666666667,-0.01963825105218575,311.45,294.25,3.533333333333333,310.0,0.2782367304893967,0.17550359138091665,-0.08556194373792891,0.7006210046809258,4.0,1.0,23.0,306.3126417141525,301.04999999999995,-5.262641714152551,311.45,294.25,3.0,300.0,-0.06572837687380684,-5.1136162911779905,0.6796473997261453,-0.6672690336415457,5.0,0.0,19.0,309.0134187497332,309.0,-0.013418749733205004,312.54999999999995,294.54999999999995,2.875,300.0,0.28699431139681053,0.19108779570613876,-0.08789224483124751,0.7376157475346901,5.0,1.0,23.0,307.420089388527,303.95,-3.4700893885270148,312.54999999999995,294.54999999999995,2.1,330.0,-0.0073636835088422,-3.3148231787122313,0.5412411098084012,-0.36758273775375017,,,,,,,,,,,,,,,,,,,,,,,,,,,,
256,3.0,0.0,19.0,298.77916413988714,298.75666666666666,-0.02249747322048279,301.45,287.65,3.1283333333333334,158.66666666666666,0.2818571687188012,0.1598804516234793,-0.06786036926779578,0.6191153272630885,4.0,0.0,18.0,300.90893479535754,300.9,-0.008934795357561143,304.75,289.84999999999997,4.05,126.25,0.31647501622764196,0.2023869003748615,0.04416569967557393,0.5163791168398291,4.0,1.0,23.0,299.2159092049442,296.34999999999997,-2.8659092049442165,304.75,289.84999999999997,1.5,130.0,-0.012115843353456057,-2.714395610053245,0.5516808297756342,-0.4003488851499952,5.0,0.0,18.0,302.0592575385633,302.0533333333333,-0.005924205230030566,305.25,291.04999999999995,3.6166666666666667,162.33333333333334,0.32720862928431416,0.20628345443414275,0.0338730907407457,0.5292782671822778,5.0,1.0,23.0,299.8681585022303,295.15,-4.718158502230324,305.25,291.04999999999995,1.7,80.0,-0.0662992045833306,-4.568962086096221,0.701581361484287,-0.7020070734462394,6.0,0.0,18.0,300.3558882452319,300.34999999999997,-0.0058882452319153344,303.65,289.34999999999997,4.133333333333333,156.66666666666666,0.3218520332622461,0.16283390647303975,-0.049379280904328006,0.4867199419371673,6.0,1.0,23.0,297.3885364903149,291.34999999999997,-6.038536490314925,303.65,289.34999999999997,3.0,130.0,-0.18106493773254329,-5.951721328446354,0.8354141988798697,-1.1343154887637183,,,,,,,,,,,,,,,,,,,,,,,,,,,,,,,,,,,,,,,,,,,,,,,,,,,,,,,,,,,,,,,,,,,,,,,,,,,,,,,,,,,,,,,,,,,,,,,,,,
257,0.0,0.0,18.0,299.75930819838527,299.7575,-0.0018081983852766825,301.45,296.54999999999995,3.365,154.5,0.23370502031488627,0.14608016619254727,0.015994217352973312,0.38982850999620666,0.0,1.0,23.0,298.26389876513974,294.95,-3.3138987651397542,301.45,296.54999999999995,3.6,330.0,-0.045574576741330475,-3.2200189440172267,0.3401136668539995,-0.18550831242471588,1.0,0.0,18.0,299.60859118855535,299.59499999999997,-0.013591188555380995,301.45,289.95,0.8091666666666666,214.16666666666666,0.2096228362258188,0.13058473050260488,0.005719138300567768,0.40574215200875585,1.0,1.0,23.0,297.8544531591899,293.25,-4.604453159189916,301.45,289.95,2.5,340.0,-0.08547571029234291,-4.5222795834840355,0.43742082950776745,-0.39358403968314803,2.0,0.0,18.0,299.9273062079458,299.9083333333333,-0.01897287461247288,302.75,288.65,2.5041666666666664,87.5,0.22711547652782826,0.14358565385556687,-0.06013669113158926,0.5686724561460181,2.0,1.0,23.0,298.35007294988804,295.54999999999995,-2.80007294988809,302.75,288.65,0.2,250.0,-0.05417687821591244,-2.7006048449378426,0.4261619892228576,-0.29970675590192286,3.0,0.0,18.0,297.88505994330615,297.88,-0.0050599433061506716,299.25,290.04999999999995,5.657500000000001,10.0,0.14671497256087207,0.09448827967268869,0.03492967538052009,0.22447609485053022,6.0,0.0,19.0,300.0899926926003,300.08916666666664,-0.0008260259336339004,303.75,286.04999999999995,6.645833333333333,320.0,0.18316267613933235,0.1919207738431794,0.06258019382025755,0.5116934539534697,6.0,1.0,23.0,298.95991922334935,294.65,-4.309919223349368,303.75,286.04999999999995,0.2,180.0,-0.014257035819696284,-4.170604496536754,0.446004956920504,-0.24086517054458056,,,,,,,,,,,,,,,,,,,,,,,,,,,,,,,,,,,,,,,,,,,,,,,,,,,,,,,,,,,,,,,,,,,,,,
258,0.0,0.0,20.0,303.4097880968659,303.3975,-0.012288096865916032,306.15,298.95,2.7175000000000002,55.75,0.21340259376430026,0.215784539741378,0.05160472051539481,0.6268471980647803,0.0,1.0,23.0,302.3152991147864,299.15,-3.1652991147864213,306.15,298.95,5.0,320.0,-0.005514034381832289,-2.9508714602532393,0.5272189133914225,-0.24110907259704106,1.0,0.0,18.0,305.66880978779716,305.655,-0.01380978779718589,309.75,292.84999999999997,6.75,310.5,0.4201166944070138,0.2405856063751486,-0.017236442895561293,0.7034398023676118,1.0,1.0,23.0,303.2667677539117,298.04999999999995,-5.216767753911768,309.75,292.84999999999997,5.3,320.0,-0.08025848001929603,-5.00079798331717,0.7535505395864609,-0.638605933273638,2.0,0.0,18.0,302.5587135882785,302.5583333333333,-0.0003802549452416315,305.34999999999997,290.04999999999995,7.691666666666666,314.1666666666667,0.3156404519710776,0.16481154009326815,-0.0999093692732771,0.5748486026625983,2.0,1.0,23.0,300.60083917960907,295.95,-4.650839179609079,305.34999999999997,290.04999999999995,7.0,320.0,-0.13879936702970497,-4.4986650890738815,0.6657383788780796,-0.707975236390709,3.0,0.0,18.0,301.4202469402094,301.41999999999996,-0.00024694020942206407,303.75,289.95,8.770000000000001,330.0,0.34843745488531397,0.14773612566176553,-0.08952788713951065,0.46744962421792025,3.0,1.0,23.0,298.69873609634436,291.95,-6.748736096344373,303.75,289.95,6.8,310.0,-0.2427969598248012,-6.621965562597339,0.8431906184690234,-1.1419703412701807,4.0,0.0,17.0,297.523461672148,297.5208333333333,-0.002628338814702147,299.15,288.34999999999997,8.291666666666668,340.0,0.3964663098657155,0.051757439926120696,-0.16033499338970122,0.19612557453976365,5.0,0.0,18.0,297.4137771826501,297.4083333333333,-0.005443849316804972,299.25,287.54999999999995,8.841666666666667,290.0,0.23370568624277155,0.0954120548006756,-0.06704597682535034,0.3267306151746965,6.0,0.0,18.0,297.72597924122545,297.7233333333333,-0.0026459078921448054,299.25,289.25,8.666666666666668,313.6666666666667,0.26101578234244016,0.107797329006317,-0.051383398925002176,0.31173910642077374,,,,,,,,,,,,,,,,,,,,,,,,,,,,,,,,,,,,,,,,,,
259,0.0,0.0,19.0,308.8599063519109,308.83166666666665,-0.028239685244273005,313.15,303.45,6.223333333333334,167.58333333333334,0.2945008744956539,0.22971654749348147,0.014081926640940878,0.7803438620441625,0.0,1.0,23.0,306.4040409699395,301.95,-4.454040969939513,313.15,303.45,5.0,170.0,-0.03065013221205959,-4.2947233008286645,0.6865069777511081,-0.5307024779419862,1.0,0.0,18.0,302.8920566540635,302.8875,-0.00455665406349226,305.34999999999997,293.25,7.2,180.0,0.17527275319294233,0.1099658647398769,-0.08028592086989288,0.44099279015179604,1.0,1.0,23.0,300.38637287842073,295.75,-4.63637287842073,305.34999999999997,293.25,7.2,180.0,-0.17255381999557073,-4.609857488394638,0.5751727092393963,-0.7830521997997835,2.0,0.0,19.0,300.0596214698066,300.0583333333333,-0.0012881364733061673,303.15,288.65,5.215,160.0,0.08625492172463112,0.09215236534933524,-0.03418101818592826,0.3382465044485343,2.0,1.0,23.0,299.46280870460225,297.04999999999995,-2.4128087046022983,303.15,288.65,7.0,170.0,-0.03914191487778851,-2.3518438703917184,0.21167916226219555,-0.12039589386036198,3.0,0.0,19.0,300.0665380165759,300.06583333333333,-0.0007046832425885441,303.04999999999995,289.15,3.6108333333333333,149.91666666666666,0.12894330009655164,0.11297338268450119,-0.10977449069288525,0.5052105456981053,3.0,1.0,23.0,299.12389026373916,296.15,-2.973890263739179,303.04999999999995,289.15,0.2,160.0,-0.0696231937728129,-2.905279939838735,0.3514704875789884,-0.31869295158239197,4.0,0.0,20.0,302.0587691316864,302.04749999999996,-0.011269131686447054,305.15,291.15,3.2625,165.25,0.16128692090546792,0.14462343274061595,-0.05620791010382694,0.5674309949359895,4.0,1.0,23.0,301.342078987234,300.04999999999995,-1.2920789872340492,305.15,291.15,4.5,350.0,0.00983203568844715,-1.1751242236459518,0.30511655433722257,-0.061019552219690354,5.0,0.0,19.0,304.2543773391985,304.25,-0.004377339198526897,307.15,294.15,2.34,170.0,0.20715307671260064,0.174864827880981,-0.07474997888111545,0.6757211861063723,5.0,1.0,23.0,302.6241041499443,296.95,-5.674104149944299,307.15,294.15,1.6,240.0,-0.06771662812930401,-5.559164192729639,0.5725272112195512,-0.5420259720555407,6.0,0.0,19.0,306.03435160417393,306.025,-0.00935160417395764,310.15,291.15,4.3775,165.5,0.254687921907248,0.20593380883391887,-0.031638634362678886,0.7027993443139025,6.0,1.0,23.0,303.56001324175895,296.15,-7.410013241758975,310.15,291.15,0.3,290.0,-0.1023202827589813,-7.292254280790729,0.7350294386418312,-0.7996087294130234
260,0.0,0.0,17.0,299.6339753232117,299.6325,-0.0014753232117072912,300.34999999999997,297.54999999999995,5.804166666666666,270.0,0.4297607248944786,0.12302123893400108,-0.009965664778770625,0.18923730190685717,0.0,1.0,23.0,297.83828384268753,294.04999999999995,-3.7882838426875765,300.34999999999997,297.54999999999995,2.1,290.0,-0.06264989531923959,-3.715810131448535,0.49614791695462657,-0.5294117505847566,5.0,0.0,18.0,299.92538140483805,299.91999999999996,-0.00538140483809002,300.75,294.0491666666666,4.723333333333333,286.9166666666667,0.30766460516359473,0.1310553504280989,0.014410401170219226,0.2965629942992365,5.0,1.0,23.0,298.54867953112836,296.04999999999995,-2.4986795311284027,300.75,294.0491666666666,3.6,290.0,-0.005796660119756325,-2.407588109913192,0.40707047127631313,-0.32514572313850465,6.0,0.0,23.0,297.1589556635306,294.34999999999997,-2.8089556635306394,299.34999999999997,294.15,2.9,290.0,-0.05996654041548766,-2.762115306525544,0.4087867709707922,-0.46934696726818004,,,,,,,,,,,,,,,,,,,,,,,,,,,,,,,,,,,,,,,,,,,,,,,,,,,,,,,,,,,,,,,,,,,,,,,,,,,,,,,,,,,,,,,,,,,,,,,,,,,,,,,,,,,,,,,,,,,,,,,,,,,,,,
261,0.0,0.0,23.0,303.33683199329556,298.25,-5.0868319932955615,307.15,298.25,9.1,230.0,-0.5209982413838361,-4.951754725775942,0.6308685822203396,-0.25410451091511277,1.0,0.0,23.0,302.05822357056337,297.15,-4.908223570563393,304.84999999999997,294.15,5.1,230.0,-0.547135983997137,-4.802771019988725,0.5600662384054829,-0.2425126030502298,2.0,0.0,23.0,300.935655621796,295.04999999999995,-5.885655621796047,305.15,291.34999999999997,5.5,240.0,-0.5970837781224816,-5.79832184375941,0.6068189165682961,-0.37345506449293,3.0,0.0,18.0,303.5173245190198,303.51,-0.007324519019789477,306.15,291.15,5.92,240.0,0.566717295139938,0.14480808576050208,-0.0610221973638545,0.25589207070481734,3.0,1.0,23.0,301.4150415940006,296.15,-5.26504159400065,306.15,291.15,0.0,220.0,-0.5189415772464088,-5.151531190614705,0.5201539929850251,-0.16741174853549978,4.0,0.0,18.0,304.6678339779928,304.65,-0.01783397799283648,308.15,291.25,5.916666666666666,240.0,0.5142989976451702,0.16702507565435099,-0.029940328942146266,0.3742325678536531,4.0,1.0,23.0,302.51864503342694,299.25,-3.2686450334269352,308.15,291.25,5.3,250.0,-0.4811823364032932,-3.131374914763555,0.5349591642972295,-0.10039664547311133,5.0,0.0,18.0,305.62268859250435,305.62,-0.0026885925043416137,308.15,294.25,8.025,231.5,0.5660079752649096,0.1869959735028459,0.02402252364374628,0.2656462137335609,5.0,1.0,23.0,303.36274662923796,297.04999999999995,-6.312746629238006,308.15,294.25,2.8,180.0,-0.5029530999231469,-6.166303364602342,0.5672396302281916,-0.13880096322942848,6.0,0.0,18.0,306.1276661050505,306.1166666666666,-0.010999438383862525,310.04999999999995,292.15,6.016666666666667,239.16666666666666,0.29532313586904024,0.19588125291049607,0.07276889056789553,0.4428597804175638,6.0,1.0,23.0,304.3391169774362,298.04999999999995,-6.289116977436265,310.04999999999995,292.15,0.2,170.0,-0.4689024455524873,-6.121057429244345,0.516198313186545,0.007632929003847266,,,,,,,,,,,,,,,,,,,,,,,,,,,,,,,,,,,,,,,,,,
262,0.0,0.0,18.0,302.56252678577323,302.55499999999995,-0.007526785773279698,305.34999999999997,299.04999999999995,3.4183333333333334,109.33333333333333,0.3541669738846025,0.24571134857283994,0.08426551305541352,0.5735303698703547,0.0,1.0,23.0,300.5307087106692,294.84999999999997,-5.680708710669251,305.34999999999997,299.04999999999995,3.4,330.0,-0.3883311010420556,-5.437007225062004,0.6567631014199217,-0.15345330287220804,1.0,0.0,18.0,300.977116506453,300.9675,-0.00961650645302825,305.25,289.04999999999995,9.249166666666666,310.0,0.2573849004307789,0.1872871630095574,-0.04557227191483074,0.6442299971751879,1.0,1.0,23.0,299.6099077240939,295.84999999999997,-3.759907724093921,305.25,289.04999999999995,5.9,310.0,-0.3164891588079115,-3.5673652130283244,0.4401489470451215,0.05751336301301535,2.0,0.0,23.0,297.34228804819054,293.45,-3.892288048190551,299.54999999999995,293.25,3.0,300.0,-0.4712296452891991,-3.764769709361204,0.4875663639291143,-0.17135593793840087,3.0,0.0,18.0,298.59381578791823,298.5908333333333,-0.002982454584923744,300.25,287.25,1.5375,100.0,0.11443571536315744,0.1548797994410478,0.08680377863196043,0.3320855474433415,4.0,0.0,19.0,298.16567794879677,298.15999999999997,-0.005677948796801502,301.04999999999995,287.15,3.6,90.0,-0.06770098777394651,0.16842410691607768,0.10341407126564188,0.48825405756326745,5.0,0.0,18.0,298.78707039131154,298.7833333333333,-0.0037370579782418645,300.84999999999997,286.34999999999997,5.383333333333333,320.0,0.31863833258874763,0.1653068775698472,0.02985597719544823,0.3399229438463891,5.0,1.0,23.0,297.2569400568655,293.04999999999995,-4.206940056865562,300.84999999999997,286.34999999999997,4.4,310.0,-0.36868577529546087,-4.0445158793396985,0.47236668785090785,-0.10080070581541634,6.0,0.0,18.0,298.1195943154193,298.10999999999996,-0.009594315419349186,300.25,286.65,6.702500000000001,320.0,0.40228147858748287,0.1346993338440825,-0.024842076537761198,0.2809437760183471,,,,,,,,,,,,,,,,,,,,,,,,,,,,,,,,,,,,,,,,,,,,,,,,,,,,,,,,
263,5.0,0.0,18.0,302.1641320849326,302.1533333333333,-0.010798751599281786,308.65,287.04999999999995,3.3241666666666667,263.5833333333333,0.34896070510831123,0.2995651984263361,-0.023879594060436677,0.9824135249156711,5.0,1.0,23.0,299.8988209469718,294.75,-5.148820946971796,308.65,287.04999999999995,2.0,60.0,-0.06153888273310315,-4.932304674509879,0.689727552030765,-0.3375667113261045,6.0,0.0,17.0,302.4083557192641,302.4,-0.00835571926410239,307.95,289.84999999999997,3.3000000000000003,280.0,0.46262421848319946,0.24338453369290391,-0.01956829559502656,0.6527867367879168,6.0,1.0,23.0,299.54633978217316,293.65,-5.896339782173186,307.95,289.84999999999997,0.2,70.0,-0.14162715466777342,-5.738037176336988,0.7197227850866833,-0.5747546722204078,,,,,,,,,,,,,,,,,,,,,,,,,,,,,,,,,,,,,,,,,,,,,,,,,,,,,,,,,,,,,,,,,,,,,,,,,,,,,,,,,,,,,,,,,,,,,,,,,,,,,,,,,,,,,,,,,,,,,,,,,,,,,,,,,,,,,,,,,,,,
264,0.0,0.0,17.0,302.95841184521254,302.945,-0.013411845212544904,308.15,298.75,4.1,282.75,0.4488002207208126,0.2338109484246047,-0.0007218149140726382,0.6251070441895337,0.0,1.0,23.0,299.92035747598095,295.65,-4.270357475980973,308.15,298.75,3.9,280.0,-0.1432036617113397,-4.1619972018117295,0.6116721487344469,-0.4666975736819552,1.0,0.0,18.0,300.3548904801158,300.3433333333333,-0.011557146782479322,303.95,290.15,4.973333333333334,290.0,0.31846465734594176,0.1490988838873335,0.019888499102644158,0.3594390260435034,1.0,1.0,23.0,298.01548993450047,294.15,-3.865489934500488,303.95,290.15,3.1,280.0,-0.17379624350397194,-3.803141482208943,0.48933511498954374,-0.4357520038254563,2.0,0.0,18.0,300.89574140376226,300.8833333333333,-0.01240807042893266,304.95,288.15,5.609999999999999,275.6666666666667,0.33713977193259836,0.17409512712856667,-0.021457330089935073,0.5057928733786241,2.0,1.0,23.0,297.82520355552407,292.34999999999997,-5.475203555524104,304.95,288.15,3.7,250.0,-0.22477952368301146,-5.4193157531632465,0.6625654040896384,-0.7192452484615046,,,,,,,,,,,,,,,,,,,,,,,,,,,,,,,,,,,,,,,,,,,,,,,,,,,,,,,,,,,,,,,,,,,,,,,,,,,,,,,,,,,,,,,,,,,,,,,,,,,,,,,,,,,,,,,,
265,0.0,0.0,23.0,302.60855928899963,298.25,-4.358559288999629,307.15,298.25,9.1,230.0,-0.16576770840202926,-4.209519667542878,0.7696710698596263,-0.8525223669046795,1.0,0.0,18.0,303.83242685118734,303.82166666666666,-0.010760184520677285,304.84999999999997,294.15,10.5125,230.0,0.43711980682533635,0.11026270230118485,-0.0022128950505522957,0.19112570825917885,1.0,1.0,23.0,301.44787546181794,297.15,-4.297875461817966,304.84999999999997,294.15,5.1,230.0,-0.18712534432550854,-4.1711268292930725,0.6975861158361548,-0.8278231190611507,2.0,0.0,23.0,300.17873520259974,295.04999999999995,-5.128735202599785,305.15,291.34999999999997,5.5,240.0,-0.24144288275559234,-5.021563329652608,0.7828888346750394,-1.048538803493841,3.0,0.0,18.0,303.5541625942163,303.5466666666666,-0.007495927549655335,306.15,291.15,5.935,240.0,0.4616791909885052,0.13968425082674685,-0.17111988808285616,0.5428868080162346,3.0,1.0,23.0,301.2105138948132,296.15,-5.060513894813198,306.15,291.15,0.0,220.0,-0.16797162932368792,-4.911491738341951,0.7076769778660008,-0.7984714368988648,4.0,0.0,18.0,305.0202909707044,305.0,-0.02029097070442276,308.15,291.25,5.975,240.0,0.4782483129831121,0.16595643367568869,-0.13339179327797032,0.6247189316808459,4.0,1.0,23.0,302.4844465111386,299.25,-3.2344465111385716,308.15,291.25,5.3,250.0,-0.12948008553539125,-3.0642322924272634,0.7320293101755624,-0.7168183742275005,5.0,0.0,18.0,305.7767407337773,305.76666666666665,-0.010074067110622309,308.15,294.25,8.058333333333334,230.83333333333334,0.4755134913905863,0.17544345743449696,-0.04166450953383105,0.4587179529440988,5.0,1.0,23.0,303.2362079646388,297.04999999999995,-6.186207964638868,308.15,294.25,2.8,180.0,-0.15496528903011608,-6.001188501957898,0.7749816662537228,-0.8249374023570795,6.0,0.0,18.0,306.5747355348568,306.56666666666666,-0.008068868190150624,310.04999999999995,292.15,6.0616666666666665,236.91666666666666,0.4081507396232098,0.1987408172347216,-0.06467466513028815,0.6429172533390357,6.0,1.0,23.0,304.5652038854813,298.04999999999995,-6.515203885481355,310.04999999999995,292.15,0.2,170.0,-0.11315868697532494,-6.294577791755998,0.731595709498175,-0.6611361280923234,,,,,,,,,,,,,,,,,,,,,,,,,,,,
266,0.0,0.0,18.0,305.25563430464956,305.25,-0.0056343046495612725,308.65,297.75,8.1,150.0,0.2750492311518826,0.12508341023999492,-0.012027955838931348,0.3169376235326382,0.0,1.0,23.0,302.85712790404955,297.45,-5.40712790404956,308.65,297.75,2.8,190.0,-0.1475156752236586,-5.366505835659012,0.5408019051728701,-0.6751670847199023,1.0,0.0,19.0,303.65953233729755,303.6483333333333,-0.011199003964236454,307.54999999999995,290.34999999999997,4.675,141.16666666666666,0.17437775109380027,0.11967672934834184,-0.07225183198254115,0.47806717390463405,1.0,1.0,23.0,302.17629359295466,297.54999999999995,-4.62629359295471,307.54999999999995,290.34999999999997,1.9,190.0,-0.10083754949067725,-4.562587598470998,0.4688644086732741,-0.49762118953699996,2.0,0.0,19.0,307.02714484316493,307.0,-0.027144843164933263,311.45,292.04999999999995,4.225,152.5,0.2747932554707404,0.1743620027404802,-0.09091062361510183,0.7280789144020332,2.0,1.0,23.0,304.98800537086737,299.65,-5.338005370867393,311.45,292.04999999999995,0.0,120.0,-0.07592843331366339,-5.2258622149740575,0.6356928193555736,-0.5961738991498606,4.0,0.0,20.0,313.72900310408863,313.7175,-0.01150310408866062,317.04999999999995,302.04999999999995,3.6075,329.25,0.26819672933346794,0.23413402518271198,0.07533716579940612,0.6578638119407998,4.0,1.0,23.0,312.1848963274303,308.65,-3.5348963274303173,317.04999999999995,302.04999999999995,6.2,340.0,0.02572767328180703,-3.3520086235299402,0.5519901270052401,-0.21760537913235112,5.0,0.0,23.0,302.63113592523007,296.84999999999997,-5.781135925230103,307.84999999999997,296.04999999999995,5.6,160.0,-0.21755812648524397,-5.7931362994112305,0.5430472968068898,-0.8496504952364319,,,,,,,,,,,,,,,,,,,,,,,,,,,,,,,,,,,,,,,,,,,,,,,,,,,,,,,,,,,,,,,,,,,,,,
267,0.0,0.0,18.0,305.06968854272344,305.06,-0.009688542723438331,308.65,303.25,3.808333333333333,286.1666666666667,0.47330493716977173,0.22969766176440487,0.03210277248483351,0.5635586198434339,0.0,1.0,23.0,302.7986443892381,298.15,-4.648644389238143,308.65,303.25,0.4,280.0,-0.02549476083417801,-4.445256316568376,0.7471653268716333,-0.6382591875816956,1.0,0.0,17.0,304.4969155321377,304.49666666666667,-0.00024886547100777534,307.54999999999995,294.34999999999997,5.636666666666667,280.0,0.5612895345917508,0.19080522373103292,-0.10067622120464155,0.5116082756541971,1.0,1.0,23.0,301.45880764866274,295.84999999999997,-5.608807648662776,307.54999999999995,294.34999999999997,1.5,260.0,-0.11841807504482915,-5.460211697864693,0.8338893808557231,-0.9624607160296819,2.0,0.0,18.0,303.672436920367,303.65666666666664,-0.0157702537003388,306.45,292.65,3.74,296.0,0.4587614405458993,0.16002521054257102,-0.04748240342072544,0.44924444207686065,2.0,1.0,23.0,300.9674081305593,294.75,-6.217408130559306,306.45,292.65,1.3,280.0,-0.12943971298334134,-6.071627706923465,0.8242975185859839,-0.9899229349188801,3.0,0.0,17.0,302.0207976806898,302.01166666666666,-0.009131014023125772,305.95,290.95,6.0216666666666665,270.0,0.5546908287271322,0.13299885235791464,-0.1640500579590404,0.42430445972044595,3.0,1.0,23.0,298.6952214905889,291.95,-6.745221490588904,305.95,290.95,2.1,270.0,-0.20585312562360514,-6.644928794386161,0.89156005459535,-1.2520258369931838,4.0,0.0,17.0,299.86703129314577,299.8583333333333,-0.008697959812479894,302.54999999999995,290.45,5.1925,260.0,0.483239998538636,0.10200667007350717,-0.22473116656536263,0.43946398089148886,4.0,1.0,23.0,297.15602180831354,291.34999999999997,-5.806021808313574,302.54999999999995,290.45,3.0,280.0,-0.18879589868548408,-5.726678393674462,0.7511064219714143,-1.0669059268044663,6.0,0.0,17.0,298.1641474908155,298.15999999999997,-0.004147490815512356,300.75,290.95,4.97,260.0,0.46615373138433824,0.09100480049661996,-0.21505772448446692,0.37143233423444144,,,,,,,,,,,,,,,,,,,,,,,,,,,,,,,,,,,,,,,,,,
268,0.0,0.0,23.0,298.9032620831548,293.54999999999995,-5.353262083154846,302.45,293.54999999999995,2.2,270.0,-0.19449599517857052,-5.301341180594349,0.6069843266530247,-0.7622992842820224,3.0,0.0,18.0,299.1855955768421,299.17749999999995,-0.008095576842151786,300.34999999999997,289.84999999999997,3.1,280.25,0.31127646633996164,0.11320701541561107,-0.03571245951335792,0.30248353433374575,3.0,1.0,23.0,298.1811285056898,295.84999999999997,-2.3311285056898328,300.34999999999997,289.84999999999997,0.0,240.0,-0.0676370254986125,-2.2414327554810995,0.34459809361840615,-0.21289811676814452,4.0,0.0,19.0,304.3101353884136,304.31,-0.0001353884135824046,307.45,292.04999999999995,3.8,262.0,0.360958491565853,0.22006086822966608,0.08575549528487632,0.45850038889904,4.0,1.0,23.0,302.8160667038654,298.65,-4.166066703865397,307.45,292.04999999999995,0.2,280.0,-0.023977982672306553,-3.997333590235968,0.5374642449596791,-0.2871625154600821,5.0,0.0,18.0,307.090210819852,307.0808333333333,-0.009377486518701517,310.84999999999997,293.95,4.325833333333334,270.0,0.5365630054545534,0.22843503710247148,0.020276326619348122,0.506955229419745,5.0,1.0,23.0,304.5759825125893,299.15,-5.425982512589314,310.84999999999997,293.95,1.5,260.0,-0.0785151781217337,-5.260087188301611,0.7156044975907369,-0.5822380636016646,6.0,0.0,18.0,307.6375516676092,307.635,-0.0025516676092252055,311.25,294.45,5.4775,261.75,0.5114633809229332,0.2189331661491849,0.0337510376057916,0.44422355625879106,6.0,1.0,23.0,305.1653360221528,300.25,-4.915336022152815,311.25,294.45,1.3,270.0,-0.08371915532219987,-4.760288859683584,0.69487120559495,-0.5774780782147815,,,,,,,,,,,,,,,,,,,,,,,,,,,,,,,,,,,,,,,,,,,,,,,,,,,,,,,,,,,,,,,,,,,,,,
269,2.0,0.0,19.0,298.61675351356524,298.6141666666666,-0.0025868468986232074,301.95,290.45,5.019166666666667,250.0,0.13905459557922484,0.16195467975040856,0.04864612442612307,0.48766539671903786,2.0,1.0,23.0,297.7972701675668,295.54999999999995,-2.247270167566853,301.95,290.45,3.5,250.0,-0.010679985128817293,-2.1112086225000013,0.3522211554654528,-0.0977683192740244,4.0,0.0,18.0,299.0819553527888,299.06,-0.021955352788779692,302.34999999999997,291.34999999999997,3.9125,304.75,0.21543695973365118,0.11591470108517399,0.07386913911430781,0.27571474361791104,5.0,0.0,23.0,298.69195501247316,296.34999999999997,-2.3419550124731927,307.15,289.15,3.3,300.0,-0.05039664423904355,-2.2302883296558917,0.473459443525068,-0.34466836397172074,,,,,,,,,,,,,,,,,,,,,,,,,,,,,,,,,,,,,,,,,,,,,,,,,,,,,,,,,,,,,,,,,,,,,,,,,,,,,,,,,,,,,,,,,,,,,,,,,,,,,,,,,,,,,,,,,,,,,,,,,,,,,,,,,,,,,,,,,,,,
270,3.0,0.0,18.0,309.76757444739667,309.7625,-0.005074447396680171,313.04999999999995,297.65,8.625,320.0,0.19620955168842613,0.12518520114454645,-0.08740177364945605,0.4928082489892347,3.0,1.0,23.0,307.6595661759559,302.04999999999995,-5.609566175955933,313.04999999999995,297.65,6.8,310.0,-0.22581989985381767,-5.532897800356039,0.6035366406666091,-0.7221665530254171,4.0,0.0,18.0,308.60303502451706,308.59166666666664,-0.011368357850415123,312.04999999999995,294.95,9.275,320.0,0.25184240222291976,0.11639042582153536,-0.12039112426051683,0.498853405211392,4.0,1.0,23.0,306.0929714255316,300.25,-5.842971425531573,312.04999999999995,294.95,6.3,310.0,-0.2592926748933593,-5.784531196697841,0.6436315574980872,-0.8435348676192689,5.0,0.0,18.0,306.55414987127483,306.54999999999995,-0.0041498712748762046,309.25,293.15,9.2,325.0,0.21491995250811158,0.09634217780751442,-0.10888912518242932,0.39646484924531933,5.0,1.0,23.0,304.73740002613044,299.75,-4.9874000261304445,309.25,293.15,9.5,320.0,-0.22710273502661948,-4.939365630897171,0.4872050860004767,-0.6178150675974052,6.0,0.0,18.0,305.89877260553124,305.89,-0.0087726055312487,308.75,293.95,7.726666666666667,320.0,0.21528633657052865,0.0914193815580262,-0.13055942957499175,0.42974126764976006,6.0,1.0,23.0,303.7714555457583,299.75,-4.021455545758272,308.75,293.95,6.1,320.0,-0.24477614813044113,-3.9864627387131577,0.5272271991792081,-0.6921269337063904,,,,,,,,,,,,,,,,,,,,,,,,,,,,,,,,,,,,,,,,,,,,,,,,,,,,,,,,,,,,,,,,,,,,,,,,,,,,,,,,,,,,
271,0.0,0.0,18.0,298.4713938711362,298.4708333333333,-0.0005605378028690211,300.45,291.54999999999995,5.454166666666667,327.9166666666667,0.31419366065505017,0.12736601426018979,-0.03465881770488958,0.32217390611793917,1.0,0.0,20.0,302.2515169112375,302.25,-0.0015169112375019722,306.84999999999997,286.15,4.0249999999999995,280.0,0.27735785212549047,0.22864546717869416,0.03973725092553101,0.6355951139125722,1.0,1.0,23.0,301.27361783683784,298.54999999999995,-2.7236178368378887,306.84999999999997,286.15,3.1,280.0,0.07749020003679163,-2.546415837485455,0.43691714863785575,-0.08813640818706858,2.0,0.0,23.0,300.7404460391835,298.15,-2.5904460391835187,308.04999999999995,291.15,4.5,180.0,0.01960191000911493,-2.473241323114067,0.35791866850610177,-0.14685967824578938,6.0,0.0,17.0,297.27651433675106,297.275,-0.0015143367510859207,299.65,288.15,7.5625,310.0,0.3842133360729463,0.1269801146950016,-0.08247767874632454,0.34243672317836626,,,,,,,,,,,,,,,,,,,,,,,,,,,,,,,,,,,,,,,,,,,,,,,,,,,,,,,,,,,,,,,,,,,,,,,,,,,,,,,,,,,,,,,,,,,,,,,,,,,,,,,,,,,,,,,,,,,,,,,,,,,,,,
272,0.0,0.0,18.0,299.673783276899,299.6583333333333,-0.01544994356567031,302.54999999999995,291.65,3.1875,304.5833333333333,0.2015958405815752,0.10032424307655674,-0.12815416687657452,0.5093457811448587,0.0,1.0,23.0,298.11389169726215,294.15,-3.96389169726217,302.54999999999995,291.65,4.1,300.0,-0.1455741593888149,-3.8864849109579893,0.4500232233496462,-0.4951616570713213,1.0,0.0,19.0,300.0358867040085,300.03,-0.0058867040085033295,303.75,287.15,2.845,293.5,0.1487654986215432,0.15479077822216425,-0.09570325930441943,0.6336794460467274,1.0,1.0,23.0,298.88486482884093,296.34999999999997,-2.5348648288409663,303.75,287.15,2.1,330.0,-0.08666420215287474,-2.4128308371782055,0.4520360629792511,-0.33764316475365774,2.0,0.0,19.0,302.86338020726396,302.8483333333333,-0.015046873930657512,307.54999999999995,290.34999999999997,2.9675000000000002,294.0833333333333,0.22821452627249528,0.20645873261013037,-0.09760899104359548,0.822037997758315,2.0,1.0,23.0,301.55777940498024,297.54999999999995,-4.007779404980283,307.54999999999995,290.34999999999997,3.5,300.0,-0.0315971297171842,-3.8336108396174353,0.488785349648424,-0.24711333530663637,3.0,0.0,19.0,304.3985307362343,304.385,-0.013530736234315555,308.75,291.54999999999995,3.285,304.75,0.2513839776394491,0.21950575215362278,-0.10423930163115358,0.8743424372923698,3.0,1.0,23.0,303.09830060693514,300.25,-2.8483006069351404,308.75,291.54999999999995,0.0,330.0,-0.007042041694901968,-2.660097070984577,0.49252512327688674,-0.1895204076021031,4.0,0.0,19.0,305.94517785137674,305.9433333333333,-0.0018445180434127906,309.84999999999997,294.95,2.1525000000000003,232.33333333333334,0.22164938558069025,0.24073424243574948,0.033484082801119065,0.7073989241044956,4.0,1.0,23.0,304.6153352593865,299.25,-5.365335259386484,309.84999999999997,294.95,3.2,300.0,-0.02624168328341625,-5.1525408994810675,0.6220218451885889,-0.4119818704824496,5.0,0.0,23.0,297.6372339267023,289.15,-8.487233926702345,306.34999999999997,289.15,5.0,340.0,-0.3846428433538307,-8.470842241983334,0.9676700347780525,-1.6143290795107532,,,,,,,,,,,,,,,,,,,,,,,,,,,,,,,,,,,,,,,,,,
273,2.0,0.0,18.0,299.8994117848149,299.8983333333333,-0.0010784514815895818,304.75,286.15,3.158333333333333,286.8333333333333,0.36622051236182074,0.1925540771493104,-0.18686725192935683,0.776672494114294,2.0,1.0,23.0,298.15768081957503,292.95,-5.207680819575046,304.75,286.15,1.3,310.0,-0.10225764305833707,-5.030779322163852,0.6346622852242755,-0.5613108497962287,3.0,0.0,18.0,302.8344563997125,302.83166666666665,-0.002789733045858611,307.45,288.54999999999995,4.020833333333333,249.83333333333334,0.44160724706709686,0.2426130224911276,-0.05928435990243486,0.7353524854540723,3.0,1.0,23.0,300.52211562272237,294.75,-5.772115622722367,307.45,288.54999999999995,0.0,280.0,-0.08545842013565164,-5.560799280763732,0.7590414677494929,-0.6300398895712789,4.0,0.0,18.0,303.1753467887336,303.16999999999996,-0.0053467887336182685,306.95,289.95,4.09,272.0,0.4677550652755684,0.21782182212504608,-0.025693935767511295,0.5683726242098572,4.0,1.0,23.0,300.40098880885006,295.25,-5.150988808850059,306.95,289.95,0.0,330.0,-0.12656489397443238,-4.968223192499892,0.7957986519617037,-0.7680795965167135,5.0,0.0,23.0,297.26387031871724,290.34999999999997,-6.913870318717272,303.65,290.34999999999997,2.6,310.0,-0.26321014347517746,-6.815260736856288,0.8669749239803176,-1.1912287192169373,,,,,,,,,,,,,,,,,,,,,,,,,,,,,,,,,,,,,,,,,,,,,,,,,,,,,,,,,,,,,,,,,,,,,,,,,,,,,,,,,,,,,,,,,,,,,,,,,,
274,0.0,0.0,18.0,303.1544055602673,303.1408333333333,-0.013572226934002174,306.45,296.25,4.275833333333333,160.0,0.40733478672768797,0.20137697421927214,-0.09139575535546385,0.7078860035643402,0.0,1.0,23.0,300.2493910201549,293.54999999999995,-6.6993910201549625,306.45,296.25,1.3,220.0,-0.17048316847072442,-6.549603092913557,0.8717788330823453,-0.9409283541310316,1.0,0.0,19.0,304.4516343761125,304.44166666666666,-0.009967709445845685,309.15,289.34999999999997,3.5416666666666665,178.75,0.3527981396196509,0.24213292132236575,-0.1033583228368163,0.9004833610740235,1.0,1.0,23.0,302.17073212169055,296.95,-5.22073212169056,309.15,289.34999999999997,0.0,210.0,-0.08920453865577826,-5.026855865177126,0.7939939199506464,-0.6603087894000765,2.0,0.0,18.0,305.9839310612744,305.97999999999996,-0.003931061274442982,310.95,292.04999999999995,3.0116666666666667,149.91666666666666,0.4064613144683875,0.2615128553711088,-0.15115186635064978,0.9961889424780423,2.0,1.0,23.0,303.33893532673017,296.25,-7.088935326730166,310.95,292.04999999999995,0.0,170.0,-0.09458573333051845,-6.88759390709744,0.8303845152049926,-0.7163190070550343,3.0,0.0,18.0,305.53126346762184,305.5175,-0.013763467621856762,309.84999999999997,291.75,3.6675,153.58333333333334,0.39679250471151306,0.22374798824877473,-0.06857912780015359,0.7541301493420178,3.0,1.0,23.0,302.96914496349945,297.84999999999997,-5.11914496349948,309.84999999999997,291.75,3.7,290.0,-0.11366442489769213,-4.940299530763113,0.810425662539482,-0.7397762792864029,,,,,,,,,,,,,,,,,,,,,,,,,,,,,,,,,,,,,,,,,,,,,,,,,,,,,,,,,,,,,,,,,,,,,,,,,,,,,,,,,,,,
275,0.0,0.0,18.0,301.6475945772859,301.6191666666666,-0.02842791061925709,309.04999999999995,294.54999999999995,6.096666666666667,140.0,0.5208473770036051,0.2691158111383203,-0.1587932111463696,1.0297541447595222,1.0,0.0,18.0,298.2174663701489,298.17249999999996,-0.044966370148927126,305.15,284.15,6.2425,146.5,0.4352735721341787,0.16868646268662246,-0.19500975907867257,0.8262201947866714,2.0,0.0,18.0,299.145919260858,299.13,-0.015919260858026973,306.15,284.45,5.88,141.5,0.3874018531681145,0.22937676638531457,-0.21590973543812217,1.0149903924726686,,,,,,,,,,,,,,,,,,,,,,,,,,,,,,,,,,,,,,,,,,,,,,,,,,,,,,,,,,,,,,,,,,,,,,,,,,,,,,,,,,,,,,,,,,,,,,,,,,,,,,,,,,,,,,,,,,,,,,,,,,,,,,,,,,,,,,,,,,,,,,,,,,,,,,,,,,
276,1.0,0.0,18.0,300.3787066119807,300.3616666666666,-0.017039945314081706,305.25,284.75,3.5708333333333333,270.0,0.3745871515246648,0.24411296894012935,-0.017853174115780728,0.7626563652681426,1.0,1.0,23.0,297.85172832762214,292.95,-4.901728327622152,305.25,284.75,1.3,130.0,-0.11407332474918519,-4.733824123815708,0.7557231832730338,-0.600334546397761,2.0,0.0,18.0,302.489757588624,302.47666666666663,-0.013090921957370938,307.04999999999995,287.65,4.92,278.6666666666667,0.49663486613359,0.2628944604690844,0.03473923417627608,0.6510629623493571,2.0,1.0,23.0,299.59982013082936,294.15,-5.44982013082938,307.04999999999995,287.65,1.3,30.0,-0.09814596566191369,-5.273791026733235,0.739958177269448,-0.5598435152819121,,,,,,,,,,,,,,,,,,,,,,,,,,,,,,,,,,,,,,,,,,,,,,,,,,,,,,,,,,,,,,,,,,,,,,,,,,,,,,,,,,,,,,,,,,,,,,,,,,,,,,,,,,,,,,,,,,,,,,,,,,,,,,,,,,,,,,,,,,,,
277,0.0,0.0,19.0,306.2095977732524,306.2,-0.009597773252437491,309.15,299.45,3.9883333333333337,195.66666666666666,0.33287381884899503,0.18815030132134325,-0.051303180716359975,0.6290605029412575,0.0,1.0,23.0,304.13110681200914,296.95,-7.181106812009148,309.15,299.45,0.0,90.0,-0.20817980043307216,-6.977483493525398,0.7917713548093843,-0.7973162311389217,1.0,0.0,19.0,305.3596689004373,305.3533333333333,-0.00633556710403127,309.15,290.15,4.55,166.33333333333334,0.20096658656117938,0.19514514429884855,-0.04002918063051671,0.6503871859026162,1.0,1.0,23.0,304.0467989624882,300.15,-3.8967989624882193,309.15,290.15,0.0,120.0,-0.12838123608278806,-3.704426781690472,0.5546630932250215,-0.36309881683258993,2.0,0.0,19.0,306.90379774677,306.9,-0.0037977467700329726,310.34999999999997,296.15,3.106666666666667,169.66666666666666,0.252933074786597,0.20686531732245328,-0.13149437303367031,0.8792224473078534,2.0,1.0,23.0,305.619346204399,301.04999999999995,-4.569346204399039,310.34999999999997,296.15,2.1,150.0,-0.10562845948176403,-4.345206593979796,0.5829312426376655,-0.3202921653178379,3.0,0.0,19.0,306.5038022379333,306.49666666666667,-0.007135571266644547,310.15,293.45,7.31,164.83333333333334,0.28845508567101774,0.18724847526426913,-0.10858695081047169,0.7410678607831755,3.0,1.0,23.0,305.0612962387671,300.15,-4.911296238767136,310.15,293.45,3.4,190.0,-0.13436860956544194,-4.70763647211426,0.5982204571542648,-0.4254343242715919,4.0,0.0,19.0,303.47442855865523,303.4733333333333,-0.0010952253219329577,306.15,292.15,5.9525,160.16666666666666,0.23705125607534683,0.12266958013316298,-0.1946920234301075,0.6497317034089178,4.0,1.0,23.0,302.19142919347485,297.65,-4.541429193474869,306.15,292.15,5.1,210.0,-0.18611660905489202,-4.4023498146120374,0.503510063259038,-0.4575061802574538,5.0,0.0,19.0,301.7291722683784,301.72666666666663,-0.0025056017117890406,305.04999999999995,288.25,3.58,182.75,0.2012985482966343,0.111796968949605,-0.2721249943113122,0.7525614740198421,5.0,1.0,23.0,300.5573624625456,295.95,-4.607362462545609,305.04999999999995,288.25,0.2,310.0,-0.1993455447439061,-4.471824842915851,0.502147300310213,-0.5021225624126942,6.0,0.0,20.0,304.8396437544878,304.8258333333333,-0.013810421154460073,309.04999999999995,291.15,2.2808333333333333,200.0,0.22630742667011816,0.19901861720214242,-0.1215608532495338,0.8358858288698343,6.0,1.0,23.0,303.41637648414894,297.04999999999995,-6.3663764841489865,309.04999999999995,291.15,1.6,300.0,-0.15262696686809818,-6.1445006940463855,0.6551188380570494,-0.5164325500458347
278,0.0,0.0,19.0,302.0062603353148,302.0,-0.006260335314777876,310.95,300.84999999999997,1.025,132.5,-0.15642156290856235,0.27901197400564115,0.2580910091882392,0.8054476918952957,0.0,1.0,23.0,300.8106670709431,299.65,-1.1606670709431341,310.95,300.84999999999997,1.6,70.0,-0.3736061192276594,-0.9322065459471105,0.41482077370749454,0.47320801090153,2.0,0.0,17.0,297.15833900847457,297.15749999999997,-0.0008390084745997228,301.34999999999997,288.25,4.9225,270.0,0.42343869904618714,0.13974405705451431,-0.06454153539191054,0.29626149568714766,,,,,,,,,,,,,,,,,,,,,,,,,,,,,,,,,,,,,,,,,,,,,,,,,,,,,,,,,,,,,,,,,,,,,,,,,,,,,,,,,,,,,,,,,,,,,,,,,,,,,,,,,,,,,,,,,,,,,,,,,,,,,,,,,,,,,,,,,,,,,,,,,,,,,,,,,,
279,5.0,0.0,17.0,297.5817233784436,297.58,-0.001723378443614365,298.75,290.9458333333333,4.305,180.0,0.5021142126075517,0.12629900877878697,-0.06506282754383601,0.22844652812912614,6.0,0.0,23.0,297.7271991993298,293.15,-4.577199199329812,304.54999999999995,289.95,2.2,180.0,-0.06389292736670882,-4.464369601051203,0.5223634859768159,-0.45619037705696996,,,,,,,,,,,,,,,,,,,,,,,,,,,,,,,,,,,,,,,,,,,,,,,,,,,,,,,,,,,,,,,,,,,,,,,,,,,,,,,,,,,,,,,,,,,,,,,,,,,,,,,,,,,,,,,,,,,,,,,,,,,,,,,,,,,,,,,,,,,,,,,,,,,,,,,,,,,,,,,,,,,,,,,,
280,0.0,0.0,19.0,300.7937597768415,300.7858333333333,-0.007926443508210923,303.75,294.65,6.329166666666667,320.0,0.04961772581893342,0.18124248247805497,0.038806019773858225,0.5984023496409634,0.0,1.0,23.0,299.3546694742812,294.65,-4.704669474281218,303.75,294.65,0.2,180.0,-0.31450460459591056,-4.542486230924283,0.5078508442000592,-0.22898824423954522,1.0,0.0,19.0,300.8804045414861,300.86749999999995,-0.012904541486136623,304.45,289.34999999999997,2.1375,243.25,0.035219707693542546,0.17949534849297777,-0.030626697321451957,0.7396405833451496,1.0,1.0,23.0,299.3311323972208,295.84999999999997,-3.481132397220847,304.45,289.34999999999997,2.7,250.0,-0.32038660215499704,-3.3239651083263198,0.5167359142652211,-0.21454456526232946,2.0,0.0,18.0,301.3909175885705,301.385,-0.005917588570525822,305.34999999999997,289.34999999999997,2.595,92.0,0.11788989689053153,0.1955793202856313,-0.09305282691846628,0.8336129177193072,2.0,1.0,23.0,299.5831916636002,294.84999999999997,-4.733191663600223,305.34999999999997,289.34999999999997,3.4,330.0,-0.3613665435057811,-4.556232019277061,0.6346917703410924,-0.409191210177255,3.0,0.0,18.0,300.3567169029594,300.335,-0.021716902959440176,305.25,289.04999999999995,10.648333333333333,310.0,0.11943509053845958,0.15160947947531156,-0.2009694430238511,0.9075246315058791,3.0,1.0,23.0,299.10447629419104,295.84999999999997,-3.254476294191079,305.25,289.04999999999995,5.9,310.0,-0.28583617471373657,-3.1016714162998795,0.4295024038155759,-0.10935002287033058,4.0,0.0,18.0,298.0566304305009,298.04499999999996,-0.011630430500929378,299.54999999999995,293.25,3.646666666666667,346.75,0.053350296130261654,0.08923335170065627,-0.018498165513581927,0.3663710713835684,5.0,0.0,19.0,297.5950460091916,297.59499999999997,-4.6009191635221214e-05,300.25,287.25,2.08,84.16666666666667,-0.03900235364386617,0.12158448943165467,-0.06010254174186495,0.5780374398888455,6.0,0.0,19.0,297.62336608808937,297.62333333333333,-3.275475603459199e-05,301.04999999999995,287.15,3.6,90.0,-0.10733029830215912,0.14292871601024615,0.002568898284768769,0.5826197188528397,,,,,,,,,,,,,,,,,,,,,,,,,,,,,,,,,,,,,,,,,,
281,0.0,0.0,19.0,306.75625252709074,306.73999999999995,-0.01625252709078495,309.15,302.34999999999997,3.685,154.5,0.28472940121714885,0.17633622840199337,-0.0382535502451257,0.6186289852404343,0.0,1.0,23.0,304.9355284179596,299.95,-4.985528417959586,309.15,302.34999999999997,0.2,360.0,-0.025684705396813,-4.824989027124431,0.6724457693731836,-0.666759159100792,1.0,0.0,19.0,304.4493216219506,304.445,-0.0043216219506234665,307.15,292.15,3.7116666666666664,172.83333333333334,0.2297325136451036,0.1399921969103417,-0.08093035929858179,0.5386966579235803,1.0,1.0,23.0,302.81723156461294,297.95,-4.8672315646129505,307.15,292.15,0.0,140.0,-0.0717300120692812,-4.743750734484593,0.6477563059033002,-0.7700461065132487,2.0,0.0,19.0,305.3411823158317,305.325,-0.016182315831713368,309.15,289.25,3.434166666666667,189.83333333333334,0.30358751530106076,0.17091034136393546,-0.13862631992600902,0.7408586320741648,2.0,1.0,23.0,303.39277042399226,296.95,-6.442770423992272,309.15,289.25,0.0,90.0,-0.058853267893525185,-6.289293521456301,0.7249236773771864,-0.8308158704410715,3.0,0.0,19.0,305.47610324182597,305.47249999999997,-0.0036032418259992482,309.15,290.15,4.7125,165.25,0.25585034049152,0.1934954723900688,-0.03274907031542303,0.5980735887642368,3.0,1.0,23.0,304.02534071467943,300.15,-3.875340714679453,309.15,290.15,0.0,120.0,-0.0035063031153867996,-3.714330346342777,0.5852745146490387,-0.5199805465227172,4.0,0.0,19.0,307.15156718147637,307.15,-0.0015671814763891234,310.34999999999997,296.15,3.14,168.0,0.2980973289635358,0.20715586791098417,-0.1274551355567013,0.819612216983856,4.0,1.0,23.0,305.6621741065956,301.04999999999995,-4.61217410659566,310.34999999999997,296.15,2.1,150.0,0.01447826839761035,-4.425444117202716,0.6221031363139579,-0.5121238284265672,5.0,0.0,19.0,306.6327889467714,306.6133333333333,-0.019455613438140062,310.15,293.45,7.335,164.41666666666666,0.2930127291639337,0.1700568428901903,-0.09373927958166917,0.6863087735024465,5.0,1.0,23.0,305.02314847597574,300.15,-4.873148475975768,310.15,293.45,3.4,190.0,-0.015025269219023585,-4.709306546878253,0.6231843290017215,-0.6004335874852558,6.0,0.0,19.0,303.4772408323091,303.4733333333333,-0.003907498975820545,306.15,292.15,5.9525,160.16666666666666,0.23677935071910383,0.11957629547015358,-0.19549173299943826,0.6311203396380023,6.0,1.0,23.0,302.09268937685266,297.65,-4.442689376852684,306.15,292.15,5.1,210.0,-0.05950589807936524,-4.336929058908524,0.5143340700985135,-0.5976136160374352
282,0.0,0.0,18.0,300.1064383709737,300.09,-0.016438370973730798,302.54999999999995,296.15,4.92,258.0,0.054963111307941404,0.11870511581821575,0.02821289596198066,0.4476694268762884,0.0,1.0,23.0,298.0708485810914,293.65,-4.420848581091434,302.54999999999995,296.15,6.3,350.0,-0.35968173662811864,-4.367799913586936,0.4602147901785685,-0.30105737682664824,1.0,0.0,19.0,298.6778780001056,298.67249999999996,-0.005378000105622505,303.15,289.84999999999997,1.7950000000000002,330.25,-0.0288025355517334,0.11590080316358353,-0.059095060977796265,0.5827846796861138,2.0,0.0,19.0,300.5501577030896,300.54999999999995,-0.00015770308965556978,305.25,292.15,5.2,97.5,-0.004522875482180666,0.15749032263424567,0.0384754797591332,0.553829210717879,2.0,1.0,23.0,298.99453399733375,295.15,-3.8445339973337695,305.25,292.15,9.0,10.0,-0.30585010171068916,-3.758873816806627,0.4059685370377319,-0.11475182839279796,3.0,0.0,19.0,298.0501363216269,298.04499999999996,-0.005136321626935114,301.45,289.25,6.92,360.0,-0.1095977823071621,0.09697514751822212,0.02850697107598421,0.428844866796652,4.0,0.0,18.0,300.31674342871804,300.29999999999995,-0.01674342871808676,304.25,291.04999999999995,2.23,292.0,0.08598041959069747,0.14322498005596174,-0.05873029715384822,0.6591650269040485,4.0,1.0,23.0,297.6275299332122,292.34999999999997,-5.277529933212236,304.25,291.04999999999995,4.1,300.0,-0.4166511513367652,-5.229301224878057,0.6214798040802284,-0.5511042077083346,5.0,0.0,19.0,300.7028457134353,300.6733333333333,-0.02951238010200541,305.95,287.75,1.5,184.66666666666666,0.09524604553632798,0.14959041225169756,-0.11706638532334541,0.815955038798009,5.0,1.0,23.0,297.6508031238544,289.75,-7.900803123854416,305.95,287.75,1.5,340.0,-0.44565472305596643,-7.85063744920771,0.7121477339648123,-0.6923514921277842,6.0,0.0,19.0,300.713907694596,300.71,-0.003907694596023248,306.95,285.15,1.465,204.0,0.08850383913915039,0.18500875528945926,-0.1307684359151485,0.8785565435453009,6.0,1.0,23.0,297.97639199580516,288.75,-9.226391995805159,306.95,285.15,0.2,330.0,-0.42619468072985,-9.158595439467064,0.7046849591008737,-0.6500856708608467,,,,,,,,,,,,,,,,,,,,,,,,,,,,
283,6.0,0.0,18.0,310.5483612193199,310.54166666666663,-0.006694552653243591,313.75,298.15,6.508333333333333,320.0,0.20491765432845455,0.12340196344547394,-0.03666937189188957,0.40754724597542236,6.0,1.0,23.0,308.2547631705472,304.15,-4.104763170547244,313.75,298.15,2.7,300.0,-0.1326112544751794,-4.058967497689196,0.5037160048277514,-0.605164109364182,,,,,,,,,,,,,,,,,,,,,,,,,,,,,,,,,,,,,,,,,,,,,,,,,,,,,,,,,,,,,,,,,,,,,,,,,,,,,,,,,,,,,,,,,,,,,,,,,,,,,,,,,,,,,,,,,,,,,,,,,,,,,,,,,,,,,,,,,,,,,,,,,,,,,,,,,,,,,,,,,,,,,,,,
284,4.0,0.0,19.0,299.7800915162177,299.76666666666665,-0.013424849551029183,305.25,287.34999999999997,2.5533333333333332,96.75,-0.0350356411854591,0.18871854541195887,0.15296452066226607,0.5827120154927314,4.0,1.0,23.0,298.52477712564223,295.25,-3.274777125642231,305.25,287.34999999999997,2.6,80.0,-0.2710443305020789,-3.128615130562949,0.3690993355369064,0.17054682060582138,5.0,0.0,18.0,301.28360221070494,301.2733333333333,-0.010268877371629515,307.54999999999995,287.15,1.0183333333333333,252.33333333333334,0.18682492131637218,0.20481806911472233,0.07950706205068059,0.5604727703016152,5.0,1.0,23.0,298.8940857074826,292.95,-5.9440857074826,307.54999999999995,287.15,0.0,80.0,-0.34022526078508974,-5.818975990551905,0.521921616008323,-0.1294143739392979,6.0,0.0,17.0,298.9491102661265,298.94166666666666,-0.007443599459861616,302.54999999999995,287.04999999999995,1.5,210.0,0.403445626723709,0.13781938310951602,-0.019199294930781246,0.2692916849910034,,,,,,,,,,,,,,,,,,,,,,,,,,,,,,,,,,,,,,,,,,,,,,,,,,,,,,,,,,,,,,,,,,,,,,,,,,,,,,,,,,,,,,,,,,,,,,,,,,,,,,,,,,,,,,,,,,,,,,,,,,,,,,
285,0.0,0.0,18.0,304.37364508081964,304.36749999999995,-0.006145080819692339,307.95,299.15,5.385,235.5,0.3689290137527763,0.22524138043235098,-0.0255128542121336,0.6731446562827585,0.0,1.0,23.0,301.1406442517865,294.04999999999995,-7.090644251786557,307.95,299.15,4.2,220.0,-0.1695724014056026,-6.978489871463168,0.8638161966345924,-0.9616048020951666,1.0,0.0,17.0,299.9269182973394,299.9216666666666,-0.005251630672773899,303.15,287.15,6.041666666666666,210.0,0.4199414094076843,0.13079220121903745,-0.15954201281155633,0.4500435339232638,3.0,0.0,18.0,297.7290173074563,297.71,-0.01901730745629493,301.95,284.95,4.503333333333334,202.33333333333334,0.3112359227784083,0.12932131729209573,-0.17043799628307474,0.5998089764711523,4.0,0.0,19.0,300.2301651964117,300.21,-0.02016519641171044,305.84999999999997,284.95,3.48,218.0,0.3681067833168896,0.19549023077001948,-0.2352701976268463,0.9220989698500688,4.0,1.0,23.0,297.4040959296141,290.25,-7.154095929614073,305.84999999999997,284.95,1.6,180.0,-0.1872643650518313,-7.0569950896803135,0.8488036594496341,-1.0077247182752842,5.0,0.0,20.0,306.78003727474885,306.78,-3.727474887682547e-05,313.54999999999995,287.04999999999995,1.6400000000000001,219.0,0.4258297633252113,0.3356483144770124,-0.13845265282203437,1.2071190486080212,5.0,1.0,23.0,304.8785149909079,298.54999999999995,-6.328514990907934,313.54999999999995,287.04999999999995,0.0,220.0,0.02212335403777388,-6.0796757982326,0.7772522995246666,-0.4237118956891237,6.0,0.0,18.0,309.55764412767303,309.51,-0.04764412767303838,315.34999999999997,291.45,4.6033333333333335,254.5,0.5480371452816541,0.2764052634931886,-0.2156346551832513,1.2546047307226047,6.0,1.0,23.0,303.90687087604675,293.65,-10.256870876046776,315.34999999999997,291.45,3.1,190.0,-0.25677445909011,-10.123838718422604,1.3323926211998771,-1.6330400461344396,,,,,,,,,,,,,,,,,,,,,,,,,,,,,,,,,,,,,,,,,,,,,,,,,,,,,,,,
286,0.0,0.0,18.0,309.6698627574965,309.65999999999997,-0.009862757496534869,312.25,305.54999999999995,8.075000000000001,314.5,0.2977433993639096,0.1516980596075399,-0.04489503966345865,0.49387357832689815,0.0,1.0,23.0,307.0037394344817,302.95,-4.053739434481713,312.25,305.54999999999995,5.0,320.0,-0.08252723127083073,-3.9685897775123067,0.6696233374784745,-0.7977629512140396,1.0,0.0,19.0,308.89554469613677,308.885,-0.01054469613677611,311.54999999999995,296.45,7.8125,320.0,0.2604521754829392,0.14140467335639073,-0.10045968306049247,0.5638475888719228,1.0,1.0,23.0,306.9486865539895,303.04999999999995,-3.898686553989535,311.54999999999995,296.45,6.1,310.0,-0.04926193129151102,-3.8047271371581246,0.5529677440073186,-0.5986023201337645,2.0,0.0,18.0,308.9436979273647,308.9266666666666,-0.017031260698104234,311.95,295.95,9.605,320.0,0.2829341243097474,0.1382638021430438,-0.10195341387137091,0.5601824262815285,2.0,1.0,23.0,306.81592963130447,303.65,-3.1659296313044933,311.95,295.95,2.3,290.0,-0.047843263226397426,-3.077604597065829,0.5407549970740698,-0.567988760395238,3.0,0.0,18.0,309.30079670399226,309.29499999999996,-0.00579670399230281,312.15,296.04999999999995,7.861666666666667,320.0,0.27425885501871505,0.15548742477072608,-0.05128778535780043,0.5097317590589086,3.0,1.0,23.0,307.15958953443635,303.04999999999995,-4.109589534436395,312.15,296.04999999999995,6.2,310.0,-0.04651098352476879,-4.014934411708921,0.5588098687820823,-0.6006633251674742,4.0,0.0,17.0,307.7225030672149,307.7175,-0.005003067214943258,310.25,296.54999999999995,8.895,330.0,0.2789281282817484,0.11635046966681273,-0.057239979556489594,0.34202278076955395,4.0,1.0,23.0,305.2151291925815,299.75,-5.465129192581514,310.25,296.54999999999995,6.8,310.0,-0.11863693946142462,-5.414642394987652,0.6038946814333599,-0.8487776280699109,5.0,0.0,19.0,305.2221249228153,305.2125,-0.009624922815305581,307.95,295.45,8.641666666666666,320.0,0.18399626558586135,0.08123039215098515,-0.16036267939799606,0.46080683611546647,5.0,1.0,23.0,303.76769033249803,300.25,-3.5176903324980344,307.95,295.45,6.5,310.0,-0.07288777253202738,-3.4715570418807573,0.40766469685551004,-0.521610818301312,,,,,,,,,,,,,,,,,,,,,,,,,,,,
287,0.0,0.0,19.0,299.502192577754,299.4975,-0.004692577753985461,300.75,297.25,4.5825,290.0,0.2638728223180209,0.156451055569093,0.02711892200448081,0.3988507200446776,0.0,1.0,23.0,298.2343228775709,296.04999999999995,-2.184322877570935,300.75,297.25,3.6,290.0,-0.013669484167195378,-2.067552722809438,0.42691655970969106,-0.2729188553717137,,,,,,,,,,,,,,,,,,,,,,,,,,,,,,,,,,,,,,,,,,,,,,,,,,,,,,,,,,,,,,,,,,,,,,,,,,,,,,,,,,,,,,,,,,,,,,,,,,,,,,,,,,,,,,,,,,,,,,,,,,,,,,,,,,,,,,,,,,,,,,,,,,,,,,,,,,,,,,,,,,,,,,,,
288,3.0,0.0,18.0,310.3921250898044,310.3858333333333,-0.006291756471057397,313.04999999999995,297.65,8.698333333333334,320.0,0.3723074996383531,0.1316262065132321,-0.10837986628265621,0.4659856785592069,3.0,1.0,23.0,308.22154935152537,302.04999999999995,-6.171549351525414,313.04999999999995,297.65,6.8,310.0,-0.15619837110206447,-6.0299993363954485,0.6996925441772864,-0.8194481433674525,4.0,0.0,18.0,309.2348352681542,309.22416666666663,-0.01066860148756632,312.04999999999995,294.95,9.0275,320.0,0.42896925594507707,0.1219232142231732,-0.14124979956552863,0.44677510593064085,4.0,1.0,23.0,306.6736270367149,300.25,-6.42362703671489,312.04999999999995,294.95,6.3,310.0,-0.1905316665319532,-6.298621910664011,0.7461797237419887,-0.9517992039527883,5.0,0.0,18.0,307.19979688254654,307.19,-0.009796882546538654,309.25,293.15,9.6,321.0,0.4118984647034978,0.09363651774366133,-0.13848419278795632,0.3398080977318898,5.0,1.0,23.0,305.28823577380456,299.75,-5.5382357738045584,309.25,293.15,9.5,320.0,-0.16208540952173678,-5.433437045849473,0.5814946719502293,-0.7186342456399615,6.0,0.0,18.0,306.5356387267676,306.53499999999997,-0.000638726767647313,308.75,293.95,7.9775,320.0,0.40398627840212953,0.10272494842472213,-0.1571601382576849,0.37672702871125807,6.0,1.0,23.0,304.3344698955017,299.75,-4.584469895501684,308.75,293.95,6.1,320.0,-0.17829221515439997,-4.491952055926191,0.6288947444393974,-0.8059430299677786,,,,,,,,,,,,,,,,,,,,,,,,,,,,,,,,,,,,,,,,,,,,,,,,,,,,,,,,,,,,,,,,,,,,,,,,,,,,,,,,,,,,
289,0.0,0.0,18.0,305.2547191827769,305.24,-0.014719182776900652,309.65,301.25,5.06,231.0,0.5591203004908891,0.27443045913754816,-0.07841711309051884,0.8690106021272896,0.0,1.0,23.0,302.6538207728016,296.34999999999997,-6.303820772801657,309.65,301.25,3.0,200.0,-0.28755519163360077,-6.061587567703398,0.912353247984034,-0.6267501933909756,1.0,0.0,19.0,304.2795885559188,304.25166666666667,-0.02792188925212713,307.54999999999995,292.15,4.094166666666666,200.58333333333334,0.46204260009608333,0.20932413279098228,-0.005807654307607398,0.5933589789710112,1.0,1.0,23.0,301.9327304071335,295.15,-6.782730407133499,307.54999999999995,292.15,2.5,200.0,-0.31337047930954043,-6.5833228283610055,0.8244796906052443,-0.6293145676062295,2.0,0.0,19.0,304.66146099354256,304.65166666666664,-0.009794326875919523,309.04999999999995,289.34999999999997,3.7266666666666666,210.0,0.4607494060768289,0.23682213661739127,-0.14749208374725242,0.8820001712356742,2.0,1.0,23.0,302.3018639483698,294.04999999999995,-8.251863948369873,309.04999999999995,289.34999999999997,2.3,210.0,-0.335057287037273,-8.0296711939653,0.9111821885675985,-0.7489370514174709,3.0,0.0,18.0,300.0673578232587,300.0566666666666,-0.010691156592088191,302.45,287.65,3.8866666666666667,200.0,0.5174932414432476,0.1219761201020475,-0.1423210312257055,0.36643167287724054,3.0,1.0,23.0,297.6816137212141,290.25,-7.431613721214092,302.45,287.65,2.7,190.0,-0.4329184279714582,-7.327000981669457,0.7827138724732426,-0.8746665546424737,4.0,0.0,19.0,299.48955987871625,299.47999999999996,-0.009559878716288495,303.04999999999995,286.45,5.325,210.0,0.45317698824744923,0.15069686345120203,-0.1967125520094394,0.6073876140987835,4.0,1.0,23.0,297.4983256541028,291.34999999999997,-6.148325654102848,303.04999999999995,286.45,3.0,190.0,-0.35886179844412425,-6.019396175159557,0.6861860321824764,-0.6229277536188675,6.0,0.0,18.0,297.15882306209915,297.1433333333333,-0.015489728765828659,300.04999999999995,286.34999999999997,6.6066666666666665,220.0,0.5587895719496885,0.1180242534775715,-0.23752033838094158,0.5077372034553775,,,,,,,,,,,,,,,,,,,,,,,,,,,,,,,,,,,,,,,,,,
290,0.0,0.0,18.0,297.98861472173644,297.98749999999995,-0.0011147217364850803,298.15,290.54999999999995,4.3625,199.58333333333331,0.17515924797523041,0.030476564859526434,-0.04011186774305978,0.04849124424427487,1.0,0.0,20.0,300.3608291164015,300.34499999999997,-0.015829116401505416,303.75,284.25,3.575,319.0,0.1711668151091743,0.14136266736721836,-0.07313992544378323,0.589297263263532,1.0,1.0,23.0,298.7934426205769,290.54999999999995,-8.243442620576957,303.75,284.25,2.7,350.0,-0.18287347903226703,-8.150377608601573,0.5683110556863511,-0.5911253483109249,2.0,0.0,19.0,302.6539241365043,302.62083333333334,-0.033090803170978234,305.95,285.65,2.8291666666666666,160.83333333333334,0.2834628070319667,0.16255723000580247,-0.11638648504784992,0.7596089624395859,2.0,1.0,23.0,300.61978895183324,291.95,-8.669788951833254,305.95,285.65,3.1,290.0,-0.1735144611122763,-8.55203190243077,0.6726300204425163,-0.672977824682178,3.0,0.0,19.0,305.3034770479171,305.28,-0.023477047917140226,309.25,288.75,3.455,188.5,0.3325969354322069,0.2149475109439294,-0.0944652286393411,0.8518793947552012,3.0,1.0,23.0,302.4007598234356,296.04999999999995,-6.350759823435624,309.25,288.75,2.1,310.0,-0.20792900467891684,-6.2179217716720245,0.9163986926717863,-0.9576664494190226,4.0,0.0,19.0,305.6764134195908,305.66249999999997,-0.013913419590835474,309.25,291.45,2.1,340.0,0.2919402996140974,0.207490975928863,-0.05492533905971205,0.7388723860770483,4.0,1.0,23.0,303.0934356546043,295.75,-7.3434356546043205,309.25,291.45,2.7,290.0,-0.1941077532159312,-7.213858551255683,0.8300247209215948,-0.8549006737497677,5.0,0.0,19.0,307.44920289781464,307.44166666666666,-0.007536231147980743,311.45,289.95,2.4166666666666665,147.5,0.31967233030987074,0.2410079682772448,-0.07809607509624072,0.8830140526222152,5.0,1.0,23.0,305.223305059767,297.15,-8.073305059766994,311.45,289.95,0.2,280.0,-0.13107913460225973,-7.904365227735795,0.7746771778559302,-0.6671357700276843,6.0,0.0,19.0,306.7974180005833,306.78749999999997,-0.00991800058335457,310.34999999999997,290.04999999999995,4.55,169.5,0.3042448261553403,0.2107833115083224,-0.04055482526468287,0.7169941239953914,6.0,1.0,23.0,304.26598227131586,297.25,-7.015982271315863,310.34999999999997,290.04999999999995,2.3,300.0,-0.18288458603267088,-6.882014014816974,0.8200585755294583,-0.8220685372400567,,,,,,,,,,,,,,
291,0.0,0.0,17.0,299.698333456103,299.69666666666666,-0.001666789436342242,302.54999999999995,299.69666666666666,2.2733333333333334,290.0,0.18429808407543646,0.1555932310373862,0.08626017505083894,0.3426114918585057,0.0,1.0,23.0,297.90842898942105,295.84999999999997,-2.0584289894210883,302.54999999999995,299.69666666666666,1.3,180.0,-0.10964778559367971,-1.9743901147981688,0.39943862195482893,-0.2756201230683928,,,,,,,,,,,,,,,,,,,,,,,,,,,,,,,,,,,,,,,,,,,,,,,,,,,,,,,,,,,,,,,,,,,,,,,,,,,,,,,,,,,,,,,,,,,,,,,,,,,,,,,,,,,,,,,,,,,,,,,,,,,,,,,,,,,,,,,,,,,,,,,,,,,,,,,,,,,,,,,,,,,,,,,,
292,0.0,0.0,18.0,300.79758545125924,300.78666666666663,-0.010918784592604425,302.54999999999995,296.15,4.476666666666667,159.83333333333334,0.2741289899669397,0.15590436844162525,0.05755350818382491,0.3526573758586409,0.0,1.0,23.0,298.7307186524612,293.65,-5.080718652461201,302.54999999999995,296.15,6.3,350.0,-0.34606471428517693,-4.975599768482212,0.5195719483757083,-0.25581761227643085,1.0,0.0,19.0,299.2513353060981,299.23499999999996,-0.016335306098142155,303.15,289.84999999999997,1.6700000000000002,336.5,0.08371197934131658,0.12838144783501093,-0.027826629495308453,0.5347617606748969,1.0,1.0,23.0,297.5787512187724,293.65,-3.9287512187724474,303.15,289.84999999999997,0.2,10.0,-0.3440592172194954,-3.839887508639663,0.4595388503001014,-0.21761114271696158,2.0,0.0,18.0,301.00118018236003,300.98999999999995,-0.011180182360078561,305.25,292.15,4.7,32.0,0.1465574967238581,0.1734209821906063,0.02763557380000729,0.5553731274685134,2.0,1.0,23.0,299.4374750419893,295.15,-4.287475041989296,305.25,292.15,9.0,10.0,-0.29621188667077547,-4.1593839544421485,0.44112200802640683,-0.058374874617456385,3.0,0.0,19.0,298.8383213094781,298.8358333333333,-0.0024879761447778037,301.45,289.25,7.406666666666666,360.0,0.0599989551993616,0.12961252015338687,0.029246937103034536,0.4041715253566167,3.0,1.0,23.0,297.55956500276625,295.25,-2.3095650027662487,301.45,289.25,5.0,350.0,-0.30321770581313956,-2.222725785270228,0.3400394385889456,-0.021461525471238474,4.0,0.0,18.0,300.8633831307974,300.85416666666663,-0.00921646413075905,304.25,291.04999999999995,2.2775000000000003,295.1666666666667,0.23802880056841502,0.17137388416171007,-0.031020268812151624,0.5797366177542074,4.0,1.0,23.0,298.3578996326516,292.34999999999997,-6.007899632651629,304.25,291.04999999999995,4.1,300.0,-0.40817072278446176,-5.905218581847365,0.6598752386932366,-0.4790335954057241,5.0,0.0,18.0,301.04864646836523,301.0208333333333,-0.027813135031919956,305.95,287.75,1.5,184.58333333333334,0.2055209627436767,0.1672475543421399,-0.09557928041212449,0.7619474782487146,5.0,1.0,23.0,298.3407778607815,289.75,-8.590777860781486,305.95,287.75,1.5,340.0,-0.4357007001235189,-8.482913285108864,0.7324368142132253,-0.5873139345470975,6.0,0.0,19.0,300.93835143703427,300.90999999999997,-0.028351437034302762,306.95,285.15,1.4733333333333334,200.66666666666666,0.1767056439315411,0.17482901876630308,-0.1158118231079565,0.843698373658242,6.0,1.0,23.0,298.5531502481839,288.75,-9.803150248183897,306.95,285.15,0.2,330.0,-0.41269489811563176,-9.679194479885055,0.7046079836864957,-0.5186908250383198
293,0.0,0.0,19.0,301.64530391617365,301.6375,-0.007803916173656944,303.65,297.15,3.7624999999999997,337.5,0.034753436115153136,0.13053421941883414,0.10173741889416969,0.35924854426744446,0.0,1.0,23.0,300.2254091229048,295.84999999999997,-4.375409122904841,303.65,297.15,3.5,120.0,-0.24256109126481817,-4.291257276556905,0.43389880238505896,-0.2409159931028455,2.0,0.0,18.0,298.8132257827888,298.81,-0.0032257827887747226,301.45,291.04999999999995,7.385,297.1666666666667,0.2772982597404905,0.12177509003667808,-0.021762378610067874,0.2987440912764754,2.0,1.0,23.0,297.3356455897203,295.25,-2.0856455897202864,301.45,291.04999999999995,4.4,320.0,-0.21573705473524285,-2.028089819316108,0.3018306544835288,-0.11054434704769278,3.0,0.0,20.0,302.6554278004282,302.645,-0.010427800428203682,306.15,290.45,2.9683333333333333,138.16666666666666,0.05512335866042406,0.1798024861187173,0.09974485154398849,0.5558604925266337,3.0,1.0,23.0,301.755679740128,299.15,-2.605679740128039,306.15,290.45,5.0,320.0,-0.1299909309436913,-2.4602690048091915,0.37077533550619063,0.04949707054095143,4.0,0.0,18.0,305.5887701582591,305.58416666666665,-0.004603491592433784,309.75,292.84999999999997,6.791666666666667,311.75,0.35948134563759027,0.22186734486928117,0.054922381710303135,0.528460890585805,4.0,1.0,23.0,303.1999176928344,298.04999999999995,-5.1499176928344355,309.75,292.84999999999997,5.3,320.0,-0.21526347228335396,-5.020959607733019,0.5632244500780293,-0.28573463849545533,5.0,0.0,18.0,302.64105924973126,302.62916666666666,-0.01189258306459351,305.34999999999997,290.04999999999995,7.720833333333333,314.5833333333333,0.26926297022056644,0.13900845412528895,-0.011767498203094343,0.3997218656667769,5.0,1.0,23.0,300.6194034363304,295.95,-4.669403436330413,305.34999999999997,290.04999999999995,7.0,320.0,-0.2673031089426985,-4.595846493998451,0.49376390686190064,-0.3642811219655897,6.0,0.0,18.0,301.57198275633544,301.56666666666666,-0.0053160896687813874,303.75,289.95,8.783333333333333,330.0,0.33971563509788893,0.13223794480805395,-0.02084228746937337,0.30415987803489486,6.0,1.0,23.0,298.826914991253,291.95,-6.876914991252988,303.75,289.95,6.8,310.0,-0.3565483577200723,-6.839725807273496,0.6061594734966936,-0.6567961659572603,,,,,,,,,,,,,,,,,,,,,,,,,,,,
294,0.0,0.0,19.0,306.5034572716938,306.50333333333333,-0.00012393836044566342,309.84999999999997,302.15,4.1,300.0,0.32011087822465356,0.25393402183169655,-0.027326824135812444,0.8180225041139408,0.0,1.0,23.0,305.0297097850598,301.95,-3.0797097850598334,309.84999999999997,302.15,4.5,320.0,0.04578200074729466,-2.884880071464565,0.5483408992147835,-0.22319335320021594,1.0,0.0,19.0,307.45730795741395,307.44666666666666,-0.010641290747287258,311.34999999999997,293.34999999999997,4.8149999999999995,300.0,0.29620504931166636,0.23197393444219472,0.029220179276961744,0.6860089407401802,1.0,1.0,23.0,305.5637724568164,300.15,-5.413772456816446,311.34999999999997,293.34999999999997,4.6,320.0,-0.021118555066081512,-5.234283746901994,0.7120802294575365,-0.5847498288760278,2.0,0.0,18.0,303.13318799606446,303.13,-0.0031879960644687344,304.84999999999997,293.84999999999997,4.675,320.5,0.20765096079907153,0.12534988577226613,-0.04727123574629862,0.4274258264650399,2.0,1.0,23.0,301.3207260771936,295.15,-6.170726077193649,304.84999999999997,293.84999999999997,4.8,300.0,-0.12662334121202434,-6.0919454118971,0.5918596700400561,-0.7327272313406752,3.0,0.0,19.0,297.8477077472343,297.83,-0.017707747234339877,299.25,286.65,2.7933333333333334,320.0,0.11424499515895548,0.03527232902925448,-0.1357444466889509,0.33793898429092906,5.0,0.0,20.0,297.887879190125,297.8833333333333,-0.004545856791651204,300.84999999999997,286.45,4.833333333333333,310.0,0.1437445442650187,0.12398744179354537,-0.04961073516839557,0.4640135218041337,5.0,1.0,23.0,297.2817003925747,295.25,-2.0317003925746917,300.84999999999997,286.45,3.7,310.0,-0.008394426470744065,-1.9348500108661426,0.2691120498508847,-0.10381658924097792,6.0,0.0,20.0,301.43083235773287,301.41666666666663,-0.014165691066239106,304.84999999999997,288.84999999999997,5.3,300.0,0.2280860519692567,0.17979042225275066,-0.033955243667752676,0.6300310366070505,6.0,1.0,23.0,300.46373116388696,297.45,-3.0137311638869733,304.84999999999997,288.84999999999997,5.1,310.0,0.019045973229751212,-2.865276056034844,0.41200152334988616,-0.17264905146983267,,,,,,,,,,,,,,,,,,,,,,,,,,,,,,,,,,,,,,,,,,
295,0.0,0.0,17.0,309.32754417556,309.3233333333333,-0.0042108422266551315,310.84999999999997,305.45,7.831666666666666,330.0,0.6466826224399824,0.12738079779049372,-0.07441013235243095,0.21644328141732672,0.0,1.0,23.0,306.9806393913676,300.34999999999997,-6.630639391367652,310.84999999999997,305.45,2.2,140.0,-0.501157019093327,-6.47955650952143,0.6612156343936183,-0.5295008053642078,2.0,0.0,18.0,310.0323830317335,310.02,-0.012383031733520511,313.04999999999995,297.54999999999995,9.3375,327.75,0.4828323251921063,0.14714962907063978,-0.08469727471971567,0.4376059361872251,2.0,1.0,23.0,307.87254452173073,302.84999999999997,-5.022544521730765,313.04999999999995,297.54999999999995,3.0,140.0,-0.4392929874132392,-4.859212546844432,0.6045924217298572,-0.3664529839270614,3.0,0.0,19.0,310.3603288191724,310.3483333333333,-0.011995485839122466,314.15,297.04999999999995,8.046666666666667,320.0,0.1930971096056311,0.17740469841598383,-0.010580844803527611,0.5923039558966252,3.0,1.0,23.0,308.8286569888657,304.04999999999995,-4.778656988865748,314.15,297.04999999999995,5.3,320.0,-0.378123364098812,-4.592716798570521,0.5126700558349929,-0.1280726380561532,4.0,0.0,19.0,309.66044152184054,309.6425,-0.017941521840555197,312.95,295.65,8.6175,327.25,0.1788294310507581,0.14724362978905958,-0.06820101699225727,0.6243723882079308,4.0,1.0,23.0,307.9389075365684,302.45,-5.488907536568433,312.95,295.65,3.0,270.0,-0.42817419714910443,-5.316071951943215,0.5747430298971304,-0.3021323810152694,5.0,0.0,18.0,309.26518401048395,309.265,-0.00018401048396299302,312.54999999999995,294.95,6.25,321.75,0.2913172032387621,0.16204877435193055,-0.07499492528548046,0.5317420990426456,5.0,1.0,23.0,307.223217040811,301.25,-5.973217040810994,312.54999999999995,294.95,3.2,310.0,-0.47107210798091614,-5.807229843596019,0.6377840444707535,-0.43827224147457855,6.0,0.0,19.0,309.33734969562886,309.32,-0.017349695628865902,313.65,293.45,6.88,319.0,0.2601150765297007,0.1605575809162616,-0.059162980309939904,0.578832739302868,6.0,1.0,23.0,307.65501208289885,303.54999999999995,-4.105012082898895,313.65,293.45,5.5,320.0,-0.39858806999760077,-3.931587890130018,0.5442792483042259,-0.22343633220449988,,,,,,,,,,,,,,,,,,,,,,,,,,,,
296,2.0,0.0,18.0,302.185530130973,302.17999999999995,-0.005530130973056657,309.45,288.45,1.2566666666666668,310.0,0.2871225882106785,0.21379211532800468,0.03578255440956942,0.5668010987553629,2.0,1.0,23.0,299.6877079791491,294.65,-5.037707979149104,309.45,288.45,0.0,80.0,-0.1046590594972372,-4.924475938047863,0.5876097667332564,-0.5180429740828743,3.0,0.0,18.0,302.33123653235737,302.32,-0.011236532357372653,305.95,290.65,0.585,290.0,0.20879166467099708,0.1718800532136413,0.06563190909685564,0.45928268312566445,3.0,1.0,23.0,299.8805897762089,294.84999999999997,-5.030589776208956,305.95,290.65,0.0,290.0,-0.1382289682976392,-4.937534641810913,0.6163375781195933,-0.6250277803160174,4.0,0.0,18.0,301.7971953636964,301.78249999999997,-0.01469536369643265,306.95,290.04999999999995,1.6441666666666668,260.3333333333333,0.19763943763260272,0.1555049716391892,-0.03549383574637469,0.5696490840457926,4.0,1.0,23.0,299.58336898804725,294.75,-4.833368988047255,306.95,290.04999999999995,0.0,280.0,-0.1353817191589286,-4.746954698475321,0.5702491121556269,-0.5774856097102514,5.0,0.0,18.0,304.73479109497674,304.7233333333333,-0.0114577616434417,310.25,290.65,0.3141666666666667,210.0,0.2510228001695225,0.21909141966786194,-0.03603905942688357,0.7838954246616368,5.0,1.0,23.0,302.3396432206281,297.15,-5.189643220628113,310.25,290.65,0.0,170.0,-0.08914312390271562,-5.052114047132946,0.6455312209753808,-0.5334432220651166,6.0,0.0,23.0,297.563813331357,294.75,-2.8138133313569824,300.34999999999997,294.75,0.0,210.0,-0.16935126246708876,-2.8029610994207843,0.3755059247571779,-0.49102197150870097,,,,,,,,,,,,,,,,,,,,,,,,,,,,,,,,,,,,,,,,,,,,,,,,,,,,,,,,,,,,,,,,,,,,,,
297,6.0,0.0,23.0,297.8142478631644,293.15,-4.664247863164405,304.54999999999995,289.95,2.2,180.0,-0.3193874998416959,-4.562644783611219,0.4135161846309501,-0.04872643753327566,,,,,,,,,,,,,,,,,,,,,,,,,,,,,,,,,,,,,,,,,,,,,,,,,,,,,,,,,,,,,,,,,,,,,,,,,,,,,,,,,,,,,,,,,,,,,,,,,,,,,,,,,,,,,,,,,,,,,,,,,,,,,,,,,,,,,,,,,,,,,,,,,,,,,,,,,,,,,,,,,,,,,,,,,,,,,,,,,,,,,,
298,0.0,0.0,17.0,305.96478568316996,305.9583333333333,-0.006452349836649773,308.15,300.65,6.0,260.0,0.6469387423507555,0.16142719633798208,-0.05808130384843935,0.27608471145829583,0.0,1.0,23.0,303.32751922995953,297.45,-5.877519229959546,308.15,300.65,1.3,270.0,-0.13385078638449954,-5.778345155337348,0.6245330974975142,-0.6066300099573994,1.0,0.0,17.0,305.99408970275755,305.99249999999995,-0.0015897027575988432,309.75,292.65,6.33,270.0,0.6720350156621464,0.16630013463024795,-0.15507585178351727,0.3979263519353964,1.0,1.0,23.0,303.59796542831657,298.65,-4.947965428316593,309.75,292.65,1.5,280.0,-0.11909297097261629,-4.8455934639648035,0.5884674650476711,-0.534347490866935,2.0,0.0,17.0,306.6114248983797,306.6033333333333,-0.008091565046413507,310.34999999999997,294.34999999999997,6.02,270.0,0.6571820598153266,0.16748973178800952,-0.1567189250832494,0.44291142450222765,2.0,1.0,23.0,303.7677056981697,298.04999999999995,-5.717705698169766,310.34999999999997,294.34999999999997,2.1,260.0,-0.14081236434279276,-5.6204500252065515,0.654624180864919,-0.657332148728301,3.0,0.0,23.0,302.3919506721869,296.34999999999997,-6.0419506721869425,308.04999999999995,294.54999999999995,1.6,290.0,-0.17448308400676638,-5.976581414077842,0.6350799045271364,-0.7271524988886142,4.0,0.0,17.0,304.07082864868715,304.06916666666666,-0.0016619820204937241,305.95,292.75,5.970833333333333,270.0,0.6143933566901723,0.12327812934091753,-0.14772311309197525,0.2598450484223491,4.0,1.0,23.0,301.66519324421574,296.34999999999997,-5.315193244215777,305.95,292.75,0.0,260.0,-0.16381707473419738,-5.25041277017111,0.5715340384696314,-0.6322245067636629,5.0,0.0,18.0,304.2868252576525,304.28166666666664,-0.005158590985843148,306.95,291.54999999999995,4.383333333333334,281.1666666666667,0.47585232340826167,0.14101018049417746,-0.041499697090249775,0.2801881444717935,5.0,1.0,23.0,301.4761741588304,295.25,-6.226174158830418,306.95,291.54999999999995,1.3,280.0,-0.18776009570983376,-6.1594933950283774,0.6747690507417398,-0.7874149199750775,6.0,0.0,18.0,303.4466636376974,303.445,-0.0016636376973906408,305.95,290.34999999999997,3.7525,269.4166666666667,0.5026393736329453,0.13964198464663014,-0.12186529481927266,0.36054407671579725,6.0,1.0,23.0,300.8787484189588,294.65,-6.228748418958844,305.95,290.34999999999997,1.6,290.0,-0.17545970511999087,-6.162386116501182,0.6238027598692545,-0.714139877183058,,,,,,,,,,,,,,
299,,,,,,,,,,,,,,,,,,,,,,,,,,,,,,,,,,,,,,,,,,,,,,,,,,,,,,,,,,,,,,,,,,,,,,,,,,,,,,,,,,,,,,,,,,,,,,,,,,,,,,,,,,,,,,,,,,,,,,,,,,,,,,,,,,,,,,,,,,,,,,,,,,,,,,,,,,,,,,,,,,,,,,,,,,,,,,,,,,,,,,,,,,,,,,,,,,,,
